Record_ID,Year,Month,village_name,problem_type,severity,affected_families,ngo_name,ngo_work
F9_REC00000,2019,Sep,"Nagpur, Maharashtra",Malaria Outbreak,High,112,WHO India,"Disease monitoring, TB/malaria control, epidemiology, health system strengthening"
F9_REC00001,2021,Apr,"Mumbai, Maharashtra",Malaria Outbreak | Dengue Outbreak | Low Immunization | Low ANC Coverage,High,200,CARE India,"Maternal & child health, nutrition, immunization, emergency response"
F9_REC00002,2018,May,"Bengaluru, Karnataka",Malaria Outbreak | Dengue Outbreak,Medium,182,HMIS,"Health data reporting, facility monitoring, program evaluation"
F9_REC00003,2017,May,"Hubli, Karnataka",Malaria Outbreak | Dengue Outbreak,Low,170,CARE India,"Maternal & child health, nutrition, immunization, emergency response"
F9_REC00004,2019,Apr,"Bengaluru, Karnataka",Dengue Outbreak | TB Burden | Low Institutional Deliveries,Medium,123,NHM,"Primary healthcare delivery, ASHA worker deployment, institutional delivery"
F9_REC00005,2018,Apr,"Muzaffarpur, Bihar",Malaria Outbreak,High,54,Smile Foundation,"Primary healthcare, mobile health units, community outreach, mother-child welfare"
F9_REC00006,2018,May,"Patna, Bihar",Dengue Outbreak | TB Burden,Low,154,UNICEF India,"Child immunization, ANC support, nutrition, disease surveillance"
F9_REC00007,2017,May,"Mumbai, Maharashtra",Malaria Outbreak | Dengue Outbreak | TB Burden | ASHA Worker Shortage,Low,208,WHO India,"Disease monitoring, TB/malaria control, epidemiology, health system strengthening"
F9_REC00008,2018,Jan,"Surat, Gujarat",General Health Monitoring,Medium,68,Doctors For You,"Emergency medical relief, rural health camps, TB & dengue response"
F9_REC00009,2017,Mar,"Coimbatore, Tamil Nadu",Malaria Outbreak | TB Burden,Low,176,Smile Foundation,"Primary healthcare, mobile health units, community outreach, mother-child welfare"
F9_REC00010,2020,Aug,"Patna, Bihar",Dengue Outbreak | TB Burden,Medium,117,CARE India,"Maternal & child health, nutrition, immunization, emergency response"
F9_REC00011,2017,Jun,"Madurai, Tamil Nadu",TB Burden,Medium,85,NHM,"Primary healthcare delivery, ASHA worker deployment, institutional delivery"
F9_REC00012,2019,Jan,"Muzaffarpur, Bihar",Malaria Outbreak | TB Burden,Medium,184,Smile Foundation,"Primary healthcare, mobile health units, community outreach, mother-child welfare"
F9_REC00013,2018,Jul,"Hubli, Karnataka",TB Burden,Medium,98,UNICEF India,"Child immunization, ANC support, nutrition, disease surveillance"
F9_REC00014,2020,Feb,"Kolkata, West Bengal",Malaria Outbreak | Dengue Outbreak | Low ANC Coverage,Low,157,UNICEF India,"Child immunization, ANC support, nutrition, disease surveillance"
F9_REC00015,2019,Sep,"Howrah, West Bengal",Malaria Outbreak | Low ANC Coverage,High,95,NFHS,"Health data collection, fertility & mortality tracking, policy research"
F9_REC00016,2017,Aug,"Varanasi, Uttar Pradesh",Malaria Outbreak | Dengue Outbreak | Low ANC Coverage | ASHA Worker Shortage,High,160,HMIS,"Health data reporting, facility monitoring, program evaluation"
F9_REC00017,2019,Sep,"Patna, Bihar",Malaria Outbreak | Dengue Outbreak | TB Burden | Low Immunization,Low,182,NHM,"Primary healthcare delivery, ASHA worker deployment, institutional delivery"
F9_REC00018,2020,Aug,"Muzaffarpur, Bihar",General Health Monitoring,High,52,CARE India,"Maternal & child health, nutrition, immunization, emergency response"
F9_REC00019,2017,Jun,"Patna, Bihar",TB Burden | Low Institutional Deliveries,Medium,114,WHO India,"Disease monitoring, TB/malaria control, epidemiology, health system strengthening"
F9_REC00020,2021,Jan,"Pune, Maharashtra",Dengue Outbreak,Low,122,Smile Foundation,"Primary healthcare, mobile health units, community outreach, mother-child welfare"
F9_REC00021,2018,Sep,"Siliguri, West Bengal",Dengue Outbreak,High,101,UNICEF India,"Child immunization, ANC support, nutrition, disease surveillance"
F9_REC00022,2021,Feb,"Siliguri, West Bengal",Malaria Outbreak | TB Burden | ASHA Worker Shortage,Medium,165,NHM,"Primary healthcare delivery, ASHA worker deployment, institutional delivery"
F9_REC00023,2019,Jan,"Hubli, Karnataka",TB Burden,High,102,HMIS,"Health data reporting, facility monitoring, program evaluation"
F9_REC00024,2019,Mar,"Lucknow, Uttar Pradesh",Malaria Outbreak | Dengue Outbreak,High,150,NHM,"Primary healthcare delivery, ASHA worker deployment, institutional delivery"
F9_REC00025,2021,Sep,"Hubli, Karnataka",Dengue Outbreak | TB Burden,Low,136,WHO India,"Disease monitoring, TB/malaria control, epidemiology, health system strengthening"
F9_REC00026,2018,Apr,"Patna, Bihar",Malaria Outbreak | TB Burden | ASHA Worker Shortage,Medium,146,NFHS,"Health data collection, fertility & mortality tracking, policy research"
F9_REC00027,2021,Sep,"Patna, Bihar",Dengue Outbreak | TB Burden | Low ANC Coverage,Low,166,WHO India,"Disease monitoring, TB/malaria control, epidemiology, health system strengthening"
F9_REC00028,2019,Feb,"Madurai, Tamil Nadu",Malaria Outbreak | Low ANC Coverage,High,85,WHO India,"Disease monitoring, TB/malaria control, epidemiology, health system strengthening"
F9_REC00029,2021,Mar,"Vadodara, Gujarat",Low ANC Coverage,Medium,59,NHM,"Primary healthcare delivery, ASHA worker deployment, institutional delivery"
F9_REC00030,2017,Aug,"Mumbai, Maharashtra",Dengue Outbreak | TB Burden | Low ANC Coverage,High,116,NFHS,"Health data collection, fertility & mortality tracking, policy research"
F9_REC00031,2017,Apr,"Lucknow, Uttar Pradesh",Malaria Outbreak | ASHA Worker Shortage,Low,132,Doctors For You,"Emergency medical relief, rural health camps, TB & dengue response"
F9_REC00032,2020,Sep,"Gaya, Bihar",Malaria Outbreak,High,157,Doctors For You,"Emergency medical relief, rural health camps, TB & dengue response"
F9_REC00033,2020,Jun,"Gaya, Bihar",Dengue Outbreak | TB Burden | Low Immunization,Medium,128,Doctors For You,"Emergency medical relief, rural health camps, TB & dengue response"
F9_REC00034,2018,May,"Mysuru, Karnataka",Malaria Outbreak | Low ANC Coverage | Low Institutional Deliveries,High,106,NFHS,"Health data collection, fertility & mortality tracking, policy research"
F9_REC00035,2017,Apr,"Pune, Maharashtra",Dengue Outbreak | TB Burden,Medium,143,CARE India,"Maternal & child health, nutrition, immunization, emergency response"
F9_REC00036,2017,Sep,"Hubli, Karnataka",Malaria Outbreak | Dengue Outbreak,High,181,WHO India,"Disease monitoring, TB/malaria control, epidemiology, health system strengthening"
F9_REC00037,2020,Jun,"Vadodara, Gujarat",Malaria Outbreak | Dengue Outbreak,Low,207,NFHS,"Health data collection, fertility & mortality tracking, policy research"
F9_REC00038,2017,Aug,"Kolkata, West Bengal",Malaria Outbreak | TB Burden | Low ANC Coverage | ASHA Worker Shortage,Low,139,NHM,"Primary healthcare delivery, ASHA worker deployment, institutional delivery"
F9_REC00039,2017,Apr,"Madurai, Tamil Nadu",Malaria Outbreak | Dengue Outbreak | TB Burden,Low,156,Doctors For You,"Emergency medical relief, rural health camps, TB & dengue response"
F9_REC00040,2020,Jul,"Mysuru, Karnataka",General Health Monitoring,High,79,CARE India,"Maternal & child health, nutrition, immunization, emergency response"
F9_REC00041,2017,Mar,"Madurai, Tamil Nadu",Malaria Outbreak | Dengue Outbreak | TB Burden,High,155,Smile Foundation,"Primary healthcare, mobile health units, community outreach, mother-child welfare"
F9_REC00042,2021,Apr,"Mysuru, Karnataka",Malaria Outbreak | ASHA Worker Shortage,Low,113,Doctors For You,"Emergency medical relief, rural health camps, TB & dengue response"
F9_REC00043,2020,Apr,"Surat, Gujarat",Malaria Outbreak,Medium,86,Smile Foundation,"Primary healthcare, mobile health units, community outreach, mother-child welfare"
F9_REC00044,2021,Apr,"Nagpur, Maharashtra",Malaria Outbreak | TB Burden | ASHA Worker Shortage,Low,155,HMIS,"Health data reporting, facility monitoring, program evaluation"
F9_REC00045,2018,May,"Agra, Uttar Pradesh",Malaria Outbreak | Dengue Outbreak | TB Burden | Low Immunization,Low,191,Smile Foundation,"Primary healthcare, mobile health units, community outreach, mother-child welfare"
F9_REC00046,2019,Feb,"Patna, Bihar",Dengue Outbreak,Medium,125,NFHS,"Health data collection, fertility & mortality tracking, policy research"
F9_REC00047,2019,Apr,"Chennai, Tamil Nadu",Malaria Outbreak | Dengue Outbreak,Medium,161,CARE India,"Maternal & child health, nutrition, immunization, emergency response"
F9_REC00048,2017,Apr,"Howrah, West Bengal",Low Institutional Deliveries,Low,47,CARE India,"Maternal & child health, nutrition, immunization, emergency response"
F9_REC00049,2018,May,"Surat, Gujarat",Malaria Outbreak | Low ANC Coverage,Low,150,CARE India,"Maternal & child health, nutrition, immunization, emergency response"
F9_REC00050,2018,Sep,"Ahmedabad, Gujarat",Malaria Outbreak,High,104,Doctors For You,"Emergency medical relief, rural health camps, TB & dengue response"
F9_REC00051,2017,May,"Mysuru, Karnataka",Malaria Outbreak | Dengue Outbreak,High,200,Doctors For You,"Emergency medical relief, rural health camps, TB & dengue response"
F9_REC00052,2021,Mar,"Surat, Gujarat",General Health Monitoring,Low,71,NFHS,"Health data collection, fertility & mortality tracking, policy research"
F9_REC00053,2017,Jan,"Bengaluru, Karnataka",Malaria Outbreak | Dengue Outbreak | TB Burden | Low ANC Coverage | ASHA Worker Shortage,High,208,NHM,"Primary healthcare delivery, ASHA worker deployment, institutional delivery"
F9_REC00054,2018,Jul,"Vadodara, Gujarat",General Health Monitoring,High,71,NHM,"Primary healthcare delivery, ASHA worker deployment, institutional delivery"
F9_REC00055,2020,Jun,"Patna, Bihar",Malaria Outbreak | Dengue Outbreak,High,146,Smile Foundation,"Primary healthcare, mobile health units, community outreach, mother-child welfare"
F9_REC00056,2017,Jan,"Siliguri, West Bengal",TB Burden | Low Institutional Deliveries,Medium,104,HMIS,"Health data reporting, facility monitoring, program evaluation"
F9_REC00057,2018,Sep,"Surat, Gujarat",Malaria Outbreak,Medium,86,CARE India,"Maternal & child health, nutrition, immunization, emergency response"
F9_REC00058,2019,Jan,"Muzaffarpur, Bihar",Malaria Outbreak | Dengue Outbreak | TB Burden,High,172,WHO India,"Disease monitoring, TB/malaria control, epidemiology, health system strengthening"
F9_REC00059,2018,Mar,"Vadodara, Gujarat",Dengue Outbreak | ASHA Worker Shortage,High,78,NFHS,"Health data collection, fertility & mortality tracking, policy research"
F9_REC00060,2021,Feb,"Muzaffarpur, Bihar",Dengue Outbreak | TB Burden,High,113,WHO India,"Disease monitoring, TB/malaria control, epidemiology, health system strengthening"
F9_REC00061,2019,Jun,"Hubli, Karnataka",Dengue Outbreak | ASHA Worker Shortage,Low,140,CARE India,"Maternal & child health, nutrition, immunization, emergency response"
F9_REC00062,2017,Jul,"Howrah, West Bengal",Malaria Outbreak | Dengue Outbreak | TB Burden | Low Institutional Deliveries,High,218,NFHS,"Health data collection, fertility & mortality tracking, policy research"
F9_REC00063,2021,Apr,"Gaya, Bihar",Malaria Outbreak,Medium,111,HMIS,"Health data reporting, facility monitoring, program evaluation"
F9_REC00064,2017,Sep,"Bengaluru, Karnataka",Malaria Outbreak | ASHA Worker Shortage,Low,128,NHM,"Primary healthcare delivery, ASHA worker deployment, institutional delivery"
F9_REC00065,2021,Aug,"Muzaffarpur, Bihar",Malaria Outbreak | Dengue Outbreak | Low Immunization | Low Institutional Deliveries,Medium,168,WHO India,"Disease monitoring, TB/malaria control, epidemiology, health system strengthening"
F9_REC00066,2021,Feb,"Ahmedabad, Gujarat",Malaria Outbreak | TB Burden | ASHA Worker Shortage,Low,166,WHO India,"Disease monitoring, TB/malaria control, epidemiology, health system strengthening"
F9_REC00067,2019,Aug,"Vadodara, Gujarat",Malaria Outbreak | Dengue Outbreak | TB Burden,High,198,HMIS,"Health data reporting, facility monitoring, program evaluation"
F9_REC00068,2021,Feb,"Pune, Maharashtra",Malaria Outbreak | Dengue Outbreak | TB Burden,Medium,217,NFHS,"Health data collection, fertility & mortality tracking, policy research"
F9_REC00069,2021,Jan,"Gaya, Bihar",Malaria Outbreak | Dengue Outbreak | TB Burden | ASHA Worker Shortage,Low,182,CARE India,"Maternal & child health, nutrition, immunization, emergency response"
F9_REC00070,2019,Jun,"Siliguri, West Bengal",TB Burden | Low Institutional Deliveries,Medium,92,CARE India,"Maternal & child health, nutrition, immunization, emergency response"
F9_REC00071,2021,Apr,"Howrah, West Bengal",Malaria Outbreak | Dengue Outbreak | TB Burden,Medium,224,Smile Foundation,"Primary healthcare, mobile health units, community outreach, mother-child welfare"
F9_REC00072,2018,May,"Vadodara, Gujarat",Low ANC Coverage,Medium,47,WHO India,"Disease monitoring, TB/malaria control, epidemiology, health system strengthening"
F9_REC00073,2021,Aug,"Kolkata, West Bengal",Malaria Outbreak | Low Institutional Deliveries,High,80,NFHS,"Health data collection, fertility & mortality tracking, policy research"
F9_REC00074,2021,Aug,"Patna, Bihar",Malaria Outbreak | Dengue Outbreak | ASHA Worker Shortage,High,189,CARE India,"Maternal & child health, nutrition, immunization, emergency response"
F9_REC00075,2019,Mar,"Mysuru, Karnataka",Dengue Outbreak | TB Burden,Low,93,Smile Foundation,"Primary healthcare, mobile health units, community outreach, mother-child welfare"
F9_REC00076,2018,May,"Howrah, West Bengal",Dengue Outbreak | TB Burden | ASHA Worker Shortage,Medium,123,CARE India,"Maternal & child health, nutrition, immunization, emergency response"
F9_REC00077,2019,Mar,"Muzaffarpur, Bihar",Malaria Outbreak | Dengue Outbreak | TB Burden,Low,246,NHM,"Primary healthcare delivery, ASHA worker deployment, institutional delivery"
F9_REC00078,2019,Jun,"Pune, Maharashtra",Malaria Outbreak | Dengue Outbreak | TB Burden | Low Immunization,Low,208,UNICEF India,"Child immunization, ANC support, nutrition, disease surveillance"
F9_REC00079,2018,May,"Surat, Gujarat",Malaria Outbreak | Dengue Outbreak,Medium,120,WHO India,"Disease monitoring, TB/malaria control, epidemiology, health system strengthening"
F9_REC00080,2020,Jan,"Muzaffarpur, Bihar",Dengue Outbreak | TB Burden,High,147,NHM,"Primary healthcare delivery, ASHA worker deployment, institutional delivery"
F9_REC00081,2020,Sep,"Coimbatore, Tamil Nadu",Malaria Outbreak | Dengue Outbreak,Low,190,Doctors For You,"Emergency medical relief, rural health camps, TB & dengue response"
F9_REC00082,2021,Jun,"Patna, Bihar",TB Burden,Low,116,CARE India,"Maternal & child health, nutrition, immunization, emergency response"
F9_REC00083,2017,Aug,"Patna, Bihar",General Health Monitoring,High,53,NFHS,"Health data collection, fertility & mortality tracking, policy research"
F9_REC00084,2020,May,"Nagpur, Maharashtra",Dengue Outbreak | TB Burden | Low ANC Coverage | Low Institutional Deliveries,Low,144,Smile Foundation,"Primary healthcare, mobile health units, community outreach, mother-child welfare"
F9_REC00085,2017,Jun,"Hubli, Karnataka",Dengue Outbreak | Low Immunization | Low Institutional Deliveries,Low,121,CARE India,"Maternal & child health, nutrition, immunization, emergency response"
F9_REC00086,2021,Apr,"Mysuru, Karnataka",Malaria Outbreak | Dengue Outbreak | Low Institutional Deliveries,High,124,WHO India,"Disease monitoring, TB/malaria control, epidemiology, health system strengthening"
F9_REC00087,2019,Jun,"Lucknow, Uttar Pradesh",Low Immunization,Low,50,CARE India,"Maternal & child health, nutrition, immunization, emergency response"
F9_REC00088,2017,Jan,"Lucknow, Uttar Pradesh",Malaria Outbreak | Dengue Outbreak | TB Burden,Medium,184,NHM,"Primary healthcare delivery, ASHA worker deployment, institutional delivery"
F9_REC00089,2020,Apr,"Nagpur, Maharashtra",Malaria Outbreak | TB Burden,High,167,UNICEF India,"Child immunization, ANC support, nutrition, disease surveillance"
F9_REC00090,2020,Mar,"Gaya, Bihar",Malaria Outbreak | TB Burden | Low ANC Coverage | Low Institutional Deliveries,High,81,UNICEF India,"Child immunization, ANC support, nutrition, disease surveillance"
F9_REC00091,2019,Jun,"Mysuru, Karnataka",Malaria Outbreak | Dengue Outbreak | TB Burden,High,216,WHO India,"Disease monitoring, TB/malaria control, epidemiology, health system strengthening"
F9_REC00092,2017,Aug,"Mysuru, Karnataka",Dengue Outbreak | TB Burden | Low Institutional Deliveries,High,184,UNICEF India,"Child immunization, ANC support, nutrition, disease surveillance"
F9_REC00093,2017,Feb,"Madurai, Tamil Nadu",Malaria Outbreak | Dengue Outbreak | TB Burden,High,240,NHM,"Primary healthcare delivery, ASHA worker deployment, institutional delivery"
F9_REC00094,2020,Aug,"Kolkata, West Bengal",Malaria Outbreak | Dengue Outbreak | TB Burden,Medium,161,CARE India,"Maternal & child health, nutrition, immunization, emergency response"
F9_REC00095,2020,Mar,"Surat, Gujarat",Dengue Outbreak | ASHA Worker Shortage,Low,72,Smile Foundation,"Primary healthcare, mobile health units, community outreach, mother-child welfare"
F9_REC00096,2021,Feb,"Howrah, West Bengal",Dengue Outbreak | TB Burden | Low ANC Coverage,Low,97,WHO India,"Disease monitoring, TB/malaria control, epidemiology, health system strengthening"
F9_REC00097,2019,Sep,"Lucknow, Uttar Pradesh",Malaria Outbreak | Dengue Outbreak | Low Immunization | Low ANC Coverage,High,149,NFHS,"Health data collection, fertility & mortality tracking, policy research"
F9_REC00098,2021,Sep,"Nagpur, Maharashtra",Malaria Outbreak | TB Burden,High,119,Doctors For You,"Emergency medical relief, rural health camps, TB & dengue response"
F9_REC00099,2020,May,"Ahmedabad, Gujarat",Malaria Outbreak | Dengue Outbreak | TB Burden | ASHA Worker Shortage,High,187,UNICEF India,"Child immunization, ANC support, nutrition, disease surveillance"
F9_REC00100,2020,May,"Hubli, Karnataka",Low ANC Coverage,High,85,Smile Foundation,"Primary healthcare, mobile health units, community outreach, mother-child welfare"
F9_REC00101,2017,Sep,"Ahmedabad, Gujarat",Malaria Outbreak | TB Burden,Medium,179,WHO India,"Disease monitoring, TB/malaria control, epidemiology, health system strengthening"
F9_REC00102,2020,Jun,"Pune, Maharashtra",Malaria Outbreak,Low,124,HMIS,"Health data reporting, facility monitoring, program evaluation"
F9_REC00103,2021,Jun,"Agra, Uttar Pradesh",Dengue Outbreak | Low Institutional Deliveries | ASHA Worker Shortage,Low,97,UNICEF India,"Child immunization, ANC support, nutrition, disease surveillance"
F9_REC00104,2020,Sep,"Bengaluru, Karnataka",TB Burden,Medium,122,WHO India,"Disease monitoring, TB/malaria control, epidemiology, health system strengthening"
F9_REC00105,2017,May,"Pune, Maharashtra",Malaria Outbreak | TB Burden,Medium,196,NFHS,"Health data collection, fertility & mortality tracking, policy research"
F9_REC00106,2021,Mar,"Chennai, Tamil Nadu",Dengue Outbreak,High,100,HMIS,"Health data reporting, facility monitoring, program evaluation"
F9_REC00107,2020,Jun,"Pune, Maharashtra",Malaria Outbreak | Dengue Outbreak | TB Burden,Medium,158,NHM,"Primary healthcare delivery, ASHA worker deployment, institutional delivery"
F9_REC00108,2017,Apr,"Surat, Gujarat",Malaria Outbreak | Dengue Outbreak,Medium,162,UNICEF India,"Child immunization, ANC support, nutrition, disease surveillance"
F9_REC00109,2017,Jan,"Hubli, Karnataka",Malaria Outbreak,High,93,NHM,"Primary healthcare delivery, ASHA worker deployment, institutional delivery"
F9_REC00110,2021,May,"Ahmedabad, Gujarat",Malaria Outbreak | Dengue Outbreak | TB Burden,High,177,NHM,"Primary healthcare delivery, ASHA worker deployment, institutional delivery"
F9_REC00111,2018,Feb,"Vadodara, Gujarat",TB Burden | Low Immunization | ASHA Worker Shortage,Low,56,WHO India,"Disease monitoring, TB/malaria control, epidemiology, health system strengthening"
F9_REC00112,2019,Jul,"Gaya, Bihar",Malaria Outbreak,Low,138,Smile Foundation,"Primary healthcare, mobile health units, community outreach, mother-child welfare"
F9_REC00113,2017,Mar,"Hubli, Karnataka",Malaria Outbreak,Medium,123,CARE India,"Maternal & child health, nutrition, immunization, emergency response"
F9_REC00114,2021,Jul,"Hubli, Karnataka",TB Burden | ASHA Worker Shortage,High,96,Smile Foundation,"Primary healthcare, mobile health units, community outreach, mother-child welfare"
F9_REC00115,2017,Jan,"Hubli, Karnataka",Malaria Outbreak | Dengue Outbreak,Medium,149,WHO India,"Disease monitoring, TB/malaria control, epidemiology, health system strengthening"
F9_REC00116,2017,Mar,"Howrah, West Bengal",Dengue Outbreak,Low,111,UNICEF India,"Child immunization, ANC support, nutrition, disease surveillance"
F9_REC00117,2021,Jun,"Mysuru, Karnataka",Malaria Outbreak,High,96,Smile Foundation,"Primary healthcare, mobile health units, community outreach, mother-child welfare"
F9_REC00118,2021,May,"Pune, Maharashtra",Malaria Outbreak | Dengue Outbreak,High,164,Doctors For You,"Emergency medical relief, rural health camps, TB & dengue response"
F9_REC00119,2019,Jul,"Chennai, Tamil Nadu",Malaria Outbreak | TB Burden,High,120,WHO India,"Disease monitoring, TB/malaria control, epidemiology, health system strengthening"
F9_REC00120,2018,May,"Kolkata, West Bengal",TB Burden | Low ANC Coverage,High,119,Doctors For You,"Emergency medical relief, rural health camps, TB & dengue response"
F9_REC00121,2018,Aug,"Varanasi, Uttar Pradesh",Malaria Outbreak | Dengue Outbreak,Medium,192,CARE India,"Maternal & child health, nutrition, immunization, emergency response"
F9_REC00122,2021,Apr,"Howrah, West Bengal",Malaria Outbreak | Dengue Outbreak | TB Burden,Low,224,Doctors For You,"Emergency medical relief, rural health camps, TB & dengue response"
F9_REC00123,2018,Feb,"Howrah, West Bengal",Malaria Outbreak | Dengue Outbreak | ASHA Worker Shortage,Medium,127,UNICEF India,"Child immunization, ANC support, nutrition, disease surveillance"
F9_REC00124,2021,Feb,"Muzaffarpur, Bihar",TB Burden | Low Institutional Deliveries,Low,148,Doctors For You,"Emergency medical relief, rural health camps, TB & dengue response"
F9_REC00125,2018,Jun,"Muzaffarpur, Bihar",TB Burden,Medium,84,HMIS,"Health data reporting, facility monitoring, program evaluation"
F9_REC00126,2018,May,"Lucknow, Uttar Pradesh",Malaria Outbreak | Dengue Outbreak | TB Burden,Medium,222,NHM,"Primary healthcare delivery, ASHA worker deployment, institutional delivery"
F9_REC00127,2020,Jan,"Madurai, Tamil Nadu",Dengue Outbreak | TB Burden | Low ANC Coverage,Low,125,NHM,"Primary healthcare delivery, ASHA worker deployment, institutional delivery"
F9_REC00128,2019,Jul,"Bengaluru, Karnataka",General Health Monitoring,Medium,57,WHO India,"Disease monitoring, TB/malaria control, epidemiology, health system strengthening"
F9_REC00129,2017,Jun,"Siliguri, West Bengal",Low ANC Coverage,High,66,Smile Foundation,"Primary healthcare, mobile health units, community outreach, mother-child welfare"
F9_REC00130,2018,Jan,"Lucknow, Uttar Pradesh",Malaria Outbreak | Dengue Outbreak | Low ANC Coverage,Medium,192,HMIS,"Health data reporting, facility monitoring, program evaluation"
F9_REC00131,2021,Aug,"Vadodara, Gujarat",Malaria Outbreak | Dengue Outbreak | Low Institutional Deliveries,High,106,CARE India,"Maternal & child health, nutrition, immunization, emergency response"
F9_REC00132,2021,Sep,"Agra, Uttar Pradesh",TB Burden,High,121,NFHS,"Health data collection, fertility & mortality tracking, policy research"
F9_REC00133,2019,Jul,"Madurai, Tamil Nadu",General Health Monitoring,Medium,61,WHO India,"Disease monitoring, TB/malaria control, epidemiology, health system strengthening"
F9_REC00134,2017,Jun,"Agra, Uttar Pradesh",Malaria Outbreak | Low Institutional Deliveries,Medium,108,UNICEF India,"Child immunization, ANC support, nutrition, disease surveillance"
F9_REC00135,2019,May,"Howrah, West Bengal",Malaria Outbreak | Dengue Outbreak | TB Burden,Medium,198,HMIS,"Health data reporting, facility monitoring, program evaluation"
F9_REC00136,2021,Jan,"Muzaffarpur, Bihar",Malaria Outbreak | Low ANC Coverage,Low,107,WHO India,"Disease monitoring, TB/malaria control, epidemiology, health system strengthening"
F9_REC00137,2020,Mar,"Madurai, Tamil Nadu",Malaria Outbreak | Dengue Outbreak,Low,184,CARE India,"Maternal & child health, nutrition, immunization, emergency response"
F9_REC00138,2019,Jan,"Coimbatore, Tamil Nadu",Malaria Outbreak | TB Burden | Low Immunization,High,152,NFHS,"Health data collection, fertility & mortality tracking, policy research"
F9_REC00139,2021,Feb,"Kolkata, West Bengal",Malaria Outbreak | Dengue Outbreak | TB Burden,High,192,Doctors For You,"Emergency medical relief, rural health camps, TB & dengue response"
F9_REC00140,2019,Mar,"Coimbatore, Tamil Nadu",Dengue Outbreak | TB Burden | Low Immunization | Low ANC Coverage | ASHA Worker Shortage,Low,128,WHO India,"Disease monitoring, TB/malaria control, epidemiology, health system strengthening"
F9_REC00141,2018,Jan,"Nagpur, Maharashtra",ASHA Worker Shortage,Medium,36,HMIS,"Health data reporting, facility monitoring, program evaluation"
F9_REC00142,2019,May,"Chennai, Tamil Nadu",Dengue Outbreak,Low,108,UNICEF India,"Child immunization, ANC support, nutrition, disease surveillance"
F9_REC00143,2019,Apr,"Siliguri, West Bengal",Malaria Outbreak | Dengue Outbreak | Low Institutional Deliveries,Low,154,NHM,"Primary healthcare delivery, ASHA worker deployment, institutional delivery"
F9_REC00144,2018,Aug,"Lucknow, Uttar Pradesh",Malaria Outbreak,High,110,NFHS,"Health data collection, fertility & mortality tracking, policy research"
F9_REC00145,2021,Apr,"Patna, Bihar",Malaria Outbreak | Dengue Outbreak,Low,147,HMIS,"Health data reporting, facility monitoring, program evaluation"
F9_REC00146,2021,May,"Muzaffarpur, Bihar",Malaria Outbreak | Dengue Outbreak | Low Institutional Deliveries,Medium,180,NHM,"Primary healthcare delivery, ASHA worker deployment, institutional delivery"
F9_REC00147,2021,Sep,"Mysuru, Karnataka",Dengue Outbreak,High,138,UNICEF India,"Child immunization, ANC support, nutrition, disease surveillance"
F9_REC00148,2020,Jul,"Lucknow, Uttar Pradesh",Dengue Outbreak,Medium,90,NFHS,"Health data collection, fertility & mortality tracking, policy research"
F9_REC00149,2021,Jul,"Vadodara, Gujarat",Malaria Outbreak | Dengue Outbreak | ASHA Worker Shortage,Medium,160,Doctors For You,"Emergency medical relief, rural health camps, TB & dengue response"
F9_REC00150,2020,Mar,"Mumbai, Maharashtra",Dengue Outbreak | TB Burden,Low,150,NHM,"Primary healthcare delivery, ASHA worker deployment, institutional delivery"
F9_REC00151,2020,Jan,"Surat, Gujarat",Malaria Outbreak | TB Burden,Medium,163,NHM,"Primary healthcare delivery, ASHA worker deployment, institutional delivery"
F9_REC00152,2020,Sep,"Gaya, Bihar",Malaria Outbreak | TB Burden,High,190,HMIS,"Health data reporting, facility monitoring, program evaluation"
F9_REC00153,2017,Aug,"Hubli, Karnataka",Malaria Outbreak | TB Burden,Medium,134,Doctors For You,"Emergency medical relief, rural health camps, TB & dengue response"
F9_REC00154,2019,Jan,"Ahmedabad, Gujarat",Malaria Outbreak | Dengue Outbreak,Medium,105,CARE India,"Maternal & child health, nutrition, immunization, emergency response"
F9_REC00155,2018,Jul,"Bengaluru, Karnataka",Dengue Outbreak | ASHA Worker Shortage,Medium,109,UNICEF India,"Child immunization, ANC support, nutrition, disease surveillance"
F9_REC00156,2019,May,"Gaya, Bihar",Malaria Outbreak | Dengue Outbreak,Low,174,NHM,"Primary healthcare delivery, ASHA worker deployment, institutional delivery"
F9_REC00157,2021,Jul,"Pune, Maharashtra",TB Burden | Low ANC Coverage,Medium,85,Smile Foundation,"Primary healthcare, mobile health units, community outreach, mother-child welfare"
F9_REC00158,2019,May,"Surat, Gujarat",Malaria Outbreak | TB Burden | Low ANC Coverage,Low,170,WHO India,"Disease monitoring, TB/malaria control, epidemiology, health system strengthening"
F9_REC00159,2020,Jan,"Howrah, West Bengal",Malaria Outbreak | Dengue Outbreak | TB Burden,High,224,NHM,"Primary healthcare delivery, ASHA worker deployment, institutional delivery"
F9_REC00160,2021,Apr,"Lucknow, Uttar Pradesh",TB Burden | ASHA Worker Shortage,Low,102,Doctors For You,"Emergency medical relief, rural health camps, TB & dengue response"
F9_REC00161,2018,Mar,"Varanasi, Uttar Pradesh",Malaria Outbreak | Dengue Outbreak | TB Burden,Medium,170,HMIS,"Health data reporting, facility monitoring, program evaluation"
F9_REC00162,2019,Jan,"Chennai, Tamil Nadu",Dengue Outbreak | Low ANC Coverage,Low,99,NFHS,"Health data collection, fertility & mortality tracking, policy research"
F9_REC00163,2020,Jan,"Coimbatore, Tamil Nadu",Dengue Outbreak | TB Burden,Medium,113,Smile Foundation,"Primary healthcare, mobile health units, community outreach, mother-child welfare"
F9_REC00164,2020,Sep,"Pune, Maharashtra",Malaria Outbreak | TB Burden,High,146,CARE India,"Maternal & child health, nutrition, immunization, emergency response"
F9_REC00165,2017,Feb,"Hubli, Karnataka",Malaria Outbreak | Dengue Outbreak | TB Burden,High,185,NFHS,"Health data collection, fertility & mortality tracking, policy research"
F9_REC00166,2018,Feb,"Howrah, West Bengal",Malaria Outbreak | Dengue Outbreak | TB Burden,Low,218,Doctors For You,"Emergency medical relief, rural health camps, TB & dengue response"
F9_REC00167,2021,Jan,"Madurai, Tamil Nadu",Malaria Outbreak | Dengue Outbreak | TB Burden,Low,130,CARE India,"Maternal & child health, nutrition, immunization, emergency response"
F9_REC00168,2020,Jun,"Mysuru, Karnataka",ASHA Worker Shortage,High,47,NHM,"Primary healthcare delivery, ASHA worker deployment, institutional delivery"
F9_REC00169,2018,Jul,"Pune, Maharashtra",Malaria Outbreak | TB Burden | Low ANC Coverage | ASHA Worker Shortage,Medium,129,Smile Foundation,"Primary healthcare, mobile health units, community outreach, mother-child welfare"
F9_REC00170,2019,Feb,"Nagpur, Maharashtra",Malaria Outbreak | TB Burden,Low,196,NFHS,"Health data collection, fertility & mortality tracking, policy research"
F9_REC00171,2021,Jan,"Varanasi, Uttar Pradesh",Malaria Outbreak | Dengue Outbreak | Low ANC Coverage,Low,167,NFHS,"Health data collection, fertility & mortality tracking, policy research"
F9_REC00172,2020,Apr,"Pune, Maharashtra",Malaria Outbreak | TB Burden,Low,148,CARE India,"Maternal & child health, nutrition, immunization, emergency response"
F9_REC00173,2021,Aug,"Chennai, Tamil Nadu",Malaria Outbreak,Medium,60,Doctors For You,"Emergency medical relief, rural health camps, TB & dengue response"
F9_REC00174,2018,May,"Pune, Maharashtra",Malaria Outbreak | Dengue Outbreak | ASHA Worker Shortage,High,129,NHM,"Primary healthcare delivery, ASHA worker deployment, institutional delivery"
F9_REC00175,2021,Jun,"Mysuru, Karnataka",Malaria Outbreak | Dengue Outbreak,Low,163,CARE India,"Maternal & child health, nutrition, immunization, emergency response"
F9_REC00176,2017,Aug,"Vadodara, Gujarat",Malaria Outbreak | TB Burden | Low ANC Coverage | ASHA Worker Shortage,Low,173,Doctors For You,"Emergency medical relief, rural health camps, TB & dengue response"
F9_REC00177,2018,Feb,"Coimbatore, Tamil Nadu",Malaria Outbreak | TB Burden | Low Institutional Deliveries,High,134,CARE India,"Maternal & child health, nutrition, immunization, emergency response"
F9_REC00178,2021,Mar,"Mumbai, Maharashtra",Malaria Outbreak | TB Burden,Medium,139,NHM,"Primary healthcare delivery, ASHA worker deployment, institutional delivery"
F9_REC00179,2019,Sep,"Surat, Gujarat",Malaria Outbreak | Low Immunization,High,144,Smile Foundation,"Primary healthcare, mobile health units, community outreach, mother-child welfare"
F9_REC00180,2021,Mar,"Coimbatore, Tamil Nadu",TB Burden,High,66,UNICEF India,"Child immunization, ANC support, nutrition, disease surveillance"
F9_REC00181,2018,Mar,"Muzaffarpur, Bihar",Malaria Outbreak | TB Burden | Low Institutional Deliveries | ASHA Worker Shortage,Low,154,CARE India,"Maternal & child health, nutrition, immunization, emergency response"
F9_REC00182,2020,Jan,"Agra, Uttar Pradesh",Malaria Outbreak | Dengue Outbreak,High,132,WHO India,"Disease monitoring, TB/malaria control, epidemiology, health system strengthening"
F9_REC00183,2020,Aug,"Gaya, Bihar",Malaria Outbreak | TB Burden,High,141,HMIS,"Health data reporting, facility monitoring, program evaluation"
F9_REC00184,2018,Jan,"Gaya, Bihar",Dengue Outbreak,High,141,Smile Foundation,"Primary healthcare, mobile health units, community outreach, mother-child welfare"
F9_REC00185,2018,Jun,"Varanasi, Uttar Pradesh",Malaria Outbreak | Dengue Outbreak | TB Burden,Low,236,NHM,"Primary healthcare delivery, ASHA worker deployment, institutional delivery"
F9_REC00186,2021,Jan,"Mumbai, Maharashtra",Malaria Outbreak | TB Burden,Medium,143,NHM,"Primary healthcare delivery, ASHA worker deployment, institutional delivery"
F9_REC00187,2021,Jun,"Mumbai, Maharashtra",Dengue Outbreak,Low,132,WHO India,"Disease monitoring, TB/malaria control, epidemiology, health system strengthening"
F9_REC00188,2020,Jun,"Mysuru, Karnataka",General Health Monitoring,High,50,UNICEF India,"Child immunization, ANC support, nutrition, disease surveillance"
F9_REC00189,2018,Aug,"Pune, Maharashtra",ASHA Worker Shortage,Low,83,NFHS,"Health data collection, fertility & mortality tracking, policy research"
F9_REC00190,2018,Mar,"Bengaluru, Karnataka",Malaria Outbreak | Dengue Outbreak | Low Immunization,Medium,153,HMIS,"Health data reporting, facility monitoring, program evaluation"
F9_REC00191,2018,Aug,"Mumbai, Maharashtra",Malaria Outbreak | Low ANC Coverage,Low,104,NFHS,"Health data collection, fertility & mortality tracking, policy research"
F9_REC00192,2020,Apr,"Ahmedabad, Gujarat",Malaria Outbreak | Dengue Outbreak | TB Burden,Low,215,UNICEF India,"Child immunization, ANC support, nutrition, disease surveillance"
F9_REC00193,2019,Jan,"Lucknow, Uttar Pradesh",TB Burden,Low,97,NHM,"Primary healthcare delivery, ASHA worker deployment, institutional delivery"
F9_REC00194,2020,Aug,"Kolkata, West Bengal",Malaria Outbreak | Dengue Outbreak | TB Burden | Low Immunization,High,217,CARE India,"Maternal & child health, nutrition, immunization, emergency response"
F9_REC00195,2017,May,"Siliguri, West Bengal",General Health Monitoring,High,33,Smile Foundation,"Primary healthcare, mobile health units, community outreach, mother-child welfare"
F9_REC00196,2021,Jan,"Coimbatore, Tamil Nadu",Malaria Outbreak | Dengue Outbreak | TB Burden | Low Institutional Deliveries,High,182,HMIS,"Health data reporting, facility monitoring, program evaluation"
F9_REC00197,2017,May,"Pune, Maharashtra",Dengue Outbreak | TB Burden | Low ANC Coverage | ASHA Worker Shortage,Low,133,NFHS,"Health data collection, fertility & mortality tracking, policy research"
F9_REC00198,2020,Jan,"Hubli, Karnataka",General Health Monitoring,Low,75,HMIS,"Health data reporting, facility monitoring, program evaluation"
F9_REC00199,2019,Sep,"Howrah, West Bengal",Malaria Outbreak | Dengue Outbreak | TB Burden | Low ANC Coverage | ASHA Worker Shortage,Medium,178,NHM,"Primary healthcare delivery, ASHA worker deployment, institutional delivery"
F10_REC00000,2022,Jul,"Mumbai, Maharashtra",Malaria Outbreak | TB Burden,Medium,100,CARE India,"Maternal & child health, nutrition, immunization, emergency response"
F10_REC00001,2023,Jun,"Ahmedabad, Gujarat",Malaria Outbreak | Dengue Outbreak,Medium,157,HMIS,"Health data reporting, facility monitoring, program evaluation"
F10_REC00002,2023,Aug,"Mysuru, Karnataka",Malaria Outbreak,Low,94,UNICEF India,"Child immunization, ANC support, nutrition, disease surveillance"
F10_REC00003,2023,Jul,"Varanasi, Uttar Pradesh",TB Burden | Low ANC Coverage | ASHA Worker Shortage,High,84,HMIS,"Health data reporting, facility monitoring, program evaluation"
F10_REC00004,2020,Mar,"Nagpur, Maharashtra",Malaria Outbreak | Dengue Outbreak | TB Burden,High,191,NHM,"Primary healthcare delivery, ASHA worker deployment, institutional delivery"
F10_REC00005,2022,Jun,"Patna, Bihar",Malaria Outbreak,Medium,112,NHM,"Primary healthcare delivery, ASHA worker deployment, institutional delivery"
F10_REC00006,2023,Feb,"Lucknow, Uttar Pradesh",Malaria Outbreak | Dengue Outbreak | TB Burden | ASHA Worker Shortage,Low,152,Doctors For You,"Emergency medical relief, rural health camps, TB & dengue response"
F10_REC00007,2021,Jul,"Ahmedabad, Gujarat",Malaria Outbreak | Dengue Outbreak | Low Institutional Deliveries,Low,182,NHM,"Primary healthcare delivery, ASHA worker deployment, institutional delivery"
F10_REC00008,2019,Feb,"Lucknow, Uttar Pradesh",Malaria Outbreak | TB Burden,Medium,164,NFHS,"Health data collection, fertility & mortality tracking, policy research"
F10_REC00009,2023,Jul,"Bengaluru, Karnataka",Dengue Outbreak | ASHA Worker Shortage,Low,96,Doctors For You,"Emergency medical relief, rural health camps, TB & dengue response"
F10_REC00010,2020,Sep,"Coimbatore, Tamil Nadu",Malaria Outbreak | TB Burden | Low Institutional Deliveries,Medium,120,HMIS,"Health data reporting, facility monitoring, program evaluation"
F10_REC00011,2021,Feb,"Agra, Uttar Pradesh",Dengue Outbreak | TB Burden,Low,132,Doctors For You,"Emergency medical relief, rural health camps, TB & dengue response"
F10_REC00012,2023,Apr,"Patna, Bihar",General Health Monitoring,Medium,79,NHM,"Primary healthcare delivery, ASHA worker deployment, institutional delivery"
F10_REC00013,2020,May,"Hubli, Karnataka",TB Burden | Low Institutional Deliveries,Medium,121,CARE India,"Maternal & child health, nutrition, immunization, emergency response"
F10_REC00014,2022,Jun,"Kolkata, West Bengal",Malaria Outbreak | Dengue Outbreak,Medium,168,UNICEF India,"Child immunization, ANC support, nutrition, disease surveillance"
F10_REC00015,2019,May,"Muzaffarpur, Bihar",Dengue Outbreak | TB Burden,Medium,115,CARE India,"Maternal & child health, nutrition, immunization, emergency response"
F10_REC00016,2020,Jan,"Hubli, Karnataka",Malaria Outbreak | Dengue Outbreak,Medium,204,Doctors For You,"Emergency medical relief, rural health camps, TB & dengue response"
F10_REC00017,2019,Jun,"Siliguri, West Bengal",Malaria Outbreak | TB Burden | Low Institutional Deliveries,Low,149,UNICEF India,"Child immunization, ANC support, nutrition, disease surveillance"
F10_REC00018,2022,Jul,"Mysuru, Karnataka",Malaria Outbreak | TB Burden,High,155,Doctors For You,"Emergency medical relief, rural health camps, TB & dengue response"
F10_REC00019,2020,Jan,"Bengaluru, Karnataka",Low Institutional Deliveries,High,73,UNICEF India,"Child immunization, ANC support, nutrition, disease surveillance"
F10_REC00020,2020,Jul,"Gaya, Bihar",TB Burden,Medium,92,UNICEF India,"Child immunization, ANC support, nutrition, disease surveillance"
F10_REC00021,2023,Mar,"Hubli, Karnataka",Dengue Outbreak | TB Burden | ASHA Worker Shortage,Medium,128,HMIS,"Health data reporting, facility monitoring, program evaluation"
F10_REC00022,2022,Apr,"Surat, Gujarat",Dengue Outbreak | TB Burden,High,190,NFHS,"Health data collection, fertility & mortality tracking, policy research"
F10_REC00023,2019,Jan,"Kolkata, West Bengal",Dengue Outbreak | TB Burden | ASHA Worker Shortage,Low,144,HMIS,"Health data reporting, facility monitoring, program evaluation"
F10_REC00024,2021,Sep,"Mysuru, Karnataka",Malaria Outbreak,Medium,96,UNICEF India,"Child immunization, ANC support, nutrition, disease surveillance"
F10_REC00025,2022,May,"Pune, Maharashtra",Malaria Outbreak | Dengue Outbreak | TB Burden | Low ANC Coverage,High,186,HMIS,"Health data reporting, facility monitoring, program evaluation"
F10_REC00026,2022,Jul,"Varanasi, Uttar Pradesh",Dengue Outbreak | TB Burden | Low Institutional Deliveries,Low,120,NFHS,"Health data collection, fertility & mortality tracking, policy research"
F10_REC00027,2023,Aug,"Mumbai, Maharashtra",Malaria Outbreak | Dengue Outbreak | TB Burden | Low ANC Coverage,Low,172,Smile Foundation,"Primary healthcare, mobile health units, community outreach, mother-child welfare"
F10_REC00028,2021,Aug,"Coimbatore, Tamil Nadu",Malaria Outbreak | Low Institutional Deliveries,Low,146,Doctors For You,"Emergency medical relief, rural health camps, TB & dengue response"
F10_REC00029,2019,Feb,"Hubli, Karnataka",Malaria Outbreak | Dengue Outbreak | TB Burden,Low,229,WHO India,"Disease monitoring, TB/malaria control, epidemiology, health system strengthening"
F10_REC00030,2020,Feb,"Madurai, Tamil Nadu",General Health Monitoring,Medium,64,Smile Foundation,"Primary healthcare, mobile health units, community outreach, mother-child welfare"
F10_REC00031,2023,Sep,"Vadodara, Gujarat",Malaria Outbreak | TB Burden | ASHA Worker Shortage,Medium,194,Doctors For You,"Emergency medical relief, rural health camps, TB & dengue response"
F10_REC00032,2021,May,"Mumbai, Maharashtra",TB Burden,Low,81,NHM,"Primary healthcare delivery, ASHA worker deployment, institutional delivery"
F10_REC00033,2022,Sep,"Gaya, Bihar",Malaria Outbreak | TB Burden,Low,163,NHM,"Primary healthcare delivery, ASHA worker deployment, institutional delivery"
F10_REC00034,2023,Aug,"Nagpur, Maharashtra",Malaria Outbreak | Dengue Outbreak,Low,124,NFHS,"Health data collection, fertility & mortality tracking, policy research"
F10_REC00035,2021,Aug,"Mumbai, Maharashtra",Malaria Outbreak | Dengue Outbreak | Low ANC Coverage | Low Institutional Deliveries,Medium,176,NHM,"Primary healthcare delivery, ASHA worker deployment, institutional delivery"
F10_REC00036,2019,Feb,"Patna, Bihar",Malaria Outbreak,Low,143,Smile Foundation,"Primary healthcare, mobile health units, community outreach, mother-child welfare"
F10_REC00037,2023,Apr,"Pune, Maharashtra",Dengue Outbreak | TB Burden,Medium,133,WHO India,"Disease monitoring, TB/malaria control, epidemiology, health system strengthening"
F10_REC00038,2023,May,"Siliguri, West Bengal",Malaria Outbreak | Dengue Outbreak | TB Burden,Medium,171,NFHS,"Health data collection, fertility & mortality tracking, policy research"
F10_REC00039,2019,Sep,"Madurai, Tamil Nadu",General Health Monitoring,Low,49,NHM,"Primary healthcare delivery, ASHA worker deployment, institutional delivery"
F10_REC00040,2019,Aug,"Vadodara, Gujarat",Malaria Outbreak | Dengue Outbreak,Medium,181,NHM,"Primary healthcare delivery, ASHA worker deployment, institutional delivery"
F10_REC00041,2019,Jun,"Surat, Gujarat",ASHA Worker Shortage,Medium,53,NFHS,"Health data collection, fertility & mortality tracking, policy research"
F10_REC00042,2020,Jan,"Coimbatore, Tamil Nadu",Malaria Outbreak | Dengue Outbreak | TB Burden,Medium,154,CARE India,"Maternal & child health, nutrition, immunization, emergency response"
F10_REC00043,2019,Jan,"Mumbai, Maharashtra",Malaria Outbreak | Low ANC Coverage,Low,95,NHM,"Primary healthcare delivery, ASHA worker deployment, institutional delivery"
F10_REC00044,2023,Mar,"Muzaffarpur, Bihar",Malaria Outbreak | TB Burden | ASHA Worker Shortage,Low,135,HMIS,"Health data reporting, facility monitoring, program evaluation"
F10_REC00045,2020,Jan,"Surat, Gujarat",Dengue Outbreak | Low ANC Coverage,High,129,Doctors For You,"Emergency medical relief, rural health camps, TB & dengue response"
F10_REC00046,2021,Aug,"Gaya, Bihar",ASHA Worker Shortage,High,53,NFHS,"Health data collection, fertility & mortality tracking, policy research"
F10_REC00047,2022,May,"Howrah, West Bengal",Malaria Outbreak | Dengue Outbreak | TB Burden | Low Immunization,Medium,215,UNICEF India,"Child immunization, ANC support, nutrition, disease surveillance"
F10_REC00048,2021,Jun,"Nagpur, Maharashtra",Malaria Outbreak | Dengue Outbreak | TB Burden | ASHA Worker Shortage,Medium,214,Smile Foundation,"Primary healthcare, mobile health units, community outreach, mother-child welfare"
F10_REC00049,2022,Jul,"Mumbai, Maharashtra",Malaria Outbreak | Dengue Outbreak | Low Institutional Deliveries,Medium,154,UNICEF India,"Child immunization, ANC support, nutrition, disease surveillance"
F10_REC00050,2022,Jul,"Vadodara, Gujarat",General Health Monitoring,Medium,74,UNICEF India,"Child immunization, ANC support, nutrition, disease surveillance"
F10_REC00051,2019,May,"Mysuru, Karnataka",ASHA Worker Shortage,High,56,NFHS,"Health data collection, fertility & mortality tracking, policy research"
F10_REC00052,2022,Mar,"Hubli, Karnataka",Malaria Outbreak | Dengue Outbreak | ASHA Worker Shortage,Medium,153,CARE India,"Maternal & child health, nutrition, immunization, emergency response"
F10_REC00053,2022,Mar,"Lucknow, Uttar Pradesh",Malaria Outbreak | TB Burden | ASHA Worker Shortage,High,128,UNICEF India,"Child immunization, ANC support, nutrition, disease surveillance"
F10_REC00054,2020,Sep,"Pune, Maharashtra",TB Burden,High,85,NFHS,"Health data collection, fertility & mortality tracking, policy research"
F10_REC00055,2021,Jun,"Pune, Maharashtra",Malaria Outbreak | Dengue Outbreak,High,176,Doctors For You,"Emergency medical relief, rural health camps, TB & dengue response"
F10_REC00056,2020,Apr,"Surat, Gujarat",Dengue Outbreak,High,113,NHM,"Primary healthcare delivery, ASHA worker deployment, institutional delivery"
F10_REC00057,2023,Apr,"Muzaffarpur, Bihar",Malaria Outbreak | TB Burden,Medium,212,HMIS,"Health data reporting, facility monitoring, program evaluation"
F10_REC00058,2019,Apr,"Ahmedabad, Gujarat",Malaria Outbreak,Medium,150,NHM,"Primary healthcare delivery, ASHA worker deployment, institutional delivery"
F10_REC00059,2022,Feb,"Coimbatore, Tamil Nadu",Low Immunization,Medium,104,Smile Foundation,"Primary healthcare, mobile health units, community outreach, mother-child welfare"
F10_REC00060,2020,Jan,"Mumbai, Maharashtra",Malaria Outbreak | Dengue Outbreak | TB Burden,Medium,226,NHM,"Primary healthcare delivery, ASHA worker deployment, institutional delivery"
F10_REC00061,2022,Feb,"Chennai, Tamil Nadu",TB Burden,Low,94,WHO India,"Disease monitoring, TB/malaria control, epidemiology, health system strengthening"
F10_REC00062,2022,Apr,"Surat, Gujarat",General Health Monitoring,Medium,53,CARE India,"Maternal & child health, nutrition, immunization, emergency response"
F10_REC00063,2021,Jul,"Mysuru, Karnataka",Malaria Outbreak | TB Burden,Medium,162,UNICEF India,"Child immunization, ANC support, nutrition, disease surveillance"
F10_REC00064,2019,Jun,"Chennai, Tamil Nadu",Malaria Outbreak | TB Burden | Low ANC Coverage,Low,119,CARE India,"Maternal & child health, nutrition, immunization, emergency response"
F10_REC00065,2021,Jul,"Bengaluru, Karnataka",Malaria Outbreak | Dengue Outbreak | ASHA Worker Shortage,High,164,UNICEF India,"Child immunization, ANC support, nutrition, disease surveillance"
F10_REC00066,2020,Jun,"Madurai, Tamil Nadu",Malaria Outbreak | Dengue Outbreak | TB Burden,Medium,170,NFHS,"Health data collection, fertility & mortality tracking, policy research"
F10_REC00067,2021,Mar,"Nagpur, Maharashtra",Dengue Outbreak | TB Burden,Low,135,Smile Foundation,"Primary healthcare, mobile health units, community outreach, mother-child welfare"
F10_REC00068,2019,Jun,"Siliguri, West Bengal",Malaria Outbreak,High,87,CARE India,"Maternal & child health, nutrition, immunization, emergency response"
F10_REC00069,2019,Jul,"Agra, Uttar Pradesh",Dengue Outbreak,Medium,146,CARE India,"Maternal & child health, nutrition, immunization, emergency response"
F10_REC00070,2021,Mar,"Coimbatore, Tamil Nadu",Malaria Outbreak | TB Burden | ASHA Worker Shortage,Medium,166,UNICEF India,"Child immunization, ANC support, nutrition, disease surveillance"
F10_REC00071,2023,Aug,"Varanasi, Uttar Pradesh",Dengue Outbreak | TB Burden,Medium,130,NFHS,"Health data collection, fertility & mortality tracking, policy research"
F10_REC00072,2021,May,"Surat, Gujarat",Malaria Outbreak | TB Burden,Low,161,NHM,"Primary healthcare delivery, ASHA worker deployment, institutional delivery"
F10_REC00073,2020,Jul,"Coimbatore, Tamil Nadu",Malaria Outbreak | Dengue Outbreak,Low,119,NHM,"Primary healthcare delivery, ASHA worker deployment, institutional delivery"
F10_REC00074,2022,Jun,"Patna, Bihar",Dengue Outbreak,Low,114,UNICEF India,"Child immunization, ANC support, nutrition, disease surveillance"
F10_REC00075,2020,Jun,"Mumbai, Maharashtra",General Health Monitoring,Low,43,CARE India,"Maternal & child health, nutrition, immunization, emergency response"
F10_REC00076,2021,Mar,"Vadodara, Gujarat",Dengue Outbreak | TB Burden | ASHA Worker Shortage,Medium,159,WHO India,"Disease monitoring, TB/malaria control, epidemiology, health system strengthening"
F10_REC00077,2021,Feb,"Gaya, Bihar",Dengue Outbreak | TB Burden,Low,171,Smile Foundation,"Primary healthcare, mobile health units, community outreach, mother-child welfare"
F10_REC00078,2019,Mar,"Agra, Uttar Pradesh",General Health Monitoring,High,39,NFHS,"Health data collection, fertility & mortality tracking, policy research"
F10_REC00079,2023,Jan,"Siliguri, West Bengal",Malaria Outbreak | TB Burden | ASHA Worker Shortage,Low,137,CARE India,"Maternal & child health, nutrition, immunization, emergency response"
F10_REC00080,2020,Apr,"Ahmedabad, Gujarat",TB Burden,High,67,Doctors For You,"Emergency medical relief, rural health camps, TB & dengue response"
F10_REC00081,2020,Jan,"Chennai, Tamil Nadu",Dengue Outbreak,Medium,90,HMIS,"Health data reporting, facility monitoring, program evaluation"
F10_REC00082,2019,Feb,"Hubli, Karnataka",Malaria Outbreak | Dengue Outbreak | TB Burden,High,240,UNICEF India,"Child immunization, ANC support, nutrition, disease surveillance"
F10_REC00083,2020,Aug,"Agra, Uttar Pradesh",Dengue Outbreak,Low,99,NHM,"Primary healthcare delivery, ASHA worker deployment, institutional delivery"
F10_REC00084,2021,Jan,"Coimbatore, Tamil Nadu",Malaria Outbreak | Dengue Outbreak | TB Burden | ASHA Worker Shortage,High,131,UNICEF India,"Child immunization, ANC support, nutrition, disease surveillance"
F10_REC00085,2020,Jul,"Madurai, Tamil Nadu",Low Immunization,Low,82,Smile Foundation,"Primary healthcare, mobile health units, community outreach, mother-child welfare"
F10_REC00086,2021,Jul,"Vadodara, Gujarat",Low Immunization,Medium,21,Doctors For You,"Emergency medical relief, rural health camps, TB & dengue response"
F10_REC00087,2021,Apr,"Coimbatore, Tamil Nadu",Malaria Outbreak | TB Burden,Medium,174,Doctors For You,"Emergency medical relief, rural health camps, TB & dengue response"
F10_REC00088,2022,Apr,"Surat, Gujarat",TB Burden,Low,85,Smile Foundation,"Primary healthcare, mobile health units, community outreach, mother-child welfare"
F10_REC00089,2023,Sep,"Ahmedabad, Gujarat",Dengue Outbreak | TB Burden,Low,121,UNICEF India,"Child immunization, ANC support, nutrition, disease surveillance"
F10_REC00090,2023,Aug,"Agra, Uttar Pradesh",Malaria Outbreak | Dengue Outbreak,High,124,NHM,"Primary healthcare delivery, ASHA worker deployment, institutional delivery"
F10_REC00091,2019,Sep,"Vadodara, Gujarat",TB Burden,Low,90,CARE India,"Maternal & child health, nutrition, immunization, emergency response"
F10_REC00092,2021,Apr,"Nagpur, Maharashtra",Dengue Outbreak | Low ANC Coverage,Low,110,WHO India,"Disease monitoring, TB/malaria control, epidemiology, health system strengthening"
F10_REC00093,2022,Jan,"Lucknow, Uttar Pradesh",TB Burden | Low Immunization | Low Institutional Deliveries,Medium,92,Smile Foundation,"Primary healthcare, mobile health units, community outreach, mother-child welfare"
F10_REC00094,2021,Aug,"Patna, Bihar",TB Burden | Low Immunization,Medium,71,NHM,"Primary healthcare delivery, ASHA worker deployment, institutional delivery"
F10_REC00095,2020,Aug,"Howrah, West Bengal",Dengue Outbreak | Low ANC Coverage,Low,143,CARE India,"Maternal & child health, nutrition, immunization, emergency response"
F10_REC00096,2022,Jan,"Bengaluru, Karnataka",Malaria Outbreak,Medium,83,WHO India,"Disease monitoring, TB/malaria control, epidemiology, health system strengthening"
F10_REC00097,2020,Jan,"Vadodara, Gujarat",Dengue Outbreak | Low ANC Coverage | Low Institutional Deliveries,Medium,127,WHO India,"Disease monitoring, TB/malaria control, epidemiology, health system strengthening"
F10_REC00098,2021,Jun,"Pune, Maharashtra",Malaria Outbreak | Dengue Outbreak | TB Burden,High,228,CARE India,"Maternal & child health, nutrition, immunization, emergency response"
F10_REC00099,2023,Jul,"Agra, Uttar Pradesh",Malaria Outbreak | TB Burden,Medium,170,WHO India,"Disease monitoring, TB/malaria control, epidemiology, health system strengthening"
F10_REC00100,2021,May,"Lucknow, Uttar Pradesh",Malaria Outbreak | Dengue Outbreak | Low Immunization | Low Institutional Deliveries,High,148,CARE India,"Maternal & child health, nutrition, immunization, emergency response"
F10_REC00101,2021,Mar,"Muzaffarpur, Bihar",Malaria Outbreak | TB Burden,Low,137,CARE India,"Maternal & child health, nutrition, immunization, emergency response"
F10_REC00102,2023,Jan,"Varanasi, Uttar Pradesh",Dengue Outbreak | TB Burden | Low Immunization,Medium,161,CARE India,"Maternal & child health, nutrition, immunization, emergency response"
F10_REC00103,2020,Apr,"Nagpur, Maharashtra",Malaria Outbreak | Dengue Outbreak,Medium,171,Smile Foundation,"Primary healthcare, mobile health units, community outreach, mother-child welfare"
F10_REC00104,2022,Mar,"Nagpur, Maharashtra",Dengue Outbreak,Medium,103,UNICEF India,"Child immunization, ANC support, nutrition, disease surveillance"
F10_REC00105,2023,Jan,"Gaya, Bihar",Malaria Outbreak | TB Burden,Medium,134,Doctors For You,"Emergency medical relief, rural health camps, TB & dengue response"
F10_REC00106,2019,Feb,"Agra, Uttar Pradesh",TB Burden,Low,103,NHM,"Primary healthcare delivery, ASHA worker deployment, institutional delivery"
F10_REC00107,2022,Apr,"Madurai, Tamil Nadu",TB Burden | Low Immunization,High,92,Smile Foundation,"Primary healthcare, mobile health units, community outreach, mother-child welfare"
F10_REC00108,2021,Feb,"Howrah, West Bengal",Dengue Outbreak | TB Burden | Low Immunization | Low Institutional Deliveries,High,129,NFHS,"Health data collection, fertility & mortality tracking, policy research"
F10_REC00109,2019,Mar,"Ahmedabad, Gujarat",Malaria Outbreak | Dengue Outbreak | TB Burden,Low,209,Smile Foundation,"Primary healthcare, mobile health units, community outreach, mother-child welfare"
F10_REC00110,2020,Mar,"Kolkata, West Bengal",Malaria Outbreak | TB Burden | Low Immunization | ASHA Worker Shortage,High,119,UNICEF India,"Child immunization, ANC support, nutrition, disease surveillance"
F10_REC00111,2022,Jul,"Surat, Gujarat",General Health Monitoring,Medium,41,WHO India,"Disease monitoring, TB/malaria control, epidemiology, health system strengthening"
F10_REC00112,2021,Apr,"Agra, Uttar Pradesh",Low Institutional Deliveries | ASHA Worker Shortage,High,55,NHM,"Primary healthcare delivery, ASHA worker deployment, institutional delivery"
F10_REC00113,2019,Jul,"Patna, Bihar",Malaria Outbreak | Dengue Outbreak | TB Burden | Low Immunization | ASHA Worker Shortage,High,193,Doctors For You,"Emergency medical relief, rural health camps, TB & dengue response"
F10_REC00114,2019,May,"Howrah, West Bengal",Malaria Outbreak | Dengue Outbreak | TB Burden,Medium,179,CARE India,"Maternal & child health, nutrition, immunization, emergency response"
F10_REC00115,2019,Mar,"Kolkata, West Bengal",Malaria Outbreak | TB Burden,Medium,109,NHM,"Primary healthcare delivery, ASHA worker deployment, institutional delivery"
F10_REC00116,2023,Jun,"Patna, Bihar",TB Burden | Low Institutional Deliveries | ASHA Worker Shortage,High,80,Doctors For You,"Emergency medical relief, rural health camps, TB & dengue response"
F10_REC00117,2022,Jul,"Nagpur, Maharashtra",Dengue Outbreak | TB Burden,Medium,145,HMIS,"Health data reporting, facility monitoring, program evaluation"
F10_REC00118,2023,Jun,"Varanasi, Uttar Pradesh",Malaria Outbreak | TB Burden | ASHA Worker Shortage,Low,184,Doctors For You,"Emergency medical relief, rural health camps, TB & dengue response"
F10_REC00119,2021,Sep,"Siliguri, West Bengal",ASHA Worker Shortage,High,83,Doctors For You,"Emergency medical relief, rural health camps, TB & dengue response"
F10_REC00120,2021,May,"Howrah, West Bengal",Dengue Outbreak,Medium,115,WHO India,"Disease monitoring, TB/malaria control, epidemiology, health system strengthening"
F10_REC00121,2022,Jun,"Howrah, West Bengal",Dengue Outbreak | Low Immunization,High,114,NHM,"Primary healthcare delivery, ASHA worker deployment, institutional delivery"
F10_REC00122,2021,May,"Bengaluru, Karnataka",General Health Monitoring,Medium,78,HMIS,"Health data reporting, facility monitoring, program evaluation"
F10_REC00123,2020,Jan,"Patna, Bihar",Malaria Outbreak | TB Burden,Low,117,Doctors For You,"Emergency medical relief, rural health camps, TB & dengue response"
F10_REC00124,2021,Jun,"Siliguri, West Bengal",Malaria Outbreak | TB Burden | Low ANC Coverage,Medium,146,CARE India,"Maternal & child health, nutrition, immunization, emergency response"
F10_REC00125,2022,Jul,"Pune, Maharashtra",Malaria Outbreak | TB Burden,High,154,Doctors For You,"Emergency medical relief, rural health camps, TB & dengue response"
F10_REC00126,2022,Apr,"Hubli, Karnataka",TB Burden | ASHA Worker Shortage,Low,86,NHM,"Primary healthcare delivery, ASHA worker deployment, institutional delivery"
F10_REC00127,2022,Jun,"Mysuru, Karnataka",TB Burden | ASHA Worker Shortage,High,100,CARE India,"Maternal & child health, nutrition, immunization, emergency response"
F10_REC00128,2021,Jun,"Madurai, Tamil Nadu",Malaria Outbreak | ASHA Worker Shortage,High,123,NHM,"Primary healthcare delivery, ASHA worker deployment, institutional delivery"
F10_REC00129,2019,Jan,"Pune, Maharashtra",Dengue Outbreak,Low,129,WHO India,"Disease monitoring, TB/malaria control, epidemiology, health system strengthening"
F10_REC00130,2020,May,"Surat, Gujarat",TB Burden | Low ANC Coverage,Low,104,CARE India,"Maternal & child health, nutrition, immunization, emergency response"
F10_REC00131,2019,Sep,"Agra, Uttar Pradesh",Dengue Outbreak | TB Burden,Medium,144,NHM,"Primary healthcare delivery, ASHA worker deployment, institutional delivery"
F10_REC00132,2021,Aug,"Bengaluru, Karnataka",Malaria Outbreak | Dengue Outbreak,Medium,120,WHO India,"Disease monitoring, TB/malaria control, epidemiology, health system strengthening"
F10_REC00133,2021,Sep,"Howrah, West Bengal",Dengue Outbreak,High,87,NHM,"Primary healthcare delivery, ASHA worker deployment, institutional delivery"
F10_REC00134,2023,Apr,"Coimbatore, Tamil Nadu",Malaria Outbreak | Dengue Outbreak | Low Immunization,High,151,NHM,"Primary healthcare delivery, ASHA worker deployment, institutional delivery"
F10_REC00135,2020,Mar,"Lucknow, Uttar Pradesh",General Health Monitoring,Medium,49,CARE India,"Maternal & child health, nutrition, immunization, emergency response"
F10_REC00136,2020,Sep,"Surat, Gujarat",Malaria Outbreak | TB Burden | ASHA Worker Shortage,Low,175,UNICEF India,"Child immunization, ANC support, nutrition, disease surveillance"
F10_REC00137,2021,Apr,"Mumbai, Maharashtra",Malaria Outbreak | Dengue Outbreak | TB Burden,Medium,227,Smile Foundation,"Primary healthcare, mobile health units, community outreach, mother-child welfare"
F10_REC00138,2019,Jun,"Vadodara, Gujarat",Dengue Outbreak | Low Institutional Deliveries,High,140,Doctors For You,"Emergency medical relief, rural health camps, TB & dengue response"
F10_REC00139,2021,Feb,"Vadodara, Gujarat",Malaria Outbreak | Low Immunization,Medium,80,NFHS,"Health data collection, fertility & mortality tracking, policy research"
F10_REC00140,2020,May,"Muzaffarpur, Bihar",Malaria Outbreak | Dengue Outbreak | TB Burden,Low,203,UNICEF India,"Child immunization, ANC support, nutrition, disease surveillance"
F10_REC00141,2023,Aug,"Mumbai, Maharashtra",Malaria Outbreak | Dengue Outbreak,Low,124,Smile Foundation,"Primary healthcare, mobile health units, community outreach, mother-child welfare"
F10_REC00142,2023,Aug,"Surat, Gujarat",Malaria Outbreak | Low ANC Coverage,Medium,137,UNICEF India,"Child immunization, ANC support, nutrition, disease surveillance"
F10_REC00143,2020,Jul,"Siliguri, West Bengal",Malaria Outbreak | Low Institutional Deliveries,Low,130,WHO India,"Disease monitoring, TB/malaria control, epidemiology, health system strengthening"
F10_REC00144,2020,Jun,"Gaya, Bihar",TB Burden,Medium,76,WHO India,"Disease monitoring, TB/malaria control, epidemiology, health system strengthening"
F10_REC00145,2022,Apr,"Siliguri, West Bengal",Malaria Outbreak | Dengue Outbreak,Low,153,Doctors For You,"Emergency medical relief, rural health camps, TB & dengue response"
F10_REC00146,2023,Jun,"Vadodara, Gujarat",Malaria Outbreak | Dengue Outbreak | ASHA Worker Shortage,High,158,HMIS,"Health data reporting, facility monitoring, program evaluation"
F10_REC00147,2023,Mar,"Surat, Gujarat",Malaria Outbreak | TB Burden | Low ANC Coverage | ASHA Worker Shortage,High,141,NHM,"Primary healthcare delivery, ASHA worker deployment, institutional delivery"
F10_REC00148,2023,Feb,"Mumbai, Maharashtra",Malaria Outbreak,High,132,Doctors For You,"Emergency medical relief, rural health camps, TB & dengue response"
F10_REC00149,2022,Jul,"Lucknow, Uttar Pradesh",Malaria Outbreak,High,130,NFHS,"Health data collection, fertility & mortality tracking, policy research"
F10_REC00150,2023,May,"Pune, Maharashtra",Malaria Outbreak | Dengue Outbreak | ASHA Worker Shortage,High,152,NFHS,"Health data collection, fertility & mortality tracking, policy research"
F10_REC00151,2022,Jun,"Muzaffarpur, Bihar",Dengue Outbreak,Low,122,Smile Foundation,"Primary healthcare, mobile health units, community outreach, mother-child welfare"
F10_REC00152,2023,Jun,"Pune, Maharashtra",Dengue Outbreak | Low Immunization,Low,76,CARE India,"Maternal & child health, nutrition, immunization, emergency response"
F10_REC00153,2019,Feb,"Gaya, Bihar",Low ANC Coverage,Low,89,HMIS,"Health data reporting, facility monitoring, program evaluation"
F10_REC00154,2019,Jan,"Vadodara, Gujarat",Malaria Outbreak | Dengue Outbreak,Low,192,UNICEF India,"Child immunization, ANC support, nutrition, disease surveillance"
F10_REC00155,2019,May,"Lucknow, Uttar Pradesh",Malaria Outbreak | Dengue Outbreak | TB Burden,High,198,CARE India,"Maternal & child health, nutrition, immunization, emergency response"
F10_REC00156,2020,Aug,"Vadodara, Gujarat",Malaria Outbreak | TB Burden | Low Immunization | Low Institutional Deliveries | ASHA Worker Shortage,High,149,UNICEF India,"Child immunization, ANC support, nutrition, disease surveillance"
F10_REC00157,2020,Jan,"Vadodara, Gujarat",Dengue Outbreak | TB Burden | ASHA Worker Shortage,Low,123,WHO India,"Disease monitoring, TB/malaria control, epidemiology, health system strengthening"
F10_REC00158,2020,Sep,"Madurai, Tamil Nadu",Dengue Outbreak | TB Burden,Medium,150,UNICEF India,"Child immunization, ANC support, nutrition, disease surveillance"
F10_REC00159,2021,Jul,"Surat, Gujarat",Malaria Outbreak | TB Burden | ASHA Worker Shortage,Low,140,CARE India,"Maternal & child health, nutrition, immunization, emergency response"
F10_REC00160,2020,Sep,"Siliguri, West Bengal",Malaria Outbreak | Dengue Outbreak | ASHA Worker Shortage,Low,162,Smile Foundation,"Primary healthcare, mobile health units, community outreach, mother-child welfare"
F10_REC00161,2022,Sep,"Hubli, Karnataka",Malaria Outbreak | Low Immunization,Low,100,NHM,"Primary healthcare delivery, ASHA worker deployment, institutional delivery"
F10_REC00162,2022,Jan,"Madurai, Tamil Nadu",ASHA Worker Shortage,Low,64,Doctors For You,"Emergency medical relief, rural health camps, TB & dengue response"
F10_REC00163,2020,Aug,"Ahmedabad, Gujarat",Malaria Outbreak,High,123,HMIS,"Health data reporting, facility monitoring, program evaluation"
F10_REC00164,2021,May,"Mysuru, Karnataka",Malaria Outbreak | TB Burden | ASHA Worker Shortage,Medium,192,Doctors For You,"Emergency medical relief, rural health camps, TB & dengue response"
F10_REC00165,2021,Jul,"Bengaluru, Karnataka",Malaria Outbreak | Dengue Outbreak,Low,170,CARE India,"Maternal & child health, nutrition, immunization, emergency response"
F10_REC00166,2020,Mar,"Muzaffarpur, Bihar",Dengue Outbreak | TB Burden,Low,124,CARE India,"Maternal & child health, nutrition, immunization, emergency response"
F10_REC00167,2022,Aug,"Ahmedabad, Gujarat",Malaria Outbreak | Dengue Outbreak,Medium,110,Smile Foundation,"Primary healthcare, mobile health units, community outreach, mother-child welfare"
F10_REC00168,2022,Jul,"Muzaffarpur, Bihar",TB Burden | ASHA Worker Shortage,Low,74,WHO India,"Disease monitoring, TB/malaria control, epidemiology, health system strengthening"
F10_REC00169,2023,Jan,"Gaya, Bihar",Malaria Outbreak | Dengue Outbreak | TB Burden | Low ANC Coverage,High,204,WHO India,"Disease monitoring, TB/malaria control, epidemiology, health system strengthening"
F10_REC00170,2021,Apr,"Muzaffarpur, Bihar",Dengue Outbreak | TB Burden | ASHA Worker Shortage,High,160,UNICEF India,"Child immunization, ANC support, nutrition, disease surveillance"
F10_REC00171,2023,Feb,"Vadodara, Gujarat",Dengue Outbreak | ASHA Worker Shortage,Low,100,NHM,"Primary healthcare delivery, ASHA worker deployment, institutional delivery"
F10_REC00172,2020,Jun,"Hubli, Karnataka",Malaria Outbreak | Dengue Outbreak | TB Burden,Medium,238,HMIS,"Health data reporting, facility monitoring, program evaluation"
F10_REC00173,2019,Mar,"Muzaffarpur, Bihar",Malaria Outbreak | Dengue Outbreak,High,174,WHO India,"Disease monitoring, TB/malaria control, epidemiology, health system strengthening"
F10_REC00174,2020,Aug,"Madurai, Tamil Nadu",Malaria Outbreak | TB Burden | Low ANC Coverage,Medium,168,UNICEF India,"Child immunization, ANC support, nutrition, disease surveillance"
F10_REC00175,2020,Jul,"Siliguri, West Bengal",Malaria Outbreak | Dengue Outbreak,Low,198,NFHS,"Health data collection, fertility & mortality tracking, policy research"
F10_REC00176,2022,Sep,"Agra, Uttar Pradesh",Malaria Outbreak | TB Burden,High,137,Smile Foundation,"Primary healthcare, mobile health units, community outreach, mother-child welfare"
F10_REC00177,2022,Sep,"Pune, Maharashtra",TB Burden | ASHA Worker Shortage,Low,55,CARE India,"Maternal & child health, nutrition, immunization, emergency response"
F10_REC00178,2021,Mar,"Howrah, West Bengal",Dengue Outbreak | TB Burden | ASHA Worker Shortage,High,157,WHO India,"Disease monitoring, TB/malaria control, epidemiology, health system strengthening"
F10_REC00179,2023,Feb,"Vadodara, Gujarat",Low Immunization | Low Institutional Deliveries,Medium,98,HMIS,"Health data reporting, facility monitoring, program evaluation"
F10_REC00180,2019,Apr,"Hubli, Karnataka",Dengue Outbreak | TB Burden | Low ANC Coverage,High,158,NHM,"Primary healthcare delivery, ASHA worker deployment, institutional delivery"
F10_REC00181,2021,Jun,"Kolkata, West Bengal",General Health Monitoring,Low,73,NFHS,"Health data collection, fertility & mortality tracking, policy research"
F10_REC00182,2019,Sep,"Varanasi, Uttar Pradesh",TB Burden,Low,119,Doctors For You,"Emergency medical relief, rural health camps, TB & dengue response"
F10_REC00183,2022,Jul,"Kolkata, West Bengal",Malaria Outbreak | Dengue Outbreak | TB Burden | Low Immunization | ASHA Worker Shortage,High,205,WHO India,"Disease monitoring, TB/malaria control, epidemiology, health system strengthening"
F10_REC00184,2023,Aug,"Siliguri, West Bengal",Malaria Outbreak | Low ANC Coverage,High,101,CARE India,"Maternal & child health, nutrition, immunization, emergency response"
F10_REC00185,2021,Aug,"Surat, Gujarat",Malaria Outbreak | Dengue Outbreak | TB Burden | Low Immunization,Medium,213,HMIS,"Health data reporting, facility monitoring, program evaluation"
F10_REC00186,2021,Mar,"Bengaluru, Karnataka",General Health Monitoring,High,73,HMIS,"Health data reporting, facility monitoring, program evaluation"
F10_REC00187,2021,Feb,"Siliguri, West Bengal",Dengue Outbreak | TB Burden,Medium,153,CARE India,"Maternal & child health, nutrition, immunization, emergency response"
F10_REC00188,2019,Feb,"Lucknow, Uttar Pradesh",Malaria Outbreak | TB Burden,High,178,NHM,"Primary healthcare delivery, ASHA worker deployment, institutional delivery"
F10_REC00189,2021,Apr,"Bengaluru, Karnataka",Dengue Outbreak,Medium,99,HMIS,"Health data reporting, facility monitoring, program evaluation"
F10_REC00190,2021,Jul,"Pune, Maharashtra",Dengue Outbreak,High,113,NHM,"Primary healthcare delivery, ASHA worker deployment, institutional delivery"
F10_REC00191,2022,Apr,"Ahmedabad, Gujarat",Malaria Outbreak | Low Institutional Deliveries,Low,121,NFHS,"Health data collection, fertility & mortality tracking, policy research"
F10_REC00192,2023,Mar,"Vadodara, Gujarat",Malaria Outbreak | Dengue Outbreak | ASHA Worker Shortage,High,156,WHO India,"Disease monitoring, TB/malaria control, epidemiology, health system strengthening"
F10_REC00193,2023,Mar,"Pune, Maharashtra",Malaria Outbreak,Low,136,Doctors For You,"Emergency medical relief, rural health camps, TB & dengue response"
F10_REC00194,2021,Jul,"Varanasi, Uttar Pradesh",Malaria Outbreak | TB Burden,Medium,140,WHO India,"Disease monitoring, TB/malaria control, epidemiology, health system strengthening"
F10_REC00195,2021,Apr,"Surat, Gujarat",Dengue Outbreak | TB Burden,Low,138,CARE India,"Maternal & child health, nutrition, immunization, emergency response"
F10_REC00196,2020,Jul,"Muzaffarpur, Bihar",Dengue Outbreak | TB Burden,Low,156,NHM,"Primary healthcare delivery, ASHA worker deployment, institutional delivery"
F10_REC00197,2019,Aug,"Muzaffarpur, Bihar",Malaria Outbreak | Dengue Outbreak | TB Burden,High,225,WHO India,"Disease monitoring, TB/malaria control, epidemiology, health system strengthening"
F10_REC00198,2022,Apr,"Ahmedabad, Gujarat",General Health Monitoring,Low,14,NHM,"Primary healthcare delivery, ASHA worker deployment, institutional delivery"
F10_REC00199,2022,Mar,"Gaya, Bihar",Malaria Outbreak | Dengue Outbreak | TB Burden,High,176,Doctors For You,"Emergency medical relief, rural health camps, TB & dengue response"
F11_REC00000,2018,Sep,"Agra, Uttar Pradesh",Malaria Outbreak | Dengue Outbreak | ASHA Worker Shortage,Low,148,CARE India,"Maternal & child health, nutrition, immunization, emergency response"
F11_REC00001,2019,Jul,"Ahmedabad, Gujarat",Dengue Outbreak | TB Burden | ASHA Worker Shortage,Low,116,UNICEF India,"Child immunization, ANC support, nutrition, disease surveillance"
F11_REC00002,2018,Jun,"Pune, Maharashtra",Malaria Outbreak | Dengue Outbreak | TB Burden | Low Institutional Deliveries,High,215,CARE India,"Maternal & child health, nutrition, immunization, emergency response"
F11_REC00003,2018,Jul,"Ahmedabad, Gujarat",Dengue Outbreak | Low Immunization | Low Institutional Deliveries,Low,102,NFHS,"Health data collection, fertility & mortality tracking, policy research"
F11_REC00004,2019,Apr,"Surat, Gujarat",Malaria Outbreak | TB Burden | ASHA Worker Shortage,Low,190,NHM,"Primary healthcare delivery, ASHA worker deployment, institutional delivery"
F11_REC00005,2018,Jan,"Varanasi, Uttar Pradesh",Malaria Outbreak | Low Immunization | ASHA Worker Shortage,Medium,137,NHM,"Primary healthcare delivery, ASHA worker deployment, institutional delivery"
F11_REC00006,2019,Feb,"Lucknow, Uttar Pradesh",Malaria Outbreak | Dengue Outbreak | TB Burden | Low Immunization | ASHA Worker Shortage,Low,171,NFHS,"Health data collection, fertility & mortality tracking, policy research"
F11_REC00007,2018,Jul,"Mysuru, Karnataka",Malaria Outbreak | Dengue Outbreak | ASHA Worker Shortage,High,162,Doctors For You,"Emergency medical relief, rural health camps, TB & dengue response"
F11_REC00008,2018,Feb,"Ahmedabad, Gujarat",Malaria Outbreak | Dengue Outbreak | TB Burden,Low,195,Doctors For You,"Emergency medical relief, rural health camps, TB & dengue response"
F11_REC00009,2018,Jan,"Surat, Gujarat",Malaria Outbreak | Dengue Outbreak | TB Burden,Medium,191,CARE India,"Maternal & child health, nutrition, immunization, emergency response"
F11_REC00010,2019,May,"Siliguri, West Bengal",Dengue Outbreak | TB Burden,Low,109,HMIS,"Health data reporting, facility monitoring, program evaluation"
F11_REC00011,2019,May,"Pune, Maharashtra",Malaria Outbreak | Dengue Outbreak | TB Burden | ASHA Worker Shortage,Low,178,NFHS,"Health data collection, fertility & mortality tracking, policy research"
F11_REC00012,2019,Mar,"Gaya, Bihar",Malaria Outbreak,Medium,80,NFHS,"Health data collection, fertility & mortality tracking, policy research"
F11_REC00013,2018,Feb,"Mumbai, Maharashtra",ASHA Worker Shortage,Medium,42,NFHS,"Health data collection, fertility & mortality tracking, policy research"
F11_REC00014,2018,Apr,"Hubli, Karnataka",General Health Monitoring,High,68,NHM,"Primary healthcare delivery, ASHA worker deployment, institutional delivery"
F11_REC00015,2019,Mar,"Coimbatore, Tamil Nadu",Dengue Outbreak | TB Burden | Low Immunization,Medium,170,NHM,"Primary healthcare delivery, ASHA worker deployment, institutional delivery"
F11_REC00016,2019,May,"Coimbatore, Tamil Nadu",Malaria Outbreak,Medium,64,HMIS,"Health data reporting, facility monitoring, program evaluation"
F11_REC00017,2019,Jul,"Ahmedabad, Gujarat",General Health Monitoring,Medium,52,NHM,"Primary healthcare delivery, ASHA worker deployment, institutional delivery"
F11_REC00018,2019,Feb,"Coimbatore, Tamil Nadu",Malaria Outbreak | Dengue Outbreak | TB Burden,High,218,Doctors For You,"Emergency medical relief, rural health camps, TB & dengue response"
F11_REC00019,2019,Jun,"Siliguri, West Bengal",Low Immunization | Low Institutional Deliveries | ASHA Worker Shortage,Medium,51,WHO India,"Disease monitoring, TB/malaria control, epidemiology, health system strengthening"
F11_REC00020,2018,Feb,"Bengaluru, Karnataka",Malaria Outbreak,Low,106,WHO India,"Disease monitoring, TB/malaria control, epidemiology, health system strengthening"
F11_REC00021,2019,Sep,"Madurai, Tamil Nadu",Malaria Outbreak | TB Burden,High,175,CARE India,"Maternal & child health, nutrition, immunization, emergency response"
F11_REC00022,2019,May,"Lucknow, Uttar Pradesh",Dengue Outbreak | TB Burden,High,122,NFHS,"Health data collection, fertility & mortality tracking, policy research"
F11_REC00023,2019,Jun,"Hubli, Karnataka",Malaria Outbreak,High,115,Doctors For You,"Emergency medical relief, rural health camps, TB & dengue response"
F11_REC00024,2019,Aug,"Agra, Uttar Pradesh",TB Burden | Low Immunization,High,131,WHO India,"Disease monitoring, TB/malaria control, epidemiology, health system strengthening"
F11_REC00025,2019,Jun,"Gaya, Bihar",Malaria Outbreak | TB Burden | Low Institutional Deliveries,High,166,Doctors For You,"Emergency medical relief, rural health camps, TB & dengue response"
F11_REC00026,2019,Feb,"Bengaluru, Karnataka",TB Burden,Medium,90,Doctors For You,"Emergency medical relief, rural health camps, TB & dengue response"
F11_REC00027,2018,Jun,"Pune, Maharashtra",Malaria Outbreak | TB Burden,High,187,NFHS,"Health data collection, fertility & mortality tracking, policy research"
F11_REC00028,2018,Jul,"Bengaluru, Karnataka",Dengue Outbreak | TB Burden,Medium,171,UNICEF India,"Child immunization, ANC support, nutrition, disease surveillance"
F11_REC00029,2019,Sep,"Ahmedabad, Gujarat",Dengue Outbreak | Low Immunization,Medium,92,WHO India,"Disease monitoring, TB/malaria control, epidemiology, health system strengthening"
F11_REC00030,2018,May,"Ahmedabad, Gujarat",Malaria Outbreak | Low Institutional Deliveries,High,132,Smile Foundation,"Primary healthcare, mobile health units, community outreach, mother-child welfare"
F11_REC00031,2018,Sep,"Hubli, Karnataka",ASHA Worker Shortage,Low,106,NFHS,"Health data collection, fertility & mortality tracking, policy research"
F11_REC00032,2019,Aug,"Chennai, Tamil Nadu",Malaria Outbreak | TB Burden | Low Immunization,High,122,WHO India,"Disease monitoring, TB/malaria control, epidemiology, health system strengthening"
F11_REC00033,2019,Jan,"Kolkata, West Bengal",Malaria Outbreak | Dengue Outbreak | TB Burden | Low Immunization | ASHA Worker Shortage,Medium,190,UNICEF India,"Child immunization, ANC support, nutrition, disease surveillance"
F11_REC00034,2019,Jul,"Mysuru, Karnataka",Malaria Outbreak | Low ANC Coverage,High,112,NHM,"Primary healthcare delivery, ASHA worker deployment, institutional delivery"
F11_REC00035,2019,Aug,"Hubli, Karnataka",Malaria Outbreak | Low ANC Coverage,Low,128,NFHS,"Health data collection, fertility & mortality tracking, policy research"
F11_REC00036,2018,Aug,"Pune, Maharashtra",Dengue Outbreak | TB Burden | Low Immunization,Low,113,WHO India,"Disease monitoring, TB/malaria control, epidemiology, health system strengthening"
F11_REC00037,2018,Jun,"Varanasi, Uttar Pradesh",Malaria Outbreak | Dengue Outbreak | TB Burden,Medium,168,CARE India,"Maternal & child health, nutrition, immunization, emergency response"
F11_REC00038,2018,May,"Agra, Uttar Pradesh",TB Burden | Low ANC Coverage,High,70,NHM,"Primary healthcare delivery, ASHA worker deployment, institutional delivery"
F11_REC00039,2018,Jun,"Muzaffarpur, Bihar",TB Burden | Low ANC Coverage,Low,83,UNICEF India,"Child immunization, ANC support, nutrition, disease surveillance"
F11_REC00040,2019,Sep,"Patna, Bihar",TB Burden,High,113,WHO India,"Disease monitoring, TB/malaria control, epidemiology, health system strengthening"
F11_REC00041,2019,Feb,"Bengaluru, Karnataka",Dengue Outbreak | TB Burden,High,147,UNICEF India,"Child immunization, ANC support, nutrition, disease surveillance"
F11_REC00042,2018,Sep,"Agra, Uttar Pradesh",ASHA Worker Shortage,Medium,72,Smile Foundation,"Primary healthcare, mobile health units, community outreach, mother-child welfare"
F11_REC00043,2018,Apr,"Kolkata, West Bengal",General Health Monitoring,High,63,NFHS,"Health data collection, fertility & mortality tracking, policy research"
F11_REC00044,2019,Jul,"Varanasi, Uttar Pradesh",Malaria Outbreak | Dengue Outbreak | TB Burden,Medium,167,Smile Foundation,"Primary healthcare, mobile health units, community outreach, mother-child welfare"
F11_REC00045,2018,Feb,"Varanasi, Uttar Pradesh",Malaria Outbreak | Low ANC Coverage | ASHA Worker Shortage,Low,118,UNICEF India,"Child immunization, ANC support, nutrition, disease surveillance"
F11_REC00046,2018,Mar,"Nagpur, Maharashtra",Malaria Outbreak | Low Immunization,Low,127,HMIS,"Health data reporting, facility monitoring, program evaluation"
F11_REC00047,2019,Jun,"Hubli, Karnataka",Malaria Outbreak | Low Immunization,Medium,92,WHO India,"Disease monitoring, TB/malaria control, epidemiology, health system strengthening"
F11_REC00048,2018,Apr,"Chennai, Tamil Nadu",Malaria Outbreak | Dengue Outbreak | TB Burden,Low,194,NHM,"Primary healthcare delivery, ASHA worker deployment, institutional delivery"
F11_REC00049,2019,Aug,"Coimbatore, Tamil Nadu",Malaria Outbreak | Dengue Outbreak | Low ANC Coverage,High,189,CARE India,"Maternal & child health, nutrition, immunization, emergency response"
F11_REC00050,2019,Feb,"Mysuru, Karnataka",Low Institutional Deliveries,Medium,48,HMIS,"Health data reporting, facility monitoring, program evaluation"
F11_REC00051,2018,Jul,"Kolkata, West Bengal",ASHA Worker Shortage,Medium,31,HMIS,"Health data reporting, facility monitoring, program evaluation"
F11_REC00052,2018,Jul,"Bengaluru, Karnataka",Malaria Outbreak | TB Burden,Low,164,CARE India,"Maternal & child health, nutrition, immunization, emergency response"
F11_REC00053,2018,May,"Howrah, West Bengal",Malaria Outbreak | TB Burden,Medium,136,Smile Foundation,"Primary healthcare, mobile health units, community outreach, mother-child welfare"
F11_REC00054,2018,Sep,"Gaya, Bihar",Malaria Outbreak | Low Immunization,High,92,Smile Foundation,"Primary healthcare, mobile health units, community outreach, mother-child welfare"
F11_REC00055,2018,Feb,"Bengaluru, Karnataka",Malaria Outbreak | Dengue Outbreak | TB Burden,Low,201,Doctors For You,"Emergency medical relief, rural health camps, TB & dengue response"
F11_REC00056,2018,Jan,"Mysuru, Karnataka",Malaria Outbreak | TB Burden,High,137,CARE India,"Maternal & child health, nutrition, immunization, emergency response"
F11_REC00057,2018,Jan,"Siliguri, West Bengal",TB Burden | Low ANC Coverage,Low,128,Smile Foundation,"Primary healthcare, mobile health units, community outreach, mother-child welfare"
F11_REC00058,2018,Jan,"Lucknow, Uttar Pradesh",Dengue Outbreak | TB Burden | Low ANC Coverage | Low Institutional Deliveries,Medium,164,UNICEF India,"Child immunization, ANC support, nutrition, disease surveillance"
F11_REC00059,2018,Apr,"Nagpur, Maharashtra",Malaria Outbreak | Dengue Outbreak,Low,158,CARE India,"Maternal & child health, nutrition, immunization, emergency response"
F11_REC00060,2019,Jun,"Nagpur, Maharashtra",Malaria Outbreak | Dengue Outbreak | TB Burden,Low,193,UNICEF India,"Child immunization, ANC support, nutrition, disease surveillance"
F11_REC00061,2019,Jun,"Vadodara, Gujarat",Malaria Outbreak | Dengue Outbreak | TB Burden,Low,170,Doctors For You,"Emergency medical relief, rural health camps, TB & dengue response"
F11_REC00062,2018,Feb,"Varanasi, Uttar Pradesh",Malaria Outbreak | Dengue Outbreak | ASHA Worker Shortage,Medium,170,WHO India,"Disease monitoring, TB/malaria control, epidemiology, health system strengthening"
F11_REC00063,2018,Apr,"Surat, Gujarat",Dengue Outbreak,Low,80,CARE India,"Maternal & child health, nutrition, immunization, emergency response"
F11_REC00064,2019,Sep,"Mumbai, Maharashtra",Dengue Outbreak,High,100,CARE India,"Maternal & child health, nutrition, immunization, emergency response"
F11_REC00065,2019,Jun,"Agra, Uttar Pradesh",Malaria Outbreak,Low,128,Smile Foundation,"Primary healthcare, mobile health units, community outreach, mother-child welfare"
F11_REC00066,2019,Aug,"Agra, Uttar Pradesh",Malaria Outbreak,High,119,NFHS,"Health data collection, fertility & mortality tracking, policy research"
F11_REC00067,2018,Jan,"Agra, Uttar Pradesh",Malaria Outbreak | Dengue Outbreak,Medium,193,NHM,"Primary healthcare delivery, ASHA worker deployment, institutional delivery"
F11_REC00068,2018,Apr,"Nagpur, Maharashtra",General Health Monitoring,Medium,60,WHO India,"Disease monitoring, TB/malaria control, epidemiology, health system strengthening"
F11_REC00069,2019,Mar,"Vadodara, Gujarat",Dengue Outbreak | TB Burden,High,135,Doctors For You,"Emergency medical relief, rural health camps, TB & dengue response"
F11_REC00070,2018,Sep,"Vadodara, Gujarat",Malaria Outbreak | Dengue Outbreak | TB Burden,Low,231,Doctors For You,"Emergency medical relief, rural health camps, TB & dengue response"
F11_REC00071,2018,Apr,"Madurai, Tamil Nadu",Dengue Outbreak | TB Burden,High,155,CARE India,"Maternal & child health, nutrition, immunization, emergency response"
F11_REC00072,2019,Aug,"Howrah, West Bengal",Dengue Outbreak | TB Burden,Low,185,NHM,"Primary healthcare delivery, ASHA worker deployment, institutional delivery"
F11_REC00073,2019,Sep,"Varanasi, Uttar Pradesh",Malaria Outbreak,High,95,WHO India,"Disease monitoring, TB/malaria control, epidemiology, health system strengthening"
F11_REC00074,2018,Mar,"Surat, Gujarat",Malaria Outbreak,Medium,97,HMIS,"Health data reporting, facility monitoring, program evaluation"
F11_REC00075,2018,Jan,"Lucknow, Uttar Pradesh",Malaria Outbreak | Dengue Outbreak | TB Burden,Medium,193,UNICEF India,"Child immunization, ANC support, nutrition, disease surveillance"
F11_REC00076,2019,Sep,"Gaya, Bihar",Malaria Outbreak | Dengue Outbreak | ASHA Worker Shortage,Low,154,Doctors For You,"Emergency medical relief, rural health camps, TB & dengue response"
F11_REC00077,2019,Apr,"Vadodara, Gujarat",Dengue Outbreak | TB Burden,Low,150,NHM,"Primary healthcare delivery, ASHA worker deployment, institutional delivery"
F11_REC00078,2018,Feb,"Pune, Maharashtra",Malaria Outbreak | TB Burden | Low ANC Coverage,Medium,126,HMIS,"Health data reporting, facility monitoring, program evaluation"
F11_REC00079,2019,Aug,"Gaya, Bihar",Dengue Outbreak | TB Burden,Medium,163,WHO India,"Disease monitoring, TB/malaria control, epidemiology, health system strengthening"
F11_REC00080,2018,Mar,"Surat, Gujarat",Malaria Outbreak | Dengue Outbreak | TB Burden | Low Institutional Deliveries,High,209,CARE India,"Maternal & child health, nutrition, immunization, emergency response"
F11_REC00081,2019,Jun,"Varanasi, Uttar Pradesh",Dengue Outbreak | TB Burden | Low ANC Coverage,High,129,HMIS,"Health data reporting, facility monitoring, program evaluation"
F11_REC00082,2018,Jul,"Madurai, Tamil Nadu",TB Burden | Low ANC Coverage,Low,118,Smile Foundation,"Primary healthcare, mobile health units, community outreach, mother-child welfare"
F11_REC00083,2019,May,"Madurai, Tamil Nadu",Malaria Outbreak | Dengue Outbreak | TB Burden | Low Institutional Deliveries,Medium,188,Doctors For You,"Emergency medical relief, rural health camps, TB & dengue response"
F11_REC00084,2018,Apr,"Muzaffarpur, Bihar",Malaria Outbreak,Low,95,UNICEF India,"Child immunization, ANC support, nutrition, disease surveillance"
F11_REC00085,2018,Mar,"Howrah, West Bengal",Dengue Outbreak,High,89,NFHS,"Health data collection, fertility & mortality tracking, policy research"
F11_REC00086,2018,Jul,"Muzaffarpur, Bihar",TB Burden | Low Institutional Deliveries,Medium,109,Smile Foundation,"Primary healthcare, mobile health units, community outreach, mother-child welfare"
F11_REC00087,2019,Mar,"Bengaluru, Karnataka",Dengue Outbreak | TB Burden | ASHA Worker Shortage,High,146,CARE India,"Maternal & child health, nutrition, immunization, emergency response"
F11_REC00088,2018,Feb,"Hubli, Karnataka",General Health Monitoring,High,110,WHO India,"Disease monitoring, TB/malaria control, epidemiology, health system strengthening"
F11_REC00089,2019,Aug,"Howrah, West Bengal",Dengue Outbreak | TB Burden,Medium,104,WHO India,"Disease monitoring, TB/malaria control, epidemiology, health system strengthening"
F11_REC00090,2018,Feb,"Hubli, Karnataka",Dengue Outbreak | Low Institutional Deliveries,High,113,NFHS,"Health data collection, fertility & mortality tracking, policy research"
F11_REC00091,2018,Aug,"Nagpur, Maharashtra",Malaria Outbreak,High,108,HMIS,"Health data reporting, facility monitoring, program evaluation"
F11_REC00092,2018,Jul,"Howrah, West Bengal",TB Burden | Low Immunization,Low,100,CARE India,"Maternal & child health, nutrition, immunization, emergency response"
F11_REC00093,2019,Jan,"Surat, Gujarat",General Health Monitoring,Medium,38,UNICEF India,"Child immunization, ANC support, nutrition, disease surveillance"
F11_REC00094,2019,Feb,"Hubli, Karnataka",Dengue Outbreak,Low,97,UNICEF India,"Child immunization, ANC support, nutrition, disease surveillance"
F11_REC00095,2018,Jan,"Chennai, Tamil Nadu",Malaria Outbreak | Dengue Outbreak | TB Burden | ASHA Worker Shortage,Low,181,HMIS,"Health data reporting, facility monitoring, program evaluation"
F11_REC00096,2019,Jan,"Nagpur, Maharashtra",Dengue Outbreak | Low ANC Coverage,Low,105,HMIS,"Health data reporting, facility monitoring, program evaluation"
F11_REC00097,2019,Mar,"Patna, Bihar",Dengue Outbreak | TB Burden,High,163,WHO India,"Disease monitoring, TB/malaria control, epidemiology, health system strengthening"
F11_REC00098,2018,May,"Lucknow, Uttar Pradesh",Malaria Outbreak | Dengue Outbreak | TB Burden | Low Institutional Deliveries,High,244,WHO India,"Disease monitoring, TB/malaria control, epidemiology, health system strengthening"
F11_REC00099,2018,Feb,"Pune, Maharashtra",Malaria Outbreak | Low ANC Coverage,Medium,72,CARE India,"Maternal & child health, nutrition, immunization, emergency response"
F11_REC00100,2019,Jul,"Muzaffarpur, Bihar",TB Burden,Low,104,HMIS,"Health data reporting, facility monitoring, program evaluation"
F11_REC00101,2018,Mar,"Madurai, Tamil Nadu",ASHA Worker Shortage,High,61,WHO India,"Disease monitoring, TB/malaria control, epidemiology, health system strengthening"
F11_REC00102,2018,May,"Agra, Uttar Pradesh",Malaria Outbreak | TB Burden | ASHA Worker Shortage,Low,122,NHM,"Primary healthcare delivery, ASHA worker deployment, institutional delivery"
F11_REC00103,2018,Jul,"Pune, Maharashtra",Malaria Outbreak | Dengue Outbreak | Low ANC Coverage | Low Institutional Deliveries | ASHA Worker Shortage,High,148,HMIS,"Health data reporting, facility monitoring, program evaluation"
F11_REC00104,2018,Jun,"Ahmedabad, Gujarat",Malaria Outbreak | Dengue Outbreak | TB Burden,Low,207,HMIS,"Health data reporting, facility monitoring, program evaluation"
F11_REC00105,2018,Mar,"Bengaluru, Karnataka",Malaria Outbreak | Dengue Outbreak | Low ANC Coverage,Low,144,CARE India,"Maternal & child health, nutrition, immunization, emergency response"
F11_REC00106,2018,Feb,"Nagpur, Maharashtra",TB Burden | ASHA Worker Shortage,Medium,84,CARE India,"Maternal & child health, nutrition, immunization, emergency response"
F11_REC00107,2019,Aug,"Lucknow, Uttar Pradesh",Malaria Outbreak | Dengue Outbreak | TB Burden | Low Institutional Deliveries,High,208,Smile Foundation,"Primary healthcare, mobile health units, community outreach, mother-child welfare"
F11_REC00108,2019,May,"Surat, Gujarat",Malaria Outbreak | TB Burden,High,136,WHO India,"Disease monitoring, TB/malaria control, epidemiology, health system strengthening"
F11_REC00109,2019,Feb,"Varanasi, Uttar Pradesh",Malaria Outbreak | Dengue Outbreak | TB Burden,Medium,200,NFHS,"Health data collection, fertility & mortality tracking, policy research"
F11_REC00110,2018,Jul,"Surat, Gujarat",Dengue Outbreak | Low Institutional Deliveries,Medium,64,Smile Foundation,"Primary healthcare, mobile health units, community outreach, mother-child welfare"
F11_REC00111,2018,Mar,"Varanasi, Uttar Pradesh",Malaria Outbreak | Dengue Outbreak | TB Burden,Low,154,WHO India,"Disease monitoring, TB/malaria control, epidemiology, health system strengthening"
F11_REC00112,2019,Feb,"Nagpur, Maharashtra",Dengue Outbreak | TB Burden,Low,118,Doctors For You,"Emergency medical relief, rural health camps, TB & dengue response"
F11_REC00113,2019,Jan,"Vadodara, Gujarat",Dengue Outbreak | Low ANC Coverage | Low Institutional Deliveries,Medium,120,NHM,"Primary healthcare delivery, ASHA worker deployment, institutional delivery"
F11_REC00114,2019,Mar,"Agra, Uttar Pradesh",TB Burden | ASHA Worker Shortage,Low,97,UNICEF India,"Child immunization, ANC support, nutrition, disease surveillance"
F11_REC00115,2018,Jan,"Patna, Bihar",General Health Monitoring,High,45,Smile Foundation,"Primary healthcare, mobile health units, community outreach, mother-child welfare"
F11_REC00116,2019,Jul,"Patna, Bihar",Dengue Outbreak | TB Burden,Low,168,Smile Foundation,"Primary healthcare, mobile health units, community outreach, mother-child welfare"
F11_REC00117,2019,Feb,"Pune, Maharashtra",Dengue Outbreak | TB Burden | Low Immunization | ASHA Worker Shortage,Medium,111,CARE India,"Maternal & child health, nutrition, immunization, emergency response"
F11_REC00118,2019,Aug,"Patna, Bihar",Dengue Outbreak | Low Immunization | Low ANC Coverage,Low,102,NFHS,"Health data collection, fertility & mortality tracking, policy research"
F11_REC00119,2018,Aug,"Vadodara, Gujarat",TB Burden,Medium,99,UNICEF India,"Child immunization, ANC support, nutrition, disease surveillance"
F11_REC00120,2019,Jan,"Pune, Maharashtra",Malaria Outbreak | Dengue Outbreak | TB Burden,Medium,161,UNICEF India,"Child immunization, ANC support, nutrition, disease surveillance"
F11_REC00121,2018,Feb,"Vadodara, Gujarat",Malaria Outbreak,Medium,130,Doctors For You,"Emergency medical relief, rural health camps, TB & dengue response"
F11_REC00122,2019,Jun,"Madurai, Tamil Nadu",TB Burden,High,104,NHM,"Primary healthcare delivery, ASHA worker deployment, institutional delivery"
F11_REC00123,2018,Feb,"Muzaffarpur, Bihar",Malaria Outbreak | Dengue Outbreak,Low,132,CARE India,"Maternal & child health, nutrition, immunization, emergency response"
F11_REC00124,2018,Jul,"Howrah, West Bengal",Malaria Outbreak | Dengue Outbreak | TB Burden,High,190,HMIS,"Health data reporting, facility monitoring, program evaluation"
F11_REC00125,2018,Apr,"Vadodara, Gujarat",Malaria Outbreak,High,164,Smile Foundation,"Primary healthcare, mobile health units, community outreach, mother-child welfare"
F11_REC00126,2019,Feb,"Vadodara, Gujarat",TB Burden,Low,68,Smile Foundation,"Primary healthcare, mobile health units, community outreach, mother-child welfare"
F11_REC00127,2018,May,"Hubli, Karnataka",Malaria Outbreak | ASHA Worker Shortage,Medium,74,Smile Foundation,"Primary healthcare, mobile health units, community outreach, mother-child welfare"
F11_REC00128,2019,Sep,"Bengaluru, Karnataka",Dengue Outbreak | TB Burden | Low ANC Coverage,Medium,134,Smile Foundation,"Primary healthcare, mobile health units, community outreach, mother-child welfare"
F11_REC00129,2019,Jul,"Nagpur, Maharashtra",Dengue Outbreak | TB Burden,Low,134,CARE India,"Maternal & child health, nutrition, immunization, emergency response"
F11_REC00130,2019,Sep,"Nagpur, Maharashtra",Dengue Outbreak | TB Burden,High,167,HMIS,"Health data reporting, facility monitoring, program evaluation"
F11_REC00131,2019,Jan,"Vadodara, Gujarat",Dengue Outbreak | TB Burden,High,139,WHO India,"Disease monitoring, TB/malaria control, epidemiology, health system strengthening"
F11_REC00132,2019,Jun,"Kolkata, West Bengal",Dengue Outbreak | TB Burden | Low Institutional Deliveries,Medium,138,Smile Foundation,"Primary healthcare, mobile health units, community outreach, mother-child welfare"
F11_REC00133,2018,Mar,"Patna, Bihar",Malaria Outbreak | Dengue Outbreak | TB Burden,Medium,171,CARE India,"Maternal & child health, nutrition, immunization, emergency response"
F11_REC00134,2019,Apr,"Mumbai, Maharashtra",Malaria Outbreak | Low ANC Coverage,Low,167,Smile Foundation,"Primary healthcare, mobile health units, community outreach, mother-child welfare"
F11_REC00135,2018,Jan,"Surat, Gujarat",Malaria Outbreak | Dengue Outbreak | TB Burden,Low,150,UNICEF India,"Child immunization, ANC support, nutrition, disease surveillance"
F11_REC00136,2019,May,"Coimbatore, Tamil Nadu",Malaria Outbreak | TB Burden | Low ANC Coverage | ASHA Worker Shortage,Low,126,UNICEF India,"Child immunization, ANC support, nutrition, disease surveillance"
F11_REC00137,2018,Apr,"Gaya, Bihar",Malaria Outbreak | Dengue Outbreak | Low Immunization | ASHA Worker Shortage,High,159,HMIS,"Health data reporting, facility monitoring, program evaluation"
F11_REC00138,2018,May,"Agra, Uttar Pradesh",Malaria Outbreak | Low ANC Coverage,Low,169,HMIS,"Health data reporting, facility monitoring, program evaluation"
F11_REC00139,2019,Aug,"Ahmedabad, Gujarat",Malaria Outbreak | Dengue Outbreak | ASHA Worker Shortage,Medium,172,HMIS,"Health data reporting, facility monitoring, program evaluation"
F11_REC00140,2019,Apr,"Coimbatore, Tamil Nadu",Malaria Outbreak,Medium,108,CARE India,"Maternal & child health, nutrition, immunization, emergency response"
F11_REC00141,2018,Jun,"Siliguri, West Bengal",Malaria Outbreak | Low Institutional Deliveries,High,133,UNICEF India,"Child immunization, ANC support, nutrition, disease surveillance"
F11_REC00142,2018,Jun,"Pune, Maharashtra",Malaria Outbreak | Dengue Outbreak,High,116,NFHS,"Health data collection, fertility & mortality tracking, policy research"
F11_REC00143,2019,Sep,"Siliguri, West Bengal",Malaria Outbreak | TB Burden,High,182,CARE India,"Maternal & child health, nutrition, immunization, emergency response"
F11_REC00144,2018,Mar,"Muzaffarpur, Bihar",Malaria Outbreak | Dengue Outbreak | TB Burden | ASHA Worker Shortage,Low,203,WHO India,"Disease monitoring, TB/malaria control, epidemiology, health system strengthening"
F11_REC00145,2018,Feb,"Mumbai, Maharashtra",Dengue Outbreak | ASHA Worker Shortage,Low,150,NFHS,"Health data collection, fertility & mortality tracking, policy research"
F11_REC00146,2019,Sep,"Gaya, Bihar",Malaria Outbreak | TB Burden,Medium,141,Smile Foundation,"Primary healthcare, mobile health units, community outreach, mother-child welfare"
F11_REC00147,2018,May,"Varanasi, Uttar Pradesh",Dengue Outbreak | TB Burden,Medium,138,CARE India,"Maternal & child health, nutrition, immunization, emergency response"
F11_REC00148,2018,Jan,"Varanasi, Uttar Pradesh",Malaria Outbreak | Low Institutional Deliveries,Medium,142,HMIS,"Health data reporting, facility monitoring, program evaluation"
F11_REC00149,2018,Aug,"Patna, Bihar",General Health Monitoring,Low,46,NFHS,"Health data collection, fertility & mortality tracking, policy research"
F11_REC00150,2019,Mar,"Lucknow, Uttar Pradesh",Low Immunization,Low,35,WHO India,"Disease monitoring, TB/malaria control, epidemiology, health system strengthening"
F11_REC00151,2018,Apr,"Patna, Bihar",Malaria Outbreak | TB Burden | Low ANC Coverage | ASHA Worker Shortage,Low,149,UNICEF India,"Child immunization, ANC support, nutrition, disease surveillance"
F11_REC00152,2019,Mar,"Surat, Gujarat",Malaria Outbreak | Dengue Outbreak | Low ANC Coverage,Low,160,NHM,"Primary healthcare delivery, ASHA worker deployment, institutional delivery"
F11_REC00153,2018,Feb,"Coimbatore, Tamil Nadu",Malaria Outbreak | Dengue Outbreak,Low,178,Doctors For You,"Emergency medical relief, rural health camps, TB & dengue response"
F11_REC00154,2018,Jul,"Varanasi, Uttar Pradesh",Dengue Outbreak | TB Burden | Low Immunization,Low,145,CARE India,"Maternal & child health, nutrition, immunization, emergency response"
F11_REC00155,2018,Sep,"Madurai, Tamil Nadu",Malaria Outbreak | Dengue Outbreak,High,162,NHM,"Primary healthcare delivery, ASHA worker deployment, institutional delivery"
F11_REC00156,2019,May,"Hubli, Karnataka",Dengue Outbreak | TB Burden,Medium,136,UNICEF India,"Child immunization, ANC support, nutrition, disease surveillance"
F11_REC00157,2018,Apr,"Patna, Bihar",TB Burden,Low,103,WHO India,"Disease monitoring, TB/malaria control, epidemiology, health system strengthening"
F11_REC00158,2019,Mar,"Pune, Maharashtra",TB Burden | Low ANC Coverage,Low,124,HMIS,"Health data reporting, facility monitoring, program evaluation"
F11_REC00159,2019,Aug,"Mumbai, Maharashtra",Malaria Outbreak | Low Institutional Deliveries,High,90,Doctors For You,"Emergency medical relief, rural health camps, TB & dengue response"
F11_REC00160,2018,Jan,"Madurai, Tamil Nadu",Malaria Outbreak | Dengue Outbreak | TB Burden,High,197,CARE India,"Maternal & child health, nutrition, immunization, emergency response"
F11_REC00161,2018,Feb,"Muzaffarpur, Bihar",Malaria Outbreak | Dengue Outbreak | TB Burden,Medium,187,Smile Foundation,"Primary healthcare, mobile health units, community outreach, mother-child welfare"
F11_REC00162,2018,Feb,"Surat, Gujarat",Malaria Outbreak | Dengue Outbreak,Low,148,UNICEF India,"Child immunization, ANC support, nutrition, disease surveillance"
F11_REC00163,2019,Apr,"Patna, Bihar",Malaria Outbreak | TB Burden | ASHA Worker Shortage,Low,164,Doctors For You,"Emergency medical relief, rural health camps, TB & dengue response"
F11_REC00164,2019,Feb,"Varanasi, Uttar Pradesh",General Health Monitoring,High,62,Doctors For You,"Emergency medical relief, rural health camps, TB & dengue response"
F11_REC00165,2019,Jul,"Surat, Gujarat",Dengue Outbreak | TB Burden,High,159,NFHS,"Health data collection, fertility & mortality tracking, policy research"
F11_REC00166,2018,Aug,"Surat, Gujarat",Dengue Outbreak | Low ANC Coverage,Low,72,Doctors For You,"Emergency medical relief, rural health camps, TB & dengue response"
F11_REC00167,2018,Jan,"Varanasi, Uttar Pradesh",TB Burden | Low Immunization | Low Institutional Deliveries | ASHA Worker Shortage,High,117,NFHS,"Health data collection, fertility & mortality tracking, policy research"
F11_REC00168,2018,Feb,"Agra, Uttar Pradesh",Malaria Outbreak | Dengue Outbreak | TB Burden,Low,182,NFHS,"Health data collection, fertility & mortality tracking, policy research"
F11_REC00169,2018,Jan,"Nagpur, Maharashtra",Malaria Outbreak | TB Burden | Low ANC Coverage,Medium,115,NHM,"Primary healthcare delivery, ASHA worker deployment, institutional delivery"
F11_REC00170,2019,Apr,"Agra, Uttar Pradesh",Dengue Outbreak | TB Burden,High,154,CARE India,"Maternal & child health, nutrition, immunization, emergency response"
F11_REC00171,2019,Jul,"Coimbatore, Tamil Nadu",Dengue Outbreak,Medium,66,WHO India,"Disease monitoring, TB/malaria control, epidemiology, health system strengthening"
F11_REC00172,2018,Feb,"Patna, Bihar",Malaria Outbreak | Dengue Outbreak | Low Institutional Deliveries,Low,191,HMIS,"Health data reporting, facility monitoring, program evaluation"
F11_REC00173,2018,May,"Kolkata, West Bengal",Malaria Outbreak,Low,136,NFHS,"Health data collection, fertility & mortality tracking, policy research"
F11_REC00174,2019,Jul,"Gaya, Bihar",Malaria Outbreak | TB Burden | Low ANC Coverage | ASHA Worker Shortage,Low,185,UNICEF India,"Child immunization, ANC support, nutrition, disease surveillance"
F11_REC00175,2019,Apr,"Coimbatore, Tamil Nadu",General Health Monitoring,Low,56,Doctors For You,"Emergency medical relief, rural health camps, TB & dengue response"
F11_REC00176,2019,Mar,"Nagpur, Maharashtra",Malaria Outbreak | TB Burden,High,123,NHM,"Primary healthcare delivery, ASHA worker deployment, institutional delivery"
F11_REC00177,2019,May,"Gaya, Bihar",Malaria Outbreak | Low Institutional Deliveries,Medium,127,HMIS,"Health data reporting, facility monitoring, program evaluation"
F11_REC00178,2019,Mar,"Mysuru, Karnataka",TB Burden,High,107,NHM,"Primary healthcare delivery, ASHA worker deployment, institutional delivery"
F11_REC00179,2019,Feb,"Siliguri, West Bengal",Dengue Outbreak,High,130,Smile Foundation,"Primary healthcare, mobile health units, community outreach, mother-child welfare"
F11_REC00180,2019,Feb,"Gaya, Bihar",Dengue Outbreak | Low Immunization,Medium,67,NFHS,"Health data collection, fertility & mortality tracking, policy research"
F11_REC00181,2018,Feb,"Hubli, Karnataka",Malaria Outbreak | Dengue Outbreak | TB Burden,Low,161,HMIS,"Health data reporting, facility monitoring, program evaluation"
F11_REC00182,2019,Jun,"Varanasi, Uttar Pradesh",Malaria Outbreak | Dengue Outbreak | TB Burden | Low Immunization,Low,178,Doctors For You,"Emergency medical relief, rural health camps, TB & dengue response"
F11_REC00183,2018,Sep,"Coimbatore, Tamil Nadu",Malaria Outbreak,Medium,104,HMIS,"Health data reporting, facility monitoring, program evaluation"
F11_REC00184,2018,May,"Surat, Gujarat",Malaria Outbreak,Low,147,Smile Foundation,"Primary healthcare, mobile health units, community outreach, mother-child welfare"
F11_REC00185,2019,May,"Lucknow, Uttar Pradesh",Malaria Outbreak | Dengue Outbreak | TB Burden,Medium,204,NFHS,"Health data collection, fertility & mortality tracking, policy research"
F11_REC00186,2018,May,"Kolkata, West Bengal",Malaria Outbreak | Dengue Outbreak | TB Burden,High,164,Doctors For You,"Emergency medical relief, rural health camps, TB & dengue response"
F11_REC00187,2019,Feb,"Lucknow, Uttar Pradesh",Malaria Outbreak | TB Burden,Low,131,Smile Foundation,"Primary healthcare, mobile health units, community outreach, mother-child welfare"
F11_REC00188,2018,Jun,"Lucknow, Uttar Pradesh",Malaria Outbreak | TB Burden | Low Immunization,High,146,CARE India,"Maternal & child health, nutrition, immunization, emergency response"
F11_REC00189,2018,Aug,"Vadodara, Gujarat",Malaria Outbreak | Dengue Outbreak | TB Burden,Medium,176,NHM,"Primary healthcare delivery, ASHA worker deployment, institutional delivery"
F11_REC00190,2019,Jan,"Pune, Maharashtra",Malaria Outbreak | TB Burden | ASHA Worker Shortage,Low,123,NHM,"Primary healthcare delivery, ASHA worker deployment, institutional delivery"
F11_REC00191,2019,Mar,"Siliguri, West Bengal",General Health Monitoring,High,84,CARE India,"Maternal & child health, nutrition, immunization, emergency response"
F11_REC00192,2019,May,"Mysuru, Karnataka",Malaria Outbreak | Low Immunization,Low,102,NFHS,"Health data collection, fertility & mortality tracking, policy research"
F11_REC00193,2018,Aug,"Vadodara, Gujarat",Malaria Outbreak | Dengue Outbreak | TB Burden,Medium,156,UNICEF India,"Child immunization, ANC support, nutrition, disease surveillance"
F11_REC00194,2019,Aug,"Howrah, West Bengal",Malaria Outbreak | Dengue Outbreak | Low Institutional Deliveries,Low,133,HMIS,"Health data reporting, facility monitoring, program evaluation"
F11_REC00195,2019,Feb,"Pune, Maharashtra",TB Burden,High,76,NFHS,"Health data collection, fertility & mortality tracking, policy research"
F11_REC00196,2018,Jul,"Kolkata, West Bengal",TB Burden | Low Immunization,High,65,Smile Foundation,"Primary healthcare, mobile health units, community outreach, mother-child welfare"
F11_REC00197,2018,Apr,"Kolkata, West Bengal",Malaria Outbreak | Dengue Outbreak,Low,217,Smile Foundation,"Primary healthcare, mobile health units, community outreach, mother-child welfare"
F11_REC00198,2018,Sep,"Bengaluru, Karnataka",Malaria Outbreak | Dengue Outbreak | TB Burden,Medium,215,Doctors For You,"Emergency medical relief, rural health camps, TB & dengue response"
F11_REC00199,2019,May,"Siliguri, West Bengal",Malaria Outbreak | Dengue Outbreak | TB Burden,High,195,WHO India,"Disease monitoring, TB/malaria control, epidemiology, health system strengthening"
F12_REC00000,2021,Jan,"Lucknow, Uttar Pradesh",Dengue Outbreak,Medium,127,UNICEF India,"Child immunization, ANC support, nutrition, disease surveillance"
F12_REC00001,2021,Sep,"Chennai, Tamil Nadu",Malaria Outbreak | Dengue Outbreak | Low Institutional Deliveries | ASHA Worker Shortage,High,180,CARE India,"Maternal & child health, nutrition, immunization, emergency response"
F12_REC00002,2022,Feb,"Vadodara, Gujarat",General Health Monitoring,High,22,Doctors For You,"Emergency medical relief, rural health camps, TB & dengue response"
F12_REC00003,2021,Apr,"Ahmedabad, Gujarat",Malaria Outbreak | Dengue Outbreak,Low,191,HMIS,"Health data reporting, facility monitoring, program evaluation"
F12_REC00004,2021,May,"Bengaluru, Karnataka",Malaria Outbreak | TB Burden,High,141,Smile Foundation,"Primary healthcare, mobile health units, community outreach, mother-child welfare"
F12_REC00005,2022,Apr,"Mysuru, Karnataka",Malaria Outbreak | Dengue Outbreak,High,170,HMIS,"Health data reporting, facility monitoring, program evaluation"
F12_REC00006,2021,Jun,"Lucknow, Uttar Pradesh",Malaria Outbreak,Low,160,Doctors For You,"Emergency medical relief, rural health camps, TB & dengue response"
F12_REC00007,2022,Jul,"Gaya, Bihar",Malaria Outbreak,Medium,135,WHO India,"Disease monitoring, TB/malaria control, epidemiology, health system strengthening"
F12_REC00008,2022,Jan,"Siliguri, West Bengal",Malaria Outbreak | TB Burden,Low,203,HMIS,"Health data reporting, facility monitoring, program evaluation"
F12_REC00009,2022,Jun,"Patna, Bihar",Dengue Outbreak | TB Burden,Medium,134,Smile Foundation,"Primary healthcare, mobile health units, community outreach, mother-child welfare"
F12_REC00010,2021,May,"Kolkata, West Bengal",Malaria Outbreak | TB Burden | Low Immunization,Low,128,WHO India,"Disease monitoring, TB/malaria control, epidemiology, health system strengthening"
F12_REC00011,2021,Jul,"Patna, Bihar",Malaria Outbreak | Dengue Outbreak | TB Burden,High,248,WHO India,"Disease monitoring, TB/malaria control, epidemiology, health system strengthening"
F12_REC00012,2021,Sep,"Varanasi, Uttar Pradesh",Malaria Outbreak | TB Burden,Low,107,NHM,"Primary healthcare delivery, ASHA worker deployment, institutional delivery"
F12_REC00013,2021,Aug,"Hubli, Karnataka",Malaria Outbreak | TB Burden,High,158,NFHS,"Health data collection, fertility & mortality tracking, policy research"
F12_REC00014,2022,Apr,"Chennai, Tamil Nadu",TB Burden,High,110,CARE India,"Maternal & child health, nutrition, immunization, emergency response"
F12_REC00015,2022,Mar,"Siliguri, West Bengal",Malaria Outbreak | Dengue Outbreak | TB Burden | Low ANC Coverage | Low Institutional Deliveries,Low,217,NFHS,"Health data collection, fertility & mortality tracking, policy research"
F12_REC00016,2022,Feb,"Vadodara, Gujarat",Malaria Outbreak | Dengue Outbreak,Medium,159,Doctors For You,"Emergency medical relief, rural health camps, TB & dengue response"
F12_REC00017,2022,Aug,"Lucknow, Uttar Pradesh",Low Institutional Deliveries,High,50,Doctors For You,"Emergency medical relief, rural health camps, TB & dengue response"
F12_REC00018,2022,Feb,"Lucknow, Uttar Pradesh",TB Burden,High,82,HMIS,"Health data reporting, facility monitoring, program evaluation"
F12_REC00019,2021,Sep,"Mumbai, Maharashtra",TB Burden | Low Institutional Deliveries,Medium,108,HMIS,"Health data reporting, facility monitoring, program evaluation"
F12_REC00020,2022,Mar,"Kolkata, West Bengal",TB Burden,Medium,106,CARE India,"Maternal & child health, nutrition, immunization, emergency response"
F12_REC00021,2022,Sep,"Coimbatore, Tamil Nadu",General Health Monitoring,Medium,73,Doctors For You,"Emergency medical relief, rural health camps, TB & dengue response"
F12_REC00022,2021,Jun,"Madurai, Tamil Nadu",Malaria Outbreak | Dengue Outbreak | TB Burden,High,187,HMIS,"Health data reporting, facility monitoring, program evaluation"
F12_REC00023,2022,Feb,"Coimbatore, Tamil Nadu",Dengue Outbreak | Low ANC Coverage,Medium,73,NHM,"Primary healthcare delivery, ASHA worker deployment, institutional delivery"
F12_REC00024,2021,Jul,"Agra, Uttar Pradesh",Malaria Outbreak | Dengue Outbreak | TB Burden | Low Immunization | Low Institutional Deliveries,Low,181,UNICEF India,"Child immunization, ANC support, nutrition, disease surveillance"
F12_REC00025,2021,Apr,"Lucknow, Uttar Pradesh",Dengue Outbreak | TB Burden,Low,135,NHM,"Primary healthcare delivery, ASHA worker deployment, institutional delivery"
F12_REC00026,2021,Mar,"Coimbatore, Tamil Nadu",Malaria Outbreak | Dengue Outbreak | TB Burden | Low Institutional Deliveries,Low,160,HMIS,"Health data reporting, facility monitoring, program evaluation"
F12_REC00027,2022,Aug,"Surat, Gujarat",Malaria Outbreak | TB Burden | Low ANC Coverage,High,171,HMIS,"Health data reporting, facility monitoring, program evaluation"
F12_REC00028,2021,Jul,"Lucknow, Uttar Pradesh",Malaria Outbreak | Low ANC Coverage,Medium,113,Doctors For You,"Emergency medical relief, rural health camps, TB & dengue response"
F12_REC00029,2022,May,"Mysuru, Karnataka",Malaria Outbreak,Medium,128,NHM,"Primary healthcare delivery, ASHA worker deployment, institutional delivery"
F12_REC00030,2022,Jun,"Mysuru, Karnataka",TB Burden,High,58,UNICEF India,"Child immunization, ANC support, nutrition, disease surveillance"
F12_REC00031,2021,Aug,"Madurai, Tamil Nadu",Malaria Outbreak | TB Burden,Low,149,Doctors For You,"Emergency medical relief, rural health camps, TB & dengue response"
F12_REC00032,2022,Sep,"Nagpur, Maharashtra",Dengue Outbreak | TB Burden,Medium,137,NFHS,"Health data collection, fertility & mortality tracking, policy research"
F12_REC00033,2021,Aug,"Patna, Bihar",Dengue Outbreak | TB Burden | Low Immunization | ASHA Worker Shortage,Low,104,UNICEF India,"Child immunization, ANC support, nutrition, disease surveillance"
F12_REC00034,2021,Sep,"Kolkata, West Bengal",TB Burden,Low,103,CARE India,"Maternal & child health, nutrition, immunization, emergency response"
F12_REC00035,2022,Jul,"Varanasi, Uttar Pradesh",Malaria Outbreak | TB Burden,Medium,155,Doctors For You,"Emergency medical relief, rural health camps, TB & dengue response"
F12_REC00036,2022,Jul,"Patna, Bihar",Malaria Outbreak | Dengue Outbreak,Medium,212,CARE India,"Maternal & child health, nutrition, immunization, emergency response"
F12_REC00037,2021,Mar,"Ahmedabad, Gujarat",Dengue Outbreak,Medium,128,Smile Foundation,"Primary healthcare, mobile health units, community outreach, mother-child welfare"
F12_REC00038,2021,Sep,"Howrah, West Bengal",Malaria Outbreak | TB Burden | ASHA Worker Shortage,Low,108,NHM,"Primary healthcare delivery, ASHA worker deployment, institutional delivery"
F12_REC00039,2021,Jan,"Gaya, Bihar",Malaria Outbreak | TB Burden | ASHA Worker Shortage,Medium,110,NFHS,"Health data collection, fertility & mortality tracking, policy research"
F12_REC00040,2022,Sep,"Mysuru, Karnataka",Dengue Outbreak,Medium,125,NFHS,"Health data collection, fertility & mortality tracking, policy research"
F12_REC00041,2022,Mar,"Mumbai, Maharashtra",Dengue Outbreak | TB Burden | Low Immunization | ASHA Worker Shortage,High,180,WHO India,"Disease monitoring, TB/malaria control, epidemiology, health system strengthening"
F12_REC00042,2022,Apr,"Agra, Uttar Pradesh",TB Burden,Low,70,UNICEF India,"Child immunization, ANC support, nutrition, disease surveillance"
F12_REC00043,2021,Jan,"Muzaffarpur, Bihar",Low ANC Coverage,High,70,NHM,"Primary healthcare delivery, ASHA worker deployment, institutional delivery"
F12_REC00044,2022,Mar,"Gaya, Bihar",Malaria Outbreak,Low,96,NHM,"Primary healthcare delivery, ASHA worker deployment, institutional delivery"
F12_REC00045,2022,Jul,"Hubli, Karnataka",Low Immunization,Medium,52,NHM,"Primary healthcare delivery, ASHA worker deployment, institutional delivery"
F12_REC00046,2022,Jan,"Howrah, West Bengal",Malaria Outbreak | Dengue Outbreak,Medium,180,UNICEF India,"Child immunization, ANC support, nutrition, disease surveillance"
F12_REC00047,2021,Sep,"Chennai, Tamil Nadu",Malaria Outbreak,Medium,76,CARE India,"Maternal & child health, nutrition, immunization, emergency response"
F12_REC00048,2022,Feb,"Patna, Bihar",Dengue Outbreak,Low,118,UNICEF India,"Child immunization, ANC support, nutrition, disease surveillance"
F12_REC00049,2021,Aug,"Vadodara, Gujarat",Malaria Outbreak | Dengue Outbreak,Low,185,HMIS,"Health data reporting, facility monitoring, program evaluation"
F12_REC00050,2021,Jan,"Siliguri, West Bengal",Malaria Outbreak | TB Burden,Low,175,WHO India,"Disease monitoring, TB/malaria control, epidemiology, health system strengthening"
F12_REC00051,2021,Feb,"Lucknow, Uttar Pradesh",Malaria Outbreak | Dengue Outbreak | Low ANC Coverage,High,159,Doctors For You,"Emergency medical relief, rural health camps, TB & dengue response"
F12_REC00052,2021,Aug,"Vadodara, Gujarat",TB Burden,Medium,101,UNICEF India,"Child immunization, ANC support, nutrition, disease surveillance"
F12_REC00053,2022,Jan,"Patna, Bihar",Malaria Outbreak,Medium,75,CARE India,"Maternal & child health, nutrition, immunization, emergency response"
F12_REC00054,2021,Sep,"Lucknow, Uttar Pradesh",Malaria Outbreak | ASHA Worker Shortage,Low,98,Smile Foundation,"Primary healthcare, mobile health units, community outreach, mother-child welfare"
F12_REC00055,2021,May,"Pune, Maharashtra",Dengue Outbreak,Low,102,Doctors For You,"Emergency medical relief, rural health camps, TB & dengue response"
F12_REC00056,2021,May,"Muzaffarpur, Bihar",Malaria Outbreak | Dengue Outbreak | TB Burden | ASHA Worker Shortage,High,170,CARE India,"Maternal & child health, nutrition, immunization, emergency response"
F12_REC00057,2021,Sep,"Pune, Maharashtra",Dengue Outbreak,Medium,132,HMIS,"Health data reporting, facility monitoring, program evaluation"
F12_REC00058,2021,Mar,"Chennai, Tamil Nadu",Dengue Outbreak | TB Burden,High,148,HMIS,"Health data reporting, facility monitoring, program evaluation"
F12_REC00059,2022,Sep,"Ahmedabad, Gujarat",TB Burden,High,81,HMIS,"Health data reporting, facility monitoring, program evaluation"
F12_REC00060,2021,Apr,"Mysuru, Karnataka",Dengue Outbreak,High,98,NHM,"Primary healthcare delivery, ASHA worker deployment, institutional delivery"
F12_REC00061,2022,May,"Howrah, West Bengal",Malaria Outbreak | TB Burden | Low Immunization,High,170,Smile Foundation,"Primary healthcare, mobile health units, community outreach, mother-child welfare"
F12_REC00062,2022,Feb,"Nagpur, Maharashtra",Malaria Outbreak,Low,156,Doctors For You,"Emergency medical relief, rural health camps, TB & dengue response"
F12_REC00063,2022,Jul,"Madurai, Tamil Nadu",Malaria Outbreak | Dengue Outbreak | TB Burden,High,211,UNICEF India,"Child immunization, ANC support, nutrition, disease surveillance"
F12_REC00064,2022,May,"Kolkata, West Bengal",Dengue Outbreak,Medium,111,NFHS,"Health data collection, fertility & mortality tracking, policy research"
F12_REC00065,2022,Jan,"Mumbai, Maharashtra",Malaria Outbreak | Dengue Outbreak | TB Burden,Medium,205,Smile Foundation,"Primary healthcare, mobile health units, community outreach, mother-child welfare"
F12_REC00066,2022,Jun,"Mumbai, Maharashtra",Malaria Outbreak | TB Burden,Low,186,UNICEF India,"Child immunization, ANC support, nutrition, disease surveillance"
F12_REC00067,2021,Jun,"Pune, Maharashtra",Malaria Outbreak | Low ANC Coverage,Medium,135,UNICEF India,"Child immunization, ANC support, nutrition, disease surveillance"
F12_REC00068,2022,Apr,"Mumbai, Maharashtra",Malaria Outbreak | Dengue Outbreak | TB Burden | Low Institutional Deliveries,Low,210,NFHS,"Health data collection, fertility & mortality tracking, policy research"
F12_REC00069,2022,Feb,"Ahmedabad, Gujarat",Dengue Outbreak | TB Burden | Low Immunization,Low,149,CARE India,"Maternal & child health, nutrition, immunization, emergency response"
F12_REC00070,2022,May,"Madurai, Tamil Nadu",Malaria Outbreak | Dengue Outbreak | TB Burden,Low,203,NHM,"Primary healthcare delivery, ASHA worker deployment, institutional delivery"
F12_REC00071,2021,Feb,"Howrah, West Bengal",ASHA Worker Shortage,Medium,43,NFHS,"Health data collection, fertility & mortality tracking, policy research"
F12_REC00072,2021,Mar,"Mysuru, Karnataka",Malaria Outbreak | TB Burden,Medium,141,UNICEF India,"Child immunization, ANC support, nutrition, disease surveillance"
F12_REC00073,2021,Jun,"Madurai, Tamil Nadu",Dengue Outbreak,Medium,88,NFHS,"Health data collection, fertility & mortality tracking, policy research"
F12_REC00074,2021,Mar,"Muzaffarpur, Bihar",Malaria Outbreak | Dengue Outbreak,Low,149,WHO India,"Disease monitoring, TB/malaria control, epidemiology, health system strengthening"
F12_REC00075,2022,Jan,"Muzaffarpur, Bihar",Dengue Outbreak | TB Burden,Low,159,NFHS,"Health data collection, fertility & mortality tracking, policy research"
F12_REC00076,2021,Apr,"Vadodara, Gujarat",Malaria Outbreak | Dengue Outbreak,Medium,219,HMIS,"Health data reporting, facility monitoring, program evaluation"
F12_REC00077,2021,Jan,"Gaya, Bihar",Malaria Outbreak | TB Burden | Low Immunization,Medium,155,HMIS,"Health data reporting, facility monitoring, program evaluation"
F12_REC00078,2021,Apr,"Bengaluru, Karnataka",Malaria Outbreak | TB Burden,High,148,Smile Foundation,"Primary healthcare, mobile health units, community outreach, mother-child welfare"
F12_REC00079,2022,Mar,"Hubli, Karnataka",TB Burden | Low Immunization,Medium,113,Doctors For You,"Emergency medical relief, rural health camps, TB & dengue response"
F12_REC00080,2022,Apr,"Lucknow, Uttar Pradesh",Dengue Outbreak | TB Burden | Low ANC Coverage,Medium,134,NFHS,"Health data collection, fertility & mortality tracking, policy research"
F12_REC00081,2021,Jan,"Coimbatore, Tamil Nadu",Dengue Outbreak | TB Burden,Medium,157,Doctors For You,"Emergency medical relief, rural health camps, TB & dengue response"
F12_REC00082,2021,Jan,"Patna, Bihar",TB Burden | ASHA Worker Shortage,Low,90,NHM,"Primary healthcare delivery, ASHA worker deployment, institutional delivery"
F12_REC00083,2022,Apr,"Mumbai, Maharashtra",Malaria Outbreak | Dengue Outbreak | TB Burden | ASHA Worker Shortage,High,229,UNICEF India,"Child immunization, ANC support, nutrition, disease surveillance"
F12_REC00084,2022,Jan,"Pune, Maharashtra",Malaria Outbreak | TB Burden,High,154,WHO India,"Disease monitoring, TB/malaria control, epidemiology, health system strengthening"
F12_REC00085,2021,Aug,"Bengaluru, Karnataka",TB Burden,Medium,95,NFHS,"Health data collection, fertility & mortality tracking, policy research"
F12_REC00086,2022,Aug,"Lucknow, Uttar Pradesh",Malaria Outbreak | Dengue Outbreak | Low ANC Coverage,Medium,161,Smile Foundation,"Primary healthcare, mobile health units, community outreach, mother-child welfare"
F12_REC00087,2022,Jun,"Agra, Uttar Pradesh",Malaria Outbreak | Low ANC Coverage | ASHA Worker Shortage,Low,61,HMIS,"Health data reporting, facility monitoring, program evaluation"
F12_REC00088,2022,Aug,"Bengaluru, Karnataka",Malaria Outbreak | Dengue Outbreak | TB Burden | Low Immunization | ASHA Worker Shortage,Low,167,CARE India,"Maternal & child health, nutrition, immunization, emergency response"
F12_REC00089,2022,Feb,"Siliguri, West Bengal",Malaria Outbreak | Dengue Outbreak | TB Burden,High,173,UNICEF India,"Child immunization, ANC support, nutrition, disease surveillance"
F12_REC00090,2022,Mar,"Howrah, West Bengal",Dengue Outbreak | TB Burden,Low,141,Doctors For You,"Emergency medical relief, rural health camps, TB & dengue response"
F12_REC00091,2022,Jan,"Surat, Gujarat",Malaria Outbreak | Dengue Outbreak | TB Burden | Low ANC Coverage | Low Institutional Deliveries,Medium,190,NFHS,"Health data collection, fertility & mortality tracking, policy research"
F12_REC00092,2021,Feb,"Agra, Uttar Pradesh",Malaria Outbreak | Dengue Outbreak,High,143,WHO India,"Disease monitoring, TB/malaria control, epidemiology, health system strengthening"
F12_REC00093,2021,Feb,"Nagpur, Maharashtra",Malaria Outbreak | Dengue Outbreak | TB Burden,High,194,NHM,"Primary healthcare delivery, ASHA worker deployment, institutional delivery"
F12_REC00094,2021,Sep,"Chennai, Tamil Nadu",Malaria Outbreak | TB Burden | Low ANC Coverage,Medium,178,CARE India,"Maternal & child health, nutrition, immunization, emergency response"
F12_REC00095,2022,Feb,"Surat, Gujarat",Malaria Outbreak | Dengue Outbreak,High,210,CARE India,"Maternal & child health, nutrition, immunization, emergency response"
F12_REC00096,2022,Sep,"Hubli, Karnataka",Malaria Outbreak,High,127,CARE India,"Maternal & child health, nutrition, immunization, emergency response"
F12_REC00097,2022,Jul,"Mumbai, Maharashtra",Malaria Outbreak | Dengue Outbreak | TB Burden,High,204,Doctors For You,"Emergency medical relief, rural health camps, TB & dengue response"
F12_REC00098,2021,Jul,"Mumbai, Maharashtra",Malaria Outbreak | TB Burden | ASHA Worker Shortage,High,168,CARE India,"Maternal & child health, nutrition, immunization, emergency response"
F12_REC00099,2021,Apr,"Ahmedabad, Gujarat",Malaria Outbreak | Dengue Outbreak | TB Burden | ASHA Worker Shortage,High,210,NFHS,"Health data collection, fertility & mortality tracking, policy research"
F12_REC00100,2021,Mar,"Muzaffarpur, Bihar",Malaria Outbreak,High,90,NFHS,"Health data collection, fertility & mortality tracking, policy research"
F12_REC00101,2021,Apr,"Kolkata, West Bengal",Malaria Outbreak | ASHA Worker Shortage,High,101,HMIS,"Health data reporting, facility monitoring, program evaluation"
F12_REC00102,2022,May,"Agra, Uttar Pradesh",Malaria Outbreak | Low ANC Coverage,Medium,111,UNICEF India,"Child immunization, ANC support, nutrition, disease surveillance"
F12_REC00103,2022,Jan,"Coimbatore, Tamil Nadu",Malaria Outbreak | TB Burden,Low,185,Smile Foundation,"Primary healthcare, mobile health units, community outreach, mother-child welfare"
F12_REC00104,2021,May,"Coimbatore, Tamil Nadu",Low Immunization,High,77,NFHS,"Health data collection, fertility & mortality tracking, policy research"
F12_REC00105,2022,Mar,"Agra, Uttar Pradesh",Malaria Outbreak | Dengue Outbreak | Low Institutional Deliveries,Medium,212,WHO India,"Disease monitoring, TB/malaria control, epidemiology, health system strengthening"
F12_REC00106,2021,Jul,"Vadodara, Gujarat",Dengue Outbreak | Low Immunization,Medium,85,UNICEF India,"Child immunization, ANC support, nutrition, disease surveillance"
F12_REC00107,2022,Mar,"Pune, Maharashtra",Malaria Outbreak | Dengue Outbreak,High,166,NHM,"Primary healthcare delivery, ASHA worker deployment, institutional delivery"
F12_REC00108,2022,Aug,"Bengaluru, Karnataka",TB Burden | Low ANC Coverage | ASHA Worker Shortage,High,110,NHM,"Primary healthcare delivery, ASHA worker deployment, institutional delivery"
F12_REC00109,2022,Sep,"Lucknow, Uttar Pradesh",Malaria Outbreak | TB Burden,Low,142,NHM,"Primary healthcare delivery, ASHA worker deployment, institutional delivery"
F12_REC00110,2021,Jul,"Surat, Gujarat",Malaria Outbreak | Dengue Outbreak | ASHA Worker Shortage,Medium,149,NFHS,"Health data collection, fertility & mortality tracking, policy research"
F12_REC00111,2022,Feb,"Surat, Gujarat",Dengue Outbreak | TB Burden | ASHA Worker Shortage,Medium,119,UNICEF India,"Child immunization, ANC support, nutrition, disease surveillance"
F12_REC00112,2021,Mar,"Chennai, Tamil Nadu",Malaria Outbreak,Low,149,Smile Foundation,"Primary healthcare, mobile health units, community outreach, mother-child welfare"
F12_REC00113,2022,Jan,"Surat, Gujarat",TB Burden | Low ANC Coverage,High,130,WHO India,"Disease monitoring, TB/malaria control, epidemiology, health system strengthening"
F12_REC00114,2022,Apr,"Howrah, West Bengal",Malaria Outbreak | Dengue Outbreak | Low Immunization,High,175,NHM,"Primary healthcare delivery, ASHA worker deployment, institutional delivery"
F12_REC00115,2021,Jul,"Bengaluru, Karnataka",Dengue Outbreak,Medium,89,WHO India,"Disease monitoring, TB/malaria control, epidemiology, health system strengthening"
F12_REC00116,2021,Jan,"Madurai, Tamil Nadu",Malaria Outbreak | Dengue Outbreak,Medium,192,Doctors For You,"Emergency medical relief, rural health camps, TB & dengue response"
F12_REC00117,2021,Apr,"Mumbai, Maharashtra",Dengue Outbreak | Low Immunization,Low,86,NFHS,"Health data collection, fertility & mortality tracking, policy research"
F12_REC00118,2021,Sep,"Muzaffarpur, Bihar",Malaria Outbreak | Low Immunization | Low ANC Coverage,High,144,WHO India,"Disease monitoring, TB/malaria control, epidemiology, health system strengthening"
F12_REC00119,2021,Feb,"Ahmedabad, Gujarat",Dengue Outbreak | TB Burden,Medium,114,HMIS,"Health data reporting, facility monitoring, program evaluation"
F12_REC00120,2022,Mar,"Vadodara, Gujarat",General Health Monitoring,High,66,UNICEF India,"Child immunization, ANC support, nutrition, disease surveillance"
F12_REC00121,2022,Apr,"Nagpur, Maharashtra",Malaria Outbreak | Dengue Outbreak,Medium,172,NHM,"Primary healthcare delivery, ASHA worker deployment, institutional delivery"
F12_REC00122,2022,Jun,"Vadodara, Gujarat",Malaria Outbreak | Dengue Outbreak | TB Burden | Low Immunization,Low,170,Smile Foundation,"Primary healthcare, mobile health units, community outreach, mother-child welfare"
F12_REC00123,2022,Jan,"Ahmedabad, Gujarat",TB Burden | ASHA Worker Shortage,Low,83,WHO India,"Disease monitoring, TB/malaria control, epidemiology, health system strengthening"
F12_REC00124,2021,Jan,"Varanasi, Uttar Pradesh",Malaria Outbreak | Dengue Outbreak,High,183,UNICEF India,"Child immunization, ANC support, nutrition, disease surveillance"
F12_REC00125,2021,Jun,"Vadodara, Gujarat",TB Burden,Medium,95,WHO India,"Disease monitoring, TB/malaria control, epidemiology, health system strengthening"
F12_REC00126,2021,May,"Ahmedabad, Gujarat",TB Burden | ASHA Worker Shortage,High,76,HMIS,"Health data reporting, facility monitoring, program evaluation"
F12_REC00127,2021,Aug,"Nagpur, Maharashtra",Malaria Outbreak | TB Burden,Medium,150,UNICEF India,"Child immunization, ANC support, nutrition, disease surveillance"
F12_REC00128,2021,Sep,"Ahmedabad, Gujarat",Malaria Outbreak | TB Burden,Low,132,NFHS,"Health data collection, fertility & mortality tracking, policy research"
F12_REC00129,2021,Sep,"Madurai, Tamil Nadu",Malaria Outbreak | TB Burden | Low ANC Coverage,High,144,CARE India,"Maternal & child health, nutrition, immunization, emergency response"
F12_REC00130,2021,Mar,"Hubli, Karnataka",Dengue Outbreak,High,128,Smile Foundation,"Primary healthcare, mobile health units, community outreach, mother-child welfare"
F12_REC00131,2021,May,"Coimbatore, Tamil Nadu",Malaria Outbreak | ASHA Worker Shortage,Low,81,CARE India,"Maternal & child health, nutrition, immunization, emergency response"
F12_REC00132,2022,May,"Chennai, Tamil Nadu",Malaria Outbreak | Dengue Outbreak | TB Burden,Low,218,Smile Foundation,"Primary healthcare, mobile health units, community outreach, mother-child welfare"
F12_REC00133,2021,Mar,"Kolkata, West Bengal",Dengue Outbreak | Low Institutional Deliveries,Medium,98,NHM,"Primary healthcare delivery, ASHA worker deployment, institutional delivery"
F12_REC00134,2022,Feb,"Howrah, West Bengal",Dengue Outbreak,Medium,76,UNICEF India,"Child immunization, ANC support, nutrition, disease surveillance"
F12_REC00135,2021,Mar,"Kolkata, West Bengal",Low Immunization,Low,74,NHM,"Primary healthcare delivery, ASHA worker deployment, institutional delivery"
F12_REC00136,2021,Jul,"Coimbatore, Tamil Nadu",Malaria Outbreak | Dengue Outbreak | TB Burden | Low Institutional Deliveries,High,169,HMIS,"Health data reporting, facility monitoring, program evaluation"
F12_REC00137,2021,Jun,"Surat, Gujarat",Malaria Outbreak | TB Burden,High,154,HMIS,"Health data reporting, facility monitoring, program evaluation"
F12_REC00138,2022,Jun,"Pune, Maharashtra",Malaria Outbreak | TB Burden | Low Institutional Deliveries,High,133,UNICEF India,"Child immunization, ANC support, nutrition, disease surveillance"
F12_REC00139,2022,Mar,"Varanasi, Uttar Pradesh",Low Immunization | Low ANC Coverage | ASHA Worker Shortage,Low,84,NFHS,"Health data collection, fertility & mortality tracking, policy research"
F12_REC00140,2021,Apr,"Kolkata, West Bengal",Malaria Outbreak,Medium,96,Doctors For You,"Emergency medical relief, rural health camps, TB & dengue response"
F12_REC00141,2021,May,"Mysuru, Karnataka",TB Burden,High,88,NHM,"Primary healthcare delivery, ASHA worker deployment, institutional delivery"
F12_REC00142,2022,Apr,"Agra, Uttar Pradesh",Dengue Outbreak,Low,102,Doctors For You,"Emergency medical relief, rural health camps, TB & dengue response"
F12_REC00143,2021,Jan,"Varanasi, Uttar Pradesh",Malaria Outbreak | Dengue Outbreak | Low ANC Coverage,High,127,UNICEF India,"Child immunization, ANC support, nutrition, disease surveillance"
F12_REC00144,2021,Mar,"Surat, Gujarat",TB Burden,Medium,124,Doctors For You,"Emergency medical relief, rural health camps, TB & dengue response"
F12_REC00145,2021,Sep,"Patna, Bihar",Malaria Outbreak | TB Burden,Medium,135,Smile Foundation,"Primary healthcare, mobile health units, community outreach, mother-child welfare"
F12_REC00146,2021,Apr,"Patna, Bihar",General Health Monitoring,High,68,Doctors For You,"Emergency medical relief, rural health camps, TB & dengue response"
F12_REC00147,2022,Feb,"Patna, Bihar",Dengue Outbreak | Low Immunization,Medium,86,Smile Foundation,"Primary healthcare, mobile health units, community outreach, mother-child welfare"
F12_REC00148,2021,Mar,"Gaya, Bihar",Dengue Outbreak | Low ANC Coverage,High,99,Smile Foundation,"Primary healthcare, mobile health units, community outreach, mother-child welfare"
F12_REC00149,2021,Jan,"Howrah, West Bengal",Malaria Outbreak,Low,86,Doctors For You,"Emergency medical relief, rural health camps, TB & dengue response"
F12_REC00150,2022,Jan,"Bengaluru, Karnataka",Malaria Outbreak | Dengue Outbreak | TB Burden,Low,193,Doctors For You,"Emergency medical relief, rural health camps, TB & dengue response"
F12_REC00151,2022,Sep,"Coimbatore, Tamil Nadu",Dengue Outbreak | TB Burden,Medium,134,UNICEF India,"Child immunization, ANC support, nutrition, disease surveillance"
F12_REC00152,2022,Sep,"Muzaffarpur, Bihar",TB Burden,High,91,NFHS,"Health data collection, fertility & mortality tracking, policy research"
F12_REC00153,2021,Jun,"Nagpur, Maharashtra",Malaria Outbreak | TB Burden,Medium,160,NFHS,"Health data collection, fertility & mortality tracking, policy research"
F12_REC00154,2021,Sep,"Varanasi, Uttar Pradesh",Malaria Outbreak | TB Burden | Low ANC Coverage,Low,172,Smile Foundation,"Primary healthcare, mobile health units, community outreach, mother-child welfare"
F12_REC00155,2021,Sep,"Patna, Bihar",Malaria Outbreak,Low,92,CARE India,"Maternal & child health, nutrition, immunization, emergency response"
F12_REC00156,2022,May,"Kolkata, West Bengal",Malaria Outbreak | TB Burden | ASHA Worker Shortage,Low,139,Doctors For You,"Emergency medical relief, rural health camps, TB & dengue response"
F12_REC00157,2021,Jul,"Chennai, Tamil Nadu",Malaria Outbreak | Dengue Outbreak | Low Institutional Deliveries | ASHA Worker Shortage,Low,164,NHM,"Primary healthcare delivery, ASHA worker deployment, institutional delivery"
F12_REC00158,2022,Jul,"Varanasi, Uttar Pradesh",Malaria Outbreak | TB Burden,High,188,Doctors For You,"Emergency medical relief, rural health camps, TB & dengue response"
F12_REC00159,2022,Aug,"Bengaluru, Karnataka",Malaria Outbreak | Dengue Outbreak | TB Burden,Low,227,Doctors For You,"Emergency medical relief, rural health camps, TB & dengue response"
F12_REC00160,2021,Aug,"Ahmedabad, Gujarat",TB Burden,Medium,78,NHM,"Primary healthcare delivery, ASHA worker deployment, institutional delivery"
F12_REC00161,2022,May,"Vadodara, Gujarat",Malaria Outbreak | TB Burden,Medium,157,Doctors For You,"Emergency medical relief, rural health camps, TB & dengue response"
F12_REC00162,2021,Apr,"Hubli, Karnataka",Malaria Outbreak | TB Burden,High,172,CARE India,"Maternal & child health, nutrition, immunization, emergency response"
F12_REC00163,2022,Jun,"Surat, Gujarat",Malaria Outbreak | TB Burden | Low ANC Coverage,High,180,Doctors For You,"Emergency medical relief, rural health camps, TB & dengue response"
F12_REC00164,2021,Jun,"Lucknow, Uttar Pradesh",Malaria Outbreak | Dengue Outbreak,Medium,139,UNICEF India,"Child immunization, ANC support, nutrition, disease surveillance"
F12_REC00165,2022,Apr,"Mysuru, Karnataka",TB Burden,Low,82,Doctors For You,"Emergency medical relief, rural health camps, TB & dengue response"
F12_REC00166,2021,Aug,"Bengaluru, Karnataka",Malaria Outbreak | TB Burden | ASHA Worker Shortage,High,164,HMIS,"Health data reporting, facility monitoring, program evaluation"
F12_REC00167,2022,Feb,"Howrah, West Bengal",Malaria Outbreak | Dengue Outbreak | TB Burden,Low,163,WHO India,"Disease monitoring, TB/malaria control, epidemiology, health system strengthening"
F12_REC00168,2021,Jan,"Coimbatore, Tamil Nadu",Dengue Outbreak,Medium,86,NHM,"Primary healthcare delivery, ASHA worker deployment, institutional delivery"
F12_REC00169,2022,Jan,"Pune, Maharashtra",Malaria Outbreak | Dengue Outbreak,Low,170,Smile Foundation,"Primary healthcare, mobile health units, community outreach, mother-child welfare"
F12_REC00170,2022,Jan,"Ahmedabad, Gujarat",TB Burden,Low,138,UNICEF India,"Child immunization, ANC support, nutrition, disease surveillance"
F12_REC00171,2021,Feb,"Gaya, Bihar",Malaria Outbreak | Dengue Outbreak,High,172,WHO India,"Disease monitoring, TB/malaria control, epidemiology, health system strengthening"
F12_REC00172,2022,Jan,"Mumbai, Maharashtra",ASHA Worker Shortage,High,49,NFHS,"Health data collection, fertility & mortality tracking, policy research"
F12_REC00173,2022,Sep,"Surat, Gujarat",General Health Monitoring,Low,85,HMIS,"Health data reporting, facility monitoring, program evaluation"
F12_REC00174,2021,Jul,"Surat, Gujarat",Dengue Outbreak,Medium,118,Smile Foundation,"Primary healthcare, mobile health units, community outreach, mother-child welfare"
F12_REC00175,2021,Jan,"Madurai, Tamil Nadu",Dengue Outbreak,Low,90,NHM,"Primary healthcare delivery, ASHA worker deployment, institutional delivery"
F12_REC00176,2021,Jan,"Vadodara, Gujarat",Malaria Outbreak | Dengue Outbreak | Low ANC Coverage | ASHA Worker Shortage,High,156,CARE India,"Maternal & child health, nutrition, immunization, emergency response"
F12_REC00177,2021,Jan,"Coimbatore, Tamil Nadu",Malaria Outbreak,Medium,146,NHM,"Primary healthcare delivery, ASHA worker deployment, institutional delivery"
F12_REC00178,2022,Jul,"Chennai, Tamil Nadu",Malaria Outbreak | Dengue Outbreak | Low ANC Coverage,Medium,209,NHM,"Primary healthcare delivery, ASHA worker deployment, institutional delivery"
F12_REC00179,2022,Feb,"Nagpur, Maharashtra",General Health Monitoring,Low,42,Doctors For You,"Emergency medical relief, rural health camps, TB & dengue response"
F12_REC00180,2022,Aug,"Pune, Maharashtra",Dengue Outbreak,High,126,WHO India,"Disease monitoring, TB/malaria control, epidemiology, health system strengthening"
F12_REC00181,2022,Apr,"Pune, Maharashtra",Low ANC Coverage | Low Institutional Deliveries,Medium,66,HMIS,"Health data reporting, facility monitoring, program evaluation"
F12_REC00182,2022,Sep,"Gaya, Bihar",Malaria Outbreak,Low,117,HMIS,"Health data reporting, facility monitoring, program evaluation"
F12_REC00183,2021,Jun,"Chennai, Tamil Nadu",Dengue Outbreak | Low ANC Coverage,Low,115,WHO India,"Disease monitoring, TB/malaria control, epidemiology, health system strengthening"
F12_REC00184,2022,Sep,"Hubli, Karnataka",Malaria Outbreak | Dengue Outbreak,Low,192,UNICEF India,"Child immunization, ANC support, nutrition, disease surveillance"
F12_REC00185,2022,Aug,"Agra, Uttar Pradesh",Malaria Outbreak | Dengue Outbreak | TB Burden,Low,228,NHM,"Primary healthcare delivery, ASHA worker deployment, institutional delivery"
F12_REC00186,2022,Apr,"Vadodara, Gujarat",Malaria Outbreak | Dengue Outbreak | TB Burden | Low ANC Coverage | Low Institutional Deliveries,High,225,NFHS,"Health data collection, fertility & mortality tracking, policy research"
F12_REC00187,2022,Feb,"Chennai, Tamil Nadu",Malaria Outbreak | Dengue Outbreak | Low Institutional Deliveries,Low,176,Smile Foundation,"Primary healthcare, mobile health units, community outreach, mother-child welfare"
F12_REC00188,2021,Feb,"Kolkata, West Bengal",Malaria Outbreak | Dengue Outbreak,Medium,152,Smile Foundation,"Primary healthcare, mobile health units, community outreach, mother-child welfare"
F12_REC00189,2021,Jun,"Ahmedabad, Gujarat",Malaria Outbreak,Medium,121,Doctors For You,"Emergency medical relief, rural health camps, TB & dengue response"
F12_REC00190,2021,Sep,"Surat, Gujarat",Malaria Outbreak,Medium,110,Smile Foundation,"Primary healthcare, mobile health units, community outreach, mother-child welfare"
F12_REC00191,2022,Feb,"Coimbatore, Tamil Nadu",Dengue Outbreak | TB Burden | Low ANC Coverage,Low,151,UNICEF India,"Child immunization, ANC support, nutrition, disease surveillance"
F12_REC00192,2021,Apr,"Bengaluru, Karnataka",TB Burden | Low Immunization | Low ANC Coverage,Medium,130,Smile Foundation,"Primary healthcare, mobile health units, community outreach, mother-child welfare"
F12_REC00193,2021,Feb,"Chennai, Tamil Nadu",Malaria Outbreak | ASHA Worker Shortage,Medium,107,WHO India,"Disease monitoring, TB/malaria control, epidemiology, health system strengthening"
F12_REC00194,2021,Jan,"Madurai, Tamil Nadu",Dengue Outbreak,Medium,123,UNICEF India,"Child immunization, ANC support, nutrition, disease surveillance"
F12_REC00195,2022,Jul,"Kolkata, West Bengal",TB Burden | Low Institutional Deliveries,High,112,Doctors For You,"Emergency medical relief, rural health camps, TB & dengue response"
F12_REC00196,2021,Jun,"Siliguri, West Bengal",Malaria Outbreak | Dengue Outbreak | TB Burden,High,218,Doctors For You,"Emergency medical relief, rural health camps, TB & dengue response"
F12_REC00197,2021,Sep,"Siliguri, West Bengal",Dengue Outbreak | ASHA Worker Shortage,High,60,UNICEF India,"Child immunization, ANC support, nutrition, disease surveillance"
F12_REC00198,2021,Sep,"Siliguri, West Bengal",TB Burden | Low Immunization,Low,94,CARE India,"Maternal & child health, nutrition, immunization, emergency response"
F12_REC00199,2021,Apr,"Pune, Maharashtra",Malaria Outbreak | TB Burden | Low ANC Coverage,Medium,156,HMIS,"Health data reporting, facility monitoring, program evaluation"
F13_REC00000,2022,Jul,"Mysuru, Karnataka",TB Burden,High,57,NFHS,"Health data collection, fertility & mortality tracking, policy research"
F13_REC00001,2024,Jun,"Muzaffarpur, Bihar",Malaria Outbreak | Low ANC Coverage,Low,131,Doctors For You,"Emergency medical relief, rural health camps, TB & dengue response"
F13_REC00002,2022,Mar,"Nagpur, Maharashtra",Malaria Outbreak | Dengue Outbreak,High,147,Smile Foundation,"Primary healthcare, mobile health units, community outreach, mother-child welfare"
F13_REC00003,2021,May,"Ahmedabad, Gujarat",Dengue Outbreak,High,82,Doctors For You,"Emergency medical relief, rural health camps, TB & dengue response"
F13_REC00004,2022,May,"Chennai, Tamil Nadu",Malaria Outbreak | Dengue Outbreak,Medium,168,WHO India,"Disease monitoring, TB/malaria control, epidemiology, health system strengthening"
F13_REC00005,2024,Sep,"Lucknow, Uttar Pradesh",Malaria Outbreak | Dengue Outbreak | TB Burden | ASHA Worker Shortage,Medium,187,NFHS,"Health data collection, fertility & mortality tracking, policy research"
F13_REC00006,2021,Jan,"Hubli, Karnataka",Low Immunization | ASHA Worker Shortage,Low,66,HMIS,"Health data reporting, facility monitoring, program evaluation"
F13_REC00007,2024,Apr,"Chennai, Tamil Nadu",Malaria Outbreak | Dengue Outbreak | TB Burden,High,200,NFHS,"Health data collection, fertility & mortality tracking, policy research"
F13_REC00008,2022,Apr,"Nagpur, Maharashtra",Malaria Outbreak | Dengue Outbreak | TB Burden | Low Institutional Deliveries,High,220,WHO India,"Disease monitoring, TB/malaria control, epidemiology, health system strengthening"
F13_REC00009,2022,Mar,"Mysuru, Karnataka",Malaria Outbreak | Dengue Outbreak,High,159,CARE India,"Maternal & child health, nutrition, immunization, emergency response"
F13_REC00010,2024,Sep,"Vadodara, Gujarat",Malaria Outbreak,High,74,Smile Foundation,"Primary healthcare, mobile health units, community outreach, mother-child welfare"
F13_REC00011,2021,Aug,"Pune, Maharashtra",Malaria Outbreak | Dengue Outbreak | TB Burden | Low ANC Coverage,High,237,NFHS,"Health data collection, fertility & mortality tracking, policy research"
F13_REC00012,2022,Sep,"Mysuru, Karnataka",Malaria Outbreak | Dengue Outbreak | TB Burden | ASHA Worker Shortage,High,206,Smile Foundation,"Primary healthcare, mobile health units, community outreach, mother-child welfare"
F13_REC00013,2021,Aug,"Coimbatore, Tamil Nadu",Dengue Outbreak | TB Burden,Medium,124,Smile Foundation,"Primary healthcare, mobile health units, community outreach, mother-child welfare"
F13_REC00014,2022,Apr,"Nagpur, Maharashtra",Malaria Outbreak | Dengue Outbreak | Low ANC Coverage,Low,165,HMIS,"Health data reporting, facility monitoring, program evaluation"
F13_REC00015,2022,Feb,"Vadodara, Gujarat",Malaria Outbreak | Dengue Outbreak | TB Burden | Low ANC Coverage | Low Institutional Deliveries,High,220,NHM,"Primary healthcare delivery, ASHA worker deployment, institutional delivery"
F13_REC00016,2023,Apr,"Siliguri, West Bengal",Malaria Outbreak | Dengue Outbreak | TB Burden | Low Immunization,Low,232,WHO India,"Disease monitoring, TB/malaria control, epidemiology, health system strengthening"
F13_REC00017,2022,May,"Agra, Uttar Pradesh",Malaria Outbreak,Medium,138,Doctors For You,"Emergency medical relief, rural health camps, TB & dengue response"
F13_REC00018,2021,Jul,"Lucknow, Uttar Pradesh",Malaria Outbreak | TB Burden,Low,169,HMIS,"Health data reporting, facility monitoring, program evaluation"
F13_REC00019,2022,Feb,"Coimbatore, Tamil Nadu",Malaria Outbreak,Low,85,NHM,"Primary healthcare delivery, ASHA worker deployment, institutional delivery"
F13_REC00020,2023,Jul,"Pune, Maharashtra",Malaria Outbreak | Dengue Outbreak | Low Institutional Deliveries,High,196,UNICEF India,"Child immunization, ANC support, nutrition, disease surveillance"
F13_REC00021,2024,Jan,"Nagpur, Maharashtra",Malaria Outbreak | Dengue Outbreak | TB Burden,Medium,177,NFHS,"Health data collection, fertility & mortality tracking, policy research"
F13_REC00022,2022,Apr,"Nagpur, Maharashtra",Malaria Outbreak | Dengue Outbreak | TB Burden | ASHA Worker Shortage,Low,196,Doctors For You,"Emergency medical relief, rural health camps, TB & dengue response"
F13_REC00023,2023,Feb,"Nagpur, Maharashtra",Dengue Outbreak | TB Burden | Low Immunization,Low,126,Smile Foundation,"Primary healthcare, mobile health units, community outreach, mother-child welfare"
F13_REC00024,2022,Feb,"Mumbai, Maharashtra",Dengue Outbreak | TB Burden | Low Immunization,Medium,144,Smile Foundation,"Primary healthcare, mobile health units, community outreach, mother-child welfare"
F13_REC00025,2023,Aug,"Ahmedabad, Gujarat",General Health Monitoring,Medium,59,UNICEF India,"Child immunization, ANC support, nutrition, disease surveillance"
F13_REC00026,2023,Jan,"Bengaluru, Karnataka",Malaria Outbreak | Dengue Outbreak,Low,177,UNICEF India,"Child immunization, ANC support, nutrition, disease surveillance"
F13_REC00027,2021,Feb,"Lucknow, Uttar Pradesh",Malaria Outbreak | TB Burden,High,172,Doctors For You,"Emergency medical relief, rural health camps, TB & dengue response"
F13_REC00028,2024,Jun,"Varanasi, Uttar Pradesh",Malaria Outbreak | TB Burden | Low Institutional Deliveries,Medium,92,NHM,"Primary healthcare delivery, ASHA worker deployment, institutional delivery"
F13_REC00029,2022,May,"Mumbai, Maharashtra",Dengue Outbreak | Low Institutional Deliveries,Medium,63,HMIS,"Health data reporting, facility monitoring, program evaluation"
F13_REC00030,2024,Sep,"Varanasi, Uttar Pradesh",Malaria Outbreak | Dengue Outbreak | TB Burden | ASHA Worker Shortage,Medium,203,UNICEF India,"Child immunization, ANC support, nutrition, disease surveillance"
F13_REC00031,2023,Mar,"Mumbai, Maharashtra",Malaria Outbreak,High,170,Smile Foundation,"Primary healthcare, mobile health units, community outreach, mother-child welfare"
F13_REC00032,2021,Jul,"Siliguri, West Bengal",Dengue Outbreak | Low ANC Coverage | Low Institutional Deliveries,Low,100,CARE India,"Maternal & child health, nutrition, immunization, emergency response"
F13_REC00033,2024,Jul,"Siliguri, West Bengal",Malaria Outbreak | Dengue Outbreak | ASHA Worker Shortage,Medium,139,WHO India,"Disease monitoring, TB/malaria control, epidemiology, health system strengthening"
F13_REC00034,2024,Jan,"Madurai, Tamil Nadu",Malaria Outbreak | TB Burden,High,150,UNICEF India,"Child immunization, ANC support, nutrition, disease surveillance"
F13_REC00035,2022,Sep,"Mumbai, Maharashtra",Malaria Outbreak | TB Burden,Low,173,UNICEF India,"Child immunization, ANC support, nutrition, disease surveillance"
F13_REC00036,2022,Jan,"Muzaffarpur, Bihar",Malaria Outbreak | Dengue Outbreak,Low,113,NFHS,"Health data collection, fertility & mortality tracking, policy research"
F13_REC00037,2023,Feb,"Chennai, Tamil Nadu",Malaria Outbreak | TB Burden | Low ANC Coverage,High,134,Smile Foundation,"Primary healthcare, mobile health units, community outreach, mother-child welfare"
F13_REC00038,2024,Jun,"Bengaluru, Karnataka",Malaria Outbreak | Low ANC Coverage | ASHA Worker Shortage,High,164,CARE India,"Maternal & child health, nutrition, immunization, emergency response"
F13_REC00039,2024,Mar,"Patna, Bihar",Malaria Outbreak,Medium,106,NFHS,"Health data collection, fertility & mortality tracking, policy research"
F13_REC00040,2022,May,"Mumbai, Maharashtra",Malaria Outbreak,Medium,140,NFHS,"Health data collection, fertility & mortality tracking, policy research"
F13_REC00041,2024,Jul,"Hubli, Karnataka",TB Burden | ASHA Worker Shortage,Medium,112,HMIS,"Health data reporting, facility monitoring, program evaluation"
F13_REC00042,2024,May,"Muzaffarpur, Bihar",TB Burden,Low,95,Smile Foundation,"Primary healthcare, mobile health units, community outreach, mother-child welfare"
F13_REC00043,2022,Aug,"Lucknow, Uttar Pradesh",Dengue Outbreak | TB Burden,High,153,Smile Foundation,"Primary healthcare, mobile health units, community outreach, mother-child welfare"
F13_REC00044,2024,May,"Bengaluru, Karnataka",Dengue Outbreak | TB Burden | Low Institutional Deliveries,Medium,135,WHO India,"Disease monitoring, TB/malaria control, epidemiology, health system strengthening"
F13_REC00045,2023,Jun,"Mumbai, Maharashtra",Malaria Outbreak | TB Burden | Low Immunization,Medium,126,WHO India,"Disease monitoring, TB/malaria control, epidemiology, health system strengthening"
F13_REC00046,2024,Apr,"Chennai, Tamil Nadu",Malaria Outbreak | ASHA Worker Shortage,Medium,90,Smile Foundation,"Primary healthcare, mobile health units, community outreach, mother-child welfare"
F13_REC00047,2022,May,"Agra, Uttar Pradesh",Malaria Outbreak | Dengue Outbreak | ASHA Worker Shortage,Low,177,Doctors For You,"Emergency medical relief, rural health camps, TB & dengue response"
F13_REC00048,2023,May,"Surat, Gujarat",TB Burden | Low Immunization,High,72,NFHS,"Health data collection, fertility & mortality tracking, policy research"
F13_REC00049,2022,Jan,"Varanasi, Uttar Pradesh",Dengue Outbreak | ASHA Worker Shortage,High,101,NHM,"Primary healthcare delivery, ASHA worker deployment, institutional delivery"
F13_REC00050,2023,May,"Gaya, Bihar",Malaria Outbreak | Dengue Outbreak,Low,178,Smile Foundation,"Primary healthcare, mobile health units, community outreach, mother-child welfare"
F13_REC00051,2023,Sep,"Hubli, Karnataka",Dengue Outbreak,Low,116,NHM,"Primary healthcare delivery, ASHA worker deployment, institutional delivery"
F13_REC00052,2021,Jul,"Chennai, Tamil Nadu",Dengue Outbreak | TB Burden | ASHA Worker Shortage,High,124,HMIS,"Health data reporting, facility monitoring, program evaluation"
F13_REC00053,2022,Jul,"Pune, Maharashtra",Malaria Outbreak | Dengue Outbreak,High,180,CARE India,"Maternal & child health, nutrition, immunization, emergency response"
F13_REC00054,2022,Feb,"Madurai, Tamil Nadu",Dengue Outbreak | Low Institutional Deliveries,High,106,Smile Foundation,"Primary healthcare, mobile health units, community outreach, mother-child welfare"
F13_REC00055,2021,Jul,"Mysuru, Karnataka",Malaria Outbreak | TB Burden | ASHA Worker Shortage,Low,154,Doctors For You,"Emergency medical relief, rural health camps, TB & dengue response"
F13_REC00056,2021,May,"Pune, Maharashtra",Malaria Outbreak | TB Burden,High,194,CARE India,"Maternal & child health, nutrition, immunization, emergency response"
F13_REC00057,2021,Apr,"Coimbatore, Tamil Nadu",Dengue Outbreak,High,123,HMIS,"Health data reporting, facility monitoring, program evaluation"
F13_REC00058,2024,Jan,"Surat, Gujarat",Malaria Outbreak | Dengue Outbreak | TB Burden | Low Immunization | ASHA Worker Shortage,High,180,UNICEF India,"Child immunization, ANC support, nutrition, disease surveillance"
F13_REC00059,2024,Sep,"Hubli, Karnataka",Malaria Outbreak | Dengue Outbreak,Medium,172,Doctors For You,"Emergency medical relief, rural health camps, TB & dengue response"
F13_REC00060,2022,Mar,"Nagpur, Maharashtra",Malaria Outbreak | Dengue Outbreak | TB Burden,Medium,160,Doctors For You,"Emergency medical relief, rural health camps, TB & dengue response"
F13_REC00061,2022,Mar,"Kolkata, West Bengal",Malaria Outbreak | Dengue Outbreak | TB Burden | ASHA Worker Shortage,Low,204,NFHS,"Health data collection, fertility & mortality tracking, policy research"
F13_REC00062,2021,Jan,"Surat, Gujarat",Malaria Outbreak,Low,153,NFHS,"Health data collection, fertility & mortality tracking, policy research"
F13_REC00063,2023,Sep,"Mumbai, Maharashtra",Malaria Outbreak | Dengue Outbreak | TB Burden,High,184,Doctors For You,"Emergency medical relief, rural health camps, TB & dengue response"
F13_REC00064,2022,Apr,"Mumbai, Maharashtra",Dengue Outbreak | TB Burden,Low,136,NHM,"Primary healthcare delivery, ASHA worker deployment, institutional delivery"
F13_REC00065,2022,Feb,"Chennai, Tamil Nadu",TB Burden,High,82,WHO India,"Disease monitoring, TB/malaria control, epidemiology, health system strengthening"
F13_REC00066,2021,Jul,"Mysuru, Karnataka",Malaria Outbreak | TB Burden,High,162,NHM,"Primary healthcare delivery, ASHA worker deployment, institutional delivery"
F13_REC00067,2021,May,"Agra, Uttar Pradesh",Malaria Outbreak | Dengue Outbreak | TB Burden | Low Institutional Deliveries,Low,194,CARE India,"Maternal & child health, nutrition, immunization, emergency response"
F13_REC00068,2021,Jan,"Vadodara, Gujarat",Malaria Outbreak | Dengue Outbreak | TB Burden,Medium,168,Smile Foundation,"Primary healthcare, mobile health units, community outreach, mother-child welfare"
F13_REC00069,2023,Mar,"Varanasi, Uttar Pradesh",Dengue Outbreak | TB Burden,Medium,146,HMIS,"Health data reporting, facility monitoring, program evaluation"
F13_REC00070,2023,Jun,"Gaya, Bihar",Dengue Outbreak,Low,94,HMIS,"Health data reporting, facility monitoring, program evaluation"
F13_REC00071,2022,Sep,"Agra, Uttar Pradesh",Malaria Outbreak | Low Immunization,Low,97,HMIS,"Health data reporting, facility monitoring, program evaluation"
F13_REC00072,2021,Feb,"Agra, Uttar Pradesh",Malaria Outbreak | TB Burden,Low,174,CARE India,"Maternal & child health, nutrition, immunization, emergency response"
F13_REC00073,2024,Mar,"Lucknow, Uttar Pradesh",TB Burden | Low Institutional Deliveries | ASHA Worker Shortage,Low,59,WHO India,"Disease monitoring, TB/malaria control, epidemiology, health system strengthening"
F13_REC00074,2023,Feb,"Muzaffarpur, Bihar",General Health Monitoring,Low,74,Doctors For You,"Emergency medical relief, rural health camps, TB & dengue response"
F13_REC00075,2023,May,"Howrah, West Bengal",Malaria Outbreak | TB Burden,Medium,118,Smile Foundation,"Primary healthcare, mobile health units, community outreach, mother-child welfare"
F13_REC00076,2023,Jan,"Bengaluru, Karnataka",Malaria Outbreak | TB Burden | Low Immunization | Low Institutional Deliveries,High,166,WHO India,"Disease monitoring, TB/malaria control, epidemiology, health system strengthening"
F13_REC00077,2022,Feb,"Bengaluru, Karnataka",Low ANC Coverage,Low,57,HMIS,"Health data reporting, facility monitoring, program evaluation"
F13_REC00078,2021,May,"Bengaluru, Karnataka",Malaria Outbreak | Dengue Outbreak | TB Burden | ASHA Worker Shortage,Medium,204,UNICEF India,"Child immunization, ANC support, nutrition, disease surveillance"
F13_REC00079,2022,Feb,"Chennai, Tamil Nadu",Malaria Outbreak | Dengue Outbreak,Medium,135,NHM,"Primary healthcare delivery, ASHA worker deployment, institutional delivery"
F13_REC00080,2022,Mar,"Ahmedabad, Gujarat",Malaria Outbreak,Low,150,Doctors For You,"Emergency medical relief, rural health camps, TB & dengue response"
F13_REC00081,2022,Jan,"Madurai, Tamil Nadu",Malaria Outbreak | Low Immunization | Low ANC Coverage,Medium,99,HMIS,"Health data reporting, facility monitoring, program evaluation"
F13_REC00082,2021,Jul,"Ahmedabad, Gujarat",Malaria Outbreak | Dengue Outbreak,High,127,HMIS,"Health data reporting, facility monitoring, program evaluation"
F13_REC00083,2022,Feb,"Varanasi, Uttar Pradesh",Malaria Outbreak | Dengue Outbreak | TB Burden,High,172,CARE India,"Maternal & child health, nutrition, immunization, emergency response"
F13_REC00084,2021,Mar,"Mysuru, Karnataka",Malaria Outbreak | Dengue Outbreak | ASHA Worker Shortage,Medium,185,WHO India,"Disease monitoring, TB/malaria control, epidemiology, health system strengthening"
F13_REC00085,2024,Apr,"Hubli, Karnataka",Dengue Outbreak,Low,112,UNICEF India,"Child immunization, ANC support, nutrition, disease surveillance"
F13_REC00086,2024,Jun,"Hubli, Karnataka",Dengue Outbreak | TB Burden,Low,143,HMIS,"Health data reporting, facility monitoring, program evaluation"
F13_REC00087,2021,Aug,"Chennai, Tamil Nadu",TB Burden | Low Institutional Deliveries | ASHA Worker Shortage,Low,110,UNICEF India,"Child immunization, ANC support, nutrition, disease surveillance"
F13_REC00088,2024,Feb,"Chennai, Tamil Nadu",Malaria Outbreak | ASHA Worker Shortage,High,98,Doctors For You,"Emergency medical relief, rural health camps, TB & dengue response"
F13_REC00089,2023,Feb,"Madurai, Tamil Nadu",Malaria Outbreak | ASHA Worker Shortage,High,130,HMIS,"Health data reporting, facility monitoring, program evaluation"
F13_REC00090,2023,Sep,"Patna, Bihar",Malaria Outbreak | Dengue Outbreak | TB Burden | Low ANC Coverage | Low Institutional Deliveries,Low,166,HMIS,"Health data reporting, facility monitoring, program evaluation"
F13_REC00091,2022,Sep,"Siliguri, West Bengal",Dengue Outbreak,High,107,CARE India,"Maternal & child health, nutrition, immunization, emergency response"
F13_REC00092,2022,May,"Muzaffarpur, Bihar",TB Burden,Low,120,HMIS,"Health data reporting, facility monitoring, program evaluation"
F13_REC00093,2023,Apr,"Surat, Gujarat",Malaria Outbreak | TB Burden,Low,148,NHM,"Primary healthcare delivery, ASHA worker deployment, institutional delivery"
F13_REC00094,2022,Aug,"Varanasi, Uttar Pradesh",Malaria Outbreak | Dengue Outbreak | ASHA Worker Shortage,High,156,CARE India,"Maternal & child health, nutrition, immunization, emergency response"
F13_REC00095,2021,Aug,"Howrah, West Bengal",Malaria Outbreak | TB Burden | Low Institutional Deliveries,Medium,140,NHM,"Primary healthcare delivery, ASHA worker deployment, institutional delivery"
F13_REC00096,2023,May,"Patna, Bihar",Malaria Outbreak | TB Burden | Low Immunization | ASHA Worker Shortage,Medium,121,Doctors For You,"Emergency medical relief, rural health camps, TB & dengue response"
F13_REC00097,2021,Sep,"Patna, Bihar",Malaria Outbreak,Medium,116,WHO India,"Disease monitoring, TB/malaria control, epidemiology, health system strengthening"
F13_REC00098,2023,Sep,"Kolkata, West Bengal",Malaria Outbreak | Dengue Outbreak | TB Burden | Low Institutional Deliveries,Medium,186,HMIS,"Health data reporting, facility monitoring, program evaluation"
F13_REC00099,2023,Feb,"Pune, Maharashtra",Malaria Outbreak | Dengue Outbreak,High,206,UNICEF India,"Child immunization, ANC support, nutrition, disease surveillance"
F13_REC00100,2022,Sep,"Madurai, Tamil Nadu",Malaria Outbreak | Dengue Outbreak | TB Burden | ASHA Worker Shortage,Medium,216,NFHS,"Health data collection, fertility & mortality tracking, policy research"
F13_REC00101,2024,Mar,"Kolkata, West Bengal",Malaria Outbreak | Dengue Outbreak | Low Institutional Deliveries,High,166,WHO India,"Disease monitoring, TB/malaria control, epidemiology, health system strengthening"
F13_REC00102,2024,Jan,"Varanasi, Uttar Pradesh",Malaria Outbreak | TB Burden | Low Institutional Deliveries,Low,163,NHM,"Primary healthcare delivery, ASHA worker deployment, institutional delivery"
F13_REC00103,2022,Sep,"Chennai, Tamil Nadu",General Health Monitoring,High,90,Doctors For You,"Emergency medical relief, rural health camps, TB & dengue response"
F13_REC00104,2023,Aug,"Kolkata, West Bengal",Malaria Outbreak | Dengue Outbreak,High,155,Doctors For You,"Emergency medical relief, rural health camps, TB & dengue response"
F13_REC00105,2022,Feb,"Bengaluru, Karnataka",Malaria Outbreak | Low ANC Coverage | ASHA Worker Shortage,High,118,NHM,"Primary healthcare delivery, ASHA worker deployment, institutional delivery"
F13_REC00106,2023,Aug,"Pune, Maharashtra",TB Burden,Medium,66,UNICEF India,"Child immunization, ANC support, nutrition, disease surveillance"
F13_REC00107,2021,Apr,"Howrah, West Bengal",Malaria Outbreak | Low Immunization,Low,103,WHO India,"Disease monitoring, TB/malaria control, epidemiology, health system strengthening"
F13_REC00108,2023,Apr,"Varanasi, Uttar Pradesh",Malaria Outbreak,Low,96,WHO India,"Disease monitoring, TB/malaria control, epidemiology, health system strengthening"
F13_REC00109,2024,Feb,"Patna, Bihar",Dengue Outbreak,Medium,122,NHM,"Primary healthcare delivery, ASHA worker deployment, institutional delivery"
F13_REC00110,2021,Mar,"Howrah, West Bengal",Low ANC Coverage,High,30,WHO India,"Disease monitoring, TB/malaria control, epidemiology, health system strengthening"
F13_REC00111,2021,Feb,"Mysuru, Karnataka",Dengue Outbreak | TB Burden,Low,124,CARE India,"Maternal & child health, nutrition, immunization, emergency response"
F13_REC00112,2021,Apr,"Patna, Bihar",TB Burden,Medium,86,NFHS,"Health data collection, fertility & mortality tracking, policy research"
F13_REC00113,2021,Apr,"Pune, Maharashtra",Malaria Outbreak,High,119,UNICEF India,"Child immunization, ANC support, nutrition, disease surveillance"
F13_REC00114,2021,Jun,"Madurai, Tamil Nadu",Malaria Outbreak,Medium,176,Smile Foundation,"Primary healthcare, mobile health units, community outreach, mother-child welfare"
F13_REC00115,2021,Apr,"Surat, Gujarat",Malaria Outbreak,Medium,140,WHO India,"Disease monitoring, TB/malaria control, epidemiology, health system strengthening"
F13_REC00116,2024,Aug,"Hubli, Karnataka",Malaria Outbreak | Dengue Outbreak | TB Burden,Medium,207,NFHS,"Health data collection, fertility & mortality tracking, policy research"
F13_REC00117,2023,Feb,"Pune, Maharashtra",TB Burden,Low,88,UNICEF India,"Child immunization, ANC support, nutrition, disease surveillance"
F13_REC00118,2024,Sep,"Nagpur, Maharashtra",Malaria Outbreak | Low Institutional Deliveries,High,152,NHM,"Primary healthcare delivery, ASHA worker deployment, institutional delivery"
F13_REC00119,2023,Jan,"Bengaluru, Karnataka",TB Burden,High,120,Smile Foundation,"Primary healthcare, mobile health units, community outreach, mother-child welfare"
F13_REC00120,2021,Jan,"Bengaluru, Karnataka",Dengue Outbreak,Medium,102,CARE India,"Maternal & child health, nutrition, immunization, emergency response"
F13_REC00121,2021,Aug,"Madurai, Tamil Nadu",Malaria Outbreak | Dengue Outbreak | TB Burden | Low ANC Coverage,Medium,154,HMIS,"Health data reporting, facility monitoring, program evaluation"
F13_REC00122,2022,Apr,"Surat, Gujarat",Malaria Outbreak | TB Burden,High,188,UNICEF India,"Child immunization, ANC support, nutrition, disease surveillance"
F13_REC00123,2023,Jun,"Ahmedabad, Gujarat",Malaria Outbreak | TB Burden | ASHA Worker Shortage,Medium,127,WHO India,"Disease monitoring, TB/malaria control, epidemiology, health system strengthening"
F13_REC00124,2023,May,"Pune, Maharashtra",TB Burden,High,76,NFHS,"Health data collection, fertility & mortality tracking, policy research"
F13_REC00125,2023,Apr,"Nagpur, Maharashtra",Malaria Outbreak | Low ANC Coverage,Medium,121,NHM,"Primary healthcare delivery, ASHA worker deployment, institutional delivery"
F13_REC00126,2021,Jul,"Agra, Uttar Pradesh",Malaria Outbreak | TB Burden,Low,161,NHM,"Primary healthcare delivery, ASHA worker deployment, institutional delivery"
F13_REC00127,2021,Mar,"Madurai, Tamil Nadu",Dengue Outbreak | TB Burden,High,130,NFHS,"Health data collection, fertility & mortality tracking, policy research"
F13_REC00128,2024,Jul,"Siliguri, West Bengal",Dengue Outbreak | TB Burden,Low,106,HMIS,"Health data reporting, facility monitoring, program evaluation"
F13_REC00129,2024,Mar,"Nagpur, Maharashtra",Malaria Outbreak | Dengue Outbreak | TB Burden,High,206,Doctors For You,"Emergency medical relief, rural health camps, TB & dengue response"
F13_REC00130,2022,Sep,"Muzaffarpur, Bihar",Dengue Outbreak | TB Burden,High,151,WHO India,"Disease monitoring, TB/malaria control, epidemiology, health system strengthening"
F13_REC00131,2023,Feb,"Siliguri, West Bengal",Malaria Outbreak | Dengue Outbreak | Low Immunization,Low,149,NFHS,"Health data collection, fertility & mortality tracking, policy research"
F13_REC00132,2023,May,"Siliguri, West Bengal",Dengue Outbreak,Medium,93,Smile Foundation,"Primary healthcare, mobile health units, community outreach, mother-child welfare"
F13_REC00133,2021,May,"Howrah, West Bengal",Dengue Outbreak | TB Burden | Low ANC Coverage | Low Institutional Deliveries,Medium,190,Smile Foundation,"Primary healthcare, mobile health units, community outreach, mother-child welfare"
F13_REC00134,2023,Jul,"Mumbai, Maharashtra",Dengue Outbreak | TB Burden,Low,149,Smile Foundation,"Primary healthcare, mobile health units, community outreach, mother-child welfare"
F13_REC00135,2022,Jan,"Nagpur, Maharashtra",Malaria Outbreak | Dengue Outbreak | Low Immunization,High,171,CARE India,"Maternal & child health, nutrition, immunization, emergency response"
F13_REC00136,2024,Jul,"Agra, Uttar Pradesh",Malaria Outbreak | Dengue Outbreak | TB Burden | Low Institutional Deliveries,Low,161,HMIS,"Health data reporting, facility monitoring, program evaluation"
F13_REC00137,2023,Jul,"Hubli, Karnataka",Malaria Outbreak,Low,150,WHO India,"Disease monitoring, TB/malaria control, epidemiology, health system strengthening"
F13_REC00138,2023,Aug,"Muzaffarpur, Bihar",Dengue Outbreak | TB Burden | ASHA Worker Shortage,High,162,WHO India,"Disease monitoring, TB/malaria control, epidemiology, health system strengthening"
F13_REC00139,2022,Sep,"Agra, Uttar Pradesh",Malaria Outbreak | TB Burden,High,152,CARE India,"Maternal & child health, nutrition, immunization, emergency response"
F13_REC00140,2023,Jun,"Nagpur, Maharashtra",Malaria Outbreak | ASHA Worker Shortage,Low,102,WHO India,"Disease monitoring, TB/malaria control, epidemiology, health system strengthening"
F13_REC00141,2022,Jan,"Varanasi, Uttar Pradesh",Malaria Outbreak | Dengue Outbreak,High,139,WHO India,"Disease monitoring, TB/malaria control, epidemiology, health system strengthening"
F13_REC00142,2021,Jan,"Madurai, Tamil Nadu",Malaria Outbreak | Dengue Outbreak | TB Burden,High,175,UNICEF India,"Child immunization, ANC support, nutrition, disease surveillance"
F13_REC00143,2024,Sep,"Pune, Maharashtra",Malaria Outbreak | TB Burden | ASHA Worker Shortage,Medium,155,NFHS,"Health data collection, fertility & mortality tracking, policy research"
F13_REC00144,2022,Sep,"Nagpur, Maharashtra",Malaria Outbreak | Dengue Outbreak | Low Immunization,Medium,170,CARE India,"Maternal & child health, nutrition, immunization, emergency response"
F13_REC00145,2024,Sep,"Coimbatore, Tamil Nadu",Malaria Outbreak | TB Burden | Low Institutional Deliveries,Medium,171,CARE India,"Maternal & child health, nutrition, immunization, emergency response"
F13_REC00146,2024,Sep,"Pune, Maharashtra",Dengue Outbreak | ASHA Worker Shortage,High,96,Doctors For You,"Emergency medical relief, rural health camps, TB & dengue response"
F13_REC00147,2021,Apr,"Hubli, Karnataka",Malaria Outbreak | Dengue Outbreak,Low,157,HMIS,"Health data reporting, facility monitoring, program evaluation"
F13_REC00148,2024,Apr,"Coimbatore, Tamil Nadu",Malaria Outbreak | TB Burden | Low Institutional Deliveries,High,130,WHO India,"Disease monitoring, TB/malaria control, epidemiology, health system strengthening"
F13_REC00149,2024,Feb,"Mumbai, Maharashtra",Malaria Outbreak | Dengue Outbreak | Low Immunization,Low,171,CARE India,"Maternal & child health, nutrition, immunization, emergency response"
F13_REC00150,2023,Jun,"Ahmedabad, Gujarat",Dengue Outbreak | TB Burden | Low Immunization | Low ANC Coverage | ASHA Worker Shortage,Medium,113,NFHS,"Health data collection, fertility & mortality tracking, policy research"
F13_REC00151,2022,Aug,"Chennai, Tamil Nadu",Malaria Outbreak | Dengue Outbreak | TB Burden | Low Immunization,High,212,CARE India,"Maternal & child health, nutrition, immunization, emergency response"
F13_REC00152,2021,Aug,"Bengaluru, Karnataka",Malaria Outbreak,Low,126,CARE India,"Maternal & child health, nutrition, immunization, emergency response"
F13_REC00153,2022,Apr,"Madurai, Tamil Nadu",Malaria Outbreak | Dengue Outbreak | TB Burden | Low Institutional Deliveries,Medium,222,CARE India,"Maternal & child health, nutrition, immunization, emergency response"
F13_REC00154,2024,Jun,"Mysuru, Karnataka",Malaria Outbreak | Dengue Outbreak | Low ANC Coverage,Medium,161,CARE India,"Maternal & child health, nutrition, immunization, emergency response"
F13_REC00155,2024,Aug,"Varanasi, Uttar Pradesh",Malaria Outbreak | Dengue Outbreak,Medium,143,CARE India,"Maternal & child health, nutrition, immunization, emergency response"
F13_REC00156,2024,Jan,"Surat, Gujarat",General Health Monitoring,High,17,CARE India,"Maternal & child health, nutrition, immunization, emergency response"
F13_REC00157,2021,Feb,"Varanasi, Uttar Pradesh",Malaria Outbreak | TB Burden,Medium,170,NHM,"Primary healthcare delivery, ASHA worker deployment, institutional delivery"
F13_REC00158,2023,Feb,"Varanasi, Uttar Pradesh",TB Burden,Low,71,WHO India,"Disease monitoring, TB/malaria control, epidemiology, health system strengthening"
F13_REC00159,2021,Aug,"Chennai, Tamil Nadu",Malaria Outbreak | ASHA Worker Shortage,High,118,HMIS,"Health data reporting, facility monitoring, program evaluation"
F13_REC00160,2024,Feb,"Nagpur, Maharashtra",Malaria Outbreak | Dengue Outbreak | TB Burden,High,220,NHM,"Primary healthcare delivery, ASHA worker deployment, institutional delivery"
F13_REC00161,2024,Apr,"Nagpur, Maharashtra",Malaria Outbreak | Dengue Outbreak,Low,106,UNICEF India,"Child immunization, ANC support, nutrition, disease surveillance"
F13_REC00162,2022,Mar,"Varanasi, Uttar Pradesh",TB Burden,Medium,126,Doctors For You,"Emergency medical relief, rural health camps, TB & dengue response"
F13_REC00163,2021,Sep,"Lucknow, Uttar Pradesh",Dengue Outbreak | TB Burden,Medium,168,NHM,"Primary healthcare delivery, ASHA worker deployment, institutional delivery"
F13_REC00164,2021,Aug,"Howrah, West Bengal",Dengue Outbreak | TB Burden,High,150,NFHS,"Health data collection, fertility & mortality tracking, policy research"
F13_REC00165,2023,May,"Howrah, West Bengal",Dengue Outbreak | TB Burden | Low ANC Coverage,Medium,113,CARE India,"Maternal & child health, nutrition, immunization, emergency response"
F13_REC00166,2021,May,"Bengaluru, Karnataka",Malaria Outbreak | Dengue Outbreak | TB Burden | ASHA Worker Shortage,Low,223,Doctors For You,"Emergency medical relief, rural health camps, TB & dengue response"
F13_REC00167,2023,Feb,"Siliguri, West Bengal",Low Immunization,Low,44,WHO India,"Disease monitoring, TB/malaria control, epidemiology, health system strengthening"
F13_REC00168,2022,May,"Vadodara, Gujarat",Malaria Outbreak,Medium,135,HMIS,"Health data reporting, facility monitoring, program evaluation"
F13_REC00169,2023,Sep,"Agra, Uttar Pradesh",Malaria Outbreak | Dengue Outbreak | TB Burden | ASHA Worker Shortage,Medium,192,NHM,"Primary healthcare delivery, ASHA worker deployment, institutional delivery"
F13_REC00170,2024,Sep,"Madurai, Tamil Nadu",Malaria Outbreak | TB Burden,Medium,177,NHM,"Primary healthcare delivery, ASHA worker deployment, institutional delivery"
F13_REC00171,2024,Sep,"Kolkata, West Bengal",Malaria Outbreak,Low,67,CARE India,"Maternal & child health, nutrition, immunization, emergency response"
F13_REC00172,2022,Jun,"Siliguri, West Bengal",Malaria Outbreak,Medium,92,CARE India,"Maternal & child health, nutrition, immunization, emergency response"
F13_REC00173,2024,Jun,"Pune, Maharashtra",Dengue Outbreak | TB Burden,Low,110,Doctors For You,"Emergency medical relief, rural health camps, TB & dengue response"
F13_REC00174,2023,May,"Coimbatore, Tamil Nadu",Malaria Outbreak | Dengue Outbreak | TB Burden,Medium,191,Doctors For You,"Emergency medical relief, rural health camps, TB & dengue response"
F13_REC00175,2022,Jul,"Kolkata, West Bengal",Malaria Outbreak | Dengue Outbreak,Low,177,UNICEF India,"Child immunization, ANC support, nutrition, disease surveillance"
F13_REC00176,2023,Mar,"Chennai, Tamil Nadu",Dengue Outbreak | Low ANC Coverage,Medium,104,Doctors For You,"Emergency medical relief, rural health camps, TB & dengue response"
F13_REC00177,2023,Apr,"Nagpur, Maharashtra",Malaria Outbreak | TB Burden,Low,180,HMIS,"Health data reporting, facility monitoring, program evaluation"
F13_REC00178,2021,Jul,"Coimbatore, Tamil Nadu",Malaria Outbreak | TB Burden,Medium,155,HMIS,"Health data reporting, facility monitoring, program evaluation"
F13_REC00179,2023,Aug,"Mysuru, Karnataka",Malaria Outbreak | Low ANC Coverage,Medium,119,UNICEF India,"Child immunization, ANC support, nutrition, disease surveillance"
F13_REC00180,2021,Sep,"Chennai, Tamil Nadu",TB Burden,Low,56,CARE India,"Maternal & child health, nutrition, immunization, emergency response"
F13_REC00181,2021,Jan,"Agra, Uttar Pradesh",Dengue Outbreak | TB Burden,Medium,111,Smile Foundation,"Primary healthcare, mobile health units, community outreach, mother-child welfare"
F13_REC00182,2021,Apr,"Mysuru, Karnataka",Malaria Outbreak | TB Burden,High,185,WHO India,"Disease monitoring, TB/malaria control, epidemiology, health system strengthening"
F13_REC00183,2022,Feb,"Mumbai, Maharashtra",TB Burden,Medium,123,UNICEF India,"Child immunization, ANC support, nutrition, disease surveillance"
F13_REC00184,2022,Feb,"Nagpur, Maharashtra",Malaria Outbreak | Dengue Outbreak,Low,190,WHO India,"Disease monitoring, TB/malaria control, epidemiology, health system strengthening"
F13_REC00185,2022,Jun,"Agra, Uttar Pradesh",Malaria Outbreak | TB Burden,Low,143,NHM,"Primary healthcare delivery, ASHA worker deployment, institutional delivery"
F13_REC00186,2022,Sep,"Coimbatore, Tamil Nadu",Malaria Outbreak | Dengue Outbreak | TB Burden,Low,167,NFHS,"Health data collection, fertility & mortality tracking, policy research"
F13_REC00187,2021,Jun,"Mysuru, Karnataka",Malaria Outbreak | Dengue Outbreak | ASHA Worker Shortage,High,134,Smile Foundation,"Primary healthcare, mobile health units, community outreach, mother-child welfare"
F13_REC00188,2024,Aug,"Bengaluru, Karnataka",General Health Monitoring,Medium,66,HMIS,"Health data reporting, facility monitoring, program evaluation"
F13_REC00189,2022,Jan,"Mysuru, Karnataka",TB Burden | Low Immunization | Low Institutional Deliveries,Low,68,UNICEF India,"Child immunization, ANC support, nutrition, disease surveillance"
F13_REC00190,2024,Jan,"Mysuru, Karnataka",Dengue Outbreak,Medium,126,UNICEF India,"Child immunization, ANC support, nutrition, disease surveillance"
F13_REC00191,2021,Jul,"Vadodara, Gujarat",Dengue Outbreak | TB Burden,Low,144,Doctors For You,"Emergency medical relief, rural health camps, TB & dengue response"
F13_REC00192,2023,Apr,"Howrah, West Bengal",Dengue Outbreak | TB Burden,Medium,142,NFHS,"Health data collection, fertility & mortality tracking, policy research"
F13_REC00193,2021,Jul,"Patna, Bihar",Dengue Outbreak | Low ANC Coverage | Low Institutional Deliveries,Low,80,NHM,"Primary healthcare delivery, ASHA worker deployment, institutional delivery"
F13_REC00194,2023,Mar,"Siliguri, West Bengal",TB Burden,Medium,82,UNICEF India,"Child immunization, ANC support, nutrition, disease surveillance"
F13_REC00195,2022,Jan,"Lucknow, Uttar Pradesh",Malaria Outbreak | Dengue Outbreak | TB Burden,Medium,222,HMIS,"Health data reporting, facility monitoring, program evaluation"
F13_REC00196,2024,Jun,"Muzaffarpur, Bihar",Malaria Outbreak,High,134,CARE India,"Maternal & child health, nutrition, immunization, emergency response"
F13_REC00197,2021,Jul,"Mysuru, Karnataka",Malaria Outbreak,Low,85,WHO India,"Disease monitoring, TB/malaria control, epidemiology, health system strengthening"
F13_REC00198,2022,May,"Mumbai, Maharashtra",Dengue Outbreak,Low,89,HMIS,"Health data reporting, facility monitoring, program evaluation"
F13_REC00199,2021,May,"Lucknow, Uttar Pradesh",Malaria Outbreak | TB Burden,Low,190,NHM,"Primary healthcare delivery, ASHA worker deployment, institutional delivery"
F14_REC00000,2015,Mar,"Muzaffarpur, Bihar",Malaria Outbreak | Dengue Outbreak | TB Burden,Medium,163,NFHS,"Health data collection, fertility & mortality tracking, policy research"
F14_REC00001,2016,Sep,"Lucknow, Uttar Pradesh",Malaria Outbreak | Dengue Outbreak,High,156,WHO India,"Disease monitoring, TB/malaria control, epidemiology, health system strengthening"
F14_REC00002,2015,Mar,"Patna, Bihar",Dengue Outbreak | TB Burden,Low,154,NFHS,"Health data collection, fertility & mortality tracking, policy research"
F14_REC00003,2014,Jul,"Mysuru, Karnataka",Malaria Outbreak | TB Burden | Low Immunization | ASHA Worker Shortage,Medium,168,NFHS,"Health data collection, fertility & mortality tracking, policy research"
F14_REC00004,2014,Sep,"Mysuru, Karnataka",Malaria Outbreak | TB Burden | Low ANC Coverage,Medium,143,Smile Foundation,"Primary healthcare, mobile health units, community outreach, mother-child welfare"
F14_REC00005,2016,Sep,"Bengaluru, Karnataka",Malaria Outbreak | Dengue Outbreak | TB Burden,Low,218,Smile Foundation,"Primary healthcare, mobile health units, community outreach, mother-child welfare"
F14_REC00006,2016,Jun,"Muzaffarpur, Bihar",Dengue Outbreak | TB Burden,Medium,182,WHO India,"Disease monitoring, TB/malaria control, epidemiology, health system strengthening"
F14_REC00007,2014,Sep,"Kolkata, West Bengal",General Health Monitoring,Low,96,HMIS,"Health data reporting, facility monitoring, program evaluation"
F14_REC00008,2014,Mar,"Lucknow, Uttar Pradesh",Malaria Outbreak | Low ANC Coverage,Low,151,WHO India,"Disease monitoring, TB/malaria control, epidemiology, health system strengthening"
F14_REC00009,2016,Sep,"Vadodara, Gujarat",Dengue Outbreak,Medium,127,NHM,"Primary healthcare delivery, ASHA worker deployment, institutional delivery"
F14_REC00010,2016,Feb,"Howrah, West Bengal",Malaria Outbreak | TB Burden | Low Immunization,High,168,NHM,"Primary healthcare delivery, ASHA worker deployment, institutional delivery"
F14_REC00011,2014,Feb,"Siliguri, West Bengal",Malaria Outbreak | Dengue Outbreak | TB Burden,Low,224,WHO India,"Disease monitoring, TB/malaria control, epidemiology, health system strengthening"
F14_REC00012,2014,Feb,"Kolkata, West Bengal",TB Burden,High,107,WHO India,"Disease monitoring, TB/malaria control, epidemiology, health system strengthening"
F14_REC00013,2015,Apr,"Agra, Uttar Pradesh",Malaria Outbreak | Low ANC Coverage,Medium,175,HMIS,"Health data reporting, facility monitoring, program evaluation"
F14_REC00014,2014,Mar,"Agra, Uttar Pradesh",Low Institutional Deliveries,Low,28,WHO India,"Disease monitoring, TB/malaria control, epidemiology, health system strengthening"
F14_REC00015,2016,Feb,"Agra, Uttar Pradesh",Malaria Outbreak | Dengue Outbreak | TB Burden,Medium,234,NFHS,"Health data collection, fertility & mortality tracking, policy research"
F14_REC00016,2014,Feb,"Surat, Gujarat",TB Burden,Low,87,NFHS,"Health data collection, fertility & mortality tracking, policy research"
F14_REC00017,2015,Feb,"Chennai, Tamil Nadu",TB Burden | Low ANC Coverage | ASHA Worker Shortage,High,113,Doctors For You,"Emergency medical relief, rural health camps, TB & dengue response"
F14_REC00018,2015,Aug,"Howrah, West Bengal",Malaria Outbreak | Dengue Outbreak | Low ANC Coverage,Low,181,NHM,"Primary healthcare delivery, ASHA worker deployment, institutional delivery"
F14_REC00019,2016,Aug,"Varanasi, Uttar Pradesh",Dengue Outbreak | Low Immunization,Low,97,Doctors For You,"Emergency medical relief, rural health camps, TB & dengue response"
F14_REC00020,2014,Sep,"Mysuru, Karnataka",Dengue Outbreak,Medium,94,NFHS,"Health data collection, fertility & mortality tracking, policy research"
F14_REC00021,2015,Apr,"Pune, Maharashtra",Malaria Outbreak,Low,113,Smile Foundation,"Primary healthcare, mobile health units, community outreach, mother-child welfare"
F14_REC00022,2016,May,"Mumbai, Maharashtra",Dengue Outbreak,High,124,NHM,"Primary healthcare delivery, ASHA worker deployment, institutional delivery"
F14_REC00023,2015,Jul,"Howrah, West Bengal",Malaria Outbreak | TB Burden | ASHA Worker Shortage,Low,175,CARE India,"Maternal & child health, nutrition, immunization, emergency response"
F14_REC00024,2014,Jul,"Bengaluru, Karnataka",TB Burden,Low,92,UNICEF India,"Child immunization, ANC support, nutrition, disease surveillance"
F14_REC00025,2015,Jun,"Siliguri, West Bengal",Dengue Outbreak | TB Burden | Low Institutional Deliveries,Low,142,Doctors For You,"Emergency medical relief, rural health camps, TB & dengue response"
F14_REC00026,2016,Feb,"Vadodara, Gujarat",ASHA Worker Shortage,Medium,94,CARE India,"Maternal & child health, nutrition, immunization, emergency response"
F14_REC00027,2015,Apr,"Siliguri, West Bengal",Dengue Outbreak | TB Burden,Medium,124,UNICEF India,"Child immunization, ANC support, nutrition, disease surveillance"
F14_REC00028,2015,May,"Lucknow, Uttar Pradesh",Malaria Outbreak | Dengue Outbreak | TB Burden,Medium,184,CARE India,"Maternal & child health, nutrition, immunization, emergency response"
F14_REC00029,2016,Mar,"Muzaffarpur, Bihar",Malaria Outbreak | Dengue Outbreak | TB Burden | ASHA Worker Shortage,High,160,NFHS,"Health data collection, fertility & mortality tracking, policy research"
F14_REC00030,2016,Apr,"Muzaffarpur, Bihar",Dengue Outbreak,Low,92,NHM,"Primary healthcare delivery, ASHA worker deployment, institutional delivery"
F14_REC00031,2014,Apr,"Mumbai, Maharashtra",Malaria Outbreak | Dengue Outbreak | TB Burden | ASHA Worker Shortage,Medium,214,Doctors For You,"Emergency medical relief, rural health camps, TB & dengue response"
F14_REC00032,2016,Feb,"Hubli, Karnataka",Malaria Outbreak | TB Burden | Low Immunization,Medium,90,CARE India,"Maternal & child health, nutrition, immunization, emergency response"
F14_REC00033,2015,Mar,"Varanasi, Uttar Pradesh",Malaria Outbreak | Dengue Outbreak | TB Burden,High,216,CARE India,"Maternal & child health, nutrition, immunization, emergency response"
F14_REC00034,2016,Mar,"Mysuru, Karnataka",ASHA Worker Shortage,High,40,NFHS,"Health data collection, fertility & mortality tracking, policy research"
F14_REC00035,2014,Jan,"Muzaffarpur, Bihar",General Health Monitoring,High,30,HMIS,"Health data reporting, facility monitoring, program evaluation"
F14_REC00036,2015,Jul,"Vadodara, Gujarat",Dengue Outbreak,High,89,WHO India,"Disease monitoring, TB/malaria control, epidemiology, health system strengthening"
F14_REC00037,2015,Mar,"Ahmedabad, Gujarat",TB Burden | ASHA Worker Shortage,Medium,94,Doctors For You,"Emergency medical relief, rural health camps, TB & dengue response"
F14_REC00038,2016,Sep,"Pune, Maharashtra",Malaria Outbreak,Low,77,CARE India,"Maternal & child health, nutrition, immunization, emergency response"
F14_REC00039,2014,Jan,"Siliguri, West Bengal",Malaria Outbreak | Dengue Outbreak | TB Burden | ASHA Worker Shortage,Medium,150,WHO India,"Disease monitoring, TB/malaria control, epidemiology, health system strengthening"
F14_REC00040,2016,Jul,"Lucknow, Uttar Pradesh",Malaria Outbreak | Dengue Outbreak | Low Immunization,Low,174,Doctors For You,"Emergency medical relief, rural health camps, TB & dengue response"
F14_REC00041,2014,Mar,"Hubli, Karnataka",Dengue Outbreak | TB Burden | Low Immunization,High,110,Doctors For You,"Emergency medical relief, rural health camps, TB & dengue response"
F14_REC00042,2015,Feb,"Patna, Bihar",Malaria Outbreak | TB Burden,High,180,Doctors For You,"Emergency medical relief, rural health camps, TB & dengue response"
F14_REC00043,2015,Jan,"Bengaluru, Karnataka",Malaria Outbreak | Dengue Outbreak | Low Institutional Deliveries,Low,192,NHM,"Primary healthcare delivery, ASHA worker deployment, institutional delivery"
F14_REC00044,2016,Jul,"Agra, Uttar Pradesh",Malaria Outbreak | TB Burden | Low Immunization,Medium,190,HMIS,"Health data reporting, facility monitoring, program evaluation"
F14_REC00045,2015,Apr,"Pune, Maharashtra",Malaria Outbreak | ASHA Worker Shortage,Low,111,NFHS,"Health data collection, fertility & mortality tracking, policy research"
F14_REC00046,2014,Jan,"Agra, Uttar Pradesh",TB Burden | Low Institutional Deliveries,Low,74,HMIS,"Health data reporting, facility monitoring, program evaluation"
F14_REC00047,2014,Aug,"Bengaluru, Karnataka",Dengue Outbreak | TB Burden | Low Immunization,High,130,Smile Foundation,"Primary healthcare, mobile health units, community outreach, mother-child welfare"
F14_REC00048,2016,Apr,"Agra, Uttar Pradesh",TB Burden,Medium,95,HMIS,"Health data reporting, facility monitoring, program evaluation"
F14_REC00049,2015,Jan,"Mumbai, Maharashtra",Malaria Outbreak | TB Burden,Low,178,Smile Foundation,"Primary healthcare, mobile health units, community outreach, mother-child welfare"
F14_REC00050,2016,Mar,"Varanasi, Uttar Pradesh",Malaria Outbreak | Dengue Outbreak,Low,146,HMIS,"Health data reporting, facility monitoring, program evaluation"
F14_REC00051,2015,Sep,"Gaya, Bihar",Malaria Outbreak | Dengue Outbreak | Low Immunization | Low ANC Coverage,Medium,213,NHM,"Primary healthcare delivery, ASHA worker deployment, institutional delivery"
F14_REC00052,2015,Sep,"Bengaluru, Karnataka",Malaria Outbreak | Dengue Outbreak | TB Burden,High,208,Doctors For You,"Emergency medical relief, rural health camps, TB & dengue response"
F14_REC00053,2016,Jun,"Chennai, Tamil Nadu",Malaria Outbreak | Dengue Outbreak | TB Burden,High,186,Smile Foundation,"Primary healthcare, mobile health units, community outreach, mother-child welfare"
F14_REC00054,2014,Jul,"Ahmedabad, Gujarat",Malaria Outbreak,Medium,93,CARE India,"Maternal & child health, nutrition, immunization, emergency response"
F14_REC00055,2015,Jan,"Coimbatore, Tamil Nadu",General Health Monitoring,Medium,95,Doctors For You,"Emergency medical relief, rural health camps, TB & dengue response"
F14_REC00056,2015,Sep,"Howrah, West Bengal",Malaria Outbreak | TB Burden,Medium,171,UNICEF India,"Child immunization, ANC support, nutrition, disease surveillance"
F14_REC00057,2015,Jun,"Lucknow, Uttar Pradesh",Dengue Outbreak | TB Burden | Low Institutional Deliveries,Low,144,Smile Foundation,"Primary healthcare, mobile health units, community outreach, mother-child welfare"
F14_REC00058,2014,Sep,"Howrah, West Bengal",Malaria Outbreak | Low Institutional Deliveries,Low,98,WHO India,"Disease monitoring, TB/malaria control, epidemiology, health system strengthening"
F14_REC00059,2014,Sep,"Vadodara, Gujarat",Malaria Outbreak,High,145,Smile Foundation,"Primary healthcare, mobile health units, community outreach, mother-child welfare"
F14_REC00060,2015,Mar,"Nagpur, Maharashtra",Malaria Outbreak | Dengue Outbreak | TB Burden,High,208,Doctors For You,"Emergency medical relief, rural health camps, TB & dengue response"
F14_REC00061,2015,Aug,"Agra, Uttar Pradesh",TB Burden | Low Institutional Deliveries,Low,97,Doctors For You,"Emergency medical relief, rural health camps, TB & dengue response"
F14_REC00062,2014,Mar,"Surat, Gujarat",Dengue Outbreak | Low Immunization,Low,104,Doctors For You,"Emergency medical relief, rural health camps, TB & dengue response"
F14_REC00063,2016,Sep,"Howrah, West Bengal",Malaria Outbreak | Dengue Outbreak,Low,127,HMIS,"Health data reporting, facility monitoring, program evaluation"
F14_REC00064,2014,Mar,"Patna, Bihar",Dengue Outbreak | TB Burden,Low,149,NHM,"Primary healthcare delivery, ASHA worker deployment, institutional delivery"
F14_REC00065,2016,Jul,"Siliguri, West Bengal",Malaria Outbreak | Dengue Outbreak | TB Burden | Low Institutional Deliveries,Low,148,CARE India,"Maternal & child health, nutrition, immunization, emergency response"
F14_REC00066,2016,Jan,"Varanasi, Uttar Pradesh",Malaria Outbreak,Low,99,CARE India,"Maternal & child health, nutrition, immunization, emergency response"
F14_REC00067,2015,Feb,"Mumbai, Maharashtra",Dengue Outbreak,Low,74,NHM,"Primary healthcare delivery, ASHA worker deployment, institutional delivery"
F14_REC00068,2016,Jan,"Surat, Gujarat",Dengue Outbreak | Low Institutional Deliveries | ASHA Worker Shortage,High,120,UNICEF India,"Child immunization, ANC support, nutrition, disease surveillance"
F14_REC00069,2015,Mar,"Hubli, Karnataka",Malaria Outbreak | TB Burden,Medium,157,WHO India,"Disease monitoring, TB/malaria control, epidemiology, health system strengthening"
F14_REC00070,2015,May,"Surat, Gujarat",Malaria Outbreak | Dengue Outbreak | Low Immunization,Medium,178,NHM,"Primary healthcare delivery, ASHA worker deployment, institutional delivery"
F14_REC00071,2016,Sep,"Howrah, West Bengal",Dengue Outbreak | TB Burden,Low,130,Doctors For You,"Emergency medical relief, rural health camps, TB & dengue response"
F14_REC00072,2015,Aug,"Chennai, Tamil Nadu",Malaria Outbreak | Dengue Outbreak | TB Burden,High,216,Doctors For You,"Emergency medical relief, rural health camps, TB & dengue response"
F14_REC00073,2014,Jan,"Surat, Gujarat",TB Burden | Low ANC Coverage,Medium,143,UNICEF India,"Child immunization, ANC support, nutrition, disease surveillance"
F14_REC00074,2014,Jul,"Mumbai, Maharashtra",Dengue Outbreak | TB Burden | Low Immunization,Low,138,CARE India,"Maternal & child health, nutrition, immunization, emergency response"
F14_REC00075,2016,Mar,"Mumbai, Maharashtra",Malaria Outbreak | ASHA Worker Shortage,High,81,NHM,"Primary healthcare delivery, ASHA worker deployment, institutional delivery"
F14_REC00076,2016,Feb,"Howrah, West Bengal",Dengue Outbreak | TB Burden | Low ANC Coverage,High,133,HMIS,"Health data reporting, facility monitoring, program evaluation"
F14_REC00077,2016,Apr,"Mysuru, Karnataka",Dengue Outbreak | TB Burden,Medium,162,WHO India,"Disease monitoring, TB/malaria control, epidemiology, health system strengthening"
F14_REC00078,2016,Jan,"Hubli, Karnataka",Dengue Outbreak | TB Burden | Low Immunization | Low Institutional Deliveries,Medium,141,NHM,"Primary healthcare delivery, ASHA worker deployment, institutional delivery"
F14_REC00079,2015,May,"Agra, Uttar Pradesh",Malaria Outbreak | Dengue Outbreak,Medium,136,UNICEF India,"Child immunization, ANC support, nutrition, disease surveillance"
F14_REC00080,2015,Sep,"Hubli, Karnataka",Malaria Outbreak | TB Burden | Low Immunization,Low,109,CARE India,"Maternal & child health, nutrition, immunization, emergency response"
F14_REC00081,2014,Apr,"Mysuru, Karnataka",Malaria Outbreak | Dengue Outbreak | TB Burden | ASHA Worker Shortage,Low,202,NFHS,"Health data collection, fertility & mortality tracking, policy research"
F14_REC00082,2014,Feb,"Vadodara, Gujarat",TB Burden,High,124,UNICEF India,"Child immunization, ANC support, nutrition, disease surveillance"
F14_REC00083,2014,Apr,"Varanasi, Uttar Pradesh",Malaria Outbreak | Dengue Outbreak | TB Burden,Medium,170,NHM,"Primary healthcare delivery, ASHA worker deployment, institutional delivery"
F14_REC00084,2016,Apr,"Bengaluru, Karnataka",Malaria Outbreak | TB Burden | Low ANC Coverage,High,130,NFHS,"Health data collection, fertility & mortality tracking, policy research"
F14_REC00085,2015,Jul,"Kolkata, West Bengal",Malaria Outbreak | Dengue Outbreak | Low Immunization,Medium,163,Doctors For You,"Emergency medical relief, rural health camps, TB & dengue response"
F14_REC00086,2016,May,"Kolkata, West Bengal",Dengue Outbreak | TB Burden,High,158,UNICEF India,"Child immunization, ANC support, nutrition, disease surveillance"
F14_REC00087,2016,Jul,"Madurai, Tamil Nadu",Dengue Outbreak,High,96,CARE India,"Maternal & child health, nutrition, immunization, emergency response"
F14_REC00088,2016,Jul,"Agra, Uttar Pradesh",Dengue Outbreak | ASHA Worker Shortage,High,101,WHO India,"Disease monitoring, TB/malaria control, epidemiology, health system strengthening"
F14_REC00089,2014,May,"Chennai, Tamil Nadu",Malaria Outbreak,High,154,CARE India,"Maternal & child health, nutrition, immunization, emergency response"
F14_REC00090,2016,Mar,"Vadodara, Gujarat",General Health Monitoring,Low,48,CARE India,"Maternal & child health, nutrition, immunization, emergency response"
F14_REC00091,2015,Jan,"Mysuru, Karnataka",Malaria Outbreak | Dengue Outbreak | TB Burden,High,211,NHM,"Primary healthcare delivery, ASHA worker deployment, institutional delivery"
F14_REC00092,2016,Aug,"Siliguri, West Bengal",Malaria Outbreak | TB Burden,Medium,188,CARE India,"Maternal & child health, nutrition, immunization, emergency response"
F14_REC00093,2016,Mar,"Surat, Gujarat",Low Immunization,High,33,UNICEF India,"Child immunization, ANC support, nutrition, disease surveillance"
F14_REC00094,2015,May,"Ahmedabad, Gujarat",Malaria Outbreak | Dengue Outbreak | ASHA Worker Shortage,High,166,WHO India,"Disease monitoring, TB/malaria control, epidemiology, health system strengthening"
F14_REC00095,2014,Jun,"Bengaluru, Karnataka",Dengue Outbreak | TB Burden,High,113,HMIS,"Health data reporting, facility monitoring, program evaluation"
F14_REC00096,2016,Jan,"Nagpur, Maharashtra",Malaria Outbreak,Medium,90,Doctors For You,"Emergency medical relief, rural health camps, TB & dengue response"
F14_REC00097,2014,Aug,"Lucknow, Uttar Pradesh",General Health Monitoring,Medium,69,NFHS,"Health data collection, fertility & mortality tracking, policy research"
F14_REC00098,2016,Feb,"Pune, Maharashtra",Dengue Outbreak,Medium,118,NHM,"Primary healthcare delivery, ASHA worker deployment, institutional delivery"
F14_REC00099,2015,Aug,"Varanasi, Uttar Pradesh",Malaria Outbreak,High,129,NHM,"Primary healthcare delivery, ASHA worker deployment, institutional delivery"
F14_REC00100,2016,Feb,"Hubli, Karnataka",Malaria Outbreak | Dengue Outbreak | TB Burden | ASHA Worker Shortage,High,206,WHO India,"Disease monitoring, TB/malaria control, epidemiology, health system strengthening"
F14_REC00101,2015,Mar,"Muzaffarpur, Bihar",TB Burden,High,90,NFHS,"Health data collection, fertility & mortality tracking, policy research"
F14_REC00102,2015,Jun,"Gaya, Bihar",Malaria Outbreak,High,140,CARE India,"Maternal & child health, nutrition, immunization, emergency response"
F14_REC00103,2015,Feb,"Pune, Maharashtra",Malaria Outbreak | TB Burden,High,163,WHO India,"Disease monitoring, TB/malaria control, epidemiology, health system strengthening"
F14_REC00104,2016,May,"Bengaluru, Karnataka",Malaria Outbreak | Low ANC Coverage,Low,111,NHM,"Primary healthcare delivery, ASHA worker deployment, institutional delivery"
F14_REC00105,2015,Apr,"Patna, Bihar",Malaria Outbreak | TB Burden | Low ANC Coverage | ASHA Worker Shortage,Medium,175,CARE India,"Maternal & child health, nutrition, immunization, emergency response"
F14_REC00106,2014,Jun,"Coimbatore, Tamil Nadu",Malaria Outbreak | Dengue Outbreak,High,147,WHO India,"Disease monitoring, TB/malaria control, epidemiology, health system strengthening"
F14_REC00107,2016,Jan,"Nagpur, Maharashtra",Dengue Outbreak,Medium,122,NFHS,"Health data collection, fertility & mortality tracking, policy research"
F14_REC00108,2016,Mar,"Gaya, Bihar",TB Burden,Low,91,NFHS,"Health data collection, fertility & mortality tracking, policy research"
F14_REC00109,2014,May,"Chennai, Tamil Nadu",General Health Monitoring,High,102,UNICEF India,"Child immunization, ANC support, nutrition, disease surveillance"
F14_REC00110,2016,Feb,"Hubli, Karnataka",Malaria Outbreak | Dengue Outbreak | Low Institutional Deliveries,Medium,161,Doctors For You,"Emergency medical relief, rural health camps, TB & dengue response"
F14_REC00111,2015,Feb,"Nagpur, Maharashtra",Malaria Outbreak | TB Burden,High,159,HMIS,"Health data reporting, facility monitoring, program evaluation"
F14_REC00112,2016,Jun,"Varanasi, Uttar Pradesh",Malaria Outbreak | Dengue Outbreak | TB Burden,High,232,UNICEF India,"Child immunization, ANC support, nutrition, disease surveillance"
F14_REC00113,2014,Jan,"Hubli, Karnataka",Malaria Outbreak | Dengue Outbreak | TB Burden | ASHA Worker Shortage,Low,182,Doctors For You,"Emergency medical relief, rural health camps, TB & dengue response"
F14_REC00114,2016,Aug,"Lucknow, Uttar Pradesh",Malaria Outbreak | Dengue Outbreak | TB Burden | Low Immunization | Low ANC Coverage,High,154,CARE India,"Maternal & child health, nutrition, immunization, emergency response"
F14_REC00115,2015,Aug,"Bengaluru, Karnataka",Malaria Outbreak,Medium,136,CARE India,"Maternal & child health, nutrition, immunization, emergency response"
F14_REC00116,2015,Feb,"Agra, Uttar Pradesh",Malaria Outbreak | TB Burden,Medium,127,NHM,"Primary healthcare delivery, ASHA worker deployment, institutional delivery"
F14_REC00117,2015,Jul,"Patna, Bihar",Malaria Outbreak | Dengue Outbreak | Low ANC Coverage,Medium,123,NFHS,"Health data collection, fertility & mortality tracking, policy research"
F14_REC00118,2015,May,"Muzaffarpur, Bihar",Malaria Outbreak | ASHA Worker Shortage,Medium,140,CARE India,"Maternal & child health, nutrition, immunization, emergency response"
F14_REC00119,2016,May,"Siliguri, West Bengal",TB Burden,Low,122,NFHS,"Health data collection, fertility & mortality tracking, policy research"
F14_REC00120,2016,Sep,"Bengaluru, Karnataka",Malaria Outbreak | Dengue Outbreak | Low Immunization,Medium,148,CARE India,"Maternal & child health, nutrition, immunization, emergency response"
F14_REC00121,2015,Jul,"Mumbai, Maharashtra",General Health Monitoring,High,56,Doctors For You,"Emergency medical relief, rural health camps, TB & dengue response"
F14_REC00122,2015,Jun,"Mysuru, Karnataka",Dengue Outbreak | TB Burden,Low,124,Smile Foundation,"Primary healthcare, mobile health units, community outreach, mother-child welfare"
F14_REC00123,2016,Jan,"Howrah, West Bengal",TB Burden,High,112,Smile Foundation,"Primary healthcare, mobile health units, community outreach, mother-child welfare"
F14_REC00124,2015,May,"Gaya, Bihar",Malaria Outbreak | Dengue Outbreak,High,148,Doctors For You,"Emergency medical relief, rural health camps, TB & dengue response"
F14_REC00125,2016,Aug,"Varanasi, Uttar Pradesh",Malaria Outbreak,Low,94,CARE India,"Maternal & child health, nutrition, immunization, emergency response"
F14_REC00126,2015,Aug,"Pune, Maharashtra",Malaria Outbreak | Dengue Outbreak,High,152,NHM,"Primary healthcare delivery, ASHA worker deployment, institutional delivery"
F14_REC00127,2014,May,"Varanasi, Uttar Pradesh",Malaria Outbreak | Dengue Outbreak | TB Burden | Low Institutional Deliveries,High,172,Smile Foundation,"Primary healthcare, mobile health units, community outreach, mother-child welfare"
F14_REC00128,2015,Sep,"Vadodara, Gujarat",TB Burden | Low ANC Coverage,High,106,NFHS,"Health data collection, fertility & mortality tracking, policy research"
F14_REC00129,2016,Sep,"Mumbai, Maharashtra",Malaria Outbreak | TB Burden,Low,152,NFHS,"Health data collection, fertility & mortality tracking, policy research"
F14_REC00130,2014,Mar,"Gaya, Bihar",TB Burden | ASHA Worker Shortage,High,118,Doctors For You,"Emergency medical relief, rural health camps, TB & dengue response"
F14_REC00131,2015,Jan,"Chennai, Tamil Nadu",TB Burden | Low Institutional Deliveries,High,103,Smile Foundation,"Primary healthcare, mobile health units, community outreach, mother-child welfare"
F14_REC00132,2014,Mar,"Pune, Maharashtra",TB Burden,Medium,101,CARE India,"Maternal & child health, nutrition, immunization, emergency response"
F14_REC00133,2014,May,"Howrah, West Bengal",Malaria Outbreak | TB Burden,High,112,WHO India,"Disease monitoring, TB/malaria control, epidemiology, health system strengthening"
F14_REC00134,2014,May,"Chennai, Tamil Nadu",Malaria Outbreak,Low,92,WHO India,"Disease monitoring, TB/malaria control, epidemiology, health system strengthening"
F14_REC00135,2014,Aug,"Surat, Gujarat",TB Burden,Low,92,HMIS,"Health data reporting, facility monitoring, program evaluation"
F14_REC00136,2016,Aug,"Mysuru, Karnataka",Low Institutional Deliveries,High,62,HMIS,"Health data reporting, facility monitoring, program evaluation"
F14_REC00137,2014,Jul,"Vadodara, Gujarat",General Health Monitoring,High,88,WHO India,"Disease monitoring, TB/malaria control, epidemiology, health system strengthening"
F14_REC00138,2014,May,"Agra, Uttar Pradesh",Malaria Outbreak | Low Immunization | Low ANC Coverage | ASHA Worker Shortage,Medium,122,NFHS,"Health data collection, fertility & mortality tracking, policy research"
F14_REC00139,2015,May,"Mysuru, Karnataka",Malaria Outbreak | ASHA Worker Shortage,Low,154,Smile Foundation,"Primary healthcare, mobile health units, community outreach, mother-child welfare"
F14_REC00140,2014,Feb,"Patna, Bihar",Dengue Outbreak | Low ANC Coverage | Low Institutional Deliveries,Low,150,Doctors For You,"Emergency medical relief, rural health camps, TB & dengue response"
F14_REC00141,2014,May,"Patna, Bihar",Dengue Outbreak,Low,76,WHO India,"Disease monitoring, TB/malaria control, epidemiology, health system strengthening"
F14_REC00142,2015,Jan,"Agra, Uttar Pradesh",Malaria Outbreak | Dengue Outbreak,High,154,NHM,"Primary healthcare delivery, ASHA worker deployment, institutional delivery"
F14_REC00143,2014,Aug,"Hubli, Karnataka",Malaria Outbreak | Dengue Outbreak,Medium,166,NHM,"Primary healthcare delivery, ASHA worker deployment, institutional delivery"
F14_REC00144,2015,Apr,"Chennai, Tamil Nadu",General Health Monitoring,Medium,76,NFHS,"Health data collection, fertility & mortality tracking, policy research"
F14_REC00145,2016,Sep,"Patna, Bihar",Malaria Outbreak | TB Burden,Low,134,WHO India,"Disease monitoring, TB/malaria control, epidemiology, health system strengthening"
F14_REC00146,2014,Jun,"Patna, Bihar",Malaria Outbreak | Low ANC Coverage,Low,116,NHM,"Primary healthcare delivery, ASHA worker deployment, institutional delivery"
F14_REC00147,2015,Jul,"Pune, Maharashtra",Malaria Outbreak,Low,136,WHO India,"Disease monitoring, TB/malaria control, epidemiology, health system strengthening"
F14_REC00148,2016,Mar,"Madurai, Tamil Nadu",General Health Monitoring,Medium,12,Doctors For You,"Emergency medical relief, rural health camps, TB & dengue response"
F14_REC00149,2014,Jul,"Agra, Uttar Pradesh",Malaria Outbreak,High,134,UNICEF India,"Child immunization, ANC support, nutrition, disease surveillance"
F14_REC00150,2016,Jul,"Vadodara, Gujarat",TB Burden,Medium,106,Smile Foundation,"Primary healthcare, mobile health units, community outreach, mother-child welfare"
F14_REC00151,2014,Sep,"Varanasi, Uttar Pradesh",Malaria Outbreak | Dengue Outbreak | TB Burden,Medium,190,NFHS,"Health data collection, fertility & mortality tracking, policy research"
F14_REC00152,2015,Aug,"Ahmedabad, Gujarat",Malaria Outbreak | Dengue Outbreak | TB Burden | Low ANC Coverage | ASHA Worker Shortage,High,165,CARE India,"Maternal & child health, nutrition, immunization, emergency response"
F14_REC00153,2014,Feb,"Coimbatore, Tamil Nadu",Malaria Outbreak | Dengue Outbreak | TB Burden | ASHA Worker Shortage,Low,178,UNICEF India,"Child immunization, ANC support, nutrition, disease surveillance"
F14_REC00154,2015,Jun,"Pune, Maharashtra",Malaria Outbreak | ASHA Worker Shortage,Medium,73,NHM,"Primary healthcare delivery, ASHA worker deployment, institutional delivery"
F14_REC00155,2016,Mar,"Varanasi, Uttar Pradesh",Malaria Outbreak | Dengue Outbreak | Low Institutional Deliveries | ASHA Worker Shortage,Medium,188,WHO India,"Disease monitoring, TB/malaria control, epidemiology, health system strengthening"
F14_REC00156,2016,Feb,"Siliguri, West Bengal",TB Burden | Low ANC Coverage,High,110,WHO India,"Disease monitoring, TB/malaria control, epidemiology, health system strengthening"
F14_REC00157,2014,Mar,"Chennai, Tamil Nadu",Dengue Outbreak,High,118,CARE India,"Maternal & child health, nutrition, immunization, emergency response"
F14_REC00158,2015,Apr,"Howrah, West Bengal",Malaria Outbreak | Dengue Outbreak | TB Burden | ASHA Worker Shortage,Low,163,UNICEF India,"Child immunization, ANC support, nutrition, disease surveillance"
F14_REC00159,2016,Jul,"Howrah, West Bengal",Malaria Outbreak | Dengue Outbreak | TB Burden,Low,190,NFHS,"Health data collection, fertility & mortality tracking, policy research"
F14_REC00160,2015,Sep,"Pune, Maharashtra",Malaria Outbreak | Dengue Outbreak | TB Burden | Low Institutional Deliveries,Medium,197,Smile Foundation,"Primary healthcare, mobile health units, community outreach, mother-child welfare"
F14_REC00161,2014,Aug,"Patna, Bihar",Malaria Outbreak,Medium,140,HMIS,"Health data reporting, facility monitoring, program evaluation"
F14_REC00162,2016,Sep,"Chennai, Tamil Nadu",Malaria Outbreak | TB Burden | Low Immunization,High,170,CARE India,"Maternal & child health, nutrition, immunization, emergency response"
F14_REC00163,2016,May,"Nagpur, Maharashtra",Dengue Outbreak | TB Burden,Low,117,Doctors For You,"Emergency medical relief, rural health camps, TB & dengue response"
F14_REC00164,2014,Jan,"Lucknow, Uttar Pradesh",Dengue Outbreak | TB Burden | ASHA Worker Shortage,Low,118,HMIS,"Health data reporting, facility monitoring, program evaluation"
F14_REC00165,2016,Jan,"Patna, Bihar",ASHA Worker Shortage,Low,69,NHM,"Primary healthcare delivery, ASHA worker deployment, institutional delivery"
F14_REC00166,2014,Jul,"Agra, Uttar Pradesh",Malaria Outbreak,Medium,150,NHM,"Primary healthcare delivery, ASHA worker deployment, institutional delivery"
F14_REC00167,2014,May,"Vadodara, Gujarat",Malaria Outbreak,Medium,127,CARE India,"Maternal & child health, nutrition, immunization, emergency response"
F14_REC00168,2015,Sep,"Siliguri, West Bengal",Malaria Outbreak | Dengue Outbreak | ASHA Worker Shortage,Medium,140,Doctors For You,"Emergency medical relief, rural health camps, TB & dengue response"
F14_REC00169,2014,Sep,"Chennai, Tamil Nadu",Dengue Outbreak,High,120,UNICEF India,"Child immunization, ANC support, nutrition, disease surveillance"
F14_REC00170,2015,Jan,"Gaya, Bihar",Malaria Outbreak | Dengue Outbreak | Low ANC Coverage,Medium,174,NFHS,"Health data collection, fertility & mortality tracking, policy research"
F14_REC00171,2014,Sep,"Madurai, Tamil Nadu",General Health Monitoring,High,39,UNICEF India,"Child immunization, ANC support, nutrition, disease surveillance"
F14_REC00172,2014,Jul,"Lucknow, Uttar Pradesh",Malaria Outbreak | Dengue Outbreak,Medium,142,Smile Foundation,"Primary healthcare, mobile health units, community outreach, mother-child welfare"
F14_REC00173,2016,Mar,"Chennai, Tamil Nadu",Malaria Outbreak | TB Burden,High,130,Doctors For You,"Emergency medical relief, rural health camps, TB & dengue response"
F14_REC00174,2016,Apr,"Ahmedabad, Gujarat",Dengue Outbreak | TB Burden,Medium,144,HMIS,"Health data reporting, facility monitoring, program evaluation"
F14_REC00175,2015,Jan,"Varanasi, Uttar Pradesh",Malaria Outbreak | Dengue Outbreak,High,165,UNICEF India,"Child immunization, ANC support, nutrition, disease surveillance"
F14_REC00176,2015,Jul,"Muzaffarpur, Bihar",TB Burden,Medium,118,Doctors For You,"Emergency medical relief, rural health camps, TB & dengue response"
F14_REC00177,2016,Mar,"Pune, Maharashtra",Malaria Outbreak | Dengue Outbreak | TB Burden,Medium,189,NFHS,"Health data collection, fertility & mortality tracking, policy research"
F14_REC00178,2014,Mar,"Agra, Uttar Pradesh",Low ANC Coverage,Medium,73,NHM,"Primary healthcare delivery, ASHA worker deployment, institutional delivery"
F14_REC00179,2016,Jun,"Hubli, Karnataka",Malaria Outbreak,Low,73,NFHS,"Health data collection, fertility & mortality tracking, policy research"
F14_REC00180,2016,Aug,"Mysuru, Karnataka",Malaria Outbreak | TB Burden,Medium,176,Doctors For You,"Emergency medical relief, rural health camps, TB & dengue response"
F14_REC00181,2015,Jun,"Gaya, Bihar",Malaria Outbreak | TB Burden,Medium,151,UNICEF India,"Child immunization, ANC support, nutrition, disease surveillance"
F14_REC00182,2014,Feb,"Kolkata, West Bengal",Dengue Outbreak | TB Burden,High,153,CARE India,"Maternal & child health, nutrition, immunization, emergency response"
F14_REC00183,2015,Mar,"Hubli, Karnataka",Dengue Outbreak | TB Burden | ASHA Worker Shortage,High,176,WHO India,"Disease monitoring, TB/malaria control, epidemiology, health system strengthening"
F14_REC00184,2014,Apr,"Surat, Gujarat",Malaria Outbreak,Low,100,NHM,"Primary healthcare delivery, ASHA worker deployment, institutional delivery"
F14_REC00185,2014,May,"Agra, Uttar Pradesh",Dengue Outbreak | Low Institutional Deliveries | ASHA Worker Shortage,High,98,Doctors For You,"Emergency medical relief, rural health camps, TB & dengue response"
F14_REC00186,2016,Sep,"Mumbai, Maharashtra",Dengue Outbreak | Low Immunization,Medium,91,Doctors For You,"Emergency medical relief, rural health camps, TB & dengue response"
F14_REC00187,2015,Apr,"Varanasi, Uttar Pradesh",Dengue Outbreak,Medium,109,NFHS,"Health data collection, fertility & mortality tracking, policy research"
F14_REC00188,2014,Apr,"Chennai, Tamil Nadu",Malaria Outbreak | Dengue Outbreak | TB Burden | Low Immunization | ASHA Worker Shortage,High,218,Smile Foundation,"Primary healthcare, mobile health units, community outreach, mother-child welfare"
F14_REC00189,2016,Jul,"Patna, Bihar",Malaria Outbreak | TB Burden,Medium,162,NFHS,"Health data collection, fertility & mortality tracking, policy research"
F14_REC00190,2014,Sep,"Kolkata, West Bengal",Malaria Outbreak | TB Burden | Low Immunization | Low ANC Coverage,Medium,89,UNICEF India,"Child immunization, ANC support, nutrition, disease surveillance"
F14_REC00191,2016,Aug,"Vadodara, Gujarat",Malaria Outbreak,Medium,94,Smile Foundation,"Primary healthcare, mobile health units, community outreach, mother-child welfare"
F14_REC00192,2015,Sep,"Mysuru, Karnataka",Malaria Outbreak | Dengue Outbreak | TB Burden | Low Institutional Deliveries | ASHA Worker Shortage,Low,143,NFHS,"Health data collection, fertility & mortality tracking, policy research"
F14_REC00193,2015,Sep,"Ahmedabad, Gujarat",TB Burden | Low ANC Coverage,Medium,102,HMIS,"Health data reporting, facility monitoring, program evaluation"
F14_REC00194,2016,Aug,"Pune, Maharashtra",TB Burden | Low Immunization,Low,128,Doctors For You,"Emergency medical relief, rural health camps, TB & dengue response"
F14_REC00195,2014,Jun,"Vadodara, Gujarat",Malaria Outbreak | Dengue Outbreak | ASHA Worker Shortage,Medium,158,HMIS,"Health data reporting, facility monitoring, program evaluation"
F14_REC00196,2015,Mar,"Surat, Gujarat",Malaria Outbreak | TB Burden,High,167,UNICEF India,"Child immunization, ANC support, nutrition, disease surveillance"
F14_REC00197,2015,Apr,"Kolkata, West Bengal",General Health Monitoring,Medium,50,UNICEF India,"Child immunization, ANC support, nutrition, disease surveillance"
F14_REC00198,2016,Jan,"Madurai, Tamil Nadu",Malaria Outbreak | TB Burden | Low ANC Coverage | ASHA Worker Shortage,Low,162,Smile Foundation,"Primary healthcare, mobile health units, community outreach, mother-child welfare"
F14_REC00199,2016,Jun,"Ahmedabad, Gujarat",TB Burden,Medium,79,CARE India,"Maternal & child health, nutrition, immunization, emergency response"
F15_REC00000,2017,Sep,"Nagpur, Maharashtra",Malaria Outbreak,Low,120,CARE India,"Maternal & child health, nutrition, immunization, emergency response"
F15_REC00001,2016,Sep,"Madurai, Tamil Nadu",Malaria Outbreak | Low Immunization,High,100,NHM,"Primary healthcare delivery, ASHA worker deployment, institutional delivery"
F15_REC00002,2018,Jul,"Mysuru, Karnataka",Malaria Outbreak | ASHA Worker Shortage,High,136,Smile Foundation,"Primary healthcare, mobile health units, community outreach, mother-child welfare"
F15_REC00003,2017,Aug,"Chennai, Tamil Nadu",General Health Monitoring,Low,87,WHO India,"Disease monitoring, TB/malaria control, epidemiology, health system strengthening"
F15_REC00004,2018,Apr,"Nagpur, Maharashtra",General Health Monitoring,Low,55,CARE India,"Maternal & child health, nutrition, immunization, emergency response"
F15_REC00005,2016,Jan,"Lucknow, Uttar Pradesh",General Health Monitoring,Low,77,Doctors For You,"Emergency medical relief, rural health camps, TB & dengue response"
F15_REC00006,2017,Jul,"Howrah, West Bengal",Malaria Outbreak | Dengue Outbreak,Low,135,Smile Foundation,"Primary healthcare, mobile health units, community outreach, mother-child welfare"
F15_REC00007,2016,Jul,"Pune, Maharashtra",Dengue Outbreak | Low Immunization | ASHA Worker Shortage,Low,131,Smile Foundation,"Primary healthcare, mobile health units, community outreach, mother-child welfare"
F15_REC00008,2017,Jan,"Hubli, Karnataka",Malaria Outbreak | TB Burden,Low,133,Doctors For You,"Emergency medical relief, rural health camps, TB & dengue response"
F15_REC00009,2017,Sep,"Ahmedabad, Gujarat",Low ANC Coverage | ASHA Worker Shortage,Medium,21,WHO India,"Disease monitoring, TB/malaria control, epidemiology, health system strengthening"
F15_REC00010,2017,Jan,"Kolkata, West Bengal",Dengue Outbreak | TB Burden,Medium,119,Smile Foundation,"Primary healthcare, mobile health units, community outreach, mother-child welfare"
F15_REC00011,2018,Sep,"Vadodara, Gujarat",TB Burden,High,80,NHM,"Primary healthcare delivery, ASHA worker deployment, institutional delivery"
F15_REC00012,2016,Jun,"Muzaffarpur, Bihar",Malaria Outbreak | Dengue Outbreak,Medium,149,Smile Foundation,"Primary healthcare, mobile health units, community outreach, mother-child welfare"
F15_REC00013,2016,Jan,"Nagpur, Maharashtra",Malaria Outbreak | Dengue Outbreak,Low,125,NFHS,"Health data collection, fertility & mortality tracking, policy research"
F15_REC00014,2017,May,"Varanasi, Uttar Pradesh",Malaria Outbreak | Dengue Outbreak | Low Institutional Deliveries,Low,144,Smile Foundation,"Primary healthcare, mobile health units, community outreach, mother-child welfare"
F15_REC00015,2017,Aug,"Chennai, Tamil Nadu",Malaria Outbreak | Dengue Outbreak | TB Burden,Low,170,HMIS,"Health data reporting, facility monitoring, program evaluation"
F15_REC00016,2016,Apr,"Kolkata, West Bengal",Malaria Outbreak,Medium,175,NFHS,"Health data collection, fertility & mortality tracking, policy research"
F15_REC00017,2018,Aug,"Surat, Gujarat",Malaria Outbreak | ASHA Worker Shortage,Medium,178,CARE India,"Maternal & child health, nutrition, immunization, emergency response"
F15_REC00018,2016,Jun,"Surat, Gujarat",Malaria Outbreak,Low,125,HMIS,"Health data reporting, facility monitoring, program evaluation"
F15_REC00019,2017,Jul,"Nagpur, Maharashtra",Malaria Outbreak | TB Burden | ASHA Worker Shortage,Medium,155,HMIS,"Health data reporting, facility monitoring, program evaluation"
F15_REC00020,2017,Jan,"Patna, Bihar",Malaria Outbreak | Low Immunization,Low,140,NFHS,"Health data collection, fertility & mortality tracking, policy research"
F15_REC00021,2017,Sep,"Vadodara, Gujarat",Malaria Outbreak | Low Institutional Deliveries,High,149,UNICEF India,"Child immunization, ANC support, nutrition, disease surveillance"
F15_REC00022,2018,Aug,"Agra, Uttar Pradesh",Malaria Outbreak | Dengue Outbreak | TB Burden,Medium,204,Smile Foundation,"Primary healthcare, mobile health units, community outreach, mother-child welfare"
F15_REC00023,2018,May,"Mysuru, Karnataka",Malaria Outbreak | TB Burden,Medium,167,NFHS,"Health data collection, fertility & mortality tracking, policy research"
F15_REC00024,2017,Feb,"Agra, Uttar Pradesh",Malaria Outbreak | TB Burden | Low ANC Coverage | ASHA Worker Shortage,High,142,CARE India,"Maternal & child health, nutrition, immunization, emergency response"
F15_REC00025,2016,Jun,"Mumbai, Maharashtra",Malaria Outbreak | Low Immunization,High,102,UNICEF India,"Child immunization, ANC support, nutrition, disease surveillance"
F15_REC00026,2016,Jul,"Hubli, Karnataka",ASHA Worker Shortage,High,98,WHO India,"Disease monitoring, TB/malaria control, epidemiology, health system strengthening"
F15_REC00027,2016,Jan,"Patna, Bihar",Malaria Outbreak | Dengue Outbreak | Low Institutional Deliveries,Low,200,NHM,"Primary healthcare delivery, ASHA worker deployment, institutional delivery"
F15_REC00028,2016,Aug,"Madurai, Tamil Nadu",Low Immunization,Medium,80,Smile Foundation,"Primary healthcare, mobile health units, community outreach, mother-child welfare"
F15_REC00029,2017,Feb,"Gaya, Bihar",Dengue Outbreak | TB Burden,Low,143,Smile Foundation,"Primary healthcare, mobile health units, community outreach, mother-child welfare"
F15_REC00030,2016,Aug,"Nagpur, Maharashtra",Dengue Outbreak | Low ANC Coverage,High,88,WHO India,"Disease monitoring, TB/malaria control, epidemiology, health system strengthening"
F15_REC00031,2018,Sep,"Chennai, Tamil Nadu",Dengue Outbreak | Low Institutional Deliveries | ASHA Worker Shortage,Medium,135,NFHS,"Health data collection, fertility & mortality tracking, policy research"
F15_REC00032,2018,Mar,"Howrah, West Bengal",TB Burden,Low,106,NFHS,"Health data collection, fertility & mortality tracking, policy research"
F15_REC00033,2017,Mar,"Varanasi, Uttar Pradesh",TB Burden | ASHA Worker Shortage,Low,91,WHO India,"Disease monitoring, TB/malaria control, epidemiology, health system strengthening"
F15_REC00034,2016,Jun,"Chennai, Tamil Nadu",Malaria Outbreak | Low Institutional Deliveries,High,139,UNICEF India,"Child immunization, ANC support, nutrition, disease surveillance"
F15_REC00035,2016,Jan,"Chennai, Tamil Nadu",Malaria Outbreak | Dengue Outbreak | TB Burden,Medium,215,Doctors For You,"Emergency medical relief, rural health camps, TB & dengue response"
F15_REC00036,2018,Sep,"Mysuru, Karnataka",Malaria Outbreak | TB Burden,Low,145,WHO India,"Disease monitoring, TB/malaria control, epidemiology, health system strengthening"
F15_REC00037,2016,Aug,"Nagpur, Maharashtra",TB Burden | ASHA Worker Shortage,High,113,NFHS,"Health data collection, fertility & mortality tracking, policy research"
F15_REC00038,2017,Jun,"Mumbai, Maharashtra",Malaria Outbreak | Dengue Outbreak | Low Immunization,Low,189,NFHS,"Health data collection, fertility & mortality tracking, policy research"
F15_REC00039,2018,Feb,"Kolkata, West Bengal",Malaria Outbreak | TB Burden | ASHA Worker Shortage,Medium,118,Doctors For You,"Emergency medical relief, rural health camps, TB & dengue response"
F15_REC00040,2016,Feb,"Mumbai, Maharashtra",Malaria Outbreak | Dengue Outbreak | Low Immunization,High,138,HMIS,"Health data reporting, facility monitoring, program evaluation"
F15_REC00041,2017,Jul,"Gaya, Bihar",Malaria Outbreak | TB Burden | Low Institutional Deliveries,Low,162,CARE India,"Maternal & child health, nutrition, immunization, emergency response"
F15_REC00042,2018,Jul,"Surat, Gujarat",Malaria Outbreak | TB Burden | ASHA Worker Shortage,High,148,HMIS,"Health data reporting, facility monitoring, program evaluation"
F15_REC00043,2018,Jul,"Mysuru, Karnataka",Malaria Outbreak | TB Burden | Low ANC Coverage,High,144,HMIS,"Health data reporting, facility monitoring, program evaluation"
F15_REC00044,2017,Apr,"Surat, Gujarat",General Health Monitoring,Medium,68,WHO India,"Disease monitoring, TB/malaria control, epidemiology, health system strengthening"
F15_REC00045,2017,Apr,"Siliguri, West Bengal",Malaria Outbreak | Dengue Outbreak | Low Immunization,Medium,162,Doctors For You,"Emergency medical relief, rural health camps, TB & dengue response"
F15_REC00046,2017,Feb,"Lucknow, Uttar Pradesh",Malaria Outbreak | TB Burden,High,155,UNICEF India,"Child immunization, ANC support, nutrition, disease surveillance"
F15_REC00047,2017,Mar,"Ahmedabad, Gujarat",Dengue Outbreak | TB Burden | Low Institutional Deliveries | ASHA Worker Shortage,Low,132,WHO India,"Disease monitoring, TB/malaria control, epidemiology, health system strengthening"
F15_REC00048,2016,Sep,"Chennai, Tamil Nadu",Malaria Outbreak | Dengue Outbreak | TB Burden,Medium,230,HMIS,"Health data reporting, facility monitoring, program evaluation"
F15_REC00049,2016,Apr,"Siliguri, West Bengal",Dengue Outbreak,High,124,Doctors For You,"Emergency medical relief, rural health camps, TB & dengue response"
F15_REC00050,2016,Jul,"Vadodara, Gujarat",Malaria Outbreak,Medium,149,NHM,"Primary healthcare delivery, ASHA worker deployment, institutional delivery"
F15_REC00051,2018,Jul,"Lucknow, Uttar Pradesh",Malaria Outbreak | Dengue Outbreak,Medium,177,CARE India,"Maternal & child health, nutrition, immunization, emergency response"
F15_REC00052,2016,Mar,"Bengaluru, Karnataka",TB Burden,High,93,NFHS,"Health data collection, fertility & mortality tracking, policy research"
F15_REC00053,2017,May,"Hubli, Karnataka",Malaria Outbreak | Low ANC Coverage | ASHA Worker Shortage,Low,103,NFHS,"Health data collection, fertility & mortality tracking, policy research"
F15_REC00054,2018,Jul,"Gaya, Bihar",TB Burden,High,81,UNICEF India,"Child immunization, ANC support, nutrition, disease surveillance"
F15_REC00055,2016,Aug,"Surat, Gujarat",Malaria Outbreak | Dengue Outbreak | TB Burden | ASHA Worker Shortage,Medium,221,CARE India,"Maternal & child health, nutrition, immunization, emergency response"
F15_REC00056,2018,Jun,"Siliguri, West Bengal",Malaria Outbreak | TB Burden | ASHA Worker Shortage,Low,148,Smile Foundation,"Primary healthcare, mobile health units, community outreach, mother-child welfare"
F15_REC00057,2018,Sep,"Madurai, Tamil Nadu",Malaria Outbreak | Dengue Outbreak | TB Burden | Low Institutional Deliveries,High,234,Doctors For You,"Emergency medical relief, rural health camps, TB & dengue response"
F15_REC00058,2016,Sep,"Lucknow, Uttar Pradesh",Malaria Outbreak | ASHA Worker Shortage,Low,137,HMIS,"Health data reporting, facility monitoring, program evaluation"
F15_REC00059,2016,Aug,"Hubli, Karnataka",Malaria Outbreak | Dengue Outbreak,Low,146,Doctors For You,"Emergency medical relief, rural health camps, TB & dengue response"
F15_REC00060,2017,Jan,"Pune, Maharashtra",Malaria Outbreak | TB Burden | Low ANC Coverage | ASHA Worker Shortage,Medium,172,WHO India,"Disease monitoring, TB/malaria control, epidemiology, health system strengthening"
F15_REC00061,2017,Apr,"Howrah, West Bengal",Malaria Outbreak | TB Burden | Low Immunization,Medium,120,CARE India,"Maternal & child health, nutrition, immunization, emergency response"
F15_REC00062,2018,Mar,"Patna, Bihar",TB Burden,High,95,NHM,"Primary healthcare delivery, ASHA worker deployment, institutional delivery"
F15_REC00063,2017,Aug,"Chennai, Tamil Nadu",Dengue Outbreak | TB Burden | ASHA Worker Shortage,Low,127,UNICEF India,"Child immunization, ANC support, nutrition, disease surveillance"
F15_REC00064,2017,Jul,"Bengaluru, Karnataka",TB Burden | Low Institutional Deliveries,Low,111,Smile Foundation,"Primary healthcare, mobile health units, community outreach, mother-child welfare"
F15_REC00065,2017,May,"Varanasi, Uttar Pradesh",Malaria Outbreak | Dengue Outbreak | TB Burden,Low,190,NHM,"Primary healthcare delivery, ASHA worker deployment, institutional delivery"
F15_REC00066,2016,Feb,"Siliguri, West Bengal",Malaria Outbreak | Low Institutional Deliveries,Low,167,NFHS,"Health data collection, fertility & mortality tracking, policy research"
F15_REC00067,2018,Mar,"Chennai, Tamil Nadu",Malaria Outbreak | ASHA Worker Shortage,High,131,WHO India,"Disease monitoring, TB/malaria control, epidemiology, health system strengthening"
F15_REC00068,2017,Apr,"Kolkata, West Bengal",Malaria Outbreak | TB Burden,High,116,NHM,"Primary healthcare delivery, ASHA worker deployment, institutional delivery"
F15_REC00069,2017,Jun,"Siliguri, West Bengal",Malaria Outbreak,Medium,116,Smile Foundation,"Primary healthcare, mobile health units, community outreach, mother-child welfare"
F15_REC00070,2016,Feb,"Ahmedabad, Gujarat",Malaria Outbreak | Dengue Outbreak | TB Burden,High,196,Doctors For You,"Emergency medical relief, rural health camps, TB & dengue response"
F15_REC00071,2017,Apr,"Agra, Uttar Pradesh",Malaria Outbreak | Dengue Outbreak | Low Immunization | Low ANC Coverage | ASHA Worker Shortage,Low,156,Doctors For You,"Emergency medical relief, rural health camps, TB & dengue response"
F15_REC00072,2018,May,"Surat, Gujarat",Malaria Outbreak | TB Burden | Low Institutional Deliveries,Medium,144,WHO India,"Disease monitoring, TB/malaria control, epidemiology, health system strengthening"
F15_REC00073,2016,Jun,"Lucknow, Uttar Pradesh",Malaria Outbreak | Dengue Outbreak | TB Burden | Low Immunization | ASHA Worker Shortage,Medium,198,CARE India,"Maternal & child health, nutrition, immunization, emergency response"
F15_REC00074,2017,Jan,"Siliguri, West Bengal",Malaria Outbreak | TB Burden,Low,160,WHO India,"Disease monitoring, TB/malaria control, epidemiology, health system strengthening"
F15_REC00075,2017,Feb,"Chennai, Tamil Nadu",Dengue Outbreak | TB Burden,Low,123,UNICEF India,"Child immunization, ANC support, nutrition, disease surveillance"
F15_REC00076,2016,Jun,"Mumbai, Maharashtra",Malaria Outbreak | Dengue Outbreak | ASHA Worker Shortage,Medium,201,NHM,"Primary healthcare delivery, ASHA worker deployment, institutional delivery"
F15_REC00077,2017,Jul,"Madurai, Tamil Nadu",Dengue Outbreak,High,93,CARE India,"Maternal & child health, nutrition, immunization, emergency response"
F15_REC00078,2017,May,"Gaya, Bihar",Malaria Outbreak | Dengue Outbreak | TB Burden | Low Immunization,Low,177,NFHS,"Health data collection, fertility & mortality tracking, policy research"
F15_REC00079,2017,Mar,"Lucknow, Uttar Pradesh",Malaria Outbreak | Dengue Outbreak,High,192,HMIS,"Health data reporting, facility monitoring, program evaluation"
F15_REC00080,2016,Jun,"Agra, Uttar Pradesh",Malaria Outbreak | Dengue Outbreak | TB Burden,Low,200,Doctors For You,"Emergency medical relief, rural health camps, TB & dengue response"
F15_REC00081,2016,Mar,"Patna, Bihar",Malaria Outbreak | Dengue Outbreak,Low,195,NHM,"Primary healthcare delivery, ASHA worker deployment, institutional delivery"
F15_REC00082,2017,Jan,"Varanasi, Uttar Pradesh",Malaria Outbreak | Dengue Outbreak | TB Burden | Low ANC Coverage,Low,181,NFHS,"Health data collection, fertility & mortality tracking, policy research"
F15_REC00083,2018,Jul,"Hubli, Karnataka",Malaria Outbreak | Dengue Outbreak,High,178,CARE India,"Maternal & child health, nutrition, immunization, emergency response"
F15_REC00084,2018,Apr,"Bengaluru, Karnataka",Dengue Outbreak | TB Burden | Low Immunization | ASHA Worker Shortage,High,142,HMIS,"Health data reporting, facility monitoring, program evaluation"
F15_REC00085,2018,Feb,"Patna, Bihar",Malaria Outbreak | Dengue Outbreak,Medium,195,Doctors For You,"Emergency medical relief, rural health camps, TB & dengue response"
F15_REC00086,2017,Aug,"Vadodara, Gujarat",Malaria Outbreak | Dengue Outbreak | TB Burden | ASHA Worker Shortage,Low,167,HMIS,"Health data reporting, facility monitoring, program evaluation"
F15_REC00087,2016,Jan,"Ahmedabad, Gujarat",Malaria Outbreak,Medium,116,Doctors For You,"Emergency medical relief, rural health camps, TB & dengue response"
F15_REC00088,2016,Sep,"Lucknow, Uttar Pradesh",Dengue Outbreak | TB Burden | ASHA Worker Shortage,High,156,HMIS,"Health data reporting, facility monitoring, program evaluation"
F15_REC00089,2018,Jun,"Mumbai, Maharashtra",Malaria Outbreak | TB Burden,High,183,NFHS,"Health data collection, fertility & mortality tracking, policy research"
F15_REC00090,2018,Mar,"Ahmedabad, Gujarat",Malaria Outbreak,Low,138,CARE India,"Maternal & child health, nutrition, immunization, emergency response"
F15_REC00091,2016,Mar,"Mumbai, Maharashtra",Malaria Outbreak | TB Burden | Low ANC Coverage,Medium,161,CARE India,"Maternal & child health, nutrition, immunization, emergency response"
F15_REC00092,2018,Jan,"Vadodara, Gujarat",Malaria Outbreak,Low,118,NHM,"Primary healthcare delivery, ASHA worker deployment, institutional delivery"
F15_REC00093,2016,Aug,"Lucknow, Uttar Pradesh",Low Institutional Deliveries,High,48,Smile Foundation,"Primary healthcare, mobile health units, community outreach, mother-child welfare"
F15_REC00094,2017,May,"Patna, Bihar",Dengue Outbreak | TB Burden,High,131,NFHS,"Health data collection, fertility & mortality tracking, policy research"
F15_REC00095,2018,May,"Nagpur, Maharashtra",Malaria Outbreak | Dengue Outbreak,High,219,NFHS,"Health data collection, fertility & mortality tracking, policy research"
F15_REC00096,2016,Apr,"Gaya, Bihar",Dengue Outbreak | Low Immunization,High,74,CARE India,"Maternal & child health, nutrition, immunization, emergency response"
F15_REC00097,2017,Feb,"Varanasi, Uttar Pradesh",Malaria Outbreak | TB Burden,High,102,HMIS,"Health data reporting, facility monitoring, program evaluation"
F15_REC00098,2016,Mar,"Coimbatore, Tamil Nadu",Malaria Outbreak,High,99,HMIS,"Health data reporting, facility monitoring, program evaluation"
F15_REC00099,2016,Aug,"Kolkata, West Bengal",Malaria Outbreak | Dengue Outbreak | TB Burden,Low,244,NFHS,"Health data collection, fertility & mortality tracking, policy research"
F15_REC00100,2017,Apr,"Surat, Gujarat",Malaria Outbreak | Dengue Outbreak | Low ANC Coverage,High,157,NHM,"Primary healthcare delivery, ASHA worker deployment, institutional delivery"
F15_REC00101,2016,Jun,"Howrah, West Bengal",Malaria Outbreak | Dengue Outbreak | TB Burden,Medium,214,Smile Foundation,"Primary healthcare, mobile health units, community outreach, mother-child welfare"
F15_REC00102,2017,Apr,"Howrah, West Bengal",Dengue Outbreak | TB Burden | Low ANC Coverage,Low,175,CARE India,"Maternal & child health, nutrition, immunization, emergency response"
F15_REC00103,2016,Sep,"Patna, Bihar",Malaria Outbreak | Dengue Outbreak | Low Immunization | ASHA Worker Shortage,High,142,Smile Foundation,"Primary healthcare, mobile health units, community outreach, mother-child welfare"
F15_REC00104,2018,May,"Mumbai, Maharashtra",Malaria Outbreak | Dengue Outbreak,Medium,160,Smile Foundation,"Primary healthcare, mobile health units, community outreach, mother-child welfare"
F15_REC00105,2018,May,"Chennai, Tamil Nadu",TB Burden,Low,91,NFHS,"Health data collection, fertility & mortality tracking, policy research"
F15_REC00106,2018,Aug,"Patna, Bihar",Dengue Outbreak | TB Burden,Low,113,HMIS,"Health data reporting, facility monitoring, program evaluation"
F15_REC00107,2016,Mar,"Muzaffarpur, Bihar",Dengue Outbreak | Low ANC Coverage,Medium,118,CARE India,"Maternal & child health, nutrition, immunization, emergency response"
F15_REC00108,2018,Jan,"Mysuru, Karnataka",Malaria Outbreak | Dengue Outbreak | Low Institutional Deliveries,Low,125,NFHS,"Health data collection, fertility & mortality tracking, policy research"
F15_REC00109,2017,Feb,"Agra, Uttar Pradesh",Malaria Outbreak | Dengue Outbreak | TB Burden,Medium,232,NHM,"Primary healthcare delivery, ASHA worker deployment, institutional delivery"
F15_REC00110,2018,May,"Bengaluru, Karnataka",Malaria Outbreak | Dengue Outbreak | Low Immunization,High,159,NFHS,"Health data collection, fertility & mortality tracking, policy research"
F15_REC00111,2018,Apr,"Ahmedabad, Gujarat",Malaria Outbreak | TB Burden | Low ANC Coverage,Medium,140,NHM,"Primary healthcare delivery, ASHA worker deployment, institutional delivery"
F15_REC00112,2017,Aug,"Ahmedabad, Gujarat",Malaria Outbreak | Dengue Outbreak,High,187,WHO India,"Disease monitoring, TB/malaria control, epidemiology, health system strengthening"
F15_REC00113,2018,Jun,"Bengaluru, Karnataka",Dengue Outbreak | TB Burden,Low,108,NFHS,"Health data collection, fertility & mortality tracking, policy research"
F15_REC00114,2017,Jul,"Mumbai, Maharashtra",Malaria Outbreak | Dengue Outbreak | TB Burden | Low Immunization | ASHA Worker Shortage,Low,216,WHO India,"Disease monitoring, TB/malaria control, epidemiology, health system strengthening"
F15_REC00115,2017,Jun,"Mysuru, Karnataka",Malaria Outbreak | TB Burden,High,121,Doctors For You,"Emergency medical relief, rural health camps, TB & dengue response"
F15_REC00116,2016,Aug,"Lucknow, Uttar Pradesh",Dengue Outbreak,High,108,WHO India,"Disease monitoring, TB/malaria control, epidemiology, health system strengthening"
F15_REC00117,2016,Aug,"Madurai, Tamil Nadu",TB Burden | ASHA Worker Shortage,Low,96,NFHS,"Health data collection, fertility & mortality tracking, policy research"
F15_REC00118,2018,Jul,"Mysuru, Karnataka",Malaria Outbreak | Dengue Outbreak | TB Burden | Low ANC Coverage,Low,204,HMIS,"Health data reporting, facility monitoring, program evaluation"
F15_REC00119,2016,Sep,"Madurai, Tamil Nadu",Malaria Outbreak | Dengue Outbreak,Low,154,Doctors For You,"Emergency medical relief, rural health camps, TB & dengue response"
F15_REC00120,2017,Jan,"Muzaffarpur, Bihar",Malaria Outbreak | TB Burden | ASHA Worker Shortage,Low,107,WHO India,"Disease monitoring, TB/malaria control, epidemiology, health system strengthening"
F15_REC00121,2018,Jan,"Surat, Gujarat",Malaria Outbreak | TB Burden | Low Institutional Deliveries | ASHA Worker Shortage,Low,194,NFHS,"Health data collection, fertility & mortality tracking, policy research"
F15_REC00122,2018,Aug,"Madurai, Tamil Nadu",Dengue Outbreak | TB Burden,Low,116,UNICEF India,"Child immunization, ANC support, nutrition, disease surveillance"
F15_REC00123,2017,Feb,"Chennai, Tamil Nadu",Malaria Outbreak | TB Burden,High,156,UNICEF India,"Child immunization, ANC support, nutrition, disease surveillance"
F15_REC00124,2017,May,"Vadodara, Gujarat",Malaria Outbreak | Dengue Outbreak,Low,182,HMIS,"Health data reporting, facility monitoring, program evaluation"
F15_REC00125,2016,Sep,"Bengaluru, Karnataka",Malaria Outbreak | Dengue Outbreak | TB Burden,Low,206,NHM,"Primary healthcare delivery, ASHA worker deployment, institutional delivery"
F15_REC00126,2017,Feb,"Howrah, West Bengal",Malaria Outbreak | Dengue Outbreak | TB Burden | ASHA Worker Shortage,Low,164,Doctors For You,"Emergency medical relief, rural health camps, TB & dengue response"
F15_REC00127,2018,Mar,"Varanasi, Uttar Pradesh",Malaria Outbreak | Dengue Outbreak | TB Burden,Medium,185,HMIS,"Health data reporting, facility monitoring, program evaluation"
F15_REC00128,2018,May,"Hubli, Karnataka",TB Burden,Low,124,WHO India,"Disease monitoring, TB/malaria control, epidemiology, health system strengthening"
F15_REC00129,2016,Feb,"Gaya, Bihar",Malaria Outbreak,High,108,Smile Foundation,"Primary healthcare, mobile health units, community outreach, mother-child welfare"
F15_REC00130,2017,Jul,"Kolkata, West Bengal",TB Burden | Low ANC Coverage | Low Institutional Deliveries,Low,79,HMIS,"Health data reporting, facility monitoring, program evaluation"
F15_REC00131,2018,Sep,"Surat, Gujarat",Dengue Outbreak,Medium,143,HMIS,"Health data reporting, facility monitoring, program evaluation"
F15_REC00132,2017,Mar,"Mysuru, Karnataka",Dengue Outbreak,High,92,CARE India,"Maternal & child health, nutrition, immunization, emergency response"
F15_REC00133,2018,May,"Madurai, Tamil Nadu",Malaria Outbreak,Low,80,UNICEF India,"Child immunization, ANC support, nutrition, disease surveillance"
F15_REC00134,2016,Sep,"Chennai, Tamil Nadu",Malaria Outbreak,High,96,CARE India,"Maternal & child health, nutrition, immunization, emergency response"
F15_REC00135,2016,Jan,"Agra, Uttar Pradesh",Dengue Outbreak,Low,97,WHO India,"Disease monitoring, TB/malaria control, epidemiology, health system strengthening"
F15_REC00136,2018,Jul,"Agra, Uttar Pradesh",Malaria Outbreak | Dengue Outbreak | TB Burden | Low Immunization,Low,226,NHM,"Primary healthcare delivery, ASHA worker deployment, institutional delivery"
F15_REC00137,2017,Apr,"Madurai, Tamil Nadu",Malaria Outbreak | Dengue Outbreak,Low,141,WHO India,"Disease monitoring, TB/malaria control, epidemiology, health system strengthening"
F15_REC00138,2017,Jul,"Muzaffarpur, Bihar",Malaria Outbreak | TB Burden,Medium,111,WHO India,"Disease monitoring, TB/malaria control, epidemiology, health system strengthening"
F15_REC00139,2017,Jul,"Nagpur, Maharashtra",Dengue Outbreak,High,106,HMIS,"Health data reporting, facility monitoring, program evaluation"
F15_REC00140,2018,Jan,"Chennai, Tamil Nadu",Malaria Outbreak | Dengue Outbreak | Low Immunization,High,157,UNICEF India,"Child immunization, ANC support, nutrition, disease surveillance"
F15_REC00141,2016,Apr,"Lucknow, Uttar Pradesh",TB Burden,Low,124,NHM,"Primary healthcare delivery, ASHA worker deployment, institutional delivery"
F15_REC00142,2018,Aug,"Pune, Maharashtra",Malaria Outbreak | TB Burden | Low Institutional Deliveries,Low,194,NFHS,"Health data collection, fertility & mortality tracking, policy research"
F15_REC00143,2018,Mar,"Howrah, West Bengal",Malaria Outbreak | Dengue Outbreak | TB Burden,High,211,Smile Foundation,"Primary healthcare, mobile health units, community outreach, mother-child welfare"
F15_REC00144,2018,Sep,"Mysuru, Karnataka",Dengue Outbreak,Low,106,Doctors For You,"Emergency medical relief, rural health camps, TB & dengue response"
F15_REC00145,2016,May,"Mysuru, Karnataka",Malaria Outbreak,Medium,121,NHM,"Primary healthcare delivery, ASHA worker deployment, institutional delivery"
F15_REC00146,2016,Apr,"Patna, Bihar",Malaria Outbreak | TB Burden,High,136,NFHS,"Health data collection, fertility & mortality tracking, policy research"
F15_REC00147,2016,Jun,"Surat, Gujarat",Dengue Outbreak,High,90,NHM,"Primary healthcare delivery, ASHA worker deployment, institutional delivery"
F15_REC00148,2017,Jul,"Hubli, Karnataka",Malaria Outbreak | Dengue Outbreak | TB Burden | Low Immunization,Low,212,Doctors For You,"Emergency medical relief, rural health camps, TB & dengue response"
F15_REC00149,2018,Feb,"Coimbatore, Tamil Nadu",Malaria Outbreak | Dengue Outbreak | TB Burden,Medium,242,NFHS,"Health data collection, fertility & mortality tracking, policy research"
F15_REC00150,2016,Jul,"Chennai, Tamil Nadu",Malaria Outbreak,Low,110,UNICEF India,"Child immunization, ANC support, nutrition, disease surveillance"
F15_REC00151,2017,Jul,"Gaya, Bihar",Malaria Outbreak | Dengue Outbreak,Low,132,HMIS,"Health data reporting, facility monitoring, program evaluation"
F15_REC00152,2016,Mar,"Chennai, Tamil Nadu",Dengue Outbreak,Low,85,UNICEF India,"Child immunization, ANC support, nutrition, disease surveillance"
F15_REC00153,2017,Jan,"Muzaffarpur, Bihar",Malaria Outbreak | Dengue Outbreak | TB Burden,Medium,176,NFHS,"Health data collection, fertility & mortality tracking, policy research"
F15_REC00154,2018,Sep,"Vadodara, Gujarat",Dengue Outbreak | ASHA Worker Shortage,High,93,NFHS,"Health data collection, fertility & mortality tracking, policy research"
F15_REC00155,2016,Aug,"Surat, Gujarat",Dengue Outbreak | TB Burden,Medium,134,WHO India,"Disease monitoring, TB/malaria control, epidemiology, health system strengthening"
F15_REC00156,2018,Jul,"Kolkata, West Bengal",Low Institutional Deliveries,Medium,68,CARE India,"Maternal & child health, nutrition, immunization, emergency response"
F15_REC00157,2017,Mar,"Lucknow, Uttar Pradesh",TB Burden,Medium,92,WHO India,"Disease monitoring, TB/malaria control, epidemiology, health system strengthening"
F15_REC00158,2016,Jun,"Hubli, Karnataka",Dengue Outbreak | Low Immunization,Medium,119,NFHS,"Health data collection, fertility & mortality tracking, policy research"
F15_REC00159,2017,Sep,"Agra, Uttar Pradesh",Malaria Outbreak | TB Burden,Medium,102,WHO India,"Disease monitoring, TB/malaria control, epidemiology, health system strengthening"
F15_REC00160,2016,Feb,"Bengaluru, Karnataka",Malaria Outbreak | Dengue Outbreak | TB Burden | Low Institutional Deliveries,High,166,NFHS,"Health data collection, fertility & mortality tracking, policy research"
F15_REC00161,2017,May,"Bengaluru, Karnataka",Malaria Outbreak,Low,126,HMIS,"Health data reporting, facility monitoring, program evaluation"
F15_REC00162,2017,Sep,"Madurai, Tamil Nadu",Malaria Outbreak | TB Burden | ASHA Worker Shortage,High,163,Doctors For You,"Emergency medical relief, rural health camps, TB & dengue response"
F15_REC00163,2018,Feb,"Mysuru, Karnataka",General Health Monitoring,Low,44,WHO India,"Disease monitoring, TB/malaria control, epidemiology, health system strengthening"
F15_REC00164,2017,Jan,"Gaya, Bihar",Malaria Outbreak | Low Institutional Deliveries,Low,116,NFHS,"Health data collection, fertility & mortality tracking, policy research"
F15_REC00165,2018,Mar,"Varanasi, Uttar Pradesh",Dengue Outbreak,Low,96,Doctors For You,"Emergency medical relief, rural health camps, TB & dengue response"
F15_REC00166,2018,Jul,"Hubli, Karnataka",TB Burden | Low Institutional Deliveries,Medium,55,Smile Foundation,"Primary healthcare, mobile health units, community outreach, mother-child welfare"
F15_REC00167,2018,Jan,"Patna, Bihar",Dengue Outbreak | TB Burden | Low Institutional Deliveries,High,115,NFHS,"Health data collection, fertility & mortality tracking, policy research"
F15_REC00168,2017,Jan,"Hubli, Karnataka",Malaria Outbreak | Dengue Outbreak | Low Institutional Deliveries,Low,131,NFHS,"Health data collection, fertility & mortality tracking, policy research"
F15_REC00169,2017,Feb,"Bengaluru, Karnataka",Dengue Outbreak,Low,93,Smile Foundation,"Primary healthcare, mobile health units, community outreach, mother-child welfare"
F15_REC00170,2017,Jul,"Nagpur, Maharashtra",Malaria Outbreak | Low ANC Coverage,High,108,NHM,"Primary healthcare delivery, ASHA worker deployment, institutional delivery"
F15_REC00171,2016,Aug,"Hubli, Karnataka",Dengue Outbreak | TB Burden | ASHA Worker Shortage,Low,145,Smile Foundation,"Primary healthcare, mobile health units, community outreach, mother-child welfare"
F15_REC00172,2017,Feb,"Muzaffarpur, Bihar",Malaria Outbreak | Dengue Outbreak | TB Burden | ASHA Worker Shortage,Low,210,Doctors For You,"Emergency medical relief, rural health camps, TB & dengue response"
F15_REC00173,2016,Sep,"Varanasi, Uttar Pradesh",Malaria Outbreak | Dengue Outbreak | TB Burden,Low,192,CARE India,"Maternal & child health, nutrition, immunization, emergency response"
F15_REC00174,2016,Jun,"Howrah, West Bengal",Malaria Outbreak | Low Immunization,Low,143,NFHS,"Health data collection, fertility & mortality tracking, policy research"
F15_REC00175,2016,Apr,"Siliguri, West Bengal",Malaria Outbreak | TB Burden | ASHA Worker Shortage,Medium,116,Smile Foundation,"Primary healthcare, mobile health units, community outreach, mother-child welfare"
F15_REC00176,2016,Apr,"Muzaffarpur, Bihar",Malaria Outbreak | ASHA Worker Shortage,Medium,122,NFHS,"Health data collection, fertility & mortality tracking, policy research"
F15_REC00177,2016,May,"Kolkata, West Bengal",Malaria Outbreak | Low Institutional Deliveries,Low,82,CARE India,"Maternal & child health, nutrition, immunization, emergency response"
F15_REC00178,2018,Apr,"Surat, Gujarat",Low Immunization,Medium,45,UNICEF India,"Child immunization, ANC support, nutrition, disease surveillance"
F15_REC00179,2016,May,"Bengaluru, Karnataka",TB Burden,Low,116,CARE India,"Maternal & child health, nutrition, immunization, emergency response"
F15_REC00180,2018,Apr,"Siliguri, West Bengal",Dengue Outbreak | TB Burden,Low,135,NFHS,"Health data collection, fertility & mortality tracking, policy research"
F15_REC00181,2016,Jul,"Coimbatore, Tamil Nadu",Malaria Outbreak,High,109,HMIS,"Health data reporting, facility monitoring, program evaluation"
F15_REC00182,2016,Feb,"Varanasi, Uttar Pradesh",TB Burden,Low,107,Smile Foundation,"Primary healthcare, mobile health units, community outreach, mother-child welfare"
F15_REC00183,2018,Aug,"Surat, Gujarat",Malaria Outbreak | Dengue Outbreak | TB Burden,Medium,201,NFHS,"Health data collection, fertility & mortality tracking, policy research"
F15_REC00184,2018,Mar,"Mysuru, Karnataka",Malaria Outbreak | Dengue Outbreak,Medium,121,NFHS,"Health data collection, fertility & mortality tracking, policy research"
F15_REC00185,2016,Apr,"Gaya, Bihar",Malaria Outbreak | Dengue Outbreak | TB Burden,Low,200,UNICEF India,"Child immunization, ANC support, nutrition, disease surveillance"
F15_REC00186,2017,Jan,"Bengaluru, Karnataka",Dengue Outbreak | TB Burden | Low ANC Coverage,Low,132,NHM,"Primary healthcare delivery, ASHA worker deployment, institutional delivery"
F15_REC00187,2017,Jun,"Hubli, Karnataka",Dengue Outbreak | TB Burden | Low ANC Coverage,Medium,157,NHM,"Primary healthcare delivery, ASHA worker deployment, institutional delivery"
F15_REC00188,2018,Aug,"Lucknow, Uttar Pradesh",Malaria Outbreak | Dengue Outbreak,Medium,142,NFHS,"Health data collection, fertility & mortality tracking, policy research"
F15_REC00189,2017,Sep,"Ahmedabad, Gujarat",Malaria Outbreak,Low,90,HMIS,"Health data reporting, facility monitoring, program evaluation"
F15_REC00190,2018,Feb,"Varanasi, Uttar Pradesh",Malaria Outbreak | Dengue Outbreak | TB Burden | Low Immunization | ASHA Worker Shortage,Medium,167,Smile Foundation,"Primary healthcare, mobile health units, community outreach, mother-child welfare"
F15_REC00191,2016,May,"Hubli, Karnataka",Malaria Outbreak | TB Burden,High,144,NFHS,"Health data collection, fertility & mortality tracking, policy research"
F15_REC00192,2017,Apr,"Siliguri, West Bengal",Dengue Outbreak | ASHA Worker Shortage,High,121,NFHS,"Health data collection, fertility & mortality tracking, policy research"
F15_REC00193,2017,Jun,"Lucknow, Uttar Pradesh",Malaria Outbreak | Dengue Outbreak | TB Burden,Low,166,WHO India,"Disease monitoring, TB/malaria control, epidemiology, health system strengthening"
F15_REC00194,2018,Jul,"Surat, Gujarat",Malaria Outbreak | TB Burden,Medium,183,NFHS,"Health data collection, fertility & mortality tracking, policy research"
F15_REC00195,2016,Sep,"Madurai, Tamil Nadu",Dengue Outbreak | TB Burden,Medium,105,Doctors For You,"Emergency medical relief, rural health camps, TB & dengue response"
F15_REC00196,2016,Jun,"Madurai, Tamil Nadu",Malaria Outbreak | Dengue Outbreak | TB Burden | ASHA Worker Shortage,Low,213,UNICEF India,"Child immunization, ANC support, nutrition, disease surveillance"
F15_REC00197,2017,Aug,"Surat, Gujarat",Malaria Outbreak | Dengue Outbreak,Low,186,Doctors For You,"Emergency medical relief, rural health camps, TB & dengue response"
F15_REC00198,2016,Jan,"Kolkata, West Bengal",Malaria Outbreak,Medium,126,NHM,"Primary healthcare delivery, ASHA worker deployment, institutional delivery"
F15_REC00199,2018,Jan,"Lucknow, Uttar Pradesh",Malaria Outbreak | Dengue Outbreak | ASHA Worker Shortage,Medium,197,Doctors For You,"Emergency medical relief, rural health camps, TB & dengue response"
F16_REC00000,2021,Feb,"Gaya, Bihar",Low Institutional Deliveries,Low,80,UNICEF India,"Child immunization, ANC support, nutrition, disease surveillance"
F16_REC00001,2020,Mar,"Howrah, West Bengal",Malaria Outbreak | TB Burden | Low Immunization | Low ANC Coverage,Medium,122,Smile Foundation,"Primary healthcare, mobile health units, community outreach, mother-child welfare"
F16_REC00002,2020,May,"Bengaluru, Karnataka",Malaria Outbreak | Dengue Outbreak | TB Burden,Low,173,Doctors For You,"Emergency medical relief, rural health camps, TB & dengue response"
F16_REC00003,2022,May,"Lucknow, Uttar Pradesh",TB Burden,Low,110,Smile Foundation,"Primary healthcare, mobile health units, community outreach, mother-child welfare"
F16_REC00004,2021,Jan,"Lucknow, Uttar Pradesh",Malaria Outbreak | Dengue Outbreak | TB Burden | ASHA Worker Shortage,Low,182,Smile Foundation,"Primary healthcare, mobile health units, community outreach, mother-child welfare"
F16_REC00005,2020,Aug,"Ahmedabad, Gujarat",TB Burden | Low ANC Coverage,High,132,UNICEF India,"Child immunization, ANC support, nutrition, disease surveillance"
F16_REC00006,2018,Jul,"Bengaluru, Karnataka",Dengue Outbreak | TB Burden,Medium,129,WHO India,"Disease monitoring, TB/malaria control, epidemiology, health system strengthening"
F16_REC00007,2019,Mar,"Lucknow, Uttar Pradesh",Dengue Outbreak | ASHA Worker Shortage,High,102,CARE India,"Maternal & child health, nutrition, immunization, emergency response"
F16_REC00008,2019,Aug,"Mysuru, Karnataka",Malaria Outbreak | Dengue Outbreak | TB Burden,High,169,UNICEF India,"Child immunization, ANC support, nutrition, disease surveillance"
F16_REC00009,2018,Sep,"Nagpur, Maharashtra",Malaria Outbreak | Low Institutional Deliveries | ASHA Worker Shortage,Medium,77,Doctors For You,"Emergency medical relief, rural health camps, TB & dengue response"
F16_REC00010,2018,Sep,"Lucknow, Uttar Pradesh",Malaria Outbreak | Dengue Outbreak | TB Burden,High,204,WHO India,"Disease monitoring, TB/malaria control, epidemiology, health system strengthening"
F16_REC00011,2020,Feb,"Chennai, Tamil Nadu",General Health Monitoring,Medium,98,NFHS,"Health data collection, fertility & mortality tracking, policy research"
F16_REC00012,2019,Jul,"Chennai, Tamil Nadu",Malaria Outbreak | Dengue Outbreak | Low Institutional Deliveries,Medium,114,NHM,"Primary healthcare delivery, ASHA worker deployment, institutional delivery"
F16_REC00013,2022,Aug,"Lucknow, Uttar Pradesh",General Health Monitoring,High,68,CARE India,"Maternal & child health, nutrition, immunization, emergency response"
F16_REC00014,2022,Aug,"Bengaluru, Karnataka",Malaria Outbreak | Dengue Outbreak | TB Burden,Low,185,CARE India,"Maternal & child health, nutrition, immunization, emergency response"
F16_REC00015,2019,Aug,"Chennai, Tamil Nadu",Dengue Outbreak | TB Burden | Low ANC Coverage,Medium,116,Smile Foundation,"Primary healthcare, mobile health units, community outreach, mother-child welfare"
F16_REC00016,2018,Jan,"Hubli, Karnataka",Dengue Outbreak | TB Burden | Low ANC Coverage,High,139,UNICEF India,"Child immunization, ANC support, nutrition, disease surveillance"
F16_REC00017,2020,Aug,"Lucknow, Uttar Pradesh",Malaria Outbreak | TB Burden,High,147,Doctors For You,"Emergency medical relief, rural health camps, TB & dengue response"
F16_REC00018,2019,Jan,"Patna, Bihar",Malaria Outbreak,High,86,Doctors For You,"Emergency medical relief, rural health camps, TB & dengue response"
F16_REC00019,2021,Jun,"Vadodara, Gujarat",Malaria Outbreak | Dengue Outbreak,High,172,HMIS,"Health data reporting, facility monitoring, program evaluation"
F16_REC00020,2022,Mar,"Patna, Bihar",ASHA Worker Shortage,High,69,HMIS,"Health data reporting, facility monitoring, program evaluation"
F16_REC00021,2021,Aug,"Surat, Gujarat",TB Burden,Medium,105,WHO India,"Disease monitoring, TB/malaria control, epidemiology, health system strengthening"
F16_REC00022,2021,May,"Coimbatore, Tamil Nadu",Malaria Outbreak | TB Burden,High,143,UNICEF India,"Child immunization, ANC support, nutrition, disease surveillance"
F16_REC00023,2020,Sep,"Nagpur, Maharashtra",Malaria Outbreak | Dengue Outbreak | TB Burden,Medium,172,NHM,"Primary healthcare delivery, ASHA worker deployment, institutional delivery"
F16_REC00024,2019,Apr,"Siliguri, West Bengal",Dengue Outbreak | TB Burden,High,145,Smile Foundation,"Primary healthcare, mobile health units, community outreach, mother-child welfare"
F16_REC00025,2022,Apr,"Agra, Uttar Pradesh",Malaria Outbreak | ASHA Worker Shortage,High,120,Smile Foundation,"Primary healthcare, mobile health units, community outreach, mother-child welfare"
F16_REC00026,2019,Jan,"Siliguri, West Bengal",Malaria Outbreak | Dengue Outbreak,Low,139,UNICEF India,"Child immunization, ANC support, nutrition, disease surveillance"
F16_REC00027,2018,Jul,"Madurai, Tamil Nadu",Malaria Outbreak | Dengue Outbreak,High,181,WHO India,"Disease monitoring, TB/malaria control, epidemiology, health system strengthening"
F16_REC00028,2021,Mar,"Muzaffarpur, Bihar",Malaria Outbreak | Low Institutional Deliveries,High,135,WHO India,"Disease monitoring, TB/malaria control, epidemiology, health system strengthening"
F16_REC00029,2018,Aug,"Kolkata, West Bengal",Dengue Outbreak | TB Burden,Medium,158,NHM,"Primary healthcare delivery, ASHA worker deployment, institutional delivery"
F16_REC00030,2020,Jul,"Mumbai, Maharashtra",Malaria Outbreak | Dengue Outbreak | TB Burden,Low,189,WHO India,"Disease monitoring, TB/malaria control, epidemiology, health system strengthening"
F16_REC00031,2021,Jun,"Ahmedabad, Gujarat",Malaria Outbreak | Dengue Outbreak,Low,143,CARE India,"Maternal & child health, nutrition, immunization, emergency response"
F16_REC00032,2022,Jul,"Lucknow, Uttar Pradesh",Malaria Outbreak | Dengue Outbreak | TB Burden | Low ANC Coverage,Low,196,Doctors For You,"Emergency medical relief, rural health camps, TB & dengue response"
F16_REC00033,2019,May,"Madurai, Tamil Nadu",Malaria Outbreak | Dengue Outbreak | Low ANC Coverage,High,116,WHO India,"Disease monitoring, TB/malaria control, epidemiology, health system strengthening"
F16_REC00034,2021,Feb,"Ahmedabad, Gujarat",Dengue Outbreak | TB Burden,High,128,CARE India,"Maternal & child health, nutrition, immunization, emergency response"
F16_REC00035,2022,May,"Varanasi, Uttar Pradesh",TB Burden,Low,58,Smile Foundation,"Primary healthcare, mobile health units, community outreach, mother-child welfare"
F16_REC00036,2020,Sep,"Chennai, Tamil Nadu",Malaria Outbreak | Dengue Outbreak | Low ANC Coverage | ASHA Worker Shortage,Low,189,UNICEF India,"Child immunization, ANC support, nutrition, disease surveillance"
F16_REC00037,2019,Apr,"Mumbai, Maharashtra",Malaria Outbreak | Dengue Outbreak | TB Burden,Low,170,HMIS,"Health data reporting, facility monitoring, program evaluation"
F16_REC00038,2018,Aug,"Madurai, Tamil Nadu",Malaria Outbreak | TB Burden,High,168,HMIS,"Health data reporting, facility monitoring, program evaluation"
F16_REC00039,2020,Aug,"Mumbai, Maharashtra",Dengue Outbreak,Medium,92,Smile Foundation,"Primary healthcare, mobile health units, community outreach, mother-child welfare"
F16_REC00040,2022,Apr,"Mumbai, Maharashtra",Malaria Outbreak | TB Burden,Low,194,CARE India,"Maternal & child health, nutrition, immunization, emergency response"
F16_REC00041,2018,Mar,"Agra, Uttar Pradesh",Dengue Outbreak | Low Immunization,High,125,NHM,"Primary healthcare delivery, ASHA worker deployment, institutional delivery"
F16_REC00042,2019,Jun,"Pune, Maharashtra",Malaria Outbreak | Dengue Outbreak | TB Burden,High,217,CARE India,"Maternal & child health, nutrition, immunization, emergency response"
F16_REC00043,2021,Sep,"Lucknow, Uttar Pradesh",ASHA Worker Shortage,Low,84,HMIS,"Health data reporting, facility monitoring, program evaluation"
F16_REC00044,2019,May,"Madurai, Tamil Nadu",Malaria Outbreak | Low Immunization | Low Institutional Deliveries,Medium,108,NFHS,"Health data collection, fertility & mortality tracking, policy research"
F16_REC00045,2019,May,"Vadodara, Gujarat",Dengue Outbreak | TB Burden,Medium,157,HMIS,"Health data reporting, facility monitoring, program evaluation"
F16_REC00046,2018,Apr,"Coimbatore, Tamil Nadu",Malaria Outbreak | Low Immunization | Low ANC Coverage | Low Institutional Deliveries | ASHA Worker Shortage,Medium,94,UNICEF India,"Child immunization, ANC support, nutrition, disease surveillance"
F16_REC00047,2018,Mar,"Agra, Uttar Pradesh",Malaria Outbreak | TB Burden | ASHA Worker Shortage,High,176,WHO India,"Disease monitoring, TB/malaria control, epidemiology, health system strengthening"
F16_REC00048,2019,Jun,"Agra, Uttar Pradesh",Malaria Outbreak,Medium,111,HMIS,"Health data reporting, facility monitoring, program evaluation"
F16_REC00049,2019,Apr,"Madurai, Tamil Nadu",TB Burden | Low ANC Coverage,Low,104,Smile Foundation,"Primary healthcare, mobile health units, community outreach, mother-child welfare"
F16_REC00050,2022,May,"Varanasi, Uttar Pradesh",Malaria Outbreak | ASHA Worker Shortage,Medium,156,CARE India,"Maternal & child health, nutrition, immunization, emergency response"
F16_REC00051,2021,Feb,"Vadodara, Gujarat",Malaria Outbreak | TB Burden,Medium,213,NFHS,"Health data collection, fertility & mortality tracking, policy research"
F16_REC00052,2019,Aug,"Vadodara, Gujarat",Dengue Outbreak,Medium,94,Doctors For You,"Emergency medical relief, rural health camps, TB & dengue response"
F16_REC00053,2019,Sep,"Mysuru, Karnataka",Dengue Outbreak | TB Burden | Low Institutional Deliveries | ASHA Worker Shortage,Low,166,HMIS,"Health data reporting, facility monitoring, program evaluation"
F16_REC00054,2019,Jul,"Gaya, Bihar",Malaria Outbreak | Dengue Outbreak,Low,189,HMIS,"Health data reporting, facility monitoring, program evaluation"
F16_REC00055,2019,May,"Vadodara, Gujarat",Malaria Outbreak | Dengue Outbreak | TB Burden | Low ANC Coverage,Medium,223,CARE India,"Maternal & child health, nutrition, immunization, emergency response"
F16_REC00056,2022,Sep,"Muzaffarpur, Bihar",General Health Monitoring,High,53,NFHS,"Health data collection, fertility & mortality tracking, policy research"
F16_REC00057,2018,May,"Siliguri, West Bengal",General Health Monitoring,Low,51,HMIS,"Health data reporting, facility monitoring, program evaluation"
F16_REC00058,2019,Mar,"Bengaluru, Karnataka",Malaria Outbreak | Dengue Outbreak,High,177,UNICEF India,"Child immunization, ANC support, nutrition, disease surveillance"
F16_REC00059,2021,Sep,"Patna, Bihar",Malaria Outbreak,Medium,108,NHM,"Primary healthcare delivery, ASHA worker deployment, institutional delivery"
F16_REC00060,2020,Feb,"Chennai, Tamil Nadu",Malaria Outbreak | TB Burden,High,154,WHO India,"Disease monitoring, TB/malaria control, epidemiology, health system strengthening"
F16_REC00061,2019,Jul,"Muzaffarpur, Bihar",Malaria Outbreak | Dengue Outbreak | ASHA Worker Shortage,High,186,CARE India,"Maternal & child health, nutrition, immunization, emergency response"
F16_REC00062,2019,Feb,"Nagpur, Maharashtra",Malaria Outbreak | ASHA Worker Shortage,Medium,85,Doctors For You,"Emergency medical relief, rural health camps, TB & dengue response"
F16_REC00063,2021,Sep,"Madurai, Tamil Nadu",Malaria Outbreak | Dengue Outbreak | TB Burden,Low,230,Smile Foundation,"Primary healthcare, mobile health units, community outreach, mother-child welfare"
F16_REC00064,2018,Jan,"Mysuru, Karnataka",Malaria Outbreak | Dengue Outbreak,High,170,CARE India,"Maternal & child health, nutrition, immunization, emergency response"
F16_REC00065,2019,Apr,"Ahmedabad, Gujarat",Malaria Outbreak | Dengue Outbreak,Low,168,Doctors For You,"Emergency medical relief, rural health camps, TB & dengue response"
F16_REC00066,2019,Aug,"Pune, Maharashtra",TB Burden,Medium,61,NFHS,"Health data collection, fertility & mortality tracking, policy research"
F16_REC00067,2019,Aug,"Lucknow, Uttar Pradesh",General Health Monitoring,High,73,NHM,"Primary healthcare delivery, ASHA worker deployment, institutional delivery"
F16_REC00068,2022,Feb,"Vadodara, Gujarat",Malaria Outbreak | TB Burden,Medium,137,CARE India,"Maternal & child health, nutrition, immunization, emergency response"
F16_REC00069,2018,Jun,"Pune, Maharashtra",Malaria Outbreak | Dengue Outbreak | TB Burden | Low ANC Coverage,Medium,212,WHO India,"Disease monitoring, TB/malaria control, epidemiology, health system strengthening"
F16_REC00070,2018,Mar,"Vadodara, Gujarat",Dengue Outbreak,Low,109,UNICEF India,"Child immunization, ANC support, nutrition, disease surveillance"
F16_REC00071,2018,Jun,"Pune, Maharashtra",Dengue Outbreak | TB Burden | Low ANC Coverage | ASHA Worker Shortage,Medium,110,NFHS,"Health data collection, fertility & mortality tracking, policy research"
F16_REC00072,2018,Feb,"Mumbai, Maharashtra",Malaria Outbreak | Dengue Outbreak | Low Immunization | Low Institutional Deliveries,Medium,168,WHO India,"Disease monitoring, TB/malaria control, epidemiology, health system strengthening"
F16_REC00073,2021,Jul,"Nagpur, Maharashtra",Malaria Outbreak | Dengue Outbreak | TB Burden | Low Immunization,Medium,233,NHM,"Primary healthcare delivery, ASHA worker deployment, institutional delivery"
F16_REC00074,2019,Jun,"Agra, Uttar Pradesh",TB Burden,Medium,86,HMIS,"Health data reporting, facility monitoring, program evaluation"
F16_REC00075,2021,Jul,"Gaya, Bihar",Dengue Outbreak | TB Burden | ASHA Worker Shortage,Low,115,UNICEF India,"Child immunization, ANC support, nutrition, disease surveillance"
F16_REC00076,2021,Jul,"Patna, Bihar",General Health Monitoring,High,66,CARE India,"Maternal & child health, nutrition, immunization, emergency response"
F16_REC00077,2022,Apr,"Siliguri, West Bengal",General Health Monitoring,Low,43,NFHS,"Health data collection, fertility & mortality tracking, policy research"
F16_REC00078,2022,Apr,"Gaya, Bihar",Malaria Outbreak | Dengue Outbreak,High,144,HMIS,"Health data reporting, facility monitoring, program evaluation"
F16_REC00079,2022,Jul,"Pune, Maharashtra",TB Burden,Low,90,WHO India,"Disease monitoring, TB/malaria control, epidemiology, health system strengthening"
F16_REC00080,2019,Mar,"Hubli, Karnataka",TB Burden | Low Immunization,Medium,109,WHO India,"Disease monitoring, TB/malaria control, epidemiology, health system strengthening"
F16_REC00081,2018,Jun,"Siliguri, West Bengal",Malaria Outbreak,High,126,CARE India,"Maternal & child health, nutrition, immunization, emergency response"
F16_REC00082,2018,Sep,"Mysuru, Karnataka",Dengue Outbreak | TB Burden | ASHA Worker Shortage,High,127,Smile Foundation,"Primary healthcare, mobile health units, community outreach, mother-child welfare"
F16_REC00083,2018,Apr,"Mysuru, Karnataka",Dengue Outbreak | TB Burden | ASHA Worker Shortage,Medium,105,NHM,"Primary healthcare delivery, ASHA worker deployment, institutional delivery"
F16_REC00084,2018,Jan,"Howrah, West Bengal",General Health Monitoring,Medium,81,CARE India,"Maternal & child health, nutrition, immunization, emergency response"
F16_REC00085,2022,Aug,"Kolkata, West Bengal",Malaria Outbreak | Dengue Outbreak,Medium,163,UNICEF India,"Child immunization, ANC support, nutrition, disease surveillance"
F16_REC00086,2018,Jan,"Agra, Uttar Pradesh",Malaria Outbreak | TB Burden,Medium,110,Doctors For You,"Emergency medical relief, rural health camps, TB & dengue response"
F16_REC00087,2020,Mar,"Madurai, Tamil Nadu",Malaria Outbreak | Dengue Outbreak | TB Burden,Low,220,UNICEF India,"Child immunization, ANC support, nutrition, disease surveillance"
F16_REC00088,2019,Jul,"Lucknow, Uttar Pradesh",Dengue Outbreak | ASHA Worker Shortage,Medium,104,WHO India,"Disease monitoring, TB/malaria control, epidemiology, health system strengthening"
F16_REC00089,2021,May,"Madurai, Tamil Nadu",Malaria Outbreak,Low,111,NFHS,"Health data collection, fertility & mortality tracking, policy research"
F16_REC00090,2019,Sep,"Siliguri, West Bengal",Dengue Outbreak,High,88,CARE India,"Maternal & child health, nutrition, immunization, emergency response"
F16_REC00091,2022,May,"Pune, Maharashtra",Malaria Outbreak,Medium,116,HMIS,"Health data reporting, facility monitoring, program evaluation"
F16_REC00092,2022,Mar,"Siliguri, West Bengal",Malaria Outbreak | Dengue Outbreak,High,139,NHM,"Primary healthcare delivery, ASHA worker deployment, institutional delivery"
F16_REC00093,2019,Aug,"Chennai, Tamil Nadu",Malaria Outbreak | Low ANC Coverage,Low,75,WHO India,"Disease monitoring, TB/malaria control, epidemiology, health system strengthening"
F16_REC00094,2021,Aug,"Mysuru, Karnataka",TB Burden,Low,102,UNICEF India,"Child immunization, ANC support, nutrition, disease surveillance"
F16_REC00095,2022,May,"Agra, Uttar Pradesh",Low ANC Coverage | ASHA Worker Shortage,High,79,CARE India,"Maternal & child health, nutrition, immunization, emergency response"
F16_REC00096,2018,Jun,"Ahmedabad, Gujarat",Dengue Outbreak | TB Burden,Medium,120,CARE India,"Maternal & child health, nutrition, immunization, emergency response"
F16_REC00097,2022,Jul,"Muzaffarpur, Bihar",Malaria Outbreak | Dengue Outbreak | Low Institutional Deliveries,Low,195,UNICEF India,"Child immunization, ANC support, nutrition, disease surveillance"
F16_REC00098,2019,May,"Patna, Bihar",Malaria Outbreak | Dengue Outbreak | TB Burden,Medium,158,WHO India,"Disease monitoring, TB/malaria control, epidemiology, health system strengthening"
F16_REC00099,2022,Mar,"Gaya, Bihar",Malaria Outbreak | TB Burden,Medium,174,NFHS,"Health data collection, fertility & mortality tracking, policy research"
F16_REC00100,2019,Jul,"Madurai, Tamil Nadu",TB Burden,High,112,WHO India,"Disease monitoring, TB/malaria control, epidemiology, health system strengthening"
F16_REC00101,2021,Jul,"Chennai, Tamil Nadu",Dengue Outbreak | TB Burden,Low,131,NHM,"Primary healthcare delivery, ASHA worker deployment, institutional delivery"
F16_REC00102,2018,Aug,"Ahmedabad, Gujarat",Malaria Outbreak | TB Burden,Low,213,NFHS,"Health data collection, fertility & mortality tracking, policy research"
F16_REC00103,2022,Jul,"Patna, Bihar",General Health Monitoring,Medium,49,Doctors For You,"Emergency medical relief, rural health camps, TB & dengue response"
F16_REC00104,2019,Mar,"Surat, Gujarat",Dengue Outbreak,High,91,NFHS,"Health data collection, fertility & mortality tracking, policy research"
F16_REC00105,2019,Feb,"Pune, Maharashtra",Malaria Outbreak | Dengue Outbreak | Low ANC Coverage,Medium,169,Doctors For You,"Emergency medical relief, rural health camps, TB & dengue response"
F16_REC00106,2022,Mar,"Mumbai, Maharashtra",General Health Monitoring,High,68,NFHS,"Health data collection, fertility & mortality tracking, policy research"
F16_REC00107,2021,Mar,"Madurai, Tamil Nadu",TB Burden | ASHA Worker Shortage,High,134,HMIS,"Health data reporting, facility monitoring, program evaluation"
F16_REC00108,2018,Aug,"Madurai, Tamil Nadu",Malaria Outbreak | TB Burden | Low Immunization | Low Institutional Deliveries,High,130,Smile Foundation,"Primary healthcare, mobile health units, community outreach, mother-child welfare"
F16_REC00109,2019,Jul,"Muzaffarpur, Bihar",Low ANC Coverage,High,82,Smile Foundation,"Primary healthcare, mobile health units, community outreach, mother-child welfare"
F16_REC00110,2020,Feb,"Siliguri, West Bengal",Malaria Outbreak,Low,104,UNICEF India,"Child immunization, ANC support, nutrition, disease surveillance"
F16_REC00111,2018,May,"Lucknow, Uttar Pradesh",Malaria Outbreak | Dengue Outbreak | TB Burden | Low Immunization,High,165,CARE India,"Maternal & child health, nutrition, immunization, emergency response"
F16_REC00112,2019,May,"Coimbatore, Tamil Nadu",Malaria Outbreak | Dengue Outbreak,Low,178,HMIS,"Health data reporting, facility monitoring, program evaluation"
F16_REC00113,2019,Feb,"Hubli, Karnataka",Malaria Outbreak | Dengue Outbreak | Low Institutional Deliveries,Medium,173,NFHS,"Health data collection, fertility & mortality tracking, policy research"
F16_REC00114,2019,Sep,"Ahmedabad, Gujarat",Dengue Outbreak | Low Immunization,Low,83,WHO India,"Disease monitoring, TB/malaria control, epidemiology, health system strengthening"
F16_REC00115,2018,Apr,"Chennai, Tamil Nadu",Malaria Outbreak | TB Burden | ASHA Worker Shortage,Medium,88,UNICEF India,"Child immunization, ANC support, nutrition, disease surveillance"
F16_REC00116,2020,Feb,"Mumbai, Maharashtra",Malaria Outbreak,Low,86,UNICEF India,"Child immunization, ANC support, nutrition, disease surveillance"
F16_REC00117,2018,May,"Chennai, Tamil Nadu",Malaria Outbreak | Dengue Outbreak,Low,175,HMIS,"Health data reporting, facility monitoring, program evaluation"
F16_REC00118,2020,Apr,"Mumbai, Maharashtra",Malaria Outbreak | TB Burden | ASHA Worker Shortage,High,105,Smile Foundation,"Primary healthcare, mobile health units, community outreach, mother-child welfare"
F16_REC00119,2020,Sep,"Hubli, Karnataka",Malaria Outbreak | TB Burden,Medium,148,WHO India,"Disease monitoring, TB/malaria control, epidemiology, health system strengthening"
F16_REC00120,2019,Sep,"Lucknow, Uttar Pradesh",Low ANC Coverage,High,47,NFHS,"Health data collection, fertility & mortality tracking, policy research"
F16_REC00121,2021,Jan,"Vadodara, Gujarat",Malaria Outbreak | Low Institutional Deliveries,Low,84,Doctors For You,"Emergency medical relief, rural health camps, TB & dengue response"
F16_REC00122,2021,Feb,"Vadodara, Gujarat",Malaria Outbreak | TB Burden | Low Immunization | Low Institutional Deliveries | ASHA Worker Shortage,High,121,HMIS,"Health data reporting, facility monitoring, program evaluation"
F16_REC00123,2020,Jun,"Patna, Bihar",Malaria Outbreak | TB Burden,Medium,163,Doctors For You,"Emergency medical relief, rural health camps, TB & dengue response"
F16_REC00124,2020,Jan,"Howrah, West Bengal",Malaria Outbreak | Dengue Outbreak | TB Burden | Low Institutional Deliveries,Low,193,HMIS,"Health data reporting, facility monitoring, program evaluation"
F16_REC00125,2019,Sep,"Howrah, West Bengal",Malaria Outbreak | Dengue Outbreak | Low ANC Coverage,Medium,153,NHM,"Primary healthcare delivery, ASHA worker deployment, institutional delivery"
F16_REC00126,2018,Aug,"Nagpur, Maharashtra",Dengue Outbreak | TB Burden,High,161,Smile Foundation,"Primary healthcare, mobile health units, community outreach, mother-child welfare"
F16_REC00127,2018,Aug,"Kolkata, West Bengal",Low ANC Coverage | ASHA Worker Shortage,Medium,104,WHO India,"Disease monitoring, TB/malaria control, epidemiology, health system strengthening"
F16_REC00128,2018,Apr,"Siliguri, West Bengal",Malaria Outbreak,High,132,Doctors For You,"Emergency medical relief, rural health camps, TB & dengue response"
F16_REC00129,2020,Aug,"Coimbatore, Tamil Nadu",TB Burden | Low Institutional Deliveries | ASHA Worker Shortage,High,116,Smile Foundation,"Primary healthcare, mobile health units, community outreach, mother-child welfare"
F16_REC00130,2018,Mar,"Siliguri, West Bengal",Malaria Outbreak | Low Immunization,Medium,76,NHM,"Primary healthcare delivery, ASHA worker deployment, institutional delivery"
F16_REC00131,2021,Sep,"Howrah, West Bengal",Malaria Outbreak | Dengue Outbreak | ASHA Worker Shortage,High,183,UNICEF India,"Child immunization, ANC support, nutrition, disease surveillance"
F16_REC00132,2022,Feb,"Varanasi, Uttar Pradesh",ASHA Worker Shortage,Medium,76,NFHS,"Health data collection, fertility & mortality tracking, policy research"
F16_REC00133,2021,Jun,"Howrah, West Bengal",Malaria Outbreak | Dengue Outbreak | TB Burden | ASHA Worker Shortage,Low,185,HMIS,"Health data reporting, facility monitoring, program evaluation"
F16_REC00134,2020,Jun,"Muzaffarpur, Bihar",Malaria Outbreak | Dengue Outbreak | ASHA Worker Shortage,Medium,114,HMIS,"Health data reporting, facility monitoring, program evaluation"
F16_REC00135,2021,Feb,"Kolkata, West Bengal",Dengue Outbreak | Low Immunization | ASHA Worker Shortage,Low,78,NFHS,"Health data collection, fertility & mortality tracking, policy research"
F16_REC00136,2019,Mar,"Varanasi, Uttar Pradesh",Dengue Outbreak | TB Burden | Low Institutional Deliveries,Low,132,CARE India,"Maternal & child health, nutrition, immunization, emergency response"
F16_REC00137,2019,Mar,"Mumbai, Maharashtra",TB Burden,Low,129,NHM,"Primary healthcare delivery, ASHA worker deployment, institutional delivery"
F16_REC00138,2022,Jul,"Lucknow, Uttar Pradesh",Malaria Outbreak | Dengue Outbreak | TB Burden,High,237,CARE India,"Maternal & child health, nutrition, immunization, emergency response"
F16_REC00139,2020,May,"Gaya, Bihar",Malaria Outbreak | TB Burden,High,102,CARE India,"Maternal & child health, nutrition, immunization, emergency response"
F16_REC00140,2018,May,"Surat, Gujarat",Malaria Outbreak | Low Immunization,High,132,CARE India,"Maternal & child health, nutrition, immunization, emergency response"
F16_REC00141,2020,Jun,"Mysuru, Karnataka",Dengue Outbreak | TB Burden,High,144,WHO India,"Disease monitoring, TB/malaria control, epidemiology, health system strengthening"
F16_REC00142,2021,May,"Bengaluru, Karnataka",Malaria Outbreak | Dengue Outbreak | TB Burden | Low Immunization,Medium,221,Smile Foundation,"Primary healthcare, mobile health units, community outreach, mother-child welfare"
F16_REC00143,2018,Feb,"Hubli, Karnataka",Low Immunization,Medium,90,CARE India,"Maternal & child health, nutrition, immunization, emergency response"
F16_REC00144,2021,Apr,"Nagpur, Maharashtra",Dengue Outbreak | Low Institutional Deliveries | ASHA Worker Shortage,Medium,110,Doctors For You,"Emergency medical relief, rural health camps, TB & dengue response"
F16_REC00145,2022,Jul,"Mysuru, Karnataka",Malaria Outbreak | Dengue Outbreak | TB Burden,Medium,183,UNICEF India,"Child immunization, ANC support, nutrition, disease surveillance"
F16_REC00146,2022,Mar,"Mumbai, Maharashtra",Low Institutional Deliveries,Low,52,NFHS,"Health data collection, fertility & mortality tracking, policy research"
F16_REC00147,2020,Sep,"Ahmedabad, Gujarat",Dengue Outbreak,Low,94,NFHS,"Health data collection, fertility & mortality tracking, policy research"
F16_REC00148,2019,Feb,"Patna, Bihar",Malaria Outbreak | TB Burden,Medium,171,WHO India,"Disease monitoring, TB/malaria control, epidemiology, health system strengthening"
F16_REC00149,2022,Sep,"Gaya, Bihar",Malaria Outbreak | Dengue Outbreak | ASHA Worker Shortage,High,196,UNICEF India,"Child immunization, ANC support, nutrition, disease surveillance"
F16_REC00150,2021,Sep,"Chennai, Tamil Nadu",Malaria Outbreak | Dengue Outbreak,Low,139,Doctors For You,"Emergency medical relief, rural health camps, TB & dengue response"
F16_REC00151,2018,Sep,"Vadodara, Gujarat",Malaria Outbreak | TB Burden,Low,152,NHM,"Primary healthcare delivery, ASHA worker deployment, institutional delivery"
F16_REC00152,2021,Jun,"Madurai, Tamil Nadu",Malaria Outbreak | ASHA Worker Shortage,Medium,118,NFHS,"Health data collection, fertility & mortality tracking, policy research"
F16_REC00153,2019,Feb,"Agra, Uttar Pradesh",Dengue Outbreak | TB Burden | Low ANC Coverage | Low Institutional Deliveries,Medium,127,CARE India,"Maternal & child health, nutrition, immunization, emergency response"
F16_REC00154,2020,Apr,"Patna, Bihar",Dengue Outbreak | TB Burden,High,120,HMIS,"Health data reporting, facility monitoring, program evaluation"
F16_REC00155,2018,Jul,"Kolkata, West Bengal",Malaria Outbreak | Dengue Outbreak | TB Burden,High,139,Doctors For You,"Emergency medical relief, rural health camps, TB & dengue response"
F16_REC00156,2020,Sep,"Surat, Gujarat",ASHA Worker Shortage,Medium,45,Smile Foundation,"Primary healthcare, mobile health units, community outreach, mother-child welfare"
F16_REC00157,2020,May,"Mumbai, Maharashtra",Malaria Outbreak | Dengue Outbreak | TB Burden | Low Immunization,Medium,195,NFHS,"Health data collection, fertility & mortality tracking, policy research"
F16_REC00158,2020,Apr,"Mysuru, Karnataka",Malaria Outbreak,High,80,UNICEF India,"Child immunization, ANC support, nutrition, disease surveillance"
F16_REC00159,2022,Feb,"Gaya, Bihar",Dengue Outbreak | ASHA Worker Shortage,Low,84,Smile Foundation,"Primary healthcare, mobile health units, community outreach, mother-child welfare"
F16_REC00160,2018,Jan,"Surat, Gujarat",General Health Monitoring,Medium,77,UNICEF India,"Child immunization, ANC support, nutrition, disease surveillance"
F16_REC00161,2022,Jan,"Agra, Uttar Pradesh",Dengue Outbreak,Low,107,UNICEF India,"Child immunization, ANC support, nutrition, disease surveillance"
F16_REC00162,2021,Jul,"Kolkata, West Bengal",Malaria Outbreak | Dengue Outbreak | TB Burden | Low ANC Coverage | Low Institutional Deliveries,Medium,198,NFHS,"Health data collection, fertility & mortality tracking, policy research"
F16_REC00163,2020,Mar,"Nagpur, Maharashtra",TB Burden,Medium,121,Doctors For You,"Emergency medical relief, rural health camps, TB & dengue response"
F16_REC00164,2018,Sep,"Hubli, Karnataka",Malaria Outbreak | Low Institutional Deliveries,Low,129,Smile Foundation,"Primary healthcare, mobile health units, community outreach, mother-child welfare"
F16_REC00165,2019,Jan,"Madurai, Tamil Nadu",Dengue Outbreak,Medium,87,NFHS,"Health data collection, fertility & mortality tracking, policy research"
F16_REC00166,2020,Apr,"Vadodara, Gujarat",Malaria Outbreak | TB Burden,Low,125,CARE India,"Maternal & child health, nutrition, immunization, emergency response"
F16_REC00167,2019,Apr,"Ahmedabad, Gujarat",Malaria Outbreak | Dengue Outbreak | TB Burden | ASHA Worker Shortage,Low,193,NHM,"Primary healthcare delivery, ASHA worker deployment, institutional delivery"
F16_REC00168,2018,Feb,"Hubli, Karnataka",Dengue Outbreak | TB Burden | Low Immunization,High,142,NFHS,"Health data collection, fertility & mortality tracking, policy research"
F16_REC00169,2018,Mar,"Muzaffarpur, Bihar",General Health Monitoring,Low,76,NFHS,"Health data collection, fertility & mortality tracking, policy research"
F16_REC00170,2018,Jun,"Kolkata, West Bengal",TB Burden | ASHA Worker Shortage,Medium,133,Doctors For You,"Emergency medical relief, rural health camps, TB & dengue response"
F16_REC00171,2019,Mar,"Surat, Gujarat",Malaria Outbreak | Low Immunization | Low Institutional Deliveries | ASHA Worker Shortage,Low,125,Doctors For You,"Emergency medical relief, rural health camps, TB & dengue response"
F16_REC00172,2020,May,"Madurai, Tamil Nadu",Malaria Outbreak | Dengue Outbreak | TB Burden,High,234,Smile Foundation,"Primary healthcare, mobile health units, community outreach, mother-child welfare"
F16_REC00173,2018,Feb,"Muzaffarpur, Bihar",Malaria Outbreak | Dengue Outbreak | TB Burden,Low,171,UNICEF India,"Child immunization, ANC support, nutrition, disease surveillance"
F16_REC00174,2019,Mar,"Ahmedabad, Gujarat",Malaria Outbreak | Dengue Outbreak,High,144,CARE India,"Maternal & child health, nutrition, immunization, emergency response"
F16_REC00175,2019,Jun,"Gaya, Bihar",Low Immunization | ASHA Worker Shortage,Low,63,NHM,"Primary healthcare delivery, ASHA worker deployment, institutional delivery"
F16_REC00176,2022,Apr,"Gaya, Bihar",Malaria Outbreak | Dengue Outbreak,Low,129,NHM,"Primary healthcare delivery, ASHA worker deployment, institutional delivery"
F16_REC00177,2019,Feb,"Agra, Uttar Pradesh",Malaria Outbreak | TB Burden,Low,165,NHM,"Primary healthcare delivery, ASHA worker deployment, institutional delivery"
F16_REC00178,2022,May,"Kolkata, West Bengal",General Health Monitoring,Medium,38,CARE India,"Maternal & child health, nutrition, immunization, emergency response"
F16_REC00179,2018,Aug,"Mumbai, Maharashtra",Malaria Outbreak | TB Burden | Low Institutional Deliveries | ASHA Worker Shortage,Low,141,CARE India,"Maternal & child health, nutrition, immunization, emergency response"
F16_REC00180,2019,Sep,"Bengaluru, Karnataka",Malaria Outbreak | Dengue Outbreak | TB Burden,High,197,NFHS,"Health data collection, fertility & mortality tracking, policy research"
F16_REC00181,2021,Jun,"Surat, Gujarat",Malaria Outbreak | Dengue Outbreak,High,183,UNICEF India,"Child immunization, ANC support, nutrition, disease surveillance"
F16_REC00182,2021,Jan,"Kolkata, West Bengal",Malaria Outbreak,Low,95,NHM,"Primary healthcare delivery, ASHA worker deployment, institutional delivery"
F16_REC00183,2018,May,"Patna, Bihar",Low ANC Coverage | Low Institutional Deliveries,Medium,76,WHO India,"Disease monitoring, TB/malaria control, epidemiology, health system strengthening"
F16_REC00184,2022,Jan,"Vadodara, Gujarat",Malaria Outbreak | TB Burden | ASHA Worker Shortage,High,124,NHM,"Primary healthcare delivery, ASHA worker deployment, institutional delivery"
F16_REC00185,2019,Apr,"Howrah, West Bengal",Low Immunization | ASHA Worker Shortage,High,44,Smile Foundation,"Primary healthcare, mobile health units, community outreach, mother-child welfare"
F16_REC00186,2018,Jan,"Madurai, Tamil Nadu",TB Burden,Low,83,Doctors For You,"Emergency medical relief, rural health camps, TB & dengue response"
F16_REC00187,2020,Jul,"Howrah, West Bengal",Malaria Outbreak | Dengue Outbreak,Medium,153,Smile Foundation,"Primary healthcare, mobile health units, community outreach, mother-child welfare"
F16_REC00188,2019,Mar,"Bengaluru, Karnataka",Dengue Outbreak,Medium,125,Smile Foundation,"Primary healthcare, mobile health units, community outreach, mother-child welfare"
F16_REC00189,2021,Jun,"Madurai, Tamil Nadu",Dengue Outbreak | TB Burden | Low Institutional Deliveries,High,146,NFHS,"Health data collection, fertility & mortality tracking, policy research"
F16_REC00190,2019,Jun,"Mysuru, Karnataka",General Health Monitoring,High,18,CARE India,"Maternal & child health, nutrition, immunization, emergency response"
F16_REC00191,2018,Jul,"Lucknow, Uttar Pradesh",Dengue Outbreak | TB Burden | Low Immunization,Medium,110,Smile Foundation,"Primary healthcare, mobile health units, community outreach, mother-child welfare"
F16_REC00192,2019,Feb,"Bengaluru, Karnataka",TB Burden,Medium,125,HMIS,"Health data reporting, facility monitoring, program evaluation"
F16_REC00193,2020,Apr,"Coimbatore, Tamil Nadu",Malaria Outbreak,Low,129,UNICEF India,"Child immunization, ANC support, nutrition, disease surveillance"
F16_REC00194,2018,Sep,"Patna, Bihar",Malaria Outbreak | Low Immunization | ASHA Worker Shortage,Low,122,NHM,"Primary healthcare delivery, ASHA worker deployment, institutional delivery"
F16_REC00195,2022,Jun,"Gaya, Bihar",TB Burden,Medium,84,WHO India,"Disease monitoring, TB/malaria control, epidemiology, health system strengthening"
F16_REC00196,2019,Jul,"Pune, Maharashtra",Malaria Outbreak | Dengue Outbreak | TB Burden,Low,168,Doctors For You,"Emergency medical relief, rural health camps, TB & dengue response"
F16_REC00197,2020,Mar,"Surat, Gujarat",Malaria Outbreak | Dengue Outbreak,Medium,190,UNICEF India,"Child immunization, ANC support, nutrition, disease surveillance"
F16_REC00198,2019,Sep,"Howrah, West Bengal",Dengue Outbreak | ASHA Worker Shortage,High,98,NFHS,"Health data collection, fertility & mortality tracking, policy research"
F16_REC00199,2021,Mar,"Howrah, West Bengal",Malaria Outbreak | ASHA Worker Shortage,Medium,134,CARE India,"Maternal & child health, nutrition, immunization, emergency response"
F17_REC00000,2023,Feb,"Mumbai, Maharashtra",Dengue Outbreak,High,70,CARE India,"Maternal & child health, nutrition, immunization, emergency response"
F17_REC00001,2023,Jun,"Hubli, Karnataka",TB Burden | Low ANC Coverage,Medium,107,UNICEF India,"Child immunization, ANC support, nutrition, disease surveillance"
F17_REC00002,2022,Jul,"Gaya, Bihar",Dengue Outbreak | TB Burden | Low ANC Coverage,Low,161,UNICEF India,"Child immunization, ANC support, nutrition, disease surveillance"
F17_REC00003,2022,Apr,"Muzaffarpur, Bihar",Malaria Outbreak | Dengue Outbreak | TB Burden,Medium,174,NFHS,"Health data collection, fertility & mortality tracking, policy research"
F17_REC00004,2022,May,"Lucknow, Uttar Pradesh",Malaria Outbreak | ASHA Worker Shortage,High,88,WHO India,"Disease monitoring, TB/malaria control, epidemiology, health system strengthening"
F17_REC00005,2023,May,"Nagpur, Maharashtra",General Health Monitoring,Medium,67,Smile Foundation,"Primary healthcare, mobile health units, community outreach, mother-child welfare"
F17_REC00006,2023,Feb,"Varanasi, Uttar Pradesh",Malaria Outbreak | Low ANC Coverage,High,137,NFHS,"Health data collection, fertility & mortality tracking, policy research"
F17_REC00007,2023,May,"Varanasi, Uttar Pradesh",Malaria Outbreak | Dengue Outbreak,High,122,NFHS,"Health data collection, fertility & mortality tracking, policy research"
F17_REC00008,2022,Aug,"Patna, Bihar",Malaria Outbreak | TB Burden,High,144,Doctors For You,"Emergency medical relief, rural health camps, TB & dengue response"
F17_REC00009,2023,Jul,"Hubli, Karnataka",Malaria Outbreak | Dengue Outbreak | TB Burden,Medium,186,NHM,"Primary healthcare delivery, ASHA worker deployment, institutional delivery"
F17_REC00010,2022,May,"Chennai, Tamil Nadu",Dengue Outbreak | ASHA Worker Shortage,Medium,92,HMIS,"Health data reporting, facility monitoring, program evaluation"
F17_REC00011,2023,Feb,"Agra, Uttar Pradesh",Dengue Outbreak | TB Burden | ASHA Worker Shortage,High,118,Doctors For You,"Emergency medical relief, rural health camps, TB & dengue response"
F17_REC00012,2022,Mar,"Coimbatore, Tamil Nadu",Malaria Outbreak | Dengue Outbreak | TB Burden | ASHA Worker Shortage,High,185,NHM,"Primary healthcare delivery, ASHA worker deployment, institutional delivery"
F17_REC00013,2023,Feb,"Chennai, Tamil Nadu",General Health Monitoring,Medium,95,NHM,"Primary healthcare delivery, ASHA worker deployment, institutional delivery"
F17_REC00014,2023,Feb,"Chennai, Tamil Nadu",General Health Monitoring,High,42,NFHS,"Health data collection, fertility & mortality tracking, policy research"
F17_REC00015,2023,Aug,"Vadodara, Gujarat",Malaria Outbreak,Medium,130,NFHS,"Health data collection, fertility & mortality tracking, policy research"
F17_REC00016,2023,Jul,"Kolkata, West Bengal",Malaria Outbreak | Low Institutional Deliveries,Medium,130,Smile Foundation,"Primary healthcare, mobile health units, community outreach, mother-child welfare"
F17_REC00017,2023,Mar,"Mumbai, Maharashtra",Malaria Outbreak | TB Burden | ASHA Worker Shortage,Medium,158,WHO India,"Disease monitoring, TB/malaria control, epidemiology, health system strengthening"
F17_REC00018,2023,Jul,"Chennai, Tamil Nadu",Malaria Outbreak | Dengue Outbreak | TB Burden,High,159,NHM,"Primary healthcare delivery, ASHA worker deployment, institutional delivery"
F17_REC00019,2022,May,"Gaya, Bihar",Dengue Outbreak | TB Burden | ASHA Worker Shortage,Low,140,NFHS,"Health data collection, fertility & mortality tracking, policy research"
F17_REC00020,2022,May,"Pune, Maharashtra",Malaria Outbreak | Dengue Outbreak | TB Burden | Low Institutional Deliveries,High,195,HMIS,"Health data reporting, facility monitoring, program evaluation"
F17_REC00021,2023,Jan,"Howrah, West Bengal",Malaria Outbreak | Dengue Outbreak | TB Burden,Medium,186,NFHS,"Health data collection, fertility & mortality tracking, policy research"
F17_REC00022,2022,Jun,"Kolkata, West Bengal",General Health Monitoring,Low,87,UNICEF India,"Child immunization, ANC support, nutrition, disease surveillance"
F17_REC00023,2023,Mar,"Chennai, Tamil Nadu",TB Burden | Low ANC Coverage,Medium,93,Smile Foundation,"Primary healthcare, mobile health units, community outreach, mother-child welfare"
F17_REC00024,2022,Jan,"Gaya, Bihar",Malaria Outbreak,Low,150,Doctors For You,"Emergency medical relief, rural health camps, TB & dengue response"
F17_REC00025,2023,Jan,"Vadodara, Gujarat",Malaria Outbreak | TB Burden,High,159,NFHS,"Health data collection, fertility & mortality tracking, policy research"
F17_REC00026,2023,Jun,"Chennai, Tamil Nadu",Malaria Outbreak | Dengue Outbreak | TB Burden | ASHA Worker Shortage,High,186,WHO India,"Disease monitoring, TB/malaria control, epidemiology, health system strengthening"
F17_REC00027,2023,Jun,"Lucknow, Uttar Pradesh",Malaria Outbreak | TB Burden | Low Immunization,High,121,UNICEF India,"Child immunization, ANC support, nutrition, disease surveillance"
F17_REC00028,2023,Aug,"Howrah, West Bengal",Dengue Outbreak | TB Burden,Low,108,Smile Foundation,"Primary healthcare, mobile health units, community outreach, mother-child welfare"
F17_REC00029,2022,Jun,"Chennai, Tamil Nadu",Malaria Outbreak | Dengue Outbreak,High,207,Smile Foundation,"Primary healthcare, mobile health units, community outreach, mother-child welfare"
F17_REC00030,2023,Aug,"Bengaluru, Karnataka",Malaria Outbreak | Dengue Outbreak | TB Burden | Low ANC Coverage,High,188,UNICEF India,"Child immunization, ANC support, nutrition, disease surveillance"
F17_REC00031,2023,Apr,"Vadodara, Gujarat",Malaria Outbreak | Dengue Outbreak | ASHA Worker Shortage,High,149,NHM,"Primary healthcare delivery, ASHA worker deployment, institutional delivery"
F17_REC00032,2023,Jan,"Vadodara, Gujarat",General Health Monitoring,High,64,HMIS,"Health data reporting, facility monitoring, program evaluation"
F17_REC00033,2023,Jul,"Siliguri, West Bengal",TB Burden,Medium,125,CARE India,"Maternal & child health, nutrition, immunization, emergency response"
F17_REC00034,2023,Feb,"Hubli, Karnataka",ASHA Worker Shortage,Medium,104,UNICEF India,"Child immunization, ANC support, nutrition, disease surveillance"
F17_REC00035,2023,Sep,"Siliguri, West Bengal",Malaria Outbreak | Low Institutional Deliveries,Medium,131,Doctors For You,"Emergency medical relief, rural health camps, TB & dengue response"
F17_REC00036,2022,Aug,"Vadodara, Gujarat",TB Burden | ASHA Worker Shortage,Low,121,Smile Foundation,"Primary healthcare, mobile health units, community outreach, mother-child welfare"
F17_REC00037,2023,Aug,"Mumbai, Maharashtra",Dengue Outbreak | TB Burden,Medium,106,NFHS,"Health data collection, fertility & mortality tracking, policy research"
F17_REC00038,2022,Jul,"Hubli, Karnataka",Malaria Outbreak | TB Burden,Low,135,UNICEF India,"Child immunization, ANC support, nutrition, disease surveillance"
F17_REC00039,2023,Sep,"Coimbatore, Tamil Nadu",General Health Monitoring,Medium,61,NHM,"Primary healthcare delivery, ASHA worker deployment, institutional delivery"
F17_REC00040,2023,Apr,"Kolkata, West Bengal",TB Burden,Medium,109,Doctors For You,"Emergency medical relief, rural health camps, TB & dengue response"
F17_REC00041,2022,Sep,"Hubli, Karnataka",General Health Monitoring,Medium,58,Doctors For You,"Emergency medical relief, rural health camps, TB & dengue response"
F17_REC00042,2022,May,"Muzaffarpur, Bihar",TB Burden,High,67,HMIS,"Health data reporting, facility monitoring, program evaluation"
F17_REC00043,2022,Sep,"Chennai, Tamil Nadu",Malaria Outbreak | Dengue Outbreak | TB Burden,Medium,224,Doctors For You,"Emergency medical relief, rural health camps, TB & dengue response"
F17_REC00044,2022,Feb,"Varanasi, Uttar Pradesh",Dengue Outbreak | TB Burden,Medium,165,NHM,"Primary healthcare delivery, ASHA worker deployment, institutional delivery"
F17_REC00045,2023,Jan,"Patna, Bihar",Malaria Outbreak,Low,133,Doctors For You,"Emergency medical relief, rural health camps, TB & dengue response"
F17_REC00046,2023,Sep,"Mysuru, Karnataka",Dengue Outbreak | TB Burden,Low,129,UNICEF India,"Child immunization, ANC support, nutrition, disease surveillance"
F17_REC00047,2023,Sep,"Howrah, West Bengal",General Health Monitoring,Low,44,HMIS,"Health data reporting, facility monitoring, program evaluation"
F17_REC00048,2022,Jul,"Chennai, Tamil Nadu",General Health Monitoring,Low,51,Smile Foundation,"Primary healthcare, mobile health units, community outreach, mother-child welfare"
F17_REC00049,2022,Mar,"Agra, Uttar Pradesh",Dengue Outbreak | TB Burden,Low,131,UNICEF India,"Child immunization, ANC support, nutrition, disease surveillance"
F17_REC00050,2022,Jul,"Bengaluru, Karnataka",Malaria Outbreak | ASHA Worker Shortage,Medium,159,Doctors For You,"Emergency medical relief, rural health camps, TB & dengue response"
F17_REC00051,2022,Jun,"Gaya, Bihar",Malaria Outbreak,Medium,84,Doctors For You,"Emergency medical relief, rural health camps, TB & dengue response"
F17_REC00052,2023,May,"Mysuru, Karnataka",Malaria Outbreak,Low,143,NHM,"Primary healthcare delivery, ASHA worker deployment, institutional delivery"
F17_REC00053,2022,Jun,"Nagpur, Maharashtra",Dengue Outbreak | TB Burden | Low Immunization | Low ANC Coverage | ASHA Worker Shortage,Low,151,HMIS,"Health data reporting, facility monitoring, program evaluation"
F17_REC00054,2023,May,"Patna, Bihar",Malaria Outbreak | Dengue Outbreak,Low,136,NFHS,"Health data collection, fertility & mortality tracking, policy research"
F17_REC00055,2023,May,"Hubli, Karnataka",Malaria Outbreak | TB Burden,Low,123,CARE India,"Maternal & child health, nutrition, immunization, emergency response"
F17_REC00056,2023,Sep,"Madurai, Tamil Nadu",Malaria Outbreak | Low Immunization,Medium,78,WHO India,"Disease monitoring, TB/malaria control, epidemiology, health system strengthening"
F17_REC00057,2022,Feb,"Siliguri, West Bengal",Malaria Outbreak | Dengue Outbreak | ASHA Worker Shortage,Medium,147,Smile Foundation,"Primary healthcare, mobile health units, community outreach, mother-child welfare"
F17_REC00058,2022,Sep,"Nagpur, Maharashtra",Low Immunization,Medium,88,NFHS,"Health data collection, fertility & mortality tracking, policy research"
F17_REC00059,2022,Aug,"Nagpur, Maharashtra",TB Burden,High,135,Doctors For You,"Emergency medical relief, rural health camps, TB & dengue response"
F17_REC00060,2022,Aug,"Ahmedabad, Gujarat",Malaria Outbreak,Medium,85,NFHS,"Health data collection, fertility & mortality tracking, policy research"
F17_REC00061,2022,Jun,"Madurai, Tamil Nadu",Dengue Outbreak,High,136,UNICEF India,"Child immunization, ANC support, nutrition, disease surveillance"
F17_REC00062,2022,Jun,"Chennai, Tamil Nadu",TB Burden,Low,96,Doctors For You,"Emergency medical relief, rural health camps, TB & dengue response"
F17_REC00063,2023,Jan,"Lucknow, Uttar Pradesh",TB Burden,Low,92,UNICEF India,"Child immunization, ANC support, nutrition, disease surveillance"
F17_REC00064,2022,Sep,"Kolkata, West Bengal",Malaria Outbreak | Dengue Outbreak | TB Burden,High,229,Smile Foundation,"Primary healthcare, mobile health units, community outreach, mother-child welfare"
F17_REC00065,2022,Sep,"Nagpur, Maharashtra",Dengue Outbreak | TB Burden | Low ANC Coverage | ASHA Worker Shortage,High,146,WHO India,"Disease monitoring, TB/malaria control, epidemiology, health system strengthening"
F17_REC00066,2022,Mar,"Agra, Uttar Pradesh",Malaria Outbreak | Dengue Outbreak,Medium,203,NFHS,"Health data collection, fertility & mortality tracking, policy research"
F17_REC00067,2022,Jul,"Mumbai, Maharashtra",Dengue Outbreak | TB Burden,Low,154,UNICEF India,"Child immunization, ANC support, nutrition, disease surveillance"
F17_REC00068,2023,Jun,"Howrah, West Bengal",Malaria Outbreak | Dengue Outbreak | TB Burden,High,200,Doctors For You,"Emergency medical relief, rural health camps, TB & dengue response"
F17_REC00069,2022,Sep,"Varanasi, Uttar Pradesh",Malaria Outbreak | TB Burden | Low Immunization,High,129,Doctors For You,"Emergency medical relief, rural health camps, TB & dengue response"
F17_REC00070,2023,Jan,"Pune, Maharashtra",Malaria Outbreak | Dengue Outbreak,Medium,155,HMIS,"Health data reporting, facility monitoring, program evaluation"
F17_REC00071,2023,Jul,"Varanasi, Uttar Pradesh",Malaria Outbreak | Dengue Outbreak,Medium,180,UNICEF India,"Child immunization, ANC support, nutrition, disease surveillance"
F17_REC00072,2022,May,"Chennai, Tamil Nadu",Dengue Outbreak | Low Immunization,Medium,89,NFHS,"Health data collection, fertility & mortality tracking, policy research"
F17_REC00073,2023,Mar,"Chennai, Tamil Nadu",Dengue Outbreak | ASHA Worker Shortage,Medium,137,CARE India,"Maternal & child health, nutrition, immunization, emergency response"
F17_REC00074,2022,Apr,"Kolkata, West Bengal",Malaria Outbreak | TB Burden | ASHA Worker Shortage,Medium,181,UNICEF India,"Child immunization, ANC support, nutrition, disease surveillance"
F17_REC00075,2023,Apr,"Vadodara, Gujarat",Malaria Outbreak,Medium,130,CARE India,"Maternal & child health, nutrition, immunization, emergency response"
F17_REC00076,2022,Sep,"Howrah, West Bengal",General Health Monitoring,Low,68,HMIS,"Health data reporting, facility monitoring, program evaluation"
F17_REC00077,2022,Sep,"Chennai, Tamil Nadu",Malaria Outbreak | Dengue Outbreak,Medium,172,NFHS,"Health data collection, fertility & mortality tracking, policy research"
F17_REC00078,2023,Mar,"Ahmedabad, Gujarat",Malaria Outbreak | Dengue Outbreak | TB Burden,Low,154,CARE India,"Maternal & child health, nutrition, immunization, emergency response"
F17_REC00079,2023,Jul,"Chennai, Tamil Nadu",Malaria Outbreak,High,91,UNICEF India,"Child immunization, ANC support, nutrition, disease surveillance"
F17_REC00080,2023,Jul,"Hubli, Karnataka",Malaria Outbreak | ASHA Worker Shortage,High,80,Smile Foundation,"Primary healthcare, mobile health units, community outreach, mother-child welfare"
F17_REC00081,2023,Jan,"Gaya, Bihar",Malaria Outbreak | ASHA Worker Shortage,Low,136,Doctors For You,"Emergency medical relief, rural health camps, TB & dengue response"
F17_REC00082,2023,May,"Hubli, Karnataka",Malaria Outbreak | Dengue Outbreak | TB Burden | Low Immunization,High,172,CARE India,"Maternal & child health, nutrition, immunization, emergency response"
F17_REC00083,2022,Jun,"Hubli, Karnataka",Malaria Outbreak | Dengue Outbreak | TB Burden | Low Immunization,Medium,221,HMIS,"Health data reporting, facility monitoring, program evaluation"
F17_REC00084,2022,Jun,"Madurai, Tamil Nadu",Malaria Outbreak | Low Immunization | ASHA Worker Shortage,Low,107,NFHS,"Health data collection, fertility & mortality tracking, policy research"
F17_REC00085,2023,Apr,"Surat, Gujarat",General Health Monitoring,Medium,71,Smile Foundation,"Primary healthcare, mobile health units, community outreach, mother-child welfare"
F17_REC00086,2023,Aug,"Mumbai, Maharashtra",ASHA Worker Shortage,Low,83,NHM,"Primary healthcare delivery, ASHA worker deployment, institutional delivery"
F17_REC00087,2023,Jun,"Vadodara, Gujarat",Malaria Outbreak,Low,113,HMIS,"Health data reporting, facility monitoring, program evaluation"
F17_REC00088,2022,Jul,"Howrah, West Bengal",TB Burden | ASHA Worker Shortage,High,101,WHO India,"Disease monitoring, TB/malaria control, epidemiology, health system strengthening"
F17_REC00089,2022,Mar,"Patna, Bihar",Dengue Outbreak | TB Burden | ASHA Worker Shortage,High,141,Smile Foundation,"Primary healthcare, mobile health units, community outreach, mother-child welfare"
F17_REC00090,2023,Sep,"Patna, Bihar",Malaria Outbreak | Low Institutional Deliveries,High,84,HMIS,"Health data reporting, facility monitoring, program evaluation"
F17_REC00091,2022,Feb,"Agra, Uttar Pradesh",Malaria Outbreak | TB Burden,High,161,Smile Foundation,"Primary healthcare, mobile health units, community outreach, mother-child welfare"
F17_REC00092,2023,Mar,"Agra, Uttar Pradesh",Malaria Outbreak,Medium,126,NFHS,"Health data collection, fertility & mortality tracking, policy research"
F17_REC00093,2023,Mar,"Nagpur, Maharashtra",Malaria Outbreak | ASHA Worker Shortage,High,151,UNICEF India,"Child immunization, ANC support, nutrition, disease surveillance"
F17_REC00094,2023,Mar,"Lucknow, Uttar Pradesh",Malaria Outbreak | Dengue Outbreak,Medium,199,NFHS,"Health data collection, fertility & mortality tracking, policy research"
F17_REC00095,2022,May,"Coimbatore, Tamil Nadu",TB Burden,High,112,NFHS,"Health data collection, fertility & mortality tracking, policy research"
F17_REC00096,2022,Jun,"Gaya, Bihar",Malaria Outbreak | Low Institutional Deliveries,High,99,UNICEF India,"Child immunization, ANC support, nutrition, disease surveillance"
F17_REC00097,2023,May,"Coimbatore, Tamil Nadu",Malaria Outbreak | Dengue Outbreak | TB Burden | Low Institutional Deliveries,High,197,WHO India,"Disease monitoring, TB/malaria control, epidemiology, health system strengthening"
F17_REC00098,2022,Mar,"Mysuru, Karnataka",Malaria Outbreak | Dengue Outbreak,Medium,195,CARE India,"Maternal & child health, nutrition, immunization, emergency response"
F17_REC00099,2023,Feb,"Coimbatore, Tamil Nadu",Malaria Outbreak | Dengue Outbreak | Low ANC Coverage,Medium,154,HMIS,"Health data reporting, facility monitoring, program evaluation"
F17_REC00100,2023,May,"Patna, Bihar",Malaria Outbreak,Medium,68,HMIS,"Health data reporting, facility monitoring, program evaluation"
F17_REC00101,2022,Apr,"Coimbatore, Tamil Nadu",TB Burden,Low,76,Smile Foundation,"Primary healthcare, mobile health units, community outreach, mother-child welfare"
F17_REC00102,2023,May,"Gaya, Bihar",General Health Monitoring,Medium,22,NFHS,"Health data collection, fertility & mortality tracking, policy research"
F17_REC00103,2023,Jul,"Madurai, Tamil Nadu",Dengue Outbreak,High,141,HMIS,"Health data reporting, facility monitoring, program evaluation"
F17_REC00104,2023,May,"Lucknow, Uttar Pradesh",ASHA Worker Shortage,High,92,Doctors For You,"Emergency medical relief, rural health camps, TB & dengue response"
F17_REC00105,2022,Jan,"Hubli, Karnataka",Malaria Outbreak | ASHA Worker Shortage,Medium,123,Doctors For You,"Emergency medical relief, rural health camps, TB & dengue response"
F17_REC00106,2022,Mar,"Madurai, Tamil Nadu",Malaria Outbreak | TB Burden | Low Institutional Deliveries,Low,169,NHM,"Primary healthcare delivery, ASHA worker deployment, institutional delivery"
F17_REC00107,2022,Feb,"Agra, Uttar Pradesh",Dengue Outbreak | TB Burden,Low,191,WHO India,"Disease monitoring, TB/malaria control, epidemiology, health system strengthening"
F17_REC00108,2022,Mar,"Siliguri, West Bengal",TB Burden | ASHA Worker Shortage,Low,68,Smile Foundation,"Primary healthcare, mobile health units, community outreach, mother-child welfare"
F17_REC00109,2022,Aug,"Mysuru, Karnataka",Dengue Outbreak,Medium,92,Doctors For You,"Emergency medical relief, rural health camps, TB & dengue response"
F17_REC00110,2023,Apr,"Siliguri, West Bengal",Malaria Outbreak | TB Burden,Low,136,Smile Foundation,"Primary healthcare, mobile health units, community outreach, mother-child welfare"
F17_REC00111,2023,Jan,"Varanasi, Uttar Pradesh",Malaria Outbreak | TB Burden | Low Institutional Deliveries | ASHA Worker Shortage,Medium,119,Smile Foundation,"Primary healthcare, mobile health units, community outreach, mother-child welfare"
F17_REC00112,2023,Apr,"Kolkata, West Bengal",TB Burden | Low Immunization,High,80,Smile Foundation,"Primary healthcare, mobile health units, community outreach, mother-child welfare"
F17_REC00113,2023,Jun,"Agra, Uttar Pradesh",TB Burden,Low,116,NFHS,"Health data collection, fertility & mortality tracking, policy research"
F17_REC00114,2023,Aug,"Madurai, Tamil Nadu",Dengue Outbreak,Medium,104,NFHS,"Health data collection, fertility & mortality tracking, policy research"
F17_REC00115,2023,Jun,"Lucknow, Uttar Pradesh",Malaria Outbreak | Dengue Outbreak | TB Burden,High,203,HMIS,"Health data reporting, facility monitoring, program evaluation"
F17_REC00116,2022,Mar,"Agra, Uttar Pradesh",Malaria Outbreak | ASHA Worker Shortage,High,92,NFHS,"Health data collection, fertility & mortality tracking, policy research"
F17_REC00117,2022,Sep,"Nagpur, Maharashtra",Malaria Outbreak | Dengue Outbreak | TB Burden,High,220,WHO India,"Disease monitoring, TB/malaria control, epidemiology, health system strengthening"
F17_REC00118,2023,Sep,"Varanasi, Uttar Pradesh",Malaria Outbreak | Dengue Outbreak | TB Burden,Low,204,Smile Foundation,"Primary healthcare, mobile health units, community outreach, mother-child welfare"
F17_REC00119,2023,Jan,"Patna, Bihar",Malaria Outbreak | Dengue Outbreak | Low Immunization | Low ANC Coverage,Medium,124,Smile Foundation,"Primary healthcare, mobile health units, community outreach, mother-child welfare"
F17_REC00120,2023,Jun,"Ahmedabad, Gujarat",Malaria Outbreak | TB Burden,Low,161,WHO India,"Disease monitoring, TB/malaria control, epidemiology, health system strengthening"
F17_REC00121,2023,Apr,"Lucknow, Uttar Pradesh",Malaria Outbreak,High,134,HMIS,"Health data reporting, facility monitoring, program evaluation"
F17_REC00122,2022,Jun,"Lucknow, Uttar Pradesh",Dengue Outbreak,High,112,CARE India,"Maternal & child health, nutrition, immunization, emergency response"
F17_REC00123,2022,Jun,"Mysuru, Karnataka",Malaria Outbreak,Medium,121,WHO India,"Disease monitoring, TB/malaria control, epidemiology, health system strengthening"
F17_REC00124,2022,Feb,"Siliguri, West Bengal",Dengue Outbreak | Low Immunization | Low Institutional Deliveries,High,101,NHM,"Primary healthcare delivery, ASHA worker deployment, institutional delivery"
F17_REC00125,2022,Jul,"Agra, Uttar Pradesh",Malaria Outbreak | TB Burden,Medium,124,Smile Foundation,"Primary healthcare, mobile health units, community outreach, mother-child welfare"
F17_REC00126,2023,Jan,"Bengaluru, Karnataka",Malaria Outbreak | Dengue Outbreak | TB Burden,Medium,213,Smile Foundation,"Primary healthcare, mobile health units, community outreach, mother-child welfare"
F17_REC00127,2022,Jan,"Hubli, Karnataka",Dengue Outbreak,Medium,72,Smile Foundation,"Primary healthcare, mobile health units, community outreach, mother-child welfare"
F17_REC00128,2023,Jan,"Kolkata, West Bengal",General Health Monitoring,Low,71,UNICEF India,"Child immunization, ANC support, nutrition, disease surveillance"
F17_REC00129,2023,May,"Ahmedabad, Gujarat",Malaria Outbreak | Dengue Outbreak,High,130,Smile Foundation,"Primary healthcare, mobile health units, community outreach, mother-child welfare"
F17_REC00130,2023,Aug,"Pune, Maharashtra",Malaria Outbreak | Low ANC Coverage | Low Institutional Deliveries,Low,102,CARE India,"Maternal & child health, nutrition, immunization, emergency response"
F17_REC00131,2023,May,"Siliguri, West Bengal",Malaria Outbreak | TB Burden,High,177,HMIS,"Health data reporting, facility monitoring, program evaluation"
F17_REC00132,2023,May,"Mysuru, Karnataka",Malaria Outbreak,Medium,105,Doctors For You,"Emergency medical relief, rural health camps, TB & dengue response"
F17_REC00133,2023,Jan,"Kolkata, West Bengal",Malaria Outbreak | Dengue Outbreak | TB Burden | Low Immunization | Low ANC Coverage,Low,187,HMIS,"Health data reporting, facility monitoring, program evaluation"
F17_REC00134,2023,Sep,"Muzaffarpur, Bihar",Malaria Outbreak | ASHA Worker Shortage,Medium,105,Doctors For You,"Emergency medical relief, rural health camps, TB & dengue response"
F17_REC00135,2022,Apr,"Patna, Bihar",Low Institutional Deliveries,High,60,NHM,"Primary healthcare delivery, ASHA worker deployment, institutional delivery"
F17_REC00136,2023,Aug,"Lucknow, Uttar Pradesh",Malaria Outbreak | Low Institutional Deliveries,Low,112,WHO India,"Disease monitoring, TB/malaria control, epidemiology, health system strengthening"
F17_REC00137,2022,May,"Muzaffarpur, Bihar",Malaria Outbreak | Dengue Outbreak,High,136,WHO India,"Disease monitoring, TB/malaria control, epidemiology, health system strengthening"
F17_REC00138,2023,Jan,"Gaya, Bihar",Malaria Outbreak | Dengue Outbreak,Medium,208,CARE India,"Maternal & child health, nutrition, immunization, emergency response"
F17_REC00139,2022,Jun,"Gaya, Bihar",Malaria Outbreak | Dengue Outbreak | TB Burden,High,182,Doctors For You,"Emergency medical relief, rural health camps, TB & dengue response"
F17_REC00140,2023,Jan,"Vadodara, Gujarat",Malaria Outbreak | TB Burden,Low,114,Doctors For You,"Emergency medical relief, rural health camps, TB & dengue response"
F17_REC00141,2023,Aug,"Howrah, West Bengal",Malaria Outbreak | Dengue Outbreak | TB Burden | Low Institutional Deliveries,High,181,NFHS,"Health data collection, fertility & mortality tracking, policy research"
F17_REC00142,2022,Jun,"Siliguri, West Bengal",TB Burden | ASHA Worker Shortage,Medium,70,CARE India,"Maternal & child health, nutrition, immunization, emergency response"
F17_REC00143,2023,Apr,"Gaya, Bihar",Malaria Outbreak | Dengue Outbreak | TB Burden | Low Institutional Deliveries,High,235,NHM,"Primary healthcare delivery, ASHA worker deployment, institutional delivery"
F17_REC00144,2023,Jan,"Pune, Maharashtra",Dengue Outbreak | TB Burden,Low,138,NFHS,"Health data collection, fertility & mortality tracking, policy research"
F17_REC00145,2023,Aug,"Patna, Bihar",Malaria Outbreak | TB Burden | Low ANC Coverage,Low,169,NHM,"Primary healthcare delivery, ASHA worker deployment, institutional delivery"
F17_REC00146,2023,Mar,"Vadodara, Gujarat",Dengue Outbreak,High,132,NHM,"Primary healthcare delivery, ASHA worker deployment, institutional delivery"
F17_REC00147,2023,Jul,"Siliguri, West Bengal",Malaria Outbreak | Dengue Outbreak | TB Burden,Low,218,Smile Foundation,"Primary healthcare, mobile health units, community outreach, mother-child welfare"
F17_REC00148,2023,Mar,"Surat, Gujarat",General Health Monitoring,Low,47,HMIS,"Health data reporting, facility monitoring, program evaluation"
F17_REC00149,2022,May,"Mumbai, Maharashtra",Malaria Outbreak | Dengue Outbreak | TB Burden,High,253,Doctors For You,"Emergency medical relief, rural health camps, TB & dengue response"
F17_REC00150,2022,Feb,"Mysuru, Karnataka",General Health Monitoring,Low,40,NHM,"Primary healthcare delivery, ASHA worker deployment, institutional delivery"
F17_REC00151,2022,Feb,"Kolkata, West Bengal",Malaria Outbreak | Dengue Outbreak | TB Burden,High,199,UNICEF India,"Child immunization, ANC support, nutrition, disease surveillance"
F17_REC00152,2023,May,"Mysuru, Karnataka",Dengue Outbreak | Low Institutional Deliveries,Medium,92,NHM,"Primary healthcare delivery, ASHA worker deployment, institutional delivery"
F17_REC00153,2022,Feb,"Vadodara, Gujarat",Malaria Outbreak | TB Burden | Low ANC Coverage,High,152,WHO India,"Disease monitoring, TB/malaria control, epidemiology, health system strengthening"
F17_REC00154,2023,Apr,"Madurai, Tamil Nadu",General Health Monitoring,Low,73,UNICEF India,"Child immunization, ANC support, nutrition, disease surveillance"
F17_REC00155,2023,Feb,"Coimbatore, Tamil Nadu",Malaria Outbreak | Dengue Outbreak | TB Burden | ASHA Worker Shortage,Low,171,NHM,"Primary healthcare delivery, ASHA worker deployment, institutional delivery"
F17_REC00156,2023,Jul,"Pune, Maharashtra",Malaria Outbreak,High,112,WHO India,"Disease monitoring, TB/malaria control, epidemiology, health system strengthening"
F17_REC00157,2022,Mar,"Muzaffarpur, Bihar",TB Burden,Low,76,Doctors For You,"Emergency medical relief, rural health camps, TB & dengue response"
F17_REC00158,2023,Mar,"Nagpur, Maharashtra",Malaria Outbreak | Low ANC Coverage,High,124,WHO India,"Disease monitoring, TB/malaria control, epidemiology, health system strengthening"
F17_REC00159,2022,Feb,"Nagpur, Maharashtra",Malaria Outbreak | Dengue Outbreak | TB Burden | Low Immunization,High,168,Doctors For You,"Emergency medical relief, rural health camps, TB & dengue response"
F17_REC00160,2023,Jan,"Surat, Gujarat",Malaria Outbreak | Dengue Outbreak | Low ANC Coverage | Low Institutional Deliveries,Medium,157,NFHS,"Health data collection, fertility & mortality tracking, policy research"
F17_REC00161,2022,Sep,"Gaya, Bihar",Malaria Outbreak,Low,67,WHO India,"Disease monitoring, TB/malaria control, epidemiology, health system strengthening"
F17_REC00162,2023,May,"Vadodara, Gujarat",Malaria Outbreak | ASHA Worker Shortage,Medium,104,Doctors For You,"Emergency medical relief, rural health camps, TB & dengue response"
F17_REC00163,2022,May,"Coimbatore, Tamil Nadu",Malaria Outbreak,High,98,NFHS,"Health data collection, fertility & mortality tracking, policy research"
F17_REC00164,2023,Apr,"Nagpur, Maharashtra",Dengue Outbreak | TB Burden | ASHA Worker Shortage,High,158,HMIS,"Health data reporting, facility monitoring, program evaluation"
F17_REC00165,2023,Apr,"Nagpur, Maharashtra",Malaria Outbreak | Dengue Outbreak | TB Burden,Low,174,NFHS,"Health data collection, fertility & mortality tracking, policy research"
F17_REC00166,2022,Apr,"Chennai, Tamil Nadu",TB Burden,Medium,126,CARE India,"Maternal & child health, nutrition, immunization, emergency response"
F17_REC00167,2022,Apr,"Madurai, Tamil Nadu",Dengue Outbreak | TB Burden | Low Immunization,Low,151,UNICEF India,"Child immunization, ANC support, nutrition, disease surveillance"
F17_REC00168,2023,Apr,"Patna, Bihar",TB Burden,Medium,86,CARE India,"Maternal & child health, nutrition, immunization, emergency response"
F17_REC00169,2023,Aug,"Madurai, Tamil Nadu",Malaria Outbreak | Dengue Outbreak | TB Burden | ASHA Worker Shortage,High,199,NHM,"Primary healthcare delivery, ASHA worker deployment, institutional delivery"
F17_REC00170,2022,Sep,"Siliguri, West Bengal",Malaria Outbreak,Low,122,NFHS,"Health data collection, fertility & mortality tracking, policy research"
F17_REC00171,2023,Mar,"Kolkata, West Bengal",Malaria Outbreak | Low ANC Coverage | Low Institutional Deliveries,Low,125,Smile Foundation,"Primary healthcare, mobile health units, community outreach, mother-child welfare"
F17_REC00172,2022,May,"Hubli, Karnataka",Malaria Outbreak | Dengue Outbreak | TB Burden,Medium,187,HMIS,"Health data reporting, facility monitoring, program evaluation"
F17_REC00173,2022,Mar,"Gaya, Bihar",Malaria Outbreak | Dengue Outbreak | TB Burden | Low Immunization,Medium,180,Doctors For You,"Emergency medical relief, rural health camps, TB & dengue response"
F17_REC00174,2023,Jul,"Bengaluru, Karnataka",TB Burden,High,66,HMIS,"Health data reporting, facility monitoring, program evaluation"
F17_REC00175,2023,Mar,"Hubli, Karnataka",Malaria Outbreak | Dengue Outbreak | TB Burden,Medium,189,NFHS,"Health data collection, fertility & mortality tracking, policy research"
F17_REC00176,2023,Jun,"Mumbai, Maharashtra",Malaria Outbreak | Dengue Outbreak,High,144,NFHS,"Health data collection, fertility & mortality tracking, policy research"
F17_REC00177,2022,Jul,"Hubli, Karnataka",General Health Monitoring,Low,83,HMIS,"Health data reporting, facility monitoring, program evaluation"
F17_REC00178,2023,Jun,"Varanasi, Uttar Pradesh",General Health Monitoring,Medium,69,HMIS,"Health data reporting, facility monitoring, program evaluation"
F17_REC00179,2022,Mar,"Bengaluru, Karnataka",Dengue Outbreak | TB Burden,High,101,NHM,"Primary healthcare delivery, ASHA worker deployment, institutional delivery"
F17_REC00180,2023,Jan,"Muzaffarpur, Bihar",Malaria Outbreak | Dengue Outbreak | Low Immunization,High,174,HMIS,"Health data reporting, facility monitoring, program evaluation"
F17_REC00181,2022,Apr,"Bengaluru, Karnataka",Malaria Outbreak | Dengue Outbreak,High,154,Smile Foundation,"Primary healthcare, mobile health units, community outreach, mother-child welfare"
F17_REC00182,2022,Feb,"Surat, Gujarat",Malaria Outbreak,Low,122,UNICEF India,"Child immunization, ANC support, nutrition, disease surveillance"
F17_REC00183,2023,Sep,"Madurai, Tamil Nadu",Malaria Outbreak | Dengue Outbreak | TB Burden | Low Institutional Deliveries,High,228,CARE India,"Maternal & child health, nutrition, immunization, emergency response"
F17_REC00184,2022,May,"Gaya, Bihar",Malaria Outbreak | TB Burden | Low Institutional Deliveries,Low,175,WHO India,"Disease monitoring, TB/malaria control, epidemiology, health system strengthening"
F17_REC00185,2023,Jun,"Bengaluru, Karnataka",Malaria Outbreak | TB Burden,Low,149,UNICEF India,"Child immunization, ANC support, nutrition, disease surveillance"
F17_REC00186,2022,Apr,"Mysuru, Karnataka",Malaria Outbreak,Low,150,Doctors For You,"Emergency medical relief, rural health camps, TB & dengue response"
F17_REC00187,2022,May,"Mumbai, Maharashtra",General Health Monitoring,Low,38,UNICEF India,"Child immunization, ANC support, nutrition, disease surveillance"
F17_REC00188,2022,Jun,"Muzaffarpur, Bihar",Malaria Outbreak | TB Burden | Low Immunization | ASHA Worker Shortage,Low,174,CARE India,"Maternal & child health, nutrition, immunization, emergency response"
F17_REC00189,2022,Aug,"Mumbai, Maharashtra",Malaria Outbreak | Dengue Outbreak | Low Immunization,Medium,166,NHM,"Primary healthcare delivery, ASHA worker deployment, institutional delivery"
F17_REC00190,2022,Feb,"Pune, Maharashtra",Malaria Outbreak | TB Burden | Low Immunization,Medium,128,WHO India,"Disease monitoring, TB/malaria control, epidemiology, health system strengthening"
F17_REC00191,2022,Apr,"Hubli, Karnataka",Malaria Outbreak,Low,150,CARE India,"Maternal & child health, nutrition, immunization, emergency response"
F17_REC00192,2022,May,"Agra, Uttar Pradesh",Malaria Outbreak | Low Immunization,High,84,NHM,"Primary healthcare delivery, ASHA worker deployment, institutional delivery"
F17_REC00193,2022,Mar,"Patna, Bihar",Malaria Outbreak | Dengue Outbreak,Low,142,Doctors For You,"Emergency medical relief, rural health camps, TB & dengue response"
F17_REC00194,2022,Jul,"Ahmedabad, Gujarat",Dengue Outbreak | TB Burden,Medium,118,NHM,"Primary healthcare delivery, ASHA worker deployment, institutional delivery"
F17_REC00195,2022,Apr,"Vadodara, Gujarat",Dengue Outbreak | TB Burden,High,96,UNICEF India,"Child immunization, ANC support, nutrition, disease surveillance"
F17_REC00196,2023,Jun,"Agra, Uttar Pradesh",Malaria Outbreak | TB Burden | ASHA Worker Shortage,High,138,Doctors For You,"Emergency medical relief, rural health camps, TB & dengue response"
F17_REC00197,2022,Mar,"Hubli, Karnataka",Malaria Outbreak,Low,154,CARE India,"Maternal & child health, nutrition, immunization, emergency response"
F17_REC00198,2023,Jun,"Patna, Bihar",Malaria Outbreak | Low Institutional Deliveries,High,103,UNICEF India,"Child immunization, ANC support, nutrition, disease surveillance"
F17_REC00199,2023,Jan,"Chennai, Tamil Nadu",Malaria Outbreak | Dengue Outbreak | TB Burden,Medium,191,CARE India,"Maternal & child health, nutrition, immunization, emergency response"
F19_REC00000,2016,Aug,"Howrah, West Bengal",Malaria Outbreak | Dengue Outbreak | TB Burden | Low ANC Coverage | Low Institutional Deliveries | ASHA Worker Shortage,High,196,HMIS,"Health data reporting, facility monitoring, program evaluation"
F19_REC00001,2017,Jul,"Patna, Bihar",Malaria Outbreak | Dengue Outbreak | Low Immunization | Low Institutional Deliveries,Medium,168,HMIS,"Health data reporting, facility monitoring, program evaluation"
F19_REC00002,2018,Apr,"Pune, Maharashtra",Malaria Outbreak | TB Burden | ASHA Worker Shortage,Medium,154,HMIS,"Health data reporting, facility monitoring, program evaluation"
F19_REC00003,2015,Sep,"Lucknow, Uttar Pradesh",Dengue Outbreak,Medium,105,Doctors For You,"Emergency medical relief, rural health camps, TB & dengue response"
F19_REC00004,2014,May,"Nagpur, Maharashtra",Malaria Outbreak | Dengue Outbreak | Low Immunization,Low,108,HMIS,"Health data reporting, facility monitoring, program evaluation"
F19_REC00005,2016,Apr,"Mysuru, Karnataka",Malaria Outbreak | ASHA Worker Shortage,High,134,Doctors For You,"Emergency medical relief, rural health camps, TB & dengue response"
F19_REC00006,2014,Mar,"Varanasi, Uttar Pradesh",Malaria Outbreak | Low Immunization | Low ANC Coverage,Low,90,Doctors For You,"Emergency medical relief, rural health camps, TB & dengue response"
F19_REC00007,2017,Apr,"Mysuru, Karnataka",Malaria Outbreak | Dengue Outbreak | TB Burden,Medium,160,CARE India,"Maternal & child health, nutrition, immunization, emergency response"
F19_REC00008,2015,May,"Gaya, Bihar",Dengue Outbreak | TB Burden | Low Immunization,Low,123,UNICEF India,"Child immunization, ANC support, nutrition, disease surveillance"
F19_REC00009,2014,Jul,"Bengaluru, Karnataka",Dengue Outbreak | TB Burden,High,150,HMIS,"Health data reporting, facility monitoring, program evaluation"
F19_REC00010,2015,Jul,"Kolkata, West Bengal",Dengue Outbreak | TB Burden,High,169,HMIS,"Health data reporting, facility monitoring, program evaluation"
F19_REC00011,2018,May,"Ahmedabad, Gujarat",Malaria Outbreak | Dengue Outbreak | TB Burden,High,147,Smile Foundation,"Primary healthcare, mobile health units, community outreach, mother-child welfare"
F19_REC00012,2016,May,"Ahmedabad, Gujarat",Dengue Outbreak,High,111,HMIS,"Health data reporting, facility monitoring, program evaluation"
F19_REC00013,2015,Jun,"Bengaluru, Karnataka",ASHA Worker Shortage,Medium,93,WHO India,"Disease monitoring, TB/malaria control, epidemiology, health system strengthening"
F19_REC00014,2018,Aug,"Surat, Gujarat",Dengue Outbreak | TB Burden | Low Immunization,Low,134,WHO India,"Disease monitoring, TB/malaria control, epidemiology, health system strengthening"
F19_REC00015,2015,Jan,"Kolkata, West Bengal",Dengue Outbreak,High,102,HMIS,"Health data reporting, facility monitoring, program evaluation"
F19_REC00016,2014,Apr,"Pune, Maharashtra",General Health Monitoring,Low,71,NFHS,"Health data collection, fertility & mortality tracking, policy research"
F19_REC00017,2016,Sep,"Kolkata, West Bengal",Malaria Outbreak | Dengue Outbreak,High,141,UNICEF India,"Child immunization, ANC support, nutrition, disease surveillance"
F19_REC00018,2015,May,"Nagpur, Maharashtra",Dengue Outbreak,Low,122,WHO India,"Disease monitoring, TB/malaria control, epidemiology, health system strengthening"
F19_REC00019,2018,Jun,"Kolkata, West Bengal",Malaria Outbreak | TB Burden,High,146,HMIS,"Health data reporting, facility monitoring, program evaluation"
F19_REC00020,2014,Mar,"Agra, Uttar Pradesh",Malaria Outbreak | Dengue Outbreak,Medium,141,Smile Foundation,"Primary healthcare, mobile health units, community outreach, mother-child welfare"
F19_REC00021,2014,Apr,"Ahmedabad, Gujarat",Dengue Outbreak | TB Burden,Low,104,Smile Foundation,"Primary healthcare, mobile health units, community outreach, mother-child welfare"
F19_REC00022,2015,Sep,"Siliguri, West Bengal",ASHA Worker Shortage,High,67,CARE India,"Maternal & child health, nutrition, immunization, emergency response"
F19_REC00023,2018,Jan,"Chennai, Tamil Nadu",Malaria Outbreak | Dengue Outbreak,Low,174,Smile Foundation,"Primary healthcare, mobile health units, community outreach, mother-child welfare"
F19_REC00024,2017,Jan,"Howrah, West Bengal",Low ANC Coverage,High,35,Smile Foundation,"Primary healthcare, mobile health units, community outreach, mother-child welfare"
F19_REC00025,2017,May,"Lucknow, Uttar Pradesh",TB Burden | ASHA Worker Shortage,High,95,Doctors For You,"Emergency medical relief, rural health camps, TB & dengue response"
F19_REC00026,2014,Aug,"Patna, Bihar",Dengue Outbreak,High,103,WHO India,"Disease monitoring, TB/malaria control, epidemiology, health system strengthening"
F19_REC00027,2015,Sep,"Hubli, Karnataka",Malaria Outbreak | Dengue Outbreak | ASHA Worker Shortage,High,147,Doctors For You,"Emergency medical relief, rural health camps, TB & dengue response"
F19_REC00028,2016,Jan,"Surat, Gujarat",TB Burden,Low,125,HMIS,"Health data reporting, facility monitoring, program evaluation"
F19_REC00029,2016,Sep,"Gaya, Bihar",Malaria Outbreak | Dengue Outbreak,High,173,NFHS,"Health data collection, fertility & mortality tracking, policy research"
F19_REC00030,2016,May,"Howrah, West Bengal",General Health Monitoring,Low,84,Smile Foundation,"Primary healthcare, mobile health units, community outreach, mother-child welfare"
F19_REC00031,2014,Jul,"Vadodara, Gujarat",General Health Monitoring,Medium,68,NHM,"Primary healthcare delivery, ASHA worker deployment, institutional delivery"
F19_REC00032,2016,Sep,"Nagpur, Maharashtra",TB Burden | Low Immunization,Medium,80,WHO India,"Disease monitoring, TB/malaria control, epidemiology, health system strengthening"
F19_REC00033,2017,Feb,"Howrah, West Bengal",Malaria Outbreak | Dengue Outbreak,Medium,157,NFHS,"Health data collection, fertility & mortality tracking, policy research"
F19_REC00034,2017,Jan,"Mumbai, Maharashtra",TB Burden,Medium,103,HMIS,"Health data reporting, facility monitoring, program evaluation"
F19_REC00035,2014,Apr,"Hubli, Karnataka",Dengue Outbreak | Low ANC Coverage | ASHA Worker Shortage,Low,101,Doctors For You,"Emergency medical relief, rural health camps, TB & dengue response"
F19_REC00036,2014,Feb,"Howrah, West Bengal",Dengue Outbreak,Medium,142,HMIS,"Health data reporting, facility monitoring, program evaluation"
F19_REC00037,2014,Aug,"Mysuru, Karnataka",Malaria Outbreak | Dengue Outbreak | TB Burden,Low,183,Smile Foundation,"Primary healthcare, mobile health units, community outreach, mother-child welfare"
F19_REC00038,2017,Jul,"Madurai, Tamil Nadu",Malaria Outbreak | TB Burden,Medium,177,WHO India,"Disease monitoring, TB/malaria control, epidemiology, health system strengthening"
F19_REC00039,2014,Jun,"Agra, Uttar Pradesh",Malaria Outbreak | Dengue Outbreak | Low Immunization | ASHA Worker Shortage,Low,162,Smile Foundation,"Primary healthcare, mobile health units, community outreach, mother-child welfare"
F19_REC00040,2017,Jun,"Muzaffarpur, Bihar",Malaria Outbreak,High,74,Doctors For You,"Emergency medical relief, rural health camps, TB & dengue response"
F19_REC00041,2016,Jan,"Nagpur, Maharashtra",Malaria Outbreak | Dengue Outbreak | Low Immunization,High,201,UNICEF India,"Child immunization, ANC support, nutrition, disease surveillance"
F19_REC00042,2016,Apr,"Pune, Maharashtra",TB Burden | Low ANC Coverage,Medium,84,HMIS,"Health data reporting, facility monitoring, program evaluation"
F19_REC00043,2014,Jan,"Patna, Bihar",Malaria Outbreak | TB Burden | ASHA Worker Shortage,High,156,NFHS,"Health data collection, fertility & mortality tracking, policy research"
F19_REC00044,2018,Apr,"Howrah, West Bengal",Low Immunization,Medium,91,NFHS,"Health data collection, fertility & mortality tracking, policy research"
F19_REC00045,2018,Sep,"Surat, Gujarat",General Health Monitoring,Low,78,NFHS,"Health data collection, fertility & mortality tracking, policy research"
F19_REC00046,2015,Mar,"Kolkata, West Bengal",Malaria Outbreak | Dengue Outbreak | Low ANC Coverage,Low,184,NFHS,"Health data collection, fertility & mortality tracking, policy research"
F19_REC00047,2018,Sep,"Kolkata, West Bengal",Dengue Outbreak | TB Burden,Medium,177,Smile Foundation,"Primary healthcare, mobile health units, community outreach, mother-child welfare"
F19_REC00048,2016,May,"Nagpur, Maharashtra",Malaria Outbreak | TB Burden,Medium,105,Doctors For You,"Emergency medical relief, rural health camps, TB & dengue response"
F19_REC00049,2015,Jun,"Hubli, Karnataka",Malaria Outbreak,Low,75,Smile Foundation,"Primary healthcare, mobile health units, community outreach, mother-child welfare"
F19_REC00050,2015,Apr,"Gaya, Bihar",Malaria Outbreak | Low ANC Coverage,Low,145,Smile Foundation,"Primary healthcare, mobile health units, community outreach, mother-child welfare"
F19_REC00051,2017,Jun,"Agra, Uttar Pradesh",General Health Monitoring,Low,50,UNICEF India,"Child immunization, ANC support, nutrition, disease surveillance"
F19_REC00052,2018,May,"Muzaffarpur, Bihar",Malaria Outbreak | TB Burden,High,158,WHO India,"Disease monitoring, TB/malaria control, epidemiology, health system strengthening"
F19_REC00053,2015,Mar,"Chennai, Tamil Nadu",Malaria Outbreak,High,170,CARE India,"Maternal & child health, nutrition, immunization, emergency response"
F19_REC00054,2015,Apr,"Agra, Uttar Pradesh",Malaria Outbreak | Dengue Outbreak,Medium,162,CARE India,"Maternal & child health, nutrition, immunization, emergency response"
F19_REC00055,2018,Jan,"Pune, Maharashtra",Malaria Outbreak | Low Immunization,High,91,Smile Foundation,"Primary healthcare, mobile health units, community outreach, mother-child welfare"
F19_REC00056,2018,Jul,"Siliguri, West Bengal",Low ANC Coverage,Medium,31,NFHS,"Health data collection, fertility & mortality tracking, policy research"
F19_REC00057,2016,Jan,"Nagpur, Maharashtra",Dengue Outbreak,Medium,103,Doctors For You,"Emergency medical relief, rural health camps, TB & dengue response"
F19_REC00058,2017,Aug,"Hubli, Karnataka",Malaria Outbreak | TB Burden,High,107,Smile Foundation,"Primary healthcare, mobile health units, community outreach, mother-child welfare"
F19_REC00059,2014,Jul,"Howrah, West Bengal",General Health Monitoring,High,45,Doctors For You,"Emergency medical relief, rural health camps, TB & dengue response"
F19_REC00060,2018,Aug,"Mysuru, Karnataka",Dengue Outbreak | TB Burden,High,162,WHO India,"Disease monitoring, TB/malaria control, epidemiology, health system strengthening"
F19_REC00061,2017,Mar,"Nagpur, Maharashtra",TB Burden,Low,118,HMIS,"Health data reporting, facility monitoring, program evaluation"
F19_REC00062,2017,Apr,"Mumbai, Maharashtra",Malaria Outbreak | Dengue Outbreak,High,203,Smile Foundation,"Primary healthcare, mobile health units, community outreach, mother-child welfare"
F19_REC00063,2018,Jan,"Agra, Uttar Pradesh",Malaria Outbreak | ASHA Worker Shortage,Low,121,HMIS,"Health data reporting, facility monitoring, program evaluation"
F19_REC00064,2017,May,"Muzaffarpur, Bihar",Dengue Outbreak,High,107,CARE India,"Maternal & child health, nutrition, immunization, emergency response"
F19_REC00065,2015,Jan,"Gaya, Bihar",Dengue Outbreak,High,63,NFHS,"Health data collection, fertility & mortality tracking, policy research"
F19_REC00066,2017,Jul,"Coimbatore, Tamil Nadu",Dengue Outbreak,Low,107,NHM,"Primary healthcare delivery, ASHA worker deployment, institutional delivery"
F19_REC00067,2016,Sep,"Agra, Uttar Pradesh",Malaria Outbreak | Low ANC Coverage | Low Institutional Deliveries | ASHA Worker Shortage,Low,95,UNICEF India,"Child immunization, ANC support, nutrition, disease surveillance"
F19_REC00068,2017,Jul,"Mumbai, Maharashtra",Malaria Outbreak,Low,135,Smile Foundation,"Primary healthcare, mobile health units, community outreach, mother-child welfare"
F19_REC00069,2016,Aug,"Ahmedabad, Gujarat",Malaria Outbreak | TB Burden,Low,177,HMIS,"Health data reporting, facility monitoring, program evaluation"
F19_REC00070,2014,Sep,"Siliguri, West Bengal",Malaria Outbreak | Low Immunization,Low,100,HMIS,"Health data reporting, facility monitoring, program evaluation"
F19_REC00071,2017,Feb,"Bengaluru, Karnataka",General Health Monitoring,Low,44,HMIS,"Health data reporting, facility monitoring, program evaluation"
F19_REC00072,2018,May,"Mumbai, Maharashtra",Low Immunization | Low ANC Coverage,Low,95,UNICEF India,"Child immunization, ANC support, nutrition, disease surveillance"
F19_REC00073,2017,May,"Muzaffarpur, Bihar",Dengue Outbreak | TB Burden,Low,144,WHO India,"Disease monitoring, TB/malaria control, epidemiology, health system strengthening"
F19_REC00074,2014,Aug,"Pune, Maharashtra",TB Burden,Low,91,HMIS,"Health data reporting, facility monitoring, program evaluation"
F19_REC00075,2014,Mar,"Nagpur, Maharashtra",Dengue Outbreak,Medium,119,Doctors For You,"Emergency medical relief, rural health camps, TB & dengue response"
F19_REC00076,2017,Mar,"Madurai, Tamil Nadu",General Health Monitoring,High,61,HMIS,"Health data reporting, facility monitoring, program evaluation"
F19_REC00077,2015,Feb,"Gaya, Bihar",Malaria Outbreak,Low,57,CARE India,"Maternal & child health, nutrition, immunization, emergency response"
F19_REC00078,2015,Feb,"Mysuru, Karnataka",Malaria Outbreak,Low,88,Doctors For You,"Emergency medical relief, rural health camps, TB & dengue response"
F19_REC00079,2018,Apr,"Coimbatore, Tamil Nadu",Low Immunization,Medium,115,CARE India,"Maternal & child health, nutrition, immunization, emergency response"
F19_REC00080,2015,Feb,"Pune, Maharashtra",Dengue Outbreak,Medium,92,CARE India,"Maternal & child health, nutrition, immunization, emergency response"
F19_REC00081,2018,Feb,"Patna, Bihar",Malaria Outbreak,High,143,HMIS,"Health data reporting, facility monitoring, program evaluation"
F19_REC00082,2014,Jul,"Lucknow, Uttar Pradesh",Malaria Outbreak | TB Burden,Medium,136,HMIS,"Health data reporting, facility monitoring, program evaluation"
F19_REC00083,2014,Feb,"Bengaluru, Karnataka",Malaria Outbreak,Low,81,WHO India,"Disease monitoring, TB/malaria control, epidemiology, health system strengthening"
F19_REC00084,2016,Mar,"Howrah, West Bengal",Malaria Outbreak | Dengue Outbreak | TB Burden | Low Institutional Deliveries,Low,199,HMIS,"Health data reporting, facility monitoring, program evaluation"
F19_REC00085,2016,Sep,"Vadodara, Gujarat",Dengue Outbreak,High,83,CARE India,"Maternal & child health, nutrition, immunization, emergency response"
F19_REC00086,2018,Jan,"Gaya, Bihar",Malaria Outbreak,High,96,HMIS,"Health data reporting, facility monitoring, program evaluation"
F19_REC00087,2014,Feb,"Varanasi, Uttar Pradesh",Dengue Outbreak | TB Burden,High,118,NHM,"Primary healthcare delivery, ASHA worker deployment, institutional delivery"
F19_REC00088,2015,Jul,"Hubli, Karnataka",TB Burden,Low,86,NHM,"Primary healthcare delivery, ASHA worker deployment, institutional delivery"
F19_REC00089,2018,Apr,"Howrah, West Bengal",Dengue Outbreak,High,131,CARE India,"Maternal & child health, nutrition, immunization, emergency response"
F19_REC00090,2015,Sep,"Siliguri, West Bengal",TB Burden,High,55,NFHS,"Health data collection, fertility & mortality tracking, policy research"
F19_REC00091,2016,Jun,"Madurai, Tamil Nadu",Dengue Outbreak | ASHA Worker Shortage,Medium,80,UNICEF India,"Child immunization, ANC support, nutrition, disease surveillance"
F19_REC00092,2016,Sep,"Pune, Maharashtra",Malaria Outbreak | Dengue Outbreak | Low ANC Coverage,High,131,NHM,"Primary healthcare delivery, ASHA worker deployment, institutional delivery"
F19_REC00093,2018,Feb,"Howrah, West Bengal",Malaria Outbreak | Dengue Outbreak,Low,138,Smile Foundation,"Primary healthcare, mobile health units, community outreach, mother-child welfare"
F19_REC00094,2014,Jul,"Patna, Bihar",General Health Monitoring,High,67,UNICEF India,"Child immunization, ANC support, nutrition, disease surveillance"
F19_REC00095,2015,Jul,"Chennai, Tamil Nadu",Malaria Outbreak | TB Burden | Low Immunization | Low Institutional Deliveries,Low,130,CARE India,"Maternal & child health, nutrition, immunization, emergency response"
F19_REC00096,2018,Jun,"Pune, Maharashtra",Malaria Outbreak | TB Burden | Low Institutional Deliveries,High,160,Doctors For You,"Emergency medical relief, rural health camps, TB & dengue response"
F19_REC00097,2016,Apr,"Coimbatore, Tamil Nadu",Malaria Outbreak | Dengue Outbreak | TB Burden,Low,240,NFHS,"Health data collection, fertility & mortality tracking, policy research"
F19_REC00098,2015,Jun,"Hubli, Karnataka",Malaria Outbreak,Medium,66,NFHS,"Health data collection, fertility & mortality tracking, policy research"
F19_REC00099,2014,Apr,"Mumbai, Maharashtra",TB Burden,Low,112,WHO India,"Disease monitoring, TB/malaria control, epidemiology, health system strengthening"
F19_REC00100,2018,Feb,"Varanasi, Uttar Pradesh",TB Burden | ASHA Worker Shortage,High,63,NHM,"Primary healthcare delivery, ASHA worker deployment, institutional delivery"
F19_REC00101,2016,Jul,"Madurai, Tamil Nadu",Malaria Outbreak | Dengue Outbreak | Low Institutional Deliveries,Low,218,WHO India,"Disease monitoring, TB/malaria control, epidemiology, health system strengthening"
F19_REC00102,2017,Mar,"Mumbai, Maharashtra",Dengue Outbreak | TB Burden | Low Institutional Deliveries,Medium,148,Doctors For You,"Emergency medical relief, rural health camps, TB & dengue response"
F19_REC00103,2018,Mar,"Chennai, Tamil Nadu",Malaria Outbreak | Dengue Outbreak | TB Burden | Low Immunization | ASHA Worker Shortage,Low,146,WHO India,"Disease monitoring, TB/malaria control, epidemiology, health system strengthening"
F19_REC00104,2016,Jun,"Madurai, Tamil Nadu",Malaria Outbreak | Dengue Outbreak | TB Burden | Low ANC Coverage,Low,197,WHO India,"Disease monitoring, TB/malaria control, epidemiology, health system strengthening"
F19_REC00105,2015,Sep,"Bengaluru, Karnataka",Malaria Outbreak | TB Burden | Low Immunization,High,171,NFHS,"Health data collection, fertility & mortality tracking, policy research"
F19_REC00106,2016,May,"Ahmedabad, Gujarat",General Health Monitoring,High,22,HMIS,"Health data reporting, facility monitoring, program evaluation"
F19_REC00107,2017,Aug,"Vadodara, Gujarat",Malaria Outbreak | Low ANC Coverage,Medium,155,CARE India,"Maternal & child health, nutrition, immunization, emergency response"
F19_REC00108,2014,Jul,"Varanasi, Uttar Pradesh",Malaria Outbreak,Medium,122,Doctors For You,"Emergency medical relief, rural health camps, TB & dengue response"
F19_REC00109,2015,Mar,"Pune, Maharashtra",Malaria Outbreak | Dengue Outbreak | TB Burden,Medium,189,NFHS,"Health data collection, fertility & mortality tracking, policy research"
F19_REC00110,2015,Jan,"Coimbatore, Tamil Nadu",Malaria Outbreak | ASHA Worker Shortage,Low,119,Smile Foundation,"Primary healthcare, mobile health units, community outreach, mother-child welfare"
F19_REC00111,2015,Jul,"Madurai, Tamil Nadu",Dengue Outbreak | TB Burden,Low,107,NFHS,"Health data collection, fertility & mortality tracking, policy research"
F19_REC00112,2015,May,"Mumbai, Maharashtra",Dengue Outbreak | TB Burden | Low ANC Coverage,Low,136,CARE India,"Maternal & child health, nutrition, immunization, emergency response"
F19_REC00113,2018,Aug,"Siliguri, West Bengal",Malaria Outbreak,Low,131,NHM,"Primary healthcare delivery, ASHA worker deployment, institutional delivery"
F19_REC00114,2016,Mar,"Gaya, Bihar",TB Burden | ASHA Worker Shortage,Low,75,NHM,"Primary healthcare delivery, ASHA worker deployment, institutional delivery"
F19_REC00115,2014,Mar,"Varanasi, Uttar Pradesh",Dengue Outbreak,High,132,Doctors For You,"Emergency medical relief, rural health camps, TB & dengue response"
F19_REC00116,2018,Jan,"Mysuru, Karnataka",ASHA Worker Shortage,High,44,Doctors For You,"Emergency medical relief, rural health camps, TB & dengue response"
F19_REC00117,2014,Feb,"Gaya, Bihar",Dengue Outbreak | TB Burden | Low ANC Coverage,Medium,143,UNICEF India,"Child immunization, ANC support, nutrition, disease surveillance"
F19_REC00118,2015,Aug,"Agra, Uttar Pradesh",Malaria Outbreak | TB Burden,High,149,CARE India,"Maternal & child health, nutrition, immunization, emergency response"
F19_REC00119,2016,Jun,"Hubli, Karnataka",Malaria Outbreak | Dengue Outbreak,Low,129,WHO India,"Disease monitoring, TB/malaria control, epidemiology, health system strengthening"
F19_REC00120,2017,Aug,"Coimbatore, Tamil Nadu",Malaria Outbreak | Dengue Outbreak | TB Burden,Medium,190,CARE India,"Maternal & child health, nutrition, immunization, emergency response"
F19_REC00121,2018,Aug,"Hubli, Karnataka",Malaria Outbreak | ASHA Worker Shortage,High,108,Smile Foundation,"Primary healthcare, mobile health units, community outreach, mother-child welfare"
F19_REC00122,2018,Jul,"Chennai, Tamil Nadu",Malaria Outbreak | TB Burden,Medium,151,UNICEF India,"Child immunization, ANC support, nutrition, disease surveillance"
F19_REC00123,2017,May,"Nagpur, Maharashtra",Dengue Outbreak | TB Burden,High,155,CARE India,"Maternal & child health, nutrition, immunization, emergency response"
F19_REC00124,2014,Sep,"Mumbai, Maharashtra",Malaria Outbreak | Dengue Outbreak | TB Burden,High,204,NFHS,"Health data collection, fertility & mortality tracking, policy research"
F19_REC00125,2015,Jun,"Mumbai, Maharashtra",Malaria Outbreak | Dengue Outbreak | TB Burden,High,183,NFHS,"Health data collection, fertility & mortality tracking, policy research"
F19_REC00126,2016,Aug,"Varanasi, Uttar Pradesh",Malaria Outbreak,Medium,101,HMIS,"Health data reporting, facility monitoring, program evaluation"
F19_REC00127,2017,Sep,"Kolkata, West Bengal",Dengue Outbreak | TB Burden | Low Institutional Deliveries,Medium,157,WHO India,"Disease monitoring, TB/malaria control, epidemiology, health system strengthening"
F19_REC00128,2015,Jun,"Madurai, Tamil Nadu",Malaria Outbreak | Dengue Outbreak,Medium,183,Smile Foundation,"Primary healthcare, mobile health units, community outreach, mother-child welfare"
F19_REC00129,2014,Aug,"Surat, Gujarat",TB Burden | Low Institutional Deliveries | ASHA Worker Shortage,Medium,63,WHO India,"Disease monitoring, TB/malaria control, epidemiology, health system strengthening"
F19_REC00130,2016,Jan,"Coimbatore, Tamil Nadu",Malaria Outbreak | Dengue Outbreak,Low,193,Smile Foundation,"Primary healthcare, mobile health units, community outreach, mother-child welfare"
F19_REC00131,2017,Sep,"Siliguri, West Bengal",Dengue Outbreak | TB Burden,Low,156,UNICEF India,"Child immunization, ANC support, nutrition, disease surveillance"
F19_REC00132,2017,Jun,"Pune, Maharashtra",Malaria Outbreak | Dengue Outbreak | TB Burden,Medium,204,HMIS,"Health data reporting, facility monitoring, program evaluation"
F19_REC00133,2014,Jul,"Bengaluru, Karnataka",General Health Monitoring,Low,27,CARE India,"Maternal & child health, nutrition, immunization, emergency response"
F19_REC00134,2014,May,"Siliguri, West Bengal",Malaria Outbreak | TB Burden,Low,129,NFHS,"Health data collection, fertility & mortality tracking, policy research"
F19_REC00135,2014,Mar,"Surat, Gujarat",Dengue Outbreak | TB Burden | Low ANC Coverage,High,137,CARE India,"Maternal & child health, nutrition, immunization, emergency response"
F19_REC00136,2014,Jul,"Kolkata, West Bengal",ASHA Worker Shortage,High,57,WHO India,"Disease monitoring, TB/malaria control, epidemiology, health system strengthening"
F19_REC00137,2017,Mar,"Siliguri, West Bengal",TB Burden,Low,130,Smile Foundation,"Primary healthcare, mobile health units, community outreach, mother-child welfare"
F19_REC00138,2018,Apr,"Hubli, Karnataka",TB Burden,High,96,HMIS,"Health data reporting, facility monitoring, program evaluation"
F19_REC00139,2014,Feb,"Varanasi, Uttar Pradesh",ASHA Worker Shortage,High,62,UNICEF India,"Child immunization, ANC support, nutrition, disease surveillance"
F19_REC00140,2016,Aug,"Madurai, Tamil Nadu",Dengue Outbreak | Low Institutional Deliveries,Low,83,NFHS,"Health data collection, fertility & mortality tracking, policy research"
F19_REC00141,2017,Sep,"Mysuru, Karnataka",Malaria Outbreak | Dengue Outbreak | TB Burden,Medium,190,CARE India,"Maternal & child health, nutrition, immunization, emergency response"
F19_REC00142,2017,Jan,"Nagpur, Maharashtra",Malaria Outbreak,Medium,124,CARE India,"Maternal & child health, nutrition, immunization, emergency response"
F19_REC00143,2015,Sep,"Varanasi, Uttar Pradesh",Malaria Outbreak | Dengue Outbreak,High,170,Doctors For You,"Emergency medical relief, rural health camps, TB & dengue response"
F19_REC00144,2015,Aug,"Ahmedabad, Gujarat",Malaria Outbreak | Low Institutional Deliveries,Low,121,NFHS,"Health data collection, fertility & mortality tracking, policy research"
F19_REC00145,2015,Mar,"Varanasi, Uttar Pradesh",Malaria Outbreak | TB Burden | Low Immunization | Low Institutional Deliveries,Medium,164,WHO India,"Disease monitoring, TB/malaria control, epidemiology, health system strengthening"
F19_REC00146,2017,May,"Lucknow, Uttar Pradesh",Malaria Outbreak | Dengue Outbreak | TB Burden,High,137,Smile Foundation,"Primary healthcare, mobile health units, community outreach, mother-child welfare"
F19_REC00147,2016,Aug,"Mumbai, Maharashtra",Malaria Outbreak | TB Burden,Medium,127,WHO India,"Disease monitoring, TB/malaria control, epidemiology, health system strengthening"
F19_REC00148,2018,Apr,"Coimbatore, Tamil Nadu",Malaria Outbreak | TB Burden | Low Institutional Deliveries,High,157,CARE India,"Maternal & child health, nutrition, immunization, emergency response"
F19_REC00149,2014,Aug,"Hubli, Karnataka",Malaria Outbreak | Dengue Outbreak | ASHA Worker Shortage,Low,150,WHO India,"Disease monitoring, TB/malaria control, epidemiology, health system strengthening"
F19_REC00150,2014,Jan,"Patna, Bihar",Malaria Outbreak,Low,96,WHO India,"Disease monitoring, TB/malaria control, epidemiology, health system strengthening"
F19_REC00151,2015,Sep,"Mumbai, Maharashtra",Dengue Outbreak | TB Burden | Low ANC Coverage,High,140,Doctors For You,"Emergency medical relief, rural health camps, TB & dengue response"
F19_REC00152,2015,Apr,"Muzaffarpur, Bihar",Malaria Outbreak | Dengue Outbreak,Low,155,NFHS,"Health data collection, fertility & mortality tracking, policy research"
F19_REC00153,2017,Jun,"Siliguri, West Bengal",Dengue Outbreak | TB Burden,Low,136,NHM,"Primary healthcare delivery, ASHA worker deployment, institutional delivery"
F19_REC00154,2014,Jul,"Vadodara, Gujarat",Malaria Outbreak | Dengue Outbreak | TB Burden,Medium,213,WHO India,"Disease monitoring, TB/malaria control, epidemiology, health system strengthening"
F19_REC00155,2018,Sep,"Agra, Uttar Pradesh",TB Burden,High,113,Smile Foundation,"Primary healthcare, mobile health units, community outreach, mother-child welfare"
F19_REC00156,2016,Jan,"Mysuru, Karnataka",General Health Monitoring,Medium,30,UNICEF India,"Child immunization, ANC support, nutrition, disease surveillance"
F19_REC00157,2015,Aug,"Hubli, Karnataka",General Health Monitoring,Low,56,CARE India,"Maternal & child health, nutrition, immunization, emergency response"
F19_REC00158,2017,Mar,"Gaya, Bihar",Malaria Outbreak | Dengue Outbreak | TB Burden,High,208,HMIS,"Health data reporting, facility monitoring, program evaluation"
F19_REC00159,2015,Jan,"Ahmedabad, Gujarat",Malaria Outbreak | Dengue Outbreak,High,164,Doctors For You,"Emergency medical relief, rural health camps, TB & dengue response"
F19_REC00160,2015,Sep,"Nagpur, Maharashtra",General Health Monitoring,High,51,NFHS,"Health data collection, fertility & mortality tracking, policy research"
F19_REC00161,2015,Feb,"Pune, Maharashtra",Malaria Outbreak | Dengue Outbreak | TB Burden | ASHA Worker Shortage,Low,179,HMIS,"Health data reporting, facility monitoring, program evaluation"
F19_REC00162,2015,Mar,"Vadodara, Gujarat",Malaria Outbreak | Dengue Outbreak | TB Burden,High,226,Smile Foundation,"Primary healthcare, mobile health units, community outreach, mother-child welfare"
F19_REC00163,2014,Apr,"Agra, Uttar Pradesh",Malaria Outbreak | Dengue Outbreak,Medium,142,WHO India,"Disease monitoring, TB/malaria control, epidemiology, health system strengthening"
F19_REC00164,2018,Aug,"Vadodara, Gujarat",Malaria Outbreak | Dengue Outbreak | Low Immunization,Low,151,HMIS,"Health data reporting, facility monitoring, program evaluation"
F19_REC00165,2017,Sep,"Bengaluru, Karnataka",TB Burden | Low Immunization | Low Institutional Deliveries,High,130,Doctors For You,"Emergency medical relief, rural health camps, TB & dengue response"
F19_REC00166,2016,Jun,"Hubli, Karnataka",General Health Monitoring,Medium,58,NHM,"Primary healthcare delivery, ASHA worker deployment, institutional delivery"
F19_REC00167,2015,Mar,"Surat, Gujarat",Dengue Outbreak | TB Burden,Medium,158,HMIS,"Health data reporting, facility monitoring, program evaluation"
F19_REC00168,2016,Apr,"Surat, Gujarat",Dengue Outbreak,Medium,105,Smile Foundation,"Primary healthcare, mobile health units, community outreach, mother-child welfare"
F19_REC00169,2014,Aug,"Nagpur, Maharashtra",Low ANC Coverage | ASHA Worker Shortage,High,65,Doctors For You,"Emergency medical relief, rural health camps, TB & dengue response"
F19_REC00170,2016,Feb,"Howrah, West Bengal",Malaria Outbreak | Low ANC Coverage | Low Institutional Deliveries,High,99,Doctors For You,"Emergency medical relief, rural health camps, TB & dengue response"
F19_REC00171,2018,Jun,"Pune, Maharashtra",Dengue Outbreak,Low,118,UNICEF India,"Child immunization, ANC support, nutrition, disease surveillance"
F19_REC00172,2015,Aug,"Siliguri, West Bengal",Malaria Outbreak | Dengue Outbreak,Medium,162,UNICEF India,"Child immunization, ANC support, nutrition, disease surveillance"
F19_REC00173,2017,Sep,"Madurai, Tamil Nadu",Dengue Outbreak | Low Immunization,Low,65,NHM,"Primary healthcare delivery, ASHA worker deployment, institutional delivery"
F19_REC00174,2016,Aug,"Howrah, West Bengal",Dengue Outbreak,High,85,NFHS,"Health data collection, fertility & mortality tracking, policy research"
F19_REC00175,2018,Jul,"Muzaffarpur, Bihar",Malaria Outbreak,Low,140,UNICEF India,"Child immunization, ANC support, nutrition, disease surveillance"
F19_REC00176,2018,Aug,"Varanasi, Uttar Pradesh",Malaria Outbreak,Medium,140,CARE India,"Maternal & child health, nutrition, immunization, emergency response"
F19_REC00177,2014,May,"Siliguri, West Bengal",Dengue Outbreak,Low,110,Smile Foundation,"Primary healthcare, mobile health units, community outreach, mother-child welfare"
F19_REC00178,2014,Aug,"Pune, Maharashtra",Malaria Outbreak | Dengue Outbreak,Medium,121,WHO India,"Disease monitoring, TB/malaria control, epidemiology, health system strengthening"
F19_REC00179,2014,Mar,"Coimbatore, Tamil Nadu",TB Burden,High,101,NHM,"Primary healthcare delivery, ASHA worker deployment, institutional delivery"
F19_REC00180,2016,Apr,"Mysuru, Karnataka",Malaria Outbreak | Dengue Outbreak | TB Burden,Medium,186,Smile Foundation,"Primary healthcare, mobile health units, community outreach, mother-child welfare"
F19_REC00181,2016,Mar,"Kolkata, West Bengal",Malaria Outbreak | TB Burden,High,161,CARE India,"Maternal & child health, nutrition, immunization, emergency response"
F19_REC00182,2017,Jul,"Patna, Bihar",General Health Monitoring,Low,76,HMIS,"Health data reporting, facility monitoring, program evaluation"
F19_REC00183,2014,Mar,"Howrah, West Bengal",Malaria Outbreak | Dengue Outbreak | TB Burden | ASHA Worker Shortage,High,204,HMIS,"Health data reporting, facility monitoring, program evaluation"
F19_REC00184,2016,Mar,"Mumbai, Maharashtra",Malaria Outbreak | Dengue Outbreak,Low,192,NHM,"Primary healthcare delivery, ASHA worker deployment, institutional delivery"
F19_REC00185,2015,Jan,"Lucknow, Uttar Pradesh",Malaria Outbreak,Medium,137,CARE India,"Maternal & child health, nutrition, immunization, emergency response"
F19_REC00186,2015,Jan,"Howrah, West Bengal",Malaria Outbreak | Dengue Outbreak | TB Burden | Low Immunization,High,158,Doctors For You,"Emergency medical relief, rural health camps, TB & dengue response"
F19_REC00187,2015,Mar,"Siliguri, West Bengal",Malaria Outbreak | Dengue Outbreak | TB Burden,Medium,164,Doctors For You,"Emergency medical relief, rural health camps, TB & dengue response"
F19_REC00188,2018,Jan,"Patna, Bihar",Malaria Outbreak | Dengue Outbreak,Medium,207,UNICEF India,"Child immunization, ANC support, nutrition, disease surveillance"
F19_REC00189,2018,Mar,"Siliguri, West Bengal",Dengue Outbreak | TB Burden | ASHA Worker Shortage,High,129,NFHS,"Health data collection, fertility & mortality tracking, policy research"
F19_REC00190,2017,Aug,"Bengaluru, Karnataka",Malaria Outbreak | Dengue Outbreak | TB Burden | ASHA Worker Shortage,High,199,Smile Foundation,"Primary healthcare, mobile health units, community outreach, mother-child welfare"
F19_REC00191,2018,Mar,"Madurai, Tamil Nadu",Malaria Outbreak | Dengue Outbreak,Medium,131,HMIS,"Health data reporting, facility monitoring, program evaluation"
F19_REC00192,2015,May,"Ahmedabad, Gujarat",TB Burden,Medium,120,Doctors For You,"Emergency medical relief, rural health camps, TB & dengue response"
F19_REC00193,2016,Apr,"Mysuru, Karnataka",General Health Monitoring,Low,55,NHM,"Primary healthcare delivery, ASHA worker deployment, institutional delivery"
F19_REC00194,2014,Jun,"Chennai, Tamil Nadu",Malaria Outbreak | Dengue Outbreak | TB Burden,Low,177,WHO India,"Disease monitoring, TB/malaria control, epidemiology, health system strengthening"
F19_REC00195,2016,Jul,"Gaya, Bihar",Malaria Outbreak | Dengue Outbreak | TB Burden,High,190,WHO India,"Disease monitoring, TB/malaria control, epidemiology, health system strengthening"
F19_REC00196,2016,Mar,"Muzaffarpur, Bihar",Malaria Outbreak | Dengue Outbreak | TB Burden,Medium,145,CARE India,"Maternal & child health, nutrition, immunization, emergency response"
F19_REC00197,2018,Feb,"Kolkata, West Bengal",Dengue Outbreak | TB Burden,Low,152,Smile Foundation,"Primary healthcare, mobile health units, community outreach, mother-child welfare"
F19_REC00198,2018,May,"Agra, Uttar Pradesh",Malaria Outbreak | ASHA Worker Shortage,High,134,HMIS,"Health data reporting, facility monitoring, program evaluation"
F19_REC00199,2015,Mar,"Surat, Gujarat",Dengue Outbreak | TB Burden,Medium,133,WHO India,"Disease monitoring, TB/malaria control, epidemiology, health system strengthening"
F20_REC00000,2021,May,"Mumbai, Maharashtra",Malaria Outbreak | TB Burden,Medium,158,WHO India,"Disease monitoring, TB/malaria control, epidemiology, health system strengthening"
F20_REC00001,2022,Aug,"Muzaffarpur, Bihar",Malaria Outbreak | TB Burden | Low ANC Coverage,Medium,175,HMIS,"Health data reporting, facility monitoring, program evaluation"
F20_REC00002,2022,May,"Madurai, Tamil Nadu",Malaria Outbreak | TB Burden,High,150,NFHS,"Health data collection, fertility & mortality tracking, policy research"
F20_REC00003,2022,Apr,"Hubli, Karnataka",Dengue Outbreak | TB Burden | Low ANC Coverage | Low Institutional Deliveries,High,129,HMIS,"Health data reporting, facility monitoring, program evaluation"
F20_REC00004,2021,Aug,"Pune, Maharashtra",Malaria Outbreak | Dengue Outbreak,High,145,NFHS,"Health data collection, fertility & mortality tracking, policy research"
F20_REC00005,2022,Jun,"Mumbai, Maharashtra",Malaria Outbreak | Low ANC Coverage,Low,84,NHM,"Primary healthcare delivery, ASHA worker deployment, institutional delivery"
F20_REC00006,2022,Apr,"Hubli, Karnataka",Dengue Outbreak | TB Burden,High,164,CARE India,"Maternal & child health, nutrition, immunization, emergency response"
F20_REC00007,2023,Jul,"Patna, Bihar",TB Burden,High,118,UNICEF India,"Child immunization, ANC support, nutrition, disease surveillance"
F20_REC00008,2021,Mar,"Siliguri, West Bengal",Malaria Outbreak | ASHA Worker Shortage,High,128,NFHS,"Health data collection, fertility & mortality tracking, policy research"
F20_REC00009,2023,Aug,"Ahmedabad, Gujarat",General Health Monitoring,Low,52,CARE India,"Maternal & child health, nutrition, immunization, emergency response"
F20_REC00010,2021,Jul,"Gaya, Bihar",Malaria Outbreak | TB Burden | Low Institutional Deliveries,Medium,156,CARE India,"Maternal & child health, nutrition, immunization, emergency response"
F20_REC00011,2021,May,"Lucknow, Uttar Pradesh",Malaria Outbreak | ASHA Worker Shortage,High,128,NHM,"Primary healthcare delivery, ASHA worker deployment, institutional delivery"
F20_REC00012,2021,Sep,"Muzaffarpur, Bihar",Malaria Outbreak | Dengue Outbreak | TB Burden,High,183,CARE India,"Maternal & child health, nutrition, immunization, emergency response"
F20_REC00013,2022,Jun,"Coimbatore, Tamil Nadu",Malaria Outbreak | Dengue Outbreak | TB Burden,Low,167,HMIS,"Health data reporting, facility monitoring, program evaluation"
F20_REC00014,2023,Aug,"Howrah, West Bengal",Dengue Outbreak | TB Burden | Low Immunization,High,165,CARE India,"Maternal & child health, nutrition, immunization, emergency response"
F20_REC00015,2021,Jul,"Siliguri, West Bengal",Malaria Outbreak | Dengue Outbreak | TB Burden | Low Immunization | Low ANC Coverage | Low Institutional Deliveries,High,169,CARE India,"Maternal & child health, nutrition, immunization, emergency response"
F20_REC00016,2021,Aug,"Pune, Maharashtra",Dengue Outbreak | ASHA Worker Shortage,High,130,CARE India,"Maternal & child health, nutrition, immunization, emergency response"
F20_REC00017,2022,Aug,"Hubli, Karnataka",Malaria Outbreak | TB Burden,Low,127,NFHS,"Health data collection, fertility & mortality tracking, policy research"
F20_REC00018,2023,Sep,"Siliguri, West Bengal",General Health Monitoring,Low,58,Smile Foundation,"Primary healthcare, mobile health units, community outreach, mother-child welfare"
F20_REC00019,2022,Sep,"Chennai, Tamil Nadu",Malaria Outbreak | TB Burden | Low Institutional Deliveries | ASHA Worker Shortage,High,139,WHO India,"Disease monitoring, TB/malaria control, epidemiology, health system strengthening"
F20_REC00020,2021,Aug,"Madurai, Tamil Nadu",Dengue Outbreak,Low,139,Smile Foundation,"Primary healthcare, mobile health units, community outreach, mother-child welfare"
F20_REC00021,2022,Aug,"Chennai, Tamil Nadu",Malaria Outbreak | Dengue Outbreak | Low Immunization,Medium,134,NFHS,"Health data collection, fertility & mortality tracking, policy research"
F20_REC00022,2021,Mar,"Chennai, Tamil Nadu",TB Burden | Low Immunization,Low,88,Smile Foundation,"Primary healthcare, mobile health units, community outreach, mother-child welfare"
F20_REC00023,2021,Jul,"Vadodara, Gujarat",Malaria Outbreak,Low,88,Doctors For You,"Emergency medical relief, rural health camps, TB & dengue response"
F20_REC00024,2022,Aug,"Chennai, Tamil Nadu",Dengue Outbreak,Medium,137,HMIS,"Health data reporting, facility monitoring, program evaluation"
F20_REC00025,2023,Jan,"Nagpur, Maharashtra",Malaria Outbreak | Dengue Outbreak | ASHA Worker Shortage,Medium,118,HMIS,"Health data reporting, facility monitoring, program evaluation"
F20_REC00026,2021,Feb,"Gaya, Bihar",Malaria Outbreak | Dengue Outbreak | TB Burden | ASHA Worker Shortage,Low,222,NFHS,"Health data collection, fertility & mortality tracking, policy research"
F20_REC00027,2023,Mar,"Kolkata, West Bengal",TB Burden,High,100,WHO India,"Disease monitoring, TB/malaria control, epidemiology, health system strengthening"
F20_REC00028,2022,Feb,"Varanasi, Uttar Pradesh",TB Burden,High,68,CARE India,"Maternal & child health, nutrition, immunization, emergency response"
F20_REC00029,2021,Jul,"Nagpur, Maharashtra",Malaria Outbreak | Dengue Outbreak | TB Burden,Medium,227,NHM,"Primary healthcare delivery, ASHA worker deployment, institutional delivery"
F20_REC00030,2021,Apr,"Gaya, Bihar",Malaria Outbreak,Low,133,CARE India,"Maternal & child health, nutrition, immunization, emergency response"
F20_REC00031,2022,Feb,"Agra, Uttar Pradesh",Malaria Outbreak | Dengue Outbreak | TB Burden,Low,191,WHO India,"Disease monitoring, TB/malaria control, epidemiology, health system strengthening"
F20_REC00032,2021,Aug,"Mysuru, Karnataka",Malaria Outbreak | TB Burden | ASHA Worker Shortage,High,186,Smile Foundation,"Primary healthcare, mobile health units, community outreach, mother-child welfare"
F20_REC00033,2022,Jun,"Howrah, West Bengal",Malaria Outbreak | Dengue Outbreak,Medium,189,WHO India,"Disease monitoring, TB/malaria control, epidemiology, health system strengthening"
F20_REC00034,2022,Sep,"Gaya, Bihar",Malaria Outbreak | Dengue Outbreak,Medium,116,HMIS,"Health data reporting, facility monitoring, program evaluation"
F20_REC00035,2023,Mar,"Coimbatore, Tamil Nadu",Malaria Outbreak | Dengue Outbreak | TB Burden,Medium,158,CARE India,"Maternal & child health, nutrition, immunization, emergency response"
F20_REC00036,2021,Feb,"Pune, Maharashtra",General Health Monitoring,Medium,68,WHO India,"Disease monitoring, TB/malaria control, epidemiology, health system strengthening"
F20_REC00037,2022,Aug,"Vadodara, Gujarat",Malaria Outbreak,Low,79,Doctors For You,"Emergency medical relief, rural health camps, TB & dengue response"
F20_REC00038,2021,Feb,"Vadodara, Gujarat",Malaria Outbreak | Dengue Outbreak | TB Burden,High,155,CARE India,"Maternal & child health, nutrition, immunization, emergency response"
F20_REC00039,2023,Jun,"Surat, Gujarat",Malaria Outbreak | Dengue Outbreak | TB Burden | ASHA Worker Shortage,Low,176,Doctors For You,"Emergency medical relief, rural health camps, TB & dengue response"
F20_REC00040,2021,Mar,"Vadodara, Gujarat",Malaria Outbreak,Medium,99,WHO India,"Disease monitoring, TB/malaria control, epidemiology, health system strengthening"
F20_REC00041,2023,Apr,"Mysuru, Karnataka",Dengue Outbreak | TB Burden,High,117,UNICEF India,"Child immunization, ANC support, nutrition, disease surveillance"
F20_REC00042,2021,Jul,"Lucknow, Uttar Pradesh",Dengue Outbreak | TB Burden,High,133,UNICEF India,"Child immunization, ANC support, nutrition, disease surveillance"
F20_REC00043,2022,Jun,"Madurai, Tamil Nadu",Malaria Outbreak | TB Burden,Medium,157,CARE India,"Maternal & child health, nutrition, immunization, emergency response"
F20_REC00044,2022,Jul,"Mumbai, Maharashtra",Dengue Outbreak | Low Immunization,Medium,90,WHO India,"Disease monitoring, TB/malaria control, epidemiology, health system strengthening"
F20_REC00045,2022,Jun,"Coimbatore, Tamil Nadu",Malaria Outbreak | TB Burden | ASHA Worker Shortage,Low,178,NFHS,"Health data collection, fertility & mortality tracking, policy research"
F20_REC00046,2023,Jun,"Howrah, West Bengal",Malaria Outbreak | Dengue Outbreak | TB Burden,Low,234,NFHS,"Health data collection, fertility & mortality tracking, policy research"
F20_REC00047,2023,Aug,"Varanasi, Uttar Pradesh",Malaria Outbreak | Dengue Outbreak,Low,141,NFHS,"Health data collection, fertility & mortality tracking, policy research"
F20_REC00048,2022,Sep,"Surat, Gujarat",Malaria Outbreak,Low,169,Smile Foundation,"Primary healthcare, mobile health units, community outreach, mother-child welfare"
F20_REC00049,2023,Jun,"Agra, Uttar Pradesh",Malaria Outbreak | Dengue Outbreak,Medium,158,HMIS,"Health data reporting, facility monitoring, program evaluation"
F20_REC00050,2021,Jan,"Howrah, West Bengal",Low Immunization,High,57,UNICEF India,"Child immunization, ANC support, nutrition, disease surveillance"
F20_REC00051,2023,Jan,"Coimbatore, Tamil Nadu",Malaria Outbreak | Low Immunization | ASHA Worker Shortage,High,113,WHO India,"Disease monitoring, TB/malaria control, epidemiology, health system strengthening"
F20_REC00052,2023,Jun,"Bengaluru, Karnataka",Malaria Outbreak | TB Burden,Low,160,Smile Foundation,"Primary healthcare, mobile health units, community outreach, mother-child welfare"
F20_REC00053,2022,Sep,"Madurai, Tamil Nadu",Malaria Outbreak | Dengue Outbreak | ASHA Worker Shortage,Low,179,Doctors For You,"Emergency medical relief, rural health camps, TB & dengue response"
F20_REC00054,2023,May,"Ahmedabad, Gujarat",Malaria Outbreak | Dengue Outbreak | TB Burden,Low,186,CARE India,"Maternal & child health, nutrition, immunization, emergency response"
F20_REC00055,2022,Apr,"Chennai, Tamil Nadu",Malaria Outbreak | Dengue Outbreak,Low,165,Doctors For You,"Emergency medical relief, rural health camps, TB & dengue response"
F20_REC00056,2023,Mar,"Surat, Gujarat",Malaria Outbreak,Low,135,WHO India,"Disease monitoring, TB/malaria control, epidemiology, health system strengthening"
F20_REC00057,2023,Sep,"Mumbai, Maharashtra",Malaria Outbreak | TB Burden | Low ANC Coverage,High,196,WHO India,"Disease monitoring, TB/malaria control, epidemiology, health system strengthening"
F20_REC00058,2022,Jun,"Patna, Bihar",Malaria Outbreak | ASHA Worker Shortage,Medium,98,NHM,"Primary healthcare delivery, ASHA worker deployment, institutional delivery"
F20_REC00059,2021,Apr,"Patna, Bihar",TB Burden,High,86,Doctors For You,"Emergency medical relief, rural health camps, TB & dengue response"
F20_REC00060,2022,Apr,"Vadodara, Gujarat",Malaria Outbreak,High,115,HMIS,"Health data reporting, facility monitoring, program evaluation"
F20_REC00061,2021,Jan,"Muzaffarpur, Bihar",Malaria Outbreak | ASHA Worker Shortage,Low,118,Doctors For You,"Emergency medical relief, rural health camps, TB & dengue response"
F20_REC00062,2021,Jan,"Vadodara, Gujarat",Malaria Outbreak | Dengue Outbreak | ASHA Worker Shortage,Low,177,WHO India,"Disease monitoring, TB/malaria control, epidemiology, health system strengthening"
F20_REC00063,2022,Feb,"Mumbai, Maharashtra",Malaria Outbreak | TB Burden,High,165,UNICEF India,"Child immunization, ANC support, nutrition, disease surveillance"
F20_REC00064,2023,Mar,"Nagpur, Maharashtra",TB Burden | Low ANC Coverage,High,80,HMIS,"Health data reporting, facility monitoring, program evaluation"
F20_REC00065,2023,Jan,"Ahmedabad, Gujarat",Malaria Outbreak,Medium,113,Doctors For You,"Emergency medical relief, rural health camps, TB & dengue response"
F20_REC00066,2023,Jan,"Kolkata, West Bengal",TB Burden | Low ANC Coverage,High,83,NFHS,"Health data collection, fertility & mortality tracking, policy research"
F20_REC00067,2023,Apr,"Chennai, Tamil Nadu",Malaria Outbreak,High,135,Smile Foundation,"Primary healthcare, mobile health units, community outreach, mother-child welfare"
F20_REC00068,2022,Mar,"Madurai, Tamil Nadu",Malaria Outbreak | TB Burden,Low,139,Smile Foundation,"Primary healthcare, mobile health units, community outreach, mother-child welfare"
F20_REC00069,2022,May,"Gaya, Bihar",Malaria Outbreak | Low Institutional Deliveries,High,88,NHM,"Primary healthcare delivery, ASHA worker deployment, institutional delivery"
F20_REC00070,2021,Aug,"Vadodara, Gujarat",Low Immunization,Medium,84,UNICEF India,"Child immunization, ANC support, nutrition, disease surveillance"
F20_REC00071,2021,Jan,"Lucknow, Uttar Pradesh",Malaria Outbreak | TB Burden,High,148,NFHS,"Health data collection, fertility & mortality tracking, policy research"
F20_REC00072,2023,Sep,"Pune, Maharashtra",Malaria Outbreak | Dengue Outbreak | Low Institutional Deliveries,Medium,171,CARE India,"Maternal & child health, nutrition, immunization, emergency response"
F20_REC00073,2023,Feb,"Mysuru, Karnataka",Malaria Outbreak | TB Burden,Medium,111,Doctors For You,"Emergency medical relief, rural health camps, TB & dengue response"
F20_REC00074,2021,Mar,"Ahmedabad, Gujarat",Dengue Outbreak | TB Burden,High,142,NFHS,"Health data collection, fertility & mortality tracking, policy research"
F20_REC00075,2021,Apr,"Coimbatore, Tamil Nadu",TB Burden | Low Immunization,High,85,NHM,"Primary healthcare delivery, ASHA worker deployment, institutional delivery"
F20_REC00076,2022,Jul,"Muzaffarpur, Bihar",Malaria Outbreak | Dengue Outbreak | TB Burden | Low Immunization,High,188,Doctors For You,"Emergency medical relief, rural health camps, TB & dengue response"
F20_REC00077,2021,Apr,"Mumbai, Maharashtra",TB Burden,Low,108,UNICEF India,"Child immunization, ANC support, nutrition, disease surveillance"
F20_REC00078,2023,Feb,"Kolkata, West Bengal",General Health Monitoring,High,99,NFHS,"Health data collection, fertility & mortality tracking, policy research"
F20_REC00079,2021,Mar,"Siliguri, West Bengal",Malaria Outbreak,Medium,90,Doctors For You,"Emergency medical relief, rural health camps, TB & dengue response"
F20_REC00080,2021,Apr,"Lucknow, Uttar Pradesh",Malaria Outbreak,High,163,Smile Foundation,"Primary healthcare, mobile health units, community outreach, mother-child welfare"
F20_REC00081,2023,Mar,"Kolkata, West Bengal",Malaria Outbreak | Dengue Outbreak,High,204,Doctors For You,"Emergency medical relief, rural health camps, TB & dengue response"
F20_REC00082,2021,Feb,"Kolkata, West Bengal",Malaria Outbreak | TB Burden,High,122,NHM,"Primary healthcare delivery, ASHA worker deployment, institutional delivery"
F20_REC00083,2022,Aug,"Muzaffarpur, Bihar",Malaria Outbreak | Low Institutional Deliveries,Medium,117,NFHS,"Health data collection, fertility & mortality tracking, policy research"
F20_REC00084,2021,Sep,"Kolkata, West Bengal",Malaria Outbreak | Dengue Outbreak | TB Burden | Low ANC Coverage,Medium,225,HMIS,"Health data reporting, facility monitoring, program evaluation"
F20_REC00085,2022,Mar,"Gaya, Bihar",Malaria Outbreak | Dengue Outbreak | TB Burden,High,179,CARE India,"Maternal & child health, nutrition, immunization, emergency response"
F20_REC00086,2023,Mar,"Lucknow, Uttar Pradesh",Malaria Outbreak | Dengue Outbreak | TB Burden | Low ANC Coverage,Low,189,CARE India,"Maternal & child health, nutrition, immunization, emergency response"
F20_REC00087,2023,Jun,"Howrah, West Bengal",Low ANC Coverage,Medium,62,CARE India,"Maternal & child health, nutrition, immunization, emergency response"
F20_REC00088,2022,May,"Agra, Uttar Pradesh",Dengue Outbreak | TB Burden,Medium,142,Smile Foundation,"Primary healthcare, mobile health units, community outreach, mother-child welfare"
F20_REC00089,2023,Apr,"Chennai, Tamil Nadu",Malaria Outbreak | Dengue Outbreak | TB Burden,Medium,172,UNICEF India,"Child immunization, ANC support, nutrition, disease surveillance"
F20_REC00090,2021,May,"Ahmedabad, Gujarat",Malaria Outbreak | TB Burden,High,166,UNICEF India,"Child immunization, ANC support, nutrition, disease surveillance"
F20_REC00091,2023,Mar,"Kolkata, West Bengal",Malaria Outbreak,Medium,118,UNICEF India,"Child immunization, ANC support, nutrition, disease surveillance"
F20_REC00092,2022,Jan,"Kolkata, West Bengal",Malaria Outbreak | TB Burden,Medium,142,Smile Foundation,"Primary healthcare, mobile health units, community outreach, mother-child welfare"
F20_REC00093,2023,Apr,"Coimbatore, Tamil Nadu",Dengue Outbreak | TB Burden,Low,123,Smile Foundation,"Primary healthcare, mobile health units, community outreach, mother-child welfare"
F20_REC00094,2021,May,"Mumbai, Maharashtra",Malaria Outbreak | Low Immunization,Medium,89,Smile Foundation,"Primary healthcare, mobile health units, community outreach, mother-child welfare"
F20_REC00095,2023,Aug,"Bengaluru, Karnataka",Malaria Outbreak,Low,128,WHO India,"Disease monitoring, TB/malaria control, epidemiology, health system strengthening"
F20_REC00096,2021,Mar,"Muzaffarpur, Bihar",Dengue Outbreak | TB Burden | Low Immunization,Medium,143,WHO India,"Disease monitoring, TB/malaria control, epidemiology, health system strengthening"
F20_REC00097,2022,Jan,"Madurai, Tamil Nadu",Malaria Outbreak | TB Burden,Low,134,NHM,"Primary healthcare delivery, ASHA worker deployment, institutional delivery"
F20_REC00098,2022,Jul,"Bengaluru, Karnataka",General Health Monitoring,High,37,Smile Foundation,"Primary healthcare, mobile health units, community outreach, mother-child welfare"
F20_REC00099,2022,Jun,"Gaya, Bihar",Malaria Outbreak | Dengue Outbreak,Low,162,NHM,"Primary healthcare delivery, ASHA worker deployment, institutional delivery"
F20_REC00100,2021,Aug,"Siliguri, West Bengal",Malaria Outbreak | TB Burden | Low Immunization | ASHA Worker Shortage,Low,127,UNICEF India,"Child immunization, ANC support, nutrition, disease surveillance"
F20_REC00101,2023,Sep,"Mysuru, Karnataka",Malaria Outbreak | Dengue Outbreak | ASHA Worker Shortage,Medium,122,Doctors For You,"Emergency medical relief, rural health camps, TB & dengue response"
F20_REC00102,2022,Aug,"Kolkata, West Bengal",Dengue Outbreak | Low Institutional Deliveries,Medium,88,NHM,"Primary healthcare delivery, ASHA worker deployment, institutional delivery"
F20_REC00103,2023,Jan,"Surat, Gujarat",Malaria Outbreak | Dengue Outbreak | ASHA Worker Shortage,Medium,148,CARE India,"Maternal & child health, nutrition, immunization, emergency response"
F20_REC00104,2023,May,"Coimbatore, Tamil Nadu",TB Burden | Low Institutional Deliveries,Low,100,CARE India,"Maternal & child health, nutrition, immunization, emergency response"
F20_REC00105,2023,Jul,"Varanasi, Uttar Pradesh",General Health Monitoring,Medium,91,UNICEF India,"Child immunization, ANC support, nutrition, disease surveillance"
F20_REC00106,2022,Apr,"Varanasi, Uttar Pradesh",Dengue Outbreak | ASHA Worker Shortage,Low,142,HMIS,"Health data reporting, facility monitoring, program evaluation"
F20_REC00107,2022,Apr,"Mysuru, Karnataka",Malaria Outbreak | Dengue Outbreak | ASHA Worker Shortage,Medium,192,WHO India,"Disease monitoring, TB/malaria control, epidemiology, health system strengthening"
F20_REC00108,2023,Feb,"Coimbatore, Tamil Nadu",Malaria Outbreak | Dengue Outbreak,High,150,Doctors For You,"Emergency medical relief, rural health camps, TB & dengue response"
F20_REC00109,2021,Jul,"Pune, Maharashtra",TB Burden,Medium,59,Doctors For You,"Emergency medical relief, rural health camps, TB & dengue response"
F20_REC00110,2021,Aug,"Muzaffarpur, Bihar",Dengue Outbreak | TB Burden | ASHA Worker Shortage,Medium,134,HMIS,"Health data reporting, facility monitoring, program evaluation"
F20_REC00111,2023,Feb,"Madurai, Tamil Nadu",Dengue Outbreak | TB Burden | ASHA Worker Shortage,Low,113,Doctors For You,"Emergency medical relief, rural health camps, TB & dengue response"
F20_REC00112,2023,May,"Mysuru, Karnataka",Malaria Outbreak | TB Burden,Medium,136,Smile Foundation,"Primary healthcare, mobile health units, community outreach, mother-child welfare"
F20_REC00113,2022,Jul,"Howrah, West Bengal",TB Burden | Low ANC Coverage,Low,66,HMIS,"Health data reporting, facility monitoring, program evaluation"
F20_REC00114,2023,May,"Gaya, Bihar",Dengue Outbreak,Low,86,HMIS,"Health data reporting, facility monitoring, program evaluation"
F20_REC00115,2021,May,"Nagpur, Maharashtra",Malaria Outbreak | TB Burden,Low,105,CARE India,"Maternal & child health, nutrition, immunization, emergency response"
F20_REC00116,2022,Aug,"Madurai, Tamil Nadu",Malaria Outbreak | Dengue Outbreak,Medium,164,NFHS,"Health data collection, fertility & mortality tracking, policy research"
F20_REC00117,2022,Mar,"Bengaluru, Karnataka",Low ANC Coverage,Low,70,HMIS,"Health data reporting, facility monitoring, program evaluation"
F20_REC00118,2021,Sep,"Siliguri, West Bengal",Malaria Outbreak | Dengue Outbreak,Low,121,NFHS,"Health data collection, fertility & mortality tracking, policy research"
F20_REC00119,2021,Jun,"Ahmedabad, Gujarat",Dengue Outbreak | ASHA Worker Shortage,Low,104,UNICEF India,"Child immunization, ANC support, nutrition, disease surveillance"
F20_REC00120,2022,Jan,"Coimbatore, Tamil Nadu",Dengue Outbreak | ASHA Worker Shortage,Medium,118,Smile Foundation,"Primary healthcare, mobile health units, community outreach, mother-child welfare"
F20_REC00121,2022,May,"Howrah, West Bengal",Malaria Outbreak | Dengue Outbreak | TB Burden | Low ANC Coverage | ASHA Worker Shortage,Low,210,WHO India,"Disease monitoring, TB/malaria control, epidemiology, health system strengthening"
F20_REC00122,2023,Jan,"Madurai, Tamil Nadu",Dengue Outbreak,Low,100,HMIS,"Health data reporting, facility monitoring, program evaluation"
F20_REC00123,2021,May,"Pune, Maharashtra",Dengue Outbreak | Low Immunization | Low Institutional Deliveries,Low,113,NHM,"Primary healthcare delivery, ASHA worker deployment, institutional delivery"
F20_REC00124,2022,May,"Gaya, Bihar",Dengue Outbreak,Low,90,UNICEF India,"Child immunization, ANC support, nutrition, disease surveillance"
F20_REC00125,2021,Feb,"Nagpur, Maharashtra",Dengue Outbreak | TB Burden,Low,141,UNICEF India,"Child immunization, ANC support, nutrition, disease surveillance"
F20_REC00126,2022,Jun,"Patna, Bihar",Malaria Outbreak,Medium,108,HMIS,"Health data reporting, facility monitoring, program evaluation"
F20_REC00127,2021,Aug,"Pune, Maharashtra",Malaria Outbreak | Dengue Outbreak | TB Burden,Low,166,NFHS,"Health data collection, fertility & mortality tracking, policy research"
F20_REC00128,2022,Apr,"Lucknow, Uttar Pradesh",ASHA Worker Shortage,High,44,HMIS,"Health data reporting, facility monitoring, program evaluation"
F20_REC00129,2021,Jun,"Ahmedabad, Gujarat",Malaria Outbreak | Dengue Outbreak,Medium,175,WHO India,"Disease monitoring, TB/malaria control, epidemiology, health system strengthening"
F20_REC00130,2021,Jul,"Kolkata, West Bengal",TB Burden | Low Immunization | ASHA Worker Shortage,Medium,73,Doctors For You,"Emergency medical relief, rural health camps, TB & dengue response"
F20_REC00131,2023,Feb,"Agra, Uttar Pradesh",Dengue Outbreak,Low,84,CARE India,"Maternal & child health, nutrition, immunization, emergency response"
F20_REC00132,2023,Jan,"Siliguri, West Bengal",Malaria Outbreak,Medium,133,Doctors For You,"Emergency medical relief, rural health camps, TB & dengue response"
F20_REC00133,2021,Jun,"Kolkata, West Bengal",Dengue Outbreak | TB Burden | Low Immunization,High,150,NFHS,"Health data collection, fertility & mortality tracking, policy research"
F20_REC00134,2022,Feb,"Coimbatore, Tamil Nadu",Malaria Outbreak,Medium,76,Doctors For You,"Emergency medical relief, rural health camps, TB & dengue response"
F20_REC00135,2021,May,"Hubli, Karnataka",Dengue Outbreak | Low Institutional Deliveries,High,96,HMIS,"Health data reporting, facility monitoring, program evaluation"
F20_REC00136,2022,Jul,"Siliguri, West Bengal",Malaria Outbreak | TB Burden,Low,152,UNICEF India,"Child immunization, ANC support, nutrition, disease surveillance"
F20_REC00137,2022,Jul,"Hubli, Karnataka",Malaria Outbreak | TB Burden,Medium,191,WHO India,"Disease monitoring, TB/malaria control, epidemiology, health system strengthening"
F20_REC00138,2022,Sep,"Vadodara, Gujarat",Malaria Outbreak | Low ANC Coverage | ASHA Worker Shortage,Medium,81,HMIS,"Health data reporting, facility monitoring, program evaluation"
F20_REC00139,2022,Jun,"Bengaluru, Karnataka",Malaria Outbreak | Dengue Outbreak | TB Burden | ASHA Worker Shortage,Low,223,HMIS,"Health data reporting, facility monitoring, program evaluation"
F20_REC00140,2021,Jul,"Patna, Bihar",Malaria Outbreak | Dengue Outbreak | TB Burden | ASHA Worker Shortage,Medium,203,HMIS,"Health data reporting, facility monitoring, program evaluation"
F20_REC00141,2021,Sep,"Vadodara, Gujarat",Malaria Outbreak | Dengue Outbreak,High,182,NFHS,"Health data collection, fertility & mortality tracking, policy research"
F20_REC00142,2023,Sep,"Mumbai, Maharashtra",Malaria Outbreak | Dengue Outbreak | TB Burden,High,192,HMIS,"Health data reporting, facility monitoring, program evaluation"
F20_REC00143,2022,Aug,"Muzaffarpur, Bihar",TB Burden,Low,80,CARE India,"Maternal & child health, nutrition, immunization, emergency response"
F20_REC00144,2022,Sep,"Pune, Maharashtra",Malaria Outbreak | Dengue Outbreak,High,187,HMIS,"Health data reporting, facility monitoring, program evaluation"
F20_REC00145,2023,Aug,"Lucknow, Uttar Pradesh",Malaria Outbreak | Dengue Outbreak | TB Burden,High,184,CARE India,"Maternal & child health, nutrition, immunization, emergency response"
F20_REC00146,2022,Jun,"Agra, Uttar Pradesh",Malaria Outbreak | TB Burden | Low ANC Coverage,Low,138,Smile Foundation,"Primary healthcare, mobile health units, community outreach, mother-child welfare"
F20_REC00147,2023,Jan,"Agra, Uttar Pradesh",Malaria Outbreak,High,121,HMIS,"Health data reporting, facility monitoring, program evaluation"
F20_REC00148,2021,Sep,"Ahmedabad, Gujarat",Malaria Outbreak | TB Burden,Low,140,Smile Foundation,"Primary healthcare, mobile health units, community outreach, mother-child welfare"
F20_REC00149,2023,Jun,"Howrah, West Bengal",Malaria Outbreak | Dengue Outbreak | TB Burden | Low ANC Coverage | ASHA Worker Shortage,High,189,Smile Foundation,"Primary healthcare, mobile health units, community outreach, mother-child welfare"
F20_REC00150,2022,Feb,"Surat, Gujarat",TB Burden | Low Immunization,High,56,CARE India,"Maternal & child health, nutrition, immunization, emergency response"
F20_REC00151,2021,Jul,"Hubli, Karnataka",TB Burden | Low ANC Coverage,High,91,WHO India,"Disease monitoring, TB/malaria control, epidemiology, health system strengthening"
F20_REC00152,2023,Mar,"Gaya, Bihar",Dengue Outbreak,Low,130,Smile Foundation,"Primary healthcare, mobile health units, community outreach, mother-child welfare"
F20_REC00153,2021,Jan,"Nagpur, Maharashtra",TB Burden,Low,62,UNICEF India,"Child immunization, ANC support, nutrition, disease surveillance"
F20_REC00154,2023,Jan,"Bengaluru, Karnataka",TB Burden | Low Institutional Deliveries | ASHA Worker Shortage,Low,73,Doctors For You,"Emergency medical relief, rural health camps, TB & dengue response"
F20_REC00155,2021,May,"Siliguri, West Bengal",TB Burden,Low,104,UNICEF India,"Child immunization, ANC support, nutrition, disease surveillance"
F20_REC00156,2023,May,"Nagpur, Maharashtra",Malaria Outbreak | Dengue Outbreak | TB Burden | Low Immunization,Medium,177,UNICEF India,"Child immunization, ANC support, nutrition, disease surveillance"
F20_REC00157,2022,Apr,"Siliguri, West Bengal",Malaria Outbreak,High,131,NFHS,"Health data collection, fertility & mortality tracking, policy research"
F20_REC00158,2022,Mar,"Muzaffarpur, Bihar",Malaria Outbreak | ASHA Worker Shortage,Medium,139,NFHS,"Health data collection, fertility & mortality tracking, policy research"
F20_REC00159,2023,Aug,"Muzaffarpur, Bihar",Dengue Outbreak,Low,120,NHM,"Primary healthcare delivery, ASHA worker deployment, institutional delivery"
F20_REC00160,2021,Aug,"Ahmedabad, Gujarat",Malaria Outbreak | ASHA Worker Shortage,High,100,WHO India,"Disease monitoring, TB/malaria control, epidemiology, health system strengthening"
F20_REC00161,2021,Sep,"Gaya, Bihar",Malaria Outbreak | Dengue Outbreak | TB Burden,High,208,CARE India,"Maternal & child health, nutrition, immunization, emergency response"
F20_REC00162,2021,Jun,"Mysuru, Karnataka",Malaria Outbreak,Low,161,NFHS,"Health data collection, fertility & mortality tracking, policy research"
F20_REC00163,2022,Apr,"Pune, Maharashtra",Malaria Outbreak | Dengue Outbreak | ASHA Worker Shortage,Medium,158,HMIS,"Health data reporting, facility monitoring, program evaluation"
F20_REC00164,2021,Sep,"Chennai, Tamil Nadu",Malaria Outbreak | Dengue Outbreak | Low Immunization,Medium,156,NFHS,"Health data collection, fertility & mortality tracking, policy research"
F20_REC00165,2023,May,"Muzaffarpur, Bihar",TB Burden,High,84,NHM,"Primary healthcare delivery, ASHA worker deployment, institutional delivery"
F20_REC00166,2022,Jul,"Vadodara, Gujarat",TB Burden,High,108,CARE India,"Maternal & child health, nutrition, immunization, emergency response"
F20_REC00167,2021,Feb,"Mysuru, Karnataka",Malaria Outbreak | Dengue Outbreak | TB Burden,Low,167,NHM,"Primary healthcare delivery, ASHA worker deployment, institutional delivery"
F20_REC00168,2022,Apr,"Muzaffarpur, Bihar",Dengue Outbreak | ASHA Worker Shortage,Low,94,HMIS,"Health data reporting, facility monitoring, program evaluation"
F20_REC00169,2021,Mar,"Madurai, Tamil Nadu",Malaria Outbreak | Low ANC Coverage | ASHA Worker Shortage,High,159,NFHS,"Health data collection, fertility & mortality tracking, policy research"
F20_REC00170,2021,Feb,"Mysuru, Karnataka",Malaria Outbreak | Dengue Outbreak | TB Burden | ASHA Worker Shortage,Medium,193,CARE India,"Maternal & child health, nutrition, immunization, emergency response"
F20_REC00171,2023,May,"Agra, Uttar Pradesh",TB Burden,Medium,92,NHM,"Primary healthcare delivery, ASHA worker deployment, institutional delivery"
F20_REC00172,2023,Jul,"Howrah, West Bengal",Malaria Outbreak | TB Burden,Low,123,HMIS,"Health data reporting, facility monitoring, program evaluation"
F20_REC00173,2023,Jan,"Kolkata, West Bengal",Dengue Outbreak | TB Burden | ASHA Worker Shortage,High,125,HMIS,"Health data reporting, facility monitoring, program evaluation"
F20_REC00174,2022,Feb,"Agra, Uttar Pradesh",Malaria Outbreak | Dengue Outbreak | TB Burden | Low ANC Coverage | Low Institutional Deliveries,High,182,UNICEF India,"Child immunization, ANC support, nutrition, disease surveillance"
F20_REC00175,2023,Jan,"Surat, Gujarat",Malaria Outbreak | ASHA Worker Shortage,High,110,Smile Foundation,"Primary healthcare, mobile health units, community outreach, mother-child welfare"
F20_REC00176,2023,Aug,"Chennai, Tamil Nadu",Malaria Outbreak | Dengue Outbreak | TB Burden | Low Institutional Deliveries,Medium,222,Doctors For You,"Emergency medical relief, rural health camps, TB & dengue response"
F20_REC00177,2022,Aug,"Nagpur, Maharashtra",Malaria Outbreak | TB Burden,High,165,NHM,"Primary healthcare delivery, ASHA worker deployment, institutional delivery"
F20_REC00178,2021,May,"Mumbai, Maharashtra",Malaria Outbreak | TB Burden | Low Immunization | ASHA Worker Shortage,Low,118,UNICEF India,"Child immunization, ANC support, nutrition, disease surveillance"
F20_REC00179,2023,Mar,"Nagpur, Maharashtra",Dengue Outbreak | Low ANC Coverage,Medium,116,NFHS,"Health data collection, fertility & mortality tracking, policy research"
F20_REC00180,2021,Apr,"Pune, Maharashtra",Malaria Outbreak | TB Burden,High,135,Smile Foundation,"Primary healthcare, mobile health units, community outreach, mother-child welfare"
F20_REC00181,2023,May,"Kolkata, West Bengal",TB Burden,Medium,123,Smile Foundation,"Primary healthcare, mobile health units, community outreach, mother-child welfare"
F20_REC00182,2023,Aug,"Vadodara, Gujarat",Low ANC Coverage,Low,81,Smile Foundation,"Primary healthcare, mobile health units, community outreach, mother-child welfare"
F20_REC00183,2021,Jan,"Siliguri, West Bengal",Dengue Outbreak | TB Burden,High,136,CARE India,"Maternal & child health, nutrition, immunization, emergency response"
F20_REC00184,2022,Aug,"Nagpur, Maharashtra",Malaria Outbreak | TB Burden,Low,133,NFHS,"Health data collection, fertility & mortality tracking, policy research"
F20_REC00185,2021,Feb,"Gaya, Bihar",TB Burden | Low Immunization,High,124,WHO India,"Disease monitoring, TB/malaria control, epidemiology, health system strengthening"
F20_REC00186,2021,Jun,"Madurai, Tamil Nadu",Dengue Outbreak,High,81,NFHS,"Health data collection, fertility & mortality tracking, policy research"
F20_REC00187,2022,Jul,"Coimbatore, Tamil Nadu",Dengue Outbreak | TB Burden,Low,128,WHO India,"Disease monitoring, TB/malaria control, epidemiology, health system strengthening"
F20_REC00188,2021,Mar,"Bengaluru, Karnataka",Malaria Outbreak | Dengue Outbreak | TB Burden,Low,201,NFHS,"Health data collection, fertility & mortality tracking, policy research"
F20_REC00189,2021,Jul,"Nagpur, Maharashtra",TB Burden,Medium,110,WHO India,"Disease monitoring, TB/malaria control, epidemiology, health system strengthening"
F20_REC00190,2023,May,"Ahmedabad, Gujarat",Dengue Outbreak,Medium,78,UNICEF India,"Child immunization, ANC support, nutrition, disease surveillance"
F20_REC00191,2022,Mar,"Chennai, Tamil Nadu",Malaria Outbreak | TB Burden,High,190,HMIS,"Health data reporting, facility monitoring, program evaluation"
F20_REC00192,2023,Jul,"Mysuru, Karnataka",Dengue Outbreak,High,101,HMIS,"Health data reporting, facility monitoring, program evaluation"
F20_REC00193,2023,Sep,"Hubli, Karnataka",Malaria Outbreak | TB Burden | ASHA Worker Shortage,High,114,NFHS,"Health data collection, fertility & mortality tracking, policy research"
F20_REC00194,2023,May,"Surat, Gujarat",Malaria Outbreak | Dengue Outbreak | Low Institutional Deliveries,Low,164,WHO India,"Disease monitoring, TB/malaria control, epidemiology, health system strengthening"
F20_REC00195,2022,Jul,"Lucknow, Uttar Pradesh",Dengue Outbreak,High,117,NHM,"Primary healthcare delivery, ASHA worker deployment, institutional delivery"
F20_REC00196,2021,Jan,"Siliguri, West Bengal",Malaria Outbreak | Dengue Outbreak,High,200,CARE India,"Maternal & child health, nutrition, immunization, emergency response"
F20_REC00197,2021,Mar,"Pune, Maharashtra",Dengue Outbreak | ASHA Worker Shortage,Low,104,NFHS,"Health data collection, fertility & mortality tracking, policy research"
F20_REC00198,2021,Aug,"Agra, Uttar Pradesh",Malaria Outbreak | TB Burden,Medium,137,Doctors For You,"Emergency medical relief, rural health camps, TB & dengue response"
F20_REC00199,2022,Feb,"Ahmedabad, Gujarat",Malaria Outbreak | Low Institutional Deliveries,Medium,128,Doctors For You,"Emergency medical relief, rural health camps, TB & dengue response"
F22_REC00000,2015,May,"Varanasi, Uttar Pradesh",Dengue Outbreak | Low Immunization,Low,98,NHM,"Primary healthcare delivery, ASHA worker deployment, institutional delivery"
F22_REC00001,2017,Aug,"Patna, Bihar",Malaria Outbreak,Low,121,NHM,"Primary healthcare delivery, ASHA worker deployment, institutional delivery"
F22_REC00002,2015,Aug,"Vadodara, Gujarat",Malaria Outbreak | ASHA Worker Shortage,High,152,Smile Foundation,"Primary healthcare, mobile health units, community outreach, mother-child welfare"
F22_REC00003,2017,Jul,"Madurai, Tamil Nadu",Malaria Outbreak | TB Burden,Medium,116,Smile Foundation,"Primary healthcare, mobile health units, community outreach, mother-child welfare"
F22_REC00004,2016,Feb,"Pune, Maharashtra",Dengue Outbreak | TB Burden,Low,142,WHO India,"Disease monitoring, TB/malaria control, epidemiology, health system strengthening"
F22_REC00005,2015,Mar,"Nagpur, Maharashtra",Malaria Outbreak | Dengue Outbreak,Medium,177,NHM,"Primary healthcare delivery, ASHA worker deployment, institutional delivery"
F22_REC00006,2016,Jul,"Varanasi, Uttar Pradesh",Dengue Outbreak | TB Burden,Low,133,NFHS,"Health data collection, fertility & mortality tracking, policy research"
F22_REC00007,2015,Jun,"Howrah, West Bengal",TB Burden,Medium,101,HMIS,"Health data reporting, facility monitoring, program evaluation"
F22_REC00008,2016,Feb,"Howrah, West Bengal",Malaria Outbreak | TB Burden | Low Institutional Deliveries,High,156,WHO India,"Disease monitoring, TB/malaria control, epidemiology, health system strengthening"
F22_REC00009,2016,Jun,"Muzaffarpur, Bihar",Malaria Outbreak | Dengue Outbreak,Medium,170,NHM,"Primary healthcare delivery, ASHA worker deployment, institutional delivery"
F22_REC00010,2015,Jul,"Bengaluru, Karnataka",Malaria Outbreak | Dengue Outbreak | TB Burden,Low,206,WHO India,"Disease monitoring, TB/malaria control, epidemiology, health system strengthening"
F22_REC00011,2016,Jun,"Nagpur, Maharashtra",Malaria Outbreak | TB Burden,Low,169,CARE India,"Maternal & child health, nutrition, immunization, emergency response"
F22_REC00012,2015,Jan,"Mumbai, Maharashtra",TB Burden | Low Immunization | Low ANC Coverage,Medium,98,NHM,"Primary healthcare delivery, ASHA worker deployment, institutional delivery"
F22_REC00013,2015,May,"Nagpur, Maharashtra",Malaria Outbreak | ASHA Worker Shortage,Low,110,Smile Foundation,"Primary healthcare, mobile health units, community outreach, mother-child welfare"
F22_REC00014,2015,Jun,"Muzaffarpur, Bihar",Dengue Outbreak,High,87,NHM,"Primary healthcare delivery, ASHA worker deployment, institutional delivery"
F22_REC00015,2016,Feb,"Bengaluru, Karnataka",Malaria Outbreak | Dengue Outbreak | TB Burden,Low,176,UNICEF India,"Child immunization, ANC support, nutrition, disease surveillance"
F22_REC00016,2015,Feb,"Agra, Uttar Pradesh",Malaria Outbreak | Dengue Outbreak | Low Immunization | ASHA Worker Shortage,Medium,151,WHO India,"Disease monitoring, TB/malaria control, epidemiology, health system strengthening"
F22_REC00017,2017,Sep,"Ahmedabad, Gujarat",ASHA Worker Shortage,Low,61,Smile Foundation,"Primary healthcare, mobile health units, community outreach, mother-child welfare"
F22_REC00018,2017,Apr,"Gaya, Bihar",General Health Monitoring,Low,38,UNICEF India,"Child immunization, ANC support, nutrition, disease surveillance"
F22_REC00019,2015,Jan,"Coimbatore, Tamil Nadu",Dengue Outbreak,Medium,80,NHM,"Primary healthcare delivery, ASHA worker deployment, institutional delivery"
F22_REC00020,2015,Jun,"Ahmedabad, Gujarat",Dengue Outbreak,Low,97,UNICEF India,"Child immunization, ANC support, nutrition, disease surveillance"
F22_REC00021,2017,Jul,"Hubli, Karnataka",General Health Monitoring,Low,39,HMIS,"Health data reporting, facility monitoring, program evaluation"
F22_REC00022,2017,May,"Varanasi, Uttar Pradesh",Malaria Outbreak | Low ANC Coverage,High,94,UNICEF India,"Child immunization, ANC support, nutrition, disease surveillance"
F22_REC00023,2015,Jul,"Kolkata, West Bengal",Malaria Outbreak | Dengue Outbreak | TB Burden | ASHA Worker Shortage,Medium,167,NHM,"Primary healthcare delivery, ASHA worker deployment, institutional delivery"
F22_REC00024,2016,Jun,"Patna, Bihar",Dengue Outbreak | Low ANC Coverage,Medium,69,UNICEF India,"Child immunization, ANC support, nutrition, disease surveillance"
F22_REC00025,2016,Jan,"Howrah, West Bengal",General Health Monitoring,Low,29,HMIS,"Health data reporting, facility monitoring, program evaluation"
F22_REC00026,2016,Aug,"Hubli, Karnataka",TB Burden,Low,100,Smile Foundation,"Primary healthcare, mobile health units, community outreach, mother-child welfare"
F22_REC00027,2015,Feb,"Ahmedabad, Gujarat",Malaria Outbreak | TB Burden | ASHA Worker Shortage,Low,131,WHO India,"Disease monitoring, TB/malaria control, epidemiology, health system strengthening"
F22_REC00028,2016,Sep,"Surat, Gujarat",Malaria Outbreak | Dengue Outbreak | TB Burden,Low,144,NFHS,"Health data collection, fertility & mortality tracking, policy research"
F22_REC00029,2015,Apr,"Kolkata, West Bengal",Dengue Outbreak | Low Institutional Deliveries,High,96,WHO India,"Disease monitoring, TB/malaria control, epidemiology, health system strengthening"
F22_REC00030,2017,May,"Varanasi, Uttar Pradesh",TB Burden | ASHA Worker Shortage,Low,106,UNICEF India,"Child immunization, ANC support, nutrition, disease surveillance"
F22_REC00031,2015,Jan,"Howrah, West Bengal",Malaria Outbreak | Dengue Outbreak,High,156,Smile Foundation,"Primary healthcare, mobile health units, community outreach, mother-child welfare"
F22_REC00032,2017,Jun,"Varanasi, Uttar Pradesh",Malaria Outbreak | Dengue Outbreak | Low ANC Coverage,High,166,NFHS,"Health data collection, fertility & mortality tracking, policy research"
F22_REC00033,2017,Sep,"Gaya, Bihar",Malaria Outbreak,High,88,Doctors For You,"Emergency medical relief, rural health camps, TB & dengue response"
F22_REC00034,2017,Jun,"Muzaffarpur, Bihar",Malaria Outbreak | Dengue Outbreak | TB Burden | Low Immunization | Low Institutional Deliveries,Medium,217,UNICEF India,"Child immunization, ANC support, nutrition, disease surveillance"
F22_REC00035,2015,Jul,"Hubli, Karnataka",Malaria Outbreak | Dengue Outbreak,Low,174,Doctors For You,"Emergency medical relief, rural health camps, TB & dengue response"
F22_REC00036,2017,Sep,"Kolkata, West Bengal",Dengue Outbreak,Medium,137,NFHS,"Health data collection, fertility & mortality tracking, policy research"
F22_REC00037,2015,Mar,"Chennai, Tamil Nadu",Malaria Outbreak | TB Burden,Low,126,HMIS,"Health data reporting, facility monitoring, program evaluation"
F22_REC00038,2017,May,"Siliguri, West Bengal",Malaria Outbreak | Dengue Outbreak,High,168,NHM,"Primary healthcare delivery, ASHA worker deployment, institutional delivery"
F22_REC00039,2017,May,"Coimbatore, Tamil Nadu",Malaria Outbreak | Low ANC Coverage,Low,96,NFHS,"Health data collection, fertility & mortality tracking, policy research"
F22_REC00040,2016,Jun,"Patna, Bihar",Malaria Outbreak | TB Burden | Low ANC Coverage,Medium,136,WHO India,"Disease monitoring, TB/malaria control, epidemiology, health system strengthening"
F22_REC00041,2016,Mar,"Surat, Gujarat",Malaria Outbreak | Dengue Outbreak,High,102,UNICEF India,"Child immunization, ANC support, nutrition, disease surveillance"
F22_REC00042,2015,Feb,"Bengaluru, Karnataka",Malaria Outbreak | TB Burden | Low ANC Coverage,High,183,Smile Foundation,"Primary healthcare, mobile health units, community outreach, mother-child welfare"
F22_REC00043,2016,Jun,"Mysuru, Karnataka",Dengue Outbreak | TB Burden,High,122,Doctors For You,"Emergency medical relief, rural health camps, TB & dengue response"
F22_REC00044,2016,May,"Pune, Maharashtra",Malaria Outbreak | Dengue Outbreak | TB Burden,Medium,164,Smile Foundation,"Primary healthcare, mobile health units, community outreach, mother-child welfare"
F22_REC00045,2015,Mar,"Varanasi, Uttar Pradesh",Malaria Outbreak,High,99,NFHS,"Health data collection, fertility & mortality tracking, policy research"
F22_REC00046,2016,Mar,"Mysuru, Karnataka",Dengue Outbreak,Medium,122,CARE India,"Maternal & child health, nutrition, immunization, emergency response"
F22_REC00047,2016,May,"Varanasi, Uttar Pradesh",Dengue Outbreak | TB Burden,Medium,153,UNICEF India,"Child immunization, ANC support, nutrition, disease surveillance"
F22_REC00048,2017,Mar,"Varanasi, Uttar Pradesh",Malaria Outbreak,High,84,NHM,"Primary healthcare delivery, ASHA worker deployment, institutional delivery"
F22_REC00049,2015,May,"Surat, Gujarat",Malaria Outbreak | Dengue Outbreak | TB Burden | ASHA Worker Shortage,Low,177,Doctors For You,"Emergency medical relief, rural health camps, TB & dengue response"
F22_REC00050,2016,Apr,"Chennai, Tamil Nadu",Dengue Outbreak | ASHA Worker Shortage,Low,92,WHO India,"Disease monitoring, TB/malaria control, epidemiology, health system strengthening"
F22_REC00051,2016,Apr,"Ahmedabad, Gujarat",Low Immunization,Medium,83,NFHS,"Health data collection, fertility & mortality tracking, policy research"
F22_REC00052,2016,Jun,"Chennai, Tamil Nadu",Malaria Outbreak | TB Burden,High,145,WHO India,"Disease monitoring, TB/malaria control, epidemiology, health system strengthening"
F22_REC00053,2016,Apr,"Bengaluru, Karnataka",Malaria Outbreak | TB Burden,Medium,118,CARE India,"Maternal & child health, nutrition, immunization, emergency response"
F22_REC00054,2017,Jan,"Nagpur, Maharashtra",Malaria Outbreak | Dengue Outbreak | TB Burden,Low,194,NHM,"Primary healthcare delivery, ASHA worker deployment, institutional delivery"
F22_REC00055,2016,Aug,"Ahmedabad, Gujarat",Malaria Outbreak | Dengue Outbreak | TB Burden | Low Immunization | Low ANC Coverage,Low,191,CARE India,"Maternal & child health, nutrition, immunization, emergency response"
F22_REC00056,2016,Mar,"Varanasi, Uttar Pradesh",Malaria Outbreak | Dengue Outbreak | Low Immunization,High,168,Smile Foundation,"Primary healthcare, mobile health units, community outreach, mother-child welfare"
F22_REC00057,2017,Feb,"Madurai, Tamil Nadu",Malaria Outbreak | Dengue Outbreak | TB Burden,Low,180,HMIS,"Health data reporting, facility monitoring, program evaluation"
F22_REC00058,2015,Jul,"Nagpur, Maharashtra",Dengue Outbreak,Low,120,Doctors For You,"Emergency medical relief, rural health camps, TB & dengue response"
F22_REC00059,2015,May,"Gaya, Bihar",Malaria Outbreak | Dengue Outbreak,Low,115,CARE India,"Maternal & child health, nutrition, immunization, emergency response"
F22_REC00060,2015,Jan,"Lucknow, Uttar Pradesh",Malaria Outbreak | Dengue Outbreak | TB Burden,Low,233,UNICEF India,"Child immunization, ANC support, nutrition, disease surveillance"
F22_REC00061,2015,Aug,"Mysuru, Karnataka",Malaria Outbreak | TB Burden | ASHA Worker Shortage,High,202,NHM,"Primary healthcare delivery, ASHA worker deployment, institutional delivery"
F22_REC00062,2015,Apr,"Muzaffarpur, Bihar",Malaria Outbreak | TB Burden | Low Institutional Deliveries | ASHA Worker Shortage,Medium,187,CARE India,"Maternal & child health, nutrition, immunization, emergency response"
F22_REC00063,2016,Sep,"Varanasi, Uttar Pradesh",Malaria Outbreak | TB Burden,Medium,127,HMIS,"Health data reporting, facility monitoring, program evaluation"
F22_REC00064,2016,May,"Kolkata, West Bengal",Malaria Outbreak | Dengue Outbreak,High,138,Smile Foundation,"Primary healthcare, mobile health units, community outreach, mother-child welfare"
F22_REC00065,2015,Mar,"Varanasi, Uttar Pradesh",Malaria Outbreak | Dengue Outbreak,Medium,148,Smile Foundation,"Primary healthcare, mobile health units, community outreach, mother-child welfare"
F22_REC00066,2016,Jan,"Madurai, Tamil Nadu",Malaria Outbreak | TB Burden | ASHA Worker Shortage,Low,122,WHO India,"Disease monitoring, TB/malaria control, epidemiology, health system strengthening"
F22_REC00067,2016,Sep,"Bengaluru, Karnataka",Malaria Outbreak | Dengue Outbreak | Low Institutional Deliveries,Low,163,HMIS,"Health data reporting, facility monitoring, program evaluation"
F22_REC00068,2015,Apr,"Chennai, Tamil Nadu",General Health Monitoring,Medium,61,UNICEF India,"Child immunization, ANC support, nutrition, disease surveillance"
F22_REC00069,2017,Jul,"Vadodara, Gujarat",Dengue Outbreak | TB Burden,High,93,HMIS,"Health data reporting, facility monitoring, program evaluation"
F22_REC00070,2016,Feb,"Bengaluru, Karnataka",Dengue Outbreak | ASHA Worker Shortage,Low,131,WHO India,"Disease monitoring, TB/malaria control, epidemiology, health system strengthening"
F22_REC00071,2016,Sep,"Madurai, Tamil Nadu",Malaria Outbreak,Low,100,HMIS,"Health data reporting, facility monitoring, program evaluation"
F22_REC00072,2015,May,"Surat, Gujarat",Dengue Outbreak | ASHA Worker Shortage,Medium,81,Smile Foundation,"Primary healthcare, mobile health units, community outreach, mother-child welfare"
F22_REC00073,2016,May,"Hubli, Karnataka",Malaria Outbreak | Dengue Outbreak | TB Burden | ASHA Worker Shortage,Low,138,NFHS,"Health data collection, fertility & mortality tracking, policy research"
F22_REC00074,2017,Feb,"Ahmedabad, Gujarat",Malaria Outbreak | Dengue Outbreak | Low ANC Coverage,Low,138,NFHS,"Health data collection, fertility & mortality tracking, policy research"
F22_REC00075,2015,Feb,"Pune, Maharashtra",Malaria Outbreak | Dengue Outbreak | TB Burden,Medium,236,Smile Foundation,"Primary healthcare, mobile health units, community outreach, mother-child welfare"
F22_REC00076,2016,Apr,"Hubli, Karnataka",Dengue Outbreak,High,116,Doctors For You,"Emergency medical relief, rural health camps, TB & dengue response"
F22_REC00077,2015,Apr,"Agra, Uttar Pradesh",Dengue Outbreak | TB Burden | Low Institutional Deliveries | ASHA Worker Shortage,High,144,NHM,"Primary healthcare delivery, ASHA worker deployment, institutional delivery"
F22_REC00078,2015,Feb,"Lucknow, Uttar Pradesh",Malaria Outbreak,High,128,WHO India,"Disease monitoring, TB/malaria control, epidemiology, health system strengthening"
F22_REC00079,2017,Mar,"Patna, Bihar",Malaria Outbreak,High,134,WHO India,"Disease monitoring, TB/malaria control, epidemiology, health system strengthening"
F22_REC00080,2017,Jan,"Madurai, Tamil Nadu",Malaria Outbreak | TB Burden,Low,169,Doctors For You,"Emergency medical relief, rural health camps, TB & dengue response"
F22_REC00081,2016,Mar,"Howrah, West Bengal",Dengue Outbreak | Low Institutional Deliveries,Low,124,CARE India,"Maternal & child health, nutrition, immunization, emergency response"
F22_REC00082,2015,Mar,"Nagpur, Maharashtra",Malaria Outbreak | Dengue Outbreak | TB Burden | Low Immunization,Medium,191,HMIS,"Health data reporting, facility monitoring, program evaluation"
F22_REC00083,2015,Jul,"Muzaffarpur, Bihar",Malaria Outbreak | Dengue Outbreak,Low,147,HMIS,"Health data reporting, facility monitoring, program evaluation"
F22_REC00084,2016,Sep,"Surat, Gujarat",Dengue Outbreak | TB Burden | Low Institutional Deliveries | ASHA Worker Shortage,Low,179,HMIS,"Health data reporting, facility monitoring, program evaluation"
F22_REC00085,2017,Mar,"Hubli, Karnataka",Malaria Outbreak | Dengue Outbreak,Medium,162,WHO India,"Disease monitoring, TB/malaria control, epidemiology, health system strengthening"
F22_REC00086,2017,Jan,"Coimbatore, Tamil Nadu",TB Burden,Low,93,Doctors For You,"Emergency medical relief, rural health camps, TB & dengue response"
F22_REC00087,2017,Apr,"Gaya, Bihar",Dengue Outbreak | Low ANC Coverage,Medium,92,UNICEF India,"Child immunization, ANC support, nutrition, disease surveillance"
F22_REC00088,2016,May,"Chennai, Tamil Nadu",Malaria Outbreak | TB Burden,Low,157,NHM,"Primary healthcare delivery, ASHA worker deployment, institutional delivery"
F22_REC00089,2015,Jul,"Siliguri, West Bengal",Malaria Outbreak | Dengue Outbreak | TB Burden,Medium,173,NFHS,"Health data collection, fertility & mortality tracking, policy research"
F22_REC00090,2016,Mar,"Mumbai, Maharashtra",Malaria Outbreak | Low Immunization,High,78,HMIS,"Health data reporting, facility monitoring, program evaluation"
F22_REC00091,2016,Jul,"Siliguri, West Bengal",TB Burden | Low Institutional Deliveries,High,68,CARE India,"Maternal & child health, nutrition, immunization, emergency response"
F22_REC00092,2017,Mar,"Mumbai, Maharashtra",Dengue Outbreak | TB Burden | Low Immunization | Low Institutional Deliveries,Medium,139,Smile Foundation,"Primary healthcare, mobile health units, community outreach, mother-child welfare"
F22_REC00093,2017,Jul,"Vadodara, Gujarat",Dengue Outbreak | Low ANC Coverage | Low Institutional Deliveries | ASHA Worker Shortage,High,109,Smile Foundation,"Primary healthcare, mobile health units, community outreach, mother-child welfare"
F22_REC00094,2017,Mar,"Madurai, Tamil Nadu",General Health Monitoring,Medium,56,HMIS,"Health data reporting, facility monitoring, program evaluation"
F22_REC00095,2017,Jul,"Nagpur, Maharashtra",TB Burden,Medium,129,NFHS,"Health data collection, fertility & mortality tracking, policy research"
F22_REC00096,2017,Apr,"Hubli, Karnataka",Low Institutional Deliveries,Low,54,WHO India,"Disease monitoring, TB/malaria control, epidemiology, health system strengthening"
F22_REC00097,2017,Sep,"Bengaluru, Karnataka",Malaria Outbreak | Dengue Outbreak | TB Burden | Low Immunization | ASHA Worker Shortage,High,232,CARE India,"Maternal & child health, nutrition, immunization, emergency response"
F22_REC00098,2015,Jul,"Mysuru, Karnataka",Malaria Outbreak | Dengue Outbreak | TB Burden,Low,201,NHM,"Primary healthcare delivery, ASHA worker deployment, institutional delivery"
F22_REC00099,2016,Jan,"Agra, Uttar Pradesh",Dengue Outbreak,Low,96,UNICEF India,"Child immunization, ANC support, nutrition, disease surveillance"
F22_REC00100,2017,May,"Chennai, Tamil Nadu",Malaria Outbreak | Dengue Outbreak | Low Institutional Deliveries | ASHA Worker Shortage,Low,169,Doctors For You,"Emergency medical relief, rural health camps, TB & dengue response"
F22_REC00101,2015,Feb,"Patna, Bihar",Dengue Outbreak,Low,95,Doctors For You,"Emergency medical relief, rural health camps, TB & dengue response"
F22_REC00102,2016,May,"Patna, Bihar",Malaria Outbreak | Dengue Outbreak,Low,153,Doctors For You,"Emergency medical relief, rural health camps, TB & dengue response"
F22_REC00103,2016,Aug,"Ahmedabad, Gujarat",Malaria Outbreak | Dengue Outbreak,High,165,NHM,"Primary healthcare delivery, ASHA worker deployment, institutional delivery"
F22_REC00104,2016,Jan,"Muzaffarpur, Bihar",Malaria Outbreak,Medium,118,UNICEF India,"Child immunization, ANC support, nutrition, disease surveillance"
F22_REC00105,2016,Aug,"Patna, Bihar",TB Burden,Low,132,WHO India,"Disease monitoring, TB/malaria control, epidemiology, health system strengthening"
F22_REC00106,2017,Feb,"Vadodara, Gujarat",Malaria Outbreak | Dengue Outbreak | Low ANC Coverage | Low Institutional Deliveries,Medium,171,UNICEF India,"Child immunization, ANC support, nutrition, disease surveillance"
F22_REC00107,2016,Aug,"Siliguri, West Bengal",General Health Monitoring,Medium,46,Doctors For You,"Emergency medical relief, rural health camps, TB & dengue response"
F22_REC00108,2016,Jun,"Patna, Bihar",Dengue Outbreak | Low ANC Coverage | ASHA Worker Shortage,Medium,123,NFHS,"Health data collection, fertility & mortality tracking, policy research"
F22_REC00109,2017,Mar,"Mumbai, Maharashtra",Malaria Outbreak | Dengue Outbreak | TB Burden,High,209,WHO India,"Disease monitoring, TB/malaria control, epidemiology, health system strengthening"
F22_REC00110,2015,Jul,"Ahmedabad, Gujarat",Malaria Outbreak | TB Burden,High,185,CARE India,"Maternal & child health, nutrition, immunization, emergency response"
F22_REC00111,2015,Apr,"Kolkata, West Bengal",Dengue Outbreak | Low ANC Coverage | ASHA Worker Shortage,Medium,67,CARE India,"Maternal & child health, nutrition, immunization, emergency response"
F22_REC00112,2017,Jun,"Patna, Bihar",Dengue Outbreak | TB Burden,High,149,HMIS,"Health data reporting, facility monitoring, program evaluation"
F22_REC00113,2017,Jul,"Gaya, Bihar",TB Burden | Low Institutional Deliveries,Low,122,WHO India,"Disease monitoring, TB/malaria control, epidemiology, health system strengthening"
F22_REC00114,2015,Jan,"Muzaffarpur, Bihar",Malaria Outbreak | Dengue Outbreak,High,195,HMIS,"Health data reporting, facility monitoring, program evaluation"
F22_REC00115,2017,Mar,"Bengaluru, Karnataka",Malaria Outbreak,High,86,NFHS,"Health data collection, fertility & mortality tracking, policy research"
F22_REC00116,2016,Sep,"Howrah, West Bengal",Low Institutional Deliveries,Medium,62,UNICEF India,"Child immunization, ANC support, nutrition, disease surveillance"
F22_REC00117,2016,Jul,"Siliguri, West Bengal",Malaria Outbreak | Dengue Outbreak,High,152,HMIS,"Health data reporting, facility monitoring, program evaluation"
F22_REC00118,2017,Jan,"Ahmedabad, Gujarat",Malaria Outbreak | Dengue Outbreak | TB Burden | ASHA Worker Shortage,High,216,Doctors For You,"Emergency medical relief, rural health camps, TB & dengue response"
F22_REC00119,2015,Jan,"Lucknow, Uttar Pradesh",Dengue Outbreak | TB Burden,Medium,154,Smile Foundation,"Primary healthcare, mobile health units, community outreach, mother-child welfare"
F22_REC00120,2015,Jun,"Bengaluru, Karnataka",Dengue Outbreak | TB Burden,High,146,UNICEF India,"Child immunization, ANC support, nutrition, disease surveillance"
F22_REC00121,2017,Mar,"Agra, Uttar Pradesh",Malaria Outbreak | Dengue Outbreak | TB Burden | Low ANC Coverage | ASHA Worker Shortage,Low,210,Smile Foundation,"Primary healthcare, mobile health units, community outreach, mother-child welfare"
F22_REC00122,2016,Feb,"Bengaluru, Karnataka",TB Burden | Low Institutional Deliveries,Low,122,NHM,"Primary healthcare delivery, ASHA worker deployment, institutional delivery"
F22_REC00123,2017,Jan,"Hubli, Karnataka",Dengue Outbreak | TB Burden,Medium,143,Doctors For You,"Emergency medical relief, rural health camps, TB & dengue response"
F22_REC00124,2016,Aug,"Hubli, Karnataka",Malaria Outbreak,High,69,Smile Foundation,"Primary healthcare, mobile health units, community outreach, mother-child welfare"
F22_REC00125,2015,Apr,"Kolkata, West Bengal",Malaria Outbreak | Dengue Outbreak | Low Immunization,High,118,Smile Foundation,"Primary healthcare, mobile health units, community outreach, mother-child welfare"
F22_REC00126,2017,Mar,"Madurai, Tamil Nadu",TB Burden,Medium,96,CARE India,"Maternal & child health, nutrition, immunization, emergency response"
F22_REC00127,2016,Apr,"Pune, Maharashtra",Malaria Outbreak | Dengue Outbreak | TB Burden,Medium,218,Doctors For You,"Emergency medical relief, rural health camps, TB & dengue response"
F22_REC00128,2017,Jul,"Coimbatore, Tamil Nadu",Dengue Outbreak | TB Burden | Low Institutional Deliveries,Low,151,Doctors For You,"Emergency medical relief, rural health camps, TB & dengue response"
F22_REC00129,2015,Feb,"Bengaluru, Karnataka",Malaria Outbreak | TB Burden,Low,154,Doctors For You,"Emergency medical relief, rural health camps, TB & dengue response"
F22_REC00130,2015,Jan,"Madurai, Tamil Nadu",Malaria Outbreak | TB Burden | ASHA Worker Shortage,Medium,154,WHO India,"Disease monitoring, TB/malaria control, epidemiology, health system strengthening"
F22_REC00131,2017,Feb,"Madurai, Tamil Nadu",Malaria Outbreak,High,132,NFHS,"Health data collection, fertility & mortality tracking, policy research"
F22_REC00132,2017,Apr,"Madurai, Tamil Nadu",Malaria Outbreak,High,104,NHM,"Primary healthcare delivery, ASHA worker deployment, institutional delivery"
F22_REC00133,2015,Aug,"Ahmedabad, Gujarat",Malaria Outbreak | TB Burden | ASHA Worker Shortage,Medium,162,Doctors For You,"Emergency medical relief, rural health camps, TB & dengue response"
F22_REC00134,2016,May,"Pune, Maharashtra",Malaria Outbreak | Dengue Outbreak | ASHA Worker Shortage,Medium,173,UNICEF India,"Child immunization, ANC support, nutrition, disease surveillance"
F22_REC00135,2015,Jan,"Nagpur, Maharashtra",TB Burden,Medium,102,WHO India,"Disease monitoring, TB/malaria control, epidemiology, health system strengthening"
F22_REC00136,2016,Sep,"Lucknow, Uttar Pradesh",Malaria Outbreak | Dengue Outbreak | TB Burden | Low Immunization,Low,176,WHO India,"Disease monitoring, TB/malaria control, epidemiology, health system strengthening"
F22_REC00137,2015,Aug,"Siliguri, West Bengal",TB Burden,Low,100,Doctors For You,"Emergency medical relief, rural health camps, TB & dengue response"
F22_REC00138,2017,Feb,"Chennai, Tamil Nadu",Malaria Outbreak | Dengue Outbreak | Low ANC Coverage,Low,192,UNICEF India,"Child immunization, ANC support, nutrition, disease surveillance"
F22_REC00139,2016,Jul,"Gaya, Bihar",Malaria Outbreak | Dengue Outbreak | ASHA Worker Shortage,Low,154,Doctors For You,"Emergency medical relief, rural health camps, TB & dengue response"
F22_REC00140,2017,Aug,"Chennai, Tamil Nadu",Malaria Outbreak,High,122,NFHS,"Health data collection, fertility & mortality tracking, policy research"
F22_REC00141,2016,Aug,"Chennai, Tamil Nadu",Malaria Outbreak | Dengue Outbreak | TB Burden,Medium,167,HMIS,"Health data reporting, facility monitoring, program evaluation"
F22_REC00142,2015,Jan,"Patna, Bihar",Malaria Outbreak,Medium,124,UNICEF India,"Child immunization, ANC support, nutrition, disease surveillance"
F22_REC00143,2017,Aug,"Madurai, Tamil Nadu",TB Burden,High,112,Smile Foundation,"Primary healthcare, mobile health units, community outreach, mother-child welfare"
F22_REC00144,2017,Feb,"Vadodara, Gujarat",Malaria Outbreak | Dengue Outbreak,Medium,181,Smile Foundation,"Primary healthcare, mobile health units, community outreach, mother-child welfare"
F22_REC00145,2015,Apr,"Coimbatore, Tamil Nadu",General Health Monitoring,High,80,UNICEF India,"Child immunization, ANC support, nutrition, disease surveillance"
F22_REC00146,2016,Mar,"Surat, Gujarat",General Health Monitoring,High,76,NHM,"Primary healthcare delivery, ASHA worker deployment, institutional delivery"
F22_REC00147,2016,Apr,"Surat, Gujarat",Malaria Outbreak | TB Burden,High,204,NFHS,"Health data collection, fertility & mortality tracking, policy research"
F22_REC00148,2016,Mar,"Gaya, Bihar",Malaria Outbreak,Medium,77,WHO India,"Disease monitoring, TB/malaria control, epidemiology, health system strengthening"
F22_REC00149,2015,Mar,"Madurai, Tamil Nadu",Malaria Outbreak | TB Burden,Medium,114,NHM,"Primary healthcare delivery, ASHA worker deployment, institutional delivery"
F22_REC00150,2017,Jan,"Bengaluru, Karnataka",Malaria Outbreak | Low Institutional Deliveries,Medium,84,UNICEF India,"Child immunization, ANC support, nutrition, disease surveillance"
F22_REC00151,2016,Feb,"Howrah, West Bengal",Malaria Outbreak | TB Burden,Low,148,Doctors For You,"Emergency medical relief, rural health camps, TB & dengue response"
F22_REC00152,2015,Feb,"Madurai, Tamil Nadu",Dengue Outbreak | TB Burden,High,143,CARE India,"Maternal & child health, nutrition, immunization, emergency response"
F22_REC00153,2015,Feb,"Siliguri, West Bengal",Malaria Outbreak,High,128,NHM,"Primary healthcare delivery, ASHA worker deployment, institutional delivery"
F22_REC00154,2016,Aug,"Coimbatore, Tamil Nadu",Dengue Outbreak,Medium,94,Doctors For You,"Emergency medical relief, rural health camps, TB & dengue response"
F22_REC00155,2015,Jan,"Agra, Uttar Pradesh",Malaria Outbreak | TB Burden,Medium,182,Smile Foundation,"Primary healthcare, mobile health units, community outreach, mother-child welfare"
F22_REC00156,2017,Sep,"Muzaffarpur, Bihar",Malaria Outbreak | TB Burden,Low,119,WHO India,"Disease monitoring, TB/malaria control, epidemiology, health system strengthening"
F22_REC00157,2016,Jan,"Varanasi, Uttar Pradesh",TB Burden,Medium,125,NHM,"Primary healthcare delivery, ASHA worker deployment, institutional delivery"
F22_REC00158,2016,Jul,"Chennai, Tamil Nadu",TB Burden,Medium,103,NFHS,"Health data collection, fertility & mortality tracking, policy research"
F22_REC00159,2015,May,"Surat, Gujarat",Malaria Outbreak | Dengue Outbreak | TB Burden,Medium,192,WHO India,"Disease monitoring, TB/malaria control, epidemiology, health system strengthening"
F22_REC00160,2016,Sep,"Surat, Gujarat",TB Burden,High,92,Smile Foundation,"Primary healthcare, mobile health units, community outreach, mother-child welfare"
F22_REC00161,2016,Feb,"Varanasi, Uttar Pradesh",General Health Monitoring,High,67,Smile Foundation,"Primary healthcare, mobile health units, community outreach, mother-child welfare"
F22_REC00162,2015,Jun,"Mumbai, Maharashtra",TB Burden | Low Institutional Deliveries,Low,117,HMIS,"Health data reporting, facility monitoring, program evaluation"
F22_REC00163,2016,Jun,"Coimbatore, Tamil Nadu",Malaria Outbreak | Low Institutional Deliveries,Medium,96,HMIS,"Health data reporting, facility monitoring, program evaluation"
F22_REC00164,2017,Mar,"Siliguri, West Bengal",Malaria Outbreak | TB Burden,Medium,157,WHO India,"Disease monitoring, TB/malaria control, epidemiology, health system strengthening"
F22_REC00165,2017,Apr,"Chennai, Tamil Nadu",Malaria Outbreak,Medium,71,Doctors For You,"Emergency medical relief, rural health camps, TB & dengue response"
F22_REC00166,2016,Jan,"Bengaluru, Karnataka",Malaria Outbreak | Dengue Outbreak | TB Burden,Low,162,CARE India,"Maternal & child health, nutrition, immunization, emergency response"
F22_REC00167,2016,Jul,"Coimbatore, Tamil Nadu",Malaria Outbreak | Dengue Outbreak,Medium,175,WHO India,"Disease monitoring, TB/malaria control, epidemiology, health system strengthening"
F22_REC00168,2017,Mar,"Howrah, West Bengal",TB Burden | Low ANC Coverage | Low Institutional Deliveries,High,131,WHO India,"Disease monitoring, TB/malaria control, epidemiology, health system strengthening"
F22_REC00169,2017,Mar,"Kolkata, West Bengal",Malaria Outbreak | TB Burden,Medium,169,Smile Foundation,"Primary healthcare, mobile health units, community outreach, mother-child welfare"
F22_REC00170,2016,Apr,"Agra, Uttar Pradesh",TB Burden | Low ANC Coverage,High,94,NFHS,"Health data collection, fertility & mortality tracking, policy research"
F22_REC00171,2015,Apr,"Muzaffarpur, Bihar",TB Burden | Low ANC Coverage,Low,62,NFHS,"Health data collection, fertility & mortality tracking, policy research"
F22_REC00172,2015,Feb,"Agra, Uttar Pradesh",Malaria Outbreak | Dengue Outbreak | TB Burden,Low,228,WHO India,"Disease monitoring, TB/malaria control, epidemiology, health system strengthening"
F22_REC00173,2017,Feb,"Kolkata, West Bengal",Dengue Outbreak | TB Burden | Low ANC Coverage,Low,139,WHO India,"Disease monitoring, TB/malaria control, epidemiology, health system strengthening"
F22_REC00174,2016,Apr,"Agra, Uttar Pradesh",Low ANC Coverage,Low,32,CARE India,"Maternal & child health, nutrition, immunization, emergency response"
F22_REC00175,2015,Jun,"Hubli, Karnataka",Malaria Outbreak | Dengue Outbreak | Low ANC Coverage,Low,123,UNICEF India,"Child immunization, ANC support, nutrition, disease surveillance"
F22_REC00176,2017,Apr,"Chennai, Tamil Nadu",Dengue Outbreak,Medium,113,NHM,"Primary healthcare delivery, ASHA worker deployment, institutional delivery"
F22_REC00177,2017,Aug,"Madurai, Tamil Nadu",Malaria Outbreak | Low Institutional Deliveries | ASHA Worker Shortage,Low,66,Doctors For You,"Emergency medical relief, rural health camps, TB & dengue response"
F22_REC00178,2017,Aug,"Mysuru, Karnataka",ASHA Worker Shortage,High,76,Smile Foundation,"Primary healthcare, mobile health units, community outreach, mother-child welfare"
F22_REC00179,2015,Apr,"Hubli, Karnataka",Malaria Outbreak,Low,97,HMIS,"Health data reporting, facility monitoring, program evaluation"
F22_REC00180,2017,May,"Howrah, West Bengal",General Health Monitoring,High,47,UNICEF India,"Child immunization, ANC support, nutrition, disease surveillance"
F22_REC00181,2015,Sep,"Surat, Gujarat",Malaria Outbreak | Dengue Outbreak,Medium,162,Doctors For You,"Emergency medical relief, rural health camps, TB & dengue response"
F22_REC00182,2016,Jul,"Surat, Gujarat",TB Burden,Low,104,UNICEF India,"Child immunization, ANC support, nutrition, disease surveillance"
F22_REC00183,2017,Jul,"Nagpur, Maharashtra",Malaria Outbreak | Dengue Outbreak | TB Burden | Low Institutional Deliveries,Medium,251,NFHS,"Health data collection, fertility & mortality tracking, policy research"
F22_REC00184,2016,Jul,"Siliguri, West Bengal",General Health Monitoring,Medium,57,WHO India,"Disease monitoring, TB/malaria control, epidemiology, health system strengthening"
F22_REC00185,2017,Sep,"Mysuru, Karnataka",Malaria Outbreak | ASHA Worker Shortage,Medium,106,Doctors For You,"Emergency medical relief, rural health camps, TB & dengue response"
F22_REC00186,2016,Sep,"Madurai, Tamil Nadu",Dengue Outbreak,High,113,WHO India,"Disease monitoring, TB/malaria control, epidemiology, health system strengthening"
F22_REC00187,2016,May,"Bengaluru, Karnataka",Malaria Outbreak | Dengue Outbreak | TB Burden,Medium,185,HMIS,"Health data reporting, facility monitoring, program evaluation"
F22_REC00188,2015,Jan,"Siliguri, West Bengal",Dengue Outbreak | TB Burden,Medium,128,Smile Foundation,"Primary healthcare, mobile health units, community outreach, mother-child welfare"
F22_REC00189,2015,Apr,"Gaya, Bihar",General Health Monitoring,High,62,UNICEF India,"Child immunization, ANC support, nutrition, disease surveillance"
F22_REC00190,2015,Mar,"Mysuru, Karnataka",Dengue Outbreak | TB Burden,High,159,Smile Foundation,"Primary healthcare, mobile health units, community outreach, mother-child welfare"
F22_REC00191,2015,Jan,"Agra, Uttar Pradesh",Dengue Outbreak,Low,101,HMIS,"Health data reporting, facility monitoring, program evaluation"
F22_REC00192,2016,Mar,"Bengaluru, Karnataka",Malaria Outbreak,Low,126,Smile Foundation,"Primary healthcare, mobile health units, community outreach, mother-child welfare"
F22_REC00193,2015,Jan,"Kolkata, West Bengal",Malaria Outbreak | TB Burden | Low Institutional Deliveries | ASHA Worker Shortage,High,154,WHO India,"Disease monitoring, TB/malaria control, epidemiology, health system strengthening"
F22_REC00194,2016,Apr,"Siliguri, West Bengal",Malaria Outbreak | TB Burden | ASHA Worker Shortage,Low,178,Doctors For You,"Emergency medical relief, rural health camps, TB & dengue response"
F22_REC00195,2017,Sep,"Muzaffarpur, Bihar",Malaria Outbreak | Dengue Outbreak | TB Burden,Low,218,NFHS,"Health data collection, fertility & mortality tracking, policy research"
F22_REC00196,2016,Mar,"Nagpur, Maharashtra",Dengue Outbreak | ASHA Worker Shortage,Medium,115,Doctors For You,"Emergency medical relief, rural health camps, TB & dengue response"
F22_REC00197,2015,Feb,"Coimbatore, Tamil Nadu",General Health Monitoring,High,49,Smile Foundation,"Primary healthcare, mobile health units, community outreach, mother-child welfare"
F22_REC00198,2015,Aug,"Pune, Maharashtra",TB Burden | Low Immunization | Low Institutional Deliveries,Low,77,NHM,"Primary healthcare delivery, ASHA worker deployment, institutional delivery"
F22_REC00199,2015,Sep,"Pune, Maharashtra",Malaria Outbreak | Dengue Outbreak | TB Burden | Low ANC Coverage | ASHA Worker Shortage,High,168,UNICEF India,"Child immunization, ANC support, nutrition, disease surveillance"
F23_REC00000,2020,Jan,"Pune, Maharashtra",Malaria Outbreak | Dengue Outbreak | Low ANC Coverage | ASHA Worker Shortage,High,128,HMIS,"Health data reporting, facility monitoring, program evaluation"
F23_REC00001,2020,Jul,"Varanasi, Uttar Pradesh",TB Burden | ASHA Worker Shortage,Low,94,UNICEF India,"Child immunization, ANC support, nutrition, disease surveillance"
F23_REC00002,2019,Feb,"Lucknow, Uttar Pradesh",Malaria Outbreak | TB Burden | Low Immunization,High,116,Smile Foundation,"Primary healthcare, mobile health units, community outreach, mother-child welfare"
F23_REC00003,2019,Jan,"Patna, Bihar",TB Burden,Low,140,NFHS,"Health data collection, fertility & mortality tracking, policy research"
F23_REC00004,2019,Jul,"Kolkata, West Bengal",Malaria Outbreak | TB Burden,Medium,116,CARE India,"Maternal & child health, nutrition, immunization, emergency response"
F23_REC00005,2019,Jul,"Vadodara, Gujarat",Malaria Outbreak,Medium,141,Doctors For You,"Emergency medical relief, rural health camps, TB & dengue response"
F23_REC00006,2020,Apr,"Chennai, Tamil Nadu",General Health Monitoring,Medium,49,UNICEF India,"Child immunization, ANC support, nutrition, disease surveillance"
F23_REC00007,2019,Feb,"Patna, Bihar",Malaria Outbreak | TB Burden | Low Immunization | ASHA Worker Shortage,Medium,163,Doctors For You,"Emergency medical relief, rural health camps, TB & dengue response"
F23_REC00008,2020,Apr,"Gaya, Bihar",TB Burden,High,100,UNICEF India,"Child immunization, ANC support, nutrition, disease surveillance"
F23_REC00009,2019,Feb,"Lucknow, Uttar Pradesh",Malaria Outbreak | Low Institutional Deliveries,High,121,HMIS,"Health data reporting, facility monitoring, program evaluation"
F23_REC00010,2020,Mar,"Patna, Bihar",General Health Monitoring,High,64,NFHS,"Health data collection, fertility & mortality tracking, policy research"
F23_REC00011,2020,Mar,"Varanasi, Uttar Pradesh",Malaria Outbreak | Dengue Outbreak | TB Burden,High,170,NHM,"Primary healthcare delivery, ASHA worker deployment, institutional delivery"
F23_REC00012,2019,Jul,"Pune, Maharashtra",Low Institutional Deliveries | ASHA Worker Shortage,Medium,61,NFHS,"Health data collection, fertility & mortality tracking, policy research"
F23_REC00013,2019,Aug,"Mysuru, Karnataka",Malaria Outbreak,Low,120,UNICEF India,"Child immunization, ANC support, nutrition, disease surveillance"
F23_REC00014,2019,Jul,"Bengaluru, Karnataka",Malaria Outbreak | TB Burden,High,172,Doctors For You,"Emergency medical relief, rural health camps, TB & dengue response"
F23_REC00015,2020,Jul,"Chennai, Tamil Nadu",Malaria Outbreak | TB Burden | Low Immunization,Medium,214,NHM,"Primary healthcare delivery, ASHA worker deployment, institutional delivery"
F23_REC00016,2020,Jul,"Patna, Bihar",Malaria Outbreak | Low ANC Coverage | ASHA Worker Shortage,Medium,132,WHO India,"Disease monitoring, TB/malaria control, epidemiology, health system strengthening"
F23_REC00017,2019,May,"Patna, Bihar",TB Burden,Medium,109,NFHS,"Health data collection, fertility & mortality tracking, policy research"
F23_REC00018,2019,Jan,"Chennai, Tamil Nadu",Malaria Outbreak | TB Burden,High,136,WHO India,"Disease monitoring, TB/malaria control, epidemiology, health system strengthening"
F23_REC00019,2019,Mar,"Mysuru, Karnataka",Dengue Outbreak,Low,118,NFHS,"Health data collection, fertility & mortality tracking, policy research"
F23_REC00020,2019,Aug,"Bengaluru, Karnataka",General Health Monitoring,Medium,107,UNICEF India,"Child immunization, ANC support, nutrition, disease surveillance"
F23_REC00021,2019,Feb,"Vadodara, Gujarat",Malaria Outbreak | TB Burden | Low ANC Coverage | Low Institutional Deliveries | ASHA Worker Shortage,Low,155,UNICEF India,"Child immunization, ANC support, nutrition, disease surveillance"
F23_REC00022,2020,Feb,"Vadodara, Gujarat",Malaria Outbreak | Dengue Outbreak,High,168,NFHS,"Health data collection, fertility & mortality tracking, policy research"
F23_REC00023,2020,Aug,"Muzaffarpur, Bihar",Malaria Outbreak | Dengue Outbreak | TB Burden | Low Institutional Deliveries | ASHA Worker Shortage,High,195,Smile Foundation,"Primary healthcare, mobile health units, community outreach, mother-child welfare"
F23_REC00024,2020,Jul,"Lucknow, Uttar Pradesh",Malaria Outbreak | TB Burden,High,143,Smile Foundation,"Primary healthcare, mobile health units, community outreach, mother-child welfare"
F23_REC00025,2020,Sep,"Siliguri, West Bengal",Malaria Outbreak | Low ANC Coverage,High,122,HMIS,"Health data reporting, facility monitoring, program evaluation"
F23_REC00026,2019,Apr,"Howrah, West Bengal",Malaria Outbreak | Dengue Outbreak | TB Burden | Low Institutional Deliveries,High,176,NHM,"Primary healthcare delivery, ASHA worker deployment, institutional delivery"
F23_REC00027,2019,Jun,"Nagpur, Maharashtra",Malaria Outbreak | Dengue Outbreak | ASHA Worker Shortage,High,179,Doctors For You,"Emergency medical relief, rural health camps, TB & dengue response"
F23_REC00028,2019,Apr,"Muzaffarpur, Bihar",Malaria Outbreak | ASHA Worker Shortage,Low,83,HMIS,"Health data reporting, facility monitoring, program evaluation"
F23_REC00029,2020,Jan,"Coimbatore, Tamil Nadu",TB Burden,High,136,NFHS,"Health data collection, fertility & mortality tracking, policy research"
F23_REC00030,2020,Apr,"Chennai, Tamil Nadu",Malaria Outbreak | Dengue Outbreak | TB Burden,Low,165,Doctors For You,"Emergency medical relief, rural health camps, TB & dengue response"
F23_REC00031,2020,Feb,"Nagpur, Maharashtra",Dengue Outbreak | TB Burden | Low ANC Coverage,Medium,156,Doctors For You,"Emergency medical relief, rural health camps, TB & dengue response"
F23_REC00032,2020,Feb,"Madurai, Tamil Nadu",Malaria Outbreak | Dengue Outbreak | Low ANC Coverage,High,130,UNICEF India,"Child immunization, ANC support, nutrition, disease surveillance"
F23_REC00033,2019,Jun,"Madurai, Tamil Nadu",Dengue Outbreak,Medium,107,NHM,"Primary healthcare delivery, ASHA worker deployment, institutional delivery"
F23_REC00034,2019,Jul,"Kolkata, West Bengal",General Health Monitoring,Medium,63,HMIS,"Health data reporting, facility monitoring, program evaluation"
F23_REC00035,2020,Sep,"Surat, Gujarat",Malaria Outbreak,Low,99,Smile Foundation,"Primary healthcare, mobile health units, community outreach, mother-child welfare"
F23_REC00036,2019,Jul,"Ahmedabad, Gujarat",Malaria Outbreak | Dengue Outbreak,Low,211,CARE India,"Maternal & child health, nutrition, immunization, emergency response"
F23_REC00037,2019,Jul,"Nagpur, Maharashtra",Malaria Outbreak | Low ANC Coverage | Low Institutional Deliveries,Low,104,HMIS,"Health data reporting, facility monitoring, program evaluation"
F23_REC00038,2019,Aug,"Vadodara, Gujarat",Malaria Outbreak | Dengue Outbreak | TB Burden,High,216,NHM,"Primary healthcare delivery, ASHA worker deployment, institutional delivery"
F23_REC00039,2020,Apr,"Pune, Maharashtra",Malaria Outbreak,High,107,NFHS,"Health data collection, fertility & mortality tracking, policy research"
F23_REC00040,2019,May,"Kolkata, West Bengal",Malaria Outbreak | Dengue Outbreak,High,149,HMIS,"Health data reporting, facility monitoring, program evaluation"
F23_REC00041,2019,Mar,"Agra, Uttar Pradesh",ASHA Worker Shortage,Medium,61,CARE India,"Maternal & child health, nutrition, immunization, emergency response"
F23_REC00042,2020,Feb,"Bengaluru, Karnataka",Malaria Outbreak | Dengue Outbreak,Low,106,NHM,"Primary healthcare delivery, ASHA worker deployment, institutional delivery"
F23_REC00043,2020,Aug,"Patna, Bihar",Malaria Outbreak | TB Burden | ASHA Worker Shortage,High,99,HMIS,"Health data reporting, facility monitoring, program evaluation"
F23_REC00044,2019,May,"Vadodara, Gujarat",Malaria Outbreak | Low ANC Coverage,Medium,107,NHM,"Primary healthcare delivery, ASHA worker deployment, institutional delivery"
F23_REC00045,2020,Aug,"Kolkata, West Bengal",Dengue Outbreak | TB Burden,High,174,UNICEF India,"Child immunization, ANC support, nutrition, disease surveillance"
F23_REC00046,2019,Aug,"Vadodara, Gujarat",Malaria Outbreak | Dengue Outbreak | TB Burden | Low ANC Coverage | ASHA Worker Shortage,High,196,NFHS,"Health data collection, fertility & mortality tracking, policy research"
F23_REC00047,2020,Jul,"Mumbai, Maharashtra",Malaria Outbreak | Dengue Outbreak | Low Institutional Deliveries,Medium,192,UNICEF India,"Child immunization, ANC support, nutrition, disease surveillance"
F23_REC00048,2020,Jun,"Madurai, Tamil Nadu",Malaria Outbreak | Dengue Outbreak | Low Immunization,Medium,134,HMIS,"Health data reporting, facility monitoring, program evaluation"
F23_REC00049,2020,Jan,"Ahmedabad, Gujarat",Dengue Outbreak,Low,87,HMIS,"Health data reporting, facility monitoring, program evaluation"
F23_REC00050,2019,Jan,"Pune, Maharashtra",Malaria Outbreak | Dengue Outbreak,High,135,Doctors For You,"Emergency medical relief, rural health camps, TB & dengue response"
F23_REC00051,2020,Jun,"Mysuru, Karnataka",Malaria Outbreak | TB Burden,High,156,CARE India,"Maternal & child health, nutrition, immunization, emergency response"
F23_REC00052,2020,Apr,"Hubli, Karnataka",Malaria Outbreak | TB Burden,High,129,NHM,"Primary healthcare delivery, ASHA worker deployment, institutional delivery"
F23_REC00053,2019,May,"Surat, Gujarat",Dengue Outbreak | TB Burden | Low Institutional Deliveries,Medium,167,Doctors For You,"Emergency medical relief, rural health camps, TB & dengue response"
F23_REC00054,2019,Apr,"Varanasi, Uttar Pradesh",Dengue Outbreak | TB Burden | ASHA Worker Shortage,High,161,WHO India,"Disease monitoring, TB/malaria control, epidemiology, health system strengthening"
F23_REC00055,2020,Feb,"Surat, Gujarat",General Health Monitoring,Low,89,Doctors For You,"Emergency medical relief, rural health camps, TB & dengue response"
F23_REC00056,2020,Jan,"Kolkata, West Bengal",Malaria Outbreak | Dengue Outbreak | TB Burden | ASHA Worker Shortage,High,189,Doctors For You,"Emergency medical relief, rural health camps, TB & dengue response"
F23_REC00057,2019,Jan,"Lucknow, Uttar Pradesh",Malaria Outbreak | Dengue Outbreak | TB Burden | ASHA Worker Shortage,Low,222,Doctors For You,"Emergency medical relief, rural health camps, TB & dengue response"
F23_REC00058,2019,Aug,"Patna, Bihar",ASHA Worker Shortage,High,39,Doctors For You,"Emergency medical relief, rural health camps, TB & dengue response"
F23_REC00059,2019,Feb,"Hubli, Karnataka",Malaria Outbreak | Dengue Outbreak,High,124,WHO India,"Disease monitoring, TB/malaria control, epidemiology, health system strengthening"
F23_REC00060,2019,Apr,"Nagpur, Maharashtra",Malaria Outbreak | Dengue Outbreak,Low,148,WHO India,"Disease monitoring, TB/malaria control, epidemiology, health system strengthening"
F23_REC00061,2019,Jun,"Pune, Maharashtra",Malaria Outbreak | TB Burden | Low Immunization,High,129,NHM,"Primary healthcare delivery, ASHA worker deployment, institutional delivery"
F23_REC00062,2020,Jul,"Hubli, Karnataka",Malaria Outbreak | Dengue Outbreak | ASHA Worker Shortage,High,152,NHM,"Primary healthcare delivery, ASHA worker deployment, institutional delivery"
F23_REC00063,2020,Jan,"Muzaffarpur, Bihar",Dengue Outbreak | Low ANC Coverage,High,139,HMIS,"Health data reporting, facility monitoring, program evaluation"
F23_REC00064,2020,Apr,"Vadodara, Gujarat",Malaria Outbreak | TB Burden,High,134,CARE India,"Maternal & child health, nutrition, immunization, emergency response"
F23_REC00065,2019,May,"Surat, Gujarat",Malaria Outbreak | Dengue Outbreak | TB Burden | Low Immunization,Medium,219,UNICEF India,"Child immunization, ANC support, nutrition, disease surveillance"
F23_REC00066,2020,Mar,"Siliguri, West Bengal",Malaria Outbreak | Dengue Outbreak,High,185,Smile Foundation,"Primary healthcare, mobile health units, community outreach, mother-child welfare"
F23_REC00067,2019,Aug,"Madurai, Tamil Nadu",Malaria Outbreak | TB Burden,Medium,99,WHO India,"Disease monitoring, TB/malaria control, epidemiology, health system strengthening"
F23_REC00068,2020,Apr,"Muzaffarpur, Bihar",Malaria Outbreak | Dengue Outbreak | TB Burden | Low Immunization,Low,168,NHM,"Primary healthcare delivery, ASHA worker deployment, institutional delivery"
F23_REC00069,2019,Jun,"Hubli, Karnataka",Malaria Outbreak | Dengue Outbreak | TB Burden | Low Institutional Deliveries,Medium,154,UNICEF India,"Child immunization, ANC support, nutrition, disease surveillance"
F23_REC00070,2020,Sep,"Mumbai, Maharashtra",Malaria Outbreak | TB Burden,High,115,HMIS,"Health data reporting, facility monitoring, program evaluation"
F23_REC00071,2020,Sep,"Gaya, Bihar",Dengue Outbreak | Low ANC Coverage,Medium,102,UNICEF India,"Child immunization, ANC support, nutrition, disease surveillance"
F23_REC00072,2019,Apr,"Mysuru, Karnataka",Malaria Outbreak | Low Institutional Deliveries,High,134,Smile Foundation,"Primary healthcare, mobile health units, community outreach, mother-child welfare"
F23_REC00073,2020,Sep,"Hubli, Karnataka",Malaria Outbreak | TB Burden | ASHA Worker Shortage,Medium,166,CARE India,"Maternal & child health, nutrition, immunization, emergency response"
F23_REC00074,2020,Feb,"Bengaluru, Karnataka",Low Institutional Deliveries | ASHA Worker Shortage,High,28,NFHS,"Health data collection, fertility & mortality tracking, policy research"
F23_REC00075,2019,Aug,"Surat, Gujarat",Dengue Outbreak | TB Burden | ASHA Worker Shortage,Medium,120,Doctors For You,"Emergency medical relief, rural health camps, TB & dengue response"
F23_REC00076,2020,Jul,"Bengaluru, Karnataka",Malaria Outbreak,Medium,69,NFHS,"Health data collection, fertility & mortality tracking, policy research"
F23_REC00077,2019,Apr,"Pune, Maharashtra",Low Immunization,Medium,60,NFHS,"Health data collection, fertility & mortality tracking, policy research"
F23_REC00078,2020,Feb,"Kolkata, West Bengal",TB Burden,High,97,HMIS,"Health data reporting, facility monitoring, program evaluation"
F23_REC00079,2020,Apr,"Vadodara, Gujarat",Malaria Outbreak | Dengue Outbreak | TB Burden,Low,199,Smile Foundation,"Primary healthcare, mobile health units, community outreach, mother-child welfare"
F23_REC00080,2019,May,"Howrah, West Bengal",Malaria Outbreak | Dengue Outbreak | Low Immunization,Low,160,HMIS,"Health data reporting, facility monitoring, program evaluation"
F23_REC00081,2019,Aug,"Pune, Maharashtra",Malaria Outbreak | Dengue Outbreak | ASHA Worker Shortage,Medium,182,NHM,"Primary healthcare delivery, ASHA worker deployment, institutional delivery"
F23_REC00082,2020,Jul,"Ahmedabad, Gujarat",Dengue Outbreak,High,119,CARE India,"Maternal & child health, nutrition, immunization, emergency response"
F23_REC00083,2020,Jun,"Muzaffarpur, Bihar",Malaria Outbreak | TB Burden | Low Immunization | Low ANC Coverage,Medium,165,WHO India,"Disease monitoring, TB/malaria control, epidemiology, health system strengthening"
F23_REC00084,2020,Jun,"Nagpur, Maharashtra",Dengue Outbreak | TB Burden | Low Institutional Deliveries | ASHA Worker Shortage,High,107,WHO India,"Disease monitoring, TB/malaria control, epidemiology, health system strengthening"
F23_REC00085,2019,Apr,"Ahmedabad, Gujarat",Malaria Outbreak | Dengue Outbreak | TB Burden | Low ANC Coverage | ASHA Worker Shortage,Low,195,HMIS,"Health data reporting, facility monitoring, program evaluation"
F23_REC00086,2020,Apr,"Mysuru, Karnataka",Malaria Outbreak,High,152,NFHS,"Health data collection, fertility & mortality tracking, policy research"
F23_REC00087,2019,Jul,"Madurai, Tamil Nadu",Malaria Outbreak | TB Burden,Low,139,UNICEF India,"Child immunization, ANC support, nutrition, disease surveillance"
F23_REC00088,2020,Aug,"Mumbai, Maharashtra",TB Burden,High,97,Doctors For You,"Emergency medical relief, rural health camps, TB & dengue response"
F23_REC00089,2020,Jun,"Chennai, Tamil Nadu",Malaria Outbreak | Dengue Outbreak | TB Burden,Low,148,WHO India,"Disease monitoring, TB/malaria control, epidemiology, health system strengthening"
F23_REC00090,2020,Apr,"Hubli, Karnataka",Dengue Outbreak,Low,104,Smile Foundation,"Primary healthcare, mobile health units, community outreach, mother-child welfare"
F23_REC00091,2019,Sep,"Madurai, Tamil Nadu",Malaria Outbreak | Dengue Outbreak | TB Burden | ASHA Worker Shortage,Low,188,CARE India,"Maternal & child health, nutrition, immunization, emergency response"
F23_REC00092,2019,Apr,"Ahmedabad, Gujarat",Malaria Outbreak,Medium,126,UNICEF India,"Child immunization, ANC support, nutrition, disease surveillance"
F23_REC00093,2020,Feb,"Howrah, West Bengal",Dengue Outbreak | TB Burden | Low Immunization | Low ANC Coverage | ASHA Worker Shortage,Low,162,WHO India,"Disease monitoring, TB/malaria control, epidemiology, health system strengthening"
F23_REC00094,2020,May,"Hubli, Karnataka",TB Burden,Low,74,CARE India,"Maternal & child health, nutrition, immunization, emergency response"
F23_REC00095,2019,Jan,"Lucknow, Uttar Pradesh",Malaria Outbreak | Dengue Outbreak | TB Burden,High,173,CARE India,"Maternal & child health, nutrition, immunization, emergency response"
F23_REC00096,2020,Mar,"Siliguri, West Bengal",Malaria Outbreak,Low,128,Doctors For You,"Emergency medical relief, rural health camps, TB & dengue response"
F23_REC00097,2019,Feb,"Howrah, West Bengal",Malaria Outbreak | Dengue Outbreak | TB Burden | Low Institutional Deliveries,Low,206,WHO India,"Disease monitoring, TB/malaria control, epidemiology, health system strengthening"
F23_REC00098,2019,Jan,"Ahmedabad, Gujarat",Malaria Outbreak | Low Immunization,High,88,WHO India,"Disease monitoring, TB/malaria control, epidemiology, health system strengthening"
F23_REC00099,2020,Aug,"Lucknow, Uttar Pradesh",Malaria Outbreak | TB Burden,Low,136,NHM,"Primary healthcare delivery, ASHA worker deployment, institutional delivery"
F23_REC00100,2020,Apr,"Mumbai, Maharashtra",Dengue Outbreak | TB Burden,Medium,171,CARE India,"Maternal & child health, nutrition, immunization, emergency response"
F23_REC00101,2020,Mar,"Kolkata, West Bengal",TB Burden,Medium,139,HMIS,"Health data reporting, facility monitoring, program evaluation"
F23_REC00102,2019,Feb,"Chennai, Tamil Nadu",Dengue Outbreak | ASHA Worker Shortage,Medium,80,Smile Foundation,"Primary healthcare, mobile health units, community outreach, mother-child welfare"
F23_REC00103,2019,Sep,"Chennai, Tamil Nadu",Malaria Outbreak | Dengue Outbreak | Low Institutional Deliveries,Medium,131,Smile Foundation,"Primary healthcare, mobile health units, community outreach, mother-child welfare"
F23_REC00104,2019,Mar,"Chennai, Tamil Nadu",Malaria Outbreak | Dengue Outbreak | TB Burden,Medium,217,NFHS,"Health data collection, fertility & mortality tracking, policy research"
F23_REC00105,2019,May,"Kolkata, West Bengal",Malaria Outbreak | Dengue Outbreak,Low,166,NHM,"Primary healthcare delivery, ASHA worker deployment, institutional delivery"
F23_REC00106,2020,May,"Varanasi, Uttar Pradesh",Dengue Outbreak | TB Burden,High,108,NFHS,"Health data collection, fertility & mortality tracking, policy research"
F23_REC00107,2020,Jan,"Pune, Maharashtra",General Health Monitoring,Low,68,HMIS,"Health data reporting, facility monitoring, program evaluation"
F23_REC00108,2020,Jan,"Nagpur, Maharashtra",Malaria Outbreak | Dengue Outbreak,Medium,171,NFHS,"Health data collection, fertility & mortality tracking, policy research"
F23_REC00109,2019,Jul,"Pune, Maharashtra",Malaria Outbreak | TB Burden,Medium,165,Smile Foundation,"Primary healthcare, mobile health units, community outreach, mother-child welfare"
F23_REC00110,2019,Jul,"Patna, Bihar",General Health Monitoring,High,88,Smile Foundation,"Primary healthcare, mobile health units, community outreach, mother-child welfare"
F23_REC00111,2019,Aug,"Mumbai, Maharashtra",Malaria Outbreak,High,91,NFHS,"Health data collection, fertility & mortality tracking, policy research"
F23_REC00112,2020,Jun,"Madurai, Tamil Nadu",Malaria Outbreak | Dengue Outbreak,Medium,140,NFHS,"Health data collection, fertility & mortality tracking, policy research"
F23_REC00113,2020,Jun,"Nagpur, Maharashtra",Malaria Outbreak | TB Burden,Low,166,NHM,"Primary healthcare delivery, ASHA worker deployment, institutional delivery"
F23_REC00114,2020,Aug,"Agra, Uttar Pradesh",TB Burden,Low,98,NHM,"Primary healthcare delivery, ASHA worker deployment, institutional delivery"
F23_REC00115,2020,Apr,"Surat, Gujarat",Malaria Outbreak | Dengue Outbreak | TB Burden | Low Institutional Deliveries,Medium,184,NHM,"Primary healthcare delivery, ASHA worker deployment, institutional delivery"
F23_REC00116,2020,May,"Surat, Gujarat",Malaria Outbreak,Low,121,NFHS,"Health data collection, fertility & mortality tracking, policy research"
F23_REC00117,2019,Sep,"Coimbatore, Tamil Nadu",TB Burden | Low Institutional Deliveries,Medium,91,Smile Foundation,"Primary healthcare, mobile health units, community outreach, mother-child welfare"
F23_REC00118,2020,Sep,"Varanasi, Uttar Pradesh",Malaria Outbreak | Dengue Outbreak | TB Burden | Low Institutional Deliveries,Medium,173,Doctors For You,"Emergency medical relief, rural health camps, TB & dengue response"
F23_REC00119,2020,Aug,"Surat, Gujarat",Malaria Outbreak | TB Burden,Medium,176,UNICEF India,"Child immunization, ANC support, nutrition, disease surveillance"
F23_REC00120,2019,Apr,"Madurai, Tamil Nadu",TB Burden,Medium,103,WHO India,"Disease monitoring, TB/malaria control, epidemiology, health system strengthening"
F23_REC00121,2020,Jun,"Varanasi, Uttar Pradesh",Malaria Outbreak | TB Burden | Low Immunization,High,180,Smile Foundation,"Primary healthcare, mobile health units, community outreach, mother-child welfare"
F23_REC00122,2020,Feb,"Ahmedabad, Gujarat",Malaria Outbreak | Low ANC Coverage,High,74,UNICEF India,"Child immunization, ANC support, nutrition, disease surveillance"
F23_REC00123,2020,Feb,"Nagpur, Maharashtra",Dengue Outbreak | Low Immunization | ASHA Worker Shortage,Medium,61,HMIS,"Health data reporting, facility monitoring, program evaluation"
F23_REC00124,2019,Jul,"Coimbatore, Tamil Nadu",Malaria Outbreak | TB Burden | Low Institutional Deliveries,Medium,148,CARE India,"Maternal & child health, nutrition, immunization, emergency response"
F23_REC00125,2019,Jan,"Muzaffarpur, Bihar",Dengue Outbreak | TB Burden | Low Immunization,Medium,127,NFHS,"Health data collection, fertility & mortality tracking, policy research"
F23_REC00126,2019,Mar,"Siliguri, West Bengal",Malaria Outbreak,Low,141,Doctors For You,"Emergency medical relief, rural health camps, TB & dengue response"
F23_REC00127,2019,Apr,"Gaya, Bihar",Dengue Outbreak | TB Burden,High,139,UNICEF India,"Child immunization, ANC support, nutrition, disease surveillance"
F23_REC00128,2019,Jul,"Agra, Uttar Pradesh",Malaria Outbreak,Low,133,WHO India,"Disease monitoring, TB/malaria control, epidemiology, health system strengthening"
F23_REC00129,2019,Sep,"Patna, Bihar",Malaria Outbreak | TB Burden | Low Immunization,Low,135,CARE India,"Maternal & child health, nutrition, immunization, emergency response"
F23_REC00130,2020,Sep,"Agra, Uttar Pradesh",Dengue Outbreak | TB Burden,Medium,119,Smile Foundation,"Primary healthcare, mobile health units, community outreach, mother-child welfare"
F23_REC00131,2019,Sep,"Vadodara, Gujarat",Dengue Outbreak | Low ANC Coverage | Low Institutional Deliveries | ASHA Worker Shortage,Low,100,Doctors For You,"Emergency medical relief, rural health camps, TB & dengue response"
F23_REC00132,2019,Sep,"Muzaffarpur, Bihar",Malaria Outbreak,Low,140,HMIS,"Health data reporting, facility monitoring, program evaluation"
F23_REC00133,2020,Sep,"Coimbatore, Tamil Nadu",TB Burden | ASHA Worker Shortage,High,91,WHO India,"Disease monitoring, TB/malaria control, epidemiology, health system strengthening"
F23_REC00134,2020,Jan,"Bengaluru, Karnataka",Malaria Outbreak,Medium,86,WHO India,"Disease monitoring, TB/malaria control, epidemiology, health system strengthening"
F23_REC00135,2019,Feb,"Siliguri, West Bengal",Dengue Outbreak,Medium,104,CARE India,"Maternal & child health, nutrition, immunization, emergency response"
F23_REC00136,2020,Jan,"Pune, Maharashtra",Malaria Outbreak | Low Immunization,Low,126,CARE India,"Maternal & child health, nutrition, immunization, emergency response"
F23_REC00137,2020,Feb,"Gaya, Bihar",Malaria Outbreak | Dengue Outbreak | TB Burden,High,216,NFHS,"Health data collection, fertility & mortality tracking, policy research"
F23_REC00138,2020,Feb,"Mumbai, Maharashtra",Dengue Outbreak | ASHA Worker Shortage,Low,82,UNICEF India,"Child immunization, ANC support, nutrition, disease surveillance"
F23_REC00139,2020,Apr,"Ahmedabad, Gujarat",ASHA Worker Shortage,Low,94,UNICEF India,"Child immunization, ANC support, nutrition, disease surveillance"
F23_REC00140,2020,Feb,"Patna, Bihar",Malaria Outbreak | Dengue Outbreak | TB Burden | Low ANC Coverage,Low,172,CARE India,"Maternal & child health, nutrition, immunization, emergency response"
F23_REC00141,2020,Jan,"Patna, Bihar",Malaria Outbreak | TB Burden,High,174,Doctors For You,"Emergency medical relief, rural health camps, TB & dengue response"
F23_REC00142,2019,Jul,"Chennai, Tamil Nadu",Malaria Outbreak | Dengue Outbreak | Low Institutional Deliveries,Low,200,HMIS,"Health data reporting, facility monitoring, program evaluation"
F23_REC00143,2020,Aug,"Lucknow, Uttar Pradesh",Dengue Outbreak,Medium,88,CARE India,"Maternal & child health, nutrition, immunization, emergency response"
F23_REC00144,2020,Aug,"Agra, Uttar Pradesh",Malaria Outbreak | Dengue Outbreak | TB Burden | ASHA Worker Shortage,Low,234,NHM,"Primary healthcare delivery, ASHA worker deployment, institutional delivery"
F23_REC00145,2020,Aug,"Chennai, Tamil Nadu",Malaria Outbreak | Dengue Outbreak | TB Burden,Low,234,HMIS,"Health data reporting, facility monitoring, program evaluation"
F23_REC00146,2019,Mar,"Vadodara, Gujarat",Malaria Outbreak,Medium,122,UNICEF India,"Child immunization, ANC support, nutrition, disease surveillance"
F23_REC00147,2019,May,"Agra, Uttar Pradesh",Dengue Outbreak,Medium,124,NHM,"Primary healthcare delivery, ASHA worker deployment, institutional delivery"
F23_REC00148,2019,May,"Pune, Maharashtra",General Health Monitoring,High,50,UNICEF India,"Child immunization, ANC support, nutrition, disease surveillance"
F23_REC00149,2019,Aug,"Kolkata, West Bengal",Malaria Outbreak | TB Burden | Low Institutional Deliveries,Medium,106,Doctors For You,"Emergency medical relief, rural health camps, TB & dengue response"
F23_REC00150,2020,May,"Mysuru, Karnataka",Dengue Outbreak | TB Burden,Low,104,HMIS,"Health data reporting, facility monitoring, program evaluation"
F23_REC00151,2020,Feb,"Lucknow, Uttar Pradesh",Malaria Outbreak | TB Burden,Low,108,HMIS,"Health data reporting, facility monitoring, program evaluation"
F23_REC00152,2019,Mar,"Bengaluru, Karnataka",Malaria Outbreak | TB Burden,Medium,157,HMIS,"Health data reporting, facility monitoring, program evaluation"
F23_REC00153,2019,May,"Gaya, Bihar",Low Institutional Deliveries,High,60,HMIS,"Health data reporting, facility monitoring, program evaluation"
F23_REC00154,2019,Sep,"Kolkata, West Bengal",TB Burden,Medium,132,HMIS,"Health data reporting, facility monitoring, program evaluation"
F23_REC00155,2019,Jun,"Madurai, Tamil Nadu",Low Immunization,Low,68,HMIS,"Health data reporting, facility monitoring, program evaluation"
F23_REC00156,2019,Jan,"Chennai, Tamil Nadu",Dengue Outbreak | TB Burden | Low Immunization,High,112,WHO India,"Disease monitoring, TB/malaria control, epidemiology, health system strengthening"
F23_REC00157,2020,Jun,"Varanasi, Uttar Pradesh",TB Burden | Low Immunization,High,99,NFHS,"Health data collection, fertility & mortality tracking, policy research"
F23_REC00158,2019,Jun,"Varanasi, Uttar Pradesh",Malaria Outbreak,High,130,HMIS,"Health data reporting, facility monitoring, program evaluation"
F23_REC00159,2019,May,"Mysuru, Karnataka",TB Burden,High,66,HMIS,"Health data reporting, facility monitoring, program evaluation"
F23_REC00160,2020,Jul,"Agra, Uttar Pradesh",General Health Monitoring,Low,52,HMIS,"Health data reporting, facility monitoring, program evaluation"
F23_REC00161,2019,Jan,"Agra, Uttar Pradesh",Malaria Outbreak,Low,153,UNICEF India,"Child immunization, ANC support, nutrition, disease surveillance"
F23_REC00162,2020,Aug,"Agra, Uttar Pradesh",Malaria Outbreak,High,177,NFHS,"Health data collection, fertility & mortality tracking, policy research"
F23_REC00163,2019,Jul,"Pune, Maharashtra",General Health Monitoring,High,71,HMIS,"Health data reporting, facility monitoring, program evaluation"
F23_REC00164,2019,Jun,"Hubli, Karnataka",Malaria Outbreak | TB Burden | ASHA Worker Shortage,Medium,158,UNICEF India,"Child immunization, ANC support, nutrition, disease surveillance"
F23_REC00165,2020,Jan,"Ahmedabad, Gujarat",Malaria Outbreak | TB Burden | Low Institutional Deliveries,Low,136,CARE India,"Maternal & child health, nutrition, immunization, emergency response"
F23_REC00166,2019,Feb,"Kolkata, West Bengal",Malaria Outbreak | Dengue Outbreak | TB Burden | Low Institutional Deliveries,High,198,NHM,"Primary healthcare delivery, ASHA worker deployment, institutional delivery"
F23_REC00167,2019,Jan,"Patna, Bihar",Dengue Outbreak,High,93,CARE India,"Maternal & child health, nutrition, immunization, emergency response"
F23_REC00168,2020,Apr,"Surat, Gujarat",Malaria Outbreak | Dengue Outbreak | TB Burden,Medium,184,NFHS,"Health data collection, fertility & mortality tracking, policy research"
F23_REC00169,2020,Mar,"Bengaluru, Karnataka",TB Burden,Low,90,WHO India,"Disease monitoring, TB/malaria control, epidemiology, health system strengthening"
F23_REC00170,2020,Mar,"Mumbai, Maharashtra",Dengue Outbreak | ASHA Worker Shortage,High,81,Doctors For You,"Emergency medical relief, rural health camps, TB & dengue response"
F23_REC00171,2020,May,"Coimbatore, Tamil Nadu",Malaria Outbreak | TB Burden,High,183,UNICEF India,"Child immunization, ANC support, nutrition, disease surveillance"
F23_REC00172,2020,Jun,"Agra, Uttar Pradesh",Malaria Outbreak | Dengue Outbreak | TB Burden,Medium,190,HMIS,"Health data reporting, facility monitoring, program evaluation"
F23_REC00173,2019,Mar,"Pune, Maharashtra",Dengue Outbreak | TB Burden,High,161,Smile Foundation,"Primary healthcare, mobile health units, community outreach, mother-child welfare"
F23_REC00174,2019,Feb,"Patna, Bihar",Malaria Outbreak | Dengue Outbreak | ASHA Worker Shortage,Low,183,NFHS,"Health data collection, fertility & mortality tracking, policy research"
F23_REC00175,2019,Jul,"Kolkata, West Bengal",Malaria Outbreak | Dengue Outbreak | TB Burden | Low Institutional Deliveries,High,191,HMIS,"Health data reporting, facility monitoring, program evaluation"
F23_REC00176,2020,Feb,"Lucknow, Uttar Pradesh",Malaria Outbreak | Dengue Outbreak | TB Burden,Medium,193,HMIS,"Health data reporting, facility monitoring, program evaluation"
F23_REC00177,2020,Jun,"Chennai, Tamil Nadu",Malaria Outbreak | Dengue Outbreak,Low,184,Smile Foundation,"Primary healthcare, mobile health units, community outreach, mother-child welfare"
F23_REC00178,2020,Jun,"Kolkata, West Bengal",Dengue Outbreak,High,120,Smile Foundation,"Primary healthcare, mobile health units, community outreach, mother-child welfare"
F23_REC00179,2019,Aug,"Pune, Maharashtra",Malaria Outbreak,High,109,CARE India,"Maternal & child health, nutrition, immunization, emergency response"
F23_REC00180,2019,Sep,"Varanasi, Uttar Pradesh",Malaria Outbreak | Low ANC Coverage | Low Institutional Deliveries,Low,89,Doctors For You,"Emergency medical relief, rural health camps, TB & dengue response"
F23_REC00181,2019,Aug,"Vadodara, Gujarat",Dengue Outbreak | TB Burden,Low,153,Doctors For You,"Emergency medical relief, rural health camps, TB & dengue response"
F23_REC00182,2019,Jun,"Surat, Gujarat",Malaria Outbreak | Dengue Outbreak | TB Burden | Low ANC Coverage,High,203,CARE India,"Maternal & child health, nutrition, immunization, emergency response"
F23_REC00183,2019,Feb,"Patna, Bihar",Malaria Outbreak | TB Burden,Low,184,CARE India,"Maternal & child health, nutrition, immunization, emergency response"
F23_REC00184,2020,Jul,"Madurai, Tamil Nadu",Malaria Outbreak | Dengue Outbreak,High,201,UNICEF India,"Child immunization, ANC support, nutrition, disease surveillance"
F23_REC00185,2019,Feb,"Vadodara, Gujarat",Dengue Outbreak | ASHA Worker Shortage,Low,100,HMIS,"Health data reporting, facility monitoring, program evaluation"
F23_REC00186,2020,Jul,"Pune, Maharashtra",Malaria Outbreak | TB Burden,High,178,Smile Foundation,"Primary healthcare, mobile health units, community outreach, mother-child welfare"
F23_REC00187,2020,Mar,"Coimbatore, Tamil Nadu",Dengue Outbreak | TB Burden,Medium,158,Doctors For You,"Emergency medical relief, rural health camps, TB & dengue response"
F23_REC00188,2019,Mar,"Mumbai, Maharashtra",Malaria Outbreak | Low Institutional Deliveries,High,94,NHM,"Primary healthcare delivery, ASHA worker deployment, institutional delivery"
F23_REC00189,2020,Sep,"Madurai, Tamil Nadu",Malaria Outbreak | TB Burden,Low,148,UNICEF India,"Child immunization, ANC support, nutrition, disease surveillance"
F23_REC00190,2020,Aug,"Patna, Bihar",General Health Monitoring,Medium,43,NHM,"Primary healthcare delivery, ASHA worker deployment, institutional delivery"
F23_REC00191,2019,Feb,"Gaya, Bihar",Malaria Outbreak,Medium,137,WHO India,"Disease monitoring, TB/malaria control, epidemiology, health system strengthening"
F23_REC00192,2020,Jun,"Coimbatore, Tamil Nadu",Malaria Outbreak | Dengue Outbreak,Medium,172,NFHS,"Health data collection, fertility & mortality tracking, policy research"
F23_REC00193,2019,Sep,"Mysuru, Karnataka",Malaria Outbreak | Dengue Outbreak,Medium,189,HMIS,"Health data reporting, facility monitoring, program evaluation"
F23_REC00194,2019,Jan,"Nagpur, Maharashtra",Malaria Outbreak,Medium,92,CARE India,"Maternal & child health, nutrition, immunization, emergency response"
F23_REC00195,2019,May,"Bengaluru, Karnataka",Dengue Outbreak | TB Burden,Medium,144,WHO India,"Disease monitoring, TB/malaria control, epidemiology, health system strengthening"
F23_REC00196,2019,Jul,"Surat, Gujarat",Malaria Outbreak | Dengue Outbreak,Low,160,HMIS,"Health data reporting, facility monitoring, program evaluation"
F23_REC00197,2020,Sep,"Nagpur, Maharashtra",Malaria Outbreak | ASHA Worker Shortage,Low,134,CARE India,"Maternal & child health, nutrition, immunization, emergency response"
F23_REC00198,2020,Jun,"Mysuru, Karnataka",Malaria Outbreak | ASHA Worker Shortage,Medium,119,Smile Foundation,"Primary healthcare, mobile health units, community outreach, mother-child welfare"
F23_REC00199,2020,May,"Bengaluru, Karnataka",Malaria Outbreak | Dengue Outbreak | TB Burden | Low Institutional Deliveries | ASHA Worker Shortage,High,211,Smile Foundation,"Primary healthcare, mobile health units, community outreach, mother-child welfare"
F24_REC00000,2019,Mar,"Howrah, West Bengal",Malaria Outbreak | Dengue Outbreak | Low ANC Coverage | Low Institutional Deliveries,Low,181,Smile Foundation,"Primary healthcare, mobile health units, community outreach, mother-child welfare"
F24_REC00001,2019,Sep,"Ahmedabad, Gujarat",Malaria Outbreak | Low Immunization,High,134,CARE India,"Maternal & child health, nutrition, immunization, emergency response"
F24_REC00002,2020,Jul,"Agra, Uttar Pradesh",Dengue Outbreak | TB Burden | Low Immunization | Low Institutional Deliveries,High,145,NHM,"Primary healthcare delivery, ASHA worker deployment, institutional delivery"
F24_REC00003,2019,Feb,"Muzaffarpur, Bihar",Malaria Outbreak,High,87,HMIS,"Health data reporting, facility monitoring, program evaluation"
F24_REC00004,2018,May,"Gaya, Bihar",TB Burden | ASHA Worker Shortage,Low,99,WHO India,"Disease monitoring, TB/malaria control, epidemiology, health system strengthening"
F24_REC00005,2020,Jul,"Hubli, Karnataka",Malaria Outbreak | ASHA Worker Shortage,High,126,UNICEF India,"Child immunization, ANC support, nutrition, disease surveillance"
F24_REC00006,2018,Aug,"Mumbai, Maharashtra",Malaria Outbreak | Low ANC Coverage | Low Institutional Deliveries,Medium,129,CARE India,"Maternal & child health, nutrition, immunization, emergency response"
F24_REC00007,2018,Jan,"Surat, Gujarat",Dengue Outbreak | Low Institutional Deliveries,Low,93,UNICEF India,"Child immunization, ANC support, nutrition, disease surveillance"
F24_REC00008,2020,May,"Surat, Gujarat",Dengue Outbreak,High,99,NFHS,"Health data collection, fertility & mortality tracking, policy research"
F24_REC00009,2019,May,"Kolkata, West Bengal",Dengue Outbreak | TB Burden,High,135,CARE India,"Maternal & child health, nutrition, immunization, emergency response"
F24_REC00010,2018,May,"Gaya, Bihar",Malaria Outbreak | Dengue Outbreak,Medium,177,Smile Foundation,"Primary healthcare, mobile health units, community outreach, mother-child welfare"
F24_REC00011,2019,Aug,"Kolkata, West Bengal",Malaria Outbreak | Dengue Outbreak,Medium,202,CARE India,"Maternal & child health, nutrition, immunization, emergency response"
F24_REC00012,2018,Sep,"Gaya, Bihar",TB Burden,Medium,104,WHO India,"Disease monitoring, TB/malaria control, epidemiology, health system strengthening"
F24_REC00013,2020,Apr,"Lucknow, Uttar Pradesh",Malaria Outbreak | Dengue Outbreak | Low ANC Coverage | Low Institutional Deliveries | ASHA Worker Shortage,Medium,144,WHO India,"Disease monitoring, TB/malaria control, epidemiology, health system strengthening"
F24_REC00014,2019,Apr,"Pune, Maharashtra",Malaria Outbreak,Low,87,CARE India,"Maternal & child health, nutrition, immunization, emergency response"
F24_REC00015,2018,Aug,"Howrah, West Bengal",TB Burden,High,84,Smile Foundation,"Primary healthcare, mobile health units, community outreach, mother-child welfare"
F24_REC00016,2019,Apr,"Hubli, Karnataka",Malaria Outbreak | Dengue Outbreak | TB Burden,Medium,189,Smile Foundation,"Primary healthcare, mobile health units, community outreach, mother-child welfare"
F24_REC00017,2018,Feb,"Muzaffarpur, Bihar",Malaria Outbreak | TB Burden,Low,180,NFHS,"Health data collection, fertility & mortality tracking, policy research"
F24_REC00018,2018,Aug,"Mumbai, Maharashtra",Malaria Outbreak | Dengue Outbreak | TB Burden | Low Immunization | Low ANC Coverage,Medium,223,WHO India,"Disease monitoring, TB/malaria control, epidemiology, health system strengthening"
F24_REC00019,2019,Jun,"Kolkata, West Bengal",Malaria Outbreak | Dengue Outbreak,Low,182,CARE India,"Maternal & child health, nutrition, immunization, emergency response"
F24_REC00020,2018,Feb,"Pune, Maharashtra",Malaria Outbreak,High,120,CARE India,"Maternal & child health, nutrition, immunization, emergency response"
F24_REC00021,2020,Mar,"Coimbatore, Tamil Nadu",Dengue Outbreak | ASHA Worker Shortage,Low,100,HMIS,"Health data reporting, facility monitoring, program evaluation"
F24_REC00022,2018,Jan,"Varanasi, Uttar Pradesh",Malaria Outbreak | TB Burden | Low Institutional Deliveries,Low,153,WHO India,"Disease monitoring, TB/malaria control, epidemiology, health system strengthening"
F24_REC00023,2020,Apr,"Bengaluru, Karnataka",Dengue Outbreak | Low Immunization | Low ANC Coverage,High,81,NHM,"Primary healthcare delivery, ASHA worker deployment, institutional delivery"
F24_REC00024,2018,Sep,"Nagpur, Maharashtra",Dengue Outbreak | ASHA Worker Shortage,Medium,144,NHM,"Primary healthcare delivery, ASHA worker deployment, institutional delivery"
F24_REC00025,2018,Jul,"Muzaffarpur, Bihar",Malaria Outbreak | ASHA Worker Shortage,Medium,107,Doctors For You,"Emergency medical relief, rural health camps, TB & dengue response"
F24_REC00026,2018,Mar,"Mumbai, Maharashtra",TB Burden | Low Immunization | Low Institutional Deliveries,Medium,83,CARE India,"Maternal & child health, nutrition, immunization, emergency response"
F24_REC00027,2020,Sep,"Nagpur, Maharashtra",General Health Monitoring,High,40,NFHS,"Health data collection, fertility & mortality tracking, policy research"
F24_REC00028,2018,Jul,"Lucknow, Uttar Pradesh",General Health Monitoring,High,88,NFHS,"Health data collection, fertility & mortality tracking, policy research"
F24_REC00029,2020,Jan,"Vadodara, Gujarat",Dengue Outbreak | TB Burden | Low Immunization,Low,99,NHM,"Primary healthcare delivery, ASHA worker deployment, institutional delivery"
F24_REC00030,2018,Jul,"Mysuru, Karnataka",TB Burden,Medium,91,NFHS,"Health data collection, fertility & mortality tracking, policy research"
F24_REC00031,2020,Apr,"Hubli, Karnataka",Dengue Outbreak | ASHA Worker Shortage,Medium,70,CARE India,"Maternal & child health, nutrition, immunization, emergency response"
F24_REC00032,2018,Jul,"Siliguri, West Bengal",Malaria Outbreak | TB Burden,Low,127,HMIS,"Health data reporting, facility monitoring, program evaluation"
F24_REC00033,2019,Sep,"Mysuru, Karnataka",Malaria Outbreak | TB Burden | Low Institutional Deliveries,High,200,CARE India,"Maternal & child health, nutrition, immunization, emergency response"
F24_REC00034,2020,Jun,"Gaya, Bihar",Malaria Outbreak,Medium,105,Smile Foundation,"Primary healthcare, mobile health units, community outreach, mother-child welfare"
F24_REC00035,2020,Sep,"Surat, Gujarat",Malaria Outbreak | TB Burden,Medium,137,Doctors For You,"Emergency medical relief, rural health camps, TB & dengue response"
F24_REC00036,2019,Apr,"Howrah, West Bengal",Malaria Outbreak | ASHA Worker Shortage,Low,185,Doctors For You,"Emergency medical relief, rural health camps, TB & dengue response"
F24_REC00037,2018,Jul,"Mysuru, Karnataka",Malaria Outbreak | TB Burden | ASHA Worker Shortage,Low,159,UNICEF India,"Child immunization, ANC support, nutrition, disease surveillance"
F24_REC00038,2018,Sep,"Bengaluru, Karnataka",TB Burden | Low Institutional Deliveries,Medium,54,NHM,"Primary healthcare delivery, ASHA worker deployment, institutional delivery"
F24_REC00039,2018,Jun,"Mysuru, Karnataka",Malaria Outbreak | Dengue Outbreak,Medium,214,NHM,"Primary healthcare delivery, ASHA worker deployment, institutional delivery"
F24_REC00040,2019,Jan,"Muzaffarpur, Bihar",Malaria Outbreak,High,126,NHM,"Primary healthcare delivery, ASHA worker deployment, institutional delivery"
F24_REC00041,2019,Jan,"Agra, Uttar Pradesh",Malaria Outbreak,Low,77,NFHS,"Health data collection, fertility & mortality tracking, policy research"
F24_REC00042,2018,Jun,"Varanasi, Uttar Pradesh",General Health Monitoring,Low,48,UNICEF India,"Child immunization, ANC support, nutrition, disease surveillance"
F24_REC00043,2020,Sep,"Lucknow, Uttar Pradesh",Malaria Outbreak | TB Burden,Low,147,HMIS,"Health data reporting, facility monitoring, program evaluation"
F24_REC00044,2018,Aug,"Ahmedabad, Gujarat",TB Burden | ASHA Worker Shortage,Low,125,WHO India,"Disease monitoring, TB/malaria control, epidemiology, health system strengthening"
F24_REC00045,2020,Sep,"Gaya, Bihar",Malaria Outbreak,Medium,162,NFHS,"Health data collection, fertility & mortality tracking, policy research"
F24_REC00046,2018,Jan,"Coimbatore, Tamil Nadu",Malaria Outbreak | Dengue Outbreak,Medium,126,NFHS,"Health data collection, fertility & mortality tracking, policy research"
F24_REC00047,2020,Apr,"Patna, Bihar",Malaria Outbreak | TB Burden,Low,136,CARE India,"Maternal & child health, nutrition, immunization, emergency response"
F24_REC00048,2018,Jun,"Mumbai, Maharashtra",Malaria Outbreak | Dengue Outbreak | TB Burden,High,207,NHM,"Primary healthcare delivery, ASHA worker deployment, institutional delivery"
F24_REC00049,2018,Jan,"Lucknow, Uttar Pradesh",Dengue Outbreak | TB Burden,Low,142,Doctors For You,"Emergency medical relief, rural health camps, TB & dengue response"
F24_REC00050,2018,Jul,"Kolkata, West Bengal",Malaria Outbreak | TB Burden | Low Institutional Deliveries,Medium,179,HMIS,"Health data reporting, facility monitoring, program evaluation"
F24_REC00051,2019,Apr,"Vadodara, Gujarat",Malaria Outbreak | Dengue Outbreak | TB Burden | Low Institutional Deliveries,Medium,256,CARE India,"Maternal & child health, nutrition, immunization, emergency response"
F24_REC00052,2018,May,"Chennai, Tamil Nadu",Malaria Outbreak | Dengue Outbreak | TB Burden | Low Institutional Deliveries,High,174,HMIS,"Health data reporting, facility monitoring, program evaluation"
F24_REC00053,2019,Aug,"Patna, Bihar",TB Burden,High,95,CARE India,"Maternal & child health, nutrition, immunization, emergency response"
F24_REC00054,2019,Sep,"Coimbatore, Tamil Nadu",Malaria Outbreak,Low,152,CARE India,"Maternal & child health, nutrition, immunization, emergency response"
F24_REC00055,2020,Jan,"Mumbai, Maharashtra",Malaria Outbreak | TB Burden,Medium,203,HMIS,"Health data reporting, facility monitoring, program evaluation"
F24_REC00056,2020,Jan,"Mysuru, Karnataka",Malaria Outbreak | Dengue Outbreak,High,164,Doctors For You,"Emergency medical relief, rural health camps, TB & dengue response"
F24_REC00057,2018,Apr,"Gaya, Bihar",Dengue Outbreak,Low,115,HMIS,"Health data reporting, facility monitoring, program evaluation"
F24_REC00058,2020,Aug,"Bengaluru, Karnataka",Malaria Outbreak | Dengue Outbreak | TB Burden | Low Institutional Deliveries,Low,175,NFHS,"Health data collection, fertility & mortality tracking, policy research"
F24_REC00059,2019,Jan,"Mumbai, Maharashtra",TB Burden | Low ANC Coverage,Low,130,Smile Foundation,"Primary healthcare, mobile health units, community outreach, mother-child welfare"
F24_REC00060,2020,Apr,"Patna, Bihar",Dengue Outbreak | TB Burden,High,172,CARE India,"Maternal & child health, nutrition, immunization, emergency response"
F24_REC00061,2020,Aug,"Chennai, Tamil Nadu",Malaria Outbreak | TB Burden | ASHA Worker Shortage,Low,104,CARE India,"Maternal & child health, nutrition, immunization, emergency response"
F24_REC00062,2020,Jul,"Chennai, Tamil Nadu",Malaria Outbreak | Dengue Outbreak | Low ANC Coverage,High,172,WHO India,"Disease monitoring, TB/malaria control, epidemiology, health system strengthening"
F24_REC00063,2018,Jul,"Chennai, Tamil Nadu",TB Burden | Low Immunization | ASHA Worker Shortage,Medium,63,Doctors For You,"Emergency medical relief, rural health camps, TB & dengue response"
F24_REC00064,2019,Jun,"Vadodara, Gujarat",Malaria Outbreak | Dengue Outbreak,Low,165,WHO India,"Disease monitoring, TB/malaria control, epidemiology, health system strengthening"
F24_REC00065,2018,Mar,"Varanasi, Uttar Pradesh",Malaria Outbreak | Dengue Outbreak,Low,151,Smile Foundation,"Primary healthcare, mobile health units, community outreach, mother-child welfare"
F24_REC00066,2020,Feb,"Pune, Maharashtra",TB Burden,Medium,87,CARE India,"Maternal & child health, nutrition, immunization, emergency response"
F24_REC00067,2020,Sep,"Ahmedabad, Gujarat",Malaria Outbreak | TB Burden | Low ANC Coverage,Medium,151,CARE India,"Maternal & child health, nutrition, immunization, emergency response"
F24_REC00068,2018,Mar,"Varanasi, Uttar Pradesh",Malaria Outbreak | TB Burden | Low ANC Coverage,High,176,UNICEF India,"Child immunization, ANC support, nutrition, disease surveillance"
F24_REC00069,2020,Aug,"Bengaluru, Karnataka",Malaria Outbreak | Dengue Outbreak,High,134,Doctors For You,"Emergency medical relief, rural health camps, TB & dengue response"
F24_REC00070,2018,Feb,"Kolkata, West Bengal",Malaria Outbreak | TB Burden,Low,140,Smile Foundation,"Primary healthcare, mobile health units, community outreach, mother-child welfare"
F24_REC00071,2018,Jun,"Bengaluru, Karnataka",Malaria Outbreak | Dengue Outbreak | TB Burden | Low Immunization,High,212,CARE India,"Maternal & child health, nutrition, immunization, emergency response"
F24_REC00072,2019,Jul,"Varanasi, Uttar Pradesh",Dengue Outbreak,Medium,99,UNICEF India,"Child immunization, ANC support, nutrition, disease surveillance"
F24_REC00073,2020,Jul,"Bengaluru, Karnataka",Dengue Outbreak | TB Burden | Low ANC Coverage | ASHA Worker Shortage,Medium,110,HMIS,"Health data reporting, facility monitoring, program evaluation"
F24_REC00074,2019,Jun,"Varanasi, Uttar Pradesh",Malaria Outbreak | Dengue Outbreak | TB Burden,Low,221,UNICEF India,"Child immunization, ANC support, nutrition, disease surveillance"
F24_REC00075,2019,May,"Patna, Bihar",General Health Monitoring,Low,73,UNICEF India,"Child immunization, ANC support, nutrition, disease surveillance"
F24_REC00076,2020,Sep,"Mysuru, Karnataka",Malaria Outbreak | Dengue Outbreak | TB Burden,High,230,WHO India,"Disease monitoring, TB/malaria control, epidemiology, health system strengthening"
F24_REC00077,2018,Apr,"Patna, Bihar",Malaria Outbreak | Dengue Outbreak | TB Burden | ASHA Worker Shortage,High,206,HMIS,"Health data reporting, facility monitoring, program evaluation"
F24_REC00078,2020,Jun,"Surat, Gujarat",Malaria Outbreak | Dengue Outbreak,High,180,WHO India,"Disease monitoring, TB/malaria control, epidemiology, health system strengthening"
F24_REC00079,2019,Jun,"Chennai, Tamil Nadu",Dengue Outbreak | TB Burden,High,150,NHM,"Primary healthcare delivery, ASHA worker deployment, institutional delivery"
F24_REC00080,2018,Feb,"Madurai, Tamil Nadu",Malaria Outbreak | Dengue Outbreak | TB Burden,High,209,HMIS,"Health data reporting, facility monitoring, program evaluation"
F24_REC00081,2020,Apr,"Varanasi, Uttar Pradesh",General Health Monitoring,Medium,48,NFHS,"Health data collection, fertility & mortality tracking, policy research"
F24_REC00082,2020,May,"Vadodara, Gujarat",Malaria Outbreak | Dengue Outbreak | Low Immunization,Low,161,HMIS,"Health data reporting, facility monitoring, program evaluation"
F24_REC00083,2020,Apr,"Coimbatore, Tamil Nadu",Malaria Outbreak | TB Burden,Low,110,Doctors For You,"Emergency medical relief, rural health camps, TB & dengue response"
F24_REC00084,2019,Apr,"Bengaluru, Karnataka",Malaria Outbreak | Dengue Outbreak,Low,148,WHO India,"Disease monitoring, TB/malaria control, epidemiology, health system strengthening"
F24_REC00085,2019,Apr,"Gaya, Bihar",Dengue Outbreak | TB Burden,Low,167,Smile Foundation,"Primary healthcare, mobile health units, community outreach, mother-child welfare"
F24_REC00086,2019,Jun,"Chennai, Tamil Nadu",TB Burden,Low,90,Doctors For You,"Emergency medical relief, rural health camps, TB & dengue response"
F24_REC00087,2020,Jan,"Agra, Uttar Pradesh",Dengue Outbreak | TB Burden,High,130,NHM,"Primary healthcare delivery, ASHA worker deployment, institutional delivery"
F24_REC00088,2018,May,"Mumbai, Maharashtra",Malaria Outbreak | Dengue Outbreak | ASHA Worker Shortage,Low,167,Doctors For You,"Emergency medical relief, rural health camps, TB & dengue response"
F24_REC00089,2018,Aug,"Bengaluru, Karnataka",Malaria Outbreak | TB Burden,Medium,121,NFHS,"Health data collection, fertility & mortality tracking, policy research"
F24_REC00090,2019,Jul,"Surat, Gujarat",Malaria Outbreak | Dengue Outbreak | TB Burden | Low ANC Coverage,Medium,178,NHM,"Primary healthcare delivery, ASHA worker deployment, institutional delivery"
F24_REC00091,2020,Jan,"Bengaluru, Karnataka",Malaria Outbreak | TB Burden,Low,115,Smile Foundation,"Primary healthcare, mobile health units, community outreach, mother-child welfare"
F24_REC00092,2020,Jun,"Pune, Maharashtra",Malaria Outbreak | Dengue Outbreak | TB Burden | ASHA Worker Shortage,Low,214,CARE India,"Maternal & child health, nutrition, immunization, emergency response"
F24_REC00093,2020,Jun,"Muzaffarpur, Bihar",Malaria Outbreak,Medium,150,WHO India,"Disease monitoring, TB/malaria control, epidemiology, health system strengthening"
F24_REC00094,2020,Jul,"Vadodara, Gujarat",General Health Monitoring,High,74,NFHS,"Health data collection, fertility & mortality tracking, policy research"
F24_REC00095,2020,May,"Gaya, Bihar",Malaria Outbreak | ASHA Worker Shortage,Low,153,HMIS,"Health data reporting, facility monitoring, program evaluation"
F24_REC00096,2018,Aug,"Siliguri, West Bengal",TB Burden | Low Institutional Deliveries,Low,124,Smile Foundation,"Primary healthcare, mobile health units, community outreach, mother-child welfare"
F24_REC00097,2019,May,"Bengaluru, Karnataka",Malaria Outbreak | Dengue Outbreak | ASHA Worker Shortage,High,134,Smile Foundation,"Primary healthcare, mobile health units, community outreach, mother-child welfare"
F24_REC00098,2018,Aug,"Madurai, Tamil Nadu",Malaria Outbreak | Dengue Outbreak | TB Burden,High,199,NHM,"Primary healthcare delivery, ASHA worker deployment, institutional delivery"
F24_REC00099,2020,Aug,"Bengaluru, Karnataka",Malaria Outbreak | TB Burden,Medium,143,Doctors For You,"Emergency medical relief, rural health camps, TB & dengue response"
F24_REC00100,2019,Jun,"Varanasi, Uttar Pradesh",Malaria Outbreak | Dengue Outbreak,High,169,NHM,"Primary healthcare delivery, ASHA worker deployment, institutional delivery"
F24_REC00101,2019,Aug,"Ahmedabad, Gujarat",Malaria Outbreak,Medium,133,NFHS,"Health data collection, fertility & mortality tracking, policy research"
F24_REC00102,2018,Apr,"Varanasi, Uttar Pradesh",Malaria Outbreak | Dengue Outbreak | TB Burden,Low,218,Smile Foundation,"Primary healthcare, mobile health units, community outreach, mother-child welfare"
F24_REC00103,2019,Apr,"Agra, Uttar Pradesh",Malaria Outbreak | TB Burden,Low,110,NHM,"Primary healthcare delivery, ASHA worker deployment, institutional delivery"
F24_REC00104,2018,May,"Mumbai, Maharashtra",Malaria Outbreak | Low Institutional Deliveries,Medium,114,Doctors For You,"Emergency medical relief, rural health camps, TB & dengue response"
F24_REC00105,2019,Sep,"Howrah, West Bengal",TB Burden | Low Institutional Deliveries,Low,82,CARE India,"Maternal & child health, nutrition, immunization, emergency response"
F24_REC00106,2018,Mar,"Agra, Uttar Pradesh",Dengue Outbreak | TB Burden | Low ANC Coverage,Low,142,WHO India,"Disease monitoring, TB/malaria control, epidemiology, health system strengthening"
F24_REC00107,2019,Apr,"Muzaffarpur, Bihar",Malaria Outbreak | Dengue Outbreak,Medium,178,CARE India,"Maternal & child health, nutrition, immunization, emergency response"
F24_REC00108,2019,Jan,"Mysuru, Karnataka",Malaria Outbreak,Low,131,UNICEF India,"Child immunization, ANC support, nutrition, disease surveillance"
F24_REC00109,2018,Sep,"Howrah, West Bengal",General Health Monitoring,Medium,27,WHO India,"Disease monitoring, TB/malaria control, epidemiology, health system strengthening"
F24_REC00110,2018,Jun,"Agra, Uttar Pradesh",Malaria Outbreak | Dengue Outbreak | TB Burden,High,169,Smile Foundation,"Primary healthcare, mobile health units, community outreach, mother-child welfare"
F24_REC00111,2020,Mar,"Lucknow, Uttar Pradesh",Malaria Outbreak | Dengue Outbreak | TB Burden,High,173,CARE India,"Maternal & child health, nutrition, immunization, emergency response"
F24_REC00112,2020,Aug,"Chennai, Tamil Nadu",ASHA Worker Shortage,Low,88,WHO India,"Disease monitoring, TB/malaria control, epidemiology, health system strengthening"
F24_REC00113,2019,Feb,"Ahmedabad, Gujarat",General Health Monitoring,Medium,67,NHM,"Primary healthcare delivery, ASHA worker deployment, institutional delivery"
F24_REC00114,2019,Apr,"Lucknow, Uttar Pradesh",General Health Monitoring,Low,54,NFHS,"Health data collection, fertility & mortality tracking, policy research"
F24_REC00115,2018,Sep,"Muzaffarpur, Bihar",Malaria Outbreak | Dengue Outbreak,Medium,178,UNICEF India,"Child immunization, ANC support, nutrition, disease surveillance"
F24_REC00116,2019,Feb,"Lucknow, Uttar Pradesh",Malaria Outbreak | Dengue Outbreak,Medium,147,CARE India,"Maternal & child health, nutrition, immunization, emergency response"
F24_REC00117,2020,May,"Varanasi, Uttar Pradesh",Low Institutional Deliveries,Medium,70,NFHS,"Health data collection, fertility & mortality tracking, policy research"
F24_REC00118,2020,Apr,"Agra, Uttar Pradesh",TB Burden | Low ANC Coverage,High,42,Doctors For You,"Emergency medical relief, rural health camps, TB & dengue response"
F24_REC00119,2018,Jul,"Vadodara, Gujarat",Dengue Outbreak | TB Burden | ASHA Worker Shortage,High,176,HMIS,"Health data reporting, facility monitoring, program evaluation"
F24_REC00120,2018,Aug,"Howrah, West Bengal",TB Burden,High,106,Doctors For You,"Emergency medical relief, rural health camps, TB & dengue response"
F24_REC00121,2019,Feb,"Siliguri, West Bengal",General Health Monitoring,Low,52,NFHS,"Health data collection, fertility & mortality tracking, policy research"
F24_REC00122,2020,Feb,"Mysuru, Karnataka",Dengue Outbreak,Low,84,NHM,"Primary healthcare delivery, ASHA worker deployment, institutional delivery"
F24_REC00123,2020,Feb,"Madurai, Tamil Nadu",Malaria Outbreak | Dengue Outbreak | TB Burden,Medium,178,NFHS,"Health data collection, fertility & mortality tracking, policy research"
F24_REC00124,2019,Jan,"Varanasi, Uttar Pradesh",Malaria Outbreak | Dengue Outbreak,High,141,UNICEF India,"Child immunization, ANC support, nutrition, disease surveillance"
F24_REC00125,2018,Sep,"Ahmedabad, Gujarat",Malaria Outbreak | TB Burden | Low Institutional Deliveries,Medium,153,UNICEF India,"Child immunization, ANC support, nutrition, disease surveillance"
F24_REC00126,2019,Jun,"Howrah, West Bengal",Dengue Outbreak | TB Burden,High,110,Doctors For You,"Emergency medical relief, rural health camps, TB & dengue response"
F24_REC00127,2019,Aug,"Mumbai, Maharashtra",Malaria Outbreak | TB Burden | ASHA Worker Shortage,High,177,NFHS,"Health data collection, fertility & mortality tracking, policy research"
F24_REC00128,2018,Jan,"Kolkata, West Bengal",TB Burden | Low ANC Coverage | Low Institutional Deliveries,High,104,WHO India,"Disease monitoring, TB/malaria control, epidemiology, health system strengthening"
F24_REC00129,2018,Feb,"Pune, Maharashtra",Malaria Outbreak | Dengue Outbreak,Medium,192,Doctors For You,"Emergency medical relief, rural health camps, TB & dengue response"
F24_REC00130,2020,Mar,"Coimbatore, Tamil Nadu",Malaria Outbreak | TB Burden,High,164,NHM,"Primary healthcare delivery, ASHA worker deployment, institutional delivery"
F24_REC00131,2020,Sep,"Gaya, Bihar",Malaria Outbreak | TB Burden | Low Immunization,Low,150,UNICEF India,"Child immunization, ANC support, nutrition, disease surveillance"
F24_REC00132,2020,Apr,"Ahmedabad, Gujarat",Dengue Outbreak | TB Burden | Low Immunization | ASHA Worker Shortage,Medium,169,Smile Foundation,"Primary healthcare, mobile health units, community outreach, mother-child welfare"
F24_REC00133,2018,Sep,"Madurai, Tamil Nadu",General Health Monitoring,Medium,62,Doctors For You,"Emergency medical relief, rural health camps, TB & dengue response"
F24_REC00134,2018,Jun,"Muzaffarpur, Bihar",Malaria Outbreak | Low ANC Coverage,Medium,102,Doctors For You,"Emergency medical relief, rural health camps, TB & dengue response"
F24_REC00135,2019,Aug,"Siliguri, West Bengal",Dengue Outbreak | ASHA Worker Shortage,Medium,84,HMIS,"Health data reporting, facility monitoring, program evaluation"
F24_REC00136,2018,Jul,"Muzaffarpur, Bihar",TB Burden | ASHA Worker Shortage,Low,60,Doctors For You,"Emergency medical relief, rural health camps, TB & dengue response"
F24_REC00137,2018,Mar,"Mumbai, Maharashtra",TB Burden | Low Institutional Deliveries,Low,116,Doctors For You,"Emergency medical relief, rural health camps, TB & dengue response"
F24_REC00138,2020,Jun,"Patna, Bihar",Malaria Outbreak,High,154,NHM,"Primary healthcare delivery, ASHA worker deployment, institutional delivery"
F24_REC00139,2018,Jul,"Agra, Uttar Pradesh",Dengue Outbreak | TB Burden | Low Immunization | ASHA Worker Shortage,High,138,HMIS,"Health data reporting, facility monitoring, program evaluation"
F24_REC00140,2020,Mar,"Agra, Uttar Pradesh",Malaria Outbreak,Medium,117,NHM,"Primary healthcare delivery, ASHA worker deployment, institutional delivery"
F24_REC00141,2020,Jul,"Coimbatore, Tamil Nadu",Malaria Outbreak | Dengue Outbreak | TB Burden,Low,218,HMIS,"Health data reporting, facility monitoring, program evaluation"
F24_REC00142,2019,Mar,"Pune, Maharashtra",Malaria Outbreak | Dengue Outbreak | TB Burden,High,253,NFHS,"Health data collection, fertility & mortality tracking, policy research"
F24_REC00143,2019,Aug,"Lucknow, Uttar Pradesh",Dengue Outbreak,Low,108,NFHS,"Health data collection, fertility & mortality tracking, policy research"
F24_REC00144,2018,Sep,"Bengaluru, Karnataka",Dengue Outbreak | TB Burden | Low Immunization | Low ANC Coverage,High,168,Doctors For You,"Emergency medical relief, rural health camps, TB & dengue response"
F24_REC00145,2018,Jul,"Madurai, Tamil Nadu",Dengue Outbreak | TB Burden | Low Immunization | ASHA Worker Shortage,Medium,138,WHO India,"Disease monitoring, TB/malaria control, epidemiology, health system strengthening"
F24_REC00146,2020,May,"Muzaffarpur, Bihar",Malaria Outbreak,Medium,113,WHO India,"Disease monitoring, TB/malaria control, epidemiology, health system strengthening"
F24_REC00147,2018,Mar,"Agra, Uttar Pradesh",Dengue Outbreak,Medium,107,NHM,"Primary healthcare delivery, ASHA worker deployment, institutional delivery"
F24_REC00148,2019,Jun,"Gaya, Bihar",Malaria Outbreak | TB Burden | Low Institutional Deliveries,Low,177,Doctors For You,"Emergency medical relief, rural health camps, TB & dengue response"
F24_REC00149,2018,Jul,"Muzaffarpur, Bihar",Low ANC Coverage | ASHA Worker Shortage,Medium,51,HMIS,"Health data reporting, facility monitoring, program evaluation"
F24_REC00150,2019,May,"Hubli, Karnataka",General Health Monitoring,High,50,NFHS,"Health data collection, fertility & mortality tracking, policy research"
F24_REC00151,2020,Jan,"Madurai, Tamil Nadu",Malaria Outbreak | Dengue Outbreak | TB Burden | Low Institutional Deliveries,High,194,UNICEF India,"Child immunization, ANC support, nutrition, disease surveillance"
F24_REC00152,2020,May,"Chennai, Tamil Nadu",Dengue Outbreak | Low Institutional Deliveries,Low,102,Smile Foundation,"Primary healthcare, mobile health units, community outreach, mother-child welfare"
F24_REC00153,2020,Mar,"Mysuru, Karnataka",Malaria Outbreak | Dengue Outbreak | TB Burden,High,144,Smile Foundation,"Primary healthcare, mobile health units, community outreach, mother-child welfare"
F24_REC00154,2020,Jun,"Bengaluru, Karnataka",TB Burden | Low ANC Coverage | Low Institutional Deliveries,Medium,82,HMIS,"Health data reporting, facility monitoring, program evaluation"
F24_REC00155,2018,Mar,"Hubli, Karnataka",TB Burden | Low Institutional Deliveries | ASHA Worker Shortage,High,97,WHO India,"Disease monitoring, TB/malaria control, epidemiology, health system strengthening"
F24_REC00156,2020,Sep,"Varanasi, Uttar Pradesh",Dengue Outbreak | ASHA Worker Shortage,High,100,WHO India,"Disease monitoring, TB/malaria control, epidemiology, health system strengthening"
F24_REC00157,2020,Feb,"Hubli, Karnataka",Malaria Outbreak | Dengue Outbreak | Low Institutional Deliveries,Medium,189,WHO India,"Disease monitoring, TB/malaria control, epidemiology, health system strengthening"
F24_REC00158,2018,Jun,"Ahmedabad, Gujarat",Dengue Outbreak,Medium,74,Doctors For You,"Emergency medical relief, rural health camps, TB & dengue response"
F24_REC00159,2019,Apr,"Chennai, Tamil Nadu",Malaria Outbreak | Dengue Outbreak | Low Immunization | Low ANC Coverage,Medium,186,NFHS,"Health data collection, fertility & mortality tracking, policy research"
F24_REC00160,2018,Sep,"Mysuru, Karnataka",Malaria Outbreak | Low Institutional Deliveries,High,124,WHO India,"Disease monitoring, TB/malaria control, epidemiology, health system strengthening"
F24_REC00161,2020,Sep,"Varanasi, Uttar Pradesh",Dengue Outbreak,High,68,CARE India,"Maternal & child health, nutrition, immunization, emergency response"
F24_REC00162,2019,May,"Mumbai, Maharashtra",Dengue Outbreak,High,99,NFHS,"Health data collection, fertility & mortality tracking, policy research"
F24_REC00163,2020,Jun,"Surat, Gujarat",Malaria Outbreak | TB Burden,High,150,WHO India,"Disease monitoring, TB/malaria control, epidemiology, health system strengthening"
F24_REC00164,2018,Jun,"Lucknow, Uttar Pradesh",Malaria Outbreak | TB Burden | Low Immunization,High,138,NHM,"Primary healthcare delivery, ASHA worker deployment, institutional delivery"
F24_REC00165,2020,Feb,"Mumbai, Maharashtra",Malaria Outbreak,High,172,NFHS,"Health data collection, fertility & mortality tracking, policy research"
F24_REC00166,2019,Mar,"Kolkata, West Bengal",General Health Monitoring,High,44,NFHS,"Health data collection, fertility & mortality tracking, policy research"
F24_REC00167,2018,Aug,"Pune, Maharashtra",TB Burden | Low ANC Coverage,Medium,110,Doctors For You,"Emergency medical relief, rural health camps, TB & dengue response"
F24_REC00168,2019,Jan,"Chennai, Tamil Nadu",Malaria Outbreak,High,85,NFHS,"Health data collection, fertility & mortality tracking, policy research"
F24_REC00169,2020,Jul,"Nagpur, Maharashtra",Malaria Outbreak | Dengue Outbreak | TB Burden,High,185,Smile Foundation,"Primary healthcare, mobile health units, community outreach, mother-child welfare"
F24_REC00170,2020,Jan,"Coimbatore, Tamil Nadu",Dengue Outbreak | ASHA Worker Shortage,High,95,NHM,"Primary healthcare delivery, ASHA worker deployment, institutional delivery"
F24_REC00171,2019,Jul,"Lucknow, Uttar Pradesh",Malaria Outbreak | Dengue Outbreak | ASHA Worker Shortage,High,187,Smile Foundation,"Primary healthcare, mobile health units, community outreach, mother-child welfare"
F24_REC00172,2018,Apr,"Varanasi, Uttar Pradesh",TB Burden,High,80,NHM,"Primary healthcare delivery, ASHA worker deployment, institutional delivery"
F24_REC00173,2020,Apr,"Muzaffarpur, Bihar",Malaria Outbreak | Dengue Outbreak | ASHA Worker Shortage,Low,180,NFHS,"Health data collection, fertility & mortality tracking, policy research"
F24_REC00174,2018,May,"Vadodara, Gujarat",TB Burden | Low Immunization,Low,88,NFHS,"Health data collection, fertility & mortality tracking, policy research"
F24_REC00175,2019,Jul,"Bengaluru, Karnataka",Dengue Outbreak | Low Institutional Deliveries,Medium,122,NHM,"Primary healthcare delivery, ASHA worker deployment, institutional delivery"
F24_REC00176,2020,Jun,"Pune, Maharashtra",Malaria Outbreak,High,104,WHO India,"Disease monitoring, TB/malaria control, epidemiology, health system strengthening"
F24_REC00177,2018,Jun,"Chennai, Tamil Nadu",Malaria Outbreak | Dengue Outbreak | Low ANC Coverage,Low,172,CARE India,"Maternal & child health, nutrition, immunization, emergency response"
F24_REC00178,2019,Jan,"Muzaffarpur, Bihar",Malaria Outbreak | Dengue Outbreak | Low Institutional Deliveries,Medium,176,Doctors For You,"Emergency medical relief, rural health camps, TB & dengue response"
F24_REC00179,2020,Sep,"Hubli, Karnataka",Malaria Outbreak | Dengue Outbreak,Medium,156,Doctors For You,"Emergency medical relief, rural health camps, TB & dengue response"
F24_REC00180,2018,Aug,"Bengaluru, Karnataka",Malaria Outbreak | TB Burden | Low Institutional Deliveries | ASHA Worker Shortage,Medium,135,HMIS,"Health data reporting, facility monitoring, program evaluation"
F24_REC00181,2018,Apr,"Mysuru, Karnataka",Dengue Outbreak | Low ANC Coverage,Medium,76,Doctors For You,"Emergency medical relief, rural health camps, TB & dengue response"
F24_REC00182,2019,Aug,"Muzaffarpur, Bihar",Malaria Outbreak | Dengue Outbreak | TB Burden | Low Immunization | ASHA Worker Shortage,Low,159,HMIS,"Health data reporting, facility monitoring, program evaluation"
F24_REC00183,2018,Apr,"Muzaffarpur, Bihar",Dengue Outbreak,Medium,71,NFHS,"Health data collection, fertility & mortality tracking, policy research"
F24_REC00184,2018,Aug,"Surat, Gujarat",TB Burden | ASHA Worker Shortage,High,94,NHM,"Primary healthcare delivery, ASHA worker deployment, institutional delivery"
F24_REC00185,2019,Feb,"Patna, Bihar",TB Burden | Low ANC Coverage,High,109,CARE India,"Maternal & child health, nutrition, immunization, emergency response"
F24_REC00186,2018,Jul,"Madurai, Tamil Nadu",Malaria Outbreak | Dengue Outbreak | TB Burden,Medium,176,HMIS,"Health data reporting, facility monitoring, program evaluation"
F24_REC00187,2020,Jan,"Chennai, Tamil Nadu",Dengue Outbreak,Low,129,NFHS,"Health data collection, fertility & mortality tracking, policy research"
F24_REC00188,2018,Mar,"Gaya, Bihar",Malaria Outbreak | Dengue Outbreak | TB Burden | Low ANC Coverage | ASHA Worker Shortage,High,204,WHO India,"Disease monitoring, TB/malaria control, epidemiology, health system strengthening"
F24_REC00189,2019,Sep,"Gaya, Bihar",Malaria Outbreak | Dengue Outbreak | Low Institutional Deliveries | ASHA Worker Shortage,Low,144,NHM,"Primary healthcare delivery, ASHA worker deployment, institutional delivery"
F24_REC00190,2019,Sep,"Mysuru, Karnataka",Dengue Outbreak | Low ANC Coverage,Low,109,NHM,"Primary healthcare delivery, ASHA worker deployment, institutional delivery"
F24_REC00191,2019,May,"Mumbai, Maharashtra",Malaria Outbreak | TB Burden,High,95,Doctors For You,"Emergency medical relief, rural health camps, TB & dengue response"
F24_REC00192,2019,Mar,"Surat, Gujarat",Malaria Outbreak | TB Burden,Low,163,Smile Foundation,"Primary healthcare, mobile health units, community outreach, mother-child welfare"
F24_REC00193,2018,Mar,"Vadodara, Gujarat",Malaria Outbreak | TB Burden,Low,159,WHO India,"Disease monitoring, TB/malaria control, epidemiology, health system strengthening"
F24_REC00194,2020,Jun,"Surat, Gujarat",Malaria Outbreak | TB Burden | Low ANC Coverage,Low,164,NFHS,"Health data collection, fertility & mortality tracking, policy research"
F24_REC00195,2019,Mar,"Vadodara, Gujarat",Dengue Outbreak | TB Burden,High,124,NFHS,"Health data collection, fertility & mortality tracking, policy research"
F24_REC00196,2019,Feb,"Kolkata, West Bengal",Malaria Outbreak,Medium,113,Doctors For You,"Emergency medical relief, rural health camps, TB & dengue response"
F24_REC00197,2020,May,"Mysuru, Karnataka",Dengue Outbreak | ASHA Worker Shortage,Medium,85,UNICEF India,"Child immunization, ANC support, nutrition, disease surveillance"
F24_REC00198,2018,Mar,"Surat, Gujarat",Dengue Outbreak | TB Burden | Low Institutional Deliveries,Medium,178,Doctors For You,"Emergency medical relief, rural health camps, TB & dengue response"
F24_REC00199,2020,Sep,"Kolkata, West Bengal",Malaria Outbreak | Dengue Outbreak,High,179,WHO India,"Disease monitoring, TB/malaria control, epidemiology, health system strengthening"
F25_REC00000,2015,Jul,"Agra, Uttar Pradesh",Malaria Outbreak | TB Burden | Low Immunization | Low ANC Coverage,Medium,117,HMIS,"Health data reporting, facility monitoring, program evaluation"
F25_REC00001,2016,Jun,"Mysuru, Karnataka",General Health Monitoring,Low,48,NFHS,"Health data collection, fertility & mortality tracking, policy research"
F25_REC00002,2015,Mar,"Kolkata, West Bengal",Malaria Outbreak | Dengue Outbreak | TB Burden,Medium,200,WHO India,"Disease monitoring, TB/malaria control, epidemiology, health system strengthening"
F25_REC00003,2015,Jan,"Lucknow, Uttar Pradesh",General Health Monitoring,High,42,UNICEF India,"Child immunization, ANC support, nutrition, disease surveillance"
F25_REC00004,2016,Apr,"Vadodara, Gujarat",Malaria Outbreak | Dengue Outbreak,Low,113,Doctors For You,"Emergency medical relief, rural health camps, TB & dengue response"
F25_REC00005,2016,May,"Mumbai, Maharashtra",Malaria Outbreak | ASHA Worker Shortage,Low,96,NFHS,"Health data collection, fertility & mortality tracking, policy research"
F25_REC00006,2016,Feb,"Vadodara, Gujarat",Malaria Outbreak | Dengue Outbreak | TB Burden | ASHA Worker Shortage,Medium,167,Doctors For You,"Emergency medical relief, rural health camps, TB & dengue response"
F25_REC00007,2015,Feb,"Mysuru, Karnataka",Malaria Outbreak | Dengue Outbreak | TB Burden,Low,209,Doctors For You,"Emergency medical relief, rural health camps, TB & dengue response"
F25_REC00008,2015,Aug,"Bengaluru, Karnataka",Malaria Outbreak | Dengue Outbreak | TB Burden | ASHA Worker Shortage,Low,206,WHO India,"Disease monitoring, TB/malaria control, epidemiology, health system strengthening"
F25_REC00009,2016,Apr,"Varanasi, Uttar Pradesh",Malaria Outbreak,Medium,123,WHO India,"Disease monitoring, TB/malaria control, epidemiology, health system strengthening"
F25_REC00010,2016,Feb,"Ahmedabad, Gujarat",Dengue Outbreak | TB Burden,High,151,Doctors For You,"Emergency medical relief, rural health camps, TB & dengue response"
F25_REC00011,2016,Jun,"Bengaluru, Karnataka",TB Burden | ASHA Worker Shortage,High,81,NHM,"Primary healthcare delivery, ASHA worker deployment, institutional delivery"
F25_REC00012,2017,Feb,"Madurai, Tamil Nadu",Malaria Outbreak | TB Burden | Low Immunization,Medium,130,UNICEF India,"Child immunization, ANC support, nutrition, disease surveillance"
F25_REC00013,2017,Jun,"Kolkata, West Bengal",Malaria Outbreak | TB Burden | ASHA Worker Shortage,High,155,HMIS,"Health data reporting, facility monitoring, program evaluation"
F25_REC00014,2015,Jul,"Agra, Uttar Pradesh",Low Immunization,Low,88,Doctors For You,"Emergency medical relief, rural health camps, TB & dengue response"
F25_REC00015,2016,Jun,"Patna, Bihar",Malaria Outbreak | Dengue Outbreak | TB Burden | ASHA Worker Shortage,High,169,NFHS,"Health data collection, fertility & mortality tracking, policy research"
F25_REC00016,2016,Aug,"Pune, Maharashtra",Dengue Outbreak | TB Burden,High,128,UNICEF India,"Child immunization, ANC support, nutrition, disease surveillance"
F25_REC00017,2015,Feb,"Varanasi, Uttar Pradesh",Malaria Outbreak | Dengue Outbreak | TB Burden | Low Institutional Deliveries | ASHA Worker Shortage,Low,155,CARE India,"Maternal & child health, nutrition, immunization, emergency response"
F25_REC00018,2015,Aug,"Pune, Maharashtra",Dengue Outbreak,Low,121,WHO India,"Disease monitoring, TB/malaria control, epidemiology, health system strengthening"
F25_REC00019,2015,Jul,"Howrah, West Bengal",Malaria Outbreak | Dengue Outbreak | TB Burden | ASHA Worker Shortage,High,202,HMIS,"Health data reporting, facility monitoring, program evaluation"
F25_REC00020,2017,May,"Coimbatore, Tamil Nadu",Malaria Outbreak | Low Institutional Deliveries,Medium,119,UNICEF India,"Child immunization, ANC support, nutrition, disease surveillance"
F25_REC00021,2015,Feb,"Vadodara, Gujarat",Dengue Outbreak,Low,98,Smile Foundation,"Primary healthcare, mobile health units, community outreach, mother-child welfare"
F25_REC00022,2016,Sep,"Pune, Maharashtra",TB Burden | ASHA Worker Shortage,High,87,NFHS,"Health data collection, fertility & mortality tracking, policy research"
F25_REC00023,2015,Jun,"Bengaluru, Karnataka",Low ANC Coverage,Low,46,WHO India,"Disease monitoring, TB/malaria control, epidemiology, health system strengthening"
F25_REC00024,2017,Feb,"Varanasi, Uttar Pradesh",Dengue Outbreak | TB Burden,High,187,UNICEF India,"Child immunization, ANC support, nutrition, disease surveillance"
F25_REC00025,2017,Jun,"Varanasi, Uttar Pradesh",TB Burden | ASHA Worker Shortage,Medium,99,NHM,"Primary healthcare delivery, ASHA worker deployment, institutional delivery"
F25_REC00026,2016,Aug,"Kolkata, West Bengal",Malaria Outbreak | Dengue Outbreak | TB Burden,Low,235,NHM,"Primary healthcare delivery, ASHA worker deployment, institutional delivery"
F25_REC00027,2017,Aug,"Hubli, Karnataka",ASHA Worker Shortage,Low,41,NFHS,"Health data collection, fertility & mortality tracking, policy research"
F25_REC00028,2017,Mar,"Varanasi, Uttar Pradesh",Malaria Outbreak | TB Burden,Medium,126,Doctors For You,"Emergency medical relief, rural health camps, TB & dengue response"
F25_REC00029,2016,Jul,"Mysuru, Karnataka",Malaria Outbreak | TB Burden,Low,130,NHM,"Primary healthcare delivery, ASHA worker deployment, institutional delivery"
F25_REC00030,2016,May,"Muzaffarpur, Bihar",Malaria Outbreak | TB Burden,Medium,162,NHM,"Primary healthcare delivery, ASHA worker deployment, institutional delivery"
F25_REC00031,2016,Mar,"Lucknow, Uttar Pradesh",Malaria Outbreak | TB Burden,High,148,Doctors For You,"Emergency medical relief, rural health camps, TB & dengue response"
F25_REC00032,2015,May,"Howrah, West Bengal",Malaria Outbreak | Dengue Outbreak | TB Burden | Low Institutional Deliveries,Medium,207,NHM,"Primary healthcare delivery, ASHA worker deployment, institutional delivery"
F25_REC00033,2016,Jun,"Muzaffarpur, Bihar",Malaria Outbreak | Dengue Outbreak | Low Institutional Deliveries | ASHA Worker Shortage,Medium,193,Doctors For You,"Emergency medical relief, rural health camps, TB & dengue response"
F25_REC00034,2017,Aug,"Mysuru, Karnataka",Malaria Outbreak,Low,138,HMIS,"Health data reporting, facility monitoring, program evaluation"
F25_REC00035,2015,Jun,"Chennai, Tamil Nadu",Low Institutional Deliveries,Low,48,Doctors For You,"Emergency medical relief, rural health camps, TB & dengue response"
F25_REC00036,2015,May,"Pune, Maharashtra",Malaria Outbreak | Dengue Outbreak,High,161,HMIS,"Health data reporting, facility monitoring, program evaluation"
F25_REC00037,2016,Jul,"Chennai, Tamil Nadu",Malaria Outbreak | TB Burden | Low Institutional Deliveries,High,102,UNICEF India,"Child immunization, ANC support, nutrition, disease surveillance"
F25_REC00038,2016,Sep,"Siliguri, West Bengal",Malaria Outbreak,Low,158,UNICEF India,"Child immunization, ANC support, nutrition, disease surveillance"
F25_REC00039,2016,Sep,"Pune, Maharashtra",Malaria Outbreak,High,84,HMIS,"Health data reporting, facility monitoring, program evaluation"
F25_REC00040,2016,Jul,"Siliguri, West Bengal",Malaria Outbreak | Dengue Outbreak | Low Immunization | ASHA Worker Shortage,Low,157,UNICEF India,"Child immunization, ANC support, nutrition, disease surveillance"
F25_REC00041,2017,Jun,"Hubli, Karnataka",Malaria Outbreak | Dengue Outbreak | TB Burden | Low ANC Coverage,Medium,214,NFHS,"Health data collection, fertility & mortality tracking, policy research"
F25_REC00042,2016,Aug,"Vadodara, Gujarat",Malaria Outbreak | TB Burden,Low,163,Smile Foundation,"Primary healthcare, mobile health units, community outreach, mother-child welfare"
F25_REC00043,2017,Jan,"Lucknow, Uttar Pradesh",TB Burden,Medium,87,UNICEF India,"Child immunization, ANC support, nutrition, disease surveillance"
F25_REC00044,2017,Apr,"Bengaluru, Karnataka",Dengue Outbreak | Low Immunization | ASHA Worker Shortage,Low,128,Doctors For You,"Emergency medical relief, rural health camps, TB & dengue response"
F25_REC00045,2015,Mar,"Howrah, West Bengal",Malaria Outbreak | ASHA Worker Shortage,Medium,99,HMIS,"Health data reporting, facility monitoring, program evaluation"
F25_REC00046,2015,May,"Siliguri, West Bengal",TB Burden,Low,48,WHO India,"Disease monitoring, TB/malaria control, epidemiology, health system strengthening"
F25_REC00047,2015,Jan,"Lucknow, Uttar Pradesh",TB Burden,High,96,CARE India,"Maternal & child health, nutrition, immunization, emergency response"
F25_REC00048,2015,May,"Agra, Uttar Pradesh",Dengue Outbreak | ASHA Worker Shortage,High,112,WHO India,"Disease monitoring, TB/malaria control, epidemiology, health system strengthening"
F25_REC00049,2015,Feb,"Siliguri, West Bengal",Malaria Outbreak | Low Immunization | ASHA Worker Shortage,Low,138,Doctors For You,"Emergency medical relief, rural health camps, TB & dengue response"
F25_REC00050,2015,Apr,"Pune, Maharashtra",Malaria Outbreak | Dengue Outbreak | TB Burden | Low Institutional Deliveries,Medium,221,HMIS,"Health data reporting, facility monitoring, program evaluation"
F25_REC00051,2017,May,"Lucknow, Uttar Pradesh",Dengue Outbreak | TB Burden,High,160,NFHS,"Health data collection, fertility & mortality tracking, policy research"
F25_REC00052,2015,May,"Lucknow, Uttar Pradesh",Malaria Outbreak | Dengue Outbreak | TB Burden | ASHA Worker Shortage,Low,221,UNICEF India,"Child immunization, ANC support, nutrition, disease surveillance"
F25_REC00053,2017,Feb,"Nagpur, Maharashtra",Malaria Outbreak | ASHA Worker Shortage,High,121,Smile Foundation,"Primary healthcare, mobile health units, community outreach, mother-child welfare"
F25_REC00054,2015,Sep,"Gaya, Bihar",Malaria Outbreak | Dengue Outbreak,Low,137,HMIS,"Health data reporting, facility monitoring, program evaluation"
F25_REC00055,2016,Jul,"Lucknow, Uttar Pradesh",TB Burden,Low,90,UNICEF India,"Child immunization, ANC support, nutrition, disease surveillance"
F25_REC00056,2016,Jul,"Vadodara, Gujarat",TB Burden,High,93,CARE India,"Maternal & child health, nutrition, immunization, emergency response"
F25_REC00057,2015,May,"Madurai, Tamil Nadu",Dengue Outbreak | Low Immunization,High,95,CARE India,"Maternal & child health, nutrition, immunization, emergency response"
F25_REC00058,2015,Jun,"Chennai, Tamil Nadu",Malaria Outbreak | TB Burden,Medium,124,CARE India,"Maternal & child health, nutrition, immunization, emergency response"
F25_REC00059,2017,Jan,"Hubli, Karnataka",Malaria Outbreak,High,139,Doctors For You,"Emergency medical relief, rural health camps, TB & dengue response"
F25_REC00060,2016,Jun,"Howrah, West Bengal",Dengue Outbreak,Medium,83,NFHS,"Health data collection, fertility & mortality tracking, policy research"
F25_REC00061,2015,Apr,"Ahmedabad, Gujarat",Malaria Outbreak | TB Burden,Medium,190,Smile Foundation,"Primary healthcare, mobile health units, community outreach, mother-child welfare"
F25_REC00062,2017,Jan,"Muzaffarpur, Bihar",Low Institutional Deliveries,Low,82,UNICEF India,"Child immunization, ANC support, nutrition, disease surveillance"
F25_REC00063,2017,Jan,"Nagpur, Maharashtra",Malaria Outbreak | Dengue Outbreak,High,198,CARE India,"Maternal & child health, nutrition, immunization, emergency response"
F25_REC00064,2016,Jun,"Muzaffarpur, Bihar",Malaria Outbreak | Dengue Outbreak,Medium,163,UNICEF India,"Child immunization, ANC support, nutrition, disease surveillance"
F25_REC00065,2015,Jul,"Varanasi, Uttar Pradesh",Malaria Outbreak,High,119,CARE India,"Maternal & child health, nutrition, immunization, emergency response"
F25_REC00066,2017,Jul,"Surat, Gujarat",TB Burden,Medium,96,NFHS,"Health data collection, fertility & mortality tracking, policy research"
F25_REC00067,2017,Jun,"Varanasi, Uttar Pradesh",Malaria Outbreak | Dengue Outbreak | Low ANC Coverage,Medium,105,NHM,"Primary healthcare delivery, ASHA worker deployment, institutional delivery"
F25_REC00068,2016,Sep,"Pune, Maharashtra",TB Burden | Low ANC Coverage,Low,83,CARE India,"Maternal & child health, nutrition, immunization, emergency response"
F25_REC00069,2017,Jan,"Patna, Bihar",Malaria Outbreak | TB Burden,Medium,171,NFHS,"Health data collection, fertility & mortality tracking, policy research"
F25_REC00070,2016,Feb,"Bengaluru, Karnataka",Malaria Outbreak | Dengue Outbreak,Low,190,Smile Foundation,"Primary healthcare, mobile health units, community outreach, mother-child welfare"
F25_REC00071,2015,Jul,"Varanasi, Uttar Pradesh",Dengue Outbreak | TB Burden,High,157,NFHS,"Health data collection, fertility & mortality tracking, policy research"
F25_REC00072,2016,Jul,"Howrah, West Bengal",Malaria Outbreak,Medium,111,UNICEF India,"Child immunization, ANC support, nutrition, disease surveillance"
F25_REC00073,2017,Jan,"Bengaluru, Karnataka",Malaria Outbreak | TB Burden | Low Immunization | ASHA Worker Shortage,Medium,176,CARE India,"Maternal & child health, nutrition, immunization, emergency response"
F25_REC00074,2016,Aug,"Siliguri, West Bengal",General Health Monitoring,Low,24,CARE India,"Maternal & child health, nutrition, immunization, emergency response"
F25_REC00075,2016,Apr,"Ahmedabad, Gujarat",Malaria Outbreak | TB Burden | Low Institutional Deliveries | ASHA Worker Shortage,Low,120,Smile Foundation,"Primary healthcare, mobile health units, community outreach, mother-child welfare"
F25_REC00076,2016,Sep,"Hubli, Karnataka",TB Burden,Low,135,UNICEF India,"Child immunization, ANC support, nutrition, disease surveillance"
F25_REC00077,2015,Apr,"Gaya, Bihar",Malaria Outbreak | Dengue Outbreak | TB Burden,Medium,190,NFHS,"Health data collection, fertility & mortality tracking, policy research"
F25_REC00078,2017,Feb,"Varanasi, Uttar Pradesh",Dengue Outbreak,Low,111,WHO India,"Disease monitoring, TB/malaria control, epidemiology, health system strengthening"
F25_REC00079,2017,Aug,"Muzaffarpur, Bihar",Malaria Outbreak | Dengue Outbreak | ASHA Worker Shortage,Medium,211,Smile Foundation,"Primary healthcare, mobile health units, community outreach, mother-child welfare"
F25_REC00080,2016,Apr,"Surat, Gujarat",Malaria Outbreak,Low,111,HMIS,"Health data reporting, facility monitoring, program evaluation"
F25_REC00081,2016,Jan,"Muzaffarpur, Bihar",Malaria Outbreak | Dengue Outbreak,Low,183,CARE India,"Maternal & child health, nutrition, immunization, emergency response"
F25_REC00082,2015,Aug,"Pune, Maharashtra",Dengue Outbreak | TB Burden,Medium,118,UNICEF India,"Child immunization, ANC support, nutrition, disease surveillance"
F25_REC00083,2017,Jun,"Mumbai, Maharashtra",Malaria Outbreak | Dengue Outbreak,Medium,194,WHO India,"Disease monitoring, TB/malaria control, epidemiology, health system strengthening"
F25_REC00084,2015,May,"Mysuru, Karnataka",Malaria Outbreak | Dengue Outbreak | TB Burden | ASHA Worker Shortage,High,178,WHO India,"Disease monitoring, TB/malaria control, epidemiology, health system strengthening"
F25_REC00085,2017,Jun,"Pune, Maharashtra",Malaria Outbreak | TB Burden,Medium,136,CARE India,"Maternal & child health, nutrition, immunization, emergency response"
F25_REC00086,2015,Jan,"Gaya, Bihar",General Health Monitoring,High,52,Smile Foundation,"Primary healthcare, mobile health units, community outreach, mother-child welfare"
F25_REC00087,2017,Jul,"Siliguri, West Bengal",Dengue Outbreak,Low,90,NFHS,"Health data collection, fertility & mortality tracking, policy research"
F25_REC00088,2017,Jun,"Chennai, Tamil Nadu",Malaria Outbreak | ASHA Worker Shortage,High,86,UNICEF India,"Child immunization, ANC support, nutrition, disease surveillance"
F25_REC00089,2015,May,"Bengaluru, Karnataka",General Health Monitoring,Medium,88,HMIS,"Health data reporting, facility monitoring, program evaluation"
F25_REC00090,2015,Jul,"Coimbatore, Tamil Nadu",Malaria Outbreak | TB Burden,Medium,157,WHO India,"Disease monitoring, TB/malaria control, epidemiology, health system strengthening"
F25_REC00091,2016,Aug,"Hubli, Karnataka",Dengue Outbreak | TB Burden | Low Immunization,High,155,HMIS,"Health data reporting, facility monitoring, program evaluation"
F25_REC00092,2016,Apr,"Kolkata, West Bengal",General Health Monitoring,High,85,NHM,"Primary healthcare delivery, ASHA worker deployment, institutional delivery"
F25_REC00093,2017,Jul,"Gaya, Bihar",TB Burden | Low Immunization | ASHA Worker Shortage,Low,87,HMIS,"Health data reporting, facility monitoring, program evaluation"
F25_REC00094,2017,Jul,"Surat, Gujarat",Dengue Outbreak,Medium,105,UNICEF India,"Child immunization, ANC support, nutrition, disease surveillance"
F25_REC00095,2016,Feb,"Howrah, West Bengal",Malaria Outbreak | Dengue Outbreak | TB Burden | Low Institutional Deliveries,Low,181,HMIS,"Health data reporting, facility monitoring, program evaluation"
F25_REC00096,2016,Jul,"Howrah, West Bengal",Dengue Outbreak | TB Burden | ASHA Worker Shortage,High,125,WHO India,"Disease monitoring, TB/malaria control, epidemiology, health system strengthening"
F25_REC00097,2015,May,"Madurai, Tamil Nadu",Malaria Outbreak | Dengue Outbreak,High,188,NFHS,"Health data collection, fertility & mortality tracking, policy research"
F25_REC00098,2017,Mar,"Howrah, West Bengal",TB Burden | ASHA Worker Shortage,High,77,Doctors For You,"Emergency medical relief, rural health camps, TB & dengue response"
F25_REC00099,2017,May,"Coimbatore, Tamil Nadu",Malaria Outbreak | TB Burden,High,147,NHM,"Primary healthcare delivery, ASHA worker deployment, institutional delivery"
F25_REC00100,2015,Aug,"Mumbai, Maharashtra",Malaria Outbreak | Dengue Outbreak | Low ANC Coverage,Medium,143,HMIS,"Health data reporting, facility monitoring, program evaluation"
F25_REC00101,2016,Aug,"Pune, Maharashtra",Malaria Outbreak | Dengue Outbreak,Low,190,HMIS,"Health data reporting, facility monitoring, program evaluation"
F25_REC00102,2016,May,"Muzaffarpur, Bihar",Low Immunization | ASHA Worker Shortage,High,41,WHO India,"Disease monitoring, TB/malaria control, epidemiology, health system strengthening"
F25_REC00103,2015,Jan,"Varanasi, Uttar Pradesh",Low Institutional Deliveries,Medium,61,Smile Foundation,"Primary healthcare, mobile health units, community outreach, mother-child welfare"
F25_REC00104,2017,Jan,"Nagpur, Maharashtra",Low Immunization,Low,86,UNICEF India,"Child immunization, ANC support, nutrition, disease surveillance"
F25_REC00105,2015,Sep,"Siliguri, West Bengal",Dengue Outbreak,High,80,CARE India,"Maternal & child health, nutrition, immunization, emergency response"
F25_REC00106,2017,Jan,"Agra, Uttar Pradesh",TB Burden,Medium,107,CARE India,"Maternal & child health, nutrition, immunization, emergency response"
F25_REC00107,2017,Sep,"Gaya, Bihar",Malaria Outbreak | Dengue Outbreak,Low,114,WHO India,"Disease monitoring, TB/malaria control, epidemiology, health system strengthening"
F25_REC00108,2017,Mar,"Varanasi, Uttar Pradesh",General Health Monitoring,High,49,NHM,"Primary healthcare delivery, ASHA worker deployment, institutional delivery"
F25_REC00109,2015,Feb,"Vadodara, Gujarat",Malaria Outbreak | Dengue Outbreak | Low ANC Coverage | Low Institutional Deliveries,Medium,144,UNICEF India,"Child immunization, ANC support, nutrition, disease surveillance"
F25_REC00110,2016,May,"Bengaluru, Karnataka",Malaria Outbreak | Dengue Outbreak,Medium,193,UNICEF India,"Child immunization, ANC support, nutrition, disease surveillance"
F25_REC00111,2017,Jul,"Patna, Bihar",Malaria Outbreak | Dengue Outbreak | Low ANC Coverage | ASHA Worker Shortage,High,162,UNICEF India,"Child immunization, ANC support, nutrition, disease surveillance"
F25_REC00112,2016,Jan,"Lucknow, Uttar Pradesh",Malaria Outbreak | Dengue Outbreak | Low ANC Coverage | ASHA Worker Shortage,Low,171,NHM,"Primary healthcare delivery, ASHA worker deployment, institutional delivery"
F25_REC00113,2016,Apr,"Gaya, Bihar",Malaria Outbreak | TB Burden | Low Immunization,Low,122,Smile Foundation,"Primary healthcare, mobile health units, community outreach, mother-child welfare"
F25_REC00114,2015,Jul,"Vadodara, Gujarat",Malaria Outbreak | Dengue Outbreak | Low Immunization,High,165,Smile Foundation,"Primary healthcare, mobile health units, community outreach, mother-child welfare"
F25_REC00115,2016,Jun,"Surat, Gujarat",Malaria Outbreak,Medium,83,HMIS,"Health data reporting, facility monitoring, program evaluation"
F25_REC00116,2016,May,"Lucknow, Uttar Pradesh",Dengue Outbreak,High,112,HMIS,"Health data reporting, facility monitoring, program evaluation"
F25_REC00117,2015,Feb,"Kolkata, West Bengal",Malaria Outbreak | Dengue Outbreak,High,123,UNICEF India,"Child immunization, ANC support, nutrition, disease surveillance"
F25_REC00118,2015,Jun,"Vadodara, Gujarat",Malaria Outbreak | Dengue Outbreak,High,160,Smile Foundation,"Primary healthcare, mobile health units, community outreach, mother-child welfare"
F25_REC00119,2017,Mar,"Surat, Gujarat",Dengue Outbreak | TB Burden,Medium,151,Doctors For You,"Emergency medical relief, rural health camps, TB & dengue response"
F25_REC00120,2015,Sep,"Nagpur, Maharashtra",Dengue Outbreak | TB Burden | ASHA Worker Shortage,High,129,UNICEF India,"Child immunization, ANC support, nutrition, disease surveillance"
F25_REC00121,2015,Jan,"Siliguri, West Bengal",Dengue Outbreak,Low,92,Doctors For You,"Emergency medical relief, rural health camps, TB & dengue response"
F25_REC00122,2016,Feb,"Mumbai, Maharashtra",Dengue Outbreak | TB Burden,Low,147,HMIS,"Health data reporting, facility monitoring, program evaluation"
F25_REC00123,2015,Apr,"Surat, Gujarat",Low ANC Coverage,High,62,Doctors For You,"Emergency medical relief, rural health camps, TB & dengue response"
F25_REC00124,2017,Jan,"Mysuru, Karnataka",Dengue Outbreak | TB Burden | ASHA Worker Shortage,Low,154,HMIS,"Health data reporting, facility monitoring, program evaluation"
F25_REC00125,2016,Apr,"Bengaluru, Karnataka",Malaria Outbreak | Dengue Outbreak | TB Burden | Low ANC Coverage,Low,180,Doctors For You,"Emergency medical relief, rural health camps, TB & dengue response"
F25_REC00126,2016,Jun,"Lucknow, Uttar Pradesh",Malaria Outbreak | Dengue Outbreak | TB Burden,Low,200,CARE India,"Maternal & child health, nutrition, immunization, emergency response"
F25_REC00127,2016,Sep,"Nagpur, Maharashtra",Dengue Outbreak | Low Institutional Deliveries,Low,120,NFHS,"Health data collection, fertility & mortality tracking, policy research"
F25_REC00128,2016,Jun,"Howrah, West Bengal",Malaria Outbreak,Low,120,UNICEF India,"Child immunization, ANC support, nutrition, disease surveillance"
F25_REC00129,2017,Apr,"Agra, Uttar Pradesh",Malaria Outbreak | Dengue Outbreak,Low,170,UNICEF India,"Child immunization, ANC support, nutrition, disease surveillance"
F25_REC00130,2016,Aug,"Kolkata, West Bengal",Malaria Outbreak | Dengue Outbreak,Low,189,NFHS,"Health data collection, fertility & mortality tracking, policy research"
F25_REC00131,2016,Jul,"Lucknow, Uttar Pradesh",Malaria Outbreak | ASHA Worker Shortage,Low,91,Doctors For You,"Emergency medical relief, rural health camps, TB & dengue response"
F25_REC00132,2016,Apr,"Agra, Uttar Pradesh",Malaria Outbreak | Dengue Outbreak | TB Burden | Low Immunization | Low ANC Coverage,High,232,UNICEF India,"Child immunization, ANC support, nutrition, disease surveillance"
F25_REC00133,2015,Feb,"Bengaluru, Karnataka",Malaria Outbreak | Dengue Outbreak | Low ANC Coverage,Low,173,HMIS,"Health data reporting, facility monitoring, program evaluation"
F25_REC00134,2017,Apr,"Gaya, Bihar",Malaria Outbreak | Dengue Outbreak | ASHA Worker Shortage,High,153,NHM,"Primary healthcare delivery, ASHA worker deployment, institutional delivery"
F25_REC00135,2017,Jun,"Surat, Gujarat",Malaria Outbreak,Low,108,Doctors For You,"Emergency medical relief, rural health camps, TB & dengue response"
F25_REC00136,2016,Sep,"Bengaluru, Karnataka",Malaria Outbreak | Dengue Outbreak | TB Burden,Low,186,CARE India,"Maternal & child health, nutrition, immunization, emergency response"
F25_REC00137,2015,Apr,"Mysuru, Karnataka",Low Immunization | ASHA Worker Shortage,Low,60,Doctors For You,"Emergency medical relief, rural health camps, TB & dengue response"
F25_REC00138,2015,Sep,"Surat, Gujarat",Low ANC Coverage,Low,63,UNICEF India,"Child immunization, ANC support, nutrition, disease surveillance"
F25_REC00139,2016,Feb,"Ahmedabad, Gujarat",Malaria Outbreak | Dengue Outbreak | TB Burden | Low Immunization,High,192,UNICEF India,"Child immunization, ANC support, nutrition, disease surveillance"
F25_REC00140,2015,May,"Varanasi, Uttar Pradesh",Dengue Outbreak,Medium,101,NHM,"Primary healthcare delivery, ASHA worker deployment, institutional delivery"
F25_REC00141,2017,May,"Madurai, Tamil Nadu",Malaria Outbreak | Dengue Outbreak | Low ANC Coverage | ASHA Worker Shortage,Medium,132,Doctors For You,"Emergency medical relief, rural health camps, TB & dengue response"
F25_REC00142,2017,Jan,"Nagpur, Maharashtra",Malaria Outbreak | TB Burden,High,173,NFHS,"Health data collection, fertility & mortality tracking, policy research"
F25_REC00143,2017,Sep,"Siliguri, West Bengal",TB Burden | Low Immunization | Low ANC Coverage | Low Institutional Deliveries,Medium,100,UNICEF India,"Child immunization, ANC support, nutrition, disease surveillance"
F25_REC00144,2017,Jun,"Gaya, Bihar",Dengue Outbreak | TB Burden,High,115,CARE India,"Maternal & child health, nutrition, immunization, emergency response"
F25_REC00145,2016,Feb,"Mysuru, Karnataka",Malaria Outbreak,Medium,128,NHM,"Primary healthcare delivery, ASHA worker deployment, institutional delivery"
F25_REC00146,2015,Jan,"Vadodara, Gujarat",Malaria Outbreak | Dengue Outbreak | Low ANC Coverage | Low Institutional Deliveries,Low,183,NHM,"Primary healthcare delivery, ASHA worker deployment, institutional delivery"
F25_REC00147,2016,Jul,"Siliguri, West Bengal",Malaria Outbreak,Medium,99,CARE India,"Maternal & child health, nutrition, immunization, emergency response"
F25_REC00148,2016,May,"Mysuru, Karnataka",TB Burden | Low Institutional Deliveries,High,106,HMIS,"Health data reporting, facility monitoring, program evaluation"
F25_REC00149,2015,Feb,"Patna, Bihar",Malaria Outbreak,Medium,109,NHM,"Primary healthcare delivery, ASHA worker deployment, institutional delivery"
F25_REC00150,2017,Jun,"Pune, Maharashtra",Malaria Outbreak | Dengue Outbreak | TB Burden,High,186,NHM,"Primary healthcare delivery, ASHA worker deployment, institutional delivery"
F25_REC00151,2017,Sep,"Lucknow, Uttar Pradesh",Malaria Outbreak | Dengue Outbreak | Low ANC Coverage,High,148,NHM,"Primary healthcare delivery, ASHA worker deployment, institutional delivery"
F25_REC00152,2016,Sep,"Howrah, West Bengal",Malaria Outbreak | TB Burden,High,214,CARE India,"Maternal & child health, nutrition, immunization, emergency response"
F25_REC00153,2015,Apr,"Howrah, West Bengal",Malaria Outbreak | TB Burden,High,170,Doctors For You,"Emergency medical relief, rural health camps, TB & dengue response"
F25_REC00154,2017,Mar,"Vadodara, Gujarat",Malaria Outbreak | Dengue Outbreak | ASHA Worker Shortage,Low,150,NHM,"Primary healthcare delivery, ASHA worker deployment, institutional delivery"
F25_REC00155,2016,Apr,"Mumbai, Maharashtra",Malaria Outbreak | TB Burden | ASHA Worker Shortage,Medium,99,WHO India,"Disease monitoring, TB/malaria control, epidemiology, health system strengthening"
F25_REC00156,2015,Aug,"Patna, Bihar",Dengue Outbreak,Low,106,NHM,"Primary healthcare delivery, ASHA worker deployment, institutional delivery"
F25_REC00157,2015,Apr,"Pune, Maharashtra",Dengue Outbreak,High,60,CARE India,"Maternal & child health, nutrition, immunization, emergency response"
F25_REC00158,2017,May,"Bengaluru, Karnataka",Malaria Outbreak | TB Burden,High,117,NHM,"Primary healthcare delivery, ASHA worker deployment, institutional delivery"
F25_REC00159,2016,Aug,"Gaya, Bihar",Malaria Outbreak,Medium,134,HMIS,"Health data reporting, facility monitoring, program evaluation"
F25_REC00160,2017,Jul,"Kolkata, West Bengal",Dengue Outbreak | TB Burden | Low Immunization,High,136,UNICEF India,"Child immunization, ANC support, nutrition, disease surveillance"
F25_REC00161,2015,Jan,"Kolkata, West Bengal",Malaria Outbreak,Medium,161,CARE India,"Maternal & child health, nutrition, immunization, emergency response"
F25_REC00162,2016,Sep,"Howrah, West Bengal",Malaria Outbreak | Dengue Outbreak | Low Institutional Deliveries,Medium,185,UNICEF India,"Child immunization, ANC support, nutrition, disease surveillance"
F25_REC00163,2017,Jan,"Howrah, West Bengal",Malaria Outbreak | Low Immunization | Low Institutional Deliveries | ASHA Worker Shortage,Medium,88,CARE India,"Maternal & child health, nutrition, immunization, emergency response"
F25_REC00164,2017,Mar,"Hubli, Karnataka",Malaria Outbreak | TB Burden,Medium,157,WHO India,"Disease monitoring, TB/malaria control, epidemiology, health system strengthening"
F25_REC00165,2016,Jul,"Patna, Bihar",Malaria Outbreak | Low Institutional Deliveries,High,144,Smile Foundation,"Primary healthcare, mobile health units, community outreach, mother-child welfare"
F25_REC00166,2017,Sep,"Lucknow, Uttar Pradesh",Malaria Outbreak | TB Burden,Low,188,HMIS,"Health data reporting, facility monitoring, program evaluation"
F25_REC00167,2015,Aug,"Lucknow, Uttar Pradesh",Low ANC Coverage,Medium,69,Smile Foundation,"Primary healthcare, mobile health units, community outreach, mother-child welfare"
F25_REC00168,2015,Mar,"Kolkata, West Bengal",Malaria Outbreak | Dengue Outbreak | TB Burden | Low Immunization,High,232,Doctors For You,"Emergency medical relief, rural health camps, TB & dengue response"
F25_REC00169,2015,Sep,"Nagpur, Maharashtra",Malaria Outbreak | Dengue Outbreak,High,155,CARE India,"Maternal & child health, nutrition, immunization, emergency response"
F25_REC00170,2015,May,"Varanasi, Uttar Pradesh",Malaria Outbreak | Low ANC Coverage | ASHA Worker Shortage,Medium,104,UNICEF India,"Child immunization, ANC support, nutrition, disease surveillance"
F25_REC00171,2015,Aug,"Howrah, West Bengal",Dengue Outbreak | Low Institutional Deliveries,Low,96,CARE India,"Maternal & child health, nutrition, immunization, emergency response"
F25_REC00172,2017,May,"Surat, Gujarat",TB Burden,Medium,92,CARE India,"Maternal & child health, nutrition, immunization, emergency response"
F25_REC00173,2015,May,"Kolkata, West Bengal",Malaria Outbreak,Low,155,Smile Foundation,"Primary healthcare, mobile health units, community outreach, mother-child welfare"
F25_REC00174,2016,Feb,"Coimbatore, Tamil Nadu",Malaria Outbreak | ASHA Worker Shortage,Medium,83,NFHS,"Health data collection, fertility & mortality tracking, policy research"
F25_REC00175,2015,Apr,"Siliguri, West Bengal",Malaria Outbreak | Dengue Outbreak,Low,183,CARE India,"Maternal & child health, nutrition, immunization, emergency response"
F25_REC00176,2016,Jul,"Varanasi, Uttar Pradesh",Dengue Outbreak | TB Burden | Low ANC Coverage,Low,113,UNICEF India,"Child immunization, ANC support, nutrition, disease surveillance"
F25_REC00177,2016,Sep,"Gaya, Bihar",Dengue Outbreak | TB Burden | Low Immunization,Medium,143,UNICEF India,"Child immunization, ANC support, nutrition, disease surveillance"
F25_REC00178,2016,Feb,"Kolkata, West Bengal",Malaria Outbreak | Dengue Outbreak,Medium,130,NFHS,"Health data collection, fertility & mortality tracking, policy research"
F25_REC00179,2016,Aug,"Mumbai, Maharashtra",Dengue Outbreak | TB Burden | ASHA Worker Shortage,High,128,NFHS,"Health data collection, fertility & mortality tracking, policy research"
F25_REC00180,2016,Mar,"Pune, Maharashtra",Dengue Outbreak,Medium,148,NFHS,"Health data collection, fertility & mortality tracking, policy research"
F25_REC00181,2017,Apr,"Lucknow, Uttar Pradesh",Malaria Outbreak,Medium,138,UNICEF India,"Child immunization, ANC support, nutrition, disease surveillance"
F25_REC00182,2017,Jun,"Chennai, Tamil Nadu",Malaria Outbreak | TB Burden | Low Immunization,Low,107,HMIS,"Health data reporting, facility monitoring, program evaluation"
F25_REC00183,2017,Jul,"Pune, Maharashtra",Dengue Outbreak,Medium,83,NFHS,"Health data collection, fertility & mortality tracking, policy research"
F25_REC00184,2015,Jan,"Bengaluru, Karnataka",Malaria Outbreak,Medium,78,NFHS,"Health data collection, fertility & mortality tracking, policy research"
F25_REC00185,2015,Mar,"Ahmedabad, Gujarat",TB Burden,High,97,NFHS,"Health data collection, fertility & mortality tracking, policy research"
F25_REC00186,2015,Mar,"Chennai, Tamil Nadu",Malaria Outbreak,High,124,UNICEF India,"Child immunization, ANC support, nutrition, disease surveillance"
F25_REC00187,2016,Apr,"Gaya, Bihar",Dengue Outbreak,Low,67,NFHS,"Health data collection, fertility & mortality tracking, policy research"
F25_REC00188,2016,Feb,"Agra, Uttar Pradesh",Malaria Outbreak | TB Burden,High,126,Smile Foundation,"Primary healthcare, mobile health units, community outreach, mother-child welfare"
F25_REC00189,2017,Aug,"Chennai, Tamil Nadu",Malaria Outbreak | Low Immunization | Low ANC Coverage,Medium,113,WHO India,"Disease monitoring, TB/malaria control, epidemiology, health system strengthening"
F25_REC00190,2015,Jan,"Chennai, Tamil Nadu",Malaria Outbreak | Low Immunization,High,94,HMIS,"Health data reporting, facility monitoring, program evaluation"
F25_REC00191,2017,Jul,"Madurai, Tamil Nadu",Dengue Outbreak | Low Institutional Deliveries,High,142,UNICEF India,"Child immunization, ANC support, nutrition, disease surveillance"
F25_REC00192,2016,Jun,"Pune, Maharashtra",Malaria Outbreak | Low ANC Coverage | ASHA Worker Shortage,Medium,120,Doctors For You,"Emergency medical relief, rural health camps, TB & dengue response"
F25_REC00193,2017,Sep,"Agra, Uttar Pradesh",Malaria Outbreak | TB Burden | ASHA Worker Shortage,Medium,185,NFHS,"Health data collection, fertility & mortality tracking, policy research"
F25_REC00194,2017,Jul,"Patna, Bihar",TB Burden,High,120,WHO India,"Disease monitoring, TB/malaria control, epidemiology, health system strengthening"
F25_REC00195,2016,Jun,"Varanasi, Uttar Pradesh",ASHA Worker Shortage,Low,63,HMIS,"Health data reporting, facility monitoring, program evaluation"
F25_REC00196,2017,Apr,"Madurai, Tamil Nadu",Malaria Outbreak,High,110,WHO India,"Disease monitoring, TB/malaria control, epidemiology, health system strengthening"
F25_REC00197,2016,Apr,"Madurai, Tamil Nadu",Low ANC Coverage,High,48,NHM,"Primary healthcare delivery, ASHA worker deployment, institutional delivery"
F25_REC00198,2017,Jul,"Nagpur, Maharashtra",Malaria Outbreak | Dengue Outbreak | TB Burden,Medium,198,NFHS,"Health data collection, fertility & mortality tracking, policy research"
F25_REC00199,2015,May,"Mumbai, Maharashtra",TB Burden,Medium,79,UNICEF India,"Child immunization, ANC support, nutrition, disease surveillance"
F26_REC00000,2019,Feb,"Mysuru, Karnataka",Malaria Outbreak | Dengue Outbreak | TB Burden,Medium,228,CARE India,"Maternal & child health, nutrition, immunization, emergency response"
F26_REC00001,2021,Jan,"Mysuru, Karnataka",Malaria Outbreak | Dengue Outbreak | TB Burden,Medium,192,Smile Foundation,"Primary healthcare, mobile health units, community outreach, mother-child welfare"
F26_REC00002,2019,Mar,"Vadodara, Gujarat",Malaria Outbreak,High,86,WHO India,"Disease monitoring, TB/malaria control, epidemiology, health system strengthening"
F26_REC00003,2022,Apr,"Agra, Uttar Pradesh",General Health Monitoring,Low,38,NFHS,"Health data collection, fertility & mortality tracking, policy research"
F26_REC00004,2020,Sep,"Siliguri, West Bengal",TB Burden | Low ANC Coverage,Low,108,Smile Foundation,"Primary healthcare, mobile health units, community outreach, mother-child welfare"
F26_REC00005,2019,Sep,"Madurai, Tamil Nadu",Malaria Outbreak | Dengue Outbreak,High,172,UNICEF India,"Child immunization, ANC support, nutrition, disease surveillance"
F26_REC00006,2021,Sep,"Lucknow, Uttar Pradesh",Dengue Outbreak | TB Burden,High,148,NHM,"Primary healthcare delivery, ASHA worker deployment, institutional delivery"
F26_REC00007,2019,Jan,"Muzaffarpur, Bihar",Malaria Outbreak | Dengue Outbreak | Low Immunization,Low,177,CARE India,"Maternal & child health, nutrition, immunization, emergency response"
F26_REC00008,2020,Apr,"Pune, Maharashtra",Low ANC Coverage | ASHA Worker Shortage,Medium,73,CARE India,"Maternal & child health, nutrition, immunization, emergency response"
F26_REC00009,2022,Jan,"Mumbai, Maharashtra",TB Burden,Low,78,Doctors For You,"Emergency medical relief, rural health camps, TB & dengue response"
F26_REC00010,2019,Feb,"Muzaffarpur, Bihar",Malaria Outbreak | Dengue Outbreak | TB Burden,Low,146,NFHS,"Health data collection, fertility & mortality tracking, policy research"
F26_REC00011,2022,Jun,"Siliguri, West Bengal",Malaria Outbreak,Medium,96,HMIS,"Health data reporting, facility monitoring, program evaluation"
F26_REC00012,2021,Jun,"Kolkata, West Bengal",Malaria Outbreak | TB Burden,Medium,139,CARE India,"Maternal & child health, nutrition, immunization, emergency response"
F26_REC00013,2022,May,"Mysuru, Karnataka",Malaria Outbreak | TB Burden,Medium,173,UNICEF India,"Child immunization, ANC support, nutrition, disease surveillance"
F26_REC00014,2022,Mar,"Lucknow, Uttar Pradesh",Malaria Outbreak | Dengue Outbreak | TB Burden,Low,188,NHM,"Primary healthcare delivery, ASHA worker deployment, institutional delivery"
F26_REC00015,2019,Jul,"Mumbai, Maharashtra",General Health Monitoring,Medium,77,NFHS,"Health data collection, fertility & mortality tracking, policy research"
F26_REC00016,2019,Mar,"Surat, Gujarat",Low Immunization | Low Institutional Deliveries,Low,64,Smile Foundation,"Primary healthcare, mobile health units, community outreach, mother-child welfare"
F26_REC00017,2019,May,"Siliguri, West Bengal",Malaria Outbreak | Dengue Outbreak,High,150,Smile Foundation,"Primary healthcare, mobile health units, community outreach, mother-child welfare"
F26_REC00018,2020,Mar,"Gaya, Bihar",Malaria Outbreak | Dengue Outbreak,Medium,160,Doctors For You,"Emergency medical relief, rural health camps, TB & dengue response"
F26_REC00019,2018,Sep,"Patna, Bihar",Dengue Outbreak | TB Burden,High,164,Doctors For You,"Emergency medical relief, rural health camps, TB & dengue response"
F26_REC00020,2021,Jan,"Lucknow, Uttar Pradesh",Malaria Outbreak | Dengue Outbreak | TB Burden,Low,187,Doctors For You,"Emergency medical relief, rural health camps, TB & dengue response"
F26_REC00021,2021,Jul,"Hubli, Karnataka",Malaria Outbreak | TB Burden | ASHA Worker Shortage,High,137,Smile Foundation,"Primary healthcare, mobile health units, community outreach, mother-child welfare"
F26_REC00022,2019,Sep,"Chennai, Tamil Nadu",Dengue Outbreak | TB Burden,High,175,UNICEF India,"Child immunization, ANC support, nutrition, disease surveillance"
F26_REC00023,2019,Feb,"Mysuru, Karnataka",General Health Monitoring,Medium,30,Smile Foundation,"Primary healthcare, mobile health units, community outreach, mother-child welfare"
F26_REC00024,2019,Jul,"Hubli, Karnataka",Malaria Outbreak | ASHA Worker Shortage,Low,117,NFHS,"Health data collection, fertility & mortality tracking, policy research"
F26_REC00025,2022,Jun,"Ahmedabad, Gujarat",ASHA Worker Shortage,Low,30,NHM,"Primary healthcare delivery, ASHA worker deployment, institutional delivery"
F26_REC00026,2018,Jun,"Mysuru, Karnataka",Dengue Outbreak | TB Burden,High,133,NFHS,"Health data collection, fertility & mortality tracking, policy research"
F26_REC00027,2020,Jan,"Siliguri, West Bengal",Dengue Outbreak | TB Burden | Low Immunization | ASHA Worker Shortage,High,159,CARE India,"Maternal & child health, nutrition, immunization, emergency response"
F26_REC00028,2022,Mar,"Nagpur, Maharashtra",Malaria Outbreak,Medium,140,UNICEF India,"Child immunization, ANC support, nutrition, disease surveillance"
F26_REC00029,2021,Aug,"Vadodara, Gujarat",Dengue Outbreak | Low Immunization | ASHA Worker Shortage,Low,105,HMIS,"Health data reporting, facility monitoring, program evaluation"
F26_REC00030,2022,Apr,"Mysuru, Karnataka",Dengue Outbreak,Medium,112,Smile Foundation,"Primary healthcare, mobile health units, community outreach, mother-child welfare"
F26_REC00031,2022,May,"Agra, Uttar Pradesh",Malaria Outbreak,Medium,95,Smile Foundation,"Primary healthcare, mobile health units, community outreach, mother-child welfare"
F26_REC00032,2021,Jun,"Coimbatore, Tamil Nadu",TB Burden | ASHA Worker Shortage,Medium,64,UNICEF India,"Child immunization, ANC support, nutrition, disease surveillance"
F26_REC00033,2018,Sep,"Lucknow, Uttar Pradesh",Malaria Outbreak | Dengue Outbreak | Low ANC Coverage,High,188,HMIS,"Health data reporting, facility monitoring, program evaluation"
F26_REC00034,2018,Jun,"Howrah, West Bengal",Malaria Outbreak | Dengue Outbreak | TB Burden,Medium,199,NFHS,"Health data collection, fertility & mortality tracking, policy research"
F26_REC00035,2022,Jun,"Hubli, Karnataka",General Health Monitoring,High,78,UNICEF India,"Child immunization, ANC support, nutrition, disease surveillance"
F26_REC00036,2019,Feb,"Pune, Maharashtra",TB Burden | Low Immunization,Low,110,NFHS,"Health data collection, fertility & mortality tracking, policy research"
F26_REC00037,2022,May,"Howrah, West Bengal",Malaria Outbreak | TB Burden,Medium,103,HMIS,"Health data reporting, facility monitoring, program evaluation"
F26_REC00038,2021,Mar,"Varanasi, Uttar Pradesh",General Health Monitoring,High,53,HMIS,"Health data reporting, facility monitoring, program evaluation"
F26_REC00039,2019,Jul,"Patna, Bihar",Malaria Outbreak | Dengue Outbreak | TB Burden,High,202,HMIS,"Health data reporting, facility monitoring, program evaluation"
F26_REC00040,2020,Apr,"Vadodara, Gujarat",Malaria Outbreak | Dengue Outbreak | TB Burden | Low Immunization,Low,213,NFHS,"Health data collection, fertility & mortality tracking, policy research"
F26_REC00041,2022,Sep,"Nagpur, Maharashtra",Malaria Outbreak | TB Burden | Low Immunization | Low Institutional Deliveries,Medium,154,NFHS,"Health data collection, fertility & mortality tracking, policy research"
F26_REC00042,2019,Sep,"Bengaluru, Karnataka",General Health Monitoring,Medium,68,UNICEF India,"Child immunization, ANC support, nutrition, disease surveillance"
F26_REC00043,2019,Aug,"Vadodara, Gujarat",Malaria Outbreak | TB Burden | ASHA Worker Shortage,High,163,NFHS,"Health data collection, fertility & mortality tracking, policy research"
F26_REC00044,2018,Feb,"Siliguri, West Bengal",Dengue Outbreak | TB Burden,Low,167,NHM,"Primary healthcare delivery, ASHA worker deployment, institutional delivery"
F26_REC00045,2018,Jun,"Siliguri, West Bengal",TB Burden | ASHA Worker Shortage,Low,121,Smile Foundation,"Primary healthcare, mobile health units, community outreach, mother-child welfare"
F26_REC00046,2021,Jun,"Nagpur, Maharashtra",Malaria Outbreak,Low,145,CARE India,"Maternal & child health, nutrition, immunization, emergency response"
F26_REC00047,2018,Jun,"Kolkata, West Bengal",Malaria Outbreak | Dengue Outbreak | Low Institutional Deliveries,Low,159,NFHS,"Health data collection, fertility & mortality tracking, policy research"
F26_REC00048,2018,Feb,"Mumbai, Maharashtra",Malaria Outbreak | Dengue Outbreak,Medium,190,NHM,"Primary healthcare delivery, ASHA worker deployment, institutional delivery"
F26_REC00049,2019,Jan,"Lucknow, Uttar Pradesh",Malaria Outbreak | ASHA Worker Shortage,Medium,108,NFHS,"Health data collection, fertility & mortality tracking, policy research"
F26_REC00050,2020,Jul,"Patna, Bihar",Dengue Outbreak,High,107,CARE India,"Maternal & child health, nutrition, immunization, emergency response"
F26_REC00051,2022,Jun,"Surat, Gujarat",Malaria Outbreak | TB Burden,Low,138,Doctors For You,"Emergency medical relief, rural health camps, TB & dengue response"
F26_REC00052,2022,Jan,"Coimbatore, Tamil Nadu",Malaria Outbreak | Dengue Outbreak | Low ANC Coverage,Low,196,NFHS,"Health data collection, fertility & mortality tracking, policy research"
F26_REC00053,2018,Feb,"Pune, Maharashtra",Malaria Outbreak | Dengue Outbreak | TB Burden,High,233,WHO India,"Disease monitoring, TB/malaria control, epidemiology, health system strengthening"
F26_REC00054,2020,Sep,"Pune, Maharashtra",Malaria Outbreak | Dengue Outbreak | Low Immunization,Low,161,Doctors For You,"Emergency medical relief, rural health camps, TB & dengue response"
F26_REC00055,2022,Sep,"Howrah, West Bengal",Malaria Outbreak | Dengue Outbreak | ASHA Worker Shortage,Medium,207,UNICEF India,"Child immunization, ANC support, nutrition, disease surveillance"
F26_REC00056,2020,Apr,"Siliguri, West Bengal",TB Burden | ASHA Worker Shortage,Low,81,Doctors For You,"Emergency medical relief, rural health camps, TB & dengue response"
F26_REC00057,2020,May,"Mumbai, Maharashtra",Dengue Outbreak | TB Burden,High,119,HMIS,"Health data reporting, facility monitoring, program evaluation"
F26_REC00058,2022,Jun,"Muzaffarpur, Bihar",Malaria Outbreak | Dengue Outbreak,High,131,Doctors For You,"Emergency medical relief, rural health camps, TB & dengue response"
F26_REC00059,2022,Apr,"Siliguri, West Bengal",Dengue Outbreak,Low,124,Smile Foundation,"Primary healthcare, mobile health units, community outreach, mother-child welfare"
F26_REC00060,2018,Mar,"Mumbai, Maharashtra",Malaria Outbreak | TB Burden,Low,174,NHM,"Primary healthcare delivery, ASHA worker deployment, institutional delivery"
F26_REC00061,2020,Aug,"Hubli, Karnataka",Dengue Outbreak | Low ANC Coverage | ASHA Worker Shortage,Low,148,WHO India,"Disease monitoring, TB/malaria control, epidemiology, health system strengthening"
F26_REC00062,2018,Sep,"Ahmedabad, Gujarat",General Health Monitoring,Medium,26,NFHS,"Health data collection, fertility & mortality tracking, policy research"
F26_REC00063,2022,May,"Hubli, Karnataka",Dengue Outbreak | TB Burden | Low Immunization,High,135,NFHS,"Health data collection, fertility & mortality tracking, policy research"
F26_REC00064,2020,May,"Madurai, Tamil Nadu",Malaria Outbreak | Low Institutional Deliveries,High,138,UNICEF India,"Child immunization, ANC support, nutrition, disease surveillance"
F26_REC00065,2018,Mar,"Patna, Bihar",Malaria Outbreak | Dengue Outbreak,Medium,131,HMIS,"Health data reporting, facility monitoring, program evaluation"
F26_REC00066,2021,Mar,"Muzaffarpur, Bihar",General Health Monitoring,High,87,WHO India,"Disease monitoring, TB/malaria control, epidemiology, health system strengthening"
F26_REC00067,2019,Feb,"Siliguri, West Bengal",TB Burden | Low Institutional Deliveries,Low,126,HMIS,"Health data reporting, facility monitoring, program evaluation"
F26_REC00068,2022,Apr,"Kolkata, West Bengal",Malaria Outbreak | TB Burden,Medium,159,NHM,"Primary healthcare delivery, ASHA worker deployment, institutional delivery"
F26_REC00069,2021,Feb,"Kolkata, West Bengal",Dengue Outbreak | TB Burden,High,157,Smile Foundation,"Primary healthcare, mobile health units, community outreach, mother-child welfare"
F26_REC00070,2020,Sep,"Pune, Maharashtra",Malaria Outbreak | Dengue Outbreak | Low Institutional Deliveries,High,179,Doctors For You,"Emergency medical relief, rural health camps, TB & dengue response"
F26_REC00071,2018,Jan,"Patna, Bihar",Malaria Outbreak | Dengue Outbreak | TB Burden | ASHA Worker Shortage,Low,188,HMIS,"Health data reporting, facility monitoring, program evaluation"
F26_REC00072,2019,Mar,"Hubli, Karnataka",Malaria Outbreak | Dengue Outbreak | ASHA Worker Shortage,High,140,UNICEF India,"Child immunization, ANC support, nutrition, disease surveillance"
F26_REC00073,2020,Sep,"Mysuru, Karnataka",Malaria Outbreak | ASHA Worker Shortage,Low,107,HMIS,"Health data reporting, facility monitoring, program evaluation"
F26_REC00074,2018,May,"Gaya, Bihar",Malaria Outbreak | TB Burden,Medium,174,NHM,"Primary healthcare delivery, ASHA worker deployment, institutional delivery"
F26_REC00075,2022,Feb,"Agra, Uttar Pradesh",Malaria Outbreak,Low,147,UNICEF India,"Child immunization, ANC support, nutrition, disease surveillance"
F26_REC00076,2019,Feb,"Howrah, West Bengal",Dengue Outbreak | TB Burden,High,185,WHO India,"Disease monitoring, TB/malaria control, epidemiology, health system strengthening"
F26_REC00077,2021,Apr,"Lucknow, Uttar Pradesh",Dengue Outbreak | TB Burden | Low ANC Coverage | ASHA Worker Shortage,Medium,127,NFHS,"Health data collection, fertility & mortality tracking, policy research"
F26_REC00078,2020,Aug,"Bengaluru, Karnataka",Dengue Outbreak,Medium,100,Smile Foundation,"Primary healthcare, mobile health units, community outreach, mother-child welfare"
F26_REC00079,2022,Jun,"Mumbai, Maharashtra",Malaria Outbreak | Dengue Outbreak,Medium,179,WHO India,"Disease monitoring, TB/malaria control, epidemiology, health system strengthening"
F26_REC00080,2019,Aug,"Surat, Gujarat",Malaria Outbreak | ASHA Worker Shortage,Low,139,Smile Foundation,"Primary healthcare, mobile health units, community outreach, mother-child welfare"
F26_REC00081,2018,Jul,"Siliguri, West Bengal",General Health Monitoring,Low,95,Smile Foundation,"Primary healthcare, mobile health units, community outreach, mother-child welfare"
F26_REC00082,2018,Jun,"Patna, Bihar",Malaria Outbreak | Dengue Outbreak | TB Burden,High,185,NHM,"Primary healthcare delivery, ASHA worker deployment, institutional delivery"
F26_REC00083,2022,Sep,"Ahmedabad, Gujarat",Malaria Outbreak | Dengue Outbreak,Medium,138,WHO India,"Disease monitoring, TB/malaria control, epidemiology, health system strengthening"
F26_REC00084,2019,Jul,"Mysuru, Karnataka",Malaria Outbreak,Medium,86,HMIS,"Health data reporting, facility monitoring, program evaluation"
F26_REC00085,2018,Aug,"Pune, Maharashtra",Malaria Outbreak | TB Burden,Medium,166,CARE India,"Maternal & child health, nutrition, immunization, emergency response"
F26_REC00086,2018,Apr,"Chennai, Tamil Nadu",Malaria Outbreak | Dengue Outbreak | Low ANC Coverage,Low,166,NFHS,"Health data collection, fertility & mortality tracking, policy research"
F26_REC00087,2020,Aug,"Agra, Uttar Pradesh",Malaria Outbreak | TB Burden,High,97,NFHS,"Health data collection, fertility & mortality tracking, policy research"
F26_REC00088,2018,Feb,"Chennai, Tamil Nadu",Malaria Outbreak | ASHA Worker Shortage,Low,123,Smile Foundation,"Primary healthcare, mobile health units, community outreach, mother-child welfare"
F26_REC00089,2019,Jan,"Gaya, Bihar",Malaria Outbreak | Dengue Outbreak | ASHA Worker Shortage,Medium,133,NHM,"Primary healthcare delivery, ASHA worker deployment, institutional delivery"
F26_REC00090,2019,Jun,"Madurai, Tamil Nadu",Malaria Outbreak | Dengue Outbreak | ASHA Worker Shortage,Low,188,Doctors For You,"Emergency medical relief, rural health camps, TB & dengue response"
F26_REC00091,2019,Jun,"Howrah, West Bengal",Dengue Outbreak | TB Burden,Medium,157,UNICEF India,"Child immunization, ANC support, nutrition, disease surveillance"
F26_REC00092,2021,Jan,"Mysuru, Karnataka",Malaria Outbreak | TB Burden,Low,118,NFHS,"Health data collection, fertility & mortality tracking, policy research"
F26_REC00093,2019,Apr,"Kolkata, West Bengal",Dengue Outbreak | Low Institutional Deliveries,Medium,95,NFHS,"Health data collection, fertility & mortality tracking, policy research"
F26_REC00094,2021,Sep,"Lucknow, Uttar Pradesh",TB Burden | Low ANC Coverage,Medium,137,NFHS,"Health data collection, fertility & mortality tracking, policy research"
F26_REC00095,2022,Jun,"Varanasi, Uttar Pradesh",Malaria Outbreak | Dengue Outbreak | TB Burden,High,174,Smile Foundation,"Primary healthcare, mobile health units, community outreach, mother-child welfare"
F26_REC00096,2021,Jan,"Howrah, West Bengal",TB Burden | ASHA Worker Shortage,High,127,HMIS,"Health data reporting, facility monitoring, program evaluation"
F26_REC00097,2021,Apr,"Patna, Bihar",Low Institutional Deliveries | ASHA Worker Shortage,Medium,74,NHM,"Primary healthcare delivery, ASHA worker deployment, institutional delivery"
F26_REC00098,2020,Aug,"Mysuru, Karnataka",Dengue Outbreak | ASHA Worker Shortage,Medium,111,WHO India,"Disease monitoring, TB/malaria control, epidemiology, health system strengthening"
F26_REC00099,2020,Jan,"Agra, Uttar Pradesh",Malaria Outbreak,Medium,110,CARE India,"Maternal & child health, nutrition, immunization, emergency response"
F26_REC00100,2019,Apr,"Howrah, West Bengal",Malaria Outbreak | Dengue Outbreak | Low Institutional Deliveries,Medium,192,NFHS,"Health data collection, fertility & mortality tracking, policy research"
F26_REC00101,2021,Jul,"Agra, Uttar Pradesh",Dengue Outbreak | Low ANC Coverage,High,112,Smile Foundation,"Primary healthcare, mobile health units, community outreach, mother-child welfare"
F26_REC00102,2019,Mar,"Varanasi, Uttar Pradesh",Malaria Outbreak | TB Burden | Low ANC Coverage,High,137,NHM,"Primary healthcare delivery, ASHA worker deployment, institutional delivery"
F26_REC00103,2021,Mar,"Varanasi, Uttar Pradesh",General Health Monitoring,Medium,45,UNICEF India,"Child immunization, ANC support, nutrition, disease surveillance"
F26_REC00104,2020,Aug,"Agra, Uttar Pradesh",Malaria Outbreak | TB Burden,Low,140,WHO India,"Disease monitoring, TB/malaria control, epidemiology, health system strengthening"
F26_REC00105,2018,Feb,"Bengaluru, Karnataka",Malaria Outbreak | Dengue Outbreak,Medium,161,UNICEF India,"Child immunization, ANC support, nutrition, disease surveillance"
F26_REC00106,2019,Jul,"Lucknow, Uttar Pradesh",Malaria Outbreak | TB Burden,Low,162,UNICEF India,"Child immunization, ANC support, nutrition, disease surveillance"
F26_REC00107,2022,Mar,"Ahmedabad, Gujarat",Malaria Outbreak | TB Burden,Medium,158,Doctors For You,"Emergency medical relief, rural health camps, TB & dengue response"
F26_REC00108,2021,Mar,"Chennai, Tamil Nadu",Malaria Outbreak | TB Burden,Medium,143,CARE India,"Maternal & child health, nutrition, immunization, emergency response"
F26_REC00109,2019,Jun,"Vadodara, Gujarat",Malaria Outbreak | TB Burden,Low,95,CARE India,"Maternal & child health, nutrition, immunization, emergency response"
F26_REC00110,2021,Sep,"Chennai, Tamil Nadu",Malaria Outbreak | Dengue Outbreak,High,163,NHM,"Primary healthcare delivery, ASHA worker deployment, institutional delivery"
F26_REC00111,2018,Jul,"Muzaffarpur, Bihar",TB Burden,Low,84,Smile Foundation,"Primary healthcare, mobile health units, community outreach, mother-child welfare"
F26_REC00112,2019,Jan,"Lucknow, Uttar Pradesh",Malaria Outbreak | TB Burden,Low,145,NHM,"Primary healthcare delivery, ASHA worker deployment, institutional delivery"
F26_REC00113,2021,Aug,"Pune, Maharashtra",Malaria Outbreak | Dengue Outbreak | Low ANC Coverage | ASHA Worker Shortage,Low,177,HMIS,"Health data reporting, facility monitoring, program evaluation"
F26_REC00114,2022,May,"Ahmedabad, Gujarat",Dengue Outbreak,Low,61,UNICEF India,"Child immunization, ANC support, nutrition, disease surveillance"
F26_REC00115,2022,Feb,"Mumbai, Maharashtra",TB Burden | Low ANC Coverage,High,130,NFHS,"Health data collection, fertility & mortality tracking, policy research"
F26_REC00116,2020,Jun,"Lucknow, Uttar Pradesh",Malaria Outbreak | TB Burden,Medium,158,CARE India,"Maternal & child health, nutrition, immunization, emergency response"
F26_REC00117,2022,Feb,"Varanasi, Uttar Pradesh",Malaria Outbreak | TB Burden,Medium,120,Smile Foundation,"Primary healthcare, mobile health units, community outreach, mother-child welfare"
F26_REC00118,2018,Jun,"Gaya, Bihar",TB Burden | ASHA Worker Shortage,Low,85,CARE India,"Maternal & child health, nutrition, immunization, emergency response"
F26_REC00119,2021,Jul,"Vadodara, Gujarat",Malaria Outbreak | Dengue Outbreak | ASHA Worker Shortage,Medium,166,HMIS,"Health data reporting, facility monitoring, program evaluation"
F26_REC00120,2022,Sep,"Gaya, Bihar",General Health Monitoring,Medium,61,Smile Foundation,"Primary healthcare, mobile health units, community outreach, mother-child welfare"
F26_REC00121,2022,May,"Agra, Uttar Pradesh",Dengue Outbreak | TB Burden,High,162,Smile Foundation,"Primary healthcare, mobile health units, community outreach, mother-child welfare"
F26_REC00122,2018,Sep,"Vadodara, Gujarat",Malaria Outbreak,High,125,NHM,"Primary healthcare delivery, ASHA worker deployment, institutional delivery"
F26_REC00123,2022,Jun,"Madurai, Tamil Nadu",Malaria Outbreak | TB Burden,Low,149,WHO India,"Disease monitoring, TB/malaria control, epidemiology, health system strengthening"
F26_REC00124,2019,Feb,"Agra, Uttar Pradesh",TB Burden,Low,101,NFHS,"Health data collection, fertility & mortality tracking, policy research"
F26_REC00125,2022,Sep,"Agra, Uttar Pradesh",Malaria Outbreak | TB Burden | ASHA Worker Shortage,Medium,176,NFHS,"Health data collection, fertility & mortality tracking, policy research"
F26_REC00126,2018,May,"Nagpur, Maharashtra",Malaria Outbreak | TB Burden,Medium,167,Smile Foundation,"Primary healthcare, mobile health units, community outreach, mother-child welfare"
F26_REC00127,2021,Mar,"Muzaffarpur, Bihar",Malaria Outbreak | Dengue Outbreak,Medium,207,Smile Foundation,"Primary healthcare, mobile health units, community outreach, mother-child welfare"
F26_REC00128,2018,Apr,"Varanasi, Uttar Pradesh",Malaria Outbreak | Dengue Outbreak,Medium,124,NHM,"Primary healthcare delivery, ASHA worker deployment, institutional delivery"
F26_REC00129,2021,May,"Mysuru, Karnataka",Dengue Outbreak | TB Burden,Low,150,Doctors For You,"Emergency medical relief, rural health camps, TB & dengue response"
F26_REC00130,2018,Aug,"Nagpur, Maharashtra",TB Burden,High,103,WHO India,"Disease monitoring, TB/malaria control, epidemiology, health system strengthening"
F26_REC00131,2022,Aug,"Ahmedabad, Gujarat",ASHA Worker Shortage,Medium,66,CARE India,"Maternal & child health, nutrition, immunization, emergency response"
F26_REC00132,2022,Apr,"Surat, Gujarat",Malaria Outbreak,High,139,CARE India,"Maternal & child health, nutrition, immunization, emergency response"
F26_REC00133,2021,Sep,"Varanasi, Uttar Pradesh",Low ANC Coverage,Medium,65,UNICEF India,"Child immunization, ANC support, nutrition, disease surveillance"
F26_REC00134,2022,Apr,"Madurai, Tamil Nadu",Malaria Outbreak | TB Burden | Low Institutional Deliveries,High,174,CARE India,"Maternal & child health, nutrition, immunization, emergency response"
F26_REC00135,2021,Feb,"Pune, Maharashtra",Malaria Outbreak | Dengue Outbreak | Low ANC Coverage | ASHA Worker Shortage,High,141,Smile Foundation,"Primary healthcare, mobile health units, community outreach, mother-child welfare"
F26_REC00136,2022,Mar,"Bengaluru, Karnataka",Malaria Outbreak | Dengue Outbreak | TB Burden,Medium,239,NHM,"Primary healthcare delivery, ASHA worker deployment, institutional delivery"
F26_REC00137,2021,May,"Madurai, Tamil Nadu",Malaria Outbreak | Dengue Outbreak | TB Burden,High,188,CARE India,"Maternal & child health, nutrition, immunization, emergency response"
F26_REC00138,2022,Apr,"Madurai, Tamil Nadu",TB Burden,Medium,86,WHO India,"Disease monitoring, TB/malaria control, epidemiology, health system strengthening"
F26_REC00139,2020,May,"Mumbai, Maharashtra",Malaria Outbreak | Dengue Outbreak | Low Institutional Deliveries | ASHA Worker Shortage,Medium,176,HMIS,"Health data reporting, facility monitoring, program evaluation"
F26_REC00140,2022,Feb,"Mysuru, Karnataka",Dengue Outbreak,Medium,114,NHM,"Primary healthcare delivery, ASHA worker deployment, institutional delivery"
F26_REC00141,2020,May,"Muzaffarpur, Bihar",Malaria Outbreak | TB Burden | Low Institutional Deliveries,Medium,157,NFHS,"Health data collection, fertility & mortality tracking, policy research"
F26_REC00142,2020,Jun,"Lucknow, Uttar Pradesh",Malaria Outbreak | Dengue Outbreak,High,155,NFHS,"Health data collection, fertility & mortality tracking, policy research"
F26_REC00143,2018,May,"Vadodara, Gujarat",General Health Monitoring,High,81,HMIS,"Health data reporting, facility monitoring, program evaluation"
F26_REC00144,2019,Feb,"Pune, Maharashtra",Malaria Outbreak | Dengue Outbreak | TB Burden,Medium,168,NFHS,"Health data collection, fertility & mortality tracking, policy research"
F26_REC00145,2018,Jan,"Gaya, Bihar",Malaria Outbreak | Dengue Outbreak,Low,175,NFHS,"Health data collection, fertility & mortality tracking, policy research"
F26_REC00146,2018,Jul,"Kolkata, West Bengal",Malaria Outbreak | ASHA Worker Shortage,High,94,UNICEF India,"Child immunization, ANC support, nutrition, disease surveillance"
F26_REC00147,2022,May,"Varanasi, Uttar Pradesh",Malaria Outbreak | Dengue Outbreak | TB Burden | Low Immunization,Medium,195,UNICEF India,"Child immunization, ANC support, nutrition, disease surveillance"
F26_REC00148,2019,Jul,"Hubli, Karnataka",Malaria Outbreak | ASHA Worker Shortage,Medium,83,Smile Foundation,"Primary healthcare, mobile health units, community outreach, mother-child welfare"
F26_REC00149,2019,May,"Muzaffarpur, Bihar",General Health Monitoring,Low,86,NFHS,"Health data collection, fertility & mortality tracking, policy research"
F26_REC00150,2022,Jun,"Nagpur, Maharashtra",Malaria Outbreak | TB Burden | Low Immunization,Low,146,Doctors For You,"Emergency medical relief, rural health camps, TB & dengue response"
F26_REC00151,2018,Jul,"Chennai, Tamil Nadu",Low Institutional Deliveries | ASHA Worker Shortage,Medium,38,HMIS,"Health data reporting, facility monitoring, program evaluation"
F26_REC00152,2019,Feb,"Nagpur, Maharashtra",General Health Monitoring,Low,75,Smile Foundation,"Primary healthcare, mobile health units, community outreach, mother-child welfare"
F26_REC00153,2019,Jan,"Hubli, Karnataka",Malaria Outbreak | TB Burden | Low Institutional Deliveries,High,138,WHO India,"Disease monitoring, TB/malaria control, epidemiology, health system strengthening"
F26_REC00154,2021,May,"Pune, Maharashtra",Malaria Outbreak,High,91,Smile Foundation,"Primary healthcare, mobile health units, community outreach, mother-child welfare"
F26_REC00155,2020,Jun,"Coimbatore, Tamil Nadu",Malaria Outbreak,High,113,UNICEF India,"Child immunization, ANC support, nutrition, disease surveillance"
F26_REC00156,2018,Jul,"Patna, Bihar",Malaria Outbreak | Dengue Outbreak | TB Burden | Low ANC Coverage | Low Institutional Deliveries | ASHA Worker Shortage,High,225,NFHS,"Health data collection, fertility & mortality tracking, policy research"
F26_REC00157,2019,Jun,"Agra, Uttar Pradesh",Malaria Outbreak | Low ANC Coverage,High,70,NHM,"Primary healthcare delivery, ASHA worker deployment, institutional delivery"
F26_REC00158,2019,Mar,"Kolkata, West Bengal",General Health Monitoring,Medium,77,NFHS,"Health data collection, fertility & mortality tracking, policy research"
F26_REC00159,2022,Jul,"Gaya, Bihar",Malaria Outbreak | ASHA Worker Shortage,Medium,155,WHO India,"Disease monitoring, TB/malaria control, epidemiology, health system strengthening"
F26_REC00160,2019,Jul,"Varanasi, Uttar Pradesh",Malaria Outbreak | Dengue Outbreak | TB Burden,Medium,207,Doctors For You,"Emergency medical relief, rural health camps, TB & dengue response"
F26_REC00161,2018,Mar,"Bengaluru, Karnataka",Malaria Outbreak | Low Immunization,High,93,NHM,"Primary healthcare delivery, ASHA worker deployment, institutional delivery"
F26_REC00162,2019,Apr,"Lucknow, Uttar Pradesh",Malaria Outbreak | Dengue Outbreak | TB Burden | Low ANC Coverage | ASHA Worker Shortage,Medium,189,HMIS,"Health data reporting, facility monitoring, program evaluation"
F26_REC00163,2020,Sep,"Howrah, West Bengal",Malaria Outbreak | TB Burden | Low Institutional Deliveries,Low,174,UNICEF India,"Child immunization, ANC support, nutrition, disease surveillance"
F26_REC00164,2020,Jun,"Mysuru, Karnataka",Malaria Outbreak | Low ANC Coverage,Medium,140,WHO India,"Disease monitoring, TB/malaria control, epidemiology, health system strengthening"
F26_REC00165,2021,Jan,"Agra, Uttar Pradesh",Dengue Outbreak | TB Burden | Low Immunization,Low,111,UNICEF India,"Child immunization, ANC support, nutrition, disease surveillance"
F26_REC00166,2018,Aug,"Vadodara, Gujarat",Dengue Outbreak,Medium,94,Smile Foundation,"Primary healthcare, mobile health units, community outreach, mother-child welfare"
F26_REC00167,2018,Aug,"Hubli, Karnataka",Malaria Outbreak | Dengue Outbreak | TB Burden | Low ANC Coverage | ASHA Worker Shortage,Low,207,Smile Foundation,"Primary healthcare, mobile health units, community outreach, mother-child welfare"
F26_REC00168,2021,Apr,"Coimbatore, Tamil Nadu",Malaria Outbreak | TB Burden,Medium,154,NFHS,"Health data collection, fertility & mortality tracking, policy research"
F26_REC00169,2020,Apr,"Vadodara, Gujarat",Malaria Outbreak | TB Burden | ASHA Worker Shortage,Low,190,WHO India,"Disease monitoring, TB/malaria control, epidemiology, health system strengthening"
F26_REC00170,2019,Aug,"Agra, Uttar Pradesh",Malaria Outbreak,Low,111,NHM,"Primary healthcare delivery, ASHA worker deployment, institutional delivery"
F26_REC00171,2018,Aug,"Madurai, Tamil Nadu",Malaria Outbreak | TB Burden | Low Immunization,Medium,172,NFHS,"Health data collection, fertility & mortality tracking, policy research"
F26_REC00172,2019,Apr,"Coimbatore, Tamil Nadu",Malaria Outbreak | Dengue Outbreak,Medium,167,WHO India,"Disease monitoring, TB/malaria control, epidemiology, health system strengthening"
F26_REC00173,2019,Aug,"Kolkata, West Bengal",Dengue Outbreak | TB Burden | Low Immunization | ASHA Worker Shortage,Medium,124,NHM,"Primary healthcare delivery, ASHA worker deployment, institutional delivery"
F26_REC00174,2021,Sep,"Gaya, Bihar",Malaria Outbreak | ASHA Worker Shortage,Low,158,NFHS,"Health data collection, fertility & mortality tracking, policy research"
F26_REC00175,2021,Aug,"Lucknow, Uttar Pradesh",Dengue Outbreak,High,112,CARE India,"Maternal & child health, nutrition, immunization, emergency response"
F26_REC00176,2018,Jan,"Surat, Gujarat",Dengue Outbreak | TB Burden | Low Immunization,High,137,Smile Foundation,"Primary healthcare, mobile health units, community outreach, mother-child welfare"
F26_REC00177,2020,Mar,"Pune, Maharashtra",Dengue Outbreak | Low Institutional Deliveries,Medium,101,UNICEF India,"Child immunization, ANC support, nutrition, disease surveillance"
F26_REC00178,2019,Aug,"Surat, Gujarat",Malaria Outbreak | Dengue Outbreak | TB Burden,Medium,176,NHM,"Primary healthcare delivery, ASHA worker deployment, institutional delivery"
F26_REC00179,2021,Apr,"Kolkata, West Bengal",Malaria Outbreak | Dengue Outbreak | Low ANC Coverage,High,188,Doctors For You,"Emergency medical relief, rural health camps, TB & dengue response"
F26_REC00180,2018,Mar,"Muzaffarpur, Bihar",Malaria Outbreak | Dengue Outbreak,Low,179,NFHS,"Health data collection, fertility & mortality tracking, policy research"
F26_REC00181,2022,Sep,"Pune, Maharashtra",Malaria Outbreak,Medium,142,NHM,"Primary healthcare delivery, ASHA worker deployment, institutional delivery"
F26_REC00182,2021,May,"Madurai, Tamil Nadu",Malaria Outbreak | Dengue Outbreak | TB Burden,Low,209,NHM,"Primary healthcare delivery, ASHA worker deployment, institutional delivery"
F26_REC00183,2019,Jun,"Lucknow, Uttar Pradesh",Low Institutional Deliveries,High,84,CARE India,"Maternal & child health, nutrition, immunization, emergency response"
F26_REC00184,2021,Jan,"Muzaffarpur, Bihar",General Health Monitoring,Medium,40,WHO India,"Disease monitoring, TB/malaria control, epidemiology, health system strengthening"
F26_REC00185,2019,Feb,"Madurai, Tamil Nadu",Malaria Outbreak | Dengue Outbreak | ASHA Worker Shortage,High,133,CARE India,"Maternal & child health, nutrition, immunization, emergency response"
F26_REC00186,2021,Feb,"Pune, Maharashtra",General Health Monitoring,Medium,112,Doctors For You,"Emergency medical relief, rural health camps, TB & dengue response"
F26_REC00187,2019,Jul,"Varanasi, Uttar Pradesh",Malaria Outbreak | ASHA Worker Shortage,Low,138,NHM,"Primary healthcare delivery, ASHA worker deployment, institutional delivery"
F26_REC00188,2019,May,"Mumbai, Maharashtra",Dengue Outbreak,Low,89,NHM,"Primary healthcare delivery, ASHA worker deployment, institutional delivery"
F26_REC00189,2019,Apr,"Mysuru, Karnataka",TB Burden,Low,58,CARE India,"Maternal & child health, nutrition, immunization, emergency response"
F26_REC00190,2020,Jun,"Siliguri, West Bengal",Malaria Outbreak | Dengue Outbreak,Medium,170,UNICEF India,"Child immunization, ANC support, nutrition, disease surveillance"
F26_REC00191,2020,May,"Varanasi, Uttar Pradesh",General Health Monitoring,High,95,Smile Foundation,"Primary healthcare, mobile health units, community outreach, mother-child welfare"
F26_REC00192,2020,Jun,"Mysuru, Karnataka",Dengue Outbreak,High,118,HMIS,"Health data reporting, facility monitoring, program evaluation"
F26_REC00193,2018,Feb,"Mumbai, Maharashtra",Malaria Outbreak | TB Burden | Low ANC Coverage | ASHA Worker Shortage,Medium,120,Doctors For You,"Emergency medical relief, rural health camps, TB & dengue response"
F26_REC00194,2019,Feb,"Ahmedabad, Gujarat",Malaria Outbreak | Dengue Outbreak,Medium,129,Doctors For You,"Emergency medical relief, rural health camps, TB & dengue response"
F26_REC00195,2022,Jan,"Surat, Gujarat",Malaria Outbreak | TB Burden,Medium,150,Smile Foundation,"Primary healthcare, mobile health units, community outreach, mother-child welfare"
F26_REC00196,2018,Jul,"Ahmedabad, Gujarat",Malaria Outbreak | Dengue Outbreak | TB Burden | Low Institutional Deliveries,Medium,200,WHO India,"Disease monitoring, TB/malaria control, epidemiology, health system strengthening"
F26_REC00197,2021,Apr,"Mumbai, Maharashtra",Dengue Outbreak,Medium,130,Smile Foundation,"Primary healthcare, mobile health units, community outreach, mother-child welfare"
F26_REC00198,2020,Mar,"Coimbatore, Tamil Nadu",TB Burden,Medium,100,HMIS,"Health data reporting, facility monitoring, program evaluation"
F26_REC00199,2020,Mar,"Nagpur, Maharashtra",Malaria Outbreak | Low Institutional Deliveries,High,108,Smile Foundation,"Primary healthcare, mobile health units, community outreach, mother-child welfare"
F27_REC00000,2017,Apr,"Lucknow, Uttar Pradesh",Malaria Outbreak | TB Burden,Low,192,UNICEF India,"Child immunization, ANC support, nutrition, disease surveillance"
F27_REC00001,2015,Aug,"Hubli, Karnataka",Dengue Outbreak | Low Institutional Deliveries,Medium,98,NHM,"Primary healthcare delivery, ASHA worker deployment, institutional delivery"
F27_REC00002,2017,Mar,"Vadodara, Gujarat",General Health Monitoring,Medium,98,WHO India,"Disease monitoring, TB/malaria control, epidemiology, health system strengthening"
F27_REC00003,2017,Feb,"Chennai, Tamil Nadu",Malaria Outbreak,Low,128,CARE India,"Maternal & child health, nutrition, immunization, emergency response"
F27_REC00004,2017,Jan,"Madurai, Tamil Nadu",Malaria Outbreak | TB Burden,Medium,163,NFHS,"Health data collection, fertility & mortality tracking, policy research"
F27_REC00005,2015,Feb,"Vadodara, Gujarat",Malaria Outbreak | Dengue Outbreak | TB Burden,High,152,WHO India,"Disease monitoring, TB/malaria control, epidemiology, health system strengthening"
F27_REC00006,2015,Jan,"Pune, Maharashtra",Malaria Outbreak | TB Burden,High,109,NFHS,"Health data collection, fertility & mortality tracking, policy research"
F27_REC00007,2016,Jun,"Bengaluru, Karnataka",Malaria Outbreak | TB Burden | Low ANC Coverage,High,122,HMIS,"Health data reporting, facility monitoring, program evaluation"
F27_REC00008,2016,Jun,"Kolkata, West Bengal",Malaria Outbreak | TB Burden | Low ANC Coverage,High,168,NFHS,"Health data collection, fertility & mortality tracking, policy research"
F27_REC00009,2016,Feb,"Hubli, Karnataka",Malaria Outbreak,Medium,97,WHO India,"Disease monitoring, TB/malaria control, epidemiology, health system strengthening"
F27_REC00010,2015,Jan,"Coimbatore, Tamil Nadu",Malaria Outbreak | ASHA Worker Shortage,Medium,86,UNICEF India,"Child immunization, ANC support, nutrition, disease surveillance"
F27_REC00011,2016,May,"Ahmedabad, Gujarat",ASHA Worker Shortage,Low,65,Doctors For You,"Emergency medical relief, rural health camps, TB & dengue response"
F27_REC00012,2015,Jan,"Coimbatore, Tamil Nadu",Malaria Outbreak | Dengue Outbreak,High,200,HMIS,"Health data reporting, facility monitoring, program evaluation"
F27_REC00013,2016,Sep,"Coimbatore, Tamil Nadu",Malaria Outbreak | Dengue Outbreak | Low Immunization,Medium,147,WHO India,"Disease monitoring, TB/malaria control, epidemiology, health system strengthening"
F27_REC00014,2015,Apr,"Vadodara, Gujarat",Malaria Outbreak | TB Burden | ASHA Worker Shortage,Low,130,UNICEF India,"Child immunization, ANC support, nutrition, disease surveillance"
F27_REC00015,2015,Aug,"Lucknow, Uttar Pradesh",Malaria Outbreak | TB Burden,High,112,CARE India,"Maternal & child health, nutrition, immunization, emergency response"
F27_REC00016,2016,Mar,"Ahmedabad, Gujarat",Dengue Outbreak | TB Burden | Low Immunization,High,122,WHO India,"Disease monitoring, TB/malaria control, epidemiology, health system strengthening"
F27_REC00017,2017,May,"Mysuru, Karnataka",Malaria Outbreak | Dengue Outbreak | Low Institutional Deliveries | ASHA Worker Shortage,High,134,UNICEF India,"Child immunization, ANC support, nutrition, disease surveillance"
F27_REC00018,2015,Jun,"Siliguri, West Bengal",Malaria Outbreak | Dengue Outbreak | Low Institutional Deliveries,High,179,Smile Foundation,"Primary healthcare, mobile health units, community outreach, mother-child welfare"
F27_REC00019,2016,Jun,"Gaya, Bihar",General Health Monitoring,Medium,66,UNICEF India,"Child immunization, ANC support, nutrition, disease surveillance"
F27_REC00020,2015,Mar,"Kolkata, West Bengal",TB Burden | Low Institutional Deliveries,Medium,105,HMIS,"Health data reporting, facility monitoring, program evaluation"
F27_REC00021,2017,Mar,"Gaya, Bihar",TB Burden,Medium,102,Smile Foundation,"Primary healthcare, mobile health units, community outreach, mother-child welfare"
F27_REC00022,2017,Jul,"Nagpur, Maharashtra",Malaria Outbreak | Dengue Outbreak | TB Burden,High,219,Smile Foundation,"Primary healthcare, mobile health units, community outreach, mother-child welfare"
F27_REC00023,2015,Mar,"Muzaffarpur, Bihar",TB Burden | ASHA Worker Shortage,High,90,WHO India,"Disease monitoring, TB/malaria control, epidemiology, health system strengthening"
F27_REC00024,2016,Mar,"Hubli, Karnataka",Dengue Outbreak,High,114,HMIS,"Health data reporting, facility monitoring, program evaluation"
F27_REC00025,2015,Mar,"Chennai, Tamil Nadu",Malaria Outbreak | Dengue Outbreak | Low ANC Coverage,Medium,186,NFHS,"Health data collection, fertility & mortality tracking, policy research"
F27_REC00026,2015,Mar,"Mysuru, Karnataka",Malaria Outbreak,Low,86,WHO India,"Disease monitoring, TB/malaria control, epidemiology, health system strengthening"
F27_REC00027,2015,Apr,"Mumbai, Maharashtra",TB Burden | Low Institutional Deliveries,Low,96,Smile Foundation,"Primary healthcare, mobile health units, community outreach, mother-child welfare"
F27_REC00028,2017,Jun,"Siliguri, West Bengal",Malaria Outbreak | Dengue Outbreak | TB Burden,Medium,176,CARE India,"Maternal & child health, nutrition, immunization, emergency response"
F27_REC00029,2017,Sep,"Mumbai, Maharashtra",TB Burden,High,74,NHM,"Primary healthcare delivery, ASHA worker deployment, institutional delivery"
F27_REC00030,2015,Aug,"Surat, Gujarat",Dengue Outbreak,Low,106,CARE India,"Maternal & child health, nutrition, immunization, emergency response"
F27_REC00031,2017,Aug,"Surat, Gujarat",Dengue Outbreak | TB Burden,High,113,NHM,"Primary healthcare delivery, ASHA worker deployment, institutional delivery"
F27_REC00032,2017,Sep,"Madurai, Tamil Nadu",Malaria Outbreak | TB Burden | ASHA Worker Shortage,Low,145,UNICEF India,"Child immunization, ANC support, nutrition, disease surveillance"
F27_REC00033,2017,May,"Muzaffarpur, Bihar",Malaria Outbreak | Dengue Outbreak | TB Burden,High,200,UNICEF India,"Child immunization, ANC support, nutrition, disease surveillance"
F27_REC00034,2016,Feb,"Gaya, Bihar",Malaria Outbreak | TB Burden,High,136,HMIS,"Health data reporting, facility monitoring, program evaluation"
F27_REC00035,2015,Aug,"Gaya, Bihar",Malaria Outbreak | Dengue Outbreak | Low Institutional Deliveries | ASHA Worker Shortage,Low,178,Smile Foundation,"Primary healthcare, mobile health units, community outreach, mother-child welfare"
F27_REC00036,2017,Jan,"Madurai, Tamil Nadu",Malaria Outbreak | TB Burden | Low Immunization | Low Institutional Deliveries,Low,104,Smile Foundation,"Primary healthcare, mobile health units, community outreach, mother-child welfare"
F27_REC00037,2016,May,"Muzaffarpur, Bihar",TB Burden | Low ANC Coverage,Medium,106,Doctors For You,"Emergency medical relief, rural health camps, TB & dengue response"
F27_REC00038,2015,Jul,"Lucknow, Uttar Pradesh",Malaria Outbreak | TB Burden | Low ANC Coverage,Medium,186,WHO India,"Disease monitoring, TB/malaria control, epidemiology, health system strengthening"
F27_REC00039,2017,Apr,"Gaya, Bihar",Dengue Outbreak,High,114,Smile Foundation,"Primary healthcare, mobile health units, community outreach, mother-child welfare"
F27_REC00040,2016,Jul,"Surat, Gujarat",Malaria Outbreak,High,143,NFHS,"Health data collection, fertility & mortality tracking, policy research"
F27_REC00041,2015,Jun,"Gaya, Bihar",General Health Monitoring,Low,79,NHM,"Primary healthcare delivery, ASHA worker deployment, institutional delivery"
F27_REC00042,2016,Apr,"Howrah, West Bengal",General Health Monitoring,Medium,52,Smile Foundation,"Primary healthcare, mobile health units, community outreach, mother-child welfare"
F27_REC00043,2016,Jun,"Ahmedabad, Gujarat",Dengue Outbreak | Low Immunization | Low Institutional Deliveries,High,80,Smile Foundation,"Primary healthcare, mobile health units, community outreach, mother-child welfare"
F27_REC00044,2015,Aug,"Muzaffarpur, Bihar",Malaria Outbreak | Dengue Outbreak,High,194,WHO India,"Disease monitoring, TB/malaria control, epidemiology, health system strengthening"
F27_REC00045,2017,Apr,"Patna, Bihar",Malaria Outbreak | Dengue Outbreak | TB Burden,Medium,193,WHO India,"Disease monitoring, TB/malaria control, epidemiology, health system strengthening"
F27_REC00046,2017,Apr,"Agra, Uttar Pradesh",Malaria Outbreak | ASHA Worker Shortage,Medium,124,WHO India,"Disease monitoring, TB/malaria control, epidemiology, health system strengthening"
F27_REC00047,2016,Jun,"Pune, Maharashtra",Malaria Outbreak | TB Burden,Low,162,WHO India,"Disease monitoring, TB/malaria control, epidemiology, health system strengthening"
F27_REC00048,2015,Mar,"Mumbai, Maharashtra",TB Burden | Low Immunization | Low ANC Coverage,Medium,77,Smile Foundation,"Primary healthcare, mobile health units, community outreach, mother-child welfare"
F27_REC00049,2017,Aug,"Lucknow, Uttar Pradesh",Malaria Outbreak | Low Institutional Deliveries,Low,112,NFHS,"Health data collection, fertility & mortality tracking, policy research"
F27_REC00050,2017,Jun,"Muzaffarpur, Bihar",Malaria Outbreak | Low Institutional Deliveries | ASHA Worker Shortage,High,135,HMIS,"Health data reporting, facility monitoring, program evaluation"
F27_REC00051,2017,May,"Madurai, Tamil Nadu",Malaria Outbreak | TB Burden,High,184,WHO India,"Disease monitoring, TB/malaria control, epidemiology, health system strengthening"
F27_REC00052,2015,Mar,"Chennai, Tamil Nadu",Malaria Outbreak | TB Burden,Low,141,WHO India,"Disease monitoring, TB/malaria control, epidemiology, health system strengthening"
F27_REC00053,2015,Mar,"Kolkata, West Bengal",Dengue Outbreak | Low Institutional Deliveries | ASHA Worker Shortage,Low,109,UNICEF India,"Child immunization, ANC support, nutrition, disease surveillance"
F27_REC00054,2015,Jun,"Agra, Uttar Pradesh",Dengue Outbreak,High,123,UNICEF India,"Child immunization, ANC support, nutrition, disease surveillance"
F27_REC00055,2015,Jan,"Lucknow, Uttar Pradesh",Malaria Outbreak,Medium,137,Smile Foundation,"Primary healthcare, mobile health units, community outreach, mother-child welfare"
F27_REC00056,2015,Jul,"Nagpur, Maharashtra",Malaria Outbreak | TB Burden,Medium,104,HMIS,"Health data reporting, facility monitoring, program evaluation"
F27_REC00057,2016,Jul,"Hubli, Karnataka",Low Institutional Deliveries | ASHA Worker Shortage,Low,80,HMIS,"Health data reporting, facility monitoring, program evaluation"
F27_REC00058,2017,May,"Lucknow, Uttar Pradesh",TB Burden,High,68,HMIS,"Health data reporting, facility monitoring, program evaluation"
F27_REC00059,2017,Feb,"Lucknow, Uttar Pradesh",Malaria Outbreak | Dengue Outbreak | ASHA Worker Shortage,Low,169,NHM,"Primary healthcare delivery, ASHA worker deployment, institutional delivery"
F27_REC00060,2015,Feb,"Mysuru, Karnataka",General Health Monitoring,Low,52,CARE India,"Maternal & child health, nutrition, immunization, emergency response"
F27_REC00061,2017,Apr,"Lucknow, Uttar Pradesh",Malaria Outbreak | Dengue Outbreak,High,183,NFHS,"Health data collection, fertility & mortality tracking, policy research"
F27_REC00062,2017,Aug,"Ahmedabad, Gujarat",Malaria Outbreak | Dengue Outbreak | TB Burden,High,179,WHO India,"Disease monitoring, TB/malaria control, epidemiology, health system strengthening"
F27_REC00063,2015,Jun,"Agra, Uttar Pradesh",ASHA Worker Shortage,Medium,65,Doctors For You,"Emergency medical relief, rural health camps, TB & dengue response"
F27_REC00064,2015,Jul,"Patna, Bihar",Low Immunization,Low,79,CARE India,"Maternal & child health, nutrition, immunization, emergency response"
F27_REC00065,2015,Apr,"Chennai, Tamil Nadu",Malaria Outbreak | TB Burden | Low Immunization,High,155,CARE India,"Maternal & child health, nutrition, immunization, emergency response"
F27_REC00066,2015,Aug,"Muzaffarpur, Bihar",Malaria Outbreak | TB Burden | Low ANC Coverage,Medium,140,CARE India,"Maternal & child health, nutrition, immunization, emergency response"
F27_REC00067,2015,Mar,"Madurai, Tamil Nadu",Malaria Outbreak,Medium,113,Smile Foundation,"Primary healthcare, mobile health units, community outreach, mother-child welfare"
F27_REC00068,2016,Jun,"Mysuru, Karnataka",General Health Monitoring,High,66,UNICEF India,"Child immunization, ANC support, nutrition, disease surveillance"
F27_REC00069,2016,May,"Mumbai, Maharashtra",Dengue Outbreak,High,134,UNICEF India,"Child immunization, ANC support, nutrition, disease surveillance"
F27_REC00070,2017,Apr,"Siliguri, West Bengal",TB Burden,Medium,81,CARE India,"Maternal & child health, nutrition, immunization, emergency response"
F27_REC00071,2016,Jun,"Agra, Uttar Pradesh",Dengue Outbreak | TB Burden,Medium,112,NHM,"Primary healthcare delivery, ASHA worker deployment, institutional delivery"
F27_REC00072,2015,Aug,"Nagpur, Maharashtra",Malaria Outbreak,High,125,NFHS,"Health data collection, fertility & mortality tracking, policy research"
F27_REC00073,2017,Feb,"Bengaluru, Karnataka",Malaria Outbreak | TB Burden | Low Institutional Deliveries | ASHA Worker Shortage,Medium,182,NFHS,"Health data collection, fertility & mortality tracking, policy research"
F27_REC00074,2016,Jul,"Mysuru, Karnataka",Dengue Outbreak | TB Burden | Low ANC Coverage | ASHA Worker Shortage,High,141,CARE India,"Maternal & child health, nutrition, immunization, emergency response"
F27_REC00075,2015,Jul,"Chennai, Tamil Nadu",Dengue Outbreak,High,106,Doctors For You,"Emergency medical relief, rural health camps, TB & dengue response"
F27_REC00076,2016,Jan,"Ahmedabad, Gujarat",Dengue Outbreak,Medium,137,Doctors For You,"Emergency medical relief, rural health camps, TB & dengue response"
F27_REC00077,2017,Sep,"Howrah, West Bengal",Malaria Outbreak | Dengue Outbreak | TB Burden,High,194,NFHS,"Health data collection, fertility & mortality tracking, policy research"
F27_REC00078,2017,Feb,"Siliguri, West Bengal",Malaria Outbreak | Dengue Outbreak | TB Burden,Low,184,WHO India,"Disease monitoring, TB/malaria control, epidemiology, health system strengthening"
F27_REC00079,2016,Jul,"Muzaffarpur, Bihar",Malaria Outbreak | Dengue Outbreak | TB Burden,Medium,202,CARE India,"Maternal & child health, nutrition, immunization, emergency response"
F27_REC00080,2016,Sep,"Agra, Uttar Pradesh",Dengue Outbreak | TB Burden | Low ANC Coverage,Low,88,Smile Foundation,"Primary healthcare, mobile health units, community outreach, mother-child welfare"
F27_REC00081,2016,May,"Bengaluru, Karnataka",Malaria Outbreak | Dengue Outbreak | TB Burden | Low ANC Coverage,Low,250,WHO India,"Disease monitoring, TB/malaria control, epidemiology, health system strengthening"
F27_REC00082,2016,Jul,"Mysuru, Karnataka",Malaria Outbreak | Dengue Outbreak | TB Burden,High,132,Doctors For You,"Emergency medical relief, rural health camps, TB & dengue response"
F27_REC00083,2017,Feb,"Madurai, Tamil Nadu",Malaria Outbreak | Dengue Outbreak | TB Burden,Low,194,Smile Foundation,"Primary healthcare, mobile health units, community outreach, mother-child welfare"
F27_REC00084,2017,Apr,"Patna, Bihar",Malaria Outbreak,Low,113,CARE India,"Maternal & child health, nutrition, immunization, emergency response"
F27_REC00085,2015,Aug,"Ahmedabad, Gujarat",Malaria Outbreak | Low Institutional Deliveries,Medium,113,Doctors For You,"Emergency medical relief, rural health camps, TB & dengue response"
F27_REC00086,2016,Jun,"Kolkata, West Bengal",Malaria Outbreak | Dengue Outbreak | TB Burden,High,201,NHM,"Primary healthcare delivery, ASHA worker deployment, institutional delivery"
F27_REC00087,2015,May,"Lucknow, Uttar Pradesh",TB Burden | Low Immunization,Low,97,NHM,"Primary healthcare delivery, ASHA worker deployment, institutional delivery"
F27_REC00088,2017,Apr,"Vadodara, Gujarat",Malaria Outbreak,High,114,CARE India,"Maternal & child health, nutrition, immunization, emergency response"
F27_REC00089,2016,Apr,"Madurai, Tamil Nadu",Dengue Outbreak | ASHA Worker Shortage,Low,110,WHO India,"Disease monitoring, TB/malaria control, epidemiology, health system strengthening"
F27_REC00090,2017,Aug,"Howrah, West Bengal",Malaria Outbreak | Dengue Outbreak | TB Burden,High,212,WHO India,"Disease monitoring, TB/malaria control, epidemiology, health system strengthening"
F27_REC00091,2015,Mar,"Lucknow, Uttar Pradesh",TB Burden | Low Immunization | Low ANC Coverage | Low Institutional Deliveries,Medium,98,NFHS,"Health data collection, fertility & mortality tracking, policy research"
F27_REC00092,2016,Aug,"Muzaffarpur, Bihar",Malaria Outbreak | Dengue Outbreak,Low,138,WHO India,"Disease monitoring, TB/malaria control, epidemiology, health system strengthening"
F27_REC00093,2017,Jan,"Surat, Gujarat",Dengue Outbreak | ASHA Worker Shortage,High,134,HMIS,"Health data reporting, facility monitoring, program evaluation"
F27_REC00094,2016,Feb,"Nagpur, Maharashtra",Malaria Outbreak | TB Burden,Medium,130,HMIS,"Health data reporting, facility monitoring, program evaluation"
F27_REC00095,2016,Jan,"Siliguri, West Bengal",Malaria Outbreak,Medium,182,NFHS,"Health data collection, fertility & mortality tracking, policy research"
F27_REC00096,2016,Feb,"Muzaffarpur, Bihar",Dengue Outbreak | Low Institutional Deliveries,Medium,124,UNICEF India,"Child immunization, ANC support, nutrition, disease surveillance"
F27_REC00097,2015,Mar,"Madurai, Tamil Nadu",Low Institutional Deliveries | ASHA Worker Shortage,High,83,WHO India,"Disease monitoring, TB/malaria control, epidemiology, health system strengthening"
F27_REC00098,2015,Aug,"Madurai, Tamil Nadu",Dengue Outbreak | TB Burden,Medium,131,UNICEF India,"Child immunization, ANC support, nutrition, disease surveillance"
F27_REC00099,2015,Sep,"Patna, Bihar",TB Burden,Medium,106,NFHS,"Health data collection, fertility & mortality tracking, policy research"
F27_REC00100,2015,Feb,"Chennai, Tamil Nadu",TB Burden,High,116,Doctors For You,"Emergency medical relief, rural health camps, TB & dengue response"
F27_REC00101,2016,Apr,"Kolkata, West Bengal",Low ANC Coverage | ASHA Worker Shortage,High,46,NFHS,"Health data collection, fertility & mortality tracking, policy research"
F27_REC00102,2015,Aug,"Varanasi, Uttar Pradesh",Malaria Outbreak,Low,132,Doctors For You,"Emergency medical relief, rural health camps, TB & dengue response"
F27_REC00103,2015,Jul,"Hubli, Karnataka",Malaria Outbreak | TB Burden | ASHA Worker Shortage,High,133,Smile Foundation,"Primary healthcare, mobile health units, community outreach, mother-child welfare"
F27_REC00104,2016,May,"Gaya, Bihar",Malaria Outbreak | Dengue Outbreak | TB Burden | ASHA Worker Shortage,High,200,Doctors For You,"Emergency medical relief, rural health camps, TB & dengue response"
F27_REC00105,2017,Sep,"Madurai, Tamil Nadu",Malaria Outbreak | TB Burden | Low Immunization,High,113,Doctors For You,"Emergency medical relief, rural health camps, TB & dengue response"
F27_REC00106,2015,Jan,"Patna, Bihar",TB Burden | Low Immunization,Medium,75,HMIS,"Health data reporting, facility monitoring, program evaluation"
F27_REC00107,2017,Aug,"Vadodara, Gujarat",Malaria Outbreak | Dengue Outbreak,High,135,NHM,"Primary healthcare delivery, ASHA worker deployment, institutional delivery"
F27_REC00108,2016,Aug,"Howrah, West Bengal",TB Burden,Medium,91,NHM,"Primary healthcare delivery, ASHA worker deployment, institutional delivery"
F27_REC00109,2016,Jul,"Gaya, Bihar",General Health Monitoring,High,82,Doctors For You,"Emergency medical relief, rural health camps, TB & dengue response"
F27_REC00110,2016,Feb,"Gaya, Bihar",Malaria Outbreak | Dengue Outbreak | Low ANC Coverage | ASHA Worker Shortage,Low,184,Doctors For You,"Emergency medical relief, rural health camps, TB & dengue response"
F27_REC00111,2015,Sep,"Ahmedabad, Gujarat",Malaria Outbreak,Medium,114,NHM,"Primary healthcare delivery, ASHA worker deployment, institutional delivery"
F27_REC00112,2017,Sep,"Patna, Bihar",Malaria Outbreak | Dengue Outbreak | TB Burden,High,206,Doctors For You,"Emergency medical relief, rural health camps, TB & dengue response"
F27_REC00113,2015,Sep,"Pune, Maharashtra",Malaria Outbreak | Dengue Outbreak | Low Institutional Deliveries,Medium,95,NFHS,"Health data collection, fertility & mortality tracking, policy research"
F27_REC00114,2015,Sep,"Chennai, Tamil Nadu",Malaria Outbreak | ASHA Worker Shortage,Medium,107,NHM,"Primary healthcare delivery, ASHA worker deployment, institutional delivery"
F27_REC00115,2017,Apr,"Bengaluru, Karnataka",Malaria Outbreak | Dengue Outbreak,Medium,192,UNICEF India,"Child immunization, ANC support, nutrition, disease surveillance"
F27_REC00116,2016,Jul,"Hubli, Karnataka",Malaria Outbreak | Low ANC Coverage | ASHA Worker Shortage,High,128,HMIS,"Health data reporting, facility monitoring, program evaluation"
F27_REC00117,2015,Jul,"Ahmedabad, Gujarat",Dengue Outbreak | Low Institutional Deliveries,High,78,UNICEF India,"Child immunization, ANC support, nutrition, disease surveillance"
F27_REC00118,2017,Jul,"Kolkata, West Bengal",Malaria Outbreak | TB Burden,Medium,198,Doctors For You,"Emergency medical relief, rural health camps, TB & dengue response"
F27_REC00119,2017,Jul,"Coimbatore, Tamil Nadu",Malaria Outbreak | Dengue Outbreak | TB Burden,Low,162,UNICEF India,"Child immunization, ANC support, nutrition, disease surveillance"
F27_REC00120,2015,Jun,"Gaya, Bihar",TB Burden,Medium,120,NHM,"Primary healthcare delivery, ASHA worker deployment, institutional delivery"
F27_REC00121,2015,Sep,"Kolkata, West Bengal",Malaria Outbreak | Dengue Outbreak,High,164,HMIS,"Health data reporting, facility monitoring, program evaluation"
F27_REC00122,2016,Jun,"Ahmedabad, Gujarat",Dengue Outbreak | ASHA Worker Shortage,Low,73,Smile Foundation,"Primary healthcare, mobile health units, community outreach, mother-child welfare"
F27_REC00123,2017,May,"Nagpur, Maharashtra",Malaria Outbreak | TB Burden | Low ANC Coverage,Low,124,HMIS,"Health data reporting, facility monitoring, program evaluation"
F27_REC00124,2017,Jul,"Kolkata, West Bengal",TB Burden,High,94,NFHS,"Health data collection, fertility & mortality tracking, policy research"
F27_REC00125,2015,Feb,"Pune, Maharashtra",Malaria Outbreak,Medium,110,Doctors For You,"Emergency medical relief, rural health camps, TB & dengue response"
F27_REC00126,2017,Jul,"Agra, Uttar Pradesh",Malaria Outbreak | TB Burden,Medium,142,NHM,"Primary healthcare delivery, ASHA worker deployment, institutional delivery"
F27_REC00127,2016,May,"Mysuru, Karnataka",Malaria Outbreak | TB Burden | ASHA Worker Shortage,High,174,CARE India,"Maternal & child health, nutrition, immunization, emergency response"
F27_REC00128,2016,Jul,"Muzaffarpur, Bihar",Dengue Outbreak,Low,122,CARE India,"Maternal & child health, nutrition, immunization, emergency response"
F27_REC00129,2016,Jul,"Ahmedabad, Gujarat",Malaria Outbreak,High,158,Smile Foundation,"Primary healthcare, mobile health units, community outreach, mother-child welfare"
F27_REC00130,2015,Mar,"Kolkata, West Bengal",General Health Monitoring,High,41,NHM,"Primary healthcare delivery, ASHA worker deployment, institutional delivery"
F27_REC00131,2015,May,"Ahmedabad, Gujarat",Dengue Outbreak | TB Burden,Medium,167,CARE India,"Maternal & child health, nutrition, immunization, emergency response"
F27_REC00132,2015,Jul,"Mumbai, Maharashtra",Malaria Outbreak | TB Burden,Low,138,NFHS,"Health data collection, fertility & mortality tracking, policy research"
F27_REC00133,2017,Aug,"Bengaluru, Karnataka",Malaria Outbreak | Dengue Outbreak,Low,176,UNICEF India,"Child immunization, ANC support, nutrition, disease surveillance"
F27_REC00134,2016,Mar,"Kolkata, West Bengal",Dengue Outbreak,Low,102,Doctors For You,"Emergency medical relief, rural health camps, TB & dengue response"
F27_REC00135,2015,Feb,"Coimbatore, Tamil Nadu",Malaria Outbreak | TB Burden,Low,118,CARE India,"Maternal & child health, nutrition, immunization, emergency response"
F27_REC00136,2017,Mar,"Muzaffarpur, Bihar",Malaria Outbreak | Dengue Outbreak,High,175,NFHS,"Health data collection, fertility & mortality tracking, policy research"
F27_REC00137,2015,Apr,"Howrah, West Bengal",Malaria Outbreak | Dengue Outbreak | Low Institutional Deliveries,Medium,158,Smile Foundation,"Primary healthcare, mobile health units, community outreach, mother-child welfare"
F27_REC00138,2017,Jan,"Mysuru, Karnataka",Dengue Outbreak | TB Burden,Low,147,Smile Foundation,"Primary healthcare, mobile health units, community outreach, mother-child welfare"
F27_REC00139,2017,Apr,"Patna, Bihar",Malaria Outbreak | TB Burden,Medium,179,Doctors For You,"Emergency medical relief, rural health camps, TB & dengue response"
F27_REC00140,2015,Aug,"Bengaluru, Karnataka",TB Burden,Medium,102,CARE India,"Maternal & child health, nutrition, immunization, emergency response"
F27_REC00141,2015,May,"Vadodara, Gujarat",Malaria Outbreak | Dengue Outbreak | TB Burden | ASHA Worker Shortage,Low,204,CARE India,"Maternal & child health, nutrition, immunization, emergency response"
F27_REC00142,2016,Jul,"Chennai, Tamil Nadu",Malaria Outbreak | TB Burden,High,138,Smile Foundation,"Primary healthcare, mobile health units, community outreach, mother-child welfare"
F27_REC00143,2017,Aug,"Agra, Uttar Pradesh",Malaria Outbreak | Dengue Outbreak | TB Burden | Low Immunization,Medium,207,CARE India,"Maternal & child health, nutrition, immunization, emergency response"
F27_REC00144,2016,Jul,"Hubli, Karnataka",Dengue Outbreak | TB Burden,Medium,115,Doctors For You,"Emergency medical relief, rural health camps, TB & dengue response"
F27_REC00145,2017,Sep,"Gaya, Bihar",Dengue Outbreak,Low,104,Doctors For You,"Emergency medical relief, rural health camps, TB & dengue response"
F27_REC00146,2016,Mar,"Vadodara, Gujarat",General Health Monitoring,Low,66,NFHS,"Health data collection, fertility & mortality tracking, policy research"
F27_REC00147,2015,May,"Ahmedabad, Gujarat",Dengue Outbreak,Medium,131,HMIS,"Health data reporting, facility monitoring, program evaluation"
F27_REC00148,2015,Aug,"Mumbai, Maharashtra",TB Burden,High,102,Doctors For You,"Emergency medical relief, rural health camps, TB & dengue response"
F27_REC00149,2017,May,"Nagpur, Maharashtra",Malaria Outbreak | Dengue Outbreak | ASHA Worker Shortage,Low,154,UNICEF India,"Child immunization, ANC support, nutrition, disease surveillance"
F27_REC00150,2017,Aug,"Mysuru, Karnataka",TB Burden,High,76,Smile Foundation,"Primary healthcare, mobile health units, community outreach, mother-child welfare"
F27_REC00151,2015,Mar,"Madurai, Tamil Nadu",Malaria Outbreak | TB Burden,Low,177,UNICEF India,"Child immunization, ANC support, nutrition, disease surveillance"
F27_REC00152,2017,Jan,"Kolkata, West Bengal",Malaria Outbreak | Dengue Outbreak | TB Burden,Medium,200,NHM,"Primary healthcare delivery, ASHA worker deployment, institutional delivery"
F27_REC00153,2017,Jan,"Varanasi, Uttar Pradesh",TB Burden | Low Institutional Deliveries | ASHA Worker Shortage,High,78,HMIS,"Health data reporting, facility monitoring, program evaluation"
F27_REC00154,2017,Feb,"Coimbatore, Tamil Nadu",Malaria Outbreak | TB Burden | Low Immunization,Low,137,NHM,"Primary healthcare delivery, ASHA worker deployment, institutional delivery"
F27_REC00155,2017,Jul,"Gaya, Bihar",Malaria Outbreak | Dengue Outbreak | TB Burden,Medium,211,Smile Foundation,"Primary healthcare, mobile health units, community outreach, mother-child welfare"
F27_REC00156,2016,Apr,"Surat, Gujarat",Malaria Outbreak | Dengue Outbreak,Low,172,CARE India,"Maternal & child health, nutrition, immunization, emergency response"
F27_REC00157,2017,Sep,"Kolkata, West Bengal",Malaria Outbreak | TB Burden,Low,169,Doctors For You,"Emergency medical relief, rural health camps, TB & dengue response"
F27_REC00158,2016,Jul,"Muzaffarpur, Bihar",Malaria Outbreak | Dengue Outbreak | TB Burden,Low,154,CARE India,"Maternal & child health, nutrition, immunization, emergency response"
F27_REC00159,2017,Apr,"Lucknow, Uttar Pradesh",Malaria Outbreak | Dengue Outbreak | TB Burden,Medium,142,Smile Foundation,"Primary healthcare, mobile health units, community outreach, mother-child welfare"
F27_REC00160,2017,May,"Agra, Uttar Pradesh",TB Burden,High,113,CARE India,"Maternal & child health, nutrition, immunization, emergency response"
F27_REC00161,2017,May,"Kolkata, West Bengal",TB Burden | Low Immunization,High,120,CARE India,"Maternal & child health, nutrition, immunization, emergency response"
F27_REC00162,2016,Apr,"Hubli, Karnataka",Malaria Outbreak | Dengue Outbreak | TB Burden | Low Institutional Deliveries,Medium,196,Doctors For You,"Emergency medical relief, rural health camps, TB & dengue response"
F27_REC00163,2016,May,"Siliguri, West Bengal",Dengue Outbreak | TB Burden,High,146,Doctors For You,"Emergency medical relief, rural health camps, TB & dengue response"
F27_REC00164,2015,Aug,"Gaya, Bihar",Dengue Outbreak | TB Burden | Low ANC Coverage,Medium,126,Smile Foundation,"Primary healthcare, mobile health units, community outreach, mother-child welfare"
F27_REC00165,2015,Apr,"Madurai, Tamil Nadu",TB Burden | Low ANC Coverage,High,64,Smile Foundation,"Primary healthcare, mobile health units, community outreach, mother-child welfare"
F27_REC00166,2016,Jun,"Lucknow, Uttar Pradesh",Malaria Outbreak | TB Burden,Low,141,CARE India,"Maternal & child health, nutrition, immunization, emergency response"
F27_REC00167,2016,Jul,"Howrah, West Bengal",Low ANC Coverage,Medium,64,Smile Foundation,"Primary healthcare, mobile health units, community outreach, mother-child welfare"
F27_REC00168,2016,Mar,"Bengaluru, Karnataka",Malaria Outbreak | Dengue Outbreak,Medium,113,CARE India,"Maternal & child health, nutrition, immunization, emergency response"
F27_REC00169,2017,Apr,"Surat, Gujarat",Malaria Outbreak | Dengue Outbreak | Low ANC Coverage | ASHA Worker Shortage,Medium,172,WHO India,"Disease monitoring, TB/malaria control, epidemiology, health system strengthening"
F27_REC00170,2015,Feb,"Hubli, Karnataka",Malaria Outbreak | ASHA Worker Shortage,Medium,78,Doctors For You,"Emergency medical relief, rural health camps, TB & dengue response"
F27_REC00171,2015,Jan,"Surat, Gujarat",Malaria Outbreak,High,152,UNICEF India,"Child immunization, ANC support, nutrition, disease surveillance"
F27_REC00172,2015,Jun,"Ahmedabad, Gujarat",Dengue Outbreak | TB Burden,High,112,NFHS,"Health data collection, fertility & mortality tracking, policy research"
F27_REC00173,2015,Feb,"Ahmedabad, Gujarat",Malaria Outbreak | Dengue Outbreak | Low Institutional Deliveries,High,163,Smile Foundation,"Primary healthcare, mobile health units, community outreach, mother-child welfare"
F27_REC00174,2016,May,"Patna, Bihar",Dengue Outbreak | TB Burden,Low,116,UNICEF India,"Child immunization, ANC support, nutrition, disease surveillance"
F27_REC00175,2015,Aug,"Varanasi, Uttar Pradesh",Malaria Outbreak | TB Burden | Low Institutional Deliveries | ASHA Worker Shortage,Low,206,Smile Foundation,"Primary healthcare, mobile health units, community outreach, mother-child welfare"
F27_REC00176,2016,May,"Mumbai, Maharashtra",Malaria Outbreak | TB Burden | ASHA Worker Shortage,High,131,HMIS,"Health data reporting, facility monitoring, program evaluation"
F27_REC00177,2016,Jul,"Gaya, Bihar",Dengue Outbreak | TB Burden,Low,157,WHO India,"Disease monitoring, TB/malaria control, epidemiology, health system strengthening"
F27_REC00178,2016,Jun,"Mysuru, Karnataka",Malaria Outbreak | Dengue Outbreak | TB Burden | ASHA Worker Shortage,High,170,HMIS,"Health data reporting, facility monitoring, program evaluation"
F27_REC00179,2017,Jul,"Howrah, West Bengal",Dengue Outbreak | TB Burden,Low,158,NHM,"Primary healthcare delivery, ASHA worker deployment, institutional delivery"
F27_REC00180,2015,Jul,"Madurai, Tamil Nadu",Malaria Outbreak | Dengue Outbreak,Medium,161,HMIS,"Health data reporting, facility monitoring, program evaluation"
F27_REC00181,2017,Jul,"Howrah, West Bengal",Dengue Outbreak | TB Burden | ASHA Worker Shortage,Low,114,Doctors For You,"Emergency medical relief, rural health camps, TB & dengue response"
F27_REC00182,2016,Jul,"Siliguri, West Bengal",Malaria Outbreak | TB Burden,Medium,118,Smile Foundation,"Primary healthcare, mobile health units, community outreach, mother-child welfare"
F27_REC00183,2016,Jan,"Lucknow, Uttar Pradesh",Malaria Outbreak | ASHA Worker Shortage,High,127,Smile Foundation,"Primary healthcare, mobile health units, community outreach, mother-child welfare"
F27_REC00184,2015,Feb,"Pune, Maharashtra",Malaria Outbreak | Dengue Outbreak | TB Burden | Low Institutional Deliveries,Low,136,Smile Foundation,"Primary healthcare, mobile health units, community outreach, mother-child welfare"
F27_REC00185,2015,Sep,"Mysuru, Karnataka",Low Immunization | ASHA Worker Shortage,Medium,41,CARE India,"Maternal & child health, nutrition, immunization, emergency response"
F27_REC00186,2017,Aug,"Agra, Uttar Pradesh",General Health Monitoring,Low,94,UNICEF India,"Child immunization, ANC support, nutrition, disease surveillance"
F27_REC00187,2015,Feb,"Gaya, Bihar",Dengue Outbreak,Medium,139,CARE India,"Maternal & child health, nutrition, immunization, emergency response"
F27_REC00188,2017,May,"Patna, Bihar",Malaria Outbreak | Dengue Outbreak | TB Burden,Low,198,NFHS,"Health data collection, fertility & mortality tracking, policy research"
F27_REC00189,2015,May,"Surat, Gujarat",ASHA Worker Shortage,Medium,41,NHM,"Primary healthcare delivery, ASHA worker deployment, institutional delivery"
F27_REC00190,2016,Aug,"Bengaluru, Karnataka",Malaria Outbreak | Dengue Outbreak,Medium,194,NFHS,"Health data collection, fertility & mortality tracking, policy research"
F27_REC00191,2015,Mar,"Mysuru, Karnataka",General Health Monitoring,High,54,HMIS,"Health data reporting, facility monitoring, program evaluation"
F27_REC00192,2015,Sep,"Madurai, Tamil Nadu",Malaria Outbreak | TB Burden,High,172,NHM,"Primary healthcare delivery, ASHA worker deployment, institutional delivery"
F27_REC00193,2016,Apr,"Coimbatore, Tamil Nadu",TB Burden,Medium,116,NHM,"Primary healthcare delivery, ASHA worker deployment, institutional delivery"
F27_REC00194,2015,Mar,"Howrah, West Bengal",Dengue Outbreak | TB Burden | Low Institutional Deliveries,Low,122,Doctors For You,"Emergency medical relief, rural health camps, TB & dengue response"
F27_REC00195,2015,Jan,"Vadodara, Gujarat",TB Burden,Medium,97,NHM,"Primary healthcare delivery, ASHA worker deployment, institutional delivery"
F27_REC00196,2015,Apr,"Kolkata, West Bengal",Malaria Outbreak | Dengue Outbreak,High,179,CARE India,"Maternal & child health, nutrition, immunization, emergency response"
F27_REC00197,2017,Jan,"Siliguri, West Bengal",TB Burden,Low,118,Smile Foundation,"Primary healthcare, mobile health units, community outreach, mother-child welfare"
F27_REC00198,2017,Apr,"Chennai, Tamil Nadu",Malaria Outbreak | TB Burden | Low Immunization,Medium,118,Doctors For You,"Emergency medical relief, rural health camps, TB & dengue response"
F27_REC00199,2016,Jun,"Hubli, Karnataka",Malaria Outbreak,Low,134,NHM,"Primary healthcare delivery, ASHA worker deployment, institutional delivery"
F30_REC00000,2016,Mar,"Kolkata, West Bengal",Malaria Outbreak | TB Burden,Medium,152,HMIS,"Health data reporting, facility monitoring, program evaluation"
F30_REC00001,2016,Aug,"Agra, Uttar Pradesh",Malaria Outbreak | Dengue Outbreak | TB Burden,High,176,UNICEF India,"Child immunization, ANC support, nutrition, disease surveillance"
F30_REC00002,2015,Jul,"Kolkata, West Bengal",General Health Monitoring,Low,83,UNICEF India,"Child immunization, ANC support, nutrition, disease surveillance"
F30_REC00003,2016,Jan,"Bengaluru, Karnataka",Malaria Outbreak | Dengue Outbreak | TB Burden | ASHA Worker Shortage,Medium,150,Smile Foundation,"Primary healthcare, mobile health units, community outreach, mother-child welfare"
F30_REC00004,2016,Apr,"Nagpur, Maharashtra",Malaria Outbreak | Dengue Outbreak | Low Institutional Deliveries,Medium,134,NFHS,"Health data collection, fertility & mortality tracking, policy research"
F30_REC00005,2015,Jul,"Hubli, Karnataka",TB Burden,Low,88,CARE India,"Maternal & child health, nutrition, immunization, emergency response"
F30_REC00006,2016,Jan,"Lucknow, Uttar Pradesh",Dengue Outbreak | Low Immunization,High,99,HMIS,"Health data reporting, facility monitoring, program evaluation"
F30_REC00007,2016,Jan,"Surat, Gujarat",Malaria Outbreak | Low ANC Coverage,Medium,81,WHO India,"Disease monitoring, TB/malaria control, epidemiology, health system strengthening"
F30_REC00008,2016,Apr,"Pune, Maharashtra",Malaria Outbreak | TB Burden | Low Immunization,High,154,Smile Foundation,"Primary healthcare, mobile health units, community outreach, mother-child welfare"
F30_REC00009,2016,Jul,"Agra, Uttar Pradesh",Malaria Outbreak | Dengue Outbreak,Low,202,NHM,"Primary healthcare delivery, ASHA worker deployment, institutional delivery"
F30_REC00010,2015,Aug,"Coimbatore, Tamil Nadu",Malaria Outbreak | TB Burden | ASHA Worker Shortage,Low,176,CARE India,"Maternal & child health, nutrition, immunization, emergency response"
F30_REC00011,2015,Jan,"Gaya, Bihar",Malaria Outbreak | TB Burden,Low,176,CARE India,"Maternal & child health, nutrition, immunization, emergency response"
F30_REC00012,2015,May,"Madurai, Tamil Nadu",Malaria Outbreak,High,147,CARE India,"Maternal & child health, nutrition, immunization, emergency response"
F30_REC00013,2016,Aug,"Lucknow, Uttar Pradesh",Dengue Outbreak | Low Institutional Deliveries,Low,105,WHO India,"Disease monitoring, TB/malaria control, epidemiology, health system strengthening"
F30_REC00014,2016,Jun,"Surat, Gujarat",Malaria Outbreak | Dengue Outbreak,Medium,168,HMIS,"Health data reporting, facility monitoring, program evaluation"
F30_REC00015,2016,Jun,"Patna, Bihar",General Health Monitoring,Low,105,Smile Foundation,"Primary healthcare, mobile health units, community outreach, mother-child welfare"
F30_REC00016,2015,Apr,"Kolkata, West Bengal",Malaria Outbreak,Low,119,CARE India,"Maternal & child health, nutrition, immunization, emergency response"
F30_REC00017,2015,Feb,"Varanasi, Uttar Pradesh",Malaria Outbreak,Low,51,CARE India,"Maternal & child health, nutrition, immunization, emergency response"
F30_REC00018,2016,Jun,"Coimbatore, Tamil Nadu",Malaria Outbreak | TB Burden,High,120,UNICEF India,"Child immunization, ANC support, nutrition, disease surveillance"
F30_REC00019,2015,Mar,"Ahmedabad, Gujarat",Malaria Outbreak,Low,100,NHM,"Primary healthcare delivery, ASHA worker deployment, institutional delivery"
F30_REC00020,2016,Feb,"Madurai, Tamil Nadu",Malaria Outbreak | ASHA Worker Shortage,Medium,104,Smile Foundation,"Primary healthcare, mobile health units, community outreach, mother-child welfare"
F30_REC00021,2016,Mar,"Vadodara, Gujarat",ASHA Worker Shortage,High,52,WHO India,"Disease monitoring, TB/malaria control, epidemiology, health system strengthening"
F30_REC00022,2016,Feb,"Nagpur, Maharashtra",TB Burden,Low,78,Doctors For You,"Emergency medical relief, rural health camps, TB & dengue response"
F30_REC00023,2016,Jun,"Howrah, West Bengal",Malaria Outbreak | Dengue Outbreak | TB Burden,Low,165,WHO India,"Disease monitoring, TB/malaria control, epidemiology, health system strengthening"
F30_REC00024,2015,Sep,"Madurai, Tamil Nadu",Malaria Outbreak | Dengue Outbreak | ASHA Worker Shortage,High,202,CARE India,"Maternal & child health, nutrition, immunization, emergency response"
F30_REC00025,2015,Apr,"Kolkata, West Bengal",General Health Monitoring,Medium,79,CARE India,"Maternal & child health, nutrition, immunization, emergency response"
F30_REC00026,2016,Jan,"Surat, Gujarat",Malaria Outbreak,Medium,63,NFHS,"Health data collection, fertility & mortality tracking, policy research"
F30_REC00027,2016,Aug,"Gaya, Bihar",Dengue Outbreak,Medium,105,UNICEF India,"Child immunization, ANC support, nutrition, disease surveillance"
F30_REC00028,2015,Feb,"Bengaluru, Karnataka",General Health Monitoring,Low,27,Doctors For You,"Emergency medical relief, rural health camps, TB & dengue response"
F30_REC00029,2015,Jan,"Nagpur, Maharashtra",Malaria Outbreak | Dengue Outbreak | TB Burden | Low Immunization,Low,227,NFHS,"Health data collection, fertility & mortality tracking, policy research"
F30_REC00030,2015,Jul,"Varanasi, Uttar Pradesh",TB Burden | Low Institutional Deliveries | ASHA Worker Shortage,Low,106,Doctors For You,"Emergency medical relief, rural health camps, TB & dengue response"
F30_REC00031,2015,Apr,"Ahmedabad, Gujarat",Malaria Outbreak | TB Burden,Low,153,HMIS,"Health data reporting, facility monitoring, program evaluation"
F30_REC00032,2015,Apr,"Bengaluru, Karnataka",Dengue Outbreak,Medium,89,Smile Foundation,"Primary healthcare, mobile health units, community outreach, mother-child welfare"
F30_REC00033,2015,Jan,"Vadodara, Gujarat",Malaria Outbreak | Dengue Outbreak | TB Burden,Medium,217,CARE India,"Maternal & child health, nutrition, immunization, emergency response"
F30_REC00034,2015,May,"Madurai, Tamil Nadu",Malaria Outbreak | TB Burden,Low,137,UNICEF India,"Child immunization, ANC support, nutrition, disease surveillance"
F30_REC00035,2015,Jan,"Howrah, West Bengal",TB Burden,Low,86,NHM,"Primary healthcare delivery, ASHA worker deployment, institutional delivery"
F30_REC00036,2015,May,"Surat, Gujarat",TB Burden,High,104,UNICEF India,"Child immunization, ANC support, nutrition, disease surveillance"
F30_REC00037,2015,Jan,"Muzaffarpur, Bihar",Malaria Outbreak,Medium,80,CARE India,"Maternal & child health, nutrition, immunization, emergency response"
F30_REC00038,2015,Sep,"Howrah, West Bengal",Malaria Outbreak | Dengue Outbreak,Medium,174,Smile Foundation,"Primary healthcare, mobile health units, community outreach, mother-child welfare"
F30_REC00039,2016,Mar,"Surat, Gujarat",General Health Monitoring,Low,96,Smile Foundation,"Primary healthcare, mobile health units, community outreach, mother-child welfare"
F30_REC00040,2016,Jan,"Muzaffarpur, Bihar",Malaria Outbreak | Dengue Outbreak | Low ANC Coverage,Low,190,CARE India,"Maternal & child health, nutrition, immunization, emergency response"
F30_REC00041,2015,Mar,"Bengaluru, Karnataka",Dengue Outbreak | TB Burden | ASHA Worker Shortage,Low,146,WHO India,"Disease monitoring, TB/malaria control, epidemiology, health system strengthening"
F30_REC00042,2015,Sep,"Patna, Bihar",Malaria Outbreak | TB Burden | Low ANC Coverage,Medium,128,CARE India,"Maternal & child health, nutrition, immunization, emergency response"
F30_REC00043,2015,May,"Kolkata, West Bengal",Dengue Outbreak | Low Immunization,Medium,105,CARE India,"Maternal & child health, nutrition, immunization, emergency response"
F30_REC00044,2015,Sep,"Nagpur, Maharashtra",Dengue Outbreak,Medium,101,CARE India,"Maternal & child health, nutrition, immunization, emergency response"
F30_REC00045,2015,Jan,"Ahmedabad, Gujarat",Dengue Outbreak | TB Burden | Low Institutional Deliveries,Medium,134,NHM,"Primary healthcare delivery, ASHA worker deployment, institutional delivery"
F30_REC00046,2015,Jan,"Coimbatore, Tamil Nadu",Malaria Outbreak,Low,74,Doctors For You,"Emergency medical relief, rural health camps, TB & dengue response"
F30_REC00047,2016,Jun,"Siliguri, West Bengal",Dengue Outbreak | TB Burden | ASHA Worker Shortage,High,130,WHO India,"Disease monitoring, TB/malaria control, epidemiology, health system strengthening"
F30_REC00048,2015,May,"Coimbatore, Tamil Nadu",Low Immunization,Medium,62,NFHS,"Health data collection, fertility & mortality tracking, policy research"
F30_REC00049,2016,May,"Vadodara, Gujarat",Dengue Outbreak | Low ANC Coverage | ASHA Worker Shortage,Low,106,Smile Foundation,"Primary healthcare, mobile health units, community outreach, mother-child welfare"
F30_REC00050,2015,Jun,"Patna, Bihar",ASHA Worker Shortage,Medium,61,NFHS,"Health data collection, fertility & mortality tracking, policy research"
F30_REC00051,2016,May,"Lucknow, Uttar Pradesh",Malaria Outbreak | Dengue Outbreak,High,165,Smile Foundation,"Primary healthcare, mobile health units, community outreach, mother-child welfare"
F30_REC00052,2016,Feb,"Bengaluru, Karnataka",Malaria Outbreak | TB Burden,Low,170,Smile Foundation,"Primary healthcare, mobile health units, community outreach, mother-child welfare"
F30_REC00053,2015,Mar,"Varanasi, Uttar Pradesh",Dengue Outbreak,Medium,116,Smile Foundation,"Primary healthcare, mobile health units, community outreach, mother-child welfare"
F30_REC00054,2015,Apr,"Vadodara, Gujarat",Malaria Outbreak | Dengue Outbreak | TB Burden | ASHA Worker Shortage,Medium,167,Smile Foundation,"Primary healthcare, mobile health units, community outreach, mother-child welfare"
F30_REC00055,2016,Sep,"Madurai, Tamil Nadu",Malaria Outbreak | TB Burden,Low,168,WHO India,"Disease monitoring, TB/malaria control, epidemiology, health system strengthening"
F30_REC00056,2015,Aug,"Agra, Uttar Pradesh",Malaria Outbreak,Low,146,CARE India,"Maternal & child health, nutrition, immunization, emergency response"
F30_REC00057,2015,Jul,"Hubli, Karnataka",Malaria Outbreak,Low,97,HMIS,"Health data reporting, facility monitoring, program evaluation"
F30_REC00058,2015,Apr,"Mysuru, Karnataka",Malaria Outbreak | TB Burden,High,134,Smile Foundation,"Primary healthcare, mobile health units, community outreach, mother-child welfare"
F30_REC00059,2016,Apr,"Chennai, Tamil Nadu",TB Burden,High,43,Doctors For You,"Emergency medical relief, rural health camps, TB & dengue response"
F30_REC00060,2016,Jan,"Ahmedabad, Gujarat",General Health Monitoring,High,67,Doctors For You,"Emergency medical relief, rural health camps, TB & dengue response"
F30_REC00061,2016,Mar,"Mysuru, Karnataka",Dengue Outbreak,Medium,129,NFHS,"Health data collection, fertility & mortality tracking, policy research"
F30_REC00062,2016,Feb,"Pune, Maharashtra",Malaria Outbreak | TB Burden,High,184,HMIS,"Health data reporting, facility monitoring, program evaluation"
F30_REC00063,2016,Mar,"Muzaffarpur, Bihar",Dengue Outbreak,Low,85,NFHS,"Health data collection, fertility & mortality tracking, policy research"
F30_REC00064,2016,Feb,"Bengaluru, Karnataka",Malaria Outbreak,Medium,159,NFHS,"Health data collection, fertility & mortality tracking, policy research"
F30_REC00065,2016,Apr,"Lucknow, Uttar Pradesh",Malaria Outbreak,High,138,WHO India,"Disease monitoring, TB/malaria control, epidemiology, health system strengthening"
F30_REC00066,2016,Sep,"Chennai, Tamil Nadu",Malaria Outbreak | Dengue Outbreak | TB Burden | Low ANC Coverage,Medium,228,UNICEF India,"Child immunization, ANC support, nutrition, disease surveillance"
F30_REC00067,2015,Aug,"Bengaluru, Karnataka",Dengue Outbreak | TB Burden,Medium,106,CARE India,"Maternal & child health, nutrition, immunization, emergency response"
F30_REC00068,2016,Apr,"Chennai, Tamil Nadu",Malaria Outbreak,Medium,152,Doctors For You,"Emergency medical relief, rural health camps, TB & dengue response"
F30_REC00069,2015,Feb,"Surat, Gujarat",Malaria Outbreak | Dengue Outbreak | TB Burden | Low Immunization,High,198,Doctors For You,"Emergency medical relief, rural health camps, TB & dengue response"
F30_REC00070,2015,Sep,"Agra, Uttar Pradesh",Malaria Outbreak,Low,149,HMIS,"Health data reporting, facility monitoring, program evaluation"
F30_REC00071,2016,Jan,"Pune, Maharashtra",Malaria Outbreak | TB Burden,High,180,NFHS,"Health data collection, fertility & mortality tracking, policy research"
F30_REC00072,2015,Mar,"Hubli, Karnataka",Malaria Outbreak,High,115,UNICEF India,"Child immunization, ANC support, nutrition, disease surveillance"
F30_REC00073,2016,Jun,"Patna, Bihar",Malaria Outbreak | TB Burden,Low,130,NHM,"Primary healthcare delivery, ASHA worker deployment, institutional delivery"
F30_REC00074,2016,Mar,"Siliguri, West Bengal",Malaria Outbreak | Dengue Outbreak,Low,135,CARE India,"Maternal & child health, nutrition, immunization, emergency response"
F30_REC00075,2015,Apr,"Mumbai, Maharashtra",Malaria Outbreak | Dengue Outbreak | TB Burden | ASHA Worker Shortage,High,212,NHM,"Primary healthcare delivery, ASHA worker deployment, institutional delivery"
F30_REC00076,2015,Feb,"Varanasi, Uttar Pradesh",Malaria Outbreak | Low Immunization,Low,129,CARE India,"Maternal & child health, nutrition, immunization, emergency response"
F30_REC00077,2016,Sep,"Muzaffarpur, Bihar",Dengue Outbreak,High,83,NFHS,"Health data collection, fertility & mortality tracking, policy research"
F30_REC00078,2016,Sep,"Nagpur, Maharashtra",Malaria Outbreak | TB Burden,Medium,148,UNICEF India,"Child immunization, ANC support, nutrition, disease surveillance"
F30_REC00079,2015,Mar,"Gaya, Bihar",TB Burden,Low,78,Smile Foundation,"Primary healthcare, mobile health units, community outreach, mother-child welfare"
F30_REC00080,2015,Apr,"Madurai, Tamil Nadu",Dengue Outbreak | TB Burden | Low Immunization,High,180,HMIS,"Health data reporting, facility monitoring, program evaluation"
F30_REC00081,2016,Jan,"Hubli, Karnataka",Malaria Outbreak | Dengue Outbreak,High,186,WHO India,"Disease monitoring, TB/malaria control, epidemiology, health system strengthening"
F30_REC00082,2015,Jul,"Coimbatore, Tamil Nadu",Malaria Outbreak | Dengue Outbreak | ASHA Worker Shortage,Medium,166,UNICEF India,"Child immunization, ANC support, nutrition, disease surveillance"
F30_REC00083,2015,Jul,"Coimbatore, Tamil Nadu",Malaria Outbreak | Dengue Outbreak | TB Burden | ASHA Worker Shortage,Low,157,HMIS,"Health data reporting, facility monitoring, program evaluation"
F30_REC00084,2016,May,"Coimbatore, Tamil Nadu",Malaria Outbreak,High,92,UNICEF India,"Child immunization, ANC support, nutrition, disease surveillance"
F30_REC00085,2015,Sep,"Patna, Bihar",Dengue Outbreak | TB Burden | ASHA Worker Shortage,Medium,170,NFHS,"Health data collection, fertility & mortality tracking, policy research"
F30_REC00086,2015,Jul,"Mumbai, Maharashtra",General Health Monitoring,Low,94,Doctors For You,"Emergency medical relief, rural health camps, TB & dengue response"
F30_REC00087,2015,Jan,"Varanasi, Uttar Pradesh",Malaria Outbreak | Dengue Outbreak,Low,189,NFHS,"Health data collection, fertility & mortality tracking, policy research"
F30_REC00088,2016,Apr,"Siliguri, West Bengal",Malaria Outbreak | Dengue Outbreak | TB Burden,Medium,189,CARE India,"Maternal & child health, nutrition, immunization, emergency response"
F30_REC00089,2015,Jul,"Surat, Gujarat",Malaria Outbreak | Dengue Outbreak,High,159,NHM,"Primary healthcare delivery, ASHA worker deployment, institutional delivery"
F30_REC00090,2015,Mar,"Gaya, Bihar",Malaria Outbreak | Dengue Outbreak | Low Immunization,Medium,127,WHO India,"Disease monitoring, TB/malaria control, epidemiology, health system strengthening"
F30_REC00091,2016,Sep,"Siliguri, West Bengal",TB Burden,High,66,NHM,"Primary healthcare delivery, ASHA worker deployment, institutional delivery"
F30_REC00092,2016,May,"Madurai, Tamil Nadu",General Health Monitoring,Low,52,WHO India,"Disease monitoring, TB/malaria control, epidemiology, health system strengthening"
F30_REC00093,2016,Mar,"Mysuru, Karnataka",Malaria Outbreak | Dengue Outbreak | ASHA Worker Shortage,High,177,NFHS,"Health data collection, fertility & mortality tracking, policy research"
F30_REC00094,2016,Jan,"Nagpur, Maharashtra",Malaria Outbreak | TB Burden | ASHA Worker Shortage,Medium,158,UNICEF India,"Child immunization, ANC support, nutrition, disease surveillance"
F30_REC00095,2015,Sep,"Siliguri, West Bengal",Malaria Outbreak | TB Burden | Low ANC Coverage | ASHA Worker Shortage,Low,152,HMIS,"Health data reporting, facility monitoring, program evaluation"
F30_REC00096,2015,Feb,"Agra, Uttar Pradesh",TB Burden | ASHA Worker Shortage,Low,114,HMIS,"Health data reporting, facility monitoring, program evaluation"
F30_REC00097,2015,Jun,"Muzaffarpur, Bihar",Malaria Outbreak | Dengue Outbreak | TB Burden | Low ANC Coverage,High,179,NHM,"Primary healthcare delivery, ASHA worker deployment, institutional delivery"
F30_REC00098,2015,Feb,"Gaya, Bihar",Malaria Outbreak,Medium,107,UNICEF India,"Child immunization, ANC support, nutrition, disease surveillance"
F30_REC00099,2015,Jul,"Patna, Bihar",Dengue Outbreak,Low,112,UNICEF India,"Child immunization, ANC support, nutrition, disease surveillance"
F30_REC00100,2015,Feb,"Pune, Maharashtra",Dengue Outbreak | TB Burden | ASHA Worker Shortage,High,170,Smile Foundation,"Primary healthcare, mobile health units, community outreach, mother-child welfare"
F30_REC00101,2015,Mar,"Nagpur, Maharashtra",Dengue Outbreak,Low,116,UNICEF India,"Child immunization, ANC support, nutrition, disease surveillance"
F30_REC00102,2016,Feb,"Bengaluru, Karnataka",Malaria Outbreak | Dengue Outbreak | TB Burden,Medium,223,WHO India,"Disease monitoring, TB/malaria control, epidemiology, health system strengthening"
F30_REC00103,2015,Aug,"Chennai, Tamil Nadu",Dengue Outbreak,Medium,74,Doctors For You,"Emergency medical relief, rural health camps, TB & dengue response"
F30_REC00104,2015,Jan,"Howrah, West Bengal",Dengue Outbreak | TB Burden,High,149,WHO India,"Disease monitoring, TB/malaria control, epidemiology, health system strengthening"
F30_REC00105,2015,Jul,"Ahmedabad, Gujarat",Malaria Outbreak | Dengue Outbreak | Low Immunization,Medium,201,UNICEF India,"Child immunization, ANC support, nutrition, disease surveillance"
F30_REC00106,2015,Sep,"Kolkata, West Bengal",Malaria Outbreak | Dengue Outbreak | TB Burden,Low,179,Smile Foundation,"Primary healthcare, mobile health units, community outreach, mother-child welfare"
F30_REC00107,2015,Jul,"Coimbatore, Tamil Nadu",Dengue Outbreak | TB Burden,Low,86,CARE India,"Maternal & child health, nutrition, immunization, emergency response"
F30_REC00108,2015,Apr,"Mysuru, Karnataka",Malaria Outbreak | Low ANC Coverage,Medium,117,Smile Foundation,"Primary healthcare, mobile health units, community outreach, mother-child welfare"
F30_REC00109,2015,Jul,"Hubli, Karnataka",Malaria Outbreak,High,153,WHO India,"Disease monitoring, TB/malaria control, epidemiology, health system strengthening"
F30_REC00110,2016,Mar,"Pune, Maharashtra",Malaria Outbreak | TB Burden,Low,132,HMIS,"Health data reporting, facility monitoring, program evaluation"
F30_REC00111,2016,Sep,"Howrah, West Bengal",Dengue Outbreak | TB Burden | ASHA Worker Shortage,Medium,162,NHM,"Primary healthcare delivery, ASHA worker deployment, institutional delivery"
F30_REC00112,2015,Aug,"Gaya, Bihar",Malaria Outbreak | Dengue Outbreak | TB Burden,High,231,Doctors For You,"Emergency medical relief, rural health camps, TB & dengue response"
F30_REC00113,2016,Jun,"Patna, Bihar",Malaria Outbreak | TB Burden,High,131,WHO India,"Disease monitoring, TB/malaria control, epidemiology, health system strengthening"
F30_REC00114,2015,May,"Mysuru, Karnataka",Malaria Outbreak,Medium,167,NHM,"Primary healthcare delivery, ASHA worker deployment, institutional delivery"
F30_REC00115,2016,Feb,"Patna, Bihar",Dengue Outbreak | Low Immunization,High,99,NHM,"Primary healthcare delivery, ASHA worker deployment, institutional delivery"
F30_REC00116,2015,Sep,"Lucknow, Uttar Pradesh",Malaria Outbreak | Dengue Outbreak,Low,180,WHO India,"Disease monitoring, TB/malaria control, epidemiology, health system strengthening"
F30_REC00117,2015,Jan,"Patna, Bihar",TB Burden | ASHA Worker Shortage,Medium,67,NFHS,"Health data collection, fertility & mortality tracking, policy research"
F30_REC00118,2015,Aug,"Muzaffarpur, Bihar",Dengue Outbreak | ASHA Worker Shortage,Medium,75,UNICEF India,"Child immunization, ANC support, nutrition, disease surveillance"
F30_REC00119,2015,Mar,"Bengaluru, Karnataka",General Health Monitoring,High,100,Doctors For You,"Emergency medical relief, rural health camps, TB & dengue response"
F30_REC00120,2015,Sep,"Mumbai, Maharashtra",Dengue Outbreak | TB Burden | Low ANC Coverage | ASHA Worker Shortage,Low,170,CARE India,"Maternal & child health, nutrition, immunization, emergency response"
F30_REC00121,2015,Aug,"Vadodara, Gujarat",Malaria Outbreak | Dengue Outbreak,Medium,162,Smile Foundation,"Primary healthcare, mobile health units, community outreach, mother-child welfare"
F30_REC00122,2016,Mar,"Kolkata, West Bengal",Malaria Outbreak,Medium,133,NHM,"Primary healthcare delivery, ASHA worker deployment, institutional delivery"
F30_REC00123,2015,Sep,"Coimbatore, Tamil Nadu",Malaria Outbreak | Dengue Outbreak | TB Burden,Low,229,Smile Foundation,"Primary healthcare, mobile health units, community outreach, mother-child welfare"
F30_REC00124,2015,Sep,"Muzaffarpur, Bihar",Dengue Outbreak | TB Burden,High,167,Smile Foundation,"Primary healthcare, mobile health units, community outreach, mother-child welfare"
F30_REC00125,2016,Mar,"Madurai, Tamil Nadu",Malaria Outbreak | TB Burden,Low,95,WHO India,"Disease monitoring, TB/malaria control, epidemiology, health system strengthening"
F30_REC00126,2015,Apr,"Agra, Uttar Pradesh",Malaria Outbreak | Low Immunization | ASHA Worker Shortage,Low,133,Smile Foundation,"Primary healthcare, mobile health units, community outreach, mother-child welfare"
F30_REC00127,2016,Mar,"Siliguri, West Bengal",Malaria Outbreak | Dengue Outbreak | ASHA Worker Shortage,High,142,WHO India,"Disease monitoring, TB/malaria control, epidemiology, health system strengthening"
F30_REC00128,2015,Jan,"Gaya, Bihar",Low Immunization,High,32,NFHS,"Health data collection, fertility & mortality tracking, policy research"
F30_REC00129,2015,Jan,"Chennai, Tamil Nadu",Malaria Outbreak | TB Burden,Medium,160,HMIS,"Health data reporting, facility monitoring, program evaluation"
F30_REC00130,2015,Jul,"Lucknow, Uttar Pradesh",Malaria Outbreak | TB Burden,Low,173,UNICEF India,"Child immunization, ANC support, nutrition, disease surveillance"
F30_REC00131,2016,May,"Bengaluru, Karnataka",Dengue Outbreak,Medium,105,UNICEF India,"Child immunization, ANC support, nutrition, disease surveillance"
F30_REC00132,2015,Jun,"Kolkata, West Bengal",Dengue Outbreak | TB Burden | Low Immunization,Medium,139,NFHS,"Health data collection, fertility & mortality tracking, policy research"
F30_REC00133,2015,Jun,"Mysuru, Karnataka",Malaria Outbreak | TB Burden | Low Immunization | ASHA Worker Shortage,Low,132,NFHS,"Health data collection, fertility & mortality tracking, policy research"
F30_REC00134,2015,Jun,"Pune, Maharashtra",Malaria Outbreak | Dengue Outbreak | TB Burden,High,241,UNICEF India,"Child immunization, ANC support, nutrition, disease surveillance"
F30_REC00135,2015,Jul,"Siliguri, West Bengal",TB Burden | ASHA Worker Shortage,Medium,51,UNICEF India,"Child immunization, ANC support, nutrition, disease surveillance"
F30_REC00136,2015,Jul,"Muzaffarpur, Bihar",TB Burden,High,94,NHM,"Primary healthcare delivery, ASHA worker deployment, institutional delivery"
F30_REC00137,2016,Apr,"Madurai, Tamil Nadu",Malaria Outbreak | Dengue Outbreak | TB Burden | Low ANC Coverage,High,210,NHM,"Primary healthcare delivery, ASHA worker deployment, institutional delivery"
F30_REC00138,2016,Mar,"Agra, Uttar Pradesh",Malaria Outbreak | Dengue Outbreak,Medium,148,CARE India,"Maternal & child health, nutrition, immunization, emergency response"
F30_REC00139,2016,Aug,"Bengaluru, Karnataka",Malaria Outbreak | Dengue Outbreak,High,155,NHM,"Primary healthcare delivery, ASHA worker deployment, institutional delivery"
F30_REC00140,2015,Apr,"Ahmedabad, Gujarat",Malaria Outbreak | TB Burden | Low ANC Coverage,High,168,Doctors For You,"Emergency medical relief, rural health camps, TB & dengue response"
F30_REC00141,2016,Apr,"Hubli, Karnataka",General Health Monitoring,Medium,41,WHO India,"Disease monitoring, TB/malaria control, epidemiology, health system strengthening"
F30_REC00142,2016,Sep,"Kolkata, West Bengal",Dengue Outbreak | TB Burden | Low Immunization,Low,171,NHM,"Primary healthcare delivery, ASHA worker deployment, institutional delivery"
F30_REC00143,2016,Jul,"Ahmedabad, Gujarat",Malaria Outbreak | Dengue Outbreak | TB Burden | Low Immunization | Low ANC Coverage,Medium,187,NHM,"Primary healthcare delivery, ASHA worker deployment, institutional delivery"
F30_REC00144,2015,Jul,"Patna, Bihar",TB Burden | Low ANC Coverage,High,104,WHO India,"Disease monitoring, TB/malaria control, epidemiology, health system strengthening"
F30_REC00145,2016,Jun,"Agra, Uttar Pradesh",Malaria Outbreak | Low Institutional Deliveries | ASHA Worker Shortage,High,179,CARE India,"Maternal & child health, nutrition, immunization, emergency response"
F30_REC00146,2016,Jun,"Surat, Gujarat",Dengue Outbreak,Low,139,NFHS,"Health data collection, fertility & mortality tracking, policy research"
F30_REC00147,2015,May,"Patna, Bihar",Low ANC Coverage | ASHA Worker Shortage,Low,52,Doctors For You,"Emergency medical relief, rural health camps, TB & dengue response"
F30_REC00148,2016,Jan,"Coimbatore, Tamil Nadu",Malaria Outbreak | Dengue Outbreak | TB Burden | ASHA Worker Shortage,High,170,HMIS,"Health data reporting, facility monitoring, program evaluation"
F30_REC00149,2016,May,"Mysuru, Karnataka",General Health Monitoring,High,45,Smile Foundation,"Primary healthcare, mobile health units, community outreach, mother-child welfare"
F30_REC00150,2015,Mar,"Coimbatore, Tamil Nadu",Dengue Outbreak,High,59,NFHS,"Health data collection, fertility & mortality tracking, policy research"
F30_REC00151,2016,Jul,"Muzaffarpur, Bihar",Malaria Outbreak | Dengue Outbreak | TB Burden | Low Immunization,High,199,CARE India,"Maternal & child health, nutrition, immunization, emergency response"
F30_REC00152,2015,Jun,"Howrah, West Bengal",Malaria Outbreak | TB Burden | Low Immunization,High,120,NFHS,"Health data collection, fertility & mortality tracking, policy research"
F30_REC00153,2016,Mar,"Nagpur, Maharashtra",Malaria Outbreak | Dengue Outbreak,High,125,HMIS,"Health data reporting, facility monitoring, program evaluation"
F30_REC00154,2015,Aug,"Madurai, Tamil Nadu",Malaria Outbreak | Dengue Outbreak | TB Burden,Low,195,NFHS,"Health data collection, fertility & mortality tracking, policy research"
F30_REC00155,2015,Sep,"Lucknow, Uttar Pradesh",Malaria Outbreak | Dengue Outbreak | TB Burden,Medium,216,NHM,"Primary healthcare delivery, ASHA worker deployment, institutional delivery"
F30_REC00156,2015,Jul,"Agra, Uttar Pradesh",TB Burden | Low Immunization,Low,120,Doctors For You,"Emergency medical relief, rural health camps, TB & dengue response"
F30_REC00157,2015,Mar,"Mysuru, Karnataka",Malaria Outbreak | TB Burden,Low,145,UNICEF India,"Child immunization, ANC support, nutrition, disease surveillance"
F30_REC00158,2015,Feb,"Mumbai, Maharashtra",Malaria Outbreak | Dengue Outbreak | TB Burden,Medium,192,Smile Foundation,"Primary healthcare, mobile health units, community outreach, mother-child welfare"
F30_REC00159,2015,Feb,"Ahmedabad, Gujarat",Malaria Outbreak | TB Burden | Low Immunization | ASHA Worker Shortage,Low,133,NHM,"Primary healthcare delivery, ASHA worker deployment, institutional delivery"
F30_REC00160,2016,Jul,"Kolkata, West Bengal",General Health Monitoring,Low,40,NHM,"Primary healthcare delivery, ASHA worker deployment, institutional delivery"
F30_REC00161,2016,Sep,"Kolkata, West Bengal",Malaria Outbreak | Dengue Outbreak,High,177,CARE India,"Maternal & child health, nutrition, immunization, emergency response"
F30_REC00162,2015,Mar,"Madurai, Tamil Nadu",Malaria Outbreak | TB Burden,High,132,CARE India,"Maternal & child health, nutrition, immunization, emergency response"
F30_REC00163,2016,Aug,"Vadodara, Gujarat",Malaria Outbreak | Dengue Outbreak | TB Burden,Medium,201,CARE India,"Maternal & child health, nutrition, immunization, emergency response"
F30_REC00164,2016,Jun,"Mysuru, Karnataka",Malaria Outbreak | Dengue Outbreak | TB Burden,Medium,194,WHO India,"Disease monitoring, TB/malaria control, epidemiology, health system strengthening"
F30_REC00165,2016,Sep,"Ahmedabad, Gujarat",Malaria Outbreak,Medium,114,UNICEF India,"Child immunization, ANC support, nutrition, disease surveillance"
F30_REC00166,2016,Mar,"Hubli, Karnataka",Malaria Outbreak | Dengue Outbreak | TB Burden | Low ANC Coverage | ASHA Worker Shortage,Medium,193,Doctors For You,"Emergency medical relief, rural health camps, TB & dengue response"
F30_REC00167,2016,May,"Mumbai, Maharashtra",Dengue Outbreak | TB Burden,Low,141,NHM,"Primary healthcare delivery, ASHA worker deployment, institutional delivery"
F30_REC00168,2015,Sep,"Vadodara, Gujarat",Malaria Outbreak | Dengue Outbreak,High,136,UNICEF India,"Child immunization, ANC support, nutrition, disease surveillance"
F30_REC00169,2015,May,"Vadodara, Gujarat",Dengue Outbreak,Medium,159,Smile Foundation,"Primary healthcare, mobile health units, community outreach, mother-child welfare"
F30_REC00170,2016,Feb,"Hubli, Karnataka",Malaria Outbreak,Medium,121,Smile Foundation,"Primary healthcare, mobile health units, community outreach, mother-child welfare"
F30_REC00171,2015,Jun,"Mumbai, Maharashtra",Malaria Outbreak | Dengue Outbreak | TB Burden | Low Immunization,High,200,Smile Foundation,"Primary healthcare, mobile health units, community outreach, mother-child welfare"
F30_REC00172,2015,Jan,"Kolkata, West Bengal",Dengue Outbreak | TB Burden,High,101,UNICEF India,"Child immunization, ANC support, nutrition, disease surveillance"
F30_REC00173,2016,May,"Mysuru, Karnataka",Malaria Outbreak | TB Burden | Low Institutional Deliveries | ASHA Worker Shortage,Medium,142,NHM,"Primary healthcare delivery, ASHA worker deployment, institutional delivery"
F30_REC00174,2016,May,"Chennai, Tamil Nadu",TB Burden,Medium,110,CARE India,"Maternal & child health, nutrition, immunization, emergency response"
F30_REC00175,2016,May,"Chennai, Tamil Nadu",Dengue Outbreak | TB Burden,High,169,NFHS,"Health data collection, fertility & mortality tracking, policy research"
F30_REC00176,2015,Aug,"Chennai, Tamil Nadu",Dengue Outbreak | TB Burden | ASHA Worker Shortage,Medium,128,CARE India,"Maternal & child health, nutrition, immunization, emergency response"
F30_REC00177,2016,Sep,"Kolkata, West Bengal",Malaria Outbreak | TB Burden | ASHA Worker Shortage,High,177,HMIS,"Health data reporting, facility monitoring, program evaluation"
F30_REC00178,2016,Jun,"Muzaffarpur, Bihar",General Health Monitoring,Low,80,UNICEF India,"Child immunization, ANC support, nutrition, disease surveillance"
F30_REC00179,2015,Aug,"Ahmedabad, Gujarat",Dengue Outbreak | Low Institutional Deliveries | ASHA Worker Shortage,Low,106,UNICEF India,"Child immunization, ANC support, nutrition, disease surveillance"
F30_REC00180,2015,Aug,"Muzaffarpur, Bihar",Malaria Outbreak | Dengue Outbreak,Medium,182,Smile Foundation,"Primary healthcare, mobile health units, community outreach, mother-child welfare"
F30_REC00181,2015,Jan,"Mumbai, Maharashtra",Dengue Outbreak,Low,110,NFHS,"Health data collection, fertility & mortality tracking, policy research"
F30_REC00182,2016,Aug,"Vadodara, Gujarat",Malaria Outbreak | TB Burden,Low,188,WHO India,"Disease monitoring, TB/malaria control, epidemiology, health system strengthening"
F30_REC00183,2016,Aug,"Madurai, Tamil Nadu",Dengue Outbreak | TB Burden | Low Immunization,Medium,116,NHM,"Primary healthcare delivery, ASHA worker deployment, institutional delivery"
F30_REC00184,2015,Sep,"Varanasi, Uttar Pradesh",Malaria Outbreak | Dengue Outbreak | TB Burden | ASHA Worker Shortage,Low,198,HMIS,"Health data reporting, facility monitoring, program evaluation"
F30_REC00185,2015,Mar,"Mumbai, Maharashtra",Dengue Outbreak,High,85,CARE India,"Maternal & child health, nutrition, immunization, emergency response"
F30_REC00186,2016,May,"Coimbatore, Tamil Nadu",Dengue Outbreak | TB Burden | Low Institutional Deliveries,Low,106,NHM,"Primary healthcare delivery, ASHA worker deployment, institutional delivery"
F30_REC00187,2016,Apr,"Madurai, Tamil Nadu",Malaria Outbreak | TB Burden,Low,140,WHO India,"Disease monitoring, TB/malaria control, epidemiology, health system strengthening"
F30_REC00188,2016,May,"Gaya, Bihar",Malaria Outbreak | Dengue Outbreak | TB Burden | Low Institutional Deliveries,Low,170,NFHS,"Health data collection, fertility & mortality tracking, policy research"
F30_REC00189,2016,Sep,"Surat, Gujarat",Malaria Outbreak | TB Burden,Medium,157,HMIS,"Health data reporting, facility monitoring, program evaluation"
F30_REC00190,2016,Feb,"Coimbatore, Tamil Nadu",Dengue Outbreak,Low,96,NFHS,"Health data collection, fertility & mortality tracking, policy research"
F30_REC00191,2015,Aug,"Patna, Bihar",Malaria Outbreak | Dengue Outbreak | ASHA Worker Shortage,High,159,NHM,"Primary healthcare delivery, ASHA worker deployment, institutional delivery"
F30_REC00192,2016,Apr,"Kolkata, West Bengal",Malaria Outbreak,Low,92,CARE India,"Maternal & child health, nutrition, immunization, emergency response"
F30_REC00193,2015,Jun,"Varanasi, Uttar Pradesh",Low Immunization,High,49,UNICEF India,"Child immunization, ANC support, nutrition, disease surveillance"
F30_REC00194,2016,Jan,"Madurai, Tamil Nadu",Malaria Outbreak | Dengue Outbreak,Medium,169,NFHS,"Health data collection, fertility & mortality tracking, policy research"
F30_REC00195,2015,Feb,"Kolkata, West Bengal",Malaria Outbreak | TB Burden | ASHA Worker Shortage,Low,127,Smile Foundation,"Primary healthcare, mobile health units, community outreach, mother-child welfare"
F30_REC00196,2016,Apr,"Mumbai, Maharashtra",Dengue Outbreak,Medium,135,WHO India,"Disease monitoring, TB/malaria control, epidemiology, health system strengthening"
F30_REC00197,2016,Jul,"Mumbai, Maharashtra",Malaria Outbreak | ASHA Worker Shortage,High,104,CARE India,"Maternal & child health, nutrition, immunization, emergency response"
F30_REC00198,2016,May,"Surat, Gujarat",Malaria Outbreak | Dengue Outbreak | TB Burden | ASHA Worker Shortage,High,180,UNICEF India,"Child immunization, ANC support, nutrition, disease surveillance"
F30_REC00199,2015,Feb,"Vadodara, Gujarat",Malaria Outbreak | TB Burden | ASHA Worker Shortage,Medium,134,Doctors For You,"Emergency medical relief, rural health camps, TB & dengue response"
F39_REC00000,2025,Sep,"Kolkata, West Bengal",Dengue Outbreak,High,83,Smile Foundation,"Primary healthcare, mobile health units, community outreach, mother-child welfare"
F39_REC00001,2025,Jul,"Surat, Gujarat",Malaria Outbreak,Low,137,WHO India,"Disease monitoring, TB/malaria control, epidemiology, health system strengthening"
F39_REC00002,2024,Aug,"Agra, Uttar Pradesh",Malaria Outbreak | Dengue Outbreak | TB Burden | Low Institutional Deliveries,Medium,224,NHM,"Primary healthcare delivery, ASHA worker deployment, institutional delivery"
F39_REC00003,2024,Feb,"Siliguri, West Bengal",Malaria Outbreak | Dengue Outbreak | TB Burden | ASHA Worker Shortage,Low,208,UNICEF India,"Child immunization, ANC support, nutrition, disease surveillance"
F39_REC00004,2022,May,"Gaya, Bihar",Malaria Outbreak,Low,139,NFHS,"Health data collection, fertility & mortality tracking, policy research"
F39_REC00005,2024,Aug,"Nagpur, Maharashtra",Malaria Outbreak | ASHA Worker Shortage,Low,112,HMIS,"Health data reporting, facility monitoring, program evaluation"
F39_REC00006,2024,Mar,"Siliguri, West Bengal",Dengue Outbreak | ASHA Worker Shortage,Medium,103,NHM,"Primary healthcare delivery, ASHA worker deployment, institutional delivery"
F39_REC00007,2024,Sep,"Surat, Gujarat",TB Burden | ASHA Worker Shortage,High,94,UNICEF India,"Child immunization, ANC support, nutrition, disease surveillance"
F39_REC00008,2024,Feb,"Surat, Gujarat",Dengue Outbreak | Low ANC Coverage,High,103,HMIS,"Health data reporting, facility monitoring, program evaluation"
F39_REC00009,2023,Aug,"Pune, Maharashtra",Malaria Outbreak | Dengue Outbreak | Low Institutional Deliveries,Low,187,UNICEF India,"Child immunization, ANC support, nutrition, disease surveillance"
F39_REC00010,2022,Apr,"Coimbatore, Tamil Nadu",TB Burden | Low Immunization | Low Institutional Deliveries,Low,110,WHO India,"Disease monitoring, TB/malaria control, epidemiology, health system strengthening"
F39_REC00011,2024,Apr,"Gaya, Bihar",Malaria Outbreak | Low Immunization,High,95,CARE India,"Maternal & child health, nutrition, immunization, emergency response"
F39_REC00012,2023,Jan,"Patna, Bihar",Malaria Outbreak | TB Burden | Low Institutional Deliveries,Medium,174,Doctors For You,"Emergency medical relief, rural health camps, TB & dengue response"
F39_REC00013,2023,Aug,"Mumbai, Maharashtra",Dengue Outbreak,Low,77,WHO India,"Disease monitoring, TB/malaria control, epidemiology, health system strengthening"
F39_REC00014,2024,Jun,"Madurai, Tamil Nadu",Malaria Outbreak | Dengue Outbreak | TB Burden,High,185,Smile Foundation,"Primary healthcare, mobile health units, community outreach, mother-child welfare"
F39_REC00015,2023,Jan,"Nagpur, Maharashtra",Dengue Outbreak,Medium,75,NHM,"Primary healthcare delivery, ASHA worker deployment, institutional delivery"
F39_REC00016,2023,Jun,"Agra, Uttar Pradesh",Malaria Outbreak | Dengue Outbreak | TB Burden,Low,158,WHO India,"Disease monitoring, TB/malaria control, epidemiology, health system strengthening"
F39_REC00017,2024,Mar,"Agra, Uttar Pradesh",Malaria Outbreak | Dengue Outbreak | ASHA Worker Shortage,High,149,Doctors For You,"Emergency medical relief, rural health camps, TB & dengue response"
F39_REC00018,2024,May,"Ahmedabad, Gujarat",Malaria Outbreak | Dengue Outbreak | TB Burden,Medium,188,Doctors For You,"Emergency medical relief, rural health camps, TB & dengue response"
F39_REC00019,2022,Sep,"Vadodara, Gujarat",TB Burden,Low,72,Smile Foundation,"Primary healthcare, mobile health units, community outreach, mother-child welfare"
F39_REC00020,2024,Sep,"Mysuru, Karnataka",Malaria Outbreak | TB Burden,High,109,UNICEF India,"Child immunization, ANC support, nutrition, disease surveillance"
F39_REC00021,2024,Mar,"Vadodara, Gujarat",Dengue Outbreak | TB Burden,Medium,169,Smile Foundation,"Primary healthcare, mobile health units, community outreach, mother-child welfare"
F39_REC00022,2023,Sep,"Chennai, Tamil Nadu",Dengue Outbreak,Medium,96,Doctors For You,"Emergency medical relief, rural health camps, TB & dengue response"
F39_REC00023,2025,Jun,"Madurai, Tamil Nadu",Malaria Outbreak | Dengue Outbreak | TB Burden | Low Institutional Deliveries,Low,157,HMIS,"Health data reporting, facility monitoring, program evaluation"
F39_REC00024,2024,Jan,"Bengaluru, Karnataka",Malaria Outbreak | Dengue Outbreak | TB Burden,High,250,NHM,"Primary healthcare delivery, ASHA worker deployment, institutional delivery"
F39_REC00025,2022,Jan,"Mumbai, Maharashtra",Malaria Outbreak | Dengue Outbreak | TB Burden | ASHA Worker Shortage,Low,214,HMIS,"Health data reporting, facility monitoring, program evaluation"
F39_REC00026,2023,Jul,"Nagpur, Maharashtra",Malaria Outbreak | Dengue Outbreak | TB Burden | Low Institutional Deliveries,Medium,196,WHO India,"Disease monitoring, TB/malaria control, epidemiology, health system strengthening"
F39_REC00027,2022,Jul,"Howrah, West Bengal",Low Immunization | Low Institutional Deliveries | ASHA Worker Shortage,Low,53,CARE India,"Maternal & child health, nutrition, immunization, emergency response"
F39_REC00028,2025,Feb,"Vadodara, Gujarat",General Health Monitoring,Medium,48,CARE India,"Maternal & child health, nutrition, immunization, emergency response"
F39_REC00029,2023,Jun,"Varanasi, Uttar Pradesh",Malaria Outbreak | Dengue Outbreak | TB Burden | Low Institutional Deliveries,Medium,164,CARE India,"Maternal & child health, nutrition, immunization, emergency response"
F39_REC00030,2025,Mar,"Lucknow, Uttar Pradesh",Malaria Outbreak | Dengue Outbreak | ASHA Worker Shortage,High,182,HMIS,"Health data reporting, facility monitoring, program evaluation"
F39_REC00031,2024,May,"Lucknow, Uttar Pradesh",Dengue Outbreak,Low,78,Smile Foundation,"Primary healthcare, mobile health units, community outreach, mother-child welfare"
F39_REC00032,2024,Sep,"Mumbai, Maharashtra",Malaria Outbreak | Low ANC Coverage,Medium,130,Doctors For You,"Emergency medical relief, rural health camps, TB & dengue response"
F39_REC00033,2023,Aug,"Vadodara, Gujarat",TB Burden | Low ANC Coverage,Low,97,CARE India,"Maternal & child health, nutrition, immunization, emergency response"
F39_REC00034,2022,May,"Gaya, Bihar",TB Burden | Low Institutional Deliveries,High,86,Smile Foundation,"Primary healthcare, mobile health units, community outreach, mother-child welfare"
F39_REC00035,2022,Jul,"Surat, Gujarat",General Health Monitoring,Low,34,CARE India,"Maternal & child health, nutrition, immunization, emergency response"
F39_REC00036,2024,Jun,"Nagpur, Maharashtra",Malaria Outbreak | TB Burden,Medium,185,WHO India,"Disease monitoring, TB/malaria control, epidemiology, health system strengthening"
F39_REC00037,2022,Jan,"Bengaluru, Karnataka",Malaria Outbreak,High,128,NHM,"Primary healthcare delivery, ASHA worker deployment, institutional delivery"
F39_REC00038,2022,Aug,"Howrah, West Bengal",Malaria Outbreak | Dengue Outbreak | TB Burden | Low Immunization,Low,230,Smile Foundation,"Primary healthcare, mobile health units, community outreach, mother-child welfare"
F39_REC00039,2024,Jan,"Lucknow, Uttar Pradesh",Low Institutional Deliveries,Medium,41,CARE India,"Maternal & child health, nutrition, immunization, emergency response"
F39_REC00040,2025,May,"Nagpur, Maharashtra",Malaria Outbreak | Dengue Outbreak | ASHA Worker Shortage,High,148,NHM,"Primary healthcare delivery, ASHA worker deployment, institutional delivery"
F39_REC00041,2022,Aug,"Ahmedabad, Gujarat",Malaria Outbreak | Dengue Outbreak | TB Burden,High,183,UNICEF India,"Child immunization, ANC support, nutrition, disease surveillance"
F39_REC00042,2023,Mar,"Mumbai, Maharashtra",ASHA Worker Shortage,Low,40,UNICEF India,"Child immunization, ANC support, nutrition, disease surveillance"
F39_REC00043,2022,Feb,"Lucknow, Uttar Pradesh",Dengue Outbreak | TB Burden,High,91,WHO India,"Disease monitoring, TB/malaria control, epidemiology, health system strengthening"
F39_REC00044,2022,Aug,"Chennai, Tamil Nadu",Dengue Outbreak,Medium,85,NHM,"Primary healthcare delivery, ASHA worker deployment, institutional delivery"
F39_REC00045,2025,Aug,"Coimbatore, Tamil Nadu",Malaria Outbreak | Dengue Outbreak | TB Burden | Low ANC Coverage,Medium,183,NHM,"Primary healthcare delivery, ASHA worker deployment, institutional delivery"
F39_REC00046,2022,Apr,"Ahmedabad, Gujarat",Malaria Outbreak | Dengue Outbreak | TB Burden | Low Immunization,Medium,196,NHM,"Primary healthcare delivery, ASHA worker deployment, institutional delivery"
F39_REC00047,2022,Jun,"Muzaffarpur, Bihar",Dengue Outbreak | ASHA Worker Shortage,High,88,NFHS,"Health data collection, fertility & mortality tracking, policy research"
F39_REC00048,2023,May,"Kolkata, West Bengal",Malaria Outbreak | TB Burden | Low Institutional Deliveries,Low,161,NHM,"Primary healthcare delivery, ASHA worker deployment, institutional delivery"
F39_REC00049,2025,May,"Mysuru, Karnataka",Malaria Outbreak | Dengue Outbreak,Low,144,Smile Foundation,"Primary healthcare, mobile health units, community outreach, mother-child welfare"
F39_REC00050,2022,Jan,"Hubli, Karnataka",Dengue Outbreak | TB Burden | Low ANC Coverage,High,132,NFHS,"Health data collection, fertility & mortality tracking, policy research"
F39_REC00051,2025,Apr,"Coimbatore, Tamil Nadu",Malaria Outbreak | Dengue Outbreak | TB Burden | Low Immunization,Low,167,WHO India,"Disease monitoring, TB/malaria control, epidemiology, health system strengthening"
F39_REC00052,2023,Jan,"Surat, Gujarat",TB Burden | ASHA Worker Shortage,High,128,CARE India,"Maternal & child health, nutrition, immunization, emergency response"
F39_REC00053,2024,Aug,"Agra, Uttar Pradesh",Malaria Outbreak | Dengue Outbreak | ASHA Worker Shortage,High,152,Smile Foundation,"Primary healthcare, mobile health units, community outreach, mother-child welfare"
F39_REC00054,2022,Feb,"Chennai, Tamil Nadu",Dengue Outbreak | Low ANC Coverage | Low Institutional Deliveries,Low,124,NHM,"Primary healthcare delivery, ASHA worker deployment, institutional delivery"
F39_REC00055,2024,May,"Gaya, Bihar",TB Burden,High,85,NFHS,"Health data collection, fertility & mortality tracking, policy research"
F39_REC00056,2022,Sep,"Muzaffarpur, Bihar",Dengue Outbreak,High,92,WHO India,"Disease monitoring, TB/malaria control, epidemiology, health system strengthening"
F39_REC00057,2024,May,"Howrah, West Bengal",Malaria Outbreak | Dengue Outbreak,Low,155,Doctors For You,"Emergency medical relief, rural health camps, TB & dengue response"
F39_REC00058,2024,Jun,"Surat, Gujarat",Dengue Outbreak | Low Immunization | ASHA Worker Shortage,High,55,Smile Foundation,"Primary healthcare, mobile health units, community outreach, mother-child welfare"
F39_REC00059,2025,Jul,"Chennai, Tamil Nadu",Malaria Outbreak | Dengue Outbreak | TB Burden,High,168,UNICEF India,"Child immunization, ANC support, nutrition, disease surveillance"
F39_REC00060,2022,Jan,"Varanasi, Uttar Pradesh",Dengue Outbreak | TB Burden | Low Institutional Deliveries | ASHA Worker Shortage,Medium,119,HMIS,"Health data reporting, facility monitoring, program evaluation"
F39_REC00061,2022,Mar,"Howrah, West Bengal",Malaria Outbreak,Low,119,Smile Foundation,"Primary healthcare, mobile health units, community outreach, mother-child welfare"
F39_REC00062,2024,Jul,"Varanasi, Uttar Pradesh",Malaria Outbreak | TB Burden,Low,155,NFHS,"Health data collection, fertility & mortality tracking, policy research"
F39_REC00063,2023,Jul,"Pune, Maharashtra",Dengue Outbreak | TB Burden,Medium,140,UNICEF India,"Child immunization, ANC support, nutrition, disease surveillance"
F39_REC00064,2025,Apr,"Kolkata, West Bengal",Malaria Outbreak | Dengue Outbreak | TB Burden,High,200,Smile Foundation,"Primary healthcare, mobile health units, community outreach, mother-child welfare"
F39_REC00065,2022,May,"Pune, Maharashtra",Malaria Outbreak | TB Burden | Low ANC Coverage,Low,164,Doctors For You,"Emergency medical relief, rural health camps, TB & dengue response"
F39_REC00066,2025,Aug,"Muzaffarpur, Bihar",Malaria Outbreak | Dengue Outbreak | Low Institutional Deliveries,High,204,CARE India,"Maternal & child health, nutrition, immunization, emergency response"
F39_REC00067,2024,Aug,"Varanasi, Uttar Pradesh",Malaria Outbreak | TB Burden,Low,168,NHM,"Primary healthcare delivery, ASHA worker deployment, institutional delivery"
F39_REC00068,2022,Feb,"Vadodara, Gujarat",TB Burden,Medium,122,Smile Foundation,"Primary healthcare, mobile health units, community outreach, mother-child welfare"
F39_REC00069,2025,Jul,"Surat, Gujarat",Malaria Outbreak | Dengue Outbreak | ASHA Worker Shortage,Low,112,UNICEF India,"Child immunization, ANC support, nutrition, disease surveillance"
F39_REC00070,2025,Jun,"Muzaffarpur, Bihar",Malaria Outbreak | Dengue Outbreak | TB Burden | Low Immunization,Low,235,NFHS,"Health data collection, fertility & mortality tracking, policy research"
F39_REC00071,2022,Jul,"Mysuru, Karnataka",Malaria Outbreak | TB Burden | ASHA Worker Shortage,High,118,Smile Foundation,"Primary healthcare, mobile health units, community outreach, mother-child welfare"
F39_REC00072,2025,Mar,"Mysuru, Karnataka",Dengue Outbreak | TB Burden,Medium,139,WHO India,"Disease monitoring, TB/malaria control, epidemiology, health system strengthening"
F39_REC00073,2024,Apr,"Varanasi, Uttar Pradesh",Malaria Outbreak | Dengue Outbreak | ASHA Worker Shortage,High,188,HMIS,"Health data reporting, facility monitoring, program evaluation"
F39_REC00074,2024,Aug,"Bengaluru, Karnataka",Low ANC Coverage,Medium,77,Doctors For You,"Emergency medical relief, rural health camps, TB & dengue response"
F39_REC00075,2023,Jul,"Ahmedabad, Gujarat",Malaria Outbreak | TB Burden,Low,143,NHM,"Primary healthcare delivery, ASHA worker deployment, institutional delivery"
F39_REC00076,2024,Jun,"Bengaluru, Karnataka",Malaria Outbreak | Dengue Outbreak | Low Institutional Deliveries,Low,184,NFHS,"Health data collection, fertility & mortality tracking, policy research"
F39_REC00077,2023,Aug,"Bengaluru, Karnataka",General Health Monitoring,Low,56,CARE India,"Maternal & child health, nutrition, immunization, emergency response"
F39_REC00078,2022,Jul,"Mysuru, Karnataka",Malaria Outbreak | Dengue Outbreak,Low,186,CARE India,"Maternal & child health, nutrition, immunization, emergency response"
F39_REC00079,2022,May,"Ahmedabad, Gujarat",Malaria Outbreak,Low,152,HMIS,"Health data reporting, facility monitoring, program evaluation"
F39_REC00080,2022,Jun,"Patna, Bihar",Dengue Outbreak | TB Burden,High,134,Doctors For You,"Emergency medical relief, rural health camps, TB & dengue response"
F39_REC00081,2025,Sep,"Vadodara, Gujarat",Dengue Outbreak | TB Burden,Medium,151,HMIS,"Health data reporting, facility monitoring, program evaluation"
F39_REC00082,2022,Aug,"Madurai, Tamil Nadu",Malaria Outbreak | Dengue Outbreak,Low,175,Smile Foundation,"Primary healthcare, mobile health units, community outreach, mother-child welfare"
F39_REC00083,2023,Jun,"Lucknow, Uttar Pradesh",TB Burden | ASHA Worker Shortage,Low,96,Smile Foundation,"Primary healthcare, mobile health units, community outreach, mother-child welfare"
F39_REC00084,2023,Mar,"Vadodara, Gujarat",Malaria Outbreak | Low Institutional Deliveries,High,154,HMIS,"Health data reporting, facility monitoring, program evaluation"
F39_REC00085,2024,Mar,"Howrah, West Bengal",Dengue Outbreak | TB Burden | ASHA Worker Shortage,Medium,141,NHM,"Primary healthcare delivery, ASHA worker deployment, institutional delivery"
F39_REC00086,2025,Jul,"Lucknow, Uttar Pradesh",Malaria Outbreak,High,121,Smile Foundation,"Primary healthcare, mobile health units, community outreach, mother-child welfare"
F39_REC00087,2025,Aug,"Varanasi, Uttar Pradesh",Malaria Outbreak | Dengue Outbreak,High,102,Smile Foundation,"Primary healthcare, mobile health units, community outreach, mother-child welfare"
F39_REC00088,2022,Aug,"Nagpur, Maharashtra",Dengue Outbreak | Low ANC Coverage,High,79,CARE India,"Maternal & child health, nutrition, immunization, emergency response"
F39_REC00089,2023,Mar,"Surat, Gujarat",Malaria Outbreak | TB Burden | ASHA Worker Shortage,Medium,176,Smile Foundation,"Primary healthcare, mobile health units, community outreach, mother-child welfare"
F39_REC00090,2023,May,"Muzaffarpur, Bihar",Malaria Outbreak | Dengue Outbreak | Low Institutional Deliveries,Medium,160,Smile Foundation,"Primary healthcare, mobile health units, community outreach, mother-child welfare"
F39_REC00091,2024,Jan,"Gaya, Bihar",TB Burden,Low,116,Smile Foundation,"Primary healthcare, mobile health units, community outreach, mother-child welfare"
F39_REC00092,2022,Mar,"Varanasi, Uttar Pradesh",Malaria Outbreak | Low ANC Coverage,Low,103,Smile Foundation,"Primary healthcare, mobile health units, community outreach, mother-child welfare"
F39_REC00093,2022,May,"Nagpur, Maharashtra",Malaria Outbreak,Low,111,Doctors For You,"Emergency medical relief, rural health camps, TB & dengue response"
F39_REC00094,2023,Aug,"Ahmedabad, Gujarat",Malaria Outbreak,High,86,UNICEF India,"Child immunization, ANC support, nutrition, disease surveillance"
F39_REC00095,2023,Jul,"Coimbatore, Tamil Nadu",TB Burden | Low ANC Coverage,Low,93,CARE India,"Maternal & child health, nutrition, immunization, emergency response"
F39_REC00096,2025,Mar,"Chennai, Tamil Nadu",Malaria Outbreak | Dengue Outbreak | ASHA Worker Shortage,Low,188,NHM,"Primary healthcare delivery, ASHA worker deployment, institutional delivery"
F39_REC00097,2024,Sep,"Lucknow, Uttar Pradesh",Malaria Outbreak | Low Immunization,High,154,HMIS,"Health data reporting, facility monitoring, program evaluation"
F39_REC00098,2023,Jun,"Hubli, Karnataka",Malaria Outbreak,Low,69,CARE India,"Maternal & child health, nutrition, immunization, emergency response"
F39_REC00099,2023,Jun,"Madurai, Tamil Nadu",Malaria Outbreak | Dengue Outbreak | ASHA Worker Shortage,Medium,135,HMIS,"Health data reporting, facility monitoring, program evaluation"
F39_REC00100,2024,Sep,"Howrah, West Bengal",Malaria Outbreak | Dengue Outbreak | TB Burden,Low,171,NFHS,"Health data collection, fertility & mortality tracking, policy research"
F39_REC00101,2024,May,"Siliguri, West Bengal",Dengue Outbreak | TB Burden,High,160,Doctors For You,"Emergency medical relief, rural health camps, TB & dengue response"
F39_REC00102,2022,Feb,"Lucknow, Uttar Pradesh",TB Burden | Low Immunization,Medium,72,CARE India,"Maternal & child health, nutrition, immunization, emergency response"
F39_REC00103,2024,Jan,"Varanasi, Uttar Pradesh",TB Burden,Low,84,NHM,"Primary healthcare delivery, ASHA worker deployment, institutional delivery"
F39_REC00104,2023,Aug,"Hubli, Karnataka",Malaria Outbreak | Dengue Outbreak | TB Burden | Low Immunization,High,184,HMIS,"Health data reporting, facility monitoring, program evaluation"
F39_REC00105,2022,Sep,"Surat, Gujarat",Dengue Outbreak | TB Burden | Low Immunization | Low ANC Coverage | ASHA Worker Shortage,Medium,128,CARE India,"Maternal & child health, nutrition, immunization, emergency response"
F39_REC00106,2024,Jun,"Nagpur, Maharashtra",Malaria Outbreak | TB Burden | Low Institutional Deliveries,Low,164,HMIS,"Health data reporting, facility monitoring, program evaluation"
F39_REC00107,2023,Jan,"Pune, Maharashtra",Malaria Outbreak,Low,88,HMIS,"Health data reporting, facility monitoring, program evaluation"
F39_REC00108,2023,Mar,"Agra, Uttar Pradesh",Dengue Outbreak | TB Burden,High,108,Doctors For You,"Emergency medical relief, rural health camps, TB & dengue response"
F39_REC00109,2023,Jul,"Bengaluru, Karnataka",Dengue Outbreak,High,117,Smile Foundation,"Primary healthcare, mobile health units, community outreach, mother-child welfare"
F39_REC00110,2023,Mar,"Gaya, Bihar",Malaria Outbreak | Dengue Outbreak,Low,138,Smile Foundation,"Primary healthcare, mobile health units, community outreach, mother-child welfare"
F39_REC00111,2023,Mar,"Varanasi, Uttar Pradesh",Malaria Outbreak,High,121,Doctors For You,"Emergency medical relief, rural health camps, TB & dengue response"
F39_REC00112,2022,Apr,"Surat, Gujarat",Malaria Outbreak | TB Burden,Medium,156,UNICEF India,"Child immunization, ANC support, nutrition, disease surveillance"
F39_REC00113,2023,Aug,"Nagpur, Maharashtra",Malaria Outbreak | Dengue Outbreak | TB Burden | Low Institutional Deliveries,High,161,CARE India,"Maternal & child health, nutrition, immunization, emergency response"
F39_REC00114,2023,Apr,"Mysuru, Karnataka",Dengue Outbreak | TB Burden,Low,162,NFHS,"Health data collection, fertility & mortality tracking, policy research"
F39_REC00115,2025,Jul,"Chennai, Tamil Nadu",Malaria Outbreak | Dengue Outbreak | TB Burden,Low,220,HMIS,"Health data reporting, facility monitoring, program evaluation"
F39_REC00116,2023,Apr,"Lucknow, Uttar Pradesh",General Health Monitoring,Medium,38,UNICEF India,"Child immunization, ANC support, nutrition, disease surveillance"
F39_REC00117,2025,Jul,"Varanasi, Uttar Pradesh",Malaria Outbreak,Medium,95,NHM,"Primary healthcare delivery, ASHA worker deployment, institutional delivery"
F39_REC00118,2022,Jun,"Nagpur, Maharashtra",Dengue Outbreak | TB Burden,High,123,NFHS,"Health data collection, fertility & mortality tracking, policy research"
F39_REC00119,2022,Jul,"Chennai, Tamil Nadu",Dengue Outbreak | TB Burden,Low,167,CARE India,"Maternal & child health, nutrition, immunization, emergency response"
F39_REC00120,2025,May,"Hubli, Karnataka",Dengue Outbreak,Low,93,HMIS,"Health data reporting, facility monitoring, program evaluation"
F39_REC00121,2024,Sep,"Mysuru, Karnataka",Malaria Outbreak | TB Burden,High,155,UNICEF India,"Child immunization, ANC support, nutrition, disease surveillance"
F39_REC00122,2022,Feb,"Lucknow, Uttar Pradesh",Malaria Outbreak,High,138,UNICEF India,"Child immunization, ANC support, nutrition, disease surveillance"
F39_REC00123,2024,Jan,"Mumbai, Maharashtra",Malaria Outbreak | Low Immunization | Low ANC Coverage | ASHA Worker Shortage,High,98,NFHS,"Health data collection, fertility & mortality tracking, policy research"
F39_REC00124,2023,Apr,"Lucknow, Uttar Pradesh",Malaria Outbreak | Dengue Outbreak | ASHA Worker Shortage,High,172,Doctors For You,"Emergency medical relief, rural health camps, TB & dengue response"
F39_REC00125,2025,Feb,"Mumbai, Maharashtra",Malaria Outbreak | Dengue Outbreak | TB Burden,Medium,190,NHM,"Primary healthcare delivery, ASHA worker deployment, institutional delivery"
F39_REC00126,2025,Apr,"Howrah, West Bengal",Malaria Outbreak,High,96,Smile Foundation,"Primary healthcare, mobile health units, community outreach, mother-child welfare"
F39_REC00127,2024,Mar,"Agra, Uttar Pradesh",Dengue Outbreak | TB Burden,High,104,HMIS,"Health data reporting, facility monitoring, program evaluation"
F39_REC00128,2024,Sep,"Bengaluru, Karnataka",Malaria Outbreak | Dengue Outbreak,Medium,212,Doctors For You,"Emergency medical relief, rural health camps, TB & dengue response"
F39_REC00129,2024,Mar,"Chennai, Tamil Nadu",Malaria Outbreak | Dengue Outbreak | TB Burden,High,202,Smile Foundation,"Primary healthcare, mobile health units, community outreach, mother-child welfare"
F39_REC00130,2022,Jul,"Chennai, Tamil Nadu",TB Burden | Low Institutional Deliveries | ASHA Worker Shortage,High,113,HMIS,"Health data reporting, facility monitoring, program evaluation"
F39_REC00131,2025,Jun,"Muzaffarpur, Bihar",Dengue Outbreak | ASHA Worker Shortage,Medium,75,NHM,"Primary healthcare delivery, ASHA worker deployment, institutional delivery"
F39_REC00132,2025,May,"Vadodara, Gujarat",General Health Monitoring,High,65,HMIS,"Health data reporting, facility monitoring, program evaluation"
F39_REC00133,2023,May,"Coimbatore, Tamil Nadu",Malaria Outbreak | TB Burden | Low Immunization,Medium,162,UNICEF India,"Child immunization, ANC support, nutrition, disease surveillance"
F39_REC00134,2025,Jan,"Agra, Uttar Pradesh",Malaria Outbreak | Dengue Outbreak | Low Immunization | Low ANC Coverage | ASHA Worker Shortage,High,153,NFHS,"Health data collection, fertility & mortality tracking, policy research"
F39_REC00135,2024,May,"Chennai, Tamil Nadu",Malaria Outbreak,High,103,CARE India,"Maternal & child health, nutrition, immunization, emergency response"
F39_REC00136,2022,Aug,"Gaya, Bihar",Malaria Outbreak | Dengue Outbreak | TB Burden,Medium,196,Doctors For You,"Emergency medical relief, rural health camps, TB & dengue response"
F39_REC00137,2023,Jul,"Madurai, Tamil Nadu",Malaria Outbreak,High,164,Smile Foundation,"Primary healthcare, mobile health units, community outreach, mother-child welfare"
F39_REC00138,2025,Jan,"Surat, Gujarat",Dengue Outbreak | ASHA Worker Shortage,High,92,CARE India,"Maternal & child health, nutrition, immunization, emergency response"
F39_REC00139,2023,Aug,"Agra, Uttar Pradesh",Malaria Outbreak | Dengue Outbreak,Medium,180,NHM,"Primary healthcare delivery, ASHA worker deployment, institutional delivery"
F39_REC00140,2022,Apr,"Bengaluru, Karnataka",Malaria Outbreak | TB Burden | Low Immunization,Medium,173,Smile Foundation,"Primary healthcare, mobile health units, community outreach, mother-child welfare"
F39_REC00141,2023,Jul,"Mumbai, Maharashtra",General Health Monitoring,Medium,44,UNICEF India,"Child immunization, ANC support, nutrition, disease surveillance"
F39_REC00142,2022,Jan,"Howrah, West Bengal",Malaria Outbreak | Dengue Outbreak | Low Institutional Deliveries,Low,126,UNICEF India,"Child immunization, ANC support, nutrition, disease surveillance"
F39_REC00143,2025,Jun,"Kolkata, West Bengal",Malaria Outbreak | TB Burden,Low,133,UNICEF India,"Child immunization, ANC support, nutrition, disease surveillance"
F39_REC00144,2024,Feb,"Surat, Gujarat",Malaria Outbreak | Dengue Outbreak | TB Burden,Low,201,UNICEF India,"Child immunization, ANC support, nutrition, disease surveillance"
F39_REC00145,2024,Jun,"Mysuru, Karnataka",Dengue Outbreak | TB Burden,High,143,UNICEF India,"Child immunization, ANC support, nutrition, disease surveillance"
F39_REC00146,2024,Feb,"Ahmedabad, Gujarat",Malaria Outbreak | TB Burden | Low ANC Coverage,High,124,Doctors For You,"Emergency medical relief, rural health camps, TB & dengue response"
F39_REC00147,2024,Jan,"Bengaluru, Karnataka",Malaria Outbreak | Dengue Outbreak | Low ANC Coverage | Low Institutional Deliveries,High,197,WHO India,"Disease monitoring, TB/malaria control, epidemiology, health system strengthening"
F39_REC00148,2024,May,"Hubli, Karnataka",Dengue Outbreak | TB Burden,Low,143,NFHS,"Health data collection, fertility & mortality tracking, policy research"
F39_REC00149,2023,Feb,"Madurai, Tamil Nadu",Low Institutional Deliveries,High,96,HMIS,"Health data reporting, facility monitoring, program evaluation"
F39_REC00150,2025,Jun,"Patna, Bihar",Malaria Outbreak | Dengue Outbreak | Low Immunization,High,145,WHO India,"Disease monitoring, TB/malaria control, epidemiology, health system strengthening"
F39_REC00151,2024,Mar,"Mysuru, Karnataka",Malaria Outbreak | Dengue Outbreak,Medium,197,CARE India,"Maternal & child health, nutrition, immunization, emergency response"
F39_REC00152,2025,Sep,"Madurai, Tamil Nadu",Malaria Outbreak,High,83,CARE India,"Maternal & child health, nutrition, immunization, emergency response"
F39_REC00153,2023,Aug,"Howrah, West Bengal",Malaria Outbreak | Dengue Outbreak | TB Burden,High,211,HMIS,"Health data reporting, facility monitoring, program evaluation"
F39_REC00154,2022,Jan,"Surat, Gujarat",Malaria Outbreak | Low Immunization,Medium,72,HMIS,"Health data reporting, facility monitoring, program evaluation"
F39_REC00155,2024,Jun,"Chennai, Tamil Nadu",Malaria Outbreak | Low ANC Coverage,High,128,NFHS,"Health data collection, fertility & mortality tracking, policy research"
F39_REC00156,2023,Aug,"Siliguri, West Bengal",Dengue Outbreak | TB Burden,High,157,Smile Foundation,"Primary healthcare, mobile health units, community outreach, mother-child welfare"
F39_REC00157,2024,Mar,"Gaya, Bihar",Malaria Outbreak | Dengue Outbreak,Medium,142,CARE India,"Maternal & child health, nutrition, immunization, emergency response"
F39_REC00158,2022,Mar,"Mysuru, Karnataka",Malaria Outbreak | TB Burden,High,121,UNICEF India,"Child immunization, ANC support, nutrition, disease surveillance"
F39_REC00159,2024,Apr,"Kolkata, West Bengal",Malaria Outbreak,Medium,120,Smile Foundation,"Primary healthcare, mobile health units, community outreach, mother-child welfare"
F39_REC00160,2023,May,"Gaya, Bihar",Malaria Outbreak | Dengue Outbreak | TB Burden | ASHA Worker Shortage,Low,186,Doctors For You,"Emergency medical relief, rural health camps, TB & dengue response"
F39_REC00161,2025,May,"Surat, Gujarat",TB Burden,Low,93,CARE India,"Maternal & child health, nutrition, immunization, emergency response"
F39_REC00162,2024,May,"Siliguri, West Bengal",Malaria Outbreak | Dengue Outbreak,Medium,178,NFHS,"Health data collection, fertility & mortality tracking, policy research"
F39_REC00163,2022,Apr,"Madurai, Tamil Nadu",Malaria Outbreak | Dengue Outbreak | TB Burden | ASHA Worker Shortage,High,227,NFHS,"Health data collection, fertility & mortality tracking, policy research"
F39_REC00164,2022,Jun,"Patna, Bihar",Malaria Outbreak | Dengue Outbreak,High,201,Smile Foundation,"Primary healthcare, mobile health units, community outreach, mother-child welfare"
F39_REC00165,2023,Jul,"Hubli, Karnataka",TB Burden,Low,101,CARE India,"Maternal & child health, nutrition, immunization, emergency response"
F39_REC00166,2022,Feb,"Bengaluru, Karnataka",Malaria Outbreak,Medium,119,NFHS,"Health data collection, fertility & mortality tracking, policy research"
F39_REC00167,2023,Aug,"Madurai, Tamil Nadu",Malaria Outbreak,High,177,WHO India,"Disease monitoring, TB/malaria control, epidemiology, health system strengthening"
F39_REC00168,2024,May,"Mysuru, Karnataka",Malaria Outbreak | Low ANC Coverage,High,122,NHM,"Primary healthcare delivery, ASHA worker deployment, institutional delivery"
F39_REC00169,2024,Jun,"Varanasi, Uttar Pradesh",Malaria Outbreak | Dengue Outbreak | ASHA Worker Shortage,Low,164,HMIS,"Health data reporting, facility monitoring, program evaluation"
F39_REC00170,2025,Jul,"Lucknow, Uttar Pradesh",Malaria Outbreak | Dengue Outbreak | Low Institutional Deliveries | ASHA Worker Shortage,Medium,172,NFHS,"Health data collection, fertility & mortality tracking, policy research"
F39_REC00171,2023,Feb,"Patna, Bihar",Malaria Outbreak | Dengue Outbreak,Medium,187,HMIS,"Health data reporting, facility monitoring, program evaluation"
F39_REC00172,2022,Aug,"Ahmedabad, Gujarat",Malaria Outbreak | Dengue Outbreak | Low Institutional Deliveries,Low,146,NHM,"Primary healthcare delivery, ASHA worker deployment, institutional delivery"
F39_REC00173,2025,Sep,"Lucknow, Uttar Pradesh",Malaria Outbreak | Dengue Outbreak | Low ANC Coverage,High,153,Smile Foundation,"Primary healthcare, mobile health units, community outreach, mother-child welfare"
F39_REC00174,2025,May,"Siliguri, West Bengal",General Health Monitoring,High,30,WHO India,"Disease monitoring, TB/malaria control, epidemiology, health system strengthening"
F39_REC00175,2025,Apr,"Siliguri, West Bengal",Malaria Outbreak | Dengue Outbreak,High,182,HMIS,"Health data reporting, facility monitoring, program evaluation"
F39_REC00176,2025,Jun,"Siliguri, West Bengal",Dengue Outbreak | ASHA Worker Shortage,High,102,WHO India,"Disease monitoring, TB/malaria control, epidemiology, health system strengthening"
F39_REC00177,2025,Mar,"Nagpur, Maharashtra",Malaria Outbreak | TB Burden,Low,175,NFHS,"Health data collection, fertility & mortality tracking, policy research"
F39_REC00178,2025,Jan,"Gaya, Bihar",Malaria Outbreak | ASHA Worker Shortage,High,173,WHO India,"Disease monitoring, TB/malaria control, epidemiology, health system strengthening"
F39_REC00179,2022,Aug,"Chennai, Tamil Nadu",Dengue Outbreak,Medium,80,CARE India,"Maternal & child health, nutrition, immunization, emergency response"
F39_REC00180,2024,Jan,"Bengaluru, Karnataka",Malaria Outbreak | TB Burden,Medium,135,Smile Foundation,"Primary healthcare, mobile health units, community outreach, mother-child welfare"
F39_REC00181,2024,Mar,"Ahmedabad, Gujarat",Malaria Outbreak | ASHA Worker Shortage,Medium,113,HMIS,"Health data reporting, facility monitoring, program evaluation"
F39_REC00182,2023,Apr,"Mysuru, Karnataka",Dengue Outbreak | TB Burden | ASHA Worker Shortage,Medium,141,HMIS,"Health data reporting, facility monitoring, program evaluation"
F39_REC00183,2023,Mar,"Surat, Gujarat",Malaria Outbreak | Dengue Outbreak | TB Burden,High,190,UNICEF India,"Child immunization, ANC support, nutrition, disease surveillance"
F39_REC00184,2025,Aug,"Mumbai, Maharashtra",Malaria Outbreak,Low,62,Doctors For You,"Emergency medical relief, rural health camps, TB & dengue response"
F39_REC00185,2022,Apr,"Howrah, West Bengal",Malaria Outbreak | Dengue Outbreak,Low,128,NHM,"Primary healthcare delivery, ASHA worker deployment, institutional delivery"
F39_REC00186,2022,Jul,"Mumbai, Maharashtra",Malaria Outbreak | Dengue Outbreak | TB Burden,Low,221,NFHS,"Health data collection, fertility & mortality tracking, policy research"
F39_REC00187,2023,Jun,"Lucknow, Uttar Pradesh",Malaria Outbreak | Dengue Outbreak | TB Burden | Low Institutional Deliveries,Medium,198,HMIS,"Health data reporting, facility monitoring, program evaluation"
F39_REC00188,2025,Apr,"Patna, Bihar",Dengue Outbreak | ASHA Worker Shortage,Low,118,WHO India,"Disease monitoring, TB/malaria control, epidemiology, health system strengthening"
F39_REC00189,2025,Sep,"Coimbatore, Tamil Nadu",TB Burden | ASHA Worker Shortage,Low,117,Doctors For You,"Emergency medical relief, rural health camps, TB & dengue response"
F39_REC00190,2023,Sep,"Pune, Maharashtra",Malaria Outbreak | Dengue Outbreak | Low Institutional Deliveries,High,175,NHM,"Primary healthcare delivery, ASHA worker deployment, institutional delivery"
F39_REC00191,2025,Jun,"Lucknow, Uttar Pradesh",Dengue Outbreak,Medium,129,NFHS,"Health data collection, fertility & mortality tracking, policy research"
F39_REC00192,2023,Feb,"Surat, Gujarat",ASHA Worker Shortage,Medium,35,NFHS,"Health data collection, fertility & mortality tracking, policy research"
F39_REC00193,2025,Jan,"Muzaffarpur, Bihar",Dengue Outbreak | TB Burden,Medium,130,CARE India,"Maternal & child health, nutrition, immunization, emergency response"
F39_REC00194,2022,Aug,"Coimbatore, Tamil Nadu",Malaria Outbreak | Dengue Outbreak | Low ANC Coverage,Medium,176,UNICEF India,"Child immunization, ANC support, nutrition, disease surveillance"
F39_REC00195,2022,Feb,"Surat, Gujarat",Malaria Outbreak,Medium,69,WHO India,"Disease monitoring, TB/malaria control, epidemiology, health system strengthening"
F39_REC00196,2022,Aug,"Ahmedabad, Gujarat",Malaria Outbreak,Medium,100,UNICEF India,"Child immunization, ANC support, nutrition, disease surveillance"
F39_REC00197,2022,Mar,"Surat, Gujarat",Malaria Outbreak | Dengue Outbreak | TB Burden,Medium,141,HMIS,"Health data reporting, facility monitoring, program evaluation"
F39_REC00198,2024,Sep,"Gaya, Bihar",Malaria Outbreak | Dengue Outbreak | TB Burden,Medium,182,Smile Foundation,"Primary healthcare, mobile health units, community outreach, mother-child welfare"
F39_REC00199,2024,Apr,"Chennai, Tamil Nadu",Malaria Outbreak | Low ANC Coverage,High,148,WHO India,"Disease monitoring, TB/malaria control, epidemiology, health system strengthening"
F41_REC00000,2020,Aug,"Mumbai, Maharashtra",ASHA Worker Shortage,High,96,UNICEF India,"Child immunization, ANC support, nutrition, disease surveillance"
F41_REC00001,2020,Jun,"Coimbatore, Tamil Nadu",Malaria Outbreak | TB Burden | Low Immunization,High,151,Smile Foundation,"Primary healthcare, mobile health units, community outreach, mother-child welfare"
F41_REC00002,2021,Jul,"Muzaffarpur, Bihar",Malaria Outbreak,Low,84,UNICEF India,"Child immunization, ANC support, nutrition, disease surveillance"
F41_REC00003,2022,Aug,"Chennai, Tamil Nadu",Malaria Outbreak | TB Burden,Medium,191,CARE India,"Maternal & child health, nutrition, immunization, emergency response"
F41_REC00004,2022,Mar,"Chennai, Tamil Nadu",Malaria Outbreak | Dengue Outbreak | Low ANC Coverage | ASHA Worker Shortage,High,135,WHO India,"Disease monitoring, TB/malaria control, epidemiology, health system strengthening"
F41_REC00005,2019,Aug,"Patna, Bihar",Malaria Outbreak | TB Burden,High,143,HMIS,"Health data reporting, facility monitoring, program evaluation"
F41_REC00006,2019,May,"Kolkata, West Bengal",Dengue Outbreak | TB Burden | ASHA Worker Shortage,High,96,UNICEF India,"Child immunization, ANC support, nutrition, disease surveillance"
F41_REC00007,2019,Aug,"Mysuru, Karnataka",Dengue Outbreak,Medium,85,NHM,"Primary healthcare delivery, ASHA worker deployment, institutional delivery"
F41_REC00008,2020,Mar,"Chennai, Tamil Nadu",ASHA Worker Shortage,High,41,Doctors For You,"Emergency medical relief, rural health camps, TB & dengue response"
F41_REC00009,2022,Jan,"Bengaluru, Karnataka",Malaria Outbreak | TB Burden | Low Institutional Deliveries,Low,129,NFHS,"Health data collection, fertility & mortality tracking, policy research"
F41_REC00010,2020,Mar,"Patna, Bihar",Malaria Outbreak | Dengue Outbreak | TB Burden,High,243,Doctors For You,"Emergency medical relief, rural health camps, TB & dengue response"
F41_REC00011,2019,Aug,"Mysuru, Karnataka",Malaria Outbreak,Medium,98,Smile Foundation,"Primary healthcare, mobile health units, community outreach, mother-child welfare"
F41_REC00012,2019,Feb,"Agra, Uttar Pradesh",Malaria Outbreak,Medium,98,NHM,"Primary healthcare delivery, ASHA worker deployment, institutional delivery"
F41_REC00013,2022,May,"Varanasi, Uttar Pradesh",General Health Monitoring,Low,45,HMIS,"Health data reporting, facility monitoring, program evaluation"
F41_REC00014,2022,Aug,"Howrah, West Bengal",Malaria Outbreak | TB Burden | ASHA Worker Shortage,High,159,NHM,"Primary healthcare delivery, ASHA worker deployment, institutional delivery"
F41_REC00015,2021,May,"Madurai, Tamil Nadu",Malaria Outbreak | ASHA Worker Shortage,Low,80,UNICEF India,"Child immunization, ANC support, nutrition, disease surveillance"
F41_REC00016,2019,Feb,"Howrah, West Bengal",TB Burden | ASHA Worker Shortage,High,101,NHM,"Primary healthcare delivery, ASHA worker deployment, institutional delivery"
F41_REC00017,2020,Feb,"Mysuru, Karnataka",Dengue Outbreak,High,104,HMIS,"Health data reporting, facility monitoring, program evaluation"
F41_REC00018,2022,Aug,"Siliguri, West Bengal",Malaria Outbreak | TB Burden | ASHA Worker Shortage,Low,139,Doctors For You,"Emergency medical relief, rural health camps, TB & dengue response"
F41_REC00019,2021,Jan,"Nagpur, Maharashtra",Malaria Outbreak | TB Burden | Low ANC Coverage,Medium,163,Smile Foundation,"Primary healthcare, mobile health units, community outreach, mother-child welfare"
F41_REC00020,2022,Feb,"Patna, Bihar",Malaria Outbreak | Dengue Outbreak | Low Immunization,Low,177,Smile Foundation,"Primary healthcare, mobile health units, community outreach, mother-child welfare"
F41_REC00021,2021,Apr,"Madurai, Tamil Nadu",Malaria Outbreak | Dengue Outbreak | TB Burden,Medium,158,NFHS,"Health data collection, fertility & mortality tracking, policy research"
F41_REC00022,2022,Feb,"Nagpur, Maharashtra",Malaria Outbreak | Low Institutional Deliveries | ASHA Worker Shortage,High,132,NHM,"Primary healthcare delivery, ASHA worker deployment, institutional delivery"
F41_REC00023,2022,Jan,"Agra, Uttar Pradesh",Malaria Outbreak | ASHA Worker Shortage,Medium,123,Smile Foundation,"Primary healthcare, mobile health units, community outreach, mother-child welfare"
F41_REC00024,2019,Mar,"Ahmedabad, Gujarat",Malaria Outbreak | Dengue Outbreak,Low,165,WHO India,"Disease monitoring, TB/malaria control, epidemiology, health system strengthening"
F41_REC00025,2020,Sep,"Mumbai, Maharashtra",TB Burden,Low,117,CARE India,"Maternal & child health, nutrition, immunization, emergency response"
F41_REC00026,2022,Apr,"Agra, Uttar Pradesh",Malaria Outbreak | Dengue Outbreak | TB Burden | Low Institutional Deliveries,High,202,UNICEF India,"Child immunization, ANC support, nutrition, disease surveillance"
F41_REC00027,2021,Mar,"Howrah, West Bengal",General Health Monitoring,Low,40,HMIS,"Health data reporting, facility monitoring, program evaluation"
F41_REC00028,2020,Aug,"Vadodara, Gujarat",Malaria Outbreak | TB Burden,Low,172,CARE India,"Maternal & child health, nutrition, immunization, emergency response"
F41_REC00029,2022,Apr,"Lucknow, Uttar Pradesh",TB Burden | ASHA Worker Shortage,Medium,91,Doctors For You,"Emergency medical relief, rural health camps, TB & dengue response"
F41_REC00030,2021,Sep,"Madurai, Tamil Nadu",Malaria Outbreak | Dengue Outbreak,High,188,Doctors For You,"Emergency medical relief, rural health camps, TB & dengue response"
F41_REC00031,2019,Jul,"Varanasi, Uttar Pradesh",Malaria Outbreak | Dengue Outbreak | Low Immunization | Low ANC Coverage,High,133,NHM,"Primary healthcare delivery, ASHA worker deployment, institutional delivery"
F41_REC00032,2022,Jan,"Chennai, Tamil Nadu",Malaria Outbreak | Dengue Outbreak | TB Burden,Medium,188,WHO India,"Disease monitoring, TB/malaria control, epidemiology, health system strengthening"
F41_REC00033,2022,Sep,"Howrah, West Bengal",Malaria Outbreak | Dengue Outbreak | Low Immunization,High,126,CARE India,"Maternal & child health, nutrition, immunization, emergency response"
F41_REC00034,2019,Jul,"Kolkata, West Bengal",Malaria Outbreak | Low Immunization,Medium,129,WHO India,"Disease monitoring, TB/malaria control, epidemiology, health system strengthening"
F41_REC00035,2021,Sep,"Varanasi, Uttar Pradesh",General Health Monitoring,Medium,69,CARE India,"Maternal & child health, nutrition, immunization, emergency response"
F41_REC00036,2019,Jan,"Surat, Gujarat",Malaria Outbreak | Low Institutional Deliveries,Medium,120,NFHS,"Health data collection, fertility & mortality tracking, policy research"
F41_REC00037,2021,Jun,"Siliguri, West Bengal",Malaria Outbreak | TB Burden,Low,100,NHM,"Primary healthcare delivery, ASHA worker deployment, institutional delivery"
F41_REC00038,2021,Jan,"Varanasi, Uttar Pradesh",Malaria Outbreak | Dengue Outbreak | TB Burden,Medium,202,UNICEF India,"Child immunization, ANC support, nutrition, disease surveillance"
F41_REC00039,2019,May,"Mumbai, Maharashtra",Low ANC Coverage | ASHA Worker Shortage,Medium,75,UNICEF India,"Child immunization, ANC support, nutrition, disease surveillance"
F41_REC00040,2019,Jul,"Chennai, Tamil Nadu",Malaria Outbreak | Dengue Outbreak | Low ANC Coverage | ASHA Worker Shortage,High,170,WHO India,"Disease monitoring, TB/malaria control, epidemiology, health system strengthening"
F41_REC00041,2021,Sep,"Lucknow, Uttar Pradesh",Malaria Outbreak,High,133,CARE India,"Maternal & child health, nutrition, immunization, emergency response"
F41_REC00042,2020,Apr,"Mumbai, Maharashtra",ASHA Worker Shortage,Medium,71,Doctors For You,"Emergency medical relief, rural health camps, TB & dengue response"
F41_REC00043,2021,Aug,"Surat, Gujarat",Malaria Outbreak | TB Burden,Medium,137,Doctors For You,"Emergency medical relief, rural health camps, TB & dengue response"
F41_REC00044,2020,Feb,"Muzaffarpur, Bihar",Malaria Outbreak | TB Burden | Low ANC Coverage,Medium,138,CARE India,"Maternal & child health, nutrition, immunization, emergency response"
F41_REC00045,2020,Mar,"Vadodara, Gujarat",Malaria Outbreak,Low,117,NHM,"Primary healthcare delivery, ASHA worker deployment, institutional delivery"
F41_REC00046,2022,Jun,"Hubli, Karnataka",General Health Monitoring,Medium,78,Doctors For You,"Emergency medical relief, rural health camps, TB & dengue response"
F41_REC00047,2019,Apr,"Vadodara, Gujarat",Malaria Outbreak,Low,95,CARE India,"Maternal & child health, nutrition, immunization, emergency response"
F41_REC00048,2020,Jan,"Surat, Gujarat",General Health Monitoring,Medium,38,Smile Foundation,"Primary healthcare, mobile health units, community outreach, mother-child welfare"
F41_REC00049,2022,Jan,"Howrah, West Bengal",Malaria Outbreak | Low Immunization,Low,161,HMIS,"Health data reporting, facility monitoring, program evaluation"
F41_REC00050,2022,Apr,"Muzaffarpur, Bihar",Malaria Outbreak | TB Burden,High,146,HMIS,"Health data reporting, facility monitoring, program evaluation"
F41_REC00051,2022,May,"Vadodara, Gujarat",Malaria Outbreak | Dengue Outbreak | TB Burden,High,224,CARE India,"Maternal & child health, nutrition, immunization, emergency response"
F41_REC00052,2019,Feb,"Pune, Maharashtra",Dengue Outbreak,Medium,108,UNICEF India,"Child immunization, ANC support, nutrition, disease surveillance"
F41_REC00053,2022,Jun,"Pune, Maharashtra",Malaria Outbreak | Dengue Outbreak | TB Burden,High,211,NFHS,"Health data collection, fertility & mortality tracking, policy research"
F41_REC00054,2019,Mar,"Nagpur, Maharashtra",TB Burden,High,96,NFHS,"Health data collection, fertility & mortality tracking, policy research"
F41_REC00055,2019,Apr,"Lucknow, Uttar Pradesh",ASHA Worker Shortage,High,48,Doctors For You,"Emergency medical relief, rural health camps, TB & dengue response"
F41_REC00056,2020,Mar,"Coimbatore, Tamil Nadu",Malaria Outbreak | Dengue Outbreak,Medium,152,NFHS,"Health data collection, fertility & mortality tracking, policy research"
F41_REC00057,2019,Mar,"Nagpur, Maharashtra",Dengue Outbreak | TB Burden | ASHA Worker Shortage,Low,145,Doctors For You,"Emergency medical relief, rural health camps, TB & dengue response"
F41_REC00058,2022,Feb,"Mumbai, Maharashtra",TB Burden | Low Immunization | Low Institutional Deliveries | ASHA Worker Shortage,Low,121,Smile Foundation,"Primary healthcare, mobile health units, community outreach, mother-child welfare"
F41_REC00059,2021,Jan,"Pune, Maharashtra",Malaria Outbreak,Medium,128,Doctors For You,"Emergency medical relief, rural health camps, TB & dengue response"
F41_REC00060,2020,Jan,"Chennai, Tamil Nadu",TB Burden | Low ANC Coverage,Medium,60,UNICEF India,"Child immunization, ANC support, nutrition, disease surveillance"
F41_REC00061,2019,Mar,"Patna, Bihar",Malaria Outbreak | Low Institutional Deliveries,Low,96,NFHS,"Health data collection, fertility & mortality tracking, policy research"
F41_REC00062,2020,Apr,"Lucknow, Uttar Pradesh",Malaria Outbreak | Dengue Outbreak,High,192,Doctors For You,"Emergency medical relief, rural health camps, TB & dengue response"
F41_REC00063,2019,May,"Siliguri, West Bengal",Malaria Outbreak | Dengue Outbreak | TB Burden,Low,223,HMIS,"Health data reporting, facility monitoring, program evaluation"
F41_REC00064,2020,Mar,"Mumbai, Maharashtra",Dengue Outbreak,Low,134,Smile Foundation,"Primary healthcare, mobile health units, community outreach, mother-child welfare"
F41_REC00065,2021,Mar,"Patna, Bihar",Dengue Outbreak | TB Burden | Low Immunization | ASHA Worker Shortage,Low,141,HMIS,"Health data reporting, facility monitoring, program evaluation"
F41_REC00066,2020,Feb,"Coimbatore, Tamil Nadu",Malaria Outbreak | Dengue Outbreak | TB Burden | ASHA Worker Shortage,High,184,UNICEF India,"Child immunization, ANC support, nutrition, disease surveillance"
F41_REC00067,2020,Aug,"Muzaffarpur, Bihar",General Health Monitoring,Medium,69,Doctors For You,"Emergency medical relief, rural health camps, TB & dengue response"
F41_REC00068,2020,Aug,"Patna, Bihar",General Health Monitoring,High,96,NFHS,"Health data collection, fertility & mortality tracking, policy research"
F41_REC00069,2020,Mar,"Nagpur, Maharashtra",Malaria Outbreak | TB Burden | ASHA Worker Shortage,Low,159,HMIS,"Health data reporting, facility monitoring, program evaluation"
F41_REC00070,2020,Aug,"Patna, Bihar",Malaria Outbreak | TB Burden | Low ANC Coverage | Low Institutional Deliveries,Low,155,NHM,"Primary healthcare delivery, ASHA worker deployment, institutional delivery"
F41_REC00071,2021,Jun,"Pune, Maharashtra",Dengue Outbreak | TB Burden,Low,162,CARE India,"Maternal & child health, nutrition, immunization, emergency response"
F41_REC00072,2020,Jun,"Bengaluru, Karnataka",Malaria Outbreak | ASHA Worker Shortage,Low,102,Smile Foundation,"Primary healthcare, mobile health units, community outreach, mother-child welfare"
F41_REC00073,2021,Apr,"Coimbatore, Tamil Nadu",Malaria Outbreak | TB Burden | Low Immunization,Medium,156,CARE India,"Maternal & child health, nutrition, immunization, emergency response"
F41_REC00074,2020,Mar,"Pune, Maharashtra",Malaria Outbreak | Dengue Outbreak | TB Burden,Medium,231,HMIS,"Health data reporting, facility monitoring, program evaluation"
F41_REC00075,2019,Mar,"Kolkata, West Bengal",Malaria Outbreak | Dengue Outbreak | TB Burden,Low,204,UNICEF India,"Child immunization, ANC support, nutrition, disease surveillance"
F41_REC00076,2022,Jun,"Kolkata, West Bengal",Dengue Outbreak,High,132,Smile Foundation,"Primary healthcare, mobile health units, community outreach, mother-child welfare"
F41_REC00077,2021,May,"Bengaluru, Karnataka",Malaria Outbreak | Dengue Outbreak | TB Burden,High,199,NHM,"Primary healthcare delivery, ASHA worker deployment, institutional delivery"
F41_REC00078,2021,Apr,"Madurai, Tamil Nadu",Malaria Outbreak | TB Burden,Low,171,Doctors For You,"Emergency medical relief, rural health camps, TB & dengue response"
F41_REC00079,2020,May,"Mumbai, Maharashtra",Malaria Outbreak,Low,129,Smile Foundation,"Primary healthcare, mobile health units, community outreach, mother-child welfare"
F41_REC00080,2020,Apr,"Howrah, West Bengal",Malaria Outbreak,High,117,NFHS,"Health data collection, fertility & mortality tracking, policy research"
F41_REC00081,2019,Aug,"Nagpur, Maharashtra",Dengue Outbreak | Low Immunization,Medium,131,CARE India,"Maternal & child health, nutrition, immunization, emergency response"
F41_REC00082,2020,Mar,"Madurai, Tamil Nadu",Dengue Outbreak | Low ANC Coverage,Low,115,HMIS,"Health data reporting, facility monitoring, program evaluation"
F41_REC00083,2022,Apr,"Agra, Uttar Pradesh",Dengue Outbreak | TB Burden | Low ANC Coverage | ASHA Worker Shortage,Low,178,Doctors For You,"Emergency medical relief, rural health camps, TB & dengue response"
F41_REC00084,2019,Jun,"Hubli, Karnataka",Dengue Outbreak | Low Immunization,Low,108,UNICEF India,"Child immunization, ANC support, nutrition, disease surveillance"
F41_REC00085,2021,Feb,"Kolkata, West Bengal",Malaria Outbreak | TB Burden,Medium,105,UNICEF India,"Child immunization, ANC support, nutrition, disease surveillance"
F41_REC00086,2019,Aug,"Pune, Maharashtra",Dengue Outbreak,High,72,WHO India,"Disease monitoring, TB/malaria control, epidemiology, health system strengthening"
F41_REC00087,2020,May,"Ahmedabad, Gujarat",Dengue Outbreak | TB Burden | Low ANC Coverage,Low,159,NFHS,"Health data collection, fertility & mortality tracking, policy research"
F41_REC00088,2020,Apr,"Coimbatore, Tamil Nadu",Dengue Outbreak | Low Immunization,High,120,HMIS,"Health data reporting, facility monitoring, program evaluation"
F41_REC00089,2022,May,"Kolkata, West Bengal",Malaria Outbreak | Low Immunization | Low Institutional Deliveries | ASHA Worker Shortage,Low,128,UNICEF India,"Child immunization, ANC support, nutrition, disease surveillance"
F41_REC00090,2022,Feb,"Kolkata, West Bengal",Malaria Outbreak | TB Burden,High,175,WHO India,"Disease monitoring, TB/malaria control, epidemiology, health system strengthening"
F41_REC00091,2022,May,"Lucknow, Uttar Pradesh",Malaria Outbreak | Dengue Outbreak,Low,161,HMIS,"Health data reporting, facility monitoring, program evaluation"
F41_REC00092,2021,Jun,"Mysuru, Karnataka",Dengue Outbreak | TB Burden,Medium,152,Smile Foundation,"Primary healthcare, mobile health units, community outreach, mother-child welfare"
F41_REC00093,2021,Sep,"Madurai, Tamil Nadu",Malaria Outbreak | Dengue Outbreak | TB Burden,High,201,NHM,"Primary healthcare delivery, ASHA worker deployment, institutional delivery"
F41_REC00094,2020,Sep,"Gaya, Bihar",Dengue Outbreak | Low Immunization,High,82,NHM,"Primary healthcare delivery, ASHA worker deployment, institutional delivery"
F41_REC00095,2022,Aug,"Coimbatore, Tamil Nadu",Malaria Outbreak | Dengue Outbreak,Medium,114,HMIS,"Health data reporting, facility monitoring, program evaluation"
F41_REC00096,2019,Jun,"Siliguri, West Bengal",Malaria Outbreak | Low ANC Coverage,High,126,HMIS,"Health data reporting, facility monitoring, program evaluation"
F41_REC00097,2020,Sep,"Hubli, Karnataka",Malaria Outbreak,High,108,HMIS,"Health data reporting, facility monitoring, program evaluation"
F41_REC00098,2022,Apr,"Bengaluru, Karnataka",Dengue Outbreak | Low Institutional Deliveries,Medium,114,Smile Foundation,"Primary healthcare, mobile health units, community outreach, mother-child welfare"
F41_REC00099,2022,Jul,"Mysuru, Karnataka",Malaria Outbreak | TB Burden | Low Institutional Deliveries,Low,146,UNICEF India,"Child immunization, ANC support, nutrition, disease surveillance"
F41_REC00100,2020,Sep,"Bengaluru, Karnataka",TB Burden,Medium,85,UNICEF India,"Child immunization, ANC support, nutrition, disease surveillance"
F41_REC00101,2019,Feb,"Lucknow, Uttar Pradesh",Malaria Outbreak,Medium,136,NFHS,"Health data collection, fertility & mortality tracking, policy research"
F41_REC00102,2021,Apr,"Kolkata, West Bengal",Malaria Outbreak | Low Institutional Deliveries,High,156,Smile Foundation,"Primary healthcare, mobile health units, community outreach, mother-child welfare"
F41_REC00103,2020,Apr,"Nagpur, Maharashtra",Dengue Outbreak,High,69,HMIS,"Health data reporting, facility monitoring, program evaluation"
F41_REC00104,2021,Aug,"Lucknow, Uttar Pradesh",Malaria Outbreak | Dengue Outbreak,High,138,WHO India,"Disease monitoring, TB/malaria control, epidemiology, health system strengthening"
F41_REC00105,2019,Feb,"Mysuru, Karnataka",Malaria Outbreak | Dengue Outbreak | TB Burden,High,157,NHM,"Primary healthcare delivery, ASHA worker deployment, institutional delivery"
F41_REC00106,2020,Mar,"Vadodara, Gujarat",Low Institutional Deliveries,Low,60,UNICEF India,"Child immunization, ANC support, nutrition, disease surveillance"
F41_REC00107,2022,Jan,"Patna, Bihar",TB Burden,High,92,NHM,"Primary healthcare delivery, ASHA worker deployment, institutional delivery"
F41_REC00108,2021,Aug,"Madurai, Tamil Nadu",ASHA Worker Shortage,Low,58,NFHS,"Health data collection, fertility & mortality tracking, policy research"
F41_REC00109,2022,Jun,"Lucknow, Uttar Pradesh",Malaria Outbreak | Dengue Outbreak,High,94,NHM,"Primary healthcare delivery, ASHA worker deployment, institutional delivery"
F41_REC00110,2020,Aug,"Mumbai, Maharashtra",Low Institutional Deliveries,Low,45,Smile Foundation,"Primary healthcare, mobile health units, community outreach, mother-child welfare"
F41_REC00111,2022,Jan,"Howrah, West Bengal",Malaria Outbreak | TB Burden | Low Immunization,Low,144,NFHS,"Health data collection, fertility & mortality tracking, policy research"
F41_REC00112,2020,Aug,"Vadodara, Gujarat",TB Burden | ASHA Worker Shortage,High,114,NHM,"Primary healthcare delivery, ASHA worker deployment, institutional delivery"
F41_REC00113,2019,Mar,"Gaya, Bihar",Dengue Outbreak | TB Burden,High,111,NFHS,"Health data collection, fertility & mortality tracking, policy research"
F41_REC00114,2022,Sep,"Siliguri, West Bengal",Malaria Outbreak | ASHA Worker Shortage,Medium,137,Smile Foundation,"Primary healthcare, mobile health units, community outreach, mother-child welfare"
F41_REC00115,2020,Jun,"Agra, Uttar Pradesh",Malaria Outbreak | TB Burden,Low,175,WHO India,"Disease monitoring, TB/malaria control, epidemiology, health system strengthening"
F41_REC00116,2019,Jul,"Coimbatore, Tamil Nadu",Dengue Outbreak | TB Burden,Medium,160,Doctors For You,"Emergency medical relief, rural health camps, TB & dengue response"
F41_REC00117,2021,Jun,"Mysuru, Karnataka",Dengue Outbreak | Low Institutional Deliveries,Low,85,UNICEF India,"Child immunization, ANC support, nutrition, disease surveillance"
F41_REC00118,2022,Jul,"Muzaffarpur, Bihar",Malaria Outbreak | Dengue Outbreak | TB Burden | Low Immunization,Medium,230,WHO India,"Disease monitoring, TB/malaria control, epidemiology, health system strengthening"
F41_REC00119,2022,May,"Siliguri, West Bengal",Malaria Outbreak | Dengue Outbreak,Medium,150,WHO India,"Disease monitoring, TB/malaria control, epidemiology, health system strengthening"
F41_REC00120,2020,Jun,"Varanasi, Uttar Pradesh",Malaria Outbreak | Dengue Outbreak | TB Burden | ASHA Worker Shortage,Medium,203,NHM,"Primary healthcare delivery, ASHA worker deployment, institutional delivery"
F41_REC00121,2019,Sep,"Chennai, Tamil Nadu",Dengue Outbreak,Low,119,UNICEF India,"Child immunization, ANC support, nutrition, disease surveillance"
F41_REC00122,2019,Jun,"Siliguri, West Bengal",Malaria Outbreak | Dengue Outbreak,Medium,191,Doctors For You,"Emergency medical relief, rural health camps, TB & dengue response"
F41_REC00123,2019,Jan,"Chennai, Tamil Nadu",Dengue Outbreak,High,131,Doctors For You,"Emergency medical relief, rural health camps, TB & dengue response"
F41_REC00124,2019,Sep,"Kolkata, West Bengal",Dengue Outbreak,Low,97,WHO India,"Disease monitoring, TB/malaria control, epidemiology, health system strengthening"
F41_REC00125,2022,Jul,"Kolkata, West Bengal",Dengue Outbreak | TB Burden,Medium,165,NFHS,"Health data collection, fertility & mortality tracking, policy research"
F41_REC00126,2019,May,"Mysuru, Karnataka",Malaria Outbreak | Dengue Outbreak | TB Burden | Low Institutional Deliveries,Low,163,Smile Foundation,"Primary healthcare, mobile health units, community outreach, mother-child welfare"
F41_REC00127,2019,Jul,"Agra, Uttar Pradesh",Malaria Outbreak | Dengue Outbreak | TB Burden,Medium,186,HMIS,"Health data reporting, facility monitoring, program evaluation"
F41_REC00128,2022,Sep,"Surat, Gujarat",Low ANC Coverage,High,50,HMIS,"Health data reporting, facility monitoring, program evaluation"
F41_REC00129,2022,Sep,"Agra, Uttar Pradesh",Dengue Outbreak | Low ANC Coverage,High,97,CARE India,"Maternal & child health, nutrition, immunization, emergency response"
F41_REC00130,2021,Jun,"Kolkata, West Bengal",General Health Monitoring,High,84,CARE India,"Maternal & child health, nutrition, immunization, emergency response"
F41_REC00131,2019,Apr,"Siliguri, West Bengal",TB Burden,Medium,95,Smile Foundation,"Primary healthcare, mobile health units, community outreach, mother-child welfare"
F41_REC00132,2021,Aug,"Surat, Gujarat",Dengue Outbreak | TB Burden | Low ANC Coverage,High,149,Doctors For You,"Emergency medical relief, rural health camps, TB & dengue response"
F41_REC00133,2022,Mar,"Ahmedabad, Gujarat",TB Burden,High,76,HMIS,"Health data reporting, facility monitoring, program evaluation"
F41_REC00134,2019,Apr,"Howrah, West Bengal",Malaria Outbreak | Low Immunization,Low,116,NHM,"Primary healthcare delivery, ASHA worker deployment, institutional delivery"
F41_REC00135,2022,May,"Ahmedabad, Gujarat",Malaria Outbreak | ASHA Worker Shortage,Medium,109,NFHS,"Health data collection, fertility & mortality tracking, policy research"
F41_REC00136,2020,Jan,"Pune, Maharashtra",Malaria Outbreak | Dengue Outbreak,Medium,179,HMIS,"Health data reporting, facility monitoring, program evaluation"
F41_REC00137,2020,Jul,"Nagpur, Maharashtra",Malaria Outbreak | Dengue Outbreak,Low,130,NFHS,"Health data collection, fertility & mortality tracking, policy research"
F41_REC00138,2022,Mar,"Pune, Maharashtra",Malaria Outbreak,Medium,77,NFHS,"Health data collection, fertility & mortality tracking, policy research"
F41_REC00139,2022,Jul,"Lucknow, Uttar Pradesh",Malaria Outbreak,Low,126,HMIS,"Health data reporting, facility monitoring, program evaluation"
F41_REC00140,2020,Jan,"Mumbai, Maharashtra",Dengue Outbreak,High,112,UNICEF India,"Child immunization, ANC support, nutrition, disease surveillance"
F41_REC00141,2020,Jun,"Mysuru, Karnataka",Dengue Outbreak | ASHA Worker Shortage,High,120,CARE India,"Maternal & child health, nutrition, immunization, emergency response"
F41_REC00142,2021,Jul,"Mysuru, Karnataka",TB Burden | ASHA Worker Shortage,Low,108,CARE India,"Maternal & child health, nutrition, immunization, emergency response"
F41_REC00143,2021,Jul,"Mysuru, Karnataka",General Health Monitoring,Medium,55,Smile Foundation,"Primary healthcare, mobile health units, community outreach, mother-child welfare"
F41_REC00144,2022,May,"Chennai, Tamil Nadu",Malaria Outbreak | Dengue Outbreak | TB Burden | Low Institutional Deliveries,Low,212,Smile Foundation,"Primary healthcare, mobile health units, community outreach, mother-child welfare"
F41_REC00145,2022,Jul,"Howrah, West Bengal",ASHA Worker Shortage,Medium,79,NFHS,"Health data collection, fertility & mortality tracking, policy research"
F41_REC00146,2020,Jan,"Muzaffarpur, Bihar",Malaria Outbreak | ASHA Worker Shortage,Medium,122,NFHS,"Health data collection, fertility & mortality tracking, policy research"
F41_REC00147,2019,Sep,"Nagpur, Maharashtra",Malaria Outbreak | TB Burden,Medium,170,CARE India,"Maternal & child health, nutrition, immunization, emergency response"
F41_REC00148,2020,Jul,"Madurai, Tamil Nadu",General Health Monitoring,Medium,45,UNICEF India,"Child immunization, ANC support, nutrition, disease surveillance"
F41_REC00149,2021,Sep,"Gaya, Bihar",Malaria Outbreak | Dengue Outbreak | TB Burden,High,199,HMIS,"Health data reporting, facility monitoring, program evaluation"
F41_REC00150,2020,Jun,"Kolkata, West Bengal",Malaria Outbreak | Dengue Outbreak,Medium,135,UNICEF India,"Child immunization, ANC support, nutrition, disease surveillance"
F41_REC00151,2021,Feb,"Pune, Maharashtra",Malaria Outbreak | ASHA Worker Shortage,Medium,106,Smile Foundation,"Primary healthcare, mobile health units, community outreach, mother-child welfare"
F41_REC00152,2021,May,"Kolkata, West Bengal",Dengue Outbreak | TB Burden | Low Institutional Deliveries,High,115,UNICEF India,"Child immunization, ANC support, nutrition, disease surveillance"
F41_REC00153,2020,Jan,"Varanasi, Uttar Pradesh",Malaria Outbreak | Dengue Outbreak,Medium,148,NHM,"Primary healthcare delivery, ASHA worker deployment, institutional delivery"
F41_REC00154,2021,Jan,"Nagpur, Maharashtra",Malaria Outbreak | Dengue Outbreak | TB Burden,Low,247,HMIS,"Health data reporting, facility monitoring, program evaluation"
F41_REC00155,2021,Apr,"Agra, Uttar Pradesh",TB Burden | ASHA Worker Shortage,Medium,77,Doctors For You,"Emergency medical relief, rural health camps, TB & dengue response"
F41_REC00156,2021,Feb,"Coimbatore, Tamil Nadu",Dengue Outbreak,High,125,HMIS,"Health data reporting, facility monitoring, program evaluation"
F41_REC00157,2022,Feb,"Hubli, Karnataka",Low ANC Coverage | ASHA Worker Shortage,High,30,UNICEF India,"Child immunization, ANC support, nutrition, disease surveillance"
F41_REC00158,2019,Feb,"Varanasi, Uttar Pradesh",Dengue Outbreak | TB Burden | Low Institutional Deliveries,Medium,155,NFHS,"Health data collection, fertility & mortality tracking, policy research"
F41_REC00159,2020,May,"Varanasi, Uttar Pradesh",General Health Monitoring,Low,66,CARE India,"Maternal & child health, nutrition, immunization, emergency response"
F41_REC00160,2022,May,"Surat, Gujarat",Malaria Outbreak,High,132,WHO India,"Disease monitoring, TB/malaria control, epidemiology, health system strengthening"
F41_REC00161,2020,Apr,"Madurai, Tamil Nadu",Malaria Outbreak | Dengue Outbreak | TB Burden,Medium,164,CARE India,"Maternal & child health, nutrition, immunization, emergency response"
F41_REC00162,2021,Apr,"Bengaluru, Karnataka",TB Burden,High,76,NHM,"Primary healthcare delivery, ASHA worker deployment, institutional delivery"
F41_REC00163,2022,Mar,"Varanasi, Uttar Pradesh",Dengue Outbreak | ASHA Worker Shortage,High,98,NFHS,"Health data collection, fertility & mortality tracking, policy research"
F41_REC00164,2021,May,"Surat, Gujarat",ASHA Worker Shortage,Low,56,CARE India,"Maternal & child health, nutrition, immunization, emergency response"
F41_REC00165,2021,Sep,"Coimbatore, Tamil Nadu",Dengue Outbreak | TB Burden,High,90,Doctors For You,"Emergency medical relief, rural health camps, TB & dengue response"
F41_REC00166,2022,Mar,"Howrah, West Bengal",Malaria Outbreak | TB Burden | ASHA Worker Shortage,Low,140,Smile Foundation,"Primary healthcare, mobile health units, community outreach, mother-child welfare"
F41_REC00167,2022,Sep,"Varanasi, Uttar Pradesh",Dengue Outbreak | ASHA Worker Shortage,Low,102,Doctors For You,"Emergency medical relief, rural health camps, TB & dengue response"
F41_REC00168,2021,Sep,"Coimbatore, Tamil Nadu",Malaria Outbreak | Dengue Outbreak | TB Burden | Low ANC Coverage,Low,184,Doctors For You,"Emergency medical relief, rural health camps, TB & dengue response"
F41_REC00169,2021,Jul,"Howrah, West Bengal",Malaria Outbreak | Dengue Outbreak | Low Institutional Deliveries,Medium,157,NHM,"Primary healthcare delivery, ASHA worker deployment, institutional delivery"
F41_REC00170,2021,Jan,"Agra, Uttar Pradesh",Malaria Outbreak | Dengue Outbreak | TB Burden | Low ANC Coverage,Medium,214,Doctors For You,"Emergency medical relief, rural health camps, TB & dengue response"
F41_REC00171,2020,Feb,"Gaya, Bihar",Dengue Outbreak | TB Burden | Low Institutional Deliveries,High,166,Smile Foundation,"Primary healthcare, mobile health units, community outreach, mother-child welfare"
F41_REC00172,2019,May,"Surat, Gujarat",Malaria Outbreak,Medium,87,NFHS,"Health data collection, fertility & mortality tracking, policy research"
F41_REC00173,2022,Jun,"Mysuru, Karnataka",Malaria Outbreak | Dengue Outbreak,Low,161,NHM,"Primary healthcare delivery, ASHA worker deployment, institutional delivery"
F41_REC00174,2019,Sep,"Agra, Uttar Pradesh",Malaria Outbreak | Dengue Outbreak | Low ANC Coverage | Low Institutional Deliveries,Medium,153,NHM,"Primary healthcare delivery, ASHA worker deployment, institutional delivery"
F41_REC00175,2022,May,"Madurai, Tamil Nadu",Malaria Outbreak | ASHA Worker Shortage,Low,150,Doctors For You,"Emergency medical relief, rural health camps, TB & dengue response"
F41_REC00176,2019,Aug,"Coimbatore, Tamil Nadu",Dengue Outbreak | TB Burden,Low,142,WHO India,"Disease monitoring, TB/malaria control, epidemiology, health system strengthening"
F41_REC00177,2021,Aug,"Muzaffarpur, Bihar",Malaria Outbreak | Dengue Outbreak | TB Burden | Low ANC Coverage,Medium,184,NHM,"Primary healthcare delivery, ASHA worker deployment, institutional delivery"
F41_REC00178,2021,Apr,"Pune, Maharashtra",General Health Monitoring,High,48,WHO India,"Disease monitoring, TB/malaria control, epidemiology, health system strengthening"
F41_REC00179,2022,Jul,"Muzaffarpur, Bihar",Malaria Outbreak | Dengue Outbreak | TB Burden,Low,201,NHM,"Primary healthcare delivery, ASHA worker deployment, institutional delivery"
F41_REC00180,2022,Apr,"Agra, Uttar Pradesh",Malaria Outbreak | Dengue Outbreak | TB Burden,Medium,237,NHM,"Primary healthcare delivery, ASHA worker deployment, institutional delivery"
F41_REC00181,2020,Feb,"Kolkata, West Bengal",Malaria Outbreak | Dengue Outbreak | Low Immunization | ASHA Worker Shortage,Low,199,NFHS,"Health data collection, fertility & mortality tracking, policy research"
F41_REC00182,2022,Jan,"Nagpur, Maharashtra",Malaria Outbreak | TB Burden,Medium,158,NHM,"Primary healthcare delivery, ASHA worker deployment, institutional delivery"
F41_REC00183,2020,May,"Kolkata, West Bengal",Malaria Outbreak | TB Burden | Low Immunization,High,142,Smile Foundation,"Primary healthcare, mobile health units, community outreach, mother-child welfare"
F41_REC00184,2020,Jul,"Nagpur, Maharashtra",Malaria Outbreak | TB Burden,Medium,135,NHM,"Primary healthcare delivery, ASHA worker deployment, institutional delivery"
F41_REC00185,2020,Apr,"Coimbatore, Tamil Nadu",Malaria Outbreak | Dengue Outbreak | TB Burden,High,179,WHO India,"Disease monitoring, TB/malaria control, epidemiology, health system strengthening"
F41_REC00186,2022,May,"Surat, Gujarat",Malaria Outbreak | Dengue Outbreak | TB Burden,High,209,NFHS,"Health data collection, fertility & mortality tracking, policy research"
F41_REC00187,2019,Jan,"Howrah, West Bengal",Malaria Outbreak | TB Burden,High,156,NFHS,"Health data collection, fertility & mortality tracking, policy research"
F41_REC00188,2022,Feb,"Kolkata, West Bengal",Low Immunization,Medium,38,Doctors For You,"Emergency medical relief, rural health camps, TB & dengue response"
F41_REC00189,2021,Jan,"Bengaluru, Karnataka",Malaria Outbreak | Dengue Outbreak,Medium,177,CARE India,"Maternal & child health, nutrition, immunization, emergency response"
F41_REC00190,2021,Jun,"Siliguri, West Bengal",Dengue Outbreak | TB Burden,Low,123,NFHS,"Health data collection, fertility & mortality tracking, policy research"
F41_REC00191,2022,Jan,"Lucknow, Uttar Pradesh",Malaria Outbreak | Dengue Outbreak | TB Burden | Low Institutional Deliveries,Medium,166,CARE India,"Maternal & child health, nutrition, immunization, emergency response"
F41_REC00192,2020,Aug,"Coimbatore, Tamil Nadu",Dengue Outbreak | TB Burden | Low Institutional Deliveries,High,127,Smile Foundation,"Primary healthcare, mobile health units, community outreach, mother-child welfare"
F41_REC00193,2020,Jan,"Mumbai, Maharashtra",Low ANC Coverage,Low,29,NHM,"Primary healthcare delivery, ASHA worker deployment, institutional delivery"
F41_REC00194,2020,Sep,"Siliguri, West Bengal",Dengue Outbreak,Low,120,UNICEF India,"Child immunization, ANC support, nutrition, disease surveillance"
F41_REC00195,2021,Mar,"Coimbatore, Tamil Nadu",Dengue Outbreak,High,106,Doctors For You,"Emergency medical relief, rural health camps, TB & dengue response"
F41_REC00196,2019,Jul,"Chennai, Tamil Nadu",Dengue Outbreak | TB Burden | Low Institutional Deliveries,Low,111,NFHS,"Health data collection, fertility & mortality tracking, policy research"
F41_REC00197,2021,Jan,"Lucknow, Uttar Pradesh",TB Burden,Low,110,Doctors For You,"Emergency medical relief, rural health camps, TB & dengue response"
F41_REC00198,2019,Sep,"Surat, Gujarat",Malaria Outbreak | Low Institutional Deliveries | ASHA Worker Shortage,High,152,UNICEF India,"Child immunization, ANC support, nutrition, disease surveillance"
F41_REC00199,2019,Jan,"Madurai, Tamil Nadu",Malaria Outbreak | Dengue Outbreak | TB Burden | Low ANC Coverage,High,173,HMIS,"Health data reporting, facility monitoring, program evaluation"
