Program_ID,Year,Quarter,State,District,Health_Program,Data_Source,Population_Covered,Households_Served,ASHA_Involved,Patients_Treated,Vaccination_Sessions,Severe_Cases,Recovery_Rate_%,Dataset_Type
P1_0,2023,Q1,Rajasthan,Jodhpur,TB Control,Kerala Health Department,118337,7352,120,3358,149,166,81,Health_Program
P1_1,2022,Q4,Rajasthan,Udaipur,Maternal Health,Assam NRHM,152645,6122,212,1368,205,190,76,Health_Program
P1_2,2023,Q4,Rajasthan,Jodhpur,Malaria Control,Punjab Health Mission,184249,19316,51,4047,118,115,95,Health_Program
P1_3,2022,Q1,Odisha,Bhubaneswar,Nutrition Program,UNICEF India,281902,49967,117,113,544,170,64,Health_Program
P1_4,2020,Q4,Odisha,Bhubaneswar,TB Control,Kerala Health Department,149839,19457,51,4383,319,195,71,Health_Program
P1_5,2023,Q3,Kerala,Kochi,Child Immunization,Kerala Health Department,296821,37080,141,3674,201,157,81,Health_Program
P1_6,2023,Q4,Rajasthan,Jodhpur,Nutrition Program,CARE India,291536,33910,35,3956,670,51,63,Health_Program
P1_7,2024,Q1,Assam,Dibrugarh,Maternal Health,Kerala Health Department,288306,25166,137,4927,608,153,65,Health_Program
P1_8,2024,Q1,Assam,Silchar,Child Immunization,Kerala Health Department,193833,38559,104,2050,592,104,92,Health_Program
P1_9,2021,Q4,Odisha,Cuttack,Nutrition Program,Kerala Health Department,186253,40812,49,3654,706,25,80,Health_Program
P1_10,2020,Q1,Rajasthan,Jaipur,Maternal Health,NHM Odisha,385125,24157,23,3202,158,173,69,Health_Program
P1_11,2023,Q2,Kerala,Thrissur,Malaria Control,NHM Odisha,346976,11847,244,392,368,45,89,Health_Program
P1_12,2021,Q4,Rajasthan,Udaipur,TB Control,Kerala Health Department,123267,34385,120,432,527,188,67,Health_Program
P1_13,2022,Q2,Assam,Silchar,Nutrition Program,Assam NRHM,89686,31132,196,187,772,157,66,Health_Program
P1_14,2021,Q3,Kerala,Kochi,Child Immunization,Kerala Health Department,365933,48977,225,313,580,127,87,Health_Program
P1_15,2021,Q1,Punjab,Amritsar,Maternal Health,State Health Society Rajasthan,373391,17336,65,555,107,163,73,Health_Program
P1_16,2020,Q3,Kerala,Thrissur,Nutrition Program,State Health Society Rajasthan,253994,32659,208,2747,491,96,68,Health_Program
P1_17,2022,Q4,Assam,Dibrugarh,Nutrition Program,Kerala Health Department,205129,28369,230,3535,625,183,86,Health_Program
P1_18,2024,Q1,Assam,Silchar,Child Immunization,UNICEF India,176450,6581,98,3852,107,138,69,Health_Program
P1_19,2023,Q3,Punjab,Amritsar,TB Control,Punjab Health Mission,229371,45732,33,3077,60,126,66,Health_Program
P1_20,2024,Q2,Punjab,Patiala,Malaria Control,UNICEF India,337395,46724,67,1076,391,100,93,Health_Program
P1_21,2021,Q2,Odisha,Bhubaneswar,Nutrition Program,State Health Society Rajasthan,41152,32290,126,1611,664,49,66,Health_Program
P1_22,2021,Q2,Kerala,Thrissur,Child Immunization,Assam NRHM,358367,7363,146,736,429,193,85,Health_Program
P1_23,2022,Q3,Kerala,Thrissur,Nutrition Program,Assam NRHM,265526,40414,120,2627,134,95,79,Health_Program
P1_24,2020,Q3,Odisha,Cuttack,Nutrition Program,State Health Society Rajasthan,335035,14050,84,1572,365,3,94,Health_Program
P1_25,2023,Q4,Odisha,Cuttack,Maternal Health,NHM Odisha,308011,47856,84,2890,425,52,88,Health_Program
P1_26,2020,Q1,Odisha,Puri,Nutrition Program,State Health Society Rajasthan,113113,24607,100,1151,673,110,92,Health_Program
P1_27,2024,Q2,Punjab,Patiala,Nutrition Program,CARE India,201210,8630,163,3636,347,170,71,Health_Program
P1_28,2020,Q1,Rajasthan,Udaipur,TB Control,Kerala Health Department,399038,18742,170,2124,753,163,66,Health_Program
P1_29,2020,Q1,Rajasthan,Jaipur,Malaria Control,CARE India,40725,21118,117,2970,352,40,96,Health_Program
P1_30,2022,Q2,Odisha,Puri,Malaria Control,Kerala Health Department,213974,40956,250,4201,686,140,62,Health_Program
P1_31,2023,Q1,Kerala,Thrissur,Child Immunization,Punjab Health Mission,271261,26990,201,1708,784,9,66,Health_Program
P1_32,2020,Q4,Punjab,Ludhiana,TB Control,State Health Society Rajasthan,174535,49621,54,1688,332,128,72,Health_Program
P1_33,2024,Q3,Assam,Silchar,Malaria Control,NHM Odisha,292447,12198,123,4513,114,139,69,Health_Program
P1_34,2024,Q4,Rajasthan,Jaipur,TB Control,NHM Odisha,300002,32723,113,3621,213,150,79,Health_Program
P1_35,2023,Q1,Punjab,Ludhiana,Malaria Control,NHM Odisha,250838,26645,229,946,301,98,67,Health_Program
P1_36,2020,Q2,Punjab,Ludhiana,TB Control,Assam NRHM,62378,30996,105,3616,791,157,98,Health_Program
P1_37,2023,Q4,Punjab,Patiala,Nutrition Program,State Health Society Rajasthan,264203,38468,214,1186,123,10,78,Health_Program
P1_38,2020,Q3,Punjab,Ludhiana,Maternal Health,UNICEF India,289647,26449,156,4375,760,48,65,Health_Program
P1_39,2023,Q1,Rajasthan,Udaipur,Nutrition Program,Kerala Health Department,241271,15842,149,4425,594,52,98,Health_Program
P1_40,2020,Q3,Punjab,Ludhiana,Nutrition Program,Kerala Health Department,273947,8554,191,3682,661,2,65,Health_Program
P1_41,2020,Q2,Punjab,Amritsar,Malaria Control,UNICEF India,352332,18692,238,1672,351,157,97,Health_Program
P1_42,2020,Q2,Assam,Silchar,Nutrition Program,State Health Society Rajasthan,329877,41265,76,3472,541,153,70,Health_Program
P1_43,2023,Q3,Punjab,Ludhiana,Child Immunization,Kerala Health Department,155164,24089,118,4259,116,111,70,Health_Program
P1_44,2022,Q3,Rajasthan,Udaipur,Malaria Control,State Health Society Rajasthan,169983,23247,189,1868,564,199,83,Health_Program
P1_45,2024,Q3,Rajasthan,Jodhpur,Nutrition Program,UNICEF India,91374,7066,46,2160,630,38,74,Health_Program
P1_46,2021,Q2,Odisha,Bhubaneswar,Nutrition Program,State Health Society Rajasthan,210546,21123,178,3031,753,135,79,Health_Program
P1_47,2021,Q4,Kerala,Thrissur,TB Control,NHM Odisha,42292,39988,205,548,557,132,65,Health_Program
P1_48,2022,Q2,Rajasthan,Jaipur,Child Immunization,CARE India,375021,28686,46,3451,204,18,70,Health_Program
P1_49,2021,Q3,Odisha,Puri,TB Control,Assam NRHM,275747,41713,82,1455,86,199,78,Health_Program
P1_50,2022,Q1,Assam,Dibrugarh,Nutrition Program,Assam NRHM,76952,26913,188,4036,629,188,76,Health_Program
P1_51,2021,Q4,Odisha,Bhubaneswar,Child Immunization,State Health Society Rajasthan,43385,11278,244,4905,430,188,77,Health_Program
P1_52,2023,Q4,Rajasthan,Udaipur,Child Immunization,UNICEF India,173783,20809,231,4976,188,133,81,Health_Program
P1_53,2023,Q1,Assam,Silchar,Malaria Control,Kerala Health Department,121481,30395,249,866,471,184,98,Health_Program
P1_54,2022,Q3,Assam,Guwahati,Malaria Control,Kerala Health Department,297239,47771,77,2844,441,130,60,Health_Program
P1_55,2021,Q4,Kerala,Kochi,Child Immunization,NHM Odisha,153657,42295,114,127,411,74,82,Health_Program
P1_56,2021,Q4,Odisha,Bhubaneswar,Nutrition Program,Assam NRHM,305863,45219,153,1631,418,187,91,Health_Program
P1_57,2024,Q1,Assam,Dibrugarh,Maternal Health,UNICEF India,317639,27308,217,4631,694,108,69,Health_Program
P1_58,2022,Q3,Kerala,Kozhikode,Child Immunization,Kerala Health Department,256510,18424,71,3164,588,155,82,Health_Program
P1_59,2022,Q2,Kerala,Thrissur,Malaria Control,Assam NRHM,368891,35265,66,3099,749,111,79,Health_Program
P1_60,2021,Q2,Rajasthan,Jodhpur,Maternal Health,State Health Society Rajasthan,121350,19869,67,3911,413,48,70,Health_Program
P1_61,2023,Q3,Rajasthan,Jaipur,Maternal Health,State Health Society Rajasthan,100749,32477,210,653,528,155,78,Health_Program
P1_62,2022,Q1,Kerala,Thrissur,TB Control,NHM Odisha,246375,16403,70,179,746,117,81,Health_Program
P1_63,2023,Q2,Assam,Dibrugarh,Child Immunization,CARE India,375741,14304,220,1539,461,38,96,Health_Program
P1_64,2023,Q4,Rajasthan,Udaipur,Malaria Control,UNICEF India,339029,31786,106,3750,440,55,77,Health_Program
P1_65,2024,Q2,Rajasthan,Jodhpur,Maternal Health,Kerala Health Department,82731,12824,128,2370,72,139,91,Health_Program
P1_66,2020,Q4,Assam,Dibrugarh,Nutrition Program,NHM Odisha,331039,46429,231,231,436,52,79,Health_Program
P1_67,2020,Q2,Assam,Dibrugarh,Malaria Control,Assam NRHM,152875,23328,36,386,136,122,96,Health_Program
P1_68,2024,Q2,Kerala,Kochi,TB Control,UNICEF India,197416,16265,121,967,122,171,80,Health_Program
P1_69,2020,Q1,Rajasthan,Jaipur,TB Control,Assam NRHM,213606,13197,202,3034,404,116,73,Health_Program
P1_70,2020,Q4,Kerala,Thrissur,Maternal Health,State Health Society Rajasthan,127924,44558,191,3282,412,63,86,Health_Program
P1_71,2024,Q2,Kerala,Kozhikode,Child Immunization,Punjab Health Mission,364863,47253,213,3405,287,81,81,Health_Program
P1_72,2020,Q3,Punjab,Patiala,Malaria Control,Assam NRHM,380636,13953,216,3773,678,140,95,Health_Program
P1_73,2024,Q1,Kerala,Thrissur,Nutrition Program,Kerala Health Department,176106,42590,146,1733,460,107,65,Health_Program
P1_74,2022,Q1,Rajasthan,Jaipur,Child Immunization,NHM Odisha,234733,35268,65,2280,272,172,61,Health_Program
P1_75,2024,Q4,Odisha,Cuttack,Maternal Health,State Health Society Rajasthan,113594,19917,109,1264,262,186,68,Health_Program
P1_76,2024,Q3,Kerala,Kochi,Child Immunization,CARE India,380715,33227,100,4757,237,149,69,Health_Program
P1_77,2024,Q1,Assam,Dibrugarh,Maternal Health,Kerala Health Department,68634,12861,85,2344,552,186,72,Health_Program
P1_78,2022,Q1,Kerala,Kozhikode,Maternal Health,Kerala Health Department,94733,16814,148,1242,195,146,84,Health_Program
P1_79,2024,Q1,Kerala,Kozhikode,Malaria Control,State Health Society Rajasthan,345936,26841,36,1376,131,103,83,Health_Program
P1_80,2020,Q3,Assam,Dibrugarh,TB Control,State Health Society Rajasthan,333870,16278,157,2534,316,51,79,Health_Program
P1_81,2023,Q2,Rajasthan,Jaipur,Maternal Health,NHM Odisha,278352,38895,174,4388,273,106,60,Health_Program
P1_82,2022,Q4,Assam,Dibrugarh,Malaria Control,State Health Society Rajasthan,202788,11113,172,3896,410,109,64,Health_Program
P1_83,2021,Q2,Rajasthan,Jodhpur,Nutrition Program,NHM Odisha,50254,7605,215,969,62,46,60,Health_Program
P1_84,2021,Q3,Rajasthan,Jaipur,TB Control,Assam NRHM,102392,37256,185,1554,135,101,72,Health_Program
P1_85,2023,Q4,Punjab,Amritsar,Child Immunization,Assam NRHM,63419,25917,87,1256,508,160,93,Health_Program
P1_86,2020,Q3,Kerala,Kozhikode,Malaria Control,Kerala Health Department,375325,46832,228,1953,77,194,93,Health_Program
P1_87,2022,Q1,Punjab,Patiala,Nutrition Program,Kerala Health Department,375036,7357,30,826,712,174,76,Health_Program
P1_88,2022,Q4,Punjab,Amritsar,Nutrition Program,Kerala Health Department,63632,18709,247,3138,568,139,96,Health_Program
P1_89,2024,Q1,Rajasthan,Udaipur,Malaria Control,NHM Odisha,387878,21424,228,2200,428,111,67,Health_Program
P1_90,2023,Q3,Assam,Dibrugarh,Malaria Control,NHM Odisha,66972,18176,53,3399,156,30,80,Health_Program
P1_91,2024,Q4,Rajasthan,Jaipur,Child Immunization,NHM Odisha,264079,38833,36,2831,82,39,69,Health_Program
P1_92,2023,Q1,Punjab,Amritsar,TB Control,NHM Odisha,143083,30753,69,4642,109,46,91,Health_Program
P1_93,2022,Q3,Assam,Guwahati,Child Immunization,NHM Odisha,152840,21354,40,284,437,172,95,Health_Program
P1_94,2021,Q2,Rajasthan,Jodhpur,Child Immunization,Punjab Health Mission,282653,5330,86,836,250,64,90,Health_Program
P1_95,2021,Q4,Punjab,Amritsar,TB Control,NHM Odisha,270009,48602,152,665,325,120,78,Health_Program
P1_96,2022,Q1,Rajasthan,Jodhpur,Maternal Health,UNICEF India,135145,10419,63,216,284,88,97,Health_Program
P1_97,2020,Q2,Rajasthan,Jaipur,Nutrition Program,NHM Odisha,191441,34343,85,3900,517,149,60,Health_Program
P1_98,2023,Q4,Rajasthan,Udaipur,TB Control,Assam NRHM,367640,15548,196,4788,626,88,62,Health_Program
P1_99,2023,Q1,Kerala,Kochi,Maternal Health,State Health Society Rajasthan,389472,35701,69,4197,55,181,69,Health_Program
P1_100,2021,Q3,Punjab,Ludhiana,Malaria Control,State Health Society Rajasthan,379272,9862,61,167,787,0,97,Health_Program
P1_101,2020,Q3,Odisha,Bhubaneswar,TB Control,State Health Society Rajasthan,42185,24063,243,2887,272,51,70,Health_Program
P1_102,2024,Q4,Punjab,Ludhiana,Child Immunization,Kerala Health Department,368938,19972,247,3069,250,25,93,Health_Program
P1_103,2020,Q4,Assam,Silchar,Maternal Health,State Health Society Rajasthan,279109,30893,66,3253,396,70,92,Health_Program
P1_104,2022,Q2,Punjab,Amritsar,Child Immunization,NHM Odisha,291310,25093,126,4889,740,117,80,Health_Program
P1_105,2020,Q1,Odisha,Bhubaneswar,Malaria Control,Kerala Health Department,235497,18411,130,199,345,5,73,Health_Program
P1_106,2024,Q4,Assam,Silchar,Maternal Health,NHM Odisha,191900,30133,51,2104,712,171,94,Health_Program
P1_107,2023,Q1,Assam,Silchar,Malaria Control,Assam NRHM,322585,10785,112,1427,60,196,84,Health_Program
P1_108,2024,Q1,Kerala,Kozhikode,Nutrition Program,UNICEF India,291026,42733,219,1810,393,13,63,Health_Program
P1_109,2022,Q1,Punjab,Amritsar,Maternal Health,Assam NRHM,166806,29487,233,190,766,135,86,Health_Program
P1_110,2021,Q2,Rajasthan,Udaipur,TB Control,State Health Society Rajasthan,115572,5021,168,2402,147,138,73,Health_Program
P1_111,2023,Q3,Rajasthan,Udaipur,Malaria Control,Punjab Health Mission,171552,13330,113,158,223,63,88,Health_Program
P1_112,2023,Q3,Punjab,Ludhiana,Maternal Health,CARE India,95197,31818,136,3243,625,89,93,Health_Program
P1_113,2023,Q3,Punjab,Patiala,Malaria Control,CARE India,184835,6078,206,3550,667,58,63,Health_Program
P1_114,2022,Q2,Odisha,Puri,Nutrition Program,UNICEF India,250073,34110,164,783,174,40,96,Health_Program
P1_115,2022,Q3,Odisha,Cuttack,Maternal Health,Assam NRHM,389405,47525,87,4815,542,57,66,Health_Program
P1_116,2024,Q3,Kerala,Kochi,Child Immunization,UNICEF India,359101,44615,194,1050,143,150,79,Health_Program
P1_117,2020,Q3,Kerala,Thrissur,Malaria Control,State Health Society Rajasthan,267794,15286,76,1876,137,101,71,Health_Program
P1_118,2022,Q1,Rajasthan,Jodhpur,Nutrition Program,State Health Society Rajasthan,122268,11699,234,424,373,81,66,Health_Program
P1_119,2020,Q4,Odisha,Cuttack,Nutrition Program,Punjab Health Mission,344639,7312,246,776,495,8,95,Health_Program
P1_120,2020,Q2,Odisha,Cuttack,Malaria Control,UNICEF India,300799,34739,191,3460,574,171,82,Health_Program
P1_121,2021,Q3,Odisha,Puri,TB Control,State Health Society Rajasthan,191420,31256,152,2924,578,174,95,Health_Program
P1_122,2020,Q1,Assam,Dibrugarh,Child Immunization,NHM Odisha,357003,12351,170,687,797,34,92,Health_Program
P1_123,2020,Q3,Kerala,Kozhikode,Malaria Control,Punjab Health Mission,352760,5771,40,3735,493,94,98,Health_Program
P1_124,2024,Q3,Kerala,Thrissur,Malaria Control,Kerala Health Department,196174,28379,164,1771,363,55,87,Health_Program
P1_125,2021,Q2,Punjab,Ludhiana,Maternal Health,Assam NRHM,155648,21264,24,722,351,74,66,Health_Program
P1_126,2020,Q4,Punjab,Patiala,Nutrition Program,Assam NRHM,52237,44614,139,276,144,196,92,Health_Program
P1_127,2023,Q4,Assam,Silchar,TB Control,Assam NRHM,366194,10387,168,349,371,176,70,Health_Program
P1_128,2022,Q2,Odisha,Puri,Nutrition Program,State Health Society Rajasthan,365328,39089,32,470,568,124,96,Health_Program
P1_129,2024,Q1,Odisha,Puri,TB Control,NHM Odisha,108862,16644,182,819,731,156,76,Health_Program
P1_130,2024,Q2,Rajasthan,Jaipur,Malaria Control,Assam NRHM,161020,24394,25,4251,254,49,91,Health_Program
P1_131,2023,Q4,Odisha,Bhubaneswar,Maternal Health,State Health Society Rajasthan,77742,21783,110,4083,649,7,87,Health_Program
P1_132,2024,Q3,Assam,Guwahati,TB Control,UNICEF India,258566,21510,243,364,467,80,93,Health_Program
P1_133,2022,Q1,Assam,Guwahati,TB Control,UNICEF India,242182,22127,187,4268,155,63,98,Health_Program
P1_134,2022,Q3,Assam,Guwahati,Nutrition Program,State Health Society Rajasthan,84824,7417,104,1560,547,54,72,Health_Program
P1_135,2020,Q3,Punjab,Patiala,Malaria Control,Punjab Health Mission,370543,38639,205,1942,501,33,75,Health_Program
P1_136,2024,Q3,Punjab,Patiala,Child Immunization,Punjab Health Mission,44886,38147,24,2112,135,95,65,Health_Program
P1_137,2021,Q4,Odisha,Bhubaneswar,Malaria Control,UNICEF India,374648,21198,168,1957,155,73,70,Health_Program
P1_138,2023,Q3,Odisha,Cuttack,Nutrition Program,Assam NRHM,343436,46139,197,4184,709,48,72,Health_Program
P1_139,2023,Q3,Punjab,Amritsar,TB Control,Assam NRHM,246379,36468,68,757,749,57,61,Health_Program
P1_140,2024,Q1,Assam,Guwahati,TB Control,Assam NRHM,223840,38678,70,1400,269,8,67,Health_Program
P1_141,2024,Q1,Assam,Guwahati,Child Immunization,State Health Society Rajasthan,103787,7378,82,718,66,195,66,Health_Program
P1_142,2022,Q4,Assam,Silchar,Malaria Control,Punjab Health Mission,285983,24479,98,3389,282,83,89,Health_Program
P1_143,2024,Q2,Rajasthan,Jaipur,TB Control,NHM Odisha,379114,45906,243,3929,299,133,92,Health_Program
P1_144,2024,Q2,Odisha,Puri,TB Control,Kerala Health Department,270875,37202,71,2915,220,52,87,Health_Program
P1_145,2024,Q1,Odisha,Puri,Child Immunization,NHM Odisha,192348,10781,238,2958,466,85,90,Health_Program
P1_146,2022,Q1,Punjab,Amritsar,TB Control,Kerala Health Department,322650,21401,109,4497,147,70,93,Health_Program
P1_147,2023,Q4,Assam,Silchar,Child Immunization,NHM Odisha,93789,41508,173,799,516,198,94,Health_Program
P1_148,2024,Q3,Rajasthan,Jaipur,Maternal Health,CARE India,222303,21513,165,1257,292,176,80,Health_Program
P1_149,2023,Q2,Kerala,Thrissur,Nutrition Program,State Health Society Rajasthan,135553,32216,219,4071,129,107,69,Health_Program
P1_150,2022,Q2,Kerala,Kozhikode,Malaria Control,NHM Odisha,320693,40880,36,1407,399,51,90,Health_Program
P1_151,2020,Q4,Kerala,Thrissur,Malaria Control,State Health Society Rajasthan,339788,30878,80,4817,146,149,70,Health_Program
P1_152,2023,Q1,Assam,Guwahati,Nutrition Program,Punjab Health Mission,185248,30484,115,1341,67,130,78,Health_Program
P1_153,2022,Q2,Assam,Dibrugarh,Malaria Control,Kerala Health Department,381992,40074,114,638,377,140,72,Health_Program
P1_154,2022,Q2,Kerala,Kozhikode,TB Control,State Health Society Rajasthan,98147,15077,35,2703,533,122,83,Health_Program
P1_155,2022,Q2,Rajasthan,Jaipur,Maternal Health,Punjab Health Mission,381450,45190,69,4845,591,174,74,Health_Program
P1_156,2024,Q4,Punjab,Amritsar,Maternal Health,UNICEF India,382033,29956,101,4655,644,60,69,Health_Program
P1_157,2024,Q3,Odisha,Cuttack,TB Control,UNICEF India,82909,47355,157,3274,62,196,67,Health_Program
P1_158,2023,Q1,Odisha,Puri,Malaria Control,Punjab Health Mission,325011,42531,74,1510,624,107,63,Health_Program
P1_159,2024,Q1,Assam,Silchar,Malaria Control,UNICEF India,164443,10837,221,4730,577,79,67,Health_Program
P1_160,2024,Q2,Rajasthan,Udaipur,Nutrition Program,Punjab Health Mission,236842,28474,178,4163,444,118,88,Health_Program
P1_161,2024,Q4,Rajasthan,Jaipur,Malaria Control,CARE India,89855,48958,126,3837,131,145,61,Health_Program
P1_162,2021,Q4,Punjab,Amritsar,Malaria Control,State Health Society Rajasthan,310523,12841,28,4605,155,11,64,Health_Program
P1_163,2021,Q2,Assam,Dibrugarh,TB Control,State Health Society Rajasthan,103284,10385,202,2423,685,20,69,Health_Program
P1_164,2023,Q1,Kerala,Thrissur,Maternal Health,Assam NRHM,269022,48108,34,3271,679,29,98,Health_Program
P1_165,2021,Q3,Assam,Guwahati,Malaria Control,State Health Society Rajasthan,265295,43175,246,2494,488,3,67,Health_Program
P1_166,2024,Q3,Rajasthan,Udaipur,Maternal Health,NHM Odisha,112545,41581,30,2654,411,52,85,Health_Program
P1_167,2020,Q2,Odisha,Bhubaneswar,Nutrition Program,CARE India,241236,31607,138,4557,447,27,83,Health_Program
P1_168,2020,Q3,Kerala,Kochi,Child Immunization,CARE India,112984,29535,89,2465,73,71,96,Health_Program
P1_169,2023,Q4,Punjab,Patiala,Maternal Health,Kerala Health Department,398929,49066,93,1324,435,107,66,Health_Program
P1_170,2024,Q4,Assam,Guwahati,Malaria Control,Assam NRHM,206759,28062,101,386,414,69,67,Health_Program
P1_171,2023,Q1,Assam,Silchar,TB Control,CARE India,273152,44030,200,2602,226,6,66,Health_Program
P1_172,2020,Q1,Punjab,Patiala,Malaria Control,NHM Odisha,53761,47234,227,4780,517,125,82,Health_Program
P1_173,2023,Q2,Kerala,Thrissur,TB Control,UNICEF India,218381,21241,48,1391,623,32,95,Health_Program
P1_174,2024,Q2,Rajasthan,Jodhpur,Nutrition Program,UNICEF India,94721,11297,75,764,329,100,92,Health_Program
P1_175,2020,Q3,Kerala,Thrissur,Maternal Health,CARE India,313396,37507,129,3051,690,159,63,Health_Program
P1_176,2021,Q1,Kerala,Thrissur,Nutrition Program,NHM Odisha,280918,13148,178,2246,387,53,75,Health_Program
P1_177,2023,Q4,Rajasthan,Jodhpur,Child Immunization,NHM Odisha,192616,12395,214,3133,432,103,93,Health_Program
P1_178,2021,Q1,Punjab,Patiala,Malaria Control,Punjab Health Mission,201187,9389,23,854,581,85,77,Health_Program
P1_179,2023,Q3,Kerala,Kozhikode,Nutrition Program,Assam NRHM,379229,42666,93,3422,744,106,64,Health_Program
P2_0,2015,Q3,Rajasthan,Udaipur,TB Control,NHM Odisha,309251,15357,169,4823,585,159,82,Health_Program
P2_1,2018,Q4,Rajasthan,Jodhpur,TB Control,State Health Society Rajasthan,102379,48861,92,984,328,153,98,Health_Program
P2_2,2016,Q2,Punjab,Ludhiana,Child Immunization,CARE India,55056,41559,183,3831,742,78,92,Health_Program
P2_3,2015,Q1,Rajasthan,Jaipur,Child Immunization,UNICEF India,357653,29301,168,4106,635,70,82,Health_Program
P2_4,2018,Q1,Assam,Guwahati,Malaria Control,Assam NRHM,80643,44072,125,1184,123,105,66,Health_Program
P2_5,2018,Q2,Odisha,Bhubaneswar,Maternal Health,State Health Society Rajasthan,319618,42696,121,2009,724,127,66,Health_Program
P2_6,2019,Q1,Odisha,Cuttack,Child Immunization,Kerala Health Department,55757,8782,169,1133,173,54,88,Health_Program
P2_7,2019,Q2,Kerala,Thrissur,TB Control,Punjab Health Mission,257592,31295,150,2046,627,96,82,Health_Program
P2_8,2018,Q4,Punjab,Amritsar,Maternal Health,CARE India,322271,47900,167,1025,673,165,77,Health_Program
P2_9,2017,Q1,Assam,Silchar,Maternal Health,State Health Society Rajasthan,345034,35238,28,685,222,22,70,Health_Program
P2_10,2017,Q1,Punjab,Amritsar,Nutrition Program,Punjab Health Mission,354834,35717,155,2616,130,108,87,Health_Program
P2_11,2016,Q3,Assam,Dibrugarh,Nutrition Program,NHM Odisha,357663,5775,208,2619,75,115,66,Health_Program
P2_12,2019,Q1,Odisha,Puri,Malaria Control,Kerala Health Department,65240,6301,83,3703,98,47,92,Health_Program
P2_13,2019,Q1,Kerala,Thrissur,Child Immunization,CARE India,350563,47281,233,255,623,50,61,Health_Program
P2_14,2019,Q1,Kerala,Kochi,Nutrition Program,UNICEF India,399879,8072,186,647,355,38,63,Health_Program
P2_15,2017,Q2,Assam,Silchar,Child Immunization,NHM Odisha,208450,26814,193,2767,175,155,86,Health_Program
P2_16,2016,Q1,Kerala,Thrissur,Malaria Control,NHM Odisha,71902,9578,228,798,301,103,63,Health_Program
P2_17,2015,Q3,Kerala,Kozhikode,TB Control,Assam NRHM,81535,15555,105,889,392,121,83,Health_Program
P2_18,2019,Q1,Odisha,Cuttack,Maternal Health,Punjab Health Mission,66050,39425,60,1476,624,111,85,Health_Program
P2_19,2018,Q2,Odisha,Bhubaneswar,Maternal Health,CARE India,214206,47251,90,2049,737,71,65,Health_Program
P2_20,2015,Q3,Rajasthan,Jodhpur,Child Immunization,State Health Society Rajasthan,111545,28136,137,2504,368,63,63,Health_Program
P2_21,2015,Q4,Odisha,Cuttack,Malaria Control,CARE India,237967,33957,210,4150,262,101,74,Health_Program
P2_22,2017,Q3,Assam,Silchar,TB Control,CARE India,140726,22756,27,1001,506,44,74,Health_Program
P2_23,2019,Q1,Rajasthan,Udaipur,Child Immunization,CARE India,252300,46543,128,1194,379,33,84,Health_Program
P2_24,2016,Q2,Odisha,Puri,Maternal Health,State Health Society Rajasthan,175220,18860,58,3704,762,123,80,Health_Program
P2_25,2019,Q3,Odisha,Puri,Child Immunization,Assam NRHM,171864,47726,128,1399,63,118,67,Health_Program
P2_26,2016,Q1,Rajasthan,Jaipur,Nutrition Program,State Health Society Rajasthan,181837,21912,134,1427,782,122,82,Health_Program
P2_27,2017,Q3,Assam,Silchar,Child Immunization,Assam NRHM,243699,6475,227,4540,571,118,87,Health_Program
P2_28,2018,Q3,Assam,Silchar,Maternal Health,NHM Odisha,346769,35179,219,4179,575,151,63,Health_Program
P2_29,2015,Q4,Punjab,Ludhiana,Nutrition Program,Assam NRHM,254771,11910,192,736,179,43,78,Health_Program
P2_30,2017,Q2,Kerala,Kozhikode,Child Immunization,Assam NRHM,186743,19776,71,4026,577,160,74,Health_Program
P2_31,2019,Q3,Odisha,Bhubaneswar,Child Immunization,Kerala Health Department,393010,43286,230,399,510,8,86,Health_Program
P2_32,2017,Q1,Kerala,Kozhikode,Maternal Health,Punjab Health Mission,92285,6815,185,2577,546,69,95,Health_Program
P2_33,2017,Q2,Rajasthan,Jodhpur,Malaria Control,Kerala Health Department,174996,6455,44,3456,696,21,94,Health_Program
P2_34,2018,Q3,Odisha,Puri,Malaria Control,Assam NRHM,349035,24829,48,261,564,38,71,Health_Program
P2_35,2017,Q3,Assam,Silchar,Maternal Health,Kerala Health Department,82761,15924,96,4627,798,135,63,Health_Program
P2_36,2016,Q1,Assam,Guwahati,Malaria Control,Kerala Health Department,48760,20983,161,4634,707,197,96,Health_Program
P2_37,2018,Q1,Assam,Silchar,TB Control,Punjab Health Mission,80759,49644,68,3612,609,119,63,Health_Program
P2_38,2016,Q4,Kerala,Thrissur,Child Immunization,CARE India,196645,13546,174,1104,507,152,85,Health_Program
P2_39,2015,Q4,Punjab,Ludhiana,Nutrition Program,State Health Society Rajasthan,204602,9815,241,1395,328,176,92,Health_Program
P2_40,2015,Q4,Kerala,Kochi,Maternal Health,Assam NRHM,166250,16195,104,467,594,127,61,Health_Program
P2_41,2019,Q1,Assam,Guwahati,TB Control,Kerala Health Department,156520,47136,243,2891,77,94,66,Health_Program
P2_42,2016,Q2,Odisha,Cuttack,TB Control,State Health Society Rajasthan,383749,11501,121,2205,719,145,95,Health_Program
P2_43,2019,Q3,Kerala,Thrissur,TB Control,State Health Society Rajasthan,233889,38834,114,4347,467,2,85,Health_Program
P2_44,2015,Q4,Rajasthan,Jaipur,Nutrition Program,NHM Odisha,179517,9207,242,2396,278,43,90,Health_Program
P2_45,2016,Q4,Rajasthan,Udaipur,Maternal Health,Assam NRHM,328169,27556,192,2782,145,122,69,Health_Program
P2_46,2019,Q2,Rajasthan,Jaipur,Maternal Health,Punjab Health Mission,367249,46765,131,1890,434,98,65,Health_Program
P2_47,2017,Q3,Punjab,Ludhiana,TB Control,Assam NRHM,255294,46432,101,1723,321,67,69,Health_Program
P2_48,2015,Q3,Assam,Silchar,Maternal Health,CARE India,149074,22634,188,832,142,117,80,Health_Program
P2_49,2019,Q3,Kerala,Thrissur,TB Control,Kerala Health Department,75667,38064,99,2323,668,116,85,Health_Program
P2_50,2018,Q2,Punjab,Ludhiana,TB Control,CARE India,344296,34919,56,969,648,26,71,Health_Program
P2_51,2016,Q2,Punjab,Amritsar,TB Control,Punjab Health Mission,199643,25585,29,3878,249,78,89,Health_Program
P2_52,2015,Q3,Kerala,Kozhikode,Nutrition Program,State Health Society Rajasthan,150520,39197,32,1866,786,2,82,Health_Program
P2_53,2017,Q1,Assam,Silchar,Nutrition Program,Punjab Health Mission,275559,29067,120,2724,284,55,90,Health_Program
P2_54,2019,Q4,Kerala,Kochi,Maternal Health,State Health Society Rajasthan,86048,21121,109,262,311,56,73,Health_Program
P2_55,2018,Q4,Punjab,Ludhiana,Child Immunization,Punjab Health Mission,183155,45312,221,3433,603,27,60,Health_Program
P2_56,2019,Q1,Kerala,Kochi,Malaria Control,Kerala Health Department,245200,15570,217,703,61,76,86,Health_Program
P2_57,2019,Q2,Punjab,Ludhiana,Malaria Control,Assam NRHM,43536,23198,83,3208,207,200,97,Health_Program
P2_58,2018,Q2,Rajasthan,Jaipur,TB Control,Punjab Health Mission,370086,21284,149,3788,470,155,68,Health_Program
P2_59,2019,Q1,Odisha,Cuttack,Malaria Control,Kerala Health Department,237884,10245,230,522,310,47,86,Health_Program
P2_60,2016,Q4,Odisha,Puri,TB Control,UNICEF India,55486,49843,240,4180,715,160,61,Health_Program
P2_61,2019,Q4,Odisha,Cuttack,TB Control,NHM Odisha,77611,36580,222,4482,633,130,69,Health_Program
P2_62,2017,Q4,Rajasthan,Udaipur,Maternal Health,Kerala Health Department,94648,13630,195,855,257,157,86,Health_Program
P2_63,2019,Q2,Odisha,Bhubaneswar,TB Control,CARE India,330127,47251,128,678,289,76,70,Health_Program
P2_64,2016,Q3,Punjab,Ludhiana,Child Immunization,UNICEF India,146193,18159,249,2339,775,100,62,Health_Program
P2_65,2015,Q1,Odisha,Bhubaneswar,Child Immunization,UNICEF India,259561,26341,86,4669,669,189,73,Health_Program
P2_66,2018,Q1,Assam,Guwahati,TB Control,Kerala Health Department,351208,18776,82,3997,258,51,69,Health_Program
P2_67,2015,Q4,Odisha,Cuttack,Malaria Control,State Health Society Rajasthan,303301,31479,210,2566,127,75,73,Health_Program
P2_68,2016,Q1,Odisha,Cuttack,Child Immunization,Punjab Health Mission,137003,21596,245,771,692,12,80,Health_Program
P2_69,2016,Q1,Punjab,Amritsar,TB Control,NHM Odisha,77476,42647,222,3859,136,197,71,Health_Program
P2_70,2019,Q3,Assam,Guwahati,TB Control,Punjab Health Mission,88584,47027,113,1878,501,6,74,Health_Program
P2_71,2016,Q3,Assam,Silchar,TB Control,CARE India,131316,30213,54,229,690,83,90,Health_Program
P2_72,2015,Q4,Kerala,Thrissur,Child Immunization,CARE India,294264,48034,215,3481,470,89,94,Health_Program
P2_73,2016,Q3,Odisha,Cuttack,Maternal Health,Punjab Health Mission,164075,16856,121,2459,135,147,74,Health_Program
P2_74,2015,Q3,Kerala,Kochi,Child Immunization,Punjab Health Mission,177337,26419,142,2011,481,153,67,Health_Program
P2_75,2016,Q3,Punjab,Ludhiana,Maternal Health,Kerala Health Department,160242,5774,127,841,578,38,73,Health_Program
P2_76,2016,Q2,Rajasthan,Jodhpur,Nutrition Program,Kerala Health Department,168485,34562,103,749,203,48,87,Health_Program
P2_77,2019,Q2,Odisha,Cuttack,Maternal Health,Punjab Health Mission,196102,44463,84,4480,683,60,89,Health_Program
P2_78,2018,Q3,Odisha,Bhubaneswar,Maternal Health,Kerala Health Department,82349,31230,110,3666,660,69,60,Health_Program
P2_79,2015,Q4,Rajasthan,Jodhpur,Maternal Health,Assam NRHM,111307,38159,200,4338,773,20,75,Health_Program
P2_80,2015,Q4,Kerala,Thrissur,Child Immunization,Punjab Health Mission,111074,39183,223,2882,314,137,73,Health_Program
P2_81,2016,Q4,Odisha,Bhubaneswar,TB Control,State Health Society Rajasthan,188776,27948,223,1165,385,145,68,Health_Program
P2_82,2016,Q4,Punjab,Ludhiana,TB Control,UNICEF India,385833,33227,140,1678,699,72,83,Health_Program
P2_83,2018,Q3,Assam,Guwahati,Malaria Control,UNICEF India,263706,32351,157,4507,222,131,88,Health_Program
P2_84,2019,Q3,Rajasthan,Udaipur,Malaria Control,UNICEF India,103555,36879,170,1760,133,37,94,Health_Program
P2_85,2019,Q3,Assam,Guwahati,Malaria Control,NHM Odisha,371482,18593,69,3858,777,182,84,Health_Program
P2_86,2015,Q1,Punjab,Patiala,Malaria Control,Punjab Health Mission,315110,44961,205,4340,520,34,79,Health_Program
P2_87,2018,Q2,Kerala,Kochi,Maternal Health,NHM Odisha,44629,32861,219,5000,641,42,79,Health_Program
P2_88,2019,Q1,Assam,Guwahati,TB Control,Kerala Health Department,153187,37751,155,3822,332,73,60,Health_Program
P2_89,2019,Q3,Punjab,Amritsar,Nutrition Program,State Health Society Rajasthan,332199,7594,228,2985,335,82,66,Health_Program
P2_90,2016,Q1,Kerala,Kochi,Child Immunization,Kerala Health Department,220787,39980,58,3804,742,37,98,Health_Program
P2_91,2017,Q2,Odisha,Puri,Nutrition Program,Assam NRHM,259613,37294,217,4703,726,184,92,Health_Program
P2_92,2015,Q3,Kerala,Kozhikode,Nutrition Program,State Health Society Rajasthan,330006,19070,34,2585,748,72,88,Health_Program
P2_93,2018,Q3,Kerala,Kochi,Malaria Control,State Health Society Rajasthan,118826,45329,63,2248,85,107,60,Health_Program
P2_94,2015,Q3,Assam,Silchar,Maternal Health,NHM Odisha,159271,36108,115,4872,69,171,87,Health_Program
P2_95,2015,Q3,Odisha,Puri,Maternal Health,Assam NRHM,391229,26246,85,786,339,86,91,Health_Program
P2_96,2015,Q3,Punjab,Amritsar,TB Control,Punjab Health Mission,146297,9269,94,2402,735,200,91,Health_Program
P2_97,2017,Q3,Assam,Guwahati,Malaria Control,UNICEF India,233163,24873,228,2021,613,12,87,Health_Program
P2_98,2019,Q4,Assam,Guwahati,TB Control,Kerala Health Department,326424,39094,103,2710,59,17,86,Health_Program
P2_99,2017,Q4,Kerala,Thrissur,Nutrition Program,State Health Society Rajasthan,390157,34774,183,3438,148,19,97,Health_Program
P2_100,2016,Q3,Assam,Guwahati,Malaria Control,State Health Society Rajasthan,109384,46685,64,1885,368,142,87,Health_Program
P2_101,2018,Q1,Assam,Silchar,TB Control,Kerala Health Department,81457,31452,96,4270,639,139,81,Health_Program
P2_102,2018,Q3,Kerala,Thrissur,Malaria Control,UNICEF India,363419,35916,25,341,68,19,67,Health_Program
P2_103,2018,Q1,Punjab,Patiala,Malaria Control,NHM Odisha,362173,6729,147,4860,509,19,73,Health_Program
P2_104,2015,Q2,Kerala,Thrissur,Maternal Health,UNICEF India,275727,29588,151,1449,779,81,62,Health_Program
P2_105,2016,Q1,Rajasthan,Jaipur,Child Immunization,UNICEF India,192355,12174,171,2641,669,171,76,Health_Program
P2_106,2018,Q4,Kerala,Kozhikode,Malaria Control,NHM Odisha,171052,14015,235,845,177,186,66,Health_Program
P2_107,2018,Q3,Rajasthan,Jaipur,Maternal Health,CARE India,104109,18835,57,2728,620,167,88,Health_Program
P2_108,2017,Q4,Punjab,Ludhiana,Maternal Health,State Health Society Rajasthan,258571,18427,36,3137,365,186,84,Health_Program
P2_109,2019,Q2,Assam,Dibrugarh,Malaria Control,Punjab Health Mission,149609,40182,95,2569,272,64,89,Health_Program
P2_110,2018,Q1,Rajasthan,Jodhpur,Maternal Health,NHM Odisha,90034,12372,31,1400,672,22,70,Health_Program
P2_111,2015,Q2,Punjab,Amritsar,TB Control,State Health Society Rajasthan,145763,13473,115,1192,177,179,61,Health_Program
P2_112,2018,Q2,Kerala,Kochi,Malaria Control,Punjab Health Mission,95422,42365,98,531,102,146,93,Health_Program
P2_113,2015,Q2,Assam,Guwahati,TB Control,Punjab Health Mission,240235,10983,45,1648,574,40,68,Health_Program
P2_114,2018,Q4,Punjab,Ludhiana,TB Control,UNICEF India,255498,8543,174,2520,768,107,88,Health_Program
P2_115,2018,Q2,Odisha,Puri,Child Immunization,Assam NRHM,195670,11251,157,3750,421,107,96,Health_Program
P2_116,2019,Q3,Odisha,Puri,Child Immunization,NHM Odisha,283184,36227,23,2642,566,17,71,Health_Program
P2_117,2018,Q2,Punjab,Patiala,TB Control,Kerala Health Department,289865,16671,169,956,236,28,71,Health_Program
P2_118,2019,Q2,Odisha,Puri,Child Immunization,Kerala Health Department,45551,38382,149,3137,402,13,75,Health_Program
P2_119,2015,Q2,Assam,Dibrugarh,Child Immunization,CARE India,365456,12947,221,3870,401,29,94,Health_Program
P2_120,2016,Q4,Kerala,Thrissur,Nutrition Program,UNICEF India,392272,19245,108,3379,430,86,90,Health_Program
P2_121,2015,Q4,Punjab,Amritsar,Nutrition Program,Punjab Health Mission,260954,35305,118,2232,424,41,97,Health_Program
P2_122,2018,Q3,Assam,Silchar,Maternal Health,CARE India,376848,42995,170,4596,636,186,61,Health_Program
P2_123,2015,Q1,Odisha,Puri,TB Control,Assam NRHM,92610,28929,199,2846,77,56,89,Health_Program
P2_124,2016,Q2,Punjab,Ludhiana,Child Immunization,NHM Odisha,109541,22019,219,2515,89,176,85,Health_Program
P2_125,2019,Q1,Assam,Silchar,Nutrition Program,UNICEF India,348295,28411,198,324,131,158,71,Health_Program
P2_126,2015,Q2,Kerala,Thrissur,TB Control,Kerala Health Department,144656,39395,213,4284,356,153,63,Health_Program
P2_127,2017,Q2,Assam,Guwahati,Nutrition Program,CARE India,67536,39200,95,2212,398,191,85,Health_Program
P2_128,2016,Q2,Rajasthan,Udaipur,Nutrition Program,CARE India,322622,23673,118,3391,779,198,89,Health_Program
P2_129,2017,Q4,Assam,Dibrugarh,Child Immunization,NHM Odisha,160678,17541,89,3861,100,55,68,Health_Program
P2_130,2019,Q3,Assam,Guwahati,Maternal Health,Punjab Health Mission,233887,22403,182,2964,796,108,86,Health_Program
P2_131,2019,Q2,Rajasthan,Udaipur,Nutrition Program,State Health Society Rajasthan,173848,26162,140,1200,646,172,68,Health_Program
P2_132,2016,Q1,Odisha,Cuttack,Maternal Health,Punjab Health Mission,79159,17573,235,2012,427,102,62,Health_Program
P2_133,2016,Q4,Punjab,Ludhiana,Malaria Control,State Health Society Rajasthan,56246,30332,167,100,393,34,74,Health_Program
P2_134,2019,Q3,Punjab,Patiala,TB Control,State Health Society Rajasthan,105624,21303,181,3370,274,181,74,Health_Program
P2_135,2018,Q1,Assam,Guwahati,Maternal Health,Punjab Health Mission,312567,11267,141,1461,131,29,64,Health_Program
P2_136,2016,Q2,Rajasthan,Udaipur,Malaria Control,Assam NRHM,155426,23171,167,4691,660,89,62,Health_Program
P2_137,2015,Q1,Punjab,Ludhiana,Malaria Control,Assam NRHM,238104,24000,152,3283,407,5,96,Health_Program
P2_138,2018,Q3,Assam,Guwahati,Child Immunization,NHM Odisha,207725,28385,138,2058,416,103,77,Health_Program
P2_139,2018,Q4,Rajasthan,Jodhpur,Malaria Control,CARE India,105525,26188,226,200,305,66,61,Health_Program
P2_140,2019,Q3,Punjab,Amritsar,Child Immunization,Assam NRHM,103512,11532,38,2828,404,154,76,Health_Program
P2_141,2018,Q2,Odisha,Cuttack,Nutrition Program,Kerala Health Department,170200,46693,157,3200,224,165,85,Health_Program
P2_142,2015,Q4,Assam,Silchar,Child Immunization,Assam NRHM,73712,29333,189,1471,455,139,62,Health_Program
P2_143,2015,Q1,Rajasthan,Jaipur,Child Immunization,NHM Odisha,239737,7292,194,3627,625,5,73,Health_Program
P2_144,2016,Q3,Assam,Silchar,Child Immunization,NHM Odisha,232152,41085,169,387,242,127,88,Health_Program
P2_145,2017,Q1,Rajasthan,Jodhpur,Malaria Control,State Health Society Rajasthan,190974,39766,111,2982,261,61,79,Health_Program
P2_146,2016,Q2,Assam,Dibrugarh,Malaria Control,NHM Odisha,310020,37005,161,1713,463,136,76,Health_Program
P2_147,2018,Q2,Assam,Dibrugarh,TB Control,State Health Society Rajasthan,234647,19308,24,1340,105,74,81,Health_Program
P2_148,2019,Q3,Odisha,Cuttack,Child Immunization,UNICEF India,73233,22480,52,2467,304,183,70,Health_Program
P2_149,2015,Q4,Kerala,Thrissur,Maternal Health,Punjab Health Mission,88574,32595,120,2636,149,72,83,Health_Program
P2_150,2019,Q4,Kerala,Kochi,Nutrition Program,Punjab Health Mission,107678,34871,128,2622,82,130,86,Health_Program
P2_151,2016,Q1,Assam,Dibrugarh,Maternal Health,State Health Society Rajasthan,108697,18741,144,4055,559,160,84,Health_Program
P2_152,2019,Q2,Punjab,Ludhiana,TB Control,Punjab Health Mission,50497,29150,142,2694,304,153,61,Health_Program
P2_153,2018,Q3,Assam,Guwahati,Child Immunization,Punjab Health Mission,281591,9736,25,4851,575,179,89,Health_Program
P2_154,2015,Q2,Odisha,Cuttack,Malaria Control,CARE India,126820,6891,76,4193,601,125,90,Health_Program
P2_155,2019,Q4,Assam,Guwahati,Nutrition Program,Assam NRHM,286754,24466,90,3386,728,86,79,Health_Program
P2_156,2017,Q4,Assam,Dibrugarh,Malaria Control,NHM Odisha,111985,16617,150,4760,58,187,75,Health_Program
P2_157,2015,Q1,Odisha,Bhubaneswar,Nutrition Program,NHM Odisha,217685,28728,249,2070,675,158,93,Health_Program
P2_158,2015,Q3,Odisha,Bhubaneswar,Child Immunization,CARE India,117445,45077,47,1410,250,176,61,Health_Program
P2_159,2016,Q1,Punjab,Ludhiana,TB Control,Punjab Health Mission,392129,6308,43,1333,78,197,69,Health_Program
P2_160,2019,Q2,Rajasthan,Udaipur,Malaria Control,NHM Odisha,240305,42655,167,554,77,112,71,Health_Program
P2_161,2015,Q4,Rajasthan,Udaipur,Malaria Control,NHM Odisha,176308,43166,167,2760,373,89,62,Health_Program
P2_162,2019,Q4,Kerala,Thrissur,Nutrition Program,UNICEF India,118642,14039,104,3964,302,132,96,Health_Program
P2_163,2018,Q3,Punjab,Patiala,Nutrition Program,CARE India,341494,18621,25,152,419,165,83,Health_Program
P2_164,2018,Q3,Kerala,Thrissur,Child Immunization,Punjab Health Mission,286189,35689,104,3798,398,61,81,Health_Program
P2_165,2017,Q2,Rajasthan,Udaipur,Child Immunization,State Health Society Rajasthan,199110,8616,99,4463,628,139,93,Health_Program
P2_166,2018,Q2,Rajasthan,Jodhpur,Malaria Control,Assam NRHM,85437,13953,121,4951,236,4,69,Health_Program
P2_167,2018,Q2,Assam,Silchar,Maternal Health,Punjab Health Mission,195341,9033,247,3534,457,84,93,Health_Program
P2_168,2018,Q1,Punjab,Patiala,TB Control,Punjab Health Mission,376657,44546,126,2983,691,90,85,Health_Program
P2_169,2017,Q2,Kerala,Thrissur,Maternal Health,Assam NRHM,155011,12292,197,3273,427,70,69,Health_Program
P2_170,2019,Q1,Kerala,Kozhikode,Malaria Control,Assam NRHM,161431,27172,31,1380,416,147,69,Health_Program
P2_171,2017,Q2,Assam,Guwahati,Malaria Control,State Health Society Rajasthan,168766,37800,181,4952,611,113,80,Health_Program
P2_172,2017,Q3,Rajasthan,Udaipur,Malaria Control,State Health Society Rajasthan,259159,20190,105,729,569,170,93,Health_Program
P2_173,2018,Q3,Odisha,Bhubaneswar,Child Immunization,NHM Odisha,213800,48067,65,2340,755,35,86,Health_Program
P2_174,2017,Q1,Odisha,Cuttack,Maternal Health,UNICEF India,196068,44201,156,4129,112,142,77,Health_Program
P2_175,2017,Q3,Punjab,Ludhiana,Nutrition Program,Assam NRHM,152413,45846,177,3192,702,69,62,Health_Program
P2_176,2015,Q2,Punjab,Amritsar,Nutrition Program,Punjab Health Mission,42888,26793,84,4616,304,31,81,Health_Program
P2_177,2018,Q1,Odisha,Bhubaneswar,TB Control,CARE India,326648,42187,78,2822,523,41,66,Health_Program
P2_178,2016,Q2,Odisha,Bhubaneswar,Maternal Health,CARE India,242394,5867,226,3524,633,68,79,Health_Program
P2_179,2018,Q1,Punjab,Patiala,Child Immunization,Kerala Health Department,181996,13689,201,3343,594,117,66,Health_Program
P3_0,2018,Q2,Rajasthan,Udaipur,Malaria Control,NHM Odisha,103389,10585,91,2268,164,162,72,Health_Program
P3_1,2017,Q4,Rajasthan,Udaipur,Nutrition Program,CARE India,60850,14069,191,2076,197,64,67,Health_Program
P3_2,2018,Q3,Odisha,Bhubaneswar,Nutrition Program,Assam NRHM,40692,27708,148,2442,516,0,60,Health_Program
P3_3,2021,Q2,Kerala,Thrissur,Nutrition Program,Punjab Health Mission,286944,38706,186,1931,311,116,77,Health_Program
P3_4,2017,Q2,Punjab,Ludhiana,Maternal Health,UNICEF India,133943,39234,118,3507,782,38,81,Health_Program
P3_5,2019,Q4,Assam,Silchar,TB Control,UNICEF India,66500,20921,248,3391,701,180,96,Health_Program
P3_6,2020,Q2,Kerala,Thrissur,Nutrition Program,NHM Odisha,204263,22871,115,4446,57,2,80,Health_Program
P3_7,2021,Q3,Punjab,Amritsar,Maternal Health,NHM Odisha,193352,26643,94,4055,618,81,85,Health_Program
P3_8,2020,Q3,Odisha,Puri,Maternal Health,UNICEF India,68374,15136,113,236,793,171,93,Health_Program
P3_9,2018,Q3,Assam,Silchar,Maternal Health,NHM Odisha,241007,11762,109,1852,487,169,77,Health_Program
P3_10,2021,Q3,Punjab,Patiala,Nutrition Program,Kerala Health Department,288554,11732,167,4554,64,97,71,Health_Program
P3_11,2021,Q3,Kerala,Kochi,Child Immunization,UNICEF India,161110,47962,228,1718,415,114,77,Health_Program
P3_12,2021,Q2,Rajasthan,Jodhpur,Maternal Health,UNICEF India,271494,24567,107,1168,376,56,66,Health_Program
P3_13,2019,Q4,Assam,Dibrugarh,Malaria Control,Kerala Health Department,135803,13503,182,3465,463,80,68,Health_Program
P3_14,2019,Q4,Kerala,Kozhikode,TB Control,Punjab Health Mission,394157,44037,37,3201,396,167,84,Health_Program
P3_15,2017,Q3,Odisha,Bhubaneswar,Malaria Control,Punjab Health Mission,295184,41695,136,3829,471,71,86,Health_Program
P3_16,2021,Q1,Punjab,Ludhiana,Malaria Control,Punjab Health Mission,250756,12340,225,596,329,32,68,Health_Program
P3_17,2017,Q1,Kerala,Kozhikode,Malaria Control,CARE India,305014,36472,53,4309,622,26,84,Health_Program
P3_18,2019,Q3,Kerala,Thrissur,Maternal Health,NHM Odisha,216389,22724,177,4735,426,71,85,Health_Program
P3_19,2021,Q2,Punjab,Patiala,Malaria Control,State Health Society Rajasthan,238024,23628,190,3223,96,97,91,Health_Program
P3_20,2021,Q1,Rajasthan,Jaipur,Maternal Health,NHM Odisha,54586,44858,85,4831,130,159,81,Health_Program
P3_21,2021,Q1,Kerala,Kozhikode,Nutrition Program,UNICEF India,240199,31371,185,1786,686,180,75,Health_Program
P3_22,2020,Q1,Odisha,Puri,Maternal Health,CARE India,178749,38737,104,1802,323,73,64,Health_Program
P3_23,2019,Q1,Assam,Silchar,Child Immunization,UNICEF India,66969,48303,205,979,482,167,97,Health_Program
P3_24,2017,Q1,Odisha,Bhubaneswar,Child Immunization,State Health Society Rajasthan,198654,9504,157,2910,758,40,64,Health_Program
P3_25,2017,Q3,Rajasthan,Jaipur,Nutrition Program,Punjab Health Mission,41227,20988,160,4325,144,72,61,Health_Program
P3_26,2019,Q2,Rajasthan,Jaipur,Malaria Control,Assam NRHM,268776,9680,67,4324,238,25,89,Health_Program
P3_27,2021,Q3,Rajasthan,Jaipur,Malaria Control,Punjab Health Mission,264300,17467,64,4412,454,13,90,Health_Program
P3_28,2019,Q4,Assam,Guwahati,TB Control,NHM Odisha,254437,29317,134,2155,627,107,64,Health_Program
P3_29,2017,Q4,Kerala,Kozhikode,Nutrition Program,UNICEF India,253151,15868,144,755,314,84,65,Health_Program
P3_30,2021,Q4,Kerala,Kozhikode,Nutrition Program,Kerala Health Department,331829,25032,33,1021,272,181,76,Health_Program
P3_31,2021,Q2,Punjab,Patiala,Child Immunization,Assam NRHM,204979,18961,178,3974,457,38,84,Health_Program
P3_32,2019,Q1,Rajasthan,Jodhpur,Child Immunization,Kerala Health Department,85968,23636,171,715,468,133,70,Health_Program
P3_33,2018,Q1,Odisha,Cuttack,Maternal Health,NHM Odisha,56659,34034,168,1103,529,95,60,Health_Program
P3_34,2020,Q4,Punjab,Patiala,Malaria Control,State Health Society Rajasthan,208659,37975,193,1831,192,6,92,Health_Program
P3_35,2018,Q4,Odisha,Bhubaneswar,Maternal Health,CARE India,211074,28399,58,3662,161,170,98,Health_Program
P3_36,2021,Q3,Rajasthan,Jodhpur,TB Control,Assam NRHM,254280,48286,223,1682,399,1,94,Health_Program
P3_37,2020,Q1,Rajasthan,Udaipur,Malaria Control,Assam NRHM,116384,31220,165,3963,76,6,80,Health_Program
P3_38,2018,Q4,Odisha,Bhubaneswar,TB Control,UNICEF India,82443,41917,190,4571,679,75,80,Health_Program
P3_39,2019,Q1,Kerala,Thrissur,Malaria Control,Punjab Health Mission,333791,22918,137,4411,772,47,97,Health_Program
P3_40,2020,Q1,Assam,Guwahati,Nutrition Program,UNICEF India,224585,21524,192,3562,707,183,79,Health_Program
P3_41,2018,Q1,Odisha,Puri,TB Control,Punjab Health Mission,263512,5798,102,2644,69,46,63,Health_Program
P3_42,2020,Q3,Punjab,Patiala,Nutrition Program,CARE India,170069,47870,48,3358,746,10,97,Health_Program
P3_43,2018,Q4,Odisha,Puri,Nutrition Program,State Health Society Rajasthan,161554,30845,111,1664,514,187,78,Health_Program
P3_44,2018,Q2,Odisha,Bhubaneswar,TB Control,Assam NRHM,100045,41497,196,2404,791,100,60,Health_Program
P3_45,2017,Q4,Odisha,Bhubaneswar,Maternal Health,Punjab Health Mission,97832,49359,80,2927,775,142,75,Health_Program
P3_46,2021,Q1,Assam,Guwahati,TB Control,Assam NRHM,281120,43679,129,2306,238,97,84,Health_Program
P3_47,2020,Q3,Rajasthan,Udaipur,Malaria Control,NHM Odisha,132623,44056,77,2329,51,145,78,Health_Program
P3_48,2020,Q3,Rajasthan,Jodhpur,Nutrition Program,State Health Society Rajasthan,158348,11813,130,1789,300,181,90,Health_Program
P3_49,2017,Q2,Assam,Guwahati,Malaria Control,Kerala Health Department,227884,23195,247,3013,570,166,60,Health_Program
P3_50,2018,Q2,Assam,Guwahati,TB Control,CARE India,215480,41004,21,1686,636,121,85,Health_Program
P3_51,2021,Q1,Punjab,Ludhiana,Nutrition Program,State Health Society Rajasthan,267333,37772,193,2162,670,123,65,Health_Program
P3_52,2019,Q3,Rajasthan,Jaipur,Child Immunization,CARE India,286953,34397,212,1566,530,197,65,Health_Program
P3_53,2018,Q3,Odisha,Puri,Maternal Health,Punjab Health Mission,314856,25729,163,1126,615,46,81,Health_Program
P3_54,2018,Q3,Odisha,Cuttack,Maternal Health,UNICEF India,277621,38411,150,2629,395,38,93,Health_Program
P3_55,2021,Q1,Assam,Silchar,Malaria Control,UNICEF India,277999,12503,51,2077,350,59,72,Health_Program
P3_56,2020,Q4,Rajasthan,Udaipur,Malaria Control,NHM Odisha,165744,48540,171,3926,598,50,87,Health_Program
P3_57,2020,Q3,Odisha,Bhubaneswar,Child Immunization,Assam NRHM,171628,5415,101,4447,289,185,97,Health_Program
P3_58,2019,Q3,Odisha,Bhubaneswar,Malaria Control,Kerala Health Department,359015,12218,152,1561,167,110,82,Health_Program
P3_59,2020,Q1,Kerala,Kochi,Malaria Control,State Health Society Rajasthan,369940,16911,100,4634,726,173,84,Health_Program
P3_60,2020,Q1,Assam,Dibrugarh,Child Immunization,Assam NRHM,380974,15732,245,4991,120,130,68,Health_Program
P3_61,2021,Q3,Assam,Guwahati,Child Immunization,NHM Odisha,138361,17661,27,774,579,49,64,Health_Program
P3_62,2018,Q4,Assam,Dibrugarh,Maternal Health,Assam NRHM,74535,7313,214,4719,280,64,73,Health_Program
P3_63,2018,Q4,Kerala,Kochi,Malaria Control,CARE India,42423,40943,199,2526,139,194,84,Health_Program
P3_64,2017,Q3,Kerala,Thrissur,Child Immunization,Assam NRHM,131070,32383,90,1106,785,78,91,Health_Program
P3_65,2018,Q1,Rajasthan,Jodhpur,TB Control,State Health Society Rajasthan,339787,37827,100,4748,316,160,84,Health_Program
P3_66,2021,Q2,Punjab,Amritsar,Nutrition Program,Assam NRHM,335253,20366,70,1911,153,144,64,Health_Program
P3_67,2020,Q3,Odisha,Cuttack,Child Immunization,CARE India,185509,26807,57,623,756,123,82,Health_Program
P3_68,2018,Q2,Assam,Silchar,Nutrition Program,CARE India,347830,6860,128,3740,723,82,82,Health_Program
P3_69,2021,Q3,Kerala,Kochi,Malaria Control,Assam NRHM,106697,28426,241,953,757,135,98,Health_Program
P3_70,2020,Q1,Assam,Guwahati,Child Immunization,CARE India,228405,19747,147,2127,766,69,93,Health_Program
P3_71,2019,Q3,Punjab,Patiala,Maternal Health,Punjab Health Mission,308864,9802,134,4149,661,108,97,Health_Program
P3_72,2019,Q4,Assam,Silchar,Nutrition Program,NHM Odisha,209209,31062,131,120,387,89,69,Health_Program
P3_73,2019,Q1,Assam,Guwahati,Nutrition Program,UNICEF India,128762,25598,101,1374,185,155,86,Health_Program
P3_74,2019,Q4,Assam,Dibrugarh,Child Immunization,State Health Society Rajasthan,40647,29980,29,3909,427,148,72,Health_Program
P3_75,2017,Q1,Punjab,Patiala,Malaria Control,NHM Odisha,391959,6618,211,529,615,84,60,Health_Program
P3_76,2017,Q1,Rajasthan,Jaipur,TB Control,State Health Society Rajasthan,316351,38182,139,4585,337,68,88,Health_Program
P3_77,2021,Q2,Assam,Silchar,Nutrition Program,CARE India,144280,47816,122,3352,467,187,65,Health_Program
P3_78,2018,Q3,Assam,Silchar,Child Immunization,CARE India,147742,43788,114,2321,723,54,95,Health_Program
P3_79,2017,Q1,Kerala,Thrissur,Malaria Control,Kerala Health Department,144424,17716,104,4349,666,103,64,Health_Program
P3_80,2021,Q1,Odisha,Puri,Child Immunization,CARE India,285704,42968,193,2900,652,166,81,Health_Program
P3_81,2018,Q4,Rajasthan,Udaipur,Maternal Health,Assam NRHM,148436,12460,108,4211,433,52,64,Health_Program
P3_82,2020,Q2,Odisha,Puri,TB Control,State Health Society Rajasthan,266740,5813,204,4020,416,152,80,Health_Program
P3_83,2017,Q4,Assam,Dibrugarh,Nutrition Program,Assam NRHM,127302,49598,135,287,532,102,93,Health_Program
P3_84,2017,Q2,Odisha,Puri,Child Immunization,UNICEF India,287966,9516,214,4830,766,185,74,Health_Program
P3_85,2020,Q4,Punjab,Patiala,Child Immunization,NHM Odisha,365896,6965,240,4052,482,1,97,Health_Program
P3_86,2017,Q4,Punjab,Ludhiana,Malaria Control,UNICEF India,212505,14300,167,1907,705,57,88,Health_Program
P3_87,2019,Q4,Kerala,Thrissur,Nutrition Program,Punjab Health Mission,217788,41963,154,4216,573,135,80,Health_Program
P3_88,2021,Q1,Rajasthan,Jodhpur,Malaria Control,NHM Odisha,326468,45382,107,1153,100,132,85,Health_Program
P3_89,2020,Q1,Assam,Guwahati,Maternal Health,Punjab Health Mission,130693,27510,86,2142,499,91,81,Health_Program
P3_90,2021,Q3,Punjab,Amritsar,Malaria Control,Assam NRHM,327078,36197,48,1921,651,83,63,Health_Program
P3_91,2019,Q4,Odisha,Cuttack,Malaria Control,NHM Odisha,299679,46226,85,1289,118,150,88,Health_Program
P3_92,2021,Q1,Rajasthan,Jaipur,Malaria Control,Assam NRHM,328981,33273,55,3421,395,30,69,Health_Program
P3_93,2021,Q1,Kerala,Kozhikode,Child Immunization,Kerala Health Department,186651,39998,70,2075,275,79,96,Health_Program
P3_94,2018,Q1,Assam,Silchar,Child Immunization,Assam NRHM,108695,42233,214,877,437,21,70,Health_Program
P3_95,2021,Q2,Odisha,Puri,Nutrition Program,CARE India,349655,46583,65,4837,539,194,96,Health_Program
P3_96,2017,Q3,Punjab,Ludhiana,Nutrition Program,State Health Society Rajasthan,199741,6097,50,904,451,190,97,Health_Program
P3_97,2020,Q1,Punjab,Amritsar,Child Immunization,Assam NRHM,374406,44546,82,1222,121,200,66,Health_Program
P3_98,2020,Q2,Rajasthan,Udaipur,Child Immunization,Punjab Health Mission,354157,34243,29,2646,516,115,69,Health_Program
P3_99,2021,Q1,Assam,Silchar,TB Control,Punjab Health Mission,119683,46527,173,797,388,162,76,Health_Program
P3_100,2018,Q2,Assam,Silchar,Nutrition Program,UNICEF India,171703,21699,148,3498,239,156,93,Health_Program
P3_101,2019,Q2,Rajasthan,Udaipur,Maternal Health,State Health Society Rajasthan,225953,33768,77,2135,58,174,92,Health_Program
P3_102,2021,Q3,Kerala,Kochi,Malaria Control,State Health Society Rajasthan,49118,48620,237,1133,208,60,77,Health_Program
P3_103,2018,Q3,Kerala,Thrissur,Child Immunization,State Health Society Rajasthan,258176,11357,145,4363,377,195,79,Health_Program
P3_104,2020,Q2,Punjab,Ludhiana,TB Control,State Health Society Rajasthan,165813,34775,39,784,102,64,78,Health_Program
P3_105,2019,Q4,Kerala,Thrissur,Malaria Control,Kerala Health Department,105963,43960,84,3427,498,65,76,Health_Program
P3_106,2019,Q1,Odisha,Bhubaneswar,Maternal Health,CARE India,330832,15296,73,3403,752,31,71,Health_Program
P3_107,2021,Q4,Odisha,Cuttack,Malaria Control,State Health Society Rajasthan,139329,32417,37,1797,252,90,66,Health_Program
P3_108,2019,Q3,Odisha,Bhubaneswar,Nutrition Program,Assam NRHM,242025,16876,248,2149,392,165,76,Health_Program
P3_109,2020,Q4,Kerala,Thrissur,Nutrition Program,Assam NRHM,238992,23938,140,113,382,182,86,Health_Program
P3_110,2017,Q4,Assam,Guwahati,Maternal Health,NHM Odisha,141725,22142,30,2103,479,106,77,Health_Program
P3_111,2017,Q1,Punjab,Ludhiana,TB Control,CARE India,171158,21138,165,751,411,50,95,Health_Program
P3_112,2020,Q1,Assam,Guwahati,Child Immunization,State Health Society Rajasthan,343322,41967,65,1168,776,99,79,Health_Program
P3_113,2017,Q2,Punjab,Patiala,Nutrition Program,State Health Society Rajasthan,396779,19163,167,2847,666,83,72,Health_Program
P3_114,2020,Q4,Rajasthan,Jaipur,TB Control,State Health Society Rajasthan,57633,19792,233,3718,691,120,60,Health_Program
P3_115,2017,Q2,Assam,Silchar,Malaria Control,CARE India,250948,29889,242,3784,595,181,65,Health_Program
P3_116,2017,Q2,Kerala,Kozhikode,Malaria Control,UNICEF India,65250,13664,220,764,102,199,84,Health_Program
P3_117,2017,Q1,Assam,Dibrugarh,Child Immunization,UNICEF India,255857,41212,80,2595,71,100,62,Health_Program
P3_118,2018,Q3,Kerala,Kochi,Malaria Control,Punjab Health Mission,357612,9774,205,4801,326,37,64,Health_Program
P3_119,2018,Q1,Odisha,Bhubaneswar,Nutrition Program,NHM Odisha,121768,9412,28,1711,467,170,89,Health_Program
P3_120,2020,Q4,Kerala,Kochi,TB Control,Kerala Health Department,117525,49133,64,1042,249,134,85,Health_Program
P3_121,2019,Q3,Kerala,Kozhikode,Malaria Control,CARE India,367277,37470,111,1486,250,162,95,Health_Program
P3_122,2019,Q4,Punjab,Amritsar,TB Control,State Health Society Rajasthan,132896,35407,123,2184,714,57,74,Health_Program
P3_123,2021,Q4,Punjab,Ludhiana,TB Control,CARE India,331163,41352,173,4537,511,32,71,Health_Program
P3_124,2020,Q4,Punjab,Patiala,Malaria Control,CARE India,164135,8960,30,2593,780,192,71,Health_Program
P3_125,2018,Q3,Kerala,Thrissur,Child Immunization,State Health Society Rajasthan,334879,17758,187,4911,327,142,88,Health_Program
P3_126,2018,Q1,Kerala,Kochi,Child Immunization,Punjab Health Mission,105901,7369,161,1160,560,131,92,Health_Program
P3_127,2019,Q2,Kerala,Thrissur,Maternal Health,NHM Odisha,54431,22814,233,264,726,68,61,Health_Program
P3_128,2018,Q4,Rajasthan,Jodhpur,Malaria Control,CARE India,167303,12947,35,2969,658,61,85,Health_Program
P3_129,2021,Q4,Odisha,Cuttack,Malaria Control,Kerala Health Department,73474,23238,49,951,178,116,63,Health_Program
P3_130,2018,Q1,Kerala,Kozhikode,TB Control,Kerala Health Department,265143,36549,40,3265,680,62,80,Health_Program
P3_131,2017,Q4,Assam,Dibrugarh,Maternal Health,State Health Society Rajasthan,288119,24591,208,3542,636,165,97,Health_Program
P3_132,2021,Q1,Kerala,Thrissur,Child Immunization,Punjab Health Mission,165070,29456,125,2564,114,152,79,Health_Program
P3_133,2017,Q2,Kerala,Kozhikode,Malaria Control,NHM Odisha,45823,38906,114,2813,639,153,91,Health_Program
P3_134,2019,Q3,Punjab,Patiala,TB Control,Kerala Health Department,55537,44521,34,4013,163,79,69,Health_Program
P3_135,2018,Q3,Assam,Silchar,Maternal Health,Kerala Health Department,99586,12666,195,1538,281,26,65,Health_Program
P3_136,2019,Q1,Rajasthan,Jodhpur,Maternal Health,CARE India,121750,37558,164,3345,771,56,90,Health_Program
P3_137,2018,Q2,Assam,Silchar,Maternal Health,Punjab Health Mission,253976,17634,58,3144,790,199,95,Health_Program
P3_138,2019,Q1,Punjab,Patiala,Maternal Health,State Health Society Rajasthan,193183,44910,129,1214,689,61,77,Health_Program
P3_139,2017,Q3,Odisha,Bhubaneswar,TB Control,Assam NRHM,128662,11121,43,2795,115,40,74,Health_Program
P3_140,2017,Q2,Odisha,Cuttack,TB Control,CARE India,199643,8427,80,3261,278,82,61,Health_Program
P3_141,2018,Q1,Punjab,Amritsar,Child Immunization,Kerala Health Department,126828,31156,206,1196,405,176,87,Health_Program
P3_142,2017,Q4,Punjab,Amritsar,Malaria Control,NHM Odisha,395547,29237,41,126,383,129,71,Health_Program
P3_143,2021,Q2,Rajasthan,Jaipur,Nutrition Program,NHM Odisha,195746,12706,101,3290,459,19,92,Health_Program
P3_144,2019,Q4,Punjab,Amritsar,TB Control,NHM Odisha,83107,10750,89,3844,750,69,75,Health_Program
P3_145,2019,Q3,Punjab,Ludhiana,Child Immunization,Kerala Health Department,353918,21571,223,2435,485,79,77,Health_Program
P3_146,2019,Q2,Assam,Dibrugarh,Child Immunization,UNICEF India,245902,24676,155,4781,461,102,85,Health_Program
P3_147,2021,Q4,Assam,Silchar,TB Control,NHM Odisha,314001,33692,241,701,717,159,91,Health_Program
P3_148,2021,Q2,Rajasthan,Udaipur,Maternal Health,Kerala Health Department,109296,27835,106,262,488,179,70,Health_Program
P3_149,2018,Q3,Kerala,Kochi,TB Control,CARE India,64118,49419,21,1335,370,56,77,Health_Program
P3_150,2017,Q3,Kerala,Thrissur,Malaria Control,Kerala Health Department,228710,13393,36,3908,226,3,76,Health_Program
P3_151,2017,Q3,Odisha,Bhubaneswar,Maternal Health,Punjab Health Mission,289951,46928,71,659,499,103,68,Health_Program
P3_152,2021,Q3,Assam,Silchar,TB Control,UNICEF India,263167,19083,161,3145,693,142,77,Health_Program
P3_153,2019,Q2,Assam,Dibrugarh,Malaria Control,Kerala Health Department,97904,47173,128,3620,260,4,65,Health_Program
P3_154,2018,Q3,Punjab,Amritsar,Malaria Control,Punjab Health Mission,118379,14462,71,2147,120,55,86,Health_Program
P3_155,2020,Q1,Kerala,Kozhikode,Maternal Health,State Health Society Rajasthan,88131,22115,142,111,498,178,94,Health_Program
P3_156,2021,Q2,Rajasthan,Jodhpur,Nutrition Program,State Health Society Rajasthan,101893,37806,246,1927,247,88,69,Health_Program
P3_157,2017,Q4,Assam,Guwahati,TB Control,NHM Odisha,236713,37829,243,1076,696,26,92,Health_Program
P3_158,2020,Q4,Odisha,Puri,Malaria Control,NHM Odisha,213794,35152,83,1816,502,162,71,Health_Program
P3_159,2020,Q3,Assam,Dibrugarh,Malaria Control,UNICEF India,299117,24577,183,4638,525,15,69,Health_Program
P3_160,2020,Q4,Assam,Dibrugarh,Malaria Control,Punjab Health Mission,223650,23957,141,2969,775,185,68,Health_Program
P3_161,2018,Q1,Odisha,Cuttack,Child Immunization,UNICEF India,87793,27997,68,2711,504,70,95,Health_Program
P3_162,2019,Q2,Assam,Silchar,Maternal Health,NHM Odisha,249810,21717,51,855,452,111,71,Health_Program
P3_163,2017,Q3,Rajasthan,Udaipur,Child Immunization,CARE India,180978,28722,177,926,799,13,95,Health_Program
P3_164,2017,Q2,Punjab,Patiala,TB Control,CARE India,349763,33585,71,670,642,146,68,Health_Program
P3_165,2019,Q1,Rajasthan,Udaipur,TB Control,NHM Odisha,273652,46693,115,1743,538,48,81,Health_Program
P3_166,2019,Q4,Rajasthan,Jodhpur,Malaria Control,Punjab Health Mission,111370,26666,95,930,468,120,84,Health_Program
P3_167,2017,Q4,Kerala,Kochi,Maternal Health,CARE India,324497,34609,126,2918,301,171,61,Health_Program
P3_168,2017,Q1,Kerala,Kozhikode,Maternal Health,CARE India,286369,37523,98,120,351,134,77,Health_Program
P3_169,2018,Q4,Assam,Silchar,Child Immunization,NHM Odisha,361326,49111,175,612,98,189,86,Health_Program
P3_170,2020,Q3,Punjab,Patiala,TB Control,Assam NRHM,323948,40477,68,190,309,188,73,Health_Program
P3_171,2018,Q1,Odisha,Bhubaneswar,Nutrition Program,Assam NRHM,220403,35598,53,903,707,149,81,Health_Program
P3_172,2018,Q2,Punjab,Amritsar,Maternal Health,NHM Odisha,370155,7324,158,4690,119,104,78,Health_Program
P3_173,2021,Q1,Rajasthan,Jaipur,TB Control,UNICEF India,104977,22007,171,2372,458,166,81,Health_Program
P3_174,2018,Q4,Kerala,Kozhikode,Child Immunization,UNICEF India,266147,5639,43,436,142,111,77,Health_Program
P3_175,2018,Q4,Punjab,Amritsar,Child Immunization,State Health Society Rajasthan,368933,37183,181,142,499,128,70,Health_Program
P3_176,2020,Q4,Kerala,Thrissur,Nutrition Program,CARE India,386737,6684,184,1174,678,87,85,Health_Program
P3_177,2018,Q2,Kerala,Thrissur,TB Control,State Health Society Rajasthan,157477,24951,217,4720,200,185,79,Health_Program
P3_178,2017,Q3,Rajasthan,Jodhpur,Child Immunization,State Health Society Rajasthan,182037,10417,225,643,780,83,69,Health_Program
P3_179,2021,Q4,Punjab,Amritsar,Nutrition Program,CARE India,117431,8912,233,4984,319,180,95,Health_Program
P4_0,2016,Q3,Punjab,Amritsar,Maternal Health,State Health Society Rajasthan,369785,43781,120,4387,436,4,77,Health_Program
P4_1,2016,Q3,Punjab,Ludhiana,Malaria Control,CARE India,306504,41493,166,3034,778,137,61,Health_Program
P4_2,2015,Q4,Punjab,Amritsar,Child Immunization,UNICEF India,195238,11074,196,358,589,37,83,Health_Program
P4_3,2015,Q1,Rajasthan,Jaipur,Nutrition Program,CARE India,104674,19575,24,949,787,39,97,Health_Program
P4_4,2016,Q4,Assam,Guwahati,Malaria Control,Assam NRHM,374630,34061,63,926,383,83,80,Health_Program
P4_5,2017,Q2,Punjab,Patiala,Child Immunization,NHM Odisha,384050,15533,166,3700,91,130,67,Health_Program
P4_6,2016,Q2,Assam,Dibrugarh,Maternal Health,NHM Odisha,47356,25824,26,1191,406,14,84,Health_Program
P4_7,2015,Q1,Kerala,Kozhikode,Child Immunization,Assam NRHM,339085,39478,207,2136,73,30,62,Health_Program
P4_8,2015,Q1,Odisha,Cuttack,Malaria Control,Kerala Health Department,204147,30752,196,416,704,180,81,Health_Program
P4_9,2016,Q4,Assam,Guwahati,Nutrition Program,UNICEF India,74321,38641,229,3652,123,144,94,Health_Program
P4_10,2017,Q3,Odisha,Puri,Child Immunization,Kerala Health Department,352056,8395,134,287,313,37,63,Health_Program
P4_11,2016,Q1,Assam,Dibrugarh,Maternal Health,UNICEF India,266656,6677,150,4293,537,162,73,Health_Program
P4_12,2016,Q1,Odisha,Bhubaneswar,Maternal Health,CARE India,176303,38244,80,1771,442,164,65,Health_Program
P4_13,2017,Q2,Rajasthan,Udaipur,Maternal Health,State Health Society Rajasthan,138426,31577,199,377,650,62,66,Health_Program
P4_14,2017,Q3,Punjab,Amritsar,Nutrition Program,State Health Society Rajasthan,253872,23247,198,3834,301,140,75,Health_Program
P4_15,2017,Q3,Rajasthan,Jodhpur,TB Control,CARE India,308202,13748,37,2359,768,9,89,Health_Program
P4_16,2016,Q1,Rajasthan,Jodhpur,Nutrition Program,CARE India,319279,26583,201,1115,396,19,85,Health_Program
P4_17,2016,Q1,Odisha,Bhubaneswar,TB Control,UNICEF India,361390,5952,91,4369,756,118,97,Health_Program
P4_18,2015,Q1,Odisha,Bhubaneswar,Nutrition Program,Kerala Health Department,229597,14579,215,2590,559,33,92,Health_Program
P4_19,2015,Q4,Kerala,Kozhikode,TB Control,State Health Society Rajasthan,70209,25945,76,2433,184,11,69,Health_Program
P4_20,2016,Q3,Kerala,Kochi,TB Control,Assam NRHM,131012,41638,197,2748,284,111,92,Health_Program
P4_21,2017,Q4,Rajasthan,Jodhpur,Child Immunization,Punjab Health Mission,314543,18925,172,1297,165,138,68,Health_Program
P4_22,2015,Q1,Assam,Guwahati,TB Control,State Health Society Rajasthan,143444,43000,239,2207,479,160,70,Health_Program
P4_23,2016,Q1,Rajasthan,Jaipur,Malaria Control,State Health Society Rajasthan,385378,47734,117,3469,52,164,95,Health_Program
P4_24,2017,Q1,Punjab,Amritsar,Malaria Control,CARE India,292039,16663,57,1053,106,58,96,Health_Program
P4_25,2017,Q3,Punjab,Ludhiana,TB Control,Kerala Health Department,43705,33109,96,4188,650,16,78,Health_Program
P4_26,2015,Q4,Assam,Guwahati,Child Immunization,Punjab Health Mission,142082,25815,66,4543,110,185,72,Health_Program
P4_27,2017,Q2,Odisha,Puri,Maternal Health,NHM Odisha,221251,8705,80,3800,250,31,98,Health_Program
P4_28,2015,Q4,Odisha,Puri,TB Control,Punjab Health Mission,180157,13524,135,711,276,70,79,Health_Program
P4_29,2015,Q2,Rajasthan,Jodhpur,Malaria Control,State Health Society Rajasthan,188654,24668,241,1376,493,51,75,Health_Program
P4_30,2017,Q3,Kerala,Thrissur,Nutrition Program,NHM Odisha,156118,26741,115,581,625,134,80,Health_Program
P4_31,2016,Q4,Punjab,Patiala,TB Control,State Health Society Rajasthan,350462,8531,37,213,288,35,77,Health_Program
P4_32,2017,Q3,Punjab,Amritsar,TB Control,NHM Odisha,146226,37416,155,3951,783,65,93,Health_Program
P4_33,2016,Q1,Kerala,Thrissur,Nutrition Program,CARE India,317338,16539,184,1437,691,20,66,Health_Program
P4_34,2017,Q4,Odisha,Bhubaneswar,Child Immunization,CARE India,317782,43376,234,494,518,136,81,Health_Program
P4_35,2016,Q2,Assam,Dibrugarh,Child Immunization,CARE India,187916,38243,20,132,642,0,76,Health_Program
P4_36,2015,Q1,Kerala,Kozhikode,TB Control,CARE India,44203,41872,23,3385,768,94,84,Health_Program
P4_37,2015,Q1,Assam,Silchar,Child Immunization,Kerala Health Department,157754,42253,29,4612,394,71,88,Health_Program
P4_38,2016,Q3,Assam,Guwahati,Nutrition Program,UNICEF India,365346,20239,129,2178,160,85,61,Health_Program
P4_39,2016,Q4,Punjab,Ludhiana,TB Control,Kerala Health Department,301984,37430,197,1803,83,48,85,Health_Program
P4_40,2017,Q3,Punjab,Amritsar,TB Control,CARE India,180910,48586,73,3625,535,115,87,Health_Program
P4_41,2016,Q3,Kerala,Kochi,Malaria Control,Punjab Health Mission,131193,16348,169,3345,363,75,67,Health_Program
P4_42,2017,Q1,Assam,Guwahati,Maternal Health,Assam NRHM,48381,19659,147,2795,80,197,90,Health_Program
P4_43,2015,Q2,Kerala,Thrissur,Malaria Control,NHM Odisha,216732,14056,213,3842,260,129,64,Health_Program
P4_44,2016,Q3,Kerala,Thrissur,TB Control,UNICEF India,369012,40911,132,3621,191,102,91,Health_Program
P4_45,2015,Q2,Kerala,Kochi,Maternal Health,UNICEF India,252154,13844,248,4548,156,119,92,Health_Program
P4_46,2017,Q1,Odisha,Cuttack,Child Immunization,Punjab Health Mission,117869,9570,146,1433,79,119,71,Health_Program
P4_47,2017,Q4,Punjab,Patiala,Nutrition Program,NHM Odisha,49099,30587,239,4635,605,44,96,Health_Program
P4_48,2016,Q3,Odisha,Cuttack,Nutrition Program,Punjab Health Mission,165731,38341,203,2545,410,46,71,Health_Program
P4_49,2015,Q2,Odisha,Cuttack,TB Control,CARE India,270272,43040,194,1761,680,94,69,Health_Program
P4_50,2015,Q2,Kerala,Kochi,TB Control,Assam NRHM,56288,26989,141,1542,537,136,92,Health_Program
P4_51,2015,Q4,Assam,Silchar,Child Immunization,CARE India,139432,24242,92,3460,381,120,84,Health_Program
P4_52,2016,Q3,Kerala,Thrissur,Nutrition Program,Kerala Health Department,375980,12324,200,2160,645,16,66,Health_Program
P4_53,2015,Q2,Punjab,Amritsar,Child Immunization,UNICEF India,208357,7564,116,1072,99,10,93,Health_Program
P4_54,2017,Q4,Assam,Dibrugarh,Nutrition Program,CARE India,371306,29343,179,3703,557,131,65,Health_Program
P4_55,2017,Q2,Kerala,Thrissur,Malaria Control,UNICEF India,353540,31835,125,3108,539,119,89,Health_Program
P4_56,2017,Q1,Kerala,Kochi,Nutrition Program,Punjab Health Mission,298549,43847,75,2371,115,170,83,Health_Program
P4_57,2015,Q1,Kerala,Kochi,Nutrition Program,Punjab Health Mission,77153,46794,130,4309,374,189,88,Health_Program
P4_58,2017,Q1,Odisha,Cuttack,Malaria Control,Assam NRHM,133625,49884,246,3802,277,145,85,Health_Program
P4_59,2016,Q3,Kerala,Kochi,Maternal Health,Assam NRHM,142100,43459,55,1527,438,152,73,Health_Program
P4_60,2016,Q4,Kerala,Kochi,TB Control,Punjab Health Mission,313383,20248,225,3489,643,102,84,Health_Program
P4_61,2017,Q3,Rajasthan,Jodhpur,Child Immunization,Punjab Health Mission,177439,39077,208,4628,265,80,83,Health_Program
P4_62,2017,Q1,Assam,Guwahati,Malaria Control,NHM Odisha,231081,43887,237,2357,354,115,83,Health_Program
P4_63,2017,Q1,Rajasthan,Udaipur,Malaria Control,CARE India,394783,23059,239,1854,78,89,97,Health_Program
P4_64,2015,Q2,Odisha,Bhubaneswar,Maternal Health,Punjab Health Mission,69797,45678,20,1320,698,87,84,Health_Program
P4_65,2016,Q1,Kerala,Thrissur,Child Immunization,State Health Society Rajasthan,305052,21593,204,2673,682,122,78,Health_Program
P4_66,2017,Q2,Punjab,Patiala,Malaria Control,UNICEF India,299858,38869,131,2995,292,157,78,Health_Program
P4_67,2017,Q4,Odisha,Puri,Nutrition Program,Punjab Health Mission,225092,22422,193,3065,169,183,60,Health_Program
P4_68,2015,Q2,Rajasthan,Jaipur,Maternal Health,CARE India,239659,27494,247,4834,585,133,78,Health_Program
P4_69,2015,Q4,Odisha,Bhubaneswar,Child Immunization,UNICEF India,99729,16488,86,3239,665,195,74,Health_Program
P4_70,2015,Q3,Punjab,Patiala,TB Control,Punjab Health Mission,359571,31998,98,989,680,28,82,Health_Program
P4_71,2017,Q2,Kerala,Kochi,Nutrition Program,UNICEF India,397333,42779,195,2078,457,122,77,Health_Program
P4_72,2015,Q3,Assam,Dibrugarh,Child Immunization,Punjab Health Mission,382442,11555,115,4055,287,39,71,Health_Program
P4_73,2015,Q4,Odisha,Cuttack,Maternal Health,NHM Odisha,75943,44521,60,1095,384,28,71,Health_Program
P4_74,2016,Q4,Punjab,Patiala,Malaria Control,State Health Society Rajasthan,179057,43559,108,2465,742,108,80,Health_Program
P4_75,2016,Q1,Punjab,Amritsar,TB Control,UNICEF India,208751,7985,35,2074,545,70,77,Health_Program
P4_76,2015,Q3,Kerala,Thrissur,TB Control,Kerala Health Department,293296,49871,197,352,458,80,94,Health_Program
P4_77,2017,Q3,Kerala,Thrissur,TB Control,Kerala Health Department,138766,14713,232,3984,642,140,81,Health_Program
P4_78,2016,Q3,Assam,Silchar,Malaria Control,NHM Odisha,263868,46003,134,1798,666,11,75,Health_Program
P4_79,2016,Q2,Kerala,Kochi,Child Immunization,NHM Odisha,265655,30483,145,4040,102,7,78,Health_Program
P4_80,2017,Q2,Punjab,Patiala,Child Immunization,NHM Odisha,341055,12958,119,2599,212,177,65,Health_Program
P4_81,2016,Q3,Kerala,Kozhikode,Nutrition Program,UNICEF India,196636,7453,127,4474,662,164,65,Health_Program
P4_82,2016,Q3,Rajasthan,Jaipur,Nutrition Program,CARE India,223673,10899,59,1867,275,166,68,Health_Program
P4_83,2016,Q2,Assam,Silchar,Child Immunization,Punjab Health Mission,86774,22697,103,2594,363,60,76,Health_Program
P4_84,2017,Q2,Kerala,Thrissur,Malaria Control,State Health Society Rajasthan,266061,12489,154,3290,522,21,68,Health_Program
P4_85,2016,Q4,Assam,Silchar,TB Control,NHM Odisha,253322,46754,157,4325,694,59,82,Health_Program
P4_86,2016,Q1,Punjab,Amritsar,Child Immunization,Assam NRHM,389089,8661,196,4633,457,70,67,Health_Program
P4_87,2015,Q1,Odisha,Puri,Maternal Health,CARE India,350894,46220,118,1647,338,67,98,Health_Program
P4_88,2017,Q1,Assam,Dibrugarh,Nutrition Program,Assam NRHM,102061,33928,55,132,307,148,68,Health_Program
P4_89,2017,Q1,Rajasthan,Jodhpur,Child Immunization,State Health Society Rajasthan,338442,46583,49,2781,522,54,88,Health_Program
P4_90,2017,Q3,Odisha,Puri,Nutrition Program,State Health Society Rajasthan,173903,45837,113,2005,61,150,68,Health_Program
P4_91,2017,Q4,Assam,Dibrugarh,Maternal Health,CARE India,129394,18208,75,3501,655,57,65,Health_Program
P4_92,2016,Q1,Assam,Silchar,Malaria Control,State Health Society Rajasthan,172253,46604,245,3405,61,97,69,Health_Program
P4_93,2017,Q1,Odisha,Puri,TB Control,NHM Odisha,187512,21335,238,2902,236,200,62,Health_Program
P4_94,2017,Q2,Odisha,Puri,Nutrition Program,CARE India,277132,16119,237,4026,653,91,80,Health_Program
P4_95,2015,Q3,Odisha,Puri,Maternal Health,NHM Odisha,190920,21574,227,3289,329,146,77,Health_Program
P4_96,2015,Q3,Odisha,Cuttack,Nutrition Program,UNICEF India,370050,43968,141,3686,494,78,95,Health_Program
P4_97,2016,Q1,Odisha,Cuttack,Nutrition Program,State Health Society Rajasthan,368993,21689,59,3384,675,6,60,Health_Program
P4_98,2015,Q1,Assam,Guwahati,Nutrition Program,Assam NRHM,221953,17202,115,2797,611,61,79,Health_Program
P4_99,2017,Q1,Assam,Dibrugarh,Child Immunization,Assam NRHM,234700,12265,166,3030,756,64,84,Health_Program
P4_100,2017,Q3,Punjab,Ludhiana,Nutrition Program,State Health Society Rajasthan,188907,14044,214,1140,133,147,80,Health_Program
P4_101,2015,Q2,Punjab,Ludhiana,Malaria Control,NHM Odisha,148698,24663,158,4826,225,58,85,Health_Program
P4_102,2017,Q4,Assam,Silchar,Nutrition Program,UNICEF India,296156,37128,78,912,78,112,71,Health_Program
P4_103,2016,Q2,Kerala,Kozhikode,TB Control,Assam NRHM,50309,48624,196,818,61,40,86,Health_Program
P4_104,2016,Q2,Punjab,Amritsar,Malaria Control,Assam NRHM,295514,25250,250,2904,632,8,81,Health_Program
P4_105,2016,Q3,Kerala,Thrissur,Nutrition Program,UNICEF India,380963,29422,177,2957,279,199,71,Health_Program
P4_106,2016,Q1,Punjab,Amritsar,Maternal Health,CARE India,80623,21453,217,2626,554,166,83,Health_Program
P4_107,2015,Q1,Kerala,Thrissur,Nutrition Program,Kerala Health Department,387432,36699,113,2838,86,188,60,Health_Program
P4_108,2015,Q3,Kerala,Thrissur,TB Control,NHM Odisha,134973,12883,136,1748,73,170,66,Health_Program
P4_109,2016,Q3,Kerala,Kochi,Nutrition Program,UNICEF India,345519,36405,59,684,195,9,67,Health_Program
P4_110,2015,Q1,Kerala,Kozhikode,Child Immunization,UNICEF India,353514,12376,136,2152,314,84,72,Health_Program
P4_111,2017,Q4,Punjab,Patiala,Maternal Health,Assam NRHM,109152,45609,161,2103,778,108,76,Health_Program
P4_112,2016,Q2,Punjab,Amritsar,Child Immunization,Kerala Health Department,274678,24509,153,4138,608,177,95,Health_Program
P4_113,2015,Q4,Rajasthan,Jaipur,Child Immunization,Assam NRHM,110521,30109,238,3536,646,103,64,Health_Program
P4_114,2016,Q3,Kerala,Thrissur,Child Immunization,NHM Odisha,64019,48923,116,2569,773,175,82,Health_Program
P4_115,2017,Q4,Assam,Silchar,Malaria Control,Kerala Health Department,291748,8331,212,324,154,133,73,Health_Program
P4_116,2016,Q3,Punjab,Patiala,Maternal Health,UNICEF India,159640,39306,95,1925,286,117,93,Health_Program
P4_117,2016,Q4,Punjab,Amritsar,TB Control,CARE India,87475,39698,240,1620,795,72,64,Health_Program
P4_118,2017,Q1,Odisha,Puri,Nutrition Program,Kerala Health Department,41605,31763,87,4904,314,29,67,Health_Program
P4_119,2016,Q4,Punjab,Amritsar,Child Immunization,Punjab Health Mission,396617,36659,198,1606,218,32,72,Health_Program
P4_120,2016,Q1,Rajasthan,Jaipur,Nutrition Program,State Health Society Rajasthan,374639,38333,139,3650,97,175,92,Health_Program
P4_121,2016,Q4,Punjab,Patiala,Nutrition Program,Assam NRHM,229723,28874,124,4579,417,159,60,Health_Program
P4_122,2016,Q3,Odisha,Puri,Maternal Health,Punjab Health Mission,389245,10310,60,2203,473,120,76,Health_Program
P4_123,2017,Q2,Odisha,Puri,Child Immunization,Assam NRHM,243713,36049,231,3771,704,135,61,Health_Program
P4_124,2016,Q2,Odisha,Cuttack,Maternal Health,CARE India,85220,9353,30,2578,118,144,73,Health_Program
P4_125,2015,Q3,Kerala,Thrissur,TB Control,Assam NRHM,191864,26556,159,3778,386,84,81,Health_Program
P4_126,2016,Q4,Kerala,Thrissur,Child Immunization,UNICEF India,202981,18707,46,2361,55,159,73,Health_Program
P4_127,2016,Q2,Punjab,Amritsar,Maternal Health,Kerala Health Department,331180,26712,191,1745,541,163,96,Health_Program
P4_128,2017,Q3,Odisha,Bhubaneswar,Child Immunization,Kerala Health Department,225886,45212,144,4663,572,26,69,Health_Program
P4_129,2016,Q4,Kerala,Kochi,Maternal Health,Punjab Health Mission,325897,9226,198,4695,358,3,98,Health_Program
P4_130,2016,Q4,Assam,Dibrugarh,Child Immunization,CARE India,315809,49156,243,249,503,120,87,Health_Program
P4_131,2017,Q1,Assam,Dibrugarh,Nutrition Program,Kerala Health Department,179039,48495,172,3947,452,11,71,Health_Program
P4_132,2017,Q3,Punjab,Ludhiana,Maternal Health,NHM Odisha,132836,35373,107,4724,710,144,97,Health_Program
P4_133,2017,Q2,Kerala,Kozhikode,Maternal Health,NHM Odisha,250629,14364,168,2483,573,109,63,Health_Program
P4_134,2015,Q2,Odisha,Cuttack,Malaria Control,UNICEF India,40472,14181,248,4588,538,126,82,Health_Program
P4_135,2017,Q1,Assam,Guwahati,Child Immunization,State Health Society Rajasthan,317568,48288,229,2369,592,69,80,Health_Program
P4_136,2017,Q4,Punjab,Amritsar,Child Immunization,Assam NRHM,293056,42548,222,1644,453,21,75,Health_Program
P4_137,2015,Q2,Punjab,Ludhiana,Maternal Health,State Health Society Rajasthan,45136,28163,217,431,554,19,95,Health_Program
P4_138,2017,Q1,Odisha,Bhubaneswar,TB Control,State Health Society Rajasthan,162554,40552,79,4826,669,176,68,Health_Program
P4_139,2017,Q3,Kerala,Kochi,TB Control,Kerala Health Department,45680,10380,181,2359,269,102,66,Health_Program
P4_140,2017,Q4,Kerala,Kochi,Nutrition Program,NHM Odisha,53236,5205,23,3052,445,45,74,Health_Program
P4_141,2017,Q4,Assam,Dibrugarh,Nutrition Program,CARE India,333767,32199,203,3445,271,89,80,Health_Program
P4_142,2016,Q1,Odisha,Puri,Nutrition Program,Kerala Health Department,240193,36258,167,473,266,2,71,Health_Program
P4_143,2016,Q2,Rajasthan,Jodhpur,Nutrition Program,Punjab Health Mission,179929,34696,148,495,504,90,87,Health_Program
P4_144,2017,Q2,Odisha,Cuttack,TB Control,Punjab Health Mission,303275,37989,42,4727,349,156,75,Health_Program
P4_145,2015,Q1,Kerala,Kozhikode,Malaria Control,UNICEF India,190069,37591,99,1609,225,163,70,Health_Program
P4_146,2016,Q3,Punjab,Amritsar,TB Control,Punjab Health Mission,54078,47200,105,3967,458,37,95,Health_Program
P4_147,2016,Q1,Punjab,Patiala,Child Immunization,Assam NRHM,75756,24500,29,976,159,157,73,Health_Program
P4_148,2015,Q3,Kerala,Kozhikode,Nutrition Program,NHM Odisha,49600,40893,132,278,402,8,91,Health_Program
P4_149,2015,Q1,Odisha,Cuttack,TB Control,Assam NRHM,256928,18435,192,4708,528,91,81,Health_Program
P4_150,2016,Q2,Punjab,Ludhiana,Malaria Control,State Health Society Rajasthan,40661,24752,134,1947,675,100,96,Health_Program
P4_151,2015,Q4,Odisha,Puri,TB Control,Kerala Health Department,222515,37823,153,2654,341,76,91,Health_Program
P4_152,2017,Q1,Rajasthan,Jodhpur,Maternal Health,State Health Society Rajasthan,175556,41389,87,366,670,185,88,Health_Program
P4_153,2015,Q2,Assam,Dibrugarh,Nutrition Program,UNICEF India,65173,15385,155,2180,266,58,94,Health_Program
P4_154,2015,Q1,Punjab,Amritsar,Malaria Control,Kerala Health Department,200729,25032,210,4226,677,88,92,Health_Program
P4_155,2017,Q1,Kerala,Kochi,Maternal Health,Punjab Health Mission,136406,11267,83,4047,397,134,72,Health_Program
P4_156,2016,Q1,Kerala,Kochi,Maternal Health,NHM Odisha,203074,12740,89,4923,519,59,75,Health_Program
P4_157,2017,Q2,Kerala,Kochi,Maternal Health,Kerala Health Department,52865,33870,217,2003,623,169,96,Health_Program
P4_158,2017,Q3,Kerala,Kochi,Malaria Control,CARE India,384122,16178,247,775,298,189,78,Health_Program
P4_159,2017,Q1,Kerala,Thrissur,TB Control,Assam NRHM,126335,28166,216,2569,207,74,77,Health_Program
P4_160,2016,Q4,Kerala,Kozhikode,Child Immunization,Kerala Health Department,153057,32122,153,4421,483,130,82,Health_Program
P4_161,2017,Q1,Punjab,Patiala,Maternal Health,Punjab Health Mission,173614,14094,204,962,665,54,79,Health_Program
P4_162,2016,Q1,Punjab,Amritsar,Nutrition Program,Assam NRHM,358456,31104,236,2092,83,36,89,Health_Program
P4_163,2015,Q2,Odisha,Puri,Maternal Health,NHM Odisha,304322,10055,219,2588,581,85,70,Health_Program
P4_164,2016,Q4,Odisha,Puri,Maternal Health,Assam NRHM,236533,14624,60,2397,240,122,64,Health_Program
P4_165,2015,Q3,Assam,Guwahati,Child Immunization,NHM Odisha,234259,41679,202,1822,170,20,86,Health_Program
P4_166,2017,Q3,Assam,Dibrugarh,TB Control,CARE India,321962,16296,194,2097,204,88,98,Health_Program
P4_167,2016,Q4,Kerala,Kochi,TB Control,State Health Society Rajasthan,127961,42918,151,3857,361,190,80,Health_Program
P4_168,2015,Q3,Punjab,Ludhiana,Nutrition Program,NHM Odisha,102953,34365,118,1745,444,173,96,Health_Program
P4_169,2017,Q4,Kerala,Kozhikode,TB Control,CARE India,58602,21256,97,3806,127,154,63,Health_Program
P4_170,2016,Q1,Kerala,Kozhikode,Nutrition Program,UNICEF India,149856,41859,125,3472,238,117,79,Health_Program
P4_171,2017,Q4,Punjab,Amritsar,Maternal Health,UNICEF India,184795,8776,212,1324,739,194,88,Health_Program
P4_172,2016,Q2,Assam,Dibrugarh,Malaria Control,NHM Odisha,227948,30608,134,3640,461,129,98,Health_Program
P4_173,2016,Q4,Punjab,Ludhiana,Malaria Control,CARE India,387782,17293,212,919,152,47,93,Health_Program
P4_174,2017,Q2,Kerala,Kozhikode,Nutrition Program,State Health Society Rajasthan,278822,26277,73,2756,488,166,64,Health_Program
P4_175,2017,Q2,Rajasthan,Jaipur,TB Control,Assam NRHM,208592,27944,135,2896,166,128,61,Health_Program
P4_176,2016,Q3,Punjab,Patiala,Nutrition Program,CARE India,119980,42526,231,4363,568,60,86,Health_Program
P4_177,2016,Q3,Punjab,Ludhiana,Malaria Control,NHM Odisha,179119,15993,52,166,370,65,70,Health_Program
P4_178,2017,Q3,Odisha,Puri,Malaria Control,State Health Society Rajasthan,221705,12665,148,544,357,19,61,Health_Program
P4_179,2016,Q3,Punjab,Ludhiana,Child Immunization,UNICEF India,395734,37583,236,3048,652,59,96,Health_Program
P5_0,2022,Q1,Punjab,Patiala,Child Immunization,Assam NRHM,45765,38159,163,3933,82,70,79,Health_Program
P5_1,2021,Q1,Rajasthan,Udaipur,TB Control,UNICEF India,346544,39238,224,4186,346,188,77,Health_Program
P5_2,2022,Q4,Odisha,Bhubaneswar,Child Immunization,Assam NRHM,333450,18755,196,4332,392,164,82,Health_Program
P5_3,2020,Q1,Punjab,Amritsar,Nutrition Program,CARE India,306077,38735,96,4743,788,99,82,Health_Program
P5_4,2022,Q4,Kerala,Thrissur,Nutrition Program,NHM Odisha,377510,39829,94,2584,383,184,79,Health_Program
P5_5,2021,Q1,Assam,Dibrugarh,Malaria Control,CARE India,57389,45801,42,1686,524,175,82,Health_Program
P5_6,2024,Q1,Punjab,Patiala,Maternal Health,State Health Society Rajasthan,117832,44012,131,1618,593,23,87,Health_Program
P5_7,2021,Q3,Rajasthan,Jaipur,Malaria Control,NHM Odisha,100457,30058,137,3300,377,28,95,Health_Program
P5_8,2023,Q4,Assam,Guwahati,TB Control,Assam NRHM,271467,45609,190,3893,259,174,60,Health_Program
P5_9,2023,Q4,Assam,Guwahati,Maternal Health,State Health Society Rajasthan,222886,8621,174,3887,154,69,62,Health_Program
P5_10,2021,Q4,Punjab,Patiala,Malaria Control,Kerala Health Department,55401,48371,91,3612,732,114,84,Health_Program
P5_11,2023,Q3,Odisha,Puri,Maternal Health,Punjab Health Mission,361593,45469,172,164,127,123,83,Health_Program
P5_12,2024,Q3,Assam,Dibrugarh,Maternal Health,CARE India,316476,14914,32,2306,395,161,89,Health_Program
P5_13,2025,Q4,Punjab,Amritsar,Maternal Health,NHM Odisha,59732,25913,83,3813,120,17,90,Health_Program
P5_14,2025,Q4,Kerala,Thrissur,Maternal Health,Assam NRHM,308402,19675,152,2753,226,147,79,Health_Program
P5_15,2022,Q3,Rajasthan,Jodhpur,TB Control,Punjab Health Mission,222544,43022,117,4861,59,108,66,Health_Program
P5_16,2024,Q3,Punjab,Patiala,Malaria Control,State Health Society Rajasthan,97972,34832,200,2625,584,109,93,Health_Program
P5_17,2023,Q2,Odisha,Bhubaneswar,Malaria Control,Punjab Health Mission,222537,11483,177,2351,636,114,96,Health_Program
P5_18,2022,Q1,Punjab,Amritsar,Nutrition Program,Punjab Health Mission,158791,6625,233,816,569,143,86,Health_Program
P5_19,2022,Q3,Odisha,Puri,Child Immunization,NHM Odisha,176477,16785,248,3528,371,182,87,Health_Program
P5_20,2025,Q2,Rajasthan,Udaipur,Nutrition Program,CARE India,363379,28065,60,875,262,55,83,Health_Program
P5_21,2023,Q4,Assam,Silchar,Maternal Health,CARE India,226034,45829,132,828,713,16,74,Health_Program
P5_22,2021,Q2,Kerala,Thrissur,Maternal Health,CARE India,121713,15140,88,3954,720,188,67,Health_Program
P5_23,2024,Q4,Kerala,Thrissur,Malaria Control,State Health Society Rajasthan,372234,26847,110,3739,439,131,90,Health_Program
P5_24,2021,Q4,Kerala,Kochi,Maternal Health,Punjab Health Mission,139025,40225,30,1715,177,47,92,Health_Program
P5_25,2021,Q4,Punjab,Ludhiana,Nutrition Program,Punjab Health Mission,391508,16658,81,3891,706,71,97,Health_Program
P5_26,2020,Q2,Rajasthan,Jodhpur,TB Control,NHM Odisha,167665,49127,88,128,454,181,80,Health_Program
P5_27,2025,Q1,Rajasthan,Jaipur,Malaria Control,Assam NRHM,51681,26909,217,1172,780,15,64,Health_Program
P5_28,2021,Q2,Punjab,Ludhiana,Nutrition Program,NHM Odisha,72886,9181,96,3422,232,191,98,Health_Program
P5_29,2025,Q1,Odisha,Cuttack,Malaria Control,Assam NRHM,226326,8076,214,1729,664,123,72,Health_Program
P5_30,2025,Q2,Odisha,Cuttack,Maternal Health,CARE India,162443,46385,84,1839,737,69,64,Health_Program
P5_31,2020,Q1,Odisha,Puri,TB Control,UNICEF India,335460,22238,225,3637,221,43,75,Health_Program
P5_32,2020,Q2,Punjab,Amritsar,TB Control,Kerala Health Department,303851,14811,52,3088,249,94,91,Health_Program
P5_33,2023,Q4,Punjab,Patiala,Malaria Control,Kerala Health Department,117137,26283,141,4616,566,86,62,Health_Program
P5_34,2023,Q2,Kerala,Thrissur,Child Immunization,NHM Odisha,151366,29904,100,1838,309,4,95,Health_Program
P5_35,2021,Q3,Odisha,Puri,Maternal Health,UNICEF India,57152,35110,22,3709,606,179,85,Health_Program
P5_36,2021,Q3,Assam,Silchar,Nutrition Program,State Health Society Rajasthan,69129,38967,113,3706,572,14,75,Health_Program
P5_37,2021,Q1,Assam,Guwahati,Maternal Health,Assam NRHM,327922,48900,160,1781,753,62,74,Health_Program
P5_38,2024,Q4,Odisha,Cuttack,Malaria Control,State Health Society Rajasthan,274856,8610,144,117,106,95,60,Health_Program
P5_39,2022,Q2,Odisha,Cuttack,TB Control,Punjab Health Mission,142750,28739,130,689,331,67,97,Health_Program
P5_40,2020,Q4,Kerala,Thrissur,Nutrition Program,State Health Society Rajasthan,192979,46887,81,4897,441,148,87,Health_Program
P5_41,2023,Q4,Rajasthan,Jaipur,Nutrition Program,CARE India,198421,39877,29,2272,643,130,93,Health_Program
P5_42,2023,Q2,Kerala,Thrissur,Child Immunization,CARE India,182815,14497,88,1215,392,36,63,Health_Program
P5_43,2020,Q2,Kerala,Kozhikode,Nutrition Program,Assam NRHM,354568,9098,71,4403,299,142,83,Health_Program
P5_44,2020,Q1,Odisha,Bhubaneswar,Malaria Control,Assam NRHM,54224,36104,242,4873,775,38,93,Health_Program
P5_45,2021,Q3,Kerala,Thrissur,Maternal Health,UNICEF India,107862,48303,247,2271,272,107,80,Health_Program
P5_46,2023,Q2,Odisha,Puri,Malaria Control,State Health Society Rajasthan,143043,5280,20,3023,256,17,73,Health_Program
P5_47,2022,Q3,Odisha,Puri,Child Immunization,UNICEF India,189389,36547,214,4214,89,129,79,Health_Program
P5_48,2021,Q2,Punjab,Patiala,Child Immunization,Punjab Health Mission,94553,30967,102,3787,505,22,86,Health_Program
P5_49,2023,Q3,Rajasthan,Jaipur,Nutrition Program,Kerala Health Department,154680,40716,219,380,407,180,85,Health_Program
P5_50,2023,Q2,Odisha,Puri,Malaria Control,State Health Society Rajasthan,387219,48774,42,1274,403,21,85,Health_Program
P5_51,2021,Q4,Rajasthan,Jodhpur,Nutrition Program,Assam NRHM,334331,9493,52,690,581,72,67,Health_Program
P5_52,2025,Q3,Punjab,Ludhiana,TB Control,UNICEF India,399131,12346,144,3795,491,187,73,Health_Program
P5_53,2020,Q2,Rajasthan,Jodhpur,TB Control,Kerala Health Department,105733,5066,247,4345,782,28,78,Health_Program
P5_54,2020,Q1,Kerala,Kozhikode,Maternal Health,CARE India,231378,26889,49,3732,233,52,62,Health_Program
P5_55,2023,Q2,Rajasthan,Jodhpur,Nutrition Program,Assam NRHM,90527,24997,74,558,640,75,86,Health_Program
P5_56,2020,Q4,Assam,Guwahati,Maternal Health,Assam NRHM,280141,14333,247,895,126,80,89,Health_Program
P5_57,2022,Q3,Odisha,Cuttack,TB Control,NHM Odisha,351566,29744,66,3340,365,49,88,Health_Program
P5_58,2024,Q2,Kerala,Thrissur,Maternal Health,Kerala Health Department,203279,34384,140,4741,421,56,65,Health_Program
P5_59,2023,Q4,Assam,Silchar,Nutrition Program,NHM Odisha,205451,46481,89,3604,529,145,90,Health_Program
P5_60,2023,Q3,Odisha,Puri,Malaria Control,NHM Odisha,366230,36900,68,1220,726,68,73,Health_Program
P5_61,2024,Q1,Punjab,Ludhiana,TB Control,Kerala Health Department,95457,20563,250,2396,455,187,88,Health_Program
P5_62,2024,Q3,Rajasthan,Jaipur,Maternal Health,CARE India,356570,13248,43,3661,537,141,74,Health_Program
P5_63,2025,Q1,Kerala,Kozhikode,Malaria Control,Assam NRHM,362094,41965,71,4328,566,38,77,Health_Program
P5_64,2020,Q4,Odisha,Puri,Nutrition Program,State Health Society Rajasthan,315118,18767,73,1117,779,152,86,Health_Program
P5_65,2023,Q1,Punjab,Amritsar,Maternal Health,Kerala Health Department,332463,22507,155,2893,478,183,95,Health_Program
P5_66,2025,Q1,Rajasthan,Udaipur,TB Control,CARE India,198997,28695,174,1208,308,98,80,Health_Program
P5_67,2024,Q2,Assam,Silchar,Child Immunization,NHM Odisha,341559,35273,203,1186,365,131,87,Health_Program
P5_68,2022,Q4,Odisha,Cuttack,TB Control,NHM Odisha,270084,25634,28,1449,428,49,76,Health_Program
P5_69,2022,Q4,Assam,Silchar,TB Control,NHM Odisha,237518,21866,97,269,304,199,65,Health_Program
P5_70,2022,Q2,Rajasthan,Jodhpur,Nutrition Program,Punjab Health Mission,65704,35605,115,1816,595,73,61,Health_Program
P5_71,2023,Q2,Rajasthan,Jaipur,Malaria Control,Kerala Health Department,341912,17458,30,2563,243,195,82,Health_Program
P5_72,2020,Q4,Assam,Silchar,Maternal Health,Kerala Health Department,53594,39495,116,3184,76,114,71,Health_Program
P5_73,2023,Q3,Odisha,Cuttack,TB Control,State Health Society Rajasthan,138074,7816,128,642,233,94,63,Health_Program
P5_74,2021,Q4,Kerala,Thrissur,Nutrition Program,Punjab Health Mission,399527,40948,150,1500,72,63,78,Health_Program
P5_75,2022,Q1,Rajasthan,Jodhpur,Malaria Control,CARE India,136166,14464,214,2958,228,155,88,Health_Program
P5_76,2020,Q2,Punjab,Patiala,TB Control,Punjab Health Mission,107445,48432,216,4043,222,58,75,Health_Program
P5_77,2022,Q3,Assam,Guwahati,Nutrition Program,Kerala Health Department,146046,33800,248,4188,475,40,83,Health_Program
P5_78,2020,Q2,Rajasthan,Jaipur,Nutrition Program,NHM Odisha,390656,32858,207,236,124,172,61,Health_Program
P5_79,2025,Q1,Kerala,Thrissur,TB Control,Assam NRHM,218624,25978,226,381,791,38,62,Health_Program
P5_80,2024,Q3,Rajasthan,Jaipur,Malaria Control,Punjab Health Mission,150933,8050,21,2320,378,78,74,Health_Program
P5_81,2021,Q4,Assam,Dibrugarh,Maternal Health,NHM Odisha,212688,38584,189,3143,530,162,90,Health_Program
P5_82,2021,Q4,Rajasthan,Udaipur,Nutrition Program,Kerala Health Department,76009,44617,229,2003,194,133,63,Health_Program
P5_83,2023,Q4,Punjab,Ludhiana,Maternal Health,Assam NRHM,190451,15054,50,2274,174,42,69,Health_Program
P5_84,2020,Q3,Assam,Guwahati,Child Immunization,NHM Odisha,218991,40086,143,4117,220,137,68,Health_Program
P5_85,2023,Q4,Odisha,Puri,Child Immunization,Punjab Health Mission,226705,8914,63,877,398,23,82,Health_Program
P5_86,2020,Q2,Assam,Silchar,Malaria Control,CARE India,391736,17607,25,1607,71,109,82,Health_Program
P5_87,2024,Q1,Assam,Silchar,Child Immunization,State Health Society Rajasthan,123618,12732,135,1809,752,73,70,Health_Program
P5_88,2024,Q3,Assam,Guwahati,Child Immunization,State Health Society Rajasthan,317287,43775,90,4875,199,110,97,Health_Program
P5_89,2021,Q4,Punjab,Patiala,Malaria Control,NHM Odisha,177847,15112,230,2047,551,176,78,Health_Program
P5_90,2022,Q4,Punjab,Patiala,Malaria Control,Punjab Health Mission,341351,9365,91,4361,410,84,95,Health_Program
P5_91,2020,Q4,Kerala,Kochi,Nutrition Program,NHM Odisha,57968,8664,176,3714,99,87,65,Health_Program
P5_92,2025,Q1,Kerala,Kozhikode,Malaria Control,State Health Society Rajasthan,226778,19927,204,3688,134,186,63,Health_Program
P5_93,2020,Q2,Punjab,Amritsar,Maternal Health,State Health Society Rajasthan,75633,48659,209,3534,671,41,92,Health_Program
P5_94,2024,Q4,Punjab,Patiala,Nutrition Program,NHM Odisha,287700,39357,200,1927,411,125,98,Health_Program
P5_95,2020,Q3,Kerala,Kozhikode,Nutrition Program,NHM Odisha,51937,9172,146,4011,633,119,71,Health_Program
P5_96,2024,Q3,Odisha,Cuttack,Malaria Control,State Health Society Rajasthan,170004,42224,161,4444,54,65,74,Health_Program
P5_97,2025,Q2,Kerala,Kochi,Malaria Control,Punjab Health Mission,325446,16436,193,4448,772,92,87,Health_Program
P5_98,2024,Q1,Kerala,Kochi,Malaria Control,Kerala Health Department,353082,13267,165,4554,616,170,65,Health_Program
P5_99,2022,Q1,Rajasthan,Udaipur,Malaria Control,Punjab Health Mission,362335,37956,247,4406,393,33,60,Health_Program
P5_100,2022,Q1,Odisha,Puri,Malaria Control,UNICEF India,161773,23356,195,3916,202,68,92,Health_Program
P5_101,2021,Q4,Assam,Silchar,Nutrition Program,CARE India,296058,46096,62,736,214,191,67,Health_Program
P5_102,2023,Q4,Odisha,Puri,Child Immunization,NHM Odisha,94696,44504,54,2876,599,71,73,Health_Program
P5_103,2022,Q1,Rajasthan,Jaipur,Malaria Control,Assam NRHM,67315,17937,63,389,96,43,76,Health_Program
P5_104,2023,Q4,Odisha,Bhubaneswar,Maternal Health,NHM Odisha,298466,45274,240,4856,567,61,74,Health_Program
P5_105,2023,Q1,Odisha,Bhubaneswar,TB Control,Assam NRHM,361578,42197,159,3163,411,51,73,Health_Program
P5_106,2020,Q1,Rajasthan,Jaipur,TB Control,NHM Odisha,69730,23003,120,2755,281,68,63,Health_Program
P5_107,2022,Q4,Kerala,Thrissur,Malaria Control,State Health Society Rajasthan,261059,39715,180,2675,294,32,97,Health_Program
P5_108,2020,Q3,Rajasthan,Jodhpur,Nutrition Program,NHM Odisha,323838,6203,143,4746,775,64,70,Health_Program
P5_109,2021,Q2,Assam,Silchar,Child Immunization,UNICEF India,161608,30161,105,2709,188,99,92,Health_Program
P5_110,2021,Q2,Kerala,Thrissur,TB Control,NHM Odisha,193403,8639,197,758,524,145,63,Health_Program
P5_111,2021,Q1,Assam,Guwahati,TB Control,Kerala Health Department,340922,43265,75,3467,752,160,89,Health_Program
P5_112,2022,Q2,Odisha,Cuttack,Nutrition Program,CARE India,98025,35649,228,3505,431,47,66,Health_Program
P5_113,2023,Q2,Punjab,Ludhiana,Malaria Control,UNICEF India,157844,31407,211,974,163,136,90,Health_Program
P5_114,2024,Q3,Punjab,Amritsar,Nutrition Program,Punjab Health Mission,121148,30872,239,3521,322,39,66,Health_Program
P5_115,2022,Q2,Odisha,Cuttack,Nutrition Program,Assam NRHM,325866,42657,98,1117,752,82,72,Health_Program
P5_116,2024,Q2,Odisha,Bhubaneswar,TB Control,UNICEF India,355966,5814,148,913,507,46,94,Health_Program
P5_117,2025,Q4,Odisha,Cuttack,Nutrition Program,NHM Odisha,146773,26621,209,1545,632,150,60,Health_Program
P5_118,2024,Q1,Rajasthan,Udaipur,TB Control,Punjab Health Mission,245459,44242,29,4530,128,78,84,Health_Program
P5_119,2025,Q3,Punjab,Patiala,Child Immunization,Punjab Health Mission,155930,37512,137,646,133,7,94,Health_Program
P5_120,2020,Q4,Rajasthan,Jaipur,Maternal Health,NHM Odisha,168642,9715,160,2577,326,150,87,Health_Program
P5_121,2020,Q1,Assam,Silchar,Child Immunization,UNICEF India,222756,29384,86,4384,140,188,70,Health_Program
P5_122,2021,Q2,Punjab,Ludhiana,Maternal Health,Assam NRHM,182669,47816,103,4995,98,115,89,Health_Program
P5_123,2022,Q2,Kerala,Thrissur,Nutrition Program,State Health Society Rajasthan,340231,38781,242,3681,415,16,85,Health_Program
P5_124,2022,Q4,Odisha,Puri,Maternal Health,Assam NRHM,56169,40906,57,999,787,150,74,Health_Program
P5_125,2024,Q3,Rajasthan,Udaipur,Malaria Control,Assam NRHM,299936,29961,113,278,359,148,87,Health_Program
P5_126,2022,Q4,Rajasthan,Udaipur,Nutrition Program,Assam NRHM,210901,44153,38,2658,82,18,87,Health_Program
P5_127,2024,Q4,Kerala,Thrissur,Child Immunization,Kerala Health Department,302778,30641,24,2538,743,112,73,Health_Program
P5_128,2025,Q2,Assam,Guwahati,TB Control,State Health Society Rajasthan,322592,11400,131,1776,246,137,92,Health_Program
P5_129,2024,Q3,Rajasthan,Jaipur,Maternal Health,UNICEF India,260792,32010,57,3722,600,148,94,Health_Program
P5_130,2021,Q3,Odisha,Bhubaneswar,TB Control,NHM Odisha,139668,41920,147,4108,771,94,70,Health_Program
P5_131,2023,Q4,Punjab,Patiala,Maternal Health,Assam NRHM,393293,42227,81,2425,645,137,71,Health_Program
P5_132,2023,Q4,Rajasthan,Udaipur,Nutrition Program,NHM Odisha,224111,18499,107,163,215,2,67,Health_Program
P5_133,2025,Q2,Assam,Dibrugarh,Child Immunization,State Health Society Rajasthan,230603,34465,231,3880,711,7,95,Health_Program
P5_134,2021,Q1,Kerala,Kochi,Child Immunization,NHM Odisha,365958,11679,212,2839,627,146,85,Health_Program
P5_135,2023,Q3,Odisha,Puri,Nutrition Program,CARE India,121575,8903,46,247,569,173,79,Health_Program
P5_136,2022,Q3,Assam,Guwahati,Nutrition Program,UNICEF India,375875,9731,205,366,586,147,62,Health_Program
P5_137,2023,Q1,Punjab,Ludhiana,TB Control,CARE India,339622,22206,209,933,116,152,60,Health_Program
P5_138,2020,Q4,Punjab,Ludhiana,Maternal Health,NHM Odisha,207236,28266,119,819,675,38,60,Health_Program
P5_139,2020,Q3,Rajasthan,Jodhpur,Child Immunization,Punjab Health Mission,169446,40227,76,424,618,189,60,Health_Program
P5_140,2025,Q4,Kerala,Kozhikode,Child Immunization,Punjab Health Mission,50164,23266,95,3591,167,117,86,Health_Program
P5_141,2022,Q2,Rajasthan,Jodhpur,Nutrition Program,State Health Society Rajasthan,305171,40813,82,2578,789,157,86,Health_Program
P5_142,2022,Q4,Punjab,Ludhiana,Child Immunization,NHM Odisha,134575,43361,72,3466,659,66,78,Health_Program
P5_143,2024,Q3,Assam,Dibrugarh,Maternal Health,CARE India,166368,46007,176,1249,188,90,71,Health_Program
P5_144,2025,Q2,Kerala,Thrissur,Maternal Health,Punjab Health Mission,163185,12711,119,4468,116,96,77,Health_Program
P5_145,2021,Q3,Assam,Silchar,Malaria Control,Kerala Health Department,276820,48681,24,3207,64,91,77,Health_Program
P5_146,2023,Q1,Odisha,Puri,Maternal Health,State Health Society Rajasthan,81610,37742,222,2593,686,18,93,Health_Program
P5_147,2023,Q4,Punjab,Patiala,TB Control,NHM Odisha,113358,7333,103,799,157,154,93,Health_Program
P5_148,2020,Q4,Rajasthan,Jaipur,TB Control,UNICEF India,235995,32021,89,4344,579,140,63,Health_Program
P5_149,2020,Q4,Punjab,Ludhiana,Nutrition Program,Kerala Health Department,130643,14982,145,2683,311,184,66,Health_Program
P5_150,2025,Q4,Punjab,Patiala,Maternal Health,UNICEF India,262757,25944,227,4821,91,118,95,Health_Program
P5_151,2021,Q3,Kerala,Kozhikode,Child Immunization,Punjab Health Mission,162684,22665,192,626,204,116,76,Health_Program
P5_152,2020,Q2,Rajasthan,Udaipur,Nutrition Program,Assam NRHM,200934,30093,201,1325,182,164,89,Health_Program
P5_153,2023,Q3,Punjab,Patiala,TB Control,CARE India,354465,27037,94,410,419,50,85,Health_Program
P5_154,2022,Q2,Odisha,Cuttack,Maternal Health,CARE India,184406,27518,109,437,190,74,76,Health_Program
P5_155,2023,Q2,Assam,Silchar,TB Control,Assam NRHM,249606,28359,31,4201,57,197,78,Health_Program
P5_156,2022,Q4,Rajasthan,Jaipur,Malaria Control,CARE India,116035,39676,83,1350,324,30,65,Health_Program
P5_157,2021,Q3,Rajasthan,Udaipur,TB Control,Punjab Health Mission,152429,32762,190,2780,567,180,74,Health_Program
P5_158,2024,Q4,Odisha,Puri,Child Immunization,Assam NRHM,385366,26026,196,746,569,93,60,Health_Program
P5_159,2024,Q1,Assam,Guwahati,Nutrition Program,NHM Odisha,132583,25730,85,2377,580,45,89,Health_Program
P5_160,2022,Q1,Assam,Silchar,Maternal Health,Punjab Health Mission,313268,31293,132,1835,212,197,70,Health_Program
P5_161,2022,Q2,Kerala,Thrissur,Malaria Control,Kerala Health Department,231458,16248,152,4566,788,165,60,Health_Program
P5_162,2024,Q4,Assam,Dibrugarh,Maternal Health,CARE India,42816,8437,154,3826,498,172,69,Health_Program
P5_163,2025,Q2,Odisha,Puri,Nutrition Program,Assam NRHM,262994,29740,231,4278,357,180,65,Health_Program
P5_164,2020,Q3,Punjab,Ludhiana,Maternal Health,Kerala Health Department,248861,10267,184,1752,466,193,84,Health_Program
P5_165,2024,Q1,Rajasthan,Jodhpur,TB Control,Punjab Health Mission,305612,13287,211,1421,503,96,87,Health_Program
P5_166,2020,Q4,Kerala,Thrissur,Child Immunization,NHM Odisha,225467,32032,146,2773,589,26,67,Health_Program
P5_167,2024,Q1,Punjab,Amritsar,TB Control,NHM Odisha,341519,12637,223,495,397,161,67,Health_Program
P5_168,2022,Q3,Assam,Guwahati,Malaria Control,Assam NRHM,66386,45936,178,2676,555,72,84,Health_Program
P5_169,2025,Q1,Odisha,Puri,Nutrition Program,UNICEF India,47863,41830,95,4280,759,51,81,Health_Program
P5_170,2024,Q4,Kerala,Kozhikode,Maternal Health,CARE India,240608,41995,83,474,165,23,64,Health_Program
P5_171,2021,Q3,Rajasthan,Jodhpur,Malaria Control,CARE India,174594,18540,234,3209,88,79,69,Health_Program
P5_172,2024,Q3,Odisha,Puri,Malaria Control,NHM Odisha,308778,32510,59,364,158,77,80,Health_Program
P5_173,2024,Q4,Assam,Silchar,Malaria Control,Assam NRHM,253151,6353,87,4318,191,57,91,Health_Program
P5_174,2025,Q3,Odisha,Puri,Malaria Control,CARE India,214335,12884,53,3854,524,135,65,Health_Program
P5_175,2022,Q1,Rajasthan,Udaipur,TB Control,NHM Odisha,254949,44477,87,779,698,193,67,Health_Program
P5_176,2020,Q2,Kerala,Kochi,Nutrition Program,Kerala Health Department,381415,22621,157,836,552,19,68,Health_Program
P5_177,2025,Q4,Kerala,Kochi,Nutrition Program,NHM Odisha,191451,37485,85,2533,107,84,89,Health_Program
P5_178,2024,Q1,Rajasthan,Udaipur,Child Immunization,Punjab Health Mission,204575,41556,38,3446,430,107,97,Health_Program
P5_179,2022,Q1,Punjab,Ludhiana,Nutrition Program,Punjab Health Mission,366965,47996,238,3945,694,128,71,Health_Program
P6_0,2022,Q4,Rajasthan,Jodhpur,Malaria Control,Kerala Health Department,118221,49702,88,4937,511,99,85,Health_Program
P6_1,2023,Q4,Assam,Dibrugarh,Malaria Control,Assam NRHM,222389,5004,39,3205,111,96,78,Health_Program
P6_2,2021,Q1,Odisha,Bhubaneswar,Maternal Health,Punjab Health Mission,78779,23289,126,2803,730,168,95,Health_Program
P6_3,2020,Q4,Assam,Silchar,TB Control,Punjab Health Mission,269791,9481,149,4937,330,109,64,Health_Program
P6_4,2023,Q3,Odisha,Bhubaneswar,Nutrition Program,UNICEF India,293198,45888,72,3026,713,86,67,Health_Program
P6_5,2023,Q4,Odisha,Cuttack,Nutrition Program,State Health Society Rajasthan,318192,46883,48,1024,154,58,88,Health_Program
P6_6,2021,Q3,Punjab,Patiala,TB Control,Punjab Health Mission,315892,38383,211,1739,213,131,67,Health_Program
P6_7,2023,Q4,Odisha,Bhubaneswar,TB Control,Kerala Health Department,138224,34021,194,3218,95,29,88,Health_Program
P6_8,2021,Q4,Rajasthan,Udaipur,Malaria Control,Punjab Health Mission,40388,33267,118,3531,644,89,92,Health_Program
P6_9,2021,Q3,Punjab,Patiala,Malaria Control,State Health Society Rajasthan,95215,16465,159,3905,507,150,95,Health_Program
P6_10,2023,Q3,Odisha,Puri,Child Immunization,State Health Society Rajasthan,351353,27456,104,2659,90,96,60,Health_Program
P6_11,2022,Q4,Punjab,Patiala,Nutrition Program,UNICEF India,313550,16757,86,2155,489,73,62,Health_Program
P6_12,2022,Q1,Assam,Dibrugarh,TB Control,Punjab Health Mission,182214,20679,101,2284,459,108,63,Health_Program
P6_13,2023,Q4,Kerala,Kozhikode,Malaria Control,NHM Odisha,249075,22103,110,2821,478,177,73,Health_Program
P6_14,2023,Q2,Assam,Silchar,TB Control,State Health Society Rajasthan,114640,12779,86,1383,351,80,66,Health_Program
P6_15,2020,Q4,Punjab,Ludhiana,Maternal Health,UNICEF India,223057,44400,216,2386,640,111,92,Health_Program
P6_16,2023,Q3,Assam,Dibrugarh,Maternal Health,Kerala Health Department,88293,13875,186,4140,272,176,87,Health_Program
P6_17,2020,Q2,Rajasthan,Jodhpur,Child Immunization,NHM Odisha,148537,5083,103,4602,125,103,73,Health_Program
P6_18,2020,Q3,Rajasthan,Jodhpur,TB Control,Kerala Health Department,118787,10860,168,4152,558,198,85,Health_Program
P6_19,2023,Q2,Assam,Silchar,TB Control,Punjab Health Mission,330277,15685,54,1613,687,141,75,Health_Program
P6_20,2021,Q4,Punjab,Amritsar,Nutrition Program,Assam NRHM,75426,19766,202,980,485,82,67,Health_Program
P6_21,2022,Q3,Odisha,Cuttack,Maternal Health,Punjab Health Mission,266999,19453,44,273,754,185,97,Health_Program
P6_22,2022,Q2,Odisha,Cuttack,Child Immunization,Assam NRHM,184504,13411,101,4864,709,101,90,Health_Program
P6_23,2023,Q3,Kerala,Kochi,Child Immunization,Kerala Health Department,149282,17195,228,623,687,178,87,Health_Program
P6_24,2022,Q4,Rajasthan,Jodhpur,Maternal Health,Punjab Health Mission,306779,46872,96,1858,70,133,82,Health_Program
P6_25,2021,Q2,Odisha,Puri,Malaria Control,Punjab Health Mission,391243,35060,148,502,383,170,88,Health_Program
P6_26,2023,Q2,Rajasthan,Udaipur,Nutrition Program,CARE India,337633,15991,203,627,616,113,79,Health_Program
P6_27,2020,Q1,Kerala,Kozhikode,Maternal Health,UNICEF India,386020,44324,37,2201,155,112,85,Health_Program
P6_28,2022,Q4,Kerala,Kochi,Nutrition Program,Kerala Health Department,54359,47473,209,3685,534,30,86,Health_Program
P6_29,2023,Q1,Rajasthan,Jodhpur,Child Immunization,Punjab Health Mission,269760,9720,242,838,567,49,72,Health_Program
P6_30,2023,Q2,Punjab,Ludhiana,Nutrition Program,Assam NRHM,275859,46664,128,3501,779,188,86,Health_Program
P6_31,2022,Q3,Odisha,Puri,Malaria Control,Punjab Health Mission,248322,34608,169,4968,579,163,95,Health_Program
P6_32,2023,Q4,Rajasthan,Jaipur,TB Control,NHM Odisha,258949,45336,158,322,484,120,72,Health_Program
P6_33,2020,Q4,Kerala,Thrissur,TB Control,NHM Odisha,368859,16926,46,3391,68,135,74,Health_Program
P6_34,2022,Q4,Odisha,Bhubaneswar,Child Immunization,CARE India,357187,30367,159,2108,451,182,75,Health_Program
P6_35,2020,Q1,Kerala,Kochi,TB Control,State Health Society Rajasthan,175648,33959,204,2109,218,131,64,Health_Program
P6_36,2021,Q3,Punjab,Ludhiana,Malaria Control,CARE India,184634,25409,104,581,645,165,94,Health_Program
P6_37,2023,Q3,Rajasthan,Udaipur,Malaria Control,Kerala Health Department,108883,40721,184,1582,492,146,68,Health_Program
P6_38,2023,Q4,Kerala,Thrissur,TB Control,State Health Society Rajasthan,244922,14650,244,1489,716,87,90,Health_Program
P6_39,2020,Q1,Assam,Silchar,TB Control,CARE India,314175,38133,226,677,497,197,78,Health_Program
P6_40,2022,Q2,Rajasthan,Jaipur,Maternal Health,UNICEF India,258163,41176,177,4392,768,2,80,Health_Program
P6_41,2023,Q1,Rajasthan,Jaipur,TB Control,UNICEF India,163898,27949,38,481,640,94,65,Health_Program
P6_42,2021,Q4,Odisha,Bhubaneswar,TB Control,NHM Odisha,183138,18995,179,3692,205,147,69,Health_Program
P6_43,2020,Q1,Rajasthan,Jodhpur,TB Control,Assam NRHM,183746,26167,186,4228,345,14,87,Health_Program
P6_44,2021,Q2,Assam,Silchar,TB Control,Assam NRHM,147672,42797,40,808,502,31,71,Health_Program
P6_45,2023,Q2,Punjab,Patiala,Nutrition Program,Kerala Health Department,106534,9777,218,2842,473,40,66,Health_Program
P6_46,2021,Q4,Punjab,Amritsar,TB Control,Punjab Health Mission,76360,20284,247,4051,558,38,98,Health_Program
P6_47,2021,Q4,Rajasthan,Jodhpur,Child Immunization,Kerala Health Department,348679,16082,125,4992,714,80,80,Health_Program
P6_48,2021,Q3,Kerala,Kochi,Nutrition Program,State Health Society Rajasthan,173676,42890,162,2278,652,47,61,Health_Program
P6_49,2023,Q1,Assam,Dibrugarh,TB Control,State Health Society Rajasthan,230220,17223,117,400,518,196,77,Health_Program
P6_50,2020,Q2,Assam,Silchar,Maternal Health,UNICEF India,266475,11256,151,3499,143,23,71,Health_Program
P6_51,2020,Q4,Odisha,Cuttack,Maternal Health,Kerala Health Department,80644,27008,239,208,645,167,73,Health_Program
P6_52,2023,Q4,Punjab,Patiala,Child Immunization,State Health Society Rajasthan,63196,32516,221,599,497,165,60,Health_Program
P6_53,2022,Q3,Rajasthan,Jaipur,Malaria Control,Kerala Health Department,78817,13576,185,2828,530,34,86,Health_Program
P6_54,2020,Q3,Punjab,Amritsar,TB Control,Punjab Health Mission,146356,49885,51,2055,582,3,94,Health_Program
P6_55,2022,Q3,Kerala,Kozhikode,TB Control,Assam NRHM,327934,24335,120,2619,730,150,63,Health_Program
P6_56,2021,Q1,Kerala,Thrissur,Child Immunization,Punjab Health Mission,78221,10618,147,3636,583,4,68,Health_Program
P6_57,2021,Q4,Odisha,Puri,TB Control,State Health Society Rajasthan,166271,15927,218,4303,65,14,85,Health_Program
P6_58,2021,Q1,Rajasthan,Jaipur,Child Immunization,Kerala Health Department,218929,38511,29,4182,340,57,69,Health_Program
P6_59,2023,Q3,Odisha,Puri,TB Control,NHM Odisha,46529,18008,37,3560,513,177,98,Health_Program
P6_60,2021,Q3,Odisha,Cuttack,Nutrition Program,Kerala Health Department,350195,35512,21,3688,205,59,84,Health_Program
P6_61,2020,Q3,Rajasthan,Jaipur,Malaria Control,NHM Odisha,135772,13882,63,2900,283,146,94,Health_Program
P6_62,2020,Q2,Assam,Silchar,Nutrition Program,Assam NRHM,173795,47418,201,2691,157,103,97,Health_Program
P6_63,2023,Q3,Kerala,Thrissur,Nutrition Program,CARE India,324133,20330,146,2871,390,171,79,Health_Program
P6_64,2023,Q2,Odisha,Bhubaneswar,Child Immunization,CARE India,114766,31100,128,354,313,24,94,Health_Program
P6_65,2021,Q4,Punjab,Amritsar,Child Immunization,Punjab Health Mission,62005,34064,123,3396,787,106,60,Health_Program
P6_66,2022,Q2,Odisha,Bhubaneswar,Malaria Control,Assam NRHM,107272,26587,141,2304,572,150,79,Health_Program
P6_67,2021,Q3,Kerala,Kozhikode,Nutrition Program,UNICEF India,383871,34879,33,4930,69,109,65,Health_Program
P6_68,2021,Q2,Punjab,Ludhiana,Child Immunization,Assam NRHM,183078,10917,113,321,723,32,85,Health_Program
P6_69,2023,Q2,Odisha,Puri,Child Immunization,Kerala Health Department,161196,27882,150,1168,203,21,92,Health_Program
P6_70,2020,Q4,Kerala,Kochi,Malaria Control,Assam NRHM,154500,12919,33,1106,274,34,85,Health_Program
P6_71,2021,Q1,Punjab,Ludhiana,Malaria Control,State Health Society Rajasthan,364461,33651,240,1180,273,120,79,Health_Program
P6_72,2020,Q2,Kerala,Kochi,Maternal Health,NHM Odisha,65399,10457,236,3518,327,151,81,Health_Program
P6_73,2020,Q2,Rajasthan,Udaipur,Child Immunization,State Health Society Rajasthan,167108,7118,115,2184,600,24,70,Health_Program
P6_74,2022,Q3,Assam,Silchar,TB Control,Kerala Health Department,102557,47037,158,4761,293,103,86,Health_Program
P6_75,2021,Q4,Rajasthan,Jaipur,Child Immunization,Kerala Health Department,90139,47246,218,716,475,156,78,Health_Program
P6_76,2023,Q2,Kerala,Kozhikode,Child Immunization,Kerala Health Department,348913,13726,116,3749,633,76,60,Health_Program
P6_77,2022,Q4,Odisha,Puri,TB Control,State Health Society Rajasthan,110562,45697,54,2394,690,87,75,Health_Program
P6_78,2020,Q2,Punjab,Ludhiana,Child Immunization,Kerala Health Department,194499,46554,231,2073,705,28,60,Health_Program
P6_79,2020,Q2,Assam,Guwahati,Malaria Control,CARE India,341932,16856,145,699,214,59,63,Health_Program
P6_80,2022,Q4,Kerala,Thrissur,Maternal Health,UNICEF India,178404,32985,186,1141,535,197,62,Health_Program
P6_81,2020,Q3,Kerala,Kozhikode,Child Immunization,CARE India,107113,9921,118,3558,385,31,81,Health_Program
P6_82,2021,Q3,Punjab,Amritsar,Child Immunization,UNICEF India,256707,40748,208,3153,181,177,80,Health_Program
P6_83,2023,Q3,Punjab,Amritsar,Child Immunization,State Health Society Rajasthan,72850,15057,107,3541,129,22,81,Health_Program
P6_84,2023,Q3,Rajasthan,Udaipur,Maternal Health,NHM Odisha,369134,43287,142,3038,234,74,95,Health_Program
P6_85,2020,Q1,Assam,Guwahati,Child Immunization,UNICEF India,141684,23337,208,3264,589,112,82,Health_Program
P6_86,2022,Q4,Kerala,Kozhikode,TB Control,Kerala Health Department,74761,6566,221,3649,224,102,94,Health_Program
P6_87,2020,Q4,Punjab,Amritsar,TB Control,Punjab Health Mission,343280,40509,177,3168,488,171,81,Health_Program
P6_88,2021,Q2,Punjab,Ludhiana,TB Control,UNICEF India,218374,40355,99,2751,488,154,87,Health_Program
P6_89,2023,Q4,Punjab,Patiala,Child Immunization,Punjab Health Mission,364665,44405,80,2328,352,152,93,Health_Program
P6_90,2020,Q1,Rajasthan,Jaipur,Child Immunization,NHM Odisha,326358,9456,120,4565,799,184,96,Health_Program
P6_91,2020,Q2,Rajasthan,Udaipur,Malaria Control,State Health Society Rajasthan,361565,19702,75,193,473,196,92,Health_Program
P6_92,2020,Q2,Assam,Silchar,Child Immunization,CARE India,193608,6264,189,2646,293,180,73,Health_Program
P6_93,2021,Q1,Kerala,Thrissur,TB Control,State Health Society Rajasthan,317225,26957,229,540,84,109,84,Health_Program
P6_94,2023,Q1,Kerala,Kochi,Malaria Control,Kerala Health Department,268203,17213,208,4526,164,199,95,Health_Program
P6_95,2023,Q1,Rajasthan,Jaipur,Malaria Control,Kerala Health Department,193132,37821,131,4395,748,191,97,Health_Program
P6_96,2023,Q3,Odisha,Bhubaneswar,Child Immunization,Punjab Health Mission,274283,38026,52,2606,516,49,65,Health_Program
P6_97,2023,Q2,Rajasthan,Jodhpur,Malaria Control,State Health Society Rajasthan,145386,31104,62,761,668,79,83,Health_Program
P6_98,2022,Q3,Rajasthan,Jodhpur,Malaria Control,CARE India,94587,8028,147,3792,542,141,68,Health_Program
P6_99,2021,Q3,Punjab,Patiala,Child Immunization,CARE India,109021,31209,140,3513,138,139,86,Health_Program
P6_100,2020,Q3,Punjab,Patiala,Malaria Control,Assam NRHM,262499,40378,202,4075,643,87,98,Health_Program
P6_101,2023,Q1,Assam,Dibrugarh,TB Control,Assam NRHM,375549,38901,112,1444,72,100,70,Health_Program
P6_102,2020,Q2,Punjab,Ludhiana,Maternal Health,CARE India,216078,48457,166,601,70,96,61,Health_Program
P6_103,2023,Q3,Punjab,Ludhiana,TB Control,CARE India,232121,26107,65,1441,324,83,89,Health_Program
P6_104,2023,Q3,Punjab,Amritsar,Malaria Control,Punjab Health Mission,351862,15249,27,4920,72,174,92,Health_Program
P6_105,2022,Q2,Rajasthan,Jaipur,Nutrition Program,Assam NRHM,322627,34244,222,1555,107,197,93,Health_Program
P6_106,2023,Q3,Odisha,Bhubaneswar,TB Control,Punjab Health Mission,239745,34020,142,3992,663,158,98,Health_Program
P6_107,2021,Q1,Odisha,Puri,Nutrition Program,Kerala Health Department,384394,49997,34,3748,364,99,79,Health_Program
P6_108,2020,Q2,Kerala,Kochi,Maternal Health,NHM Odisha,246332,48232,147,3649,740,69,87,Health_Program
P6_109,2023,Q1,Assam,Silchar,TB Control,NHM Odisha,393527,32298,67,4189,431,19,70,Health_Program
P6_110,2022,Q1,Kerala,Kozhikode,TB Control,Assam NRHM,126526,44364,142,1314,737,64,65,Health_Program
P6_111,2023,Q3,Odisha,Puri,Malaria Control,NHM Odisha,154572,6542,123,4488,57,180,64,Health_Program
P6_112,2021,Q4,Assam,Dibrugarh,Nutrition Program,NHM Odisha,315106,43371,234,2520,113,100,76,Health_Program
P6_113,2023,Q1,Punjab,Ludhiana,Malaria Control,Assam NRHM,382420,38900,78,571,722,94,98,Health_Program
P6_114,2020,Q2,Kerala,Thrissur,Malaria Control,Kerala Health Department,341077,22004,51,3340,457,137,87,Health_Program
P6_115,2023,Q4,Odisha,Bhubaneswar,Maternal Health,Assam NRHM,127292,32488,119,1319,125,30,89,Health_Program
P6_116,2021,Q1,Kerala,Kozhikode,Maternal Health,Kerala Health Department,252090,38938,47,4358,670,100,91,Health_Program
P6_117,2023,Q1,Rajasthan,Jodhpur,Maternal Health,NHM Odisha,289218,46242,150,3110,292,51,79,Health_Program
P6_118,2021,Q3,Rajasthan,Jaipur,TB Control,State Health Society Rajasthan,150227,28682,43,2135,456,85,86,Health_Program
P6_119,2021,Q3,Punjab,Ludhiana,Nutrition Program,CARE India,189155,8634,239,3453,189,191,89,Health_Program
P6_120,2022,Q3,Kerala,Kochi,Child Immunization,NHM Odisha,294275,18739,245,1895,214,101,67,Health_Program
P6_121,2023,Q2,Kerala,Kozhikode,TB Control,State Health Society Rajasthan,362732,28346,178,4430,337,79,67,Health_Program
P6_122,2020,Q1,Odisha,Cuttack,Malaria Control,State Health Society Rajasthan,143544,37465,170,2118,480,189,74,Health_Program
P6_123,2020,Q1,Odisha,Bhubaneswar,Child Immunization,NHM Odisha,302995,11212,119,4039,768,126,69,Health_Program
P6_124,2022,Q1,Kerala,Thrissur,Nutrition Program,Punjab Health Mission,159848,33599,150,1452,748,43,84,Health_Program
P6_125,2021,Q3,Punjab,Ludhiana,TB Control,UNICEF India,228526,9837,101,1628,614,33,87,Health_Program
P6_126,2022,Q1,Assam,Dibrugarh,Malaria Control,Kerala Health Department,208347,5348,81,1217,472,198,82,Health_Program
P6_127,2021,Q4,Rajasthan,Jodhpur,Nutrition Program,Assam NRHM,151745,44867,88,1729,518,200,88,Health_Program
P6_128,2021,Q4,Kerala,Kozhikode,TB Control,Assam NRHM,192623,29209,146,4706,160,88,87,Health_Program
P6_129,2023,Q4,Kerala,Thrissur,Maternal Health,Assam NRHM,250311,41282,103,1372,624,132,95,Health_Program
P6_130,2021,Q2,Rajasthan,Jodhpur,Maternal Health,UNICEF India,327247,29998,152,2688,148,97,90,Health_Program
P6_131,2021,Q1,Kerala,Kozhikode,Malaria Control,UNICEF India,85185,26423,223,4526,252,179,75,Health_Program
P6_132,2022,Q2,Assam,Silchar,Nutrition Program,State Health Society Rajasthan,266896,37231,78,526,308,100,83,Health_Program
P6_133,2022,Q1,Punjab,Patiala,Maternal Health,State Health Society Rajasthan,113148,25714,72,2483,117,46,81,Health_Program
P6_134,2023,Q3,Punjab,Ludhiana,Nutrition Program,CARE India,247982,33548,218,1598,345,115,85,Health_Program
P6_135,2021,Q3,Odisha,Bhubaneswar,Maternal Health,UNICEF India,364036,21387,216,1818,523,199,85,Health_Program
P6_136,2022,Q3,Punjab,Patiala,Child Immunization,Assam NRHM,120060,6998,90,925,113,96,62,Health_Program
P6_137,2021,Q4,Odisha,Cuttack,Nutrition Program,Assam NRHM,43579,32500,208,344,278,11,70,Health_Program
P6_138,2023,Q4,Odisha,Bhubaneswar,Child Immunization,CARE India,225423,23761,222,3693,730,144,84,Health_Program
P6_139,2022,Q1,Rajasthan,Udaipur,TB Control,NHM Odisha,272420,26930,39,3175,99,88,93,Health_Program
P6_140,2021,Q1,Odisha,Puri,TB Control,NHM Odisha,322763,13419,87,1629,658,39,79,Health_Program
P6_141,2021,Q1,Rajasthan,Udaipur,TB Control,UNICEF India,386719,15587,80,3567,592,20,93,Health_Program
P6_142,2020,Q3,Odisha,Cuttack,Child Immunization,Punjab Health Mission,261465,21613,50,2617,113,94,70,Health_Program
P6_143,2022,Q4,Punjab,Ludhiana,Nutrition Program,Assam NRHM,172447,18343,94,2047,746,66,63,Health_Program
P6_144,2021,Q1,Punjab,Patiala,Child Immunization,NHM Odisha,122994,7764,190,830,474,124,82,Health_Program
P6_145,2020,Q3,Odisha,Puri,Maternal Health,Assam NRHM,234784,28089,103,1911,314,60,64,Health_Program
P6_146,2023,Q2,Punjab,Ludhiana,TB Control,Assam NRHM,272333,21165,76,3961,584,87,71,Health_Program
P6_147,2020,Q2,Odisha,Cuttack,Malaria Control,Assam NRHM,158698,32029,164,1081,76,171,97,Health_Program
P6_148,2021,Q2,Assam,Dibrugarh,Nutrition Program,CARE India,287005,16851,30,1747,782,4,70,Health_Program
P6_149,2022,Q1,Assam,Silchar,Malaria Control,Punjab Health Mission,328016,40721,97,4026,215,20,79,Health_Program
P6_150,2021,Q1,Punjab,Ludhiana,Maternal Health,Assam NRHM,111115,30664,124,3451,650,113,79,Health_Program
P6_151,2023,Q4,Rajasthan,Udaipur,Malaria Control,State Health Society Rajasthan,196668,41812,63,135,346,112,79,Health_Program
P6_152,2022,Q3,Assam,Dibrugarh,Child Immunization,State Health Society Rajasthan,89730,6426,230,784,772,46,89,Health_Program
P6_153,2020,Q2,Rajasthan,Jodhpur,Malaria Control,Punjab Health Mission,260992,13376,39,3857,546,169,97,Health_Program
P6_154,2020,Q3,Kerala,Kochi,TB Control,CARE India,176421,31568,147,839,358,193,62,Health_Program
P6_155,2021,Q4,Rajasthan,Jodhpur,Maternal Health,Kerala Health Department,160970,16363,189,4208,422,180,73,Health_Program
P6_156,2022,Q4,Rajasthan,Udaipur,Child Immunization,UNICEF India,270795,12953,75,2746,746,74,87,Health_Program
P6_157,2022,Q1,Kerala,Thrissur,Maternal Health,NHM Odisha,71361,29332,89,3575,602,152,79,Health_Program
P6_158,2023,Q1,Assam,Silchar,TB Control,NHM Odisha,115203,35984,203,1715,227,184,61,Health_Program
P6_159,2021,Q2,Rajasthan,Jaipur,Maternal Health,Punjab Health Mission,111572,21587,33,4359,672,191,84,Health_Program
P6_160,2021,Q4,Rajasthan,Jaipur,Malaria Control,CARE India,110272,29998,133,2301,144,19,95,Health_Program
P6_161,2023,Q1,Punjab,Ludhiana,Malaria Control,CARE India,191691,10669,125,3441,208,22,78,Health_Program
P6_162,2023,Q4,Odisha,Puri,Child Immunization,Kerala Health Department,156847,13428,200,1089,747,145,93,Health_Program
P6_163,2020,Q3,Assam,Dibrugarh,Maternal Health,UNICEF India,339013,43505,246,3395,470,151,74,Health_Program
P6_164,2021,Q2,Rajasthan,Jaipur,TB Control,NHM Odisha,178648,34265,44,3696,797,26,87,Health_Program
P6_165,2022,Q4,Kerala,Kochi,Maternal Health,Kerala Health Department,189496,41086,120,911,587,156,71,Health_Program
P6_166,2020,Q2,Assam,Dibrugarh,Malaria Control,State Health Society Rajasthan,283181,20143,209,4973,581,99,70,Health_Program
P6_167,2023,Q3,Punjab,Ludhiana,Child Immunization,Assam NRHM,165642,8770,202,682,315,141,86,Health_Program
P6_168,2021,Q1,Punjab,Ludhiana,Nutrition Program,State Health Society Rajasthan,152656,30474,216,2938,772,151,96,Health_Program
P6_169,2021,Q2,Kerala,Thrissur,TB Control,UNICEF India,225839,9823,120,2776,631,95,71,Health_Program
P6_170,2022,Q4,Assam,Silchar,Child Immunization,CARE India,372134,21077,92,2186,670,193,63,Health_Program
P6_171,2021,Q2,Punjab,Amritsar,Malaria Control,UNICEF India,148726,37890,36,1297,379,120,79,Health_Program
P6_172,2021,Q1,Assam,Dibrugarh,Child Immunization,Punjab Health Mission,137828,47444,76,427,149,14,70,Health_Program
P6_173,2023,Q1,Kerala,Kochi,Malaria Control,Kerala Health Department,73826,18747,237,1587,267,187,90,Health_Program
P6_174,2021,Q3,Kerala,Kochi,Malaria Control,State Health Society Rajasthan,160689,19120,116,1019,720,123,78,Health_Program
P6_175,2020,Q3,Punjab,Ludhiana,Maternal Health,Kerala Health Department,330499,31950,161,4982,118,29,88,Health_Program
P6_176,2022,Q2,Rajasthan,Jaipur,TB Control,State Health Society Rajasthan,307822,43897,133,4440,718,118,79,Health_Program
P6_177,2021,Q2,Odisha,Cuttack,TB Control,Punjab Health Mission,252437,29294,129,3905,60,50,69,Health_Program
P6_178,2021,Q4,Kerala,Thrissur,Malaria Control,CARE India,188798,12678,160,488,686,130,63,Health_Program
P6_179,2022,Q1,Odisha,Puri,Maternal Health,State Health Society Rajasthan,218338,8139,61,1200,618,130,81,Health_Program
P7_0,2021,Q1,Odisha,Cuttack,Maternal Health,Assam NRHM,139496,27260,224,2020,191,102,78,Health_Program
P7_1,2023,Q2,Assam,Guwahati,Nutrition Program,State Health Society Rajasthan,81095,31791,163,1475,129,88,69,Health_Program
P7_2,2022,Q2,Rajasthan,Udaipur,Child Immunization,Assam NRHM,314688,5410,74,2691,762,140,87,Health_Program
P7_3,2023,Q3,Rajasthan,Jodhpur,TB Control,Kerala Health Department,338063,14651,129,3234,637,129,68,Health_Program
P7_4,2024,Q2,Odisha,Puri,TB Control,Kerala Health Department,197858,8971,221,4747,137,20,95,Health_Program
P7_5,2022,Q2,Kerala,Kozhikode,Nutrition Program,UNICEF India,155590,17717,79,4640,719,131,96,Health_Program
P7_6,2022,Q4,Assam,Guwahati,Nutrition Program,State Health Society Rajasthan,378591,22474,60,1302,439,117,97,Health_Program
P7_7,2023,Q1,Kerala,Kozhikode,TB Control,Assam NRHM,265079,9067,216,3494,455,0,98,Health_Program
P7_8,2022,Q3,Punjab,Amritsar,Nutrition Program,Assam NRHM,95074,31532,205,3201,122,107,82,Health_Program
P7_9,2024,Q2,Assam,Guwahati,Maternal Health,Assam NRHM,368194,9793,186,214,539,44,69,Health_Program
P7_10,2024,Q1,Rajasthan,Jaipur,Child Immunization,Assam NRHM,347759,17379,113,106,265,125,68,Health_Program
P7_11,2021,Q2,Assam,Dibrugarh,TB Control,UNICEF India,391542,30433,75,1453,605,137,84,Health_Program
P7_12,2022,Q4,Punjab,Ludhiana,Malaria Control,CARE India,345037,39866,205,469,748,103,73,Health_Program
P7_13,2024,Q2,Assam,Guwahati,Malaria Control,State Health Society Rajasthan,182977,28513,166,2579,496,74,88,Health_Program
P7_14,2023,Q2,Rajasthan,Jaipur,Child Immunization,NHM Odisha,268321,29693,201,1285,578,53,87,Health_Program
P7_15,2023,Q1,Kerala,Kozhikode,Maternal Health,Kerala Health Department,41663,29789,87,4490,668,116,95,Health_Program
P7_16,2022,Q3,Kerala,Kochi,Child Immunization,State Health Society Rajasthan,94338,7359,118,772,346,188,81,Health_Program
P7_17,2023,Q2,Odisha,Bhubaneswar,Malaria Control,Kerala Health Department,213095,31539,25,2261,250,86,93,Health_Program
P7_18,2021,Q1,Kerala,Kozhikode,Malaria Control,UNICEF India,290725,34308,84,986,548,43,82,Health_Program
P7_19,2023,Q2,Kerala,Kozhikode,Nutrition Program,Punjab Health Mission,182512,11131,144,1020,323,109,71,Health_Program
P7_20,2023,Q2,Punjab,Patiala,Nutrition Program,CARE India,282495,40463,162,1066,363,77,74,Health_Program
P7_21,2022,Q4,Punjab,Ludhiana,Malaria Control,CARE India,131719,25347,148,3195,740,59,87,Health_Program
P7_22,2024,Q4,Assam,Dibrugarh,Child Immunization,Assam NRHM,329529,11971,130,4705,539,118,77,Health_Program
P7_23,2022,Q3,Kerala,Kozhikode,Child Immunization,Assam NRHM,393033,31687,211,4563,340,43,71,Health_Program
P7_24,2023,Q1,Odisha,Bhubaneswar,Maternal Health,UNICEF India,87045,35950,33,3443,787,107,73,Health_Program
P7_25,2023,Q3,Assam,Silchar,Malaria Control,UNICEF India,71861,23863,113,3091,319,94,80,Health_Program
P7_26,2021,Q2,Rajasthan,Udaipur,Nutrition Program,UNICEF India,354184,15161,25,1485,474,138,61,Health_Program
P7_27,2023,Q1,Kerala,Kozhikode,Malaria Control,UNICEF India,130288,31304,230,3080,598,53,61,Health_Program
P7_28,2022,Q2,Odisha,Cuttack,Child Immunization,CARE India,369239,9664,24,2084,520,77,90,Health_Program
P7_29,2024,Q1,Rajasthan,Jaipur,TB Control,Punjab Health Mission,239362,20725,235,447,296,138,64,Health_Program
P7_30,2024,Q3,Rajasthan,Udaipur,Malaria Control,State Health Society Rajasthan,149691,48846,124,4374,442,165,88,Health_Program
P7_31,2022,Q3,Kerala,Kozhikode,Maternal Health,UNICEF India,77715,24540,89,1515,263,132,88,Health_Program
P7_32,2023,Q3,Odisha,Cuttack,TB Control,Punjab Health Mission,388247,46870,124,2992,494,154,65,Health_Program
P7_33,2021,Q4,Punjab,Ludhiana,Maternal Health,Kerala Health Department,214021,20766,78,4731,406,101,90,Health_Program
P7_34,2022,Q2,Kerala,Kozhikode,Child Immunization,CARE India,100058,7387,71,494,304,198,86,Health_Program
P7_35,2021,Q3,Rajasthan,Udaipur,Maternal Health,CARE India,319055,48855,164,4645,375,30,98,Health_Program
P7_36,2024,Q1,Punjab,Ludhiana,TB Control,NHM Odisha,330559,35328,183,145,696,38,89,Health_Program
P7_37,2022,Q4,Rajasthan,Jaipur,Child Immunization,Kerala Health Department,303647,28328,195,396,273,70,87,Health_Program
P7_38,2021,Q3,Rajasthan,Udaipur,Nutrition Program,Assam NRHM,367463,25610,206,252,584,164,79,Health_Program
P7_39,2021,Q1,Punjab,Ludhiana,Nutrition Program,Kerala Health Department,273030,10885,248,1173,56,173,96,Health_Program
P7_40,2023,Q2,Odisha,Puri,TB Control,Kerala Health Department,138391,16090,202,1008,257,105,84,Health_Program
P7_41,2024,Q4,Rajasthan,Udaipur,Nutrition Program,Punjab Health Mission,186432,41649,161,3880,403,37,78,Health_Program
P7_42,2021,Q1,Punjab,Ludhiana,TB Control,Assam NRHM,261463,36003,38,1231,152,38,97,Health_Program
P7_43,2024,Q4,Punjab,Amritsar,Malaria Control,Punjab Health Mission,41985,7013,232,4864,781,156,61,Health_Program
P7_44,2024,Q4,Kerala,Kochi,TB Control,Punjab Health Mission,177914,7833,30,1622,545,137,72,Health_Program
P7_45,2024,Q1,Assam,Guwahati,TB Control,Assam NRHM,346086,43854,141,1508,129,38,86,Health_Program
P7_46,2024,Q3,Rajasthan,Jaipur,Maternal Health,CARE India,326999,20802,145,2539,424,81,95,Health_Program
P7_47,2023,Q2,Punjab,Amritsar,Maternal Health,UNICEF India,143770,42093,188,2659,379,74,61,Health_Program
P7_48,2022,Q3,Punjab,Amritsar,TB Control,NHM Odisha,182310,15549,20,3125,450,97,68,Health_Program
P7_49,2021,Q3,Punjab,Amritsar,Child Immunization,UNICEF India,76245,35512,140,209,569,151,78,Health_Program
P7_50,2022,Q1,Assam,Guwahati,Maternal Health,State Health Society Rajasthan,142541,41532,222,3499,734,106,71,Health_Program
P7_51,2022,Q3,Assam,Dibrugarh,Nutrition Program,Punjab Health Mission,288704,38935,71,3648,430,156,66,Health_Program
P7_52,2023,Q3,Rajasthan,Jaipur,Child Immunization,CARE India,102720,33322,31,1701,278,79,70,Health_Program
P7_53,2023,Q1,Assam,Dibrugarh,TB Control,CARE India,244262,38720,147,1895,377,90,82,Health_Program
P7_54,2022,Q4,Assam,Silchar,Maternal Health,NHM Odisha,261885,24964,153,4147,715,182,87,Health_Program
P7_55,2023,Q2,Assam,Guwahati,TB Control,Assam NRHM,133177,16078,213,1978,582,21,74,Health_Program
P7_56,2022,Q3,Odisha,Bhubaneswar,Child Immunization,Punjab Health Mission,395445,41793,184,2064,128,99,85,Health_Program
P7_57,2021,Q4,Rajasthan,Udaipur,Maternal Health,Kerala Health Department,94164,41563,95,2041,601,39,69,Health_Program
P7_58,2022,Q1,Rajasthan,Jaipur,Malaria Control,UNICEF India,126095,17119,89,4207,311,165,67,Health_Program
P7_59,2022,Q2,Assam,Guwahati,Malaria Control,NHM Odisha,297105,41969,21,1561,118,138,64,Health_Program
P7_60,2021,Q1,Odisha,Bhubaneswar,Nutrition Program,Assam NRHM,171582,22371,27,3856,122,127,73,Health_Program
P7_61,2022,Q1,Punjab,Patiala,Maternal Health,UNICEF India,296884,48434,200,3547,190,56,83,Health_Program
P7_62,2024,Q2,Rajasthan,Jodhpur,Child Immunization,Assam NRHM,226427,14919,146,1913,253,122,87,Health_Program
P7_63,2022,Q4,Odisha,Bhubaneswar,TB Control,CARE India,339184,5939,238,3109,674,172,71,Health_Program
P7_64,2023,Q4,Kerala,Thrissur,Malaria Control,Punjab Health Mission,300851,11501,175,4503,173,191,81,Health_Program
P7_65,2024,Q4,Punjab,Ludhiana,Child Immunization,Punjab Health Mission,40924,17974,102,261,100,160,88,Health_Program
P7_66,2024,Q2,Kerala,Kochi,Nutrition Program,Assam NRHM,184805,25158,233,3621,183,154,88,Health_Program
P7_67,2021,Q4,Kerala,Kozhikode,Child Immunization,Assam NRHM,223326,17774,119,3498,170,132,80,Health_Program
P7_68,2024,Q3,Odisha,Puri,Maternal Health,UNICEF India,155354,29637,119,2167,631,156,83,Health_Program
P7_69,2023,Q4,Kerala,Kozhikode,Maternal Health,Kerala Health Department,159602,15513,237,3130,142,153,68,Health_Program
P7_70,2021,Q3,Rajasthan,Udaipur,Nutrition Program,NHM Odisha,96648,39113,136,707,604,182,74,Health_Program
P7_71,2024,Q4,Odisha,Puri,Maternal Health,CARE India,397380,38171,191,2412,289,97,74,Health_Program
P7_72,2022,Q4,Rajasthan,Jaipur,Nutrition Program,UNICEF India,312856,35278,240,3258,187,149,88,Health_Program
P7_73,2024,Q1,Odisha,Puri,Nutrition Program,NHM Odisha,82786,45499,34,3304,258,96,73,Health_Program
P7_74,2021,Q1,Kerala,Kozhikode,TB Control,NHM Odisha,287630,46123,166,2247,167,170,79,Health_Program
P7_75,2024,Q2,Assam,Guwahati,Malaria Control,State Health Society Rajasthan,383423,30883,107,4017,100,172,90,Health_Program
P7_76,2022,Q3,Assam,Silchar,Maternal Health,Punjab Health Mission,331949,11956,83,3940,604,76,87,Health_Program
P7_77,2024,Q3,Odisha,Cuttack,Nutrition Program,UNICEF India,42637,16244,174,4348,202,105,77,Health_Program
P7_78,2023,Q3,Rajasthan,Udaipur,TB Control,Assam NRHM,181309,19974,117,419,445,158,75,Health_Program
P7_79,2024,Q1,Odisha,Bhubaneswar,Nutrition Program,NHM Odisha,210828,20728,243,2266,742,27,72,Health_Program
P7_80,2023,Q1,Kerala,Kozhikode,Nutrition Program,NHM Odisha,284102,28416,43,4561,363,118,93,Health_Program
P7_81,2024,Q2,Rajasthan,Jaipur,Nutrition Program,Kerala Health Department,217644,13112,127,3995,792,135,69,Health_Program
P7_82,2022,Q2,Punjab,Patiala,Nutrition Program,Punjab Health Mission,317123,43409,114,4861,508,60,78,Health_Program
P7_83,2021,Q4,Odisha,Puri,Malaria Control,Assam NRHM,114086,32665,182,3263,218,188,70,Health_Program
P7_84,2023,Q1,Assam,Dibrugarh,TB Control,CARE India,132739,39954,204,3324,267,172,94,Health_Program
P7_85,2021,Q4,Assam,Guwahati,Child Immunization,UNICEF India,310759,23643,47,1174,83,175,79,Health_Program
P7_86,2024,Q1,Kerala,Kozhikode,Maternal Health,CARE India,195863,19233,141,2091,327,101,67,Health_Program
P7_87,2022,Q2,Kerala,Kozhikode,Child Immunization,Kerala Health Department,87802,17470,74,4051,269,71,68,Health_Program
P7_88,2021,Q4,Punjab,Amritsar,TB Control,NHM Odisha,66490,6166,38,4449,470,83,62,Health_Program
P7_89,2021,Q3,Kerala,Kozhikode,Maternal Health,NHM Odisha,296931,36816,53,1371,720,26,62,Health_Program
P7_90,2021,Q2,Odisha,Cuttack,TB Control,Punjab Health Mission,133520,42060,210,4566,403,171,89,Health_Program
P7_91,2023,Q1,Punjab,Patiala,Nutrition Program,NHM Odisha,82638,49518,195,3261,733,65,81,Health_Program
P7_92,2022,Q1,Odisha,Puri,TB Control,CARE India,379956,16351,182,2994,290,104,94,Health_Program
P7_93,2021,Q4,Punjab,Amritsar,Maternal Health,UNICEF India,116459,36112,39,1986,149,149,65,Health_Program
P7_94,2023,Q1,Odisha,Puri,Maternal Health,Punjab Health Mission,192879,14415,76,1460,393,174,95,Health_Program
P7_95,2023,Q1,Kerala,Kochi,Maternal Health,Punjab Health Mission,303929,22813,23,2923,515,63,83,Health_Program
P7_96,2022,Q3,Rajasthan,Jodhpur,Maternal Health,Assam NRHM,360686,42622,223,371,100,57,83,Health_Program
P7_97,2022,Q4,Rajasthan,Jaipur,Nutrition Program,UNICEF India,258456,15276,73,3047,746,81,88,Health_Program
P7_98,2023,Q4,Kerala,Thrissur,Nutrition Program,CARE India,245495,40750,55,1195,699,100,89,Health_Program
P7_99,2021,Q2,Rajasthan,Udaipur,Nutrition Program,NHM Odisha,392709,31337,25,3149,681,100,60,Health_Program
P7_100,2023,Q1,Punjab,Patiala,TB Control,Kerala Health Department,189567,28803,88,676,564,31,90,Health_Program
P7_101,2024,Q1,Odisha,Bhubaneswar,TB Control,UNICEF India,225996,48086,193,1317,553,48,97,Health_Program
P7_102,2021,Q3,Odisha,Puri,Malaria Control,Kerala Health Department,123179,42384,122,2806,253,170,71,Health_Program
P7_103,2023,Q1,Rajasthan,Udaipur,Malaria Control,Punjab Health Mission,328072,10370,163,737,265,157,64,Health_Program
P7_104,2021,Q1,Kerala,Kozhikode,TB Control,CARE India,312912,33405,226,902,526,107,92,Health_Program
P7_105,2024,Q2,Kerala,Kozhikode,Malaria Control,CARE India,114785,5783,209,4848,435,85,96,Health_Program
P7_106,2021,Q2,Kerala,Kochi,Nutrition Program,CARE India,366689,38007,182,2561,282,127,96,Health_Program
P7_107,2022,Q4,Assam,Silchar,Nutrition Program,CARE India,86720,25953,121,469,316,75,72,Health_Program
P7_108,2023,Q1,Odisha,Puri,Child Immunization,CARE India,327089,20530,230,1903,609,122,69,Health_Program
P7_109,2023,Q1,Assam,Guwahati,Maternal Health,CARE India,187803,32248,58,1435,439,26,67,Health_Program
P7_110,2022,Q4,Rajasthan,Jodhpur,TB Control,Kerala Health Department,385266,6150,176,4147,714,12,82,Health_Program
P7_111,2023,Q1,Punjab,Patiala,Malaria Control,Assam NRHM,342078,40866,247,679,746,183,71,Health_Program
P7_112,2023,Q3,Punjab,Ludhiana,Nutrition Program,Assam NRHM,61631,38544,47,2466,207,62,69,Health_Program
P7_113,2022,Q3,Rajasthan,Jaipur,TB Control,UNICEF India,218969,24985,218,4786,62,181,80,Health_Program
P7_114,2024,Q2,Kerala,Thrissur,Maternal Health,NHM Odisha,311549,49860,248,4175,115,91,65,Health_Program
P7_115,2023,Q1,Punjab,Amritsar,Malaria Control,Punjab Health Mission,121522,46321,32,1314,146,121,82,Health_Program
P7_116,2022,Q3,Assam,Dibrugarh,Malaria Control,NHM Odisha,44063,45574,232,648,526,101,79,Health_Program
P7_117,2023,Q4,Kerala,Thrissur,Malaria Control,CARE India,107930,46606,153,860,306,45,85,Health_Program
P7_118,2024,Q3,Punjab,Ludhiana,Maternal Health,State Health Society Rajasthan,126660,28439,85,1329,660,102,69,Health_Program
P7_119,2024,Q3,Punjab,Amritsar,Maternal Health,NHM Odisha,78905,21620,35,1626,126,155,94,Health_Program
P7_120,2023,Q4,Rajasthan,Jodhpur,Nutrition Program,State Health Society Rajasthan,65335,28993,221,371,162,49,97,Health_Program
P7_121,2021,Q2,Odisha,Puri,TB Control,NHM Odisha,184567,19193,32,2572,381,140,68,Health_Program
P7_122,2023,Q4,Kerala,Thrissur,Child Immunization,CARE India,306613,23857,34,1105,575,154,79,Health_Program
P7_123,2023,Q4,Punjab,Amritsar,Child Immunization,Punjab Health Mission,58734,42441,200,645,143,161,89,Health_Program
P7_124,2021,Q1,Kerala,Thrissur,Maternal Health,UNICEF India,87082,30516,170,4761,297,52,71,Health_Program
P7_125,2023,Q1,Punjab,Amritsar,Child Immunization,CARE India,149497,31863,51,2359,512,116,97,Health_Program
P7_126,2024,Q2,Rajasthan,Jodhpur,Malaria Control,UNICEF India,147042,44863,116,2241,511,194,60,Health_Program
P7_127,2023,Q1,Punjab,Amritsar,TB Control,Punjab Health Mission,59723,39838,129,2422,270,46,91,Health_Program
P7_128,2023,Q3,Punjab,Ludhiana,Malaria Control,State Health Society Rajasthan,61167,17200,28,1621,375,69,76,Health_Program
P7_129,2022,Q2,Rajasthan,Jaipur,Malaria Control,State Health Society Rajasthan,82842,29235,44,4003,527,79,96,Health_Program
P7_130,2022,Q2,Kerala,Kochi,Malaria Control,Assam NRHM,239660,18685,240,108,145,76,85,Health_Program
P7_131,2022,Q2,Punjab,Patiala,Malaria Control,Assam NRHM,337827,45917,22,3531,59,197,62,Health_Program
P7_132,2022,Q2,Punjab,Patiala,Malaria Control,Kerala Health Department,206351,24788,80,1367,660,133,75,Health_Program
P7_133,2022,Q4,Kerala,Kozhikode,TB Control,UNICEF India,77176,16285,65,527,192,60,90,Health_Program
P7_134,2021,Q2,Punjab,Ludhiana,Malaria Control,Assam NRHM,268904,5039,67,1219,525,157,88,Health_Program
P7_135,2023,Q3,Rajasthan,Jodhpur,TB Control,Punjab Health Mission,374663,7700,247,2150,167,120,94,Health_Program
P7_136,2024,Q1,Kerala,Kozhikode,Malaria Control,UNICEF India,263376,28857,95,649,683,30,75,Health_Program
P7_137,2024,Q1,Rajasthan,Udaipur,Maternal Health,Assam NRHM,67138,41953,84,2545,330,59,96,Health_Program
P7_138,2022,Q1,Rajasthan,Jaipur,Malaria Control,State Health Society Rajasthan,327108,24608,150,2101,114,73,90,Health_Program
P7_139,2021,Q2,Rajasthan,Udaipur,Nutrition Program,UNICEF India,299316,22106,221,1799,451,76,67,Health_Program
P7_140,2024,Q2,Rajasthan,Jodhpur,Maternal Health,State Health Society Rajasthan,229363,49650,159,2183,497,55,63,Health_Program
P7_141,2021,Q2,Assam,Dibrugarh,Nutrition Program,Kerala Health Department,109255,9260,170,2934,599,26,72,Health_Program
P7_142,2021,Q4,Rajasthan,Udaipur,Nutrition Program,NHM Odisha,89566,23030,82,4597,693,185,96,Health_Program
P7_143,2024,Q3,Punjab,Ludhiana,Maternal Health,NHM Odisha,247518,6126,48,2022,226,166,83,Health_Program
P7_144,2024,Q4,Odisha,Bhubaneswar,Child Immunization,CARE India,258001,46077,250,2582,62,192,70,Health_Program
P7_145,2022,Q4,Punjab,Ludhiana,Malaria Control,Kerala Health Department,244846,40414,73,4958,424,71,90,Health_Program
P7_146,2024,Q3,Kerala,Thrissur,Maternal Health,NHM Odisha,351338,28410,50,2283,264,165,84,Health_Program
P7_147,2023,Q1,Kerala,Kochi,Child Immunization,Assam NRHM,143455,29767,47,2469,171,157,91,Health_Program
P7_148,2024,Q3,Punjab,Patiala,TB Control,Assam NRHM,87144,11491,177,2216,108,18,63,Health_Program
P7_149,2023,Q4,Odisha,Puri,Child Immunization,CARE India,348195,17828,197,672,600,93,88,Health_Program
P7_150,2022,Q2,Kerala,Kochi,Child Immunization,Punjab Health Mission,278731,43830,153,2916,231,132,66,Health_Program
P7_151,2024,Q1,Kerala,Kochi,Child Immunization,State Health Society Rajasthan,168461,37486,115,1120,598,91,81,Health_Program
P7_152,2022,Q2,Rajasthan,Udaipur,Child Immunization,Kerala Health Department,206951,13918,64,1843,281,19,86,Health_Program
P7_153,2023,Q4,Punjab,Ludhiana,TB Control,Kerala Health Department,337175,16801,180,1949,224,175,73,Health_Program
P7_154,2022,Q1,Rajasthan,Jodhpur,Malaria Control,Punjab Health Mission,332066,22525,210,1847,526,24,84,Health_Program
P7_155,2021,Q2,Rajasthan,Jaipur,TB Control,NHM Odisha,340587,42839,69,3058,603,7,65,Health_Program
P7_156,2023,Q1,Punjab,Ludhiana,Maternal Health,UNICEF India,332585,21594,223,4276,450,110,62,Health_Program
P7_157,2021,Q3,Rajasthan,Jodhpur,Nutrition Program,Kerala Health Department,89236,18084,231,877,681,185,63,Health_Program
P7_158,2024,Q3,Odisha,Bhubaneswar,Maternal Health,UNICEF India,173930,46710,34,1090,543,18,60,Health_Program
P7_159,2022,Q1,Rajasthan,Jodhpur,Maternal Health,NHM Odisha,126237,5466,75,2919,540,31,75,Health_Program
P7_160,2021,Q1,Kerala,Kozhikode,Maternal Health,Kerala Health Department,282916,23577,91,4546,655,108,65,Health_Program
P7_161,2023,Q4,Kerala,Thrissur,Maternal Health,UNICEF India,353708,16538,222,1108,182,54,73,Health_Program
P7_162,2021,Q3,Kerala,Kochi,Maternal Health,CARE India,119494,47148,107,1273,166,142,84,Health_Program
P7_163,2023,Q2,Rajasthan,Jaipur,Nutrition Program,Punjab Health Mission,43868,22910,177,1847,723,169,66,Health_Program
P7_164,2022,Q4,Rajasthan,Jaipur,Child Immunization,CARE India,222711,36645,91,2085,505,148,72,Health_Program
P7_165,2024,Q4,Punjab,Ludhiana,Child Immunization,NHM Odisha,386474,28374,72,2585,218,158,60,Health_Program
P7_166,2024,Q2,Punjab,Amritsar,Maternal Health,Assam NRHM,360131,35669,223,3030,464,17,84,Health_Program
P7_167,2024,Q3,Assam,Guwahati,Maternal Health,UNICEF India,261464,26233,92,4663,112,62,62,Health_Program
P7_168,2023,Q4,Assam,Silchar,Malaria Control,State Health Society Rajasthan,193971,45430,176,2561,202,7,89,Health_Program
P7_169,2024,Q3,Rajasthan,Jodhpur,Malaria Control,State Health Society Rajasthan,306336,43124,190,1179,730,16,94,Health_Program
P7_170,2021,Q2,Kerala,Kozhikode,Child Immunization,NHM Odisha,228253,43457,151,3455,447,181,97,Health_Program
P7_171,2024,Q2,Odisha,Puri,Maternal Health,Assam NRHM,245092,15939,166,1872,397,46,80,Health_Program
P7_172,2021,Q3,Rajasthan,Jodhpur,Malaria Control,Assam NRHM,303519,31382,165,2512,350,11,83,Health_Program
P7_173,2022,Q2,Kerala,Kozhikode,Maternal Health,State Health Society Rajasthan,299113,26388,180,1380,115,70,88,Health_Program
P7_174,2024,Q4,Odisha,Cuttack,Child Immunization,NHM Odisha,40379,29372,210,2346,342,7,92,Health_Program
P7_175,2021,Q1,Rajasthan,Jaipur,TB Control,CARE India,116238,13914,233,249,782,70,80,Health_Program
P7_176,2021,Q1,Rajasthan,Jodhpur,Malaria Control,Assam NRHM,303018,35436,213,2065,55,112,97,Health_Program
P7_177,2023,Q3,Assam,Dibrugarh,TB Control,Punjab Health Mission,256779,44022,60,3256,193,195,89,Health_Program
P7_178,2021,Q3,Odisha,Bhubaneswar,Nutrition Program,Punjab Health Mission,180367,37963,170,4761,293,5,64,Health_Program
P7_179,2021,Q2,Rajasthan,Udaipur,TB Control,Punjab Health Mission,384860,17146,116,4286,379,56,86,Health_Program
P8_0,2016,Q4,Odisha,Puri,Maternal Health,Kerala Health Department,97820,23364,95,3396,531,98,85,Health_Program
P8_1,2014,Q1,Rajasthan,Jodhpur,Maternal Health,UNICEF India,365468,47267,154,778,71,171,61,Health_Program
P8_2,2013,Q2,Punjab,Ludhiana,Child Immunization,State Health Society Rajasthan,323090,26619,71,4024,316,161,78,Health_Program
P8_3,2014,Q4,Rajasthan,Jodhpur,TB Control,Kerala Health Department,278190,44876,144,3928,503,172,80,Health_Program
P8_4,2016,Q3,Kerala,Kochi,Child Immunization,Punjab Health Mission,296649,22811,40,3028,149,155,86,Health_Program
P8_5,2014,Q1,Kerala,Kozhikode,Nutrition Program,Punjab Health Mission,206771,24689,250,1397,782,139,67,Health_Program
P8_6,2015,Q2,Assam,Dibrugarh,Child Immunization,Assam NRHM,339197,32377,220,1605,184,163,69,Health_Program
P8_7,2016,Q1,Assam,Dibrugarh,Maternal Health,State Health Society Rajasthan,338506,26892,245,4572,379,3,92,Health_Program
P8_8,2015,Q2,Rajasthan,Jaipur,Maternal Health,Kerala Health Department,257081,34163,238,4983,443,111,89,Health_Program
P8_9,2013,Q4,Assam,Dibrugarh,Child Immunization,Punjab Health Mission,310016,26979,133,2266,307,98,70,Health_Program
P8_10,2015,Q1,Odisha,Cuttack,Nutrition Program,NHM Odisha,88879,31850,195,871,738,43,67,Health_Program
P8_11,2016,Q1,Punjab,Ludhiana,Maternal Health,NHM Odisha,206973,24082,23,2967,565,72,72,Health_Program
P8_12,2015,Q3,Punjab,Patiala,Maternal Health,CARE India,175054,44267,224,2584,527,109,71,Health_Program
P8_13,2013,Q1,Rajasthan,Jaipur,Child Immunization,Punjab Health Mission,311686,17386,101,4016,329,136,74,Health_Program
P8_14,2014,Q4,Rajasthan,Jaipur,Child Immunization,Kerala Health Department,344846,22875,134,2736,270,55,61,Health_Program
P8_15,2015,Q4,Rajasthan,Jaipur,Maternal Health,State Health Society Rajasthan,66382,39191,68,3782,441,80,91,Health_Program
P8_16,2016,Q4,Punjab,Patiala,Maternal Health,Kerala Health Department,393664,10007,115,2041,131,185,73,Health_Program
P8_17,2016,Q4,Punjab,Amritsar,TB Control,State Health Society Rajasthan,224892,13988,74,3503,679,136,66,Health_Program
P8_18,2016,Q2,Assam,Silchar,TB Control,NHM Odisha,156867,28239,141,3421,189,159,69,Health_Program
P8_19,2015,Q2,Punjab,Ludhiana,Child Immunization,Assam NRHM,306408,15729,172,3145,720,162,72,Health_Program
P8_20,2015,Q3,Punjab,Ludhiana,Child Immunization,Assam NRHM,126861,9698,63,2394,538,10,71,Health_Program
P8_21,2014,Q3,Rajasthan,Udaipur,Maternal Health,CARE India,188541,23821,129,2477,688,90,62,Health_Program
P8_22,2015,Q4,Kerala,Kozhikode,TB Control,CARE India,292148,35224,95,4352,211,159,82,Health_Program
P8_23,2013,Q1,Assam,Silchar,Maternal Health,CARE India,172496,48473,137,3246,599,196,61,Health_Program
P8_24,2014,Q4,Assam,Dibrugarh,Nutrition Program,NHM Odisha,72571,33834,46,3451,651,130,75,Health_Program
P8_25,2015,Q1,Assam,Guwahati,Maternal Health,CARE India,329123,30712,94,195,60,74,67,Health_Program
P8_26,2015,Q3,Kerala,Kozhikode,Child Immunization,CARE India,59660,39091,161,3355,784,139,80,Health_Program
P8_27,2013,Q3,Kerala,Kozhikode,Nutrition Program,NHM Odisha,283146,37965,188,4162,734,135,93,Health_Program
P8_28,2014,Q2,Punjab,Ludhiana,TB Control,Kerala Health Department,221225,28565,170,3106,401,86,96,Health_Program
P8_29,2014,Q3,Kerala,Thrissur,Maternal Health,CARE India,364498,16080,55,379,409,182,89,Health_Program
P8_30,2015,Q1,Rajasthan,Udaipur,Maternal Health,Assam NRHM,124065,15373,32,1599,776,144,82,Health_Program
P8_31,2016,Q1,Punjab,Patiala,Malaria Control,State Health Society Rajasthan,379753,18470,195,1853,57,190,89,Health_Program
P8_32,2016,Q1,Assam,Guwahati,Maternal Health,Kerala Health Department,224742,15642,151,2649,686,57,87,Health_Program
P8_33,2014,Q3,Assam,Guwahati,Malaria Control,CARE India,182045,21551,217,2784,680,71,61,Health_Program
P8_34,2015,Q2,Assam,Guwahati,Maternal Health,Assam NRHM,399386,20742,25,183,609,81,87,Health_Program
P8_35,2016,Q2,Assam,Guwahati,Child Immunization,NHM Odisha,138479,26035,118,4592,790,181,79,Health_Program
P8_36,2015,Q2,Rajasthan,Jaipur,Malaria Control,Kerala Health Department,214494,11493,198,2914,629,164,63,Health_Program
P8_37,2013,Q3,Punjab,Patiala,Child Immunization,Assam NRHM,328783,47770,185,2149,372,130,60,Health_Program
P8_38,2014,Q2,Assam,Silchar,Child Immunization,Assam NRHM,108986,26121,244,4320,286,160,63,Health_Program
P8_39,2016,Q1,Assam,Guwahati,TB Control,Punjab Health Mission,282163,22474,122,4832,463,140,63,Health_Program
P8_40,2016,Q2,Kerala,Kochi,Maternal Health,Punjab Health Mission,111905,5010,243,2257,308,83,88,Health_Program
P8_41,2013,Q4,Punjab,Patiala,Maternal Health,UNICEF India,210953,20260,89,3715,277,178,85,Health_Program
P8_42,2016,Q2,Odisha,Bhubaneswar,Maternal Health,CARE India,56146,48949,24,2296,51,116,67,Health_Program
P8_43,2015,Q2,Rajasthan,Jaipur,Malaria Control,CARE India,62019,15725,167,4302,262,104,70,Health_Program
P8_44,2014,Q2,Assam,Silchar,Maternal Health,Punjab Health Mission,323377,15797,101,1537,101,27,73,Health_Program
P8_45,2016,Q4,Odisha,Bhubaneswar,Nutrition Program,Assam NRHM,366384,47963,156,2927,653,79,98,Health_Program
P8_46,2015,Q4,Kerala,Kozhikode,TB Control,Assam NRHM,138927,6679,208,1298,223,188,77,Health_Program
P8_47,2015,Q2,Rajasthan,Udaipur,Nutrition Program,CARE India,294782,25628,223,1106,306,151,94,Health_Program
P8_48,2015,Q1,Odisha,Cuttack,Nutrition Program,Punjab Health Mission,305814,8746,73,1499,562,16,84,Health_Program
P8_49,2016,Q3,Assam,Silchar,Maternal Health,State Health Society Rajasthan,68047,17973,116,3514,176,189,95,Health_Program
P8_50,2015,Q3,Rajasthan,Udaipur,Child Immunization,State Health Society Rajasthan,322640,46936,93,1152,601,197,83,Health_Program
P8_51,2016,Q1,Odisha,Puri,Maternal Health,NHM Odisha,207317,44876,201,1220,412,44,66,Health_Program
P8_52,2015,Q4,Odisha,Puri,Malaria Control,Kerala Health Department,64088,31408,216,600,763,148,69,Health_Program
P8_53,2015,Q2,Punjab,Patiala,Child Immunization,State Health Society Rajasthan,262353,20882,99,142,197,92,65,Health_Program
P8_54,2015,Q3,Punjab,Ludhiana,TB Control,NHM Odisha,248081,37756,110,3447,98,4,94,Health_Program
P8_55,2014,Q2,Rajasthan,Jodhpur,Maternal Health,NHM Odisha,123421,32780,47,3958,687,23,86,Health_Program
P8_56,2014,Q2,Odisha,Bhubaneswar,Nutrition Program,NHM Odisha,113331,43916,34,148,263,119,67,Health_Program
P8_57,2013,Q3,Assam,Guwahati,TB Control,CARE India,131856,23643,35,4381,250,127,75,Health_Program
P8_58,2015,Q4,Rajasthan,Jodhpur,Nutrition Program,UNICEF India,170465,43695,224,4786,644,165,98,Health_Program
P8_59,2014,Q2,Punjab,Patiala,Maternal Health,NHM Odisha,128829,31236,207,2708,548,118,88,Health_Program
P8_60,2015,Q2,Punjab,Ludhiana,Maternal Health,State Health Society Rajasthan,155585,13234,41,3843,71,66,84,Health_Program
P8_61,2015,Q1,Rajasthan,Jaipur,Malaria Control,Assam NRHM,141338,17944,158,3868,412,26,67,Health_Program
P8_62,2013,Q1,Kerala,Kozhikode,Maternal Health,Punjab Health Mission,233393,12052,85,1504,247,192,65,Health_Program
P8_63,2016,Q4,Odisha,Puri,TB Control,UNICEF India,251103,19270,141,4680,407,19,82,Health_Program
P8_64,2013,Q3,Rajasthan,Jodhpur,Malaria Control,State Health Society Rajasthan,318483,17379,93,3939,389,186,70,Health_Program
P8_65,2015,Q3,Odisha,Puri,Nutrition Program,State Health Society Rajasthan,180731,38256,126,1929,237,38,64,Health_Program
P8_66,2014,Q4,Odisha,Puri,TB Control,State Health Society Rajasthan,238596,40751,129,2459,660,23,63,Health_Program
P8_67,2015,Q2,Rajasthan,Jaipur,Maternal Health,Assam NRHM,127710,19514,135,4714,312,166,98,Health_Program
P8_68,2013,Q4,Rajasthan,Udaipur,TB Control,Kerala Health Department,235257,35293,131,721,318,22,62,Health_Program
P8_69,2016,Q3,Punjab,Patiala,Nutrition Program,NHM Odisha,138133,6191,30,705,106,123,98,Health_Program
P8_70,2014,Q2,Odisha,Bhubaneswar,Malaria Control,Punjab Health Mission,243943,37702,182,536,203,72,79,Health_Program
P8_71,2015,Q2,Odisha,Bhubaneswar,Malaria Control,Kerala Health Department,280249,27477,218,3308,481,49,93,Health_Program
P8_72,2015,Q4,Assam,Guwahati,Malaria Control,Punjab Health Mission,187154,36453,106,1571,292,98,79,Health_Program
P8_73,2016,Q4,Kerala,Thrissur,Malaria Control,NHM Odisha,252087,17757,213,257,595,66,65,Health_Program
P8_74,2016,Q1,Assam,Dibrugarh,Maternal Health,Punjab Health Mission,330995,18235,107,3932,265,71,85,Health_Program
P8_75,2014,Q2,Rajasthan,Udaipur,TB Control,Assam NRHM,91211,7692,48,536,483,170,75,Health_Program
P8_76,2014,Q2,Assam,Dibrugarh,Child Immunization,UNICEF India,122570,16624,145,184,218,118,98,Health_Program
P8_77,2015,Q1,Assam,Guwahati,Child Immunization,State Health Society Rajasthan,196401,33131,67,2440,121,69,83,Health_Program
P8_78,2016,Q2,Kerala,Thrissur,Maternal Health,Kerala Health Department,276427,40089,153,1299,675,138,75,Health_Program
P8_79,2015,Q4,Odisha,Puri,Nutrition Program,Kerala Health Department,95090,17653,187,2342,468,78,86,Health_Program
P8_80,2016,Q2,Odisha,Cuttack,Malaria Control,CARE India,112980,23538,44,175,752,142,63,Health_Program
P8_81,2015,Q4,Kerala,Kozhikode,Nutrition Program,UNICEF India,284454,13737,98,3203,261,196,94,Health_Program
P8_82,2014,Q4,Odisha,Puri,TB Control,Assam NRHM,48917,5095,59,2364,150,136,78,Health_Program
P8_83,2014,Q4,Punjab,Amritsar,Child Immunization,State Health Society Rajasthan,254853,38720,140,1062,105,130,77,Health_Program
P8_84,2013,Q2,Rajasthan,Jaipur,Maternal Health,Kerala Health Department,200758,35967,46,2464,522,159,94,Health_Program
P8_85,2016,Q1,Kerala,Kozhikode,Malaria Control,NHM Odisha,242738,35132,122,3444,668,117,70,Health_Program
P8_86,2015,Q3,Odisha,Puri,Maternal Health,Punjab Health Mission,199856,31390,226,2326,187,144,81,Health_Program
P8_87,2014,Q4,Punjab,Patiala,Malaria Control,NHM Odisha,189214,27824,227,4441,765,198,66,Health_Program
P8_88,2015,Q2,Punjab,Ludhiana,Malaria Control,Kerala Health Department,253867,15573,102,4852,191,182,82,Health_Program
P8_89,2013,Q4,Kerala,Thrissur,Maternal Health,UNICEF India,58615,45558,161,2412,476,33,70,Health_Program
P8_90,2016,Q4,Punjab,Patiala,TB Control,UNICEF India,364028,37680,189,2079,360,128,97,Health_Program
P8_91,2016,Q1,Kerala,Kozhikode,Child Immunization,Kerala Health Department,53410,9556,175,3245,667,22,82,Health_Program
P8_92,2016,Q2,Odisha,Cuttack,Malaria Control,UNICEF India,394211,44433,120,4772,63,170,62,Health_Program
P8_93,2014,Q4,Assam,Guwahati,Child Immunization,NHM Odisha,135379,33511,236,761,405,119,69,Health_Program
P8_94,2015,Q4,Kerala,Kozhikode,Child Immunization,Assam NRHM,113649,8676,158,4902,89,160,79,Health_Program
P8_95,2016,Q1,Odisha,Bhubaneswar,Nutrition Program,Assam NRHM,50037,36384,60,3596,272,28,79,Health_Program
P8_96,2014,Q1,Odisha,Puri,TB Control,Punjab Health Mission,357482,33545,231,1065,640,192,97,Health_Program
P8_97,2013,Q4,Kerala,Kozhikode,Child Immunization,State Health Society Rajasthan,365562,39038,203,3762,339,138,89,Health_Program
P8_98,2013,Q2,Rajasthan,Jaipur,Child Immunization,State Health Society Rajasthan,43963,35673,195,4868,166,111,92,Health_Program
P8_99,2014,Q1,Punjab,Ludhiana,Malaria Control,NHM Odisha,95078,24899,173,2943,708,24,84,Health_Program
P8_100,2014,Q1,Punjab,Ludhiana,Maternal Health,CARE India,242630,46831,78,1527,687,130,69,Health_Program
P8_101,2015,Q3,Punjab,Amritsar,Maternal Health,Assam NRHM,209772,9729,167,4663,646,84,97,Health_Program
P8_102,2014,Q4,Punjab,Amritsar,Malaria Control,UNICEF India,306923,41798,61,2046,470,183,89,Health_Program
P8_103,2015,Q3,Rajasthan,Jodhpur,Maternal Health,CARE India,381592,46210,166,1493,382,114,83,Health_Program
P8_104,2013,Q1,Punjab,Patiala,Malaria Control,Punjab Health Mission,345598,27708,235,1720,292,180,67,Health_Program
P8_105,2014,Q2,Rajasthan,Jodhpur,Malaria Control,UNICEF India,258333,35761,111,2545,635,62,95,Health_Program
P8_106,2014,Q2,Odisha,Cuttack,Nutrition Program,UNICEF India,238814,19678,233,4794,657,28,62,Health_Program
P8_107,2016,Q4,Assam,Guwahati,TB Control,Assam NRHM,228761,18201,195,1038,189,91,60,Health_Program
P8_108,2015,Q2,Assam,Guwahati,Nutrition Program,Punjab Health Mission,354577,11362,211,524,106,157,88,Health_Program
P8_109,2016,Q1,Punjab,Ludhiana,Nutrition Program,UNICEF India,121160,13150,138,1926,723,93,94,Health_Program
P8_110,2013,Q2,Punjab,Amritsar,TB Control,Assam NRHM,132920,48013,151,2108,341,122,85,Health_Program
P8_111,2014,Q3,Kerala,Kochi,Maternal Health,Kerala Health Department,163112,15286,42,795,760,154,79,Health_Program
P8_112,2014,Q2,Assam,Silchar,TB Control,Assam NRHM,44153,46604,131,2315,151,173,86,Health_Program
P8_113,2014,Q4,Punjab,Amritsar,TB Control,State Health Society Rajasthan,129526,36919,69,818,174,36,86,Health_Program
P8_114,2014,Q1,Odisha,Bhubaneswar,Malaria Control,Kerala Health Department,177412,33946,86,3056,274,131,86,Health_Program
P8_115,2016,Q2,Assam,Guwahati,Child Immunization,UNICEF India,339343,15325,137,3461,85,57,70,Health_Program
P8_116,2016,Q1,Kerala,Thrissur,Malaria Control,CARE India,146349,36324,68,4723,76,63,74,Health_Program
P8_117,2013,Q2,Punjab,Ludhiana,TB Control,NHM Odisha,184676,19795,201,4121,363,155,71,Health_Program
P8_118,2016,Q1,Rajasthan,Udaipur,Maternal Health,State Health Society Rajasthan,166919,40067,224,640,593,117,93,Health_Program
P8_119,2014,Q3,Odisha,Puri,Maternal Health,State Health Society Rajasthan,347432,9448,64,226,787,138,67,Health_Program
P8_120,2016,Q1,Punjab,Amritsar,Maternal Health,Punjab Health Mission,60835,14948,182,4528,504,131,91,Health_Program
P8_121,2016,Q4,Odisha,Cuttack,TB Control,State Health Society Rajasthan,165410,7248,232,418,515,119,82,Health_Program
P8_122,2013,Q3,Assam,Silchar,TB Control,Assam NRHM,85265,38413,199,2935,643,50,91,Health_Program
P8_123,2014,Q3,Odisha,Cuttack,Malaria Control,Assam NRHM,173642,24611,114,3777,581,167,88,Health_Program
P8_124,2013,Q3,Assam,Guwahati,Nutrition Program,State Health Society Rajasthan,276735,43564,111,650,181,87,62,Health_Program
P8_125,2013,Q2,Kerala,Kochi,Nutrition Program,NHM Odisha,226211,43772,94,3545,69,145,82,Health_Program
P8_126,2015,Q2,Assam,Guwahati,Maternal Health,State Health Society Rajasthan,175161,26363,195,3289,686,37,66,Health_Program
P8_127,2016,Q3,Odisha,Cuttack,Nutrition Program,NHM Odisha,396240,13133,74,3559,52,113,97,Health_Program
P8_128,2016,Q3,Odisha,Cuttack,Malaria Control,State Health Society Rajasthan,223892,37421,243,3205,513,121,81,Health_Program
P8_129,2015,Q1,Punjab,Ludhiana,TB Control,NHM Odisha,126194,8924,201,775,116,55,92,Health_Program
P8_130,2015,Q4,Rajasthan,Jaipur,Child Immunization,Assam NRHM,385450,12721,139,4635,76,119,61,Health_Program
P8_131,2014,Q4,Assam,Dibrugarh,Malaria Control,Assam NRHM,116519,34437,125,4817,758,192,97,Health_Program
P8_132,2013,Q4,Odisha,Bhubaneswar,Nutrition Program,Punjab Health Mission,373190,42710,169,1880,198,142,77,Health_Program
P8_133,2015,Q4,Punjab,Ludhiana,Maternal Health,UNICEF India,262318,28630,226,2316,309,86,67,Health_Program
P8_134,2014,Q1,Assam,Dibrugarh,TB Control,NHM Odisha,179835,18455,64,3677,367,68,71,Health_Program
P8_135,2015,Q4,Assam,Guwahati,TB Control,Kerala Health Department,355539,27643,115,4282,264,12,72,Health_Program
P8_136,2013,Q4,Rajasthan,Jodhpur,TB Control,NHM Odisha,112167,10843,94,4734,359,93,65,Health_Program
P8_137,2015,Q3,Assam,Dibrugarh,TB Control,CARE India,338470,14411,170,1868,701,20,79,Health_Program
P8_138,2015,Q3,Assam,Guwahati,TB Control,Assam NRHM,188539,24976,206,1082,386,38,80,Health_Program
P8_139,2015,Q1,Odisha,Cuttack,Nutrition Program,Kerala Health Department,135256,9751,30,2284,64,118,82,Health_Program
P8_140,2014,Q3,Kerala,Kochi,Malaria Control,CARE India,200402,29554,207,1464,750,173,94,Health_Program
P8_141,2014,Q2,Odisha,Cuttack,Malaria Control,State Health Society Rajasthan,186884,41620,158,2287,132,8,75,Health_Program
P8_142,2015,Q1,Assam,Dibrugarh,Nutrition Program,State Health Society Rajasthan,339333,29753,173,3435,68,140,63,Health_Program
P8_143,2014,Q4,Punjab,Patiala,Nutrition Program,Kerala Health Department,365455,23262,129,4737,69,107,65,Health_Program
P8_144,2013,Q2,Odisha,Puri,Malaria Control,State Health Society Rajasthan,102389,6201,175,2884,486,54,74,Health_Program
P8_145,2016,Q2,Odisha,Cuttack,TB Control,NHM Odisha,66220,40557,237,3372,516,168,94,Health_Program
P8_146,2013,Q3,Kerala,Kozhikode,Malaria Control,UNICEF India,309837,19916,165,2135,65,159,92,Health_Program
P8_147,2015,Q1,Rajasthan,Jaipur,Nutrition Program,Assam NRHM,303534,46683,194,1978,594,169,77,Health_Program
P8_148,2015,Q4,Odisha,Cuttack,Maternal Health,CARE India,312607,18483,161,2799,159,10,63,Health_Program
P8_149,2014,Q1,Odisha,Bhubaneswar,Malaria Control,NHM Odisha,70853,38805,123,2779,772,17,96,Health_Program
P8_150,2014,Q3,Assam,Guwahati,Child Immunization,UNICEF India,247854,8109,40,2075,339,40,72,Health_Program
P8_151,2015,Q2,Kerala,Thrissur,Malaria Control,NHM Odisha,85096,28591,189,2883,396,35,68,Health_Program
P8_152,2013,Q2,Kerala,Kozhikode,Nutrition Program,Punjab Health Mission,86496,23572,65,432,339,96,88,Health_Program
P8_153,2014,Q1,Assam,Silchar,Nutrition Program,Kerala Health Department,57076,15868,170,461,577,15,90,Health_Program
P8_154,2015,Q2,Odisha,Bhubaneswar,Nutrition Program,State Health Society Rajasthan,65756,24391,98,861,449,36,73,Health_Program
P8_155,2013,Q3,Odisha,Puri,Malaria Control,NHM Odisha,201604,43772,71,3179,54,157,71,Health_Program
P8_156,2016,Q4,Assam,Guwahati,Maternal Health,CARE India,392334,14024,202,1171,136,187,80,Health_Program
P8_157,2016,Q3,Kerala,Kozhikode,TB Control,State Health Society Rajasthan,104938,47722,208,1461,312,189,76,Health_Program
P8_158,2014,Q3,Kerala,Kozhikode,Maternal Health,UNICEF India,291336,31738,147,4100,662,41,84,Health_Program
P8_159,2013,Q2,Kerala,Kochi,Child Immunization,Assam NRHM,163800,7110,165,4420,230,35,61,Health_Program
P8_160,2016,Q4,Odisha,Puri,Maternal Health,Kerala Health Department,235109,12282,67,1181,219,174,62,Health_Program
P8_161,2014,Q1,Odisha,Cuttack,Child Immunization,NHM Odisha,235601,48325,24,1903,500,150,74,Health_Program
P8_162,2015,Q2,Assam,Silchar,Nutrition Program,Kerala Health Department,398100,29098,159,4927,334,22,78,Health_Program
P8_163,2015,Q3,Kerala,Kochi,Child Immunization,UNICEF India,118242,27069,175,435,472,87,68,Health_Program
P8_164,2015,Q2,Kerala,Thrissur,Maternal Health,NHM Odisha,174446,16451,51,3573,344,58,75,Health_Program
P8_165,2013,Q4,Rajasthan,Udaipur,Maternal Health,NHM Odisha,328961,39808,114,702,193,81,63,Health_Program
P8_166,2014,Q4,Assam,Guwahati,TB Control,UNICEF India,299757,41923,160,2305,542,200,85,Health_Program
P8_167,2016,Q2,Assam,Guwahati,Maternal Health,Punjab Health Mission,396155,36584,196,734,681,158,98,Health_Program
P8_168,2013,Q1,Odisha,Cuttack,Malaria Control,Assam NRHM,328424,20344,170,4707,68,178,65,Health_Program
P8_169,2015,Q1,Odisha,Bhubaneswar,Malaria Control,UNICEF India,182231,44609,23,4315,231,194,79,Health_Program
P8_170,2014,Q2,Assam,Silchar,Maternal Health,Punjab Health Mission,320981,15401,37,1876,306,83,71,Health_Program
P8_171,2014,Q3,Punjab,Ludhiana,Malaria Control,UNICEF India,130884,42365,80,4111,168,82,64,Health_Program
P8_172,2016,Q4,Punjab,Ludhiana,Nutrition Program,State Health Society Rajasthan,343568,40153,89,1400,319,23,71,Health_Program
P8_173,2015,Q4,Assam,Silchar,Maternal Health,Kerala Health Department,225728,23647,58,3673,590,131,61,Health_Program
P8_174,2016,Q1,Rajasthan,Udaipur,Child Immunization,UNICEF India,230799,42888,199,3271,329,107,92,Health_Program
P8_175,2014,Q3,Rajasthan,Jodhpur,Malaria Control,Assam NRHM,314042,45166,112,1799,501,136,61,Health_Program
P8_176,2015,Q2,Odisha,Bhubaneswar,Child Immunization,CARE India,277983,27263,194,1228,124,46,93,Health_Program
P8_177,2015,Q3,Punjab,Patiala,TB Control,UNICEF India,396716,45279,52,1847,721,82,98,Health_Program
P8_178,2013,Q4,Odisha,Puri,Nutrition Program,Assam NRHM,324824,40618,176,1916,540,37,89,Health_Program
P8_179,2015,Q2,Assam,Silchar,Malaria Control,Assam NRHM,114182,49709,132,1421,668,82,87,Health_Program
P9_0,2017,Q1,Rajasthan,Udaipur,TB Control,UNICEF India,384242,33460,64,172,765,82,69,Health_Program
P9_1,2018,Q3,Punjab,Amritsar,TB Control,Kerala Health Department,144663,31170,93,3184,50,3,68,Health_Program
P9_2,2016,Q2,Rajasthan,Jodhpur,TB Control,CARE India,215813,16766,216,3192,687,104,66,Health_Program
P9_3,2018,Q1,Odisha,Bhubaneswar,Malaria Control,Punjab Health Mission,180456,45317,210,3944,195,137,61,Health_Program
P9_4,2018,Q4,Punjab,Ludhiana,Maternal Health,UNICEF India,313230,22261,163,3580,641,176,82,Health_Program
P9_5,2015,Q3,Rajasthan,Jodhpur,Malaria Control,Kerala Health Department,293264,38702,85,116,778,149,87,Health_Program
P9_6,2018,Q1,Assam,Dibrugarh,TB Control,State Health Society Rajasthan,387783,48114,43,4494,600,170,92,Health_Program
P9_7,2018,Q3,Punjab,Ludhiana,TB Control,Punjab Health Mission,303101,43832,240,2023,755,63,64,Health_Program
P9_8,2015,Q4,Rajasthan,Udaipur,Nutrition Program,CARE India,295089,32532,213,4722,665,107,92,Health_Program
P9_9,2018,Q3,Rajasthan,Udaipur,Maternal Health,Assam NRHM,161534,29611,88,4107,552,26,92,Health_Program
P9_10,2018,Q4,Assam,Dibrugarh,Maternal Health,Kerala Health Department,303644,17626,131,748,785,10,80,Health_Program
P9_11,2017,Q2,Odisha,Cuttack,TB Control,Kerala Health Department,277106,41742,135,3495,622,38,64,Health_Program
P9_12,2016,Q4,Rajasthan,Jaipur,TB Control,Punjab Health Mission,392559,43235,67,2590,192,155,97,Health_Program
P9_13,2018,Q2,Punjab,Patiala,Malaria Control,Punjab Health Mission,209022,44241,248,3383,626,119,93,Health_Program
P9_14,2016,Q4,Assam,Dibrugarh,Child Immunization,Assam NRHM,100654,30863,86,2850,604,76,71,Health_Program
P9_15,2018,Q1,Assam,Dibrugarh,Malaria Control,State Health Society Rajasthan,257383,5439,148,4263,212,0,80,Health_Program
P9_16,2017,Q2,Rajasthan,Jodhpur,Child Immunization,UNICEF India,375130,45590,225,893,552,146,79,Health_Program
P9_17,2015,Q2,Punjab,Amritsar,Malaria Control,CARE India,255140,13815,66,3541,203,11,82,Health_Program
P9_18,2016,Q4,Odisha,Cuttack,Nutrition Program,Punjab Health Mission,323566,35174,70,501,633,4,67,Health_Program
P9_19,2016,Q2,Punjab,Patiala,Nutrition Program,Punjab Health Mission,243279,36406,96,1492,160,10,62,Health_Program
P9_20,2018,Q4,Kerala,Thrissur,Nutrition Program,Kerala Health Department,54905,30618,65,1345,125,100,80,Health_Program
P9_21,2018,Q2,Kerala,Kozhikode,Nutrition Program,Kerala Health Department,260483,26638,123,3987,755,44,64,Health_Program
P9_22,2018,Q4,Assam,Dibrugarh,Malaria Control,State Health Society Rajasthan,210697,43213,37,3991,290,35,98,Health_Program
P9_23,2015,Q3,Kerala,Kozhikode,Nutrition Program,State Health Society Rajasthan,123351,28991,114,4709,154,189,79,Health_Program
P9_24,2016,Q3,Odisha,Cuttack,TB Control,NHM Odisha,246057,26556,146,3277,732,35,94,Health_Program
P9_25,2018,Q1,Punjab,Patiala,TB Control,NHM Odisha,73506,40461,159,741,297,30,94,Health_Program
P9_26,2015,Q4,Kerala,Thrissur,Malaria Control,CARE India,198527,35268,236,4106,655,146,81,Health_Program
P9_27,2017,Q2,Kerala,Thrissur,TB Control,State Health Society Rajasthan,354692,5286,122,4043,768,169,61,Health_Program
P9_28,2018,Q3,Odisha,Cuttack,Nutrition Program,UNICEF India,80444,18776,248,3778,668,24,74,Health_Program
P9_29,2018,Q4,Punjab,Amritsar,Maternal Health,CARE India,267700,40284,166,396,103,162,68,Health_Program
P9_30,2015,Q3,Punjab,Amritsar,TB Control,UNICEF India,357499,49948,198,2625,633,111,72,Health_Program
P9_31,2016,Q1,Punjab,Patiala,Maternal Health,State Health Society Rajasthan,379980,26374,160,1587,589,109,86,Health_Program
P9_32,2015,Q3,Odisha,Puri,Child Immunization,State Health Society Rajasthan,266187,8075,91,4846,250,58,71,Health_Program
P9_33,2016,Q4,Punjab,Ludhiana,Child Immunization,Kerala Health Department,179012,35128,177,4467,241,136,83,Health_Program
P9_34,2017,Q3,Rajasthan,Jodhpur,TB Control,State Health Society Rajasthan,54281,11957,144,3122,373,51,67,Health_Program
P9_35,2017,Q2,Assam,Silchar,Malaria Control,NHM Odisha,347247,33893,20,2245,646,63,98,Health_Program
P9_36,2017,Q2,Kerala,Kozhikode,Malaria Control,UNICEF India,228993,16533,46,1312,128,7,78,Health_Program
P9_37,2015,Q2,Assam,Guwahati,Child Immunization,NHM Odisha,97733,49523,200,3057,352,6,61,Health_Program
P9_38,2017,Q1,Rajasthan,Jaipur,Nutrition Program,NHM Odisha,317328,6509,240,3056,410,154,71,Health_Program
P9_39,2015,Q2,Punjab,Amritsar,Malaria Control,NHM Odisha,197015,44456,123,2578,260,185,66,Health_Program
P9_40,2016,Q1,Assam,Guwahati,Child Immunization,UNICEF India,122577,9748,78,4695,337,43,76,Health_Program
P9_41,2018,Q3,Rajasthan,Jaipur,Child Immunization,CARE India,103084,11892,192,3924,283,39,71,Health_Program
P9_42,2017,Q3,Rajasthan,Jaipur,Maternal Health,CARE India,345131,44219,132,4054,226,59,73,Health_Program
P9_43,2015,Q2,Kerala,Kozhikode,Malaria Control,CARE India,230752,11086,174,631,750,106,80,Health_Program
P9_44,2017,Q2,Kerala,Kochi,Child Immunization,Punjab Health Mission,71648,21854,116,491,743,68,77,Health_Program
P9_45,2016,Q2,Odisha,Bhubaneswar,Maternal Health,Kerala Health Department,66354,13336,231,2704,594,55,80,Health_Program
P9_46,2016,Q3,Rajasthan,Jodhpur,Nutrition Program,UNICEF India,316054,14682,193,3479,693,150,69,Health_Program
P9_47,2018,Q4,Rajasthan,Jodhpur,TB Control,Assam NRHM,325487,40037,195,966,79,88,70,Health_Program
P9_48,2015,Q4,Assam,Dibrugarh,Maternal Health,Assam NRHM,159031,47401,144,4635,439,86,89,Health_Program
P9_49,2016,Q4,Kerala,Thrissur,TB Control,Punjab Health Mission,373018,11319,21,169,589,140,92,Health_Program
P9_50,2015,Q2,Assam,Dibrugarh,Malaria Control,NHM Odisha,303651,25781,29,345,502,11,90,Health_Program
P9_51,2017,Q2,Kerala,Thrissur,TB Control,Punjab Health Mission,176730,23321,81,2355,539,91,98,Health_Program
P9_52,2015,Q3,Assam,Guwahati,Malaria Control,Assam NRHM,220638,47527,212,349,674,85,80,Health_Program
P9_53,2018,Q3,Rajasthan,Jodhpur,Child Immunization,NHM Odisha,192886,10680,98,1374,562,120,72,Health_Program
P9_54,2015,Q1,Odisha,Puri,Nutrition Program,Punjab Health Mission,207348,5615,166,4257,109,153,92,Health_Program
P9_55,2015,Q4,Rajasthan,Jodhpur,Nutrition Program,UNICEF India,304457,9648,98,3117,448,157,98,Health_Program
P9_56,2017,Q1,Rajasthan,Jaipur,Nutrition Program,UNICEF India,280941,28253,201,3538,398,1,80,Health_Program
P9_57,2017,Q4,Kerala,Thrissur,Malaria Control,State Health Society Rajasthan,366857,24642,64,2857,744,138,74,Health_Program
P9_58,2016,Q3,Kerala,Kozhikode,TB Control,CARE India,160605,10389,177,4440,758,139,83,Health_Program
P9_59,2017,Q4,Rajasthan,Jodhpur,Maternal Health,State Health Society Rajasthan,178796,21529,51,2436,70,72,63,Health_Program
P9_60,2017,Q1,Assam,Silchar,TB Control,NHM Odisha,184410,24233,37,4244,331,9,75,Health_Program
P9_61,2017,Q3,Assam,Silchar,TB Control,Punjab Health Mission,198113,8972,107,2258,429,85,91,Health_Program
P9_62,2015,Q2,Rajasthan,Jodhpur,Malaria Control,Punjab Health Mission,306200,46868,74,4936,549,198,66,Health_Program
P9_63,2015,Q1,Kerala,Kozhikode,Child Immunization,Assam NRHM,390174,18508,208,2300,426,49,95,Health_Program
P9_64,2018,Q2,Assam,Dibrugarh,Child Immunization,UNICEF India,194002,21381,244,2023,631,46,72,Health_Program
P9_65,2015,Q1,Rajasthan,Jodhpur,Nutrition Program,Assam NRHM,384359,36576,47,3301,587,156,65,Health_Program
P9_66,2015,Q2,Kerala,Kozhikode,Malaria Control,Kerala Health Department,274714,40493,195,2410,627,75,98,Health_Program
P9_67,2016,Q1,Kerala,Kochi,Maternal Health,Punjab Health Mission,77153,10644,210,2816,726,154,81,Health_Program
P9_68,2017,Q1,Kerala,Kozhikode,Nutrition Program,CARE India,40124,38403,49,3398,215,185,80,Health_Program
P9_69,2017,Q2,Odisha,Cuttack,Maternal Health,Punjab Health Mission,165750,41392,154,868,142,158,87,Health_Program
P9_70,2018,Q3,Kerala,Kochi,Child Immunization,Assam NRHM,250663,37010,195,1085,350,115,95,Health_Program
P9_71,2016,Q1,Punjab,Patiala,TB Control,UNICEF India,111300,25934,241,1212,678,11,96,Health_Program
P9_72,2015,Q1,Assam,Guwahati,Malaria Control,Kerala Health Department,144778,16290,187,3393,71,106,89,Health_Program
P9_73,2015,Q2,Punjab,Patiala,Malaria Control,Assam NRHM,227506,20454,151,1769,383,174,70,Health_Program
P9_74,2017,Q3,Kerala,Kochi,Malaria Control,CARE India,172865,16289,26,1260,158,194,83,Health_Program
P9_75,2015,Q2,Assam,Dibrugarh,TB Control,NHM Odisha,365948,13493,56,961,259,133,73,Health_Program
P9_76,2016,Q2,Rajasthan,Udaipur,Child Immunization,NHM Odisha,216390,13355,57,2115,511,90,72,Health_Program
P9_77,2018,Q4,Punjab,Ludhiana,TB Control,Assam NRHM,99153,46065,31,3225,256,37,76,Health_Program
P9_78,2018,Q3,Rajasthan,Udaipur,Malaria Control,Kerala Health Department,358377,25393,210,1183,719,56,94,Health_Program
P9_79,2016,Q3,Assam,Silchar,TB Control,NHM Odisha,342440,14763,218,4116,322,186,75,Health_Program
P9_80,2018,Q3,Odisha,Bhubaneswar,Child Immunization,NHM Odisha,52679,42817,156,1077,459,147,89,Health_Program
P9_81,2016,Q1,Odisha,Bhubaneswar,Child Immunization,NHM Odisha,142690,17968,147,4780,462,102,86,Health_Program
P9_82,2017,Q4,Odisha,Puri,Nutrition Program,UNICEF India,63515,30743,71,4637,335,158,91,Health_Program
P9_83,2015,Q4,Rajasthan,Jaipur,Malaria Control,Punjab Health Mission,55021,43317,117,2549,145,90,69,Health_Program
P9_84,2016,Q2,Kerala,Kochi,Maternal Health,NHM Odisha,316606,47514,36,1853,581,76,86,Health_Program
P9_85,2018,Q2,Kerala,Kochi,Child Immunization,Punjab Health Mission,55738,29981,58,469,634,83,86,Health_Program
P9_86,2018,Q4,Rajasthan,Jaipur,Maternal Health,Assam NRHM,91992,11052,163,2843,591,98,69,Health_Program
P9_87,2018,Q4,Kerala,Kozhikode,Maternal Health,CARE India,197969,22568,127,1580,378,186,79,Health_Program
P9_88,2016,Q4,Punjab,Ludhiana,Child Immunization,State Health Society Rajasthan,132513,46342,145,1795,71,111,94,Health_Program
P9_89,2017,Q1,Assam,Dibrugarh,Nutrition Program,CARE India,190906,18413,181,4584,554,177,87,Health_Program
P9_90,2015,Q1,Rajasthan,Udaipur,Maternal Health,Kerala Health Department,390772,35044,92,3033,614,120,95,Health_Program
P9_91,2018,Q4,Kerala,Kochi,Nutrition Program,Kerala Health Department,284804,49384,24,2091,639,168,92,Health_Program
P9_92,2016,Q1,Odisha,Puri,Maternal Health,NHM Odisha,136313,8758,78,3185,216,97,82,Health_Program
P9_93,2017,Q3,Kerala,Kozhikode,Malaria Control,CARE India,378413,33514,222,3742,214,151,95,Health_Program
P9_94,2016,Q1,Assam,Silchar,Nutrition Program,Punjab Health Mission,332616,15725,49,521,619,60,60,Health_Program
P9_95,2017,Q3,Kerala,Kozhikode,TB Control,NHM Odisha,114842,7177,139,3140,581,16,87,Health_Program
P9_96,2015,Q2,Rajasthan,Udaipur,Malaria Control,UNICEF India,143650,33379,154,1125,318,124,80,Health_Program
P9_97,2017,Q1,Rajasthan,Udaipur,TB Control,Assam NRHM,391682,36235,225,309,617,175,60,Health_Program
P9_98,2018,Q1,Rajasthan,Jaipur,Malaria Control,Kerala Health Department,231583,28147,105,3664,701,120,96,Health_Program
P9_99,2017,Q1,Punjab,Ludhiana,Nutrition Program,Kerala Health Department,87087,12821,111,4802,88,172,95,Health_Program
P9_100,2018,Q1,Punjab,Amritsar,Maternal Health,State Health Society Rajasthan,358217,17797,73,1620,766,22,70,Health_Program
P9_101,2016,Q4,Punjab,Amritsar,Maternal Health,CARE India,370899,23058,226,889,443,98,76,Health_Program
P9_102,2017,Q3,Rajasthan,Udaipur,Child Immunization,State Health Society Rajasthan,357830,21783,139,2691,759,196,76,Health_Program
P9_103,2016,Q4,Kerala,Kochi,Nutrition Program,Kerala Health Department,234798,8815,27,368,156,71,67,Health_Program
P9_104,2016,Q4,Kerala,Kozhikode,Child Immunization,UNICEF India,80141,5923,100,2146,127,26,84,Health_Program
P9_105,2016,Q2,Assam,Dibrugarh,Child Immunization,Kerala Health Department,345381,15033,161,3573,569,22,60,Health_Program
P9_106,2016,Q2,Assam,Silchar,TB Control,NHM Odisha,343408,37412,95,4133,509,138,89,Health_Program
P9_107,2016,Q4,Assam,Silchar,Maternal Health,Assam NRHM,108997,20845,174,3845,212,71,67,Health_Program
P9_108,2015,Q1,Assam,Dibrugarh,Nutrition Program,Assam NRHM,230165,34967,249,4534,766,128,76,Health_Program
P9_109,2017,Q4,Kerala,Thrissur,TB Control,CARE India,71133,8424,243,3528,166,44,73,Health_Program
P9_110,2017,Q2,Odisha,Puri,Maternal Health,Assam NRHM,212015,34966,46,3232,268,157,81,Health_Program
P9_111,2017,Q2,Assam,Silchar,Child Immunization,Kerala Health Department,108281,17204,51,3460,774,48,79,Health_Program
P9_112,2017,Q1,Rajasthan,Udaipur,Nutrition Program,UNICEF India,79045,26828,237,1614,750,104,97,Health_Program
P9_113,2017,Q1,Assam,Dibrugarh,Nutrition Program,UNICEF India,103562,48235,167,3078,141,15,74,Health_Program
P9_114,2016,Q4,Kerala,Kozhikode,Malaria Control,Punjab Health Mission,113692,22931,94,1334,757,72,67,Health_Program
P9_115,2018,Q1,Kerala,Kochi,Maternal Health,CARE India,262853,29648,32,2609,496,42,69,Health_Program
P9_116,2017,Q4,Assam,Dibrugarh,TB Control,State Health Society Rajasthan,256332,43361,53,1322,588,18,74,Health_Program
P9_117,2015,Q4,Punjab,Patiala,TB Control,CARE India,157161,21002,88,2968,509,129,93,Health_Program
P9_118,2017,Q2,Assam,Dibrugarh,Child Immunization,Assam NRHM,161166,19743,123,2864,696,13,95,Health_Program
P9_119,2018,Q3,Assam,Guwahati,Child Immunization,State Health Society Rajasthan,44137,33835,165,2894,791,80,80,Health_Program
P9_120,2017,Q1,Assam,Dibrugarh,Maternal Health,Assam NRHM,331641,8786,90,2060,638,80,79,Health_Program
P9_121,2015,Q3,Rajasthan,Jaipur,Maternal Health,Kerala Health Department,49289,44644,24,3399,451,200,73,Health_Program
P9_122,2016,Q4,Odisha,Bhubaneswar,Malaria Control,Punjab Health Mission,90933,29476,100,4697,227,26,81,Health_Program
P9_123,2015,Q3,Odisha,Puri,Child Immunization,State Health Society Rajasthan,297673,39690,119,171,732,164,69,Health_Program
P9_124,2018,Q1,Rajasthan,Jodhpur,Child Immunization,Assam NRHM,269965,40302,154,3574,277,172,83,Health_Program
P9_125,2016,Q1,Rajasthan,Jaipur,Child Immunization,NHM Odisha,200879,15776,178,1422,279,129,75,Health_Program
P9_126,2015,Q1,Rajasthan,Jodhpur,Maternal Health,NHM Odisha,64825,9185,123,3833,489,189,69,Health_Program
P9_127,2015,Q2,Odisha,Bhubaneswar,Maternal Health,Kerala Health Department,398455,20877,236,3640,645,158,91,Health_Program
P9_128,2017,Q1,Punjab,Patiala,Nutrition Program,State Health Society Rajasthan,395685,28532,61,1925,593,66,65,Health_Program
P9_129,2017,Q3,Rajasthan,Jodhpur,Child Immunization,Kerala Health Department,318951,28896,129,870,238,176,79,Health_Program
P9_130,2018,Q2,Kerala,Kochi,Nutrition Program,NHM Odisha,145761,25075,198,2101,242,77,72,Health_Program
P9_131,2018,Q2,Punjab,Amritsar,Malaria Control,Punjab Health Mission,227061,22368,42,4582,321,187,67,Health_Program
P9_132,2015,Q4,Punjab,Ludhiana,Malaria Control,Punjab Health Mission,209918,32266,111,4998,364,181,91,Health_Program
P9_133,2017,Q3,Kerala,Thrissur,TB Control,Kerala Health Department,297955,47217,184,3903,143,3,85,Health_Program
P9_134,2018,Q2,Punjab,Amritsar,Maternal Health,NHM Odisha,133169,19968,21,1578,663,167,97,Health_Program
P9_135,2016,Q3,Rajasthan,Udaipur,Child Immunization,Kerala Health Department,105443,47063,60,4269,774,20,86,Health_Program
P9_136,2017,Q4,Punjab,Ludhiana,Child Immunization,State Health Society Rajasthan,107425,18140,180,2781,702,197,89,Health_Program
P9_137,2016,Q3,Rajasthan,Jodhpur,Nutrition Program,Kerala Health Department,153106,41567,227,2899,334,49,95,Health_Program
P9_138,2015,Q4,Rajasthan,Jaipur,Malaria Control,CARE India,134188,17560,40,4675,215,183,88,Health_Program
P9_139,2017,Q2,Odisha,Cuttack,Maternal Health,Kerala Health Department,132246,10393,157,2210,89,18,92,Health_Program
P9_140,2017,Q3,Odisha,Bhubaneswar,Nutrition Program,Kerala Health Department,139826,10166,207,2398,560,65,91,Health_Program
P9_141,2015,Q4,Assam,Dibrugarh,TB Control,Assam NRHM,221702,23702,178,2605,265,145,81,Health_Program
P9_142,2018,Q1,Assam,Dibrugarh,TB Control,Kerala Health Department,382439,7903,38,2641,420,75,60,Health_Program
P9_143,2018,Q3,Assam,Guwahati,Child Immunization,UNICEF India,378181,45874,31,3951,273,132,95,Health_Program
P9_144,2017,Q2,Assam,Guwahati,Malaria Control,NHM Odisha,75620,28820,156,772,262,124,83,Health_Program
P9_145,2017,Q3,Kerala,Kochi,Nutrition Program,Punjab Health Mission,307547,15698,131,3268,344,140,66,Health_Program
P9_146,2018,Q3,Punjab,Amritsar,Nutrition Program,NHM Odisha,145193,23582,229,4673,464,42,61,Health_Program
P9_147,2015,Q1,Punjab,Patiala,TB Control,Punjab Health Mission,392283,11822,55,3507,50,59,61,Health_Program
P9_148,2017,Q3,Kerala,Kozhikode,Maternal Health,CARE India,203257,47092,145,3423,766,108,68,Health_Program
P9_149,2018,Q2,Rajasthan,Jodhpur,Maternal Health,Punjab Health Mission,254506,27081,201,1211,445,71,88,Health_Program
P9_150,2016,Q4,Odisha,Bhubaneswar,Nutrition Program,Kerala Health Department,41966,26391,178,618,372,145,93,Health_Program
P9_151,2015,Q2,Assam,Silchar,Malaria Control,Kerala Health Department,377334,44970,73,2857,548,58,94,Health_Program
P9_152,2018,Q4,Rajasthan,Udaipur,TB Control,Punjab Health Mission,176270,42499,94,300,315,172,98,Health_Program
P9_153,2015,Q4,Rajasthan,Jodhpur,TB Control,NHM Odisha,199714,6976,191,2542,306,168,95,Health_Program
P9_154,2016,Q2,Kerala,Thrissur,TB Control,State Health Society Rajasthan,163675,36198,218,2474,367,167,85,Health_Program
P9_155,2016,Q2,Odisha,Cuttack,Nutrition Program,State Health Society Rajasthan,304629,10205,245,2474,631,32,97,Health_Program
P9_156,2018,Q4,Rajasthan,Jaipur,Child Immunization,State Health Society Rajasthan,322959,25392,169,2462,541,158,67,Health_Program
P9_157,2018,Q3,Assam,Silchar,Child Immunization,Assam NRHM,330732,25427,168,4653,758,115,60,Health_Program
P9_158,2015,Q1,Punjab,Patiala,Child Immunization,State Health Society Rajasthan,49548,41367,211,3944,647,27,64,Health_Program
P9_159,2015,Q4,Odisha,Bhubaneswar,Nutrition Program,CARE India,262002,17504,204,4200,517,51,65,Health_Program
P9_160,2016,Q3,Punjab,Ludhiana,Child Immunization,CARE India,148423,40620,165,3546,305,24,77,Health_Program
P9_161,2017,Q4,Rajasthan,Jaipur,Child Immunization,NHM Odisha,121271,23552,186,4049,746,63,67,Health_Program
P9_162,2016,Q1,Kerala,Thrissur,Child Immunization,UNICEF India,213482,20184,159,1251,725,25,65,Health_Program
P9_163,2018,Q1,Kerala,Kozhikode,Child Immunization,State Health Society Rajasthan,215324,6708,60,2272,683,89,75,Health_Program
P9_164,2017,Q4,Kerala,Kozhikode,Malaria Control,UNICEF India,74166,37202,124,104,146,192,85,Health_Program
P9_165,2016,Q2,Assam,Silchar,Child Immunization,Assam NRHM,89174,19210,102,4648,52,48,73,Health_Program
P9_166,2016,Q2,Punjab,Ludhiana,TB Control,Assam NRHM,49746,25673,95,979,185,133,87,Health_Program
P9_167,2015,Q4,Odisha,Bhubaneswar,Maternal Health,Kerala Health Department,339016,17540,166,3952,581,25,75,Health_Program
P9_168,2015,Q2,Odisha,Cuttack,TB Control,CARE India,328089,30280,249,3637,458,191,78,Health_Program
P9_169,2018,Q4,Odisha,Puri,Nutrition Program,Kerala Health Department,58036,12994,58,4102,420,71,81,Health_Program
P9_170,2018,Q3,Rajasthan,Jaipur,Child Immunization,CARE India,255772,24199,106,2951,246,167,83,Health_Program
P9_171,2017,Q3,Assam,Guwahati,TB Control,Punjab Health Mission,157035,14179,149,456,206,89,75,Health_Program
P9_172,2015,Q3,Odisha,Bhubaneswar,Nutrition Program,UNICEF India,391545,30767,61,2260,193,46,67,Health_Program
P9_173,2018,Q3,Punjab,Ludhiana,Child Immunization,NHM Odisha,126290,42900,170,1156,677,156,89,Health_Program
P9_174,2015,Q3,Rajasthan,Udaipur,Nutrition Program,Assam NRHM,99887,27490,223,1385,786,122,69,Health_Program
P9_175,2015,Q1,Kerala,Kozhikode,Nutrition Program,UNICEF India,329034,29670,27,1215,524,182,93,Health_Program
P9_176,2016,Q1,Rajasthan,Udaipur,Nutrition Program,State Health Society Rajasthan,152391,27216,192,2745,423,112,79,Health_Program
P9_177,2016,Q3,Assam,Silchar,Malaria Control,CARE India,119642,20666,93,3539,209,17,82,Health_Program
P9_178,2018,Q4,Kerala,Thrissur,Child Immunization,State Health Society Rajasthan,159356,14717,120,4981,367,137,61,Health_Program
P9_179,2017,Q3,Kerala,Kozhikode,TB Control,State Health Society Rajasthan,274598,41439,187,2056,113,168,90,Health_Program
P10_0,2017,Q3,Assam,Guwahati,Malaria Control,Assam NRHM,187855,40046,36,2066,252,164,95,Health_Program
P10_1,2018,Q2,Odisha,Bhubaneswar,TB Control,UNICEF India,289603,31374,85,1855,81,104,72,Health_Program
P10_2,2014,Q4,Assam,Guwahati,TB Control,UNICEF India,231010,46596,163,4032,442,197,75,Health_Program
P10_3,2014,Q4,Assam,Silchar,Child Immunization,CARE India,187341,45143,128,4628,218,66,85,Health_Program
P10_4,2016,Q1,Odisha,Puri,Malaria Control,NHM Odisha,58359,49038,238,3726,675,107,66,Health_Program
P10_5,2016,Q2,Assam,Dibrugarh,Nutrition Program,Punjab Health Mission,150915,34052,154,2957,260,76,76,Health_Program
P10_6,2016,Q4,Rajasthan,Jaipur,Child Immunization,Assam NRHM,312852,12129,117,918,497,74,91,Health_Program
P10_7,2017,Q3,Punjab,Patiala,Nutrition Program,UNICEF India,262758,36911,29,2708,622,92,72,Health_Program
P10_8,2016,Q2,Assam,Silchar,Malaria Control,CARE India,48196,39136,196,457,732,17,60,Health_Program
P10_9,2018,Q3,Rajasthan,Udaipur,TB Control,UNICEF India,107560,40910,135,2117,450,20,73,Health_Program
P10_10,2015,Q2,Odisha,Cuttack,Malaria Control,Kerala Health Department,75092,41658,117,4964,131,200,87,Health_Program
P10_11,2014,Q1,Rajasthan,Jodhpur,Nutrition Program,NHM Odisha,100052,42746,30,3794,737,23,96,Health_Program
P10_12,2016,Q2,Assam,Guwahati,Nutrition Program,UNICEF India,140464,19859,205,531,788,77,71,Health_Program
P10_13,2014,Q1,Odisha,Bhubaneswar,TB Control,State Health Society Rajasthan,345883,47472,181,3448,747,90,83,Health_Program
P10_14,2016,Q1,Rajasthan,Jaipur,Child Immunization,Punjab Health Mission,250950,42305,36,4587,295,29,95,Health_Program
P10_15,2014,Q2,Kerala,Thrissur,Maternal Health,NHM Odisha,345860,11485,183,2307,441,157,94,Health_Program
P10_16,2014,Q4,Rajasthan,Jodhpur,Child Immunization,UNICEF India,292520,49599,194,3939,579,85,84,Health_Program
P10_17,2016,Q1,Odisha,Puri,Malaria Control,State Health Society Rajasthan,43118,26945,112,2029,667,137,69,Health_Program
P10_18,2017,Q4,Kerala,Kozhikode,TB Control,UNICEF India,110520,7769,229,4943,296,12,73,Health_Program
P10_19,2018,Q4,Assam,Silchar,Child Immunization,Punjab Health Mission,145457,41763,234,3323,90,92,79,Health_Program
P10_20,2018,Q3,Punjab,Ludhiana,Malaria Control,NHM Odisha,59389,33006,148,1857,732,24,88,Health_Program
P10_21,2018,Q3,Rajasthan,Jaipur,Child Immunization,Assam NRHM,340110,23084,248,3999,134,147,81,Health_Program
P10_22,2014,Q1,Assam,Silchar,Child Immunization,NHM Odisha,356867,6486,85,3184,656,82,94,Health_Program
P10_23,2016,Q2,Odisha,Puri,Malaria Control,State Health Society Rajasthan,142542,34699,205,3440,576,72,65,Health_Program
P10_24,2015,Q1,Punjab,Amritsar,Maternal Health,Kerala Health Department,78936,6675,73,1366,497,144,69,Health_Program
P10_25,2015,Q2,Rajasthan,Jaipur,TB Control,UNICEF India,189588,36790,250,950,257,199,61,Health_Program
P10_26,2018,Q3,Odisha,Bhubaneswar,TB Control,Assam NRHM,309343,8682,91,746,359,27,81,Health_Program
P10_27,2016,Q1,Kerala,Thrissur,Nutrition Program,CARE India,82654,46127,243,1313,123,11,89,Health_Program
P10_28,2015,Q1,Odisha,Puri,TB Control,State Health Society Rajasthan,351443,36561,23,3370,72,33,87,Health_Program
P10_29,2017,Q2,Punjab,Amritsar,Maternal Health,CARE India,343881,31259,146,1764,350,143,72,Health_Program
P10_30,2018,Q4,Rajasthan,Jaipur,Malaria Control,Punjab Health Mission,382429,36432,131,3440,672,73,69,Health_Program
P10_31,2017,Q1,Rajasthan,Udaipur,TB Control,Assam NRHM,196039,14677,231,4854,544,184,83,Health_Program
P10_32,2016,Q1,Punjab,Patiala,Nutrition Program,UNICEF India,237730,20583,31,3706,547,136,79,Health_Program
P10_33,2018,Q2,Kerala,Thrissur,TB Control,State Health Society Rajasthan,50221,14081,157,3495,757,90,80,Health_Program
P10_34,2015,Q4,Assam,Silchar,TB Control,State Health Society Rajasthan,212426,41795,115,1873,737,79,70,Health_Program
P10_35,2018,Q4,Kerala,Kochi,Child Immunization,Kerala Health Department,181221,41688,96,834,165,182,73,Health_Program
P10_36,2018,Q1,Odisha,Cuttack,Child Immunization,CARE India,122953,15208,106,1479,256,49,68,Health_Program
P10_37,2016,Q1,Kerala,Thrissur,Malaria Control,Kerala Health Department,118270,11661,201,2658,403,199,90,Health_Program
P10_38,2017,Q4,Odisha,Bhubaneswar,Malaria Control,Assam NRHM,90780,13247,113,2178,726,52,91,Health_Program
P10_39,2014,Q4,Odisha,Cuttack,Maternal Health,Punjab Health Mission,256813,25927,115,1234,255,179,65,Health_Program
P10_40,2017,Q1,Assam,Guwahati,Maternal Health,UNICEF India,276366,49732,38,360,765,74,88,Health_Program
P10_41,2015,Q4,Kerala,Kozhikode,Child Immunization,Punjab Health Mission,207647,7819,208,424,743,76,60,Health_Program
P10_42,2015,Q1,Assam,Guwahati,Child Immunization,NHM Odisha,302033,42041,176,3503,334,179,67,Health_Program
P10_43,2015,Q3,Odisha,Puri,Child Immunization,CARE India,62452,5500,87,2754,486,178,80,Health_Program
P10_44,2018,Q1,Assam,Silchar,TB Control,UNICEF India,56352,29063,154,1022,549,107,65,Health_Program
P10_45,2017,Q4,Punjab,Patiala,TB Control,CARE India,112552,9706,89,401,510,64,88,Health_Program
P10_46,2015,Q4,Odisha,Puri,Child Immunization,State Health Society Rajasthan,171046,10552,181,3717,502,118,76,Health_Program
P10_47,2016,Q2,Kerala,Thrissur,TB Control,CARE India,63656,8952,150,1476,463,8,84,Health_Program
P10_48,2018,Q2,Rajasthan,Udaipur,Malaria Control,UNICEF India,359871,20775,120,854,716,149,90,Health_Program
P10_49,2018,Q3,Punjab,Amritsar,Malaria Control,NHM Odisha,107502,8327,250,3555,706,42,97,Health_Program
P10_50,2014,Q4,Kerala,Thrissur,Maternal Health,UNICEF India,254581,32822,235,529,487,42,88,Health_Program
P10_51,2015,Q4,Punjab,Patiala,Maternal Health,State Health Society Rajasthan,132442,23842,70,1359,256,73,83,Health_Program
P10_52,2015,Q4,Punjab,Amritsar,TB Control,Punjab Health Mission,370053,36777,42,2231,227,59,63,Health_Program
P10_53,2015,Q2,Kerala,Thrissur,Nutrition Program,UNICEF India,213160,30947,183,1408,431,12,64,Health_Program
P10_54,2018,Q2,Punjab,Amritsar,TB Control,UNICEF India,113619,45947,103,2894,412,167,73,Health_Program
P10_55,2014,Q3,Odisha,Bhubaneswar,Child Immunization,Kerala Health Department,120897,26270,201,2034,710,128,79,Health_Program
P10_56,2014,Q1,Rajasthan,Jodhpur,Nutrition Program,Assam NRHM,362375,42949,60,1974,73,91,73,Health_Program
P10_57,2018,Q1,Odisha,Puri,Malaria Control,Punjab Health Mission,190631,29474,216,4078,533,102,63,Health_Program
P10_58,2017,Q4,Rajasthan,Udaipur,TB Control,Assam NRHM,130624,15003,197,3454,230,164,90,Health_Program
P10_59,2017,Q3,Rajasthan,Jaipur,Nutrition Program,UNICEF India,121335,7670,167,4794,310,166,94,Health_Program
P10_60,2017,Q3,Rajasthan,Jaipur,Maternal Health,NHM Odisha,399705,8451,116,378,366,141,73,Health_Program
P10_61,2017,Q2,Odisha,Puri,Nutrition Program,CARE India,129354,37477,73,4531,367,6,66,Health_Program
P10_62,2018,Q2,Assam,Dibrugarh,Nutrition Program,NHM Odisha,204683,33073,149,2417,521,189,89,Health_Program
P10_63,2015,Q4,Kerala,Kozhikode,Malaria Control,Punjab Health Mission,398086,24079,143,3133,678,80,79,Health_Program
P10_64,2018,Q3,Rajasthan,Jaipur,Malaria Control,Punjab Health Mission,193594,41787,139,2936,791,184,69,Health_Program
P10_65,2015,Q4,Assam,Silchar,Maternal Health,Punjab Health Mission,153940,29621,137,1734,68,86,87,Health_Program
P10_66,2014,Q1,Assam,Dibrugarh,Nutrition Program,NHM Odisha,333884,46112,49,449,567,128,68,Health_Program
P10_67,2014,Q1,Punjab,Amritsar,Malaria Control,Assam NRHM,227673,24751,50,4700,292,73,89,Health_Program
P10_68,2017,Q2,Punjab,Patiala,Nutrition Program,State Health Society Rajasthan,200296,44940,196,3770,90,78,64,Health_Program
P10_69,2016,Q2,Kerala,Kozhikode,Malaria Control,Kerala Health Department,97857,31165,119,4157,794,187,86,Health_Program
P10_70,2015,Q2,Kerala,Thrissur,TB Control,Kerala Health Department,193699,39189,225,130,153,20,62,Health_Program
P10_71,2018,Q2,Assam,Silchar,TB Control,Assam NRHM,82199,43425,83,2279,470,146,88,Health_Program
P10_72,2016,Q4,Rajasthan,Jodhpur,Malaria Control,State Health Society Rajasthan,173361,35007,123,855,358,172,66,Health_Program
P10_73,2016,Q2,Odisha,Puri,Nutrition Program,CARE India,360098,15656,143,2953,689,158,83,Health_Program
P10_74,2017,Q3,Kerala,Kozhikode,Malaria Control,UNICEF India,150542,21050,25,4712,124,172,80,Health_Program
P10_75,2018,Q2,Punjab,Patiala,Malaria Control,Punjab Health Mission,243365,48019,134,2185,242,172,80,Health_Program
P10_76,2017,Q1,Assam,Dibrugarh,Maternal Health,Punjab Health Mission,86883,45780,194,493,244,28,76,Health_Program
P10_77,2015,Q3,Assam,Silchar,Malaria Control,NHM Odisha,152673,25145,243,3521,299,112,62,Health_Program
P10_78,2016,Q1,Rajasthan,Jodhpur,TB Control,State Health Society Rajasthan,293805,24930,36,461,645,165,90,Health_Program
P10_79,2017,Q4,Rajasthan,Jodhpur,Malaria Control,CARE India,40547,16724,219,1122,787,69,73,Health_Program
P10_80,2017,Q1,Assam,Dibrugarh,Malaria Control,Punjab Health Mission,56829,27272,29,1464,170,159,67,Health_Program
P10_81,2015,Q4,Rajasthan,Udaipur,TB Control,UNICEF India,200162,16308,192,530,270,12,67,Health_Program
P10_82,2014,Q2,Kerala,Thrissur,Malaria Control,State Health Society Rajasthan,287028,30021,103,4445,103,62,79,Health_Program
P10_83,2015,Q4,Kerala,Thrissur,Maternal Health,CARE India,355436,27438,169,1245,787,179,86,Health_Program
P10_84,2018,Q3,Punjab,Ludhiana,Maternal Health,Punjab Health Mission,256385,19431,54,1238,106,130,75,Health_Program
P10_85,2017,Q3,Rajasthan,Jaipur,Nutrition Program,UNICEF India,294784,40211,186,4655,154,196,77,Health_Program
P10_86,2015,Q3,Rajasthan,Jodhpur,Malaria Control,Kerala Health Department,129731,9859,108,3765,662,175,98,Health_Program
P10_87,2018,Q4,Assam,Guwahati,Child Immunization,Assam NRHM,292848,14594,218,2345,782,64,94,Health_Program
P10_88,2014,Q3,Rajasthan,Jaipur,Child Immunization,Kerala Health Department,257216,27897,75,3179,551,196,69,Health_Program
P10_89,2018,Q2,Assam,Guwahati,Nutrition Program,NHM Odisha,98191,44801,148,2521,184,132,93,Health_Program
P10_90,2014,Q3,Punjab,Amritsar,TB Control,CARE India,111622,22005,208,212,249,173,90,Health_Program
P10_91,2015,Q3,Punjab,Patiala,Malaria Control,Kerala Health Department,378097,5589,31,371,161,95,73,Health_Program
P10_92,2016,Q2,Kerala,Thrissur,Child Immunization,UNICEF India,120307,17581,165,978,59,73,86,Health_Program
P10_93,2017,Q2,Odisha,Cuttack,Child Immunization,State Health Society Rajasthan,256002,48701,28,1552,689,198,92,Health_Program
P10_94,2016,Q2,Odisha,Puri,Nutrition Program,Punjab Health Mission,105469,23299,210,3530,246,172,72,Health_Program
P10_95,2017,Q3,Odisha,Cuttack,TB Control,Assam NRHM,94782,36118,188,3960,260,95,78,Health_Program
P10_96,2017,Q3,Assam,Guwahati,Child Immunization,State Health Society Rajasthan,261114,26176,49,437,300,55,75,Health_Program
P10_97,2014,Q2,Punjab,Ludhiana,Malaria Control,Assam NRHM,120378,5605,214,3574,347,66,85,Health_Program
P10_98,2016,Q3,Punjab,Amritsar,TB Control,Kerala Health Department,254404,18260,22,2312,734,22,90,Health_Program
P10_99,2016,Q1,Odisha,Puri,TB Control,Kerala Health Department,316444,36646,148,2458,323,61,70,Health_Program
P10_100,2018,Q1,Punjab,Patiala,Nutrition Program,NHM Odisha,376723,30474,195,1393,374,182,64,Health_Program
P10_101,2017,Q4,Rajasthan,Udaipur,Child Immunization,Kerala Health Department,215870,32574,132,2961,177,125,71,Health_Program
P10_102,2018,Q1,Assam,Guwahati,Nutrition Program,UNICEF India,81805,17839,103,4772,394,185,60,Health_Program
P10_103,2015,Q1,Punjab,Patiala,Nutrition Program,Punjab Health Mission,152606,33403,202,4292,312,196,69,Health_Program
P10_104,2018,Q2,Punjab,Patiala,Malaria Control,NHM Odisha,83046,39102,250,4307,491,34,90,Health_Program
P10_105,2015,Q2,Rajasthan,Jodhpur,Maternal Health,CARE India,103197,44733,147,3334,253,53,60,Health_Program
P10_106,2014,Q4,Punjab,Patiala,Child Immunization,State Health Society Rajasthan,284287,31485,105,1739,367,183,92,Health_Program
P10_107,2017,Q1,Rajasthan,Jaipur,Nutrition Program,NHM Odisha,384326,6742,128,276,442,95,80,Health_Program
P10_108,2014,Q2,Kerala,Thrissur,Malaria Control,CARE India,115402,25285,71,1961,423,88,77,Health_Program
P10_109,2014,Q1,Rajasthan,Jaipur,Nutrition Program,State Health Society Rajasthan,145912,5946,21,3071,352,3,95,Health_Program
P10_110,2018,Q3,Punjab,Patiala,Malaria Control,Punjab Health Mission,328137,41337,30,1403,542,127,81,Health_Program
P10_111,2018,Q2,Punjab,Amritsar,Malaria Control,Assam NRHM,388056,9494,156,4728,745,157,90,Health_Program
P10_112,2015,Q4,Assam,Guwahati,TB Control,UNICEF India,346538,35103,108,1718,295,158,81,Health_Program
P10_113,2015,Q2,Odisha,Cuttack,TB Control,State Health Society Rajasthan,202842,31415,201,726,380,85,66,Health_Program
P10_114,2015,Q1,Rajasthan,Udaipur,Child Immunization,Kerala Health Department,123553,24170,221,1498,178,200,79,Health_Program
P10_115,2014,Q3,Punjab,Ludhiana,Maternal Health,State Health Society Rajasthan,287656,28709,146,4081,582,124,71,Health_Program
P10_116,2018,Q2,Odisha,Cuttack,Maternal Health,Kerala Health Department,210334,41911,135,4322,537,93,83,Health_Program
P10_117,2014,Q2,Rajasthan,Jaipur,Nutrition Program,Punjab Health Mission,382295,11940,146,4701,276,110,74,Health_Program
P10_118,2018,Q4,Punjab,Amritsar,TB Control,Kerala Health Department,171416,43382,174,2985,191,190,60,Health_Program
P10_119,2018,Q2,Odisha,Bhubaneswar,Maternal Health,UNICEF India,179535,17687,145,4253,380,104,70,Health_Program
P10_120,2015,Q2,Kerala,Kochi,Maternal Health,Assam NRHM,263928,46804,191,1322,374,94,75,Health_Program
P10_121,2018,Q2,Kerala,Kochi,TB Control,CARE India,120990,14175,245,2647,51,92,61,Health_Program
P10_122,2014,Q4,Rajasthan,Jaipur,Maternal Health,NHM Odisha,203052,29322,218,2868,220,182,97,Health_Program
P10_123,2015,Q3,Rajasthan,Jodhpur,Child Immunization,UNICEF India,365508,30613,181,3552,488,199,70,Health_Program
P10_124,2015,Q2,Rajasthan,Jaipur,Malaria Control,State Health Society Rajasthan,177240,41978,52,4674,608,191,71,Health_Program
P10_125,2014,Q3,Rajasthan,Jaipur,Maternal Health,Punjab Health Mission,168338,31134,67,1407,461,189,61,Health_Program
P10_126,2018,Q3,Punjab,Amritsar,Child Immunization,Assam NRHM,151482,28324,134,1539,406,160,72,Health_Program
P10_127,2015,Q1,Rajasthan,Jaipur,Nutrition Program,Punjab Health Mission,390727,23634,178,3562,79,53,81,Health_Program
P10_128,2018,Q3,Punjab,Ludhiana,TB Control,Kerala Health Department,319927,5710,250,2138,377,181,69,Health_Program
P10_129,2018,Q1,Odisha,Cuttack,Malaria Control,CARE India,364390,35629,148,4750,212,157,84,Health_Program
P10_130,2017,Q1,Kerala,Thrissur,Maternal Health,CARE India,255698,6843,176,4557,256,122,78,Health_Program
P10_131,2016,Q3,Odisha,Puri,Maternal Health,CARE India,116964,27665,178,4206,78,64,80,Health_Program
P10_132,2014,Q2,Odisha,Cuttack,Maternal Health,Punjab Health Mission,70324,28826,70,2586,742,146,65,Health_Program
P10_133,2018,Q1,Assam,Silchar,Nutrition Program,UNICEF India,356964,5375,139,1386,383,29,73,Health_Program
P10_134,2015,Q3,Punjab,Ludhiana,TB Control,State Health Society Rajasthan,189249,15222,187,2737,472,18,67,Health_Program
P10_135,2015,Q2,Punjab,Amritsar,Malaria Control,UNICEF India,187838,27214,173,4704,82,20,81,Health_Program
P10_136,2017,Q2,Punjab,Patiala,TB Control,Punjab Health Mission,74108,33693,137,3811,124,160,73,Health_Program
P10_137,2015,Q1,Kerala,Thrissur,Maternal Health,CARE India,394837,10074,84,4125,373,144,98,Health_Program
P10_138,2018,Q3,Assam,Silchar,Nutrition Program,UNICEF India,143202,42824,231,1480,750,48,63,Health_Program
P10_139,2014,Q3,Assam,Guwahati,Malaria Control,State Health Society Rajasthan,61856,28127,92,2648,198,28,70,Health_Program
P10_140,2014,Q2,Assam,Silchar,Nutrition Program,CARE India,251126,15773,73,1888,236,117,76,Health_Program
P10_141,2017,Q2,Odisha,Cuttack,Maternal Health,NHM Odisha,386925,7821,232,1542,770,91,62,Health_Program
P10_142,2015,Q1,Assam,Guwahati,TB Control,NHM Odisha,363639,12256,141,837,412,63,88,Health_Program
P10_143,2018,Q3,Odisha,Puri,Malaria Control,Assam NRHM,238107,31883,113,2334,281,75,71,Health_Program
P10_144,2015,Q2,Kerala,Kochi,Child Immunization,NHM Odisha,288313,29205,180,1973,224,188,92,Health_Program
P10_145,2018,Q1,Kerala,Thrissur,Maternal Health,NHM Odisha,90556,8283,123,4313,306,116,66,Health_Program
P10_146,2016,Q4,Rajasthan,Jaipur,Malaria Control,Assam NRHM,124477,39651,126,4844,573,2,76,Health_Program
P10_147,2016,Q3,Kerala,Thrissur,Malaria Control,Assam NRHM,110695,33595,47,2298,659,61,63,Health_Program
P10_148,2018,Q4,Assam,Silchar,Child Immunization,CARE India,187642,24727,186,2484,414,69,73,Health_Program
P10_149,2014,Q3,Odisha,Bhubaneswar,TB Control,Punjab Health Mission,385215,38783,221,3529,617,146,95,Health_Program
P10_150,2016,Q3,Rajasthan,Jodhpur,Nutrition Program,State Health Society Rajasthan,125318,39512,130,3797,112,11,62,Health_Program
P10_151,2014,Q1,Odisha,Cuttack,Malaria Control,CARE India,321725,38118,41,835,70,37,68,Health_Program
P10_152,2014,Q3,Punjab,Patiala,Maternal Health,Punjab Health Mission,99304,9663,226,2852,768,52,65,Health_Program
P10_153,2015,Q4,Kerala,Kozhikode,Malaria Control,Punjab Health Mission,79411,38671,80,2368,410,8,91,Health_Program
P10_154,2014,Q4,Assam,Dibrugarh,Child Immunization,State Health Society Rajasthan,227574,10591,131,631,276,200,61,Health_Program
P10_155,2018,Q2,Assam,Silchar,Nutrition Program,CARE India,70239,48124,95,4124,751,91,85,Health_Program
P10_156,2015,Q2,Assam,Dibrugarh,Maternal Health,CARE India,328963,21316,95,4110,509,4,60,Health_Program
P10_157,2014,Q4,Rajasthan,Udaipur,Maternal Health,CARE India,235487,16399,194,143,491,40,63,Health_Program
P10_158,2018,Q1,Punjab,Ludhiana,Child Immunization,UNICEF India,348233,40994,43,4869,61,2,72,Health_Program
P10_159,2017,Q3,Rajasthan,Jaipur,Nutrition Program,NHM Odisha,47588,48117,190,2536,337,161,88,Health_Program
P10_160,2018,Q4,Kerala,Kozhikode,Malaria Control,NHM Odisha,298921,46230,74,4660,571,111,66,Health_Program
P10_161,2018,Q2,Rajasthan,Jodhpur,Nutrition Program,CARE India,78226,14024,30,2715,443,58,83,Health_Program
P10_162,2016,Q2,Odisha,Cuttack,Malaria Control,Assam NRHM,277835,48608,161,2979,227,167,97,Health_Program
P10_163,2017,Q2,Odisha,Puri,TB Control,Kerala Health Department,122873,39878,169,3737,220,51,81,Health_Program
P10_164,2017,Q3,Rajasthan,Jaipur,Nutrition Program,Assam NRHM,60070,47635,166,2326,120,80,64,Health_Program
P10_165,2016,Q1,Odisha,Bhubaneswar,Child Immunization,Punjab Health Mission,396218,49625,230,4609,664,112,83,Health_Program
P10_166,2018,Q1,Rajasthan,Jodhpur,Nutrition Program,UNICEF India,160453,37514,206,3193,427,175,67,Health_Program
P10_167,2014,Q2,Assam,Guwahati,Nutrition Program,NHM Odisha,185496,37796,160,4727,436,107,86,Health_Program
P10_168,2015,Q3,Rajasthan,Jaipur,Malaria Control,Punjab Health Mission,126606,16553,103,1839,84,193,66,Health_Program
P10_169,2015,Q4,Kerala,Thrissur,TB Control,Assam NRHM,151284,9621,56,4215,428,191,61,Health_Program
P10_170,2017,Q4,Kerala,Thrissur,Maternal Health,Punjab Health Mission,197269,20759,87,3114,756,177,72,Health_Program
P10_171,2014,Q3,Rajasthan,Jaipur,Nutrition Program,Assam NRHM,399681,18000,247,184,691,122,80,Health_Program
P10_172,2017,Q4,Assam,Dibrugarh,Malaria Control,CARE India,40988,22556,61,3238,431,154,82,Health_Program
P10_173,2018,Q4,Assam,Guwahati,Child Immunization,UNICEF India,380393,29363,136,774,682,168,92,Health_Program
P10_174,2014,Q3,Odisha,Bhubaneswar,Child Immunization,State Health Society Rajasthan,274556,39133,206,4302,546,117,69,Health_Program
P10_175,2016,Q3,Punjab,Patiala,Maternal Health,Kerala Health Department,148714,9269,53,1294,62,69,80,Health_Program
P10_176,2015,Q4,Odisha,Bhubaneswar,Malaria Control,State Health Society Rajasthan,305995,14278,27,2338,482,175,79,Health_Program
P10_177,2016,Q1,Punjab,Ludhiana,Maternal Health,State Health Society Rajasthan,319871,43818,194,4532,521,2,82,Health_Program
P10_178,2017,Q2,Assam,Silchar,Malaria Control,UNICEF India,298189,31197,156,2678,665,178,95,Health_Program
P10_179,2017,Q1,Rajasthan,Udaipur,Maternal Health,State Health Society Rajasthan,317714,34756,89,3340,109,106,74,Health_Program
P11_0,2020,Q3,Odisha,Cuttack,Malaria Control,Punjab Health Mission,322867,31736,34,401,750,184,61,Health_Program
P11_1,2019,Q2,Assam,Dibrugarh,Malaria Control,NHM Odisha,350685,12195,55,3464,437,38,94,Health_Program
P11_2,2017,Q1,Rajasthan,Jodhpur,Nutrition Program,CARE India,385509,35722,87,3117,313,184,82,Health_Program
P11_3,2020,Q1,Punjab,Amritsar,Child Immunization,CARE India,379170,14507,246,1453,418,140,98,Health_Program
P11_4,2020,Q4,Odisha,Bhubaneswar,Maternal Health,State Health Society Rajasthan,58065,18142,171,2636,595,72,74,Health_Program
P11_5,2019,Q3,Assam,Silchar,Nutrition Program,Assam NRHM,215157,26210,133,4430,739,95,94,Health_Program
P11_6,2020,Q3,Kerala,Thrissur,Maternal Health,Punjab Health Mission,71552,40847,195,3736,356,101,71,Health_Program
P11_7,2020,Q1,Punjab,Ludhiana,Nutrition Program,CARE India,335650,6419,88,2835,610,1,77,Health_Program
P11_8,2020,Q2,Odisha,Bhubaneswar,Maternal Health,Assam NRHM,121019,35660,41,3353,730,17,97,Health_Program
P11_9,2020,Q3,Rajasthan,Jaipur,Child Immunization,UNICEF India,237853,18295,112,3351,270,59,71,Health_Program
P11_10,2020,Q1,Rajasthan,Udaipur,Maternal Health,CARE India,159823,12075,112,4666,325,30,78,Health_Program
P11_11,2018,Q1,Punjab,Patiala,Nutrition Program,Assam NRHM,103030,16173,131,596,285,120,74,Health_Program
P11_12,2017,Q2,Assam,Silchar,Malaria Control,NHM Odisha,227700,27180,147,1537,631,162,93,Health_Program
P11_13,2019,Q4,Odisha,Cuttack,Maternal Health,Assam NRHM,194030,49266,157,4153,68,116,94,Health_Program
P11_14,2018,Q2,Odisha,Bhubaneswar,Nutrition Program,UNICEF India,167804,39500,235,2135,284,78,98,Health_Program
P11_15,2019,Q3,Odisha,Cuttack,Maternal Health,Assam NRHM,312717,6029,210,2019,642,93,65,Health_Program
P11_16,2019,Q3,Odisha,Bhubaneswar,Malaria Control,Kerala Health Department,292988,9901,213,557,327,102,61,Health_Program
P11_17,2018,Q2,Kerala,Kochi,TB Control,CARE India,322177,9341,142,4165,84,97,79,Health_Program
P11_18,2017,Q1,Assam,Guwahati,Nutrition Program,Assam NRHM,290745,30038,174,1198,570,174,83,Health_Program
P11_19,2020,Q1,Kerala,Kochi,Malaria Control,CARE India,95374,29229,158,412,455,133,77,Health_Program
P11_20,2020,Q1,Rajasthan,Jaipur,Nutrition Program,CARE India,234717,14116,193,2605,594,191,74,Health_Program
P11_21,2017,Q4,Assam,Silchar,Nutrition Program,Assam NRHM,191921,45323,246,3825,523,91,64,Health_Program
P11_22,2018,Q3,Punjab,Ludhiana,Maternal Health,CARE India,371417,9924,231,3459,518,6,79,Health_Program
P11_23,2019,Q4,Rajasthan,Udaipur,Nutrition Program,Punjab Health Mission,320080,28531,206,4337,263,187,81,Health_Program
P11_24,2017,Q2,Assam,Guwahati,Malaria Control,Punjab Health Mission,175557,25552,81,2779,259,107,90,Health_Program
P11_25,2018,Q3,Assam,Guwahati,Maternal Health,Kerala Health Department,365721,14054,109,4313,139,196,68,Health_Program
P11_26,2018,Q3,Assam,Guwahati,TB Control,NHM Odisha,64624,33611,97,2914,579,188,90,Health_Program
P11_27,2018,Q2,Punjab,Ludhiana,Child Immunization,Punjab Health Mission,347570,7016,107,2572,121,73,69,Health_Program
P11_28,2020,Q1,Punjab,Ludhiana,TB Control,State Health Society Rajasthan,83371,28265,167,4865,249,53,93,Health_Program
P11_29,2018,Q4,Kerala,Kochi,TB Control,Punjab Health Mission,378601,31401,81,1413,643,38,92,Health_Program
P11_30,2017,Q3,Kerala,Kochi,Child Immunization,NHM Odisha,109591,36594,71,2020,324,133,79,Health_Program
P11_31,2019,Q3,Punjab,Amritsar,Maternal Health,Kerala Health Department,388401,14238,20,1420,754,182,68,Health_Program
P11_32,2020,Q4,Rajasthan,Jaipur,Maternal Health,Punjab Health Mission,104589,22098,21,851,441,192,70,Health_Program
P11_33,2020,Q4,Punjab,Amritsar,Child Immunization,Punjab Health Mission,358949,46112,113,2255,483,82,83,Health_Program
P11_34,2018,Q3,Assam,Silchar,Nutrition Program,State Health Society Rajasthan,92744,37979,158,1283,311,132,89,Health_Program
P11_35,2019,Q1,Odisha,Cuttack,Nutrition Program,CARE India,323247,14413,128,2650,160,128,66,Health_Program
P11_36,2017,Q4,Assam,Dibrugarh,Maternal Health,State Health Society Rajasthan,99877,30094,99,2170,592,97,65,Health_Program
P11_37,2018,Q3,Assam,Guwahati,TB Control,NHM Odisha,282061,38334,191,3529,280,198,88,Health_Program
P11_38,2020,Q3,Assam,Silchar,Malaria Control,Assam NRHM,394419,47918,43,2882,581,81,78,Health_Program
P11_39,2020,Q3,Rajasthan,Jodhpur,Child Immunization,CARE India,74454,13570,23,1868,290,21,87,Health_Program
P11_40,2020,Q1,Assam,Dibrugarh,Maternal Health,State Health Society Rajasthan,388155,24822,40,437,603,153,63,Health_Program
P11_41,2019,Q4,Punjab,Patiala,Malaria Control,Punjab Health Mission,211513,36817,77,3912,272,103,92,Health_Program
P11_42,2017,Q1,Rajasthan,Jaipur,Child Immunization,Punjab Health Mission,310145,24076,185,2197,249,193,94,Health_Program
P11_43,2018,Q3,Odisha,Bhubaneswar,Child Immunization,Kerala Health Department,294159,16201,135,4262,341,116,76,Health_Program
P11_44,2017,Q4,Odisha,Bhubaneswar,Malaria Control,Assam NRHM,121207,28051,160,4013,298,142,72,Health_Program
P11_45,2018,Q4,Punjab,Amritsar,Nutrition Program,CARE India,291487,22129,53,4640,498,10,73,Health_Program
P11_46,2020,Q2,Odisha,Bhubaneswar,TB Control,State Health Society Rajasthan,160633,20601,141,4085,75,17,93,Health_Program
P11_47,2019,Q4,Kerala,Kozhikode,Maternal Health,NHM Odisha,383242,37694,49,498,419,147,76,Health_Program
P11_48,2017,Q3,Punjab,Amritsar,Child Immunization,State Health Society Rajasthan,106171,25763,68,3151,734,90,82,Health_Program
P11_49,2017,Q1,Punjab,Ludhiana,Malaria Control,CARE India,329300,30181,29,1815,67,68,86,Health_Program
P11_50,2020,Q2,Assam,Silchar,Maternal Health,Assam NRHM,298520,19743,57,4885,456,173,95,Health_Program
P11_51,2018,Q3,Odisha,Cuttack,Malaria Control,UNICEF India,74724,40493,100,1990,485,155,64,Health_Program
P11_52,2020,Q2,Odisha,Puri,TB Control,UNICEF India,379992,31287,199,575,252,188,70,Health_Program
P11_53,2020,Q3,Rajasthan,Jodhpur,Child Immunization,NHM Odisha,352892,12711,216,3730,749,123,83,Health_Program
P11_54,2020,Q4,Kerala,Kochi,Child Immunization,State Health Society Rajasthan,345272,10823,216,648,55,161,71,Health_Program
P11_55,2017,Q3,Punjab,Patiala,Child Immunization,Punjab Health Mission,202078,48399,32,1657,344,114,60,Health_Program
P11_56,2019,Q3,Kerala,Kozhikode,TB Control,CARE India,201724,9703,168,2824,253,114,80,Health_Program
P11_57,2018,Q3,Kerala,Kozhikode,Nutrition Program,UNICEF India,311117,16383,85,3347,774,165,66,Health_Program
P11_58,2018,Q1,Odisha,Bhubaneswar,Malaria Control,Punjab Health Mission,154752,8336,76,2473,70,60,69,Health_Program
P11_59,2020,Q4,Assam,Dibrugarh,Child Immunization,NHM Odisha,205620,21550,212,986,677,18,76,Health_Program
P11_60,2017,Q4,Rajasthan,Jaipur,Child Immunization,State Health Society Rajasthan,338851,41580,213,3569,706,178,81,Health_Program
P11_61,2020,Q1,Kerala,Thrissur,Child Immunization,Assam NRHM,118837,42322,118,985,67,59,97,Health_Program
P11_62,2019,Q1,Punjab,Amritsar,Child Immunization,CARE India,375806,28329,246,165,355,198,61,Health_Program
P11_63,2017,Q1,Kerala,Thrissur,Maternal Health,UNICEF India,312801,19616,241,1573,321,24,85,Health_Program
P11_64,2019,Q1,Kerala,Thrissur,Nutrition Program,NHM Odisha,129957,24051,224,2312,678,45,66,Health_Program
P11_65,2017,Q3,Odisha,Cuttack,Child Immunization,State Health Society Rajasthan,169189,13966,53,359,446,157,85,Health_Program
P11_66,2020,Q4,Odisha,Puri,Malaria Control,UNICEF India,387541,48487,24,2916,643,160,72,Health_Program
P11_67,2019,Q3,Punjab,Ludhiana,Malaria Control,Assam NRHM,99685,14645,95,951,774,18,82,Health_Program
P11_68,2018,Q3,Odisha,Cuttack,Child Immunization,UNICEF India,384118,47050,112,2650,104,146,82,Health_Program
P11_69,2018,Q2,Rajasthan,Jaipur,Nutrition Program,Assam NRHM,310296,45922,233,4791,264,192,88,Health_Program
P11_70,2017,Q1,Assam,Guwahati,TB Control,Punjab Health Mission,153973,26176,208,3763,153,172,91,Health_Program
P11_71,2017,Q2,Kerala,Thrissur,Maternal Health,State Health Society Rajasthan,310928,34886,206,4048,410,30,72,Health_Program
P11_72,2017,Q4,Punjab,Patiala,Malaria Control,CARE India,328664,48964,136,1422,259,194,88,Health_Program
P11_73,2017,Q2,Assam,Silchar,TB Control,Punjab Health Mission,321528,40147,157,328,406,188,88,Health_Program
P11_74,2019,Q1,Assam,Dibrugarh,Maternal Health,Assam NRHM,304020,47880,226,3720,56,156,98,Health_Program
P11_75,2019,Q4,Odisha,Cuttack,Malaria Control,CARE India,246323,30760,81,2137,620,11,62,Health_Program
P11_76,2019,Q1,Rajasthan,Jaipur,Maternal Health,CARE India,253043,47991,95,2238,733,109,63,Health_Program
P11_77,2020,Q1,Kerala,Kochi,Malaria Control,Kerala Health Department,395086,46833,185,200,461,88,63,Health_Program
P11_78,2018,Q1,Assam,Silchar,Malaria Control,UNICEF India,189902,15560,148,4648,331,10,89,Health_Program
P11_79,2019,Q1,Punjab,Ludhiana,Nutrition Program,State Health Society Rajasthan,142794,5527,180,2109,296,125,66,Health_Program
P11_80,2018,Q4,Odisha,Bhubaneswar,TB Control,Punjab Health Mission,384584,6944,235,452,646,19,77,Health_Program
P11_81,2018,Q1,Punjab,Amritsar,TB Control,Punjab Health Mission,81421,6229,166,3269,537,76,82,Health_Program
P11_82,2019,Q1,Rajasthan,Jaipur,Malaria Control,Punjab Health Mission,67533,19416,113,1586,562,21,98,Health_Program
P11_83,2018,Q1,Punjab,Amritsar,Nutrition Program,Assam NRHM,349912,19833,196,900,624,147,87,Health_Program
P11_84,2020,Q3,Odisha,Cuttack,Malaria Control,CARE India,196240,5721,182,2975,777,195,64,Health_Program
P11_85,2020,Q4,Assam,Dibrugarh,Malaria Control,UNICEF India,363899,17924,94,532,147,113,61,Health_Program
P11_86,2018,Q4,Odisha,Puri,Malaria Control,UNICEF India,326881,25345,72,1342,744,174,83,Health_Program
P11_87,2020,Q1,Rajasthan,Udaipur,Malaria Control,State Health Society Rajasthan,386973,18897,49,684,282,65,86,Health_Program
P11_88,2020,Q2,Kerala,Thrissur,Malaria Control,Assam NRHM,196796,16656,162,2669,129,90,97,Health_Program
P11_89,2019,Q2,Rajasthan,Udaipur,Malaria Control,Punjab Health Mission,234653,34623,211,3074,694,191,73,Health_Program
P11_90,2020,Q3,Punjab,Ludhiana,TB Control,State Health Society Rajasthan,284607,35726,185,3429,727,123,88,Health_Program
P11_91,2020,Q2,Odisha,Bhubaneswar,Nutrition Program,UNICEF India,172742,14044,127,2565,271,39,79,Health_Program
P11_92,2018,Q3,Punjab,Ludhiana,Nutrition Program,NHM Odisha,171102,14372,83,1937,68,116,60,Health_Program
P11_93,2018,Q3,Odisha,Puri,Child Immunization,Punjab Health Mission,398660,43643,141,1024,458,135,67,Health_Program
P11_94,2019,Q2,Rajasthan,Udaipur,Nutrition Program,NHM Odisha,307354,28187,237,267,716,195,68,Health_Program
P11_95,2019,Q4,Odisha,Bhubaneswar,Malaria Control,NHM Odisha,320961,24986,129,2859,724,19,64,Health_Program
P11_96,2019,Q2,Assam,Guwahati,TB Control,State Health Society Rajasthan,304287,40817,27,571,81,32,67,Health_Program
P11_97,2019,Q1,Assam,Silchar,TB Control,CARE India,322062,18274,243,1089,89,191,89,Health_Program
P11_98,2017,Q1,Rajasthan,Jaipur,Child Immunization,Assam NRHM,240899,17902,25,2784,163,86,75,Health_Program
P11_99,2020,Q1,Punjab,Ludhiana,Child Immunization,State Health Society Rajasthan,120866,25237,44,3579,740,166,84,Health_Program
P11_100,2019,Q2,Punjab,Ludhiana,TB Control,Kerala Health Department,76894,23788,135,3218,525,177,76,Health_Program
P11_101,2018,Q1,Assam,Silchar,TB Control,Kerala Health Department,339586,18102,162,2952,443,160,87,Health_Program
P11_102,2019,Q2,Rajasthan,Udaipur,Child Immunization,State Health Society Rajasthan,271101,35050,121,2418,127,118,65,Health_Program
P11_103,2019,Q4,Punjab,Ludhiana,Nutrition Program,CARE India,221692,36390,82,4695,238,116,87,Health_Program
P11_104,2020,Q2,Punjab,Amritsar,TB Control,Punjab Health Mission,256917,9370,70,830,686,17,78,Health_Program
P11_105,2017,Q3,Odisha,Puri,TB Control,UNICEF India,190668,33013,113,3737,447,85,84,Health_Program
P11_106,2017,Q4,Rajasthan,Jodhpur,Child Immunization,NHM Odisha,316526,33897,152,4221,467,48,78,Health_Program
P11_107,2020,Q3,Punjab,Patiala,Maternal Health,Assam NRHM,370756,35393,44,3651,251,199,80,Health_Program
P11_108,2020,Q2,Punjab,Amritsar,Nutrition Program,NHM Odisha,100905,24005,177,3717,389,104,87,Health_Program
P11_109,2017,Q4,Odisha,Cuttack,Child Immunization,CARE India,239636,44649,221,4220,325,0,74,Health_Program
P11_110,2017,Q2,Assam,Dibrugarh,Malaria Control,Kerala Health Department,99174,30507,102,139,99,107,77,Health_Program
P11_111,2020,Q4,Assam,Silchar,Child Immunization,UNICEF India,206279,28647,234,1188,687,161,77,Health_Program
P11_112,2018,Q2,Rajasthan,Jodhpur,TB Control,Punjab Health Mission,351919,49248,127,454,474,140,98,Health_Program
P11_113,2019,Q2,Rajasthan,Jodhpur,TB Control,Punjab Health Mission,264505,26029,49,1533,781,91,80,Health_Program
P11_114,2019,Q2,Punjab,Ludhiana,Malaria Control,CARE India,95024,47590,212,3678,365,156,60,Health_Program
P11_115,2017,Q3,Kerala,Kozhikode,TB Control,Punjab Health Mission,165959,44572,125,2821,465,186,61,Health_Program
P11_116,2020,Q4,Kerala,Kochi,Malaria Control,NHM Odisha,367723,19823,247,4456,397,172,63,Health_Program
P11_117,2017,Q2,Assam,Dibrugarh,Nutrition Program,Kerala Health Department,91841,37809,31,453,676,7,89,Health_Program
P11_118,2019,Q3,Kerala,Kochi,Nutrition Program,Assam NRHM,319729,44726,128,3865,362,22,75,Health_Program
P11_119,2018,Q2,Odisha,Bhubaneswar,Malaria Control,Assam NRHM,369386,47915,47,765,79,58,89,Health_Program
P11_120,2018,Q4,Assam,Silchar,Child Immunization,Assam NRHM,195200,22644,87,1098,478,112,81,Health_Program
P11_121,2017,Q2,Kerala,Kozhikode,Malaria Control,Assam NRHM,53356,33296,103,489,630,13,64,Health_Program
P11_122,2017,Q4,Kerala,Kozhikode,Child Immunization,State Health Society Rajasthan,166851,44040,144,1728,182,31,88,Health_Program
P11_123,2020,Q2,Kerala,Kozhikode,Malaria Control,Assam NRHM,188993,8962,96,2276,347,39,61,Health_Program
P11_124,2020,Q2,Assam,Dibrugarh,Maternal Health,Punjab Health Mission,392358,24529,140,3380,717,173,87,Health_Program
P11_125,2017,Q1,Punjab,Patiala,Child Immunization,Punjab Health Mission,235420,26699,112,4885,81,162,79,Health_Program
P11_126,2018,Q2,Odisha,Puri,TB Control,Punjab Health Mission,344195,44090,92,2773,394,25,67,Health_Program
P11_127,2020,Q4,Rajasthan,Jaipur,Maternal Health,Assam NRHM,323332,22225,84,2397,660,115,67,Health_Program
P11_128,2018,Q3,Odisha,Puri,Maternal Health,Punjab Health Mission,121415,41706,102,2721,418,73,69,Health_Program
P11_129,2017,Q2,Assam,Silchar,Malaria Control,Punjab Health Mission,383748,36121,31,4791,287,11,91,Health_Program
P11_130,2017,Q4,Odisha,Puri,Malaria Control,Assam NRHM,296487,18062,188,1282,664,156,80,Health_Program
P11_131,2018,Q4,Punjab,Patiala,Child Immunization,Assam NRHM,128566,8736,234,4006,509,69,78,Health_Program
P11_132,2017,Q3,Punjab,Amritsar,Maternal Health,Punjab Health Mission,118555,14668,71,2635,306,4,79,Health_Program
P11_133,2018,Q2,Rajasthan,Jodhpur,TB Control,Kerala Health Department,279776,7115,197,3310,56,186,90,Health_Program
P11_134,2020,Q2,Kerala,Kochi,Maternal Health,UNICEF India,301415,8710,138,150,97,190,76,Health_Program
P11_135,2019,Q2,Rajasthan,Udaipur,Nutrition Program,Assam NRHM,131362,39977,43,4722,521,169,72,Health_Program
P11_136,2017,Q3,Kerala,Kochi,Maternal Health,UNICEF India,219324,27211,144,1934,90,33,88,Health_Program
P11_137,2020,Q1,Kerala,Thrissur,Malaria Control,UNICEF India,168133,17946,201,1995,171,82,65,Health_Program
P11_138,2017,Q1,Odisha,Puri,TB Control,UNICEF India,131015,34798,84,3365,326,179,65,Health_Program
P11_139,2019,Q3,Odisha,Bhubaneswar,Maternal Health,Kerala Health Department,199448,26195,120,4700,466,70,85,Health_Program
P11_140,2018,Q2,Kerala,Kochi,Child Immunization,CARE India,336259,18222,84,1204,711,157,79,Health_Program
P11_141,2017,Q3,Assam,Dibrugarh,Malaria Control,Kerala Health Department,80880,41160,125,300,269,176,86,Health_Program
P11_142,2018,Q2,Odisha,Cuttack,Nutrition Program,Kerala Health Department,127769,45167,135,4400,734,35,88,Health_Program
P11_143,2019,Q2,Punjab,Amritsar,Malaria Control,NHM Odisha,81787,30722,182,2478,657,72,92,Health_Program
P11_144,2020,Q3,Kerala,Kozhikode,Malaria Control,UNICEF India,256862,5083,126,1930,80,120,75,Health_Program
P11_145,2020,Q3,Assam,Dibrugarh,Nutrition Program,Kerala Health Department,281628,24089,203,4431,350,69,78,Health_Program
P11_146,2019,Q1,Odisha,Puri,Malaria Control,State Health Society Rajasthan,185446,36713,106,4175,197,32,92,Health_Program
P11_147,2020,Q2,Odisha,Bhubaneswar,Maternal Health,Kerala Health Department,309110,34445,128,2760,409,10,89,Health_Program
P11_148,2017,Q1,Rajasthan,Jaipur,Maternal Health,Assam NRHM,122269,21355,69,1969,219,120,96,Health_Program
P11_149,2018,Q4,Kerala,Kochi,Maternal Health,UNICEF India,383954,8951,130,4614,299,177,63,Health_Program
P11_150,2017,Q4,Punjab,Amritsar,Malaria Control,UNICEF India,179308,46395,71,1897,660,117,92,Health_Program
P11_151,2020,Q4,Punjab,Ludhiana,Maternal Health,CARE India,305047,32675,242,4614,646,165,73,Health_Program
P11_152,2017,Q3,Kerala,Kochi,Nutrition Program,State Health Society Rajasthan,359583,35083,52,4239,423,17,93,Health_Program
P11_153,2019,Q1,Assam,Dibrugarh,Maternal Health,Punjab Health Mission,278960,5760,144,4062,762,71,77,Health_Program
P11_154,2020,Q2,Kerala,Kochi,TB Control,NHM Odisha,211165,17760,37,2963,686,86,60,Health_Program
P11_155,2019,Q4,Odisha,Bhubaneswar,Nutrition Program,State Health Society Rajasthan,56090,23883,23,2432,703,184,62,Health_Program
P11_156,2019,Q1,Assam,Silchar,Nutrition Program,Punjab Health Mission,206357,44911,99,1236,457,130,69,Health_Program
P11_157,2019,Q1,Assam,Dibrugarh,Malaria Control,State Health Society Rajasthan,186966,18971,145,1629,401,65,97,Health_Program
P11_158,2018,Q3,Odisha,Bhubaneswar,TB Control,CARE India,385956,38369,226,2857,408,103,80,Health_Program
P11_159,2020,Q2,Odisha,Puri,Malaria Control,UNICEF India,170301,44073,227,2647,479,7,85,Health_Program
P11_160,2017,Q4,Assam,Dibrugarh,Malaria Control,Kerala Health Department,304199,40110,155,2325,492,24,70,Health_Program
P11_161,2019,Q3,Assam,Guwahati,Nutrition Program,NHM Odisha,285424,11381,72,4105,766,45,94,Health_Program
P11_162,2019,Q2,Kerala,Thrissur,TB Control,CARE India,386293,33909,149,3184,179,28,93,Health_Program
P11_163,2020,Q1,Rajasthan,Jaipur,Maternal Health,Assam NRHM,271693,45483,78,1328,316,38,80,Health_Program
P11_164,2019,Q3,Kerala,Thrissur,Malaria Control,Punjab Health Mission,136420,17090,22,4973,87,76,68,Health_Program
P11_165,2020,Q4,Kerala,Kochi,TB Control,UNICEF India,160755,12553,33,1708,92,82,93,Health_Program
P11_166,2020,Q1,Assam,Silchar,Child Immunization,State Health Society Rajasthan,104937,32763,197,3165,379,88,60,Health_Program
P11_167,2018,Q1,Rajasthan,Jodhpur,Malaria Control,Assam NRHM,222297,29634,100,3874,428,155,98,Health_Program
P11_168,2017,Q3,Rajasthan,Jaipur,Maternal Health,NHM Odisha,173532,13020,85,3912,71,4,67,Health_Program
P11_169,2020,Q1,Rajasthan,Jodhpur,TB Control,Punjab Health Mission,346213,21993,214,2429,517,171,74,Health_Program
P11_170,2018,Q4,Assam,Silchar,Malaria Control,Kerala Health Department,324982,43567,212,4550,751,84,87,Health_Program
P11_171,2017,Q2,Punjab,Amritsar,Nutrition Program,State Health Society Rajasthan,121699,5824,176,213,347,64,98,Health_Program
P11_172,2020,Q1,Rajasthan,Jodhpur,Child Immunization,Kerala Health Department,143517,46600,159,1036,190,10,73,Health_Program
P11_173,2020,Q2,Rajasthan,Jaipur,Malaria Control,NHM Odisha,243015,43439,132,2090,397,3,68,Health_Program
P11_174,2018,Q1,Assam,Dibrugarh,Maternal Health,Assam NRHM,228568,35462,45,1071,274,193,90,Health_Program
P11_175,2017,Q3,Kerala,Kozhikode,Malaria Control,State Health Society Rajasthan,232767,40153,121,3712,447,169,84,Health_Program
P11_176,2018,Q2,Rajasthan,Jodhpur,Malaria Control,CARE India,43011,49150,243,3651,382,104,65,Health_Program
P11_177,2018,Q3,Assam,Guwahati,Malaria Control,UNICEF India,118715,49172,39,2465,464,164,83,Health_Program
P11_178,2020,Q1,Kerala,Kozhikode,Malaria Control,Punjab Health Mission,348764,36130,110,1177,439,6,89,Health_Program
P11_179,2018,Q4,Assam,Silchar,Child Immunization,Assam NRHM,87650,9774,137,2881,489,41,91,Health_Program
P12_0,2022,Q1,Punjab,Amritsar,Child Immunization,CARE India,65242,24386,39,3033,454,7,75,Health_Program
P12_1,2022,Q1,Odisha,Puri,TB Control,Punjab Health Mission,258000,24596,165,1992,746,65,72,Health_Program
P12_2,2023,Q1,Kerala,Thrissur,Nutrition Program,NHM Odisha,350223,17161,159,2861,440,118,92,Health_Program
P12_3,2023,Q2,Punjab,Amritsar,Nutrition Program,Assam NRHM,65121,44159,99,3988,572,196,70,Health_Program
P12_4,2021,Q1,Rajasthan,Jodhpur,Nutrition Program,Punjab Health Mission,277749,7874,207,3908,241,62,66,Health_Program
P12_5,2022,Q3,Kerala,Kozhikode,Maternal Health,Assam NRHM,45043,46970,103,3958,666,109,81,Health_Program
P12_6,2022,Q4,Kerala,Kozhikode,Nutrition Program,Punjab Health Mission,285140,13695,37,2179,562,143,91,Health_Program
P12_7,2024,Q2,Rajasthan,Udaipur,Maternal Health,UNICEF India,154336,8913,119,2099,322,120,95,Health_Program
P12_8,2021,Q3,Punjab,Amritsar,Nutrition Program,State Health Society Rajasthan,233511,39574,223,3278,404,22,66,Health_Program
P12_9,2022,Q3,Assam,Dibrugarh,Nutrition Program,State Health Society Rajasthan,233685,25461,130,4953,217,139,67,Health_Program
P12_10,2022,Q2,Punjab,Patiala,Child Immunization,Assam NRHM,387044,45595,247,849,484,186,72,Health_Program
P12_11,2022,Q1,Kerala,Kochi,Child Immunization,Punjab Health Mission,117250,12294,29,3134,573,97,70,Health_Program
P12_12,2024,Q1,Assam,Silchar,Nutrition Program,NHM Odisha,249618,25115,198,3192,139,32,60,Health_Program
P12_13,2023,Q1,Assam,Guwahati,TB Control,Kerala Health Department,246186,9685,110,220,223,122,83,Health_Program
P12_14,2024,Q1,Rajasthan,Udaipur,Child Immunization,Punjab Health Mission,209144,48844,196,758,742,194,95,Health_Program
P12_15,2021,Q4,Assam,Dibrugarh,Child Immunization,Assam NRHM,368930,12018,155,1818,455,168,90,Health_Program
P12_16,2024,Q2,Kerala,Kochi,Maternal Health,Assam NRHM,322905,46085,57,2952,188,95,64,Health_Program
P12_17,2024,Q2,Assam,Guwahati,Maternal Health,UNICEF India,342396,30769,98,2756,634,178,96,Health_Program
P12_18,2021,Q4,Assam,Silchar,Child Immunization,UNICEF India,109874,35953,33,1908,456,47,74,Health_Program
P12_19,2021,Q2,Assam,Guwahati,Nutrition Program,Kerala Health Department,181045,11457,21,4679,366,68,96,Health_Program
P12_20,2024,Q1,Punjab,Ludhiana,Maternal Health,Assam NRHM,376548,27434,152,810,109,18,84,Health_Program
P12_21,2024,Q3,Kerala,Thrissur,Child Immunization,Punjab Health Mission,104736,41428,98,2100,501,167,73,Health_Program
P12_22,2023,Q4,Assam,Dibrugarh,Maternal Health,UNICEF India,374429,41125,199,4883,757,37,91,Health_Program
P12_23,2024,Q3,Odisha,Bhubaneswar,Maternal Health,State Health Society Rajasthan,320730,41329,156,2364,597,26,97,Health_Program
P12_24,2021,Q4,Punjab,Patiala,Maternal Health,Assam NRHM,347274,35400,195,2126,493,104,76,Health_Program
P12_25,2023,Q4,Assam,Silchar,Child Immunization,NHM Odisha,151636,16267,87,4164,757,13,95,Health_Program
P12_26,2022,Q3,Odisha,Cuttack,TB Control,State Health Society Rajasthan,358095,20261,61,3667,50,19,89,Health_Program
P12_27,2024,Q4,Kerala,Kochi,Nutrition Program,UNICEF India,53869,39494,174,2523,774,32,77,Health_Program
P12_28,2023,Q4,Odisha,Bhubaneswar,Malaria Control,Kerala Health Department,264483,43903,176,4751,715,177,68,Health_Program
P12_29,2021,Q4,Punjab,Patiala,Child Immunization,NHM Odisha,345068,12699,75,1496,349,30,98,Health_Program
P12_30,2023,Q1,Kerala,Thrissur,Maternal Health,NHM Odisha,217522,22925,46,495,655,185,88,Health_Program
P12_31,2022,Q1,Assam,Guwahati,TB Control,Punjab Health Mission,76335,43642,105,1777,280,56,82,Health_Program
P12_32,2021,Q1,Assam,Dibrugarh,Nutrition Program,NHM Odisha,323457,16789,136,1535,308,129,71,Health_Program
P12_33,2022,Q1,Assam,Guwahati,Malaria Control,Punjab Health Mission,115824,49147,232,4612,76,49,86,Health_Program
P12_34,2021,Q1,Kerala,Kozhikode,Malaria Control,NHM Odisha,172759,5191,171,2491,320,177,96,Health_Program
P12_35,2022,Q3,Punjab,Ludhiana,Maternal Health,NHM Odisha,177603,44782,80,482,292,14,71,Health_Program
P12_36,2024,Q4,Rajasthan,Jodhpur,Malaria Control,Punjab Health Mission,158247,32478,27,4032,704,8,89,Health_Program
P12_37,2022,Q4,Odisha,Cuttack,Nutrition Program,Assam NRHM,246468,14287,177,1364,91,195,73,Health_Program
P12_38,2024,Q1,Punjab,Ludhiana,Maternal Health,UNICEF India,321707,8723,230,556,770,199,84,Health_Program
P12_39,2021,Q3,Assam,Dibrugarh,TB Control,Assam NRHM,315364,42397,232,1265,381,64,80,Health_Program
P12_40,2021,Q1,Rajasthan,Udaipur,TB Control,NHM Odisha,70011,18027,112,3231,448,107,76,Health_Program
P12_41,2022,Q1,Odisha,Cuttack,Nutrition Program,UNICEF India,132877,45063,70,4565,419,185,67,Health_Program
P12_42,2022,Q4,Punjab,Patiala,Nutrition Program,Punjab Health Mission,273238,18491,204,4037,542,165,65,Health_Program
P12_43,2022,Q3,Odisha,Puri,Child Immunization,NHM Odisha,102850,40160,126,2265,59,18,86,Health_Program
P12_44,2021,Q1,Odisha,Bhubaneswar,Nutrition Program,NHM Odisha,341536,19996,124,1277,84,125,74,Health_Program
P12_45,2021,Q2,Punjab,Patiala,Child Immunization,UNICEF India,343279,36960,165,2416,217,22,72,Health_Program
P12_46,2022,Q4,Kerala,Kozhikode,Child Immunization,Assam NRHM,220564,14949,215,4144,690,158,95,Health_Program
P12_47,2021,Q3,Kerala,Thrissur,TB Control,Punjab Health Mission,235341,20468,106,3585,686,124,88,Health_Program
P12_48,2024,Q1,Punjab,Ludhiana,Nutrition Program,Punjab Health Mission,251764,45072,232,4566,655,50,95,Health_Program
P12_49,2023,Q4,Odisha,Bhubaneswar,Malaria Control,UNICEF India,319645,40823,38,741,270,78,87,Health_Program
P12_50,2021,Q3,Odisha,Bhubaneswar,Maternal Health,CARE India,176287,25451,53,3290,276,84,65,Health_Program
P12_51,2024,Q4,Odisha,Puri,Maternal Health,State Health Society Rajasthan,111408,18488,235,3477,65,67,85,Health_Program
P12_52,2021,Q1,Punjab,Ludhiana,TB Control,NHM Odisha,229173,46104,213,3822,373,94,64,Health_Program
P12_53,2021,Q4,Odisha,Cuttack,Nutrition Program,Kerala Health Department,48629,27730,26,3751,646,132,93,Health_Program
P12_54,2022,Q1,Assam,Silchar,Malaria Control,Assam NRHM,94339,49461,139,4624,765,72,70,Health_Program
P12_55,2021,Q4,Kerala,Thrissur,Child Immunization,UNICEF India,137977,8414,21,3983,685,25,69,Health_Program
P12_56,2021,Q3,Punjab,Amritsar,TB Control,UNICEF India,104944,15756,215,3541,112,103,90,Health_Program
P12_57,2023,Q3,Odisha,Bhubaneswar,Malaria Control,Assam NRHM,329592,17249,159,4166,437,131,82,Health_Program
P12_58,2023,Q3,Kerala,Kochi,Maternal Health,NHM Odisha,57397,23135,135,139,266,48,63,Health_Program
P12_59,2024,Q1,Punjab,Patiala,TB Control,State Health Society Rajasthan,329592,10584,201,4508,130,51,73,Health_Program
P12_60,2023,Q1,Assam,Guwahati,TB Control,Punjab Health Mission,161942,8244,132,972,417,171,95,Health_Program
P12_61,2022,Q4,Assam,Silchar,Maternal Health,Assam NRHM,144370,25306,98,3573,151,82,70,Health_Program
P12_62,2023,Q1,Assam,Silchar,Child Immunization,State Health Society Rajasthan,75700,20388,86,4679,74,151,74,Health_Program
P12_63,2022,Q1,Odisha,Bhubaneswar,Malaria Control,Kerala Health Department,390516,43108,181,1455,115,186,69,Health_Program
P12_64,2023,Q1,Kerala,Thrissur,Malaria Control,Punjab Health Mission,258924,48845,98,674,219,70,66,Health_Program
P12_65,2023,Q3,Kerala,Thrissur,Malaria Control,UNICEF India,158856,38265,192,2117,658,97,82,Health_Program
P12_66,2023,Q2,Kerala,Kozhikode,Maternal Health,State Health Society Rajasthan,333241,19930,96,1054,181,79,65,Health_Program
P12_67,2023,Q1,Kerala,Kozhikode,Child Immunization,Kerala Health Department,42265,10995,33,220,755,14,79,Health_Program
P12_68,2021,Q2,Odisha,Bhubaneswar,Malaria Control,NHM Odisha,184752,8125,66,1321,147,41,68,Health_Program
P12_69,2024,Q1,Assam,Dibrugarh,TB Control,UNICEF India,149195,31635,31,3802,181,71,79,Health_Program
P12_70,2021,Q3,Punjab,Patiala,Maternal Health,UNICEF India,305946,34522,123,311,547,48,96,Health_Program
P12_71,2024,Q2,Odisha,Puri,TB Control,State Health Society Rajasthan,176907,19014,240,1892,302,184,60,Health_Program
P12_72,2022,Q1,Kerala,Kochi,Nutrition Program,Assam NRHM,115557,17565,112,4704,534,129,63,Health_Program
P12_73,2024,Q4,Odisha,Puri,Child Immunization,Punjab Health Mission,187935,48173,196,966,518,1,80,Health_Program
P12_74,2021,Q2,Odisha,Puri,TB Control,Punjab Health Mission,333480,27634,22,3955,445,109,98,Health_Program
P12_75,2022,Q2,Assam,Dibrugarh,Nutrition Program,Punjab Health Mission,110054,39683,198,597,100,77,89,Health_Program
P12_76,2021,Q4,Punjab,Amritsar,Child Immunization,NHM Odisha,57185,40063,86,3351,92,130,95,Health_Program
P12_77,2023,Q4,Odisha,Cuttack,Nutrition Program,UNICEF India,174471,25130,33,2574,302,72,82,Health_Program
P12_78,2021,Q1,Rajasthan,Jodhpur,TB Control,UNICEF India,59840,23931,124,3058,545,180,77,Health_Program
P12_79,2023,Q4,Rajasthan,Jodhpur,Nutrition Program,Punjab Health Mission,43727,47103,240,4419,705,106,69,Health_Program
P12_80,2024,Q1,Rajasthan,Jaipur,Nutrition Program,Kerala Health Department,246064,18849,247,2334,458,4,65,Health_Program
P12_81,2021,Q3,Punjab,Ludhiana,Maternal Health,NHM Odisha,399032,27857,195,4592,258,119,90,Health_Program
P12_82,2021,Q4,Odisha,Cuttack,Maternal Health,UNICEF India,66133,8977,90,1044,757,2,79,Health_Program
P12_83,2021,Q3,Rajasthan,Jaipur,Child Immunization,State Health Society Rajasthan,82572,7356,240,1527,458,154,93,Health_Program
P12_84,2022,Q3,Assam,Silchar,Child Immunization,Punjab Health Mission,143951,28469,114,660,790,30,93,Health_Program
P12_85,2022,Q1,Punjab,Amritsar,Malaria Control,State Health Society Rajasthan,282742,13561,137,617,467,168,70,Health_Program
P12_86,2022,Q3,Kerala,Kochi,Maternal Health,Punjab Health Mission,192609,47094,89,1439,313,145,64,Health_Program
P12_87,2024,Q1,Odisha,Puri,Malaria Control,Punjab Health Mission,379954,13400,81,4870,327,57,91,Health_Program
P12_88,2021,Q1,Kerala,Kozhikode,Malaria Control,Assam NRHM,75653,37895,233,2736,320,143,94,Health_Program
P12_89,2022,Q2,Assam,Guwahati,TB Control,Assam NRHM,203511,31054,33,2672,507,42,81,Health_Program
P12_90,2023,Q3,Kerala,Kochi,Child Immunization,Assam NRHM,59555,9195,203,1989,304,59,98,Health_Program
P12_91,2022,Q2,Kerala,Kochi,Nutrition Program,State Health Society Rajasthan,362759,38328,182,1349,310,19,82,Health_Program
P12_92,2024,Q1,Kerala,Kozhikode,Malaria Control,Kerala Health Department,221810,9142,89,2883,751,115,64,Health_Program
P12_93,2024,Q3,Assam,Dibrugarh,TB Control,Punjab Health Mission,383981,17002,78,3030,153,26,75,Health_Program
P12_94,2021,Q4,Rajasthan,Udaipur,Maternal Health,NHM Odisha,111817,30985,167,458,416,117,97,Health_Program
P12_95,2023,Q2,Assam,Guwahati,Child Immunization,State Health Society Rajasthan,310473,34562,68,2108,785,18,85,Health_Program
P12_96,2024,Q2,Odisha,Cuttack,Malaria Control,Kerala Health Department,148912,40327,145,3241,404,125,92,Health_Program
P12_97,2023,Q2,Assam,Silchar,Nutrition Program,UNICEF India,296293,49883,93,836,683,69,63,Health_Program
P12_98,2023,Q2,Kerala,Thrissur,Maternal Health,CARE India,106475,35440,117,1619,639,140,71,Health_Program
P12_99,2021,Q4,Rajasthan,Jodhpur,TB Control,State Health Society Rajasthan,258355,14298,174,2412,792,2,74,Health_Program
P12_100,2023,Q3,Punjab,Ludhiana,Nutrition Program,State Health Society Rajasthan,140789,30239,239,3496,795,107,91,Health_Program
P12_101,2024,Q4,Rajasthan,Jaipur,Nutrition Program,Kerala Health Department,297518,34594,163,1079,673,178,93,Health_Program
P12_102,2023,Q2,Assam,Dibrugarh,TB Control,Kerala Health Department,263900,30304,225,1598,556,109,68,Health_Program
P12_103,2021,Q4,Rajasthan,Jaipur,TB Control,State Health Society Rajasthan,110087,36245,103,431,81,200,94,Health_Program
P12_104,2021,Q3,Kerala,Kochi,Malaria Control,CARE India,294179,26155,166,2351,457,9,77,Health_Program
P12_105,2021,Q3,Kerala,Kochi,Maternal Health,UNICEF India,266981,34188,194,773,150,110,62,Health_Program
P12_106,2021,Q1,Rajasthan,Jaipur,Nutrition Program,CARE India,164709,16420,240,2512,582,146,83,Health_Program
P12_107,2024,Q1,Kerala,Kochi,Maternal Health,Punjab Health Mission,144413,33228,183,3979,449,19,90,Health_Program
P12_108,2023,Q4,Odisha,Puri,Nutrition Program,Assam NRHM,350504,20700,52,4693,74,108,90,Health_Program
P12_109,2023,Q2,Punjab,Patiala,Maternal Health,State Health Society Rajasthan,124293,18382,222,3218,780,69,79,Health_Program
P12_110,2022,Q2,Kerala,Kozhikode,Malaria Control,State Health Society Rajasthan,278719,5904,218,4012,652,54,66,Health_Program
P12_111,2022,Q2,Rajasthan,Jodhpur,Malaria Control,NHM Odisha,331003,37593,111,4902,789,18,77,Health_Program
P12_112,2023,Q3,Assam,Guwahati,Child Immunization,State Health Society Rajasthan,247628,19481,192,696,546,7,60,Health_Program
P12_113,2022,Q4,Kerala,Kochi,Maternal Health,State Health Society Rajasthan,168088,46138,132,4467,735,117,63,Health_Program
P12_114,2021,Q3,Odisha,Cuttack,Maternal Health,Kerala Health Department,217658,16869,187,3053,556,179,98,Health_Program
P12_115,2023,Q3,Rajasthan,Jaipur,Maternal Health,CARE India,205119,19525,134,4552,446,105,64,Health_Program
P12_116,2024,Q1,Punjab,Patiala,Maternal Health,CARE India,145207,18375,178,1967,642,52,74,Health_Program
P12_117,2023,Q3,Odisha,Cuttack,Maternal Health,Assam NRHM,346547,38763,42,3592,182,168,63,Health_Program
P12_118,2022,Q4,Odisha,Bhubaneswar,Malaria Control,CARE India,328649,22036,49,1039,428,79,77,Health_Program
P12_119,2022,Q2,Kerala,Kochi,Child Immunization,UNICEF India,320601,36775,174,2536,366,34,81,Health_Program
P12_120,2022,Q2,Odisha,Puri,Nutrition Program,Punjab Health Mission,59263,19226,28,2601,524,63,88,Health_Program
P12_121,2023,Q3,Rajasthan,Jodhpur,Maternal Health,State Health Society Rajasthan,261033,44875,110,3982,517,89,64,Health_Program
P12_122,2024,Q4,Rajasthan,Jaipur,TB Control,State Health Society Rajasthan,122762,21267,137,3895,512,5,98,Health_Program
P12_123,2021,Q1,Rajasthan,Udaipur,Child Immunization,Kerala Health Department,71221,10268,140,1723,452,70,86,Health_Program
P12_124,2021,Q4,Kerala,Kochi,Maternal Health,State Health Society Rajasthan,378546,43004,64,3856,620,21,89,Health_Program
P12_125,2021,Q2,Odisha,Cuttack,Nutrition Program,Assam NRHM,121658,6006,87,169,262,181,77,Health_Program
P12_126,2021,Q3,Kerala,Kozhikode,Malaria Control,CARE India,170581,5487,134,2774,791,49,83,Health_Program
P12_127,2024,Q1,Kerala,Kozhikode,Nutrition Program,State Health Society Rajasthan,69192,25909,109,2714,271,149,80,Health_Program
P12_128,2021,Q3,Kerala,Kochi,Nutrition Program,State Health Society Rajasthan,393238,8571,40,4741,167,90,80,Health_Program
P12_129,2021,Q4,Punjab,Patiala,Child Immunization,State Health Society Rajasthan,348177,7690,183,887,630,156,73,Health_Program
P12_130,2021,Q3,Punjab,Amritsar,Malaria Control,Assam NRHM,380030,19522,65,978,151,115,76,Health_Program
P12_131,2023,Q4,Assam,Guwahati,Child Immunization,State Health Society Rajasthan,115690,39219,116,1676,300,87,71,Health_Program
P12_132,2023,Q2,Assam,Dibrugarh,Malaria Control,Assam NRHM,230171,34680,157,3275,558,119,88,Health_Program
P12_133,2023,Q2,Assam,Guwahati,Malaria Control,Punjab Health Mission,257984,23405,246,4686,700,131,75,Health_Program
P12_134,2024,Q2,Odisha,Puri,Maternal Health,Kerala Health Department,305050,21523,36,389,650,86,96,Health_Program
P12_135,2022,Q1,Punjab,Ludhiana,Malaria Control,State Health Society Rajasthan,215110,10791,229,4729,560,68,88,Health_Program
P12_136,2021,Q3,Kerala,Thrissur,TB Control,NHM Odisha,183259,26035,55,2244,56,74,78,Health_Program
P12_137,2022,Q2,Kerala,Kozhikode,Maternal Health,Punjab Health Mission,86539,44200,55,103,705,12,72,Health_Program
P12_138,2023,Q2,Punjab,Ludhiana,Nutrition Program,Assam NRHM,262405,35825,160,2556,163,109,74,Health_Program
P12_139,2021,Q2,Odisha,Puri,Nutrition Program,CARE India,378423,29172,240,2381,562,3,76,Health_Program
P12_140,2021,Q2,Assam,Dibrugarh,Malaria Control,UNICEF India,43985,48996,127,4595,377,134,97,Health_Program
P12_141,2022,Q2,Assam,Silchar,Child Immunization,Assam NRHM,378889,24084,132,4713,604,28,86,Health_Program
P12_142,2021,Q2,Odisha,Cuttack,Nutrition Program,Kerala Health Department,158273,19909,175,3561,464,73,69,Health_Program
P12_143,2023,Q3,Assam,Silchar,Child Immunization,Kerala Health Department,70089,41870,138,797,252,46,77,Health_Program
P12_144,2024,Q2,Assam,Silchar,TB Control,CARE India,214322,41747,177,2017,574,168,66,Health_Program
P12_145,2021,Q3,Punjab,Ludhiana,TB Control,State Health Society Rajasthan,294550,32695,248,440,289,106,60,Health_Program
P12_146,2024,Q4,Punjab,Ludhiana,TB Control,Punjab Health Mission,371335,36490,176,661,261,15,92,Health_Program
P12_147,2021,Q1,Odisha,Cuttack,Child Immunization,NHM Odisha,178842,41863,114,1470,309,166,98,Health_Program
P12_148,2022,Q3,Punjab,Amritsar,Child Immunization,UNICEF India,352588,20075,37,3365,286,81,97,Health_Program
P12_149,2022,Q4,Rajasthan,Udaipur,Malaria Control,UNICEF India,95650,14385,27,4431,341,59,95,Health_Program
P12_150,2023,Q4,Rajasthan,Jodhpur,Child Immunization,Assam NRHM,194168,46366,236,3907,670,146,62,Health_Program
P12_151,2021,Q4,Punjab,Ludhiana,Child Immunization,UNICEF India,134379,11777,100,2979,513,97,83,Health_Program
P12_152,2021,Q2,Odisha,Puri,TB Control,Assam NRHM,274499,23394,114,1788,770,52,87,Health_Program
P12_153,2023,Q4,Rajasthan,Udaipur,TB Control,State Health Society Rajasthan,126736,42484,104,3456,271,148,81,Health_Program
P12_154,2021,Q2,Odisha,Puri,TB Control,Assam NRHM,246084,5259,157,2469,632,68,61,Health_Program
P12_155,2022,Q4,Odisha,Puri,TB Control,Assam NRHM,334860,30012,20,3703,466,138,98,Health_Program
P12_156,2021,Q3,Rajasthan,Jodhpur,TB Control,UNICEF India,374496,19900,96,535,629,121,67,Health_Program
P12_157,2023,Q1,Kerala,Kochi,Nutrition Program,Punjab Health Mission,224509,46656,25,1358,683,105,85,Health_Program
P12_158,2024,Q2,Punjab,Ludhiana,Nutrition Program,UNICEF India,98152,23776,93,4416,126,132,85,Health_Program
P12_159,2021,Q2,Odisha,Puri,Malaria Control,Kerala Health Department,45670,40915,200,4356,417,62,76,Health_Program
P12_160,2022,Q1,Punjab,Ludhiana,Malaria Control,Kerala Health Department,176001,17269,200,4245,426,120,80,Health_Program
P12_161,2021,Q2,Assam,Guwahati,Maternal Health,Punjab Health Mission,73411,36471,141,3077,663,26,94,Health_Program
P12_162,2021,Q4,Rajasthan,Jodhpur,Nutrition Program,NHM Odisha,52804,17247,28,4576,360,62,82,Health_Program
P12_163,2021,Q3,Odisha,Puri,Nutrition Program,NHM Odisha,47465,23891,158,4419,125,198,79,Health_Program
P12_164,2024,Q4,Kerala,Kozhikode,Malaria Control,Assam NRHM,203263,45497,190,1224,732,0,98,Health_Program
P12_165,2024,Q4,Punjab,Amritsar,Child Immunization,State Health Society Rajasthan,221759,7325,194,2052,328,38,72,Health_Program
P12_166,2022,Q2,Odisha,Cuttack,Maternal Health,UNICEF India,282989,46177,95,470,351,22,63,Health_Program
P12_167,2024,Q1,Rajasthan,Udaipur,Malaria Control,Assam NRHM,308111,45388,247,153,216,125,67,Health_Program
P12_168,2024,Q1,Kerala,Kozhikode,TB Control,UNICEF India,311676,20994,229,1624,54,75,77,Health_Program
P12_169,2023,Q2,Punjab,Patiala,Child Immunization,NHM Odisha,380935,10549,100,1650,145,70,65,Health_Program
P12_170,2022,Q2,Punjab,Ludhiana,Child Immunization,Punjab Health Mission,176473,10158,216,2516,265,111,65,Health_Program
P12_171,2021,Q4,Rajasthan,Udaipur,Nutrition Program,NHM Odisha,370848,8349,167,3534,238,30,70,Health_Program
P12_172,2021,Q4,Punjab,Patiala,Child Immunization,Punjab Health Mission,93523,9685,155,882,350,145,90,Health_Program
P12_173,2023,Q1,Rajasthan,Jodhpur,Child Immunization,NHM Odisha,183741,9611,180,810,581,68,87,Health_Program
P12_174,2021,Q1,Odisha,Bhubaneswar,Malaria Control,Assam NRHM,352949,24066,82,2352,273,9,66,Health_Program
P12_175,2021,Q3,Odisha,Bhubaneswar,Malaria Control,CARE India,98198,43520,144,1144,510,168,60,Health_Program
P12_176,2023,Q3,Odisha,Puri,Child Immunization,UNICEF India,339308,33764,202,2007,410,26,97,Health_Program
P12_177,2022,Q4,Assam,Guwahati,Child Immunization,CARE India,65380,7253,192,1670,299,154,75,Health_Program
P12_178,2021,Q1,Kerala,Thrissur,TB Control,Punjab Health Mission,184545,12427,183,4378,119,62,74,Health_Program
P12_179,2022,Q4,Rajasthan,Udaipur,Maternal Health,Punjab Health Mission,184327,12327,155,2820,366,72,60,Health_Program
P13_0,2017,Q3,Odisha,Bhubaneswar,Child Immunization,State Health Society Rajasthan,177834,5753,223,3448,178,99,84,Health_Program
P13_1,2019,Q3,Rajasthan,Jaipur,Malaria Control,Assam NRHM,82008,18086,131,1104,656,199,98,Health_Program
P13_2,2019,Q3,Odisha,Bhubaneswar,Malaria Control,UNICEF India,220919,11669,227,3364,327,149,61,Health_Program
P13_3,2019,Q1,Assam,Guwahati,TB Control,NHM Odisha,322603,6720,146,2063,666,52,97,Health_Program
P13_4,2019,Q1,Kerala,Kozhikode,Maternal Health,Assam NRHM,200342,26502,224,3448,303,83,68,Health_Program
P13_5,2017,Q2,Punjab,Patiala,Maternal Health,Punjab Health Mission,251432,43348,127,4118,62,43,90,Health_Program
P13_6,2017,Q3,Kerala,Kochi,Child Immunization,State Health Society Rajasthan,261372,30727,169,731,247,83,63,Health_Program
P13_7,2018,Q2,Punjab,Patiala,Maternal Health,State Health Society Rajasthan,271461,46522,175,2218,283,135,65,Health_Program
P13_8,2018,Q4,Rajasthan,Jaipur,TB Control,Kerala Health Department,320824,25042,53,1718,537,89,60,Health_Program
P13_9,2019,Q1,Punjab,Patiala,Child Immunization,Punjab Health Mission,278671,5595,36,4965,75,11,74,Health_Program
P13_10,2017,Q1,Odisha,Puri,Maternal Health,UNICEF India,340476,8828,118,4367,251,152,73,Health_Program
P13_11,2019,Q3,Punjab,Patiala,Child Immunization,Assam NRHM,47316,31814,58,2711,156,0,76,Health_Program
P13_12,2019,Q1,Punjab,Patiala,Maternal Health,Assam NRHM,243437,26224,149,2149,736,176,88,Health_Program
P13_13,2019,Q2,Odisha,Bhubaneswar,Nutrition Program,UNICEF India,354520,14501,211,2495,769,198,94,Health_Program
P13_14,2018,Q1,Kerala,Kozhikode,TB Control,Assam NRHM,184496,7029,97,977,234,183,88,Health_Program
P13_15,2018,Q4,Punjab,Patiala,Malaria Control,UNICEF India,298918,31467,198,4779,377,99,63,Health_Program
P13_16,2018,Q1,Rajasthan,Jodhpur,Child Immunization,Punjab Health Mission,280158,16918,31,4000,77,190,72,Health_Program
P13_17,2017,Q1,Rajasthan,Jodhpur,Malaria Control,NHM Odisha,212706,47485,197,2821,798,17,88,Health_Program
P13_18,2018,Q2,Odisha,Bhubaneswar,Nutrition Program,UNICEF India,139752,40018,165,2929,418,38,73,Health_Program
P13_19,2017,Q3,Odisha,Cuttack,Nutrition Program,Kerala Health Department,84632,20437,41,2283,776,193,95,Health_Program
P13_20,2017,Q4,Punjab,Patiala,TB Control,State Health Society Rajasthan,171946,46355,120,2045,431,122,67,Health_Program
P13_21,2019,Q1,Punjab,Amritsar,Child Immunization,State Health Society Rajasthan,53320,49875,136,4906,427,192,95,Health_Program
P13_22,2019,Q3,Odisha,Bhubaneswar,Child Immunization,NHM Odisha,285488,13442,169,2786,758,143,76,Health_Program
P13_23,2017,Q2,Punjab,Ludhiana,Malaria Control,UNICEF India,85556,49460,101,1191,163,55,96,Health_Program
P13_24,2018,Q2,Assam,Guwahati,Maternal Health,Kerala Health Department,110752,34865,35,1823,170,9,75,Health_Program
P13_25,2018,Q4,Assam,Silchar,Child Immunization,Assam NRHM,64607,20697,36,484,348,88,73,Health_Program
P13_26,2017,Q2,Assam,Guwahati,Nutrition Program,UNICEF India,322674,44482,187,835,493,174,89,Health_Program
P13_27,2019,Q1,Assam,Dibrugarh,Nutrition Program,CARE India,162565,37559,32,3041,452,149,89,Health_Program
P13_28,2018,Q1,Kerala,Kochi,Nutrition Program,Punjab Health Mission,292771,45168,77,2941,314,150,74,Health_Program
P13_29,2018,Q1,Kerala,Kozhikode,Child Immunization,CARE India,128866,31807,41,2941,235,195,87,Health_Program
P13_30,2018,Q2,Kerala,Kochi,Malaria Control,State Health Society Rajasthan,381846,47884,46,2869,362,46,77,Health_Program
P13_31,2017,Q3,Kerala,Kozhikode,Child Immunization,CARE India,199533,35916,53,211,473,96,67,Health_Program
P13_32,2017,Q3,Punjab,Patiala,Nutrition Program,CARE India,196363,23513,168,1434,175,7,72,Health_Program
P13_33,2019,Q4,Rajasthan,Jodhpur,Maternal Health,Punjab Health Mission,300136,34003,130,3766,254,189,93,Health_Program
P13_34,2017,Q1,Odisha,Cuttack,Child Immunization,State Health Society Rajasthan,191722,49958,184,831,765,134,71,Health_Program
P13_35,2017,Q2,Rajasthan,Udaipur,TB Control,Punjab Health Mission,363420,12252,132,4549,109,143,90,Health_Program
P13_36,2018,Q2,Rajasthan,Jodhpur,Maternal Health,Kerala Health Department,303135,36243,93,2949,107,87,69,Health_Program
P13_37,2017,Q4,Punjab,Amritsar,Child Immunization,Assam NRHM,128400,16025,148,3468,769,140,91,Health_Program
P13_38,2017,Q3,Odisha,Puri,Nutrition Program,State Health Society Rajasthan,366047,23450,218,3117,669,166,85,Health_Program
P13_39,2018,Q2,Rajasthan,Jaipur,Maternal Health,Assam NRHM,156079,43560,219,2043,791,105,67,Health_Program
P13_40,2017,Q4,Kerala,Kochi,Maternal Health,State Health Society Rajasthan,225274,44186,103,3429,211,182,82,Health_Program
P13_41,2019,Q1,Punjab,Ludhiana,Child Immunization,Kerala Health Department,243553,9362,204,4905,702,132,65,Health_Program
P13_42,2017,Q4,Punjab,Patiala,TB Control,Assam NRHM,126957,41370,120,1323,332,101,90,Health_Program
P13_43,2019,Q4,Odisha,Cuttack,Child Immunization,NHM Odisha,149533,43275,178,1269,447,19,72,Health_Program
P13_44,2018,Q2,Kerala,Thrissur,Child Immunization,NHM Odisha,232678,14685,229,3949,405,15,93,Health_Program
P13_45,2018,Q3,Rajasthan,Jaipur,Nutrition Program,State Health Society Rajasthan,179909,34332,179,1403,742,178,65,Health_Program
P13_46,2019,Q3,Rajasthan,Udaipur,Maternal Health,Kerala Health Department,211107,19071,38,1318,545,184,68,Health_Program
P13_47,2019,Q3,Punjab,Ludhiana,Child Immunization,UNICEF India,287359,29571,212,1076,61,51,63,Health_Program
P13_48,2017,Q1,Odisha,Puri,Child Immunization,NHM Odisha,276249,35531,152,4219,555,17,64,Health_Program
P13_49,2019,Q4,Punjab,Patiala,TB Control,Punjab Health Mission,175487,33310,232,584,792,54,86,Health_Program
P13_50,2019,Q4,Kerala,Kozhikode,Maternal Health,State Health Society Rajasthan,129755,23807,55,2489,459,77,96,Health_Program
P13_51,2017,Q3,Punjab,Patiala,TB Control,NHM Odisha,316239,22377,174,337,366,26,82,Health_Program
P13_52,2018,Q1,Rajasthan,Jodhpur,TB Control,Assam NRHM,394960,18632,192,808,316,11,97,Health_Program
P13_53,2019,Q3,Kerala,Thrissur,Maternal Health,NHM Odisha,309466,33196,113,399,745,108,82,Health_Program
P13_54,2017,Q4,Kerala,Kochi,Child Immunization,State Health Society Rajasthan,289111,45792,248,514,198,152,62,Health_Program
P13_55,2017,Q2,Kerala,Kochi,Malaria Control,NHM Odisha,51744,13205,118,4143,180,198,91,Health_Program
P13_56,2017,Q3,Punjab,Ludhiana,Nutrition Program,UNICEF India,116741,5718,246,3958,210,117,75,Health_Program
P13_57,2019,Q4,Assam,Silchar,Maternal Health,Assam NRHM,98020,33829,138,1106,52,121,86,Health_Program
P13_58,2019,Q2,Odisha,Bhubaneswar,Maternal Health,Assam NRHM,185869,48814,110,3519,179,52,68,Health_Program
P13_59,2017,Q3,Odisha,Cuttack,Malaria Control,Kerala Health Department,153245,28736,249,4318,398,134,69,Health_Program
P13_60,2017,Q1,Punjab,Amritsar,Child Immunization,CARE India,387039,43038,109,4252,422,166,78,Health_Program
P13_61,2018,Q2,Assam,Dibrugarh,Child Immunization,UNICEF India,291952,47622,115,924,161,48,70,Health_Program
P13_62,2018,Q2,Punjab,Patiala,Maternal Health,Kerala Health Department,118173,14821,175,232,760,19,75,Health_Program
P13_63,2017,Q3,Odisha,Puri,Child Immunization,UNICEF India,51672,32884,97,2461,265,81,61,Health_Program
P13_64,2017,Q3,Odisha,Bhubaneswar,TB Control,UNICEF India,390974,30393,85,3806,92,66,76,Health_Program
P13_65,2017,Q2,Rajasthan,Udaipur,Nutrition Program,Kerala Health Department,225386,37305,211,3016,800,6,79,Health_Program
P13_66,2017,Q2,Rajasthan,Jodhpur,Maternal Health,Punjab Health Mission,162442,26059,86,4635,573,18,88,Health_Program
P13_67,2018,Q3,Kerala,Thrissur,Nutrition Program,Punjab Health Mission,344185,39985,101,1362,338,199,86,Health_Program
P13_68,2018,Q4,Assam,Silchar,Child Immunization,State Health Society Rajasthan,59909,21859,93,1172,756,73,60,Health_Program
P13_69,2017,Q3,Punjab,Ludhiana,Nutrition Program,State Health Society Rajasthan,247812,38123,87,3290,759,150,62,Health_Program
P13_70,2018,Q3,Punjab,Amritsar,Maternal Health,State Health Society Rajasthan,351149,43798,217,3963,551,90,87,Health_Program
P13_71,2017,Q1,Kerala,Kozhikode,Malaria Control,Assam NRHM,370237,27930,92,2960,177,196,88,Health_Program
P13_72,2019,Q1,Kerala,Thrissur,Child Immunization,Punjab Health Mission,189954,22048,216,1919,626,20,64,Health_Program
P13_73,2019,Q1,Assam,Dibrugarh,Malaria Control,State Health Society Rajasthan,141916,37758,144,3097,661,105,87,Health_Program
P13_74,2017,Q2,Punjab,Patiala,TB Control,NHM Odisha,178308,17491,233,661,52,112,88,Health_Program
P13_75,2018,Q2,Kerala,Thrissur,Malaria Control,Assam NRHM,255767,10367,163,3679,586,78,66,Health_Program
P13_76,2017,Q1,Kerala,Thrissur,Nutrition Program,Punjab Health Mission,179385,19147,21,626,772,180,82,Health_Program
P13_77,2018,Q2,Kerala,Thrissur,Child Immunization,Kerala Health Department,362167,42227,209,2510,434,39,88,Health_Program
P13_78,2018,Q1,Assam,Silchar,Maternal Health,State Health Society Rajasthan,110973,36376,83,4595,469,192,78,Health_Program
P13_79,2019,Q2,Punjab,Ludhiana,Malaria Control,CARE India,232077,45556,28,2459,197,97,82,Health_Program
P13_80,2018,Q1,Assam,Guwahati,Maternal Health,Punjab Health Mission,96639,22760,75,1260,699,135,63,Health_Program
P13_81,2019,Q2,Rajasthan,Jodhpur,TB Control,State Health Society Rajasthan,325710,19520,174,2972,375,133,88,Health_Program
P13_82,2019,Q4,Kerala,Thrissur,TB Control,UNICEF India,315337,46384,145,1996,731,126,77,Health_Program
P13_83,2017,Q2,Kerala,Kochi,Nutrition Program,CARE India,190693,46565,28,1968,752,85,76,Health_Program
P13_84,2018,Q4,Punjab,Ludhiana,Nutrition Program,CARE India,189178,12969,127,1602,760,188,90,Health_Program
P13_85,2019,Q2,Kerala,Kochi,Maternal Health,Kerala Health Department,281639,49171,74,4597,452,185,71,Health_Program
P13_86,2017,Q2,Rajasthan,Jodhpur,Nutrition Program,NHM Odisha,66128,35591,111,1669,725,33,85,Health_Program
P13_87,2017,Q2,Odisha,Puri,TB Control,Assam NRHM,331109,17025,72,2267,58,150,78,Health_Program
P13_88,2017,Q2,Assam,Guwahati,Child Immunization,Punjab Health Mission,339846,35977,215,1407,792,89,65,Health_Program
P13_89,2019,Q4,Rajasthan,Jodhpur,Child Immunization,Punjab Health Mission,139533,28416,80,2368,714,37,82,Health_Program
P13_90,2018,Q1,Odisha,Bhubaneswar,Nutrition Program,State Health Society Rajasthan,115359,34659,189,1302,238,179,96,Health_Program
P13_91,2019,Q3,Odisha,Bhubaneswar,Maternal Health,Kerala Health Department,307218,9300,35,2309,281,158,77,Health_Program
P13_92,2017,Q2,Odisha,Cuttack,TB Control,State Health Society Rajasthan,166276,10731,176,1320,761,25,82,Health_Program
P13_93,2018,Q4,Odisha,Cuttack,Child Immunization,Punjab Health Mission,305371,29878,241,1736,668,192,83,Health_Program
P13_94,2018,Q2,Rajasthan,Jodhpur,Child Immunization,UNICEF India,89080,37286,74,1426,565,107,76,Health_Program
P13_95,2017,Q1,Rajasthan,Jodhpur,Maternal Health,Assam NRHM,44371,36729,109,562,407,54,90,Health_Program
P13_96,2018,Q2,Odisha,Puri,Nutrition Program,Punjab Health Mission,328486,21188,227,3758,539,49,83,Health_Program
P13_97,2018,Q1,Kerala,Thrissur,Malaria Control,NHM Odisha,102661,24232,121,728,360,197,63,Health_Program
P13_98,2018,Q3,Assam,Silchar,Malaria Control,Assam NRHM,221960,26313,147,3739,616,122,97,Health_Program
P13_99,2018,Q3,Kerala,Thrissur,TB Control,CARE India,232958,14595,145,1493,115,78,87,Health_Program
P13_100,2017,Q4,Punjab,Ludhiana,Child Immunization,State Health Society Rajasthan,115790,12633,194,2781,543,5,65,Health_Program
P13_101,2018,Q4,Assam,Dibrugarh,TB Control,Assam NRHM,69995,44183,107,3924,502,56,65,Health_Program
P13_102,2019,Q1,Odisha,Puri,Child Immunization,UNICEF India,89994,14218,201,2691,526,84,78,Health_Program
P13_103,2019,Q2,Odisha,Cuttack,Nutrition Program,Punjab Health Mission,131394,30752,132,3324,401,58,68,Health_Program
P13_104,2018,Q4,Punjab,Patiala,Malaria Control,NHM Odisha,321214,48586,78,4883,572,173,62,Health_Program
P13_105,2018,Q4,Kerala,Thrissur,Malaria Control,State Health Society Rajasthan,348574,37511,114,4353,169,39,70,Health_Program
P13_106,2018,Q1,Assam,Silchar,Malaria Control,Kerala Health Department,165424,20947,25,4124,167,80,98,Health_Program
P13_107,2018,Q2,Kerala,Kozhikode,Nutrition Program,CARE India,167506,19123,195,1465,295,22,80,Health_Program
P13_108,2017,Q3,Punjab,Ludhiana,TB Control,NHM Odisha,77550,13858,64,4632,530,141,82,Health_Program
P13_109,2017,Q1,Punjab,Amritsar,Malaria Control,CARE India,93373,7376,27,2703,102,44,63,Health_Program
P13_110,2019,Q3,Punjab,Ludhiana,TB Control,CARE India,126288,20100,177,2237,555,81,83,Health_Program
P13_111,2019,Q2,Assam,Guwahati,TB Control,Kerala Health Department,377495,27970,31,1039,265,154,77,Health_Program
P13_112,2019,Q3,Punjab,Ludhiana,Nutrition Program,UNICEF India,355896,12158,202,4580,565,136,87,Health_Program
P13_113,2018,Q4,Kerala,Thrissur,TB Control,CARE India,254005,38076,22,3250,189,46,67,Health_Program
P13_114,2017,Q4,Assam,Guwahati,Maternal Health,NHM Odisha,119921,13284,169,3558,401,5,80,Health_Program
P13_115,2018,Q3,Kerala,Kochi,Maternal Health,Punjab Health Mission,228915,32598,233,2552,769,78,64,Health_Program
P13_116,2017,Q3,Punjab,Ludhiana,Nutrition Program,NHM Odisha,40073,44898,142,220,99,28,66,Health_Program
P13_117,2018,Q4,Punjab,Amritsar,Child Immunization,Kerala Health Department,115768,37353,172,1542,601,93,84,Health_Program
P13_118,2019,Q2,Odisha,Cuttack,Nutrition Program,Kerala Health Department,248440,6680,91,4344,596,117,81,Health_Program
P13_119,2018,Q1,Assam,Guwahati,TB Control,Assam NRHM,287670,15716,179,1378,603,1,77,Health_Program
P13_120,2019,Q4,Rajasthan,Jaipur,Maternal Health,Kerala Health Department,361676,22509,69,2019,691,48,71,Health_Program
P13_121,2017,Q3,Rajasthan,Jaipur,TB Control,NHM Odisha,260600,29089,222,2631,356,123,93,Health_Program
P13_122,2017,Q4,Assam,Dibrugarh,TB Control,Assam NRHM,263133,42725,195,1895,697,68,80,Health_Program
P13_123,2017,Q4,Punjab,Ludhiana,Child Immunization,NHM Odisha,369780,41654,180,151,558,75,78,Health_Program
P13_124,2018,Q3,Rajasthan,Udaipur,Maternal Health,UNICEF India,125367,14814,131,2410,533,176,65,Health_Program
P13_125,2018,Q1,Kerala,Kochi,Maternal Health,NHM Odisha,301359,15580,111,4799,220,4,96,Health_Program
P13_126,2018,Q1,Odisha,Puri,Maternal Health,Punjab Health Mission,262469,40492,20,4728,354,44,95,Health_Program
P13_127,2017,Q3,Kerala,Kochi,TB Control,CARE India,243241,32817,143,537,222,130,79,Health_Program
P13_128,2018,Q3,Punjab,Patiala,Malaria Control,State Health Society Rajasthan,55181,28132,91,1958,410,22,71,Health_Program
P13_129,2018,Q1,Kerala,Kochi,TB Control,UNICEF India,221990,31018,186,3191,752,116,68,Health_Program
P13_130,2017,Q2,Assam,Dibrugarh,Malaria Control,UNICEF India,97622,33390,206,1758,332,124,93,Health_Program
P13_131,2018,Q3,Punjab,Amritsar,Maternal Health,CARE India,63268,30530,178,4727,406,22,76,Health_Program
P13_132,2017,Q1,Rajasthan,Udaipur,TB Control,Assam NRHM,299108,29539,107,4121,776,190,70,Health_Program
P13_133,2018,Q3,Assam,Silchar,Nutrition Program,UNICEF India,317692,46984,24,3299,756,142,63,Health_Program
P13_134,2017,Q4,Punjab,Amritsar,TB Control,UNICEF India,59751,32738,68,255,221,144,94,Health_Program
P13_135,2019,Q3,Odisha,Bhubaneswar,Maternal Health,NHM Odisha,128561,9673,241,126,273,35,87,Health_Program
P13_136,2017,Q4,Assam,Dibrugarh,TB Control,Kerala Health Department,53329,6864,97,2025,265,157,81,Health_Program
P13_137,2017,Q1,Assam,Silchar,TB Control,UNICEF India,170216,27443,204,296,299,161,60,Health_Program
P13_138,2019,Q3,Punjab,Patiala,Maternal Health,Punjab Health Mission,270414,23331,178,2994,635,109,84,Health_Program
P13_139,2017,Q1,Punjab,Ludhiana,TB Control,Punjab Health Mission,335117,34008,146,461,492,38,92,Health_Program
P13_140,2018,Q2,Punjab,Ludhiana,Malaria Control,UNICEF India,172444,12986,112,4049,786,115,61,Health_Program
P13_141,2019,Q4,Rajasthan,Jodhpur,Malaria Control,Assam NRHM,60546,28907,75,2021,684,192,63,Health_Program
P13_142,2018,Q2,Assam,Dibrugarh,TB Control,State Health Society Rajasthan,325924,44866,44,2372,224,75,70,Health_Program
P13_143,2019,Q3,Odisha,Puri,Child Immunization,State Health Society Rajasthan,366823,32314,213,2669,545,30,62,Health_Program
P13_144,2018,Q2,Rajasthan,Udaipur,Malaria Control,Assam NRHM,371274,10407,237,4772,417,5,85,Health_Program
P13_145,2017,Q1,Assam,Dibrugarh,Nutrition Program,UNICEF India,49888,49576,192,371,60,74,78,Health_Program
P13_146,2017,Q4,Assam,Guwahati,Child Immunization,Kerala Health Department,148495,30004,217,4199,334,2,79,Health_Program
P13_147,2018,Q2,Rajasthan,Jodhpur,Nutrition Program,NHM Odisha,227876,33131,128,194,512,62,72,Health_Program
P13_148,2017,Q3,Assam,Silchar,Malaria Control,Punjab Health Mission,379962,32147,249,4704,537,109,80,Health_Program
P13_149,2017,Q3,Odisha,Cuttack,Nutrition Program,Punjab Health Mission,221138,5878,79,2659,748,29,66,Health_Program
P13_150,2019,Q4,Kerala,Thrissur,Malaria Control,UNICEF India,194306,27478,131,3887,545,26,93,Health_Program
P13_151,2017,Q3,Punjab,Patiala,Malaria Control,Punjab Health Mission,381974,33459,23,3023,788,138,76,Health_Program
P13_152,2019,Q1,Odisha,Bhubaneswar,Child Immunization,CARE India,272584,31673,33,2692,187,165,89,Health_Program
P13_153,2017,Q1,Kerala,Thrissur,Child Immunization,CARE India,125109,12547,244,3535,691,93,88,Health_Program
P13_154,2019,Q1,Kerala,Thrissur,Malaria Control,CARE India,376416,6500,42,1092,649,143,61,Health_Program
P13_155,2018,Q2,Rajasthan,Jodhpur,Nutrition Program,Kerala Health Department,227012,24872,107,729,711,11,89,Health_Program
P13_156,2017,Q2,Assam,Guwahati,Child Immunization,Assam NRHM,333874,12252,133,2409,411,48,94,Health_Program
P13_157,2017,Q1,Kerala,Kochi,Malaria Control,Kerala Health Department,124136,18061,119,1217,799,120,81,Health_Program
P13_158,2017,Q3,Assam,Guwahati,TB Control,NHM Odisha,164786,8731,249,2941,259,32,62,Health_Program
P13_159,2017,Q3,Odisha,Puri,Child Immunization,Kerala Health Department,114138,6735,235,1884,74,181,78,Health_Program
P13_160,2018,Q2,Punjab,Patiala,Nutrition Program,Kerala Health Department,175919,6314,211,3492,720,63,94,Health_Program
P13_161,2017,Q1,Kerala,Kozhikode,TB Control,NHM Odisha,263400,33053,214,1136,300,128,95,Health_Program
P13_162,2019,Q3,Assam,Guwahati,TB Control,Assam NRHM,85001,18241,199,2077,585,20,98,Health_Program
P13_163,2019,Q4,Assam,Guwahati,Malaria Control,UNICEF India,172941,42427,29,4456,548,61,68,Health_Program
P13_164,2017,Q3,Rajasthan,Jodhpur,Maternal Health,Assam NRHM,51327,40620,203,4964,584,176,92,Health_Program
P13_165,2019,Q2,Kerala,Kochi,Nutrition Program,Assam NRHM,131928,40325,247,4946,671,200,97,Health_Program
P13_166,2018,Q2,Odisha,Puri,Malaria Control,UNICEF India,138684,26448,74,4857,199,48,88,Health_Program
P13_167,2019,Q1,Rajasthan,Jodhpur,Malaria Control,CARE India,83957,17934,110,847,238,195,80,Health_Program
P13_168,2017,Q1,Assam,Guwahati,Child Immunization,Assam NRHM,266059,12642,96,622,133,52,70,Health_Program
P13_169,2018,Q2,Kerala,Kochi,Malaria Control,UNICEF India,217516,36565,54,1956,532,55,74,Health_Program
P13_170,2017,Q3,Punjab,Amritsar,Malaria Control,State Health Society Rajasthan,239951,48295,68,503,110,192,62,Health_Program
P13_171,2018,Q1,Assam,Dibrugarh,TB Control,State Health Society Rajasthan,264986,36792,184,2103,573,121,62,Health_Program
P13_172,2018,Q4,Odisha,Bhubaneswar,Nutrition Program,Kerala Health Department,296812,24536,171,3273,422,9,69,Health_Program
P13_173,2018,Q2,Odisha,Puri,Malaria Control,Kerala Health Department,207635,15085,242,1564,217,39,75,Health_Program
P13_174,2019,Q2,Odisha,Bhubaneswar,Nutrition Program,Assam NRHM,252940,34649,107,927,504,163,88,Health_Program
P13_175,2019,Q4,Kerala,Thrissur,TB Control,State Health Society Rajasthan,357507,21611,169,4378,318,76,67,Health_Program
P13_176,2017,Q4,Odisha,Bhubaneswar,TB Control,Kerala Health Department,397082,46639,179,1915,759,117,73,Health_Program
P13_177,2018,Q4,Punjab,Amritsar,Nutrition Program,Kerala Health Department,320689,33617,231,4041,629,82,89,Health_Program
P13_178,2018,Q1,Assam,Guwahati,Nutrition Program,Kerala Health Department,118063,45494,148,2197,140,118,80,Health_Program
P13_179,2019,Q1,Rajasthan,Udaipur,Malaria Control,NHM Odisha,181988,34463,30,1639,68,72,83,Health_Program
P14_0,2020,Q1,Assam,Silchar,Maternal Health,State Health Society Rajasthan,222899,38738,202,727,562,106,93,Health_Program
P14_1,2022,Q1,Kerala,Kochi,Malaria Control,Punjab Health Mission,154747,31868,241,3032,678,49,62,Health_Program
P14_2,2020,Q3,Punjab,Patiala,Maternal Health,NHM Odisha,258730,29830,88,4415,133,151,85,Health_Program
P14_3,2021,Q3,Rajasthan,Jodhpur,Malaria Control,CARE India,280028,42265,31,126,392,163,81,Health_Program
P14_4,2019,Q4,Kerala,Kochi,Child Immunization,NHM Odisha,202707,8469,67,3241,605,21,79,Health_Program
P14_5,2020,Q2,Odisha,Cuttack,Malaria Control,State Health Society Rajasthan,68373,25649,191,657,218,192,79,Health_Program
P14_6,2021,Q4,Punjab,Amritsar,Malaria Control,Punjab Health Mission,324919,23408,163,1190,606,23,75,Health_Program
P14_7,2020,Q1,Rajasthan,Jaipur,Child Immunization,CARE India,42198,32393,47,3512,508,200,65,Health_Program
P14_8,2022,Q4,Punjab,Ludhiana,Malaria Control,NHM Odisha,258654,37248,37,4130,190,42,96,Health_Program
P14_9,2022,Q2,Rajasthan,Jodhpur,Nutrition Program,CARE India,371087,12466,225,2111,210,189,62,Health_Program
P14_10,2022,Q1,Rajasthan,Jodhpur,Maternal Health,Assam NRHM,282823,9119,199,1606,585,173,61,Health_Program
P14_11,2022,Q4,Rajasthan,Udaipur,Maternal Health,CARE India,201212,6564,236,2917,756,186,89,Health_Program
P14_12,2019,Q4,Rajasthan,Jodhpur,Maternal Health,State Health Society Rajasthan,119822,12922,111,215,148,135,60,Health_Program
P14_13,2022,Q1,Rajasthan,Udaipur,TB Control,Punjab Health Mission,188399,36664,52,106,670,194,71,Health_Program
P14_14,2020,Q2,Rajasthan,Udaipur,TB Control,State Health Society Rajasthan,156796,41567,170,1042,527,164,94,Health_Program
P14_15,2020,Q1,Odisha,Puri,Malaria Control,State Health Society Rajasthan,279685,29070,165,3620,502,198,90,Health_Program
P14_16,2019,Q4,Punjab,Ludhiana,Child Immunization,Punjab Health Mission,170156,21110,38,2074,53,94,65,Health_Program
P14_17,2020,Q3,Rajasthan,Jaipur,Child Immunization,State Health Society Rajasthan,136106,16238,149,4739,258,187,61,Health_Program
P14_18,2022,Q2,Punjab,Amritsar,Maternal Health,CARE India,166390,11698,48,3431,754,130,60,Health_Program
P14_19,2020,Q1,Rajasthan,Jodhpur,Malaria Control,Punjab Health Mission,106010,15610,230,1581,677,165,86,Health_Program
P14_20,2019,Q1,Rajasthan,Jodhpur,Malaria Control,CARE India,269859,15198,226,4185,117,154,93,Health_Program
P14_21,2022,Q1,Assam,Guwahati,Maternal Health,Punjab Health Mission,70825,11939,181,1954,130,5,75,Health_Program
P14_22,2021,Q4,Kerala,Kochi,Nutrition Program,Punjab Health Mission,251685,44527,207,1647,391,107,96,Health_Program
P14_23,2020,Q2,Punjab,Patiala,Maternal Health,Assam NRHM,105638,47157,213,4854,288,143,79,Health_Program
P14_24,2021,Q3,Kerala,Kozhikode,Child Immunization,NHM Odisha,162703,5237,80,3434,603,142,60,Health_Program
P14_25,2020,Q1,Kerala,Thrissur,Child Immunization,CARE India,217273,34102,106,109,333,17,90,Health_Program
P14_26,2021,Q1,Odisha,Puri,Child Immunization,Kerala Health Department,298991,17610,153,1420,701,153,82,Health_Program
P14_27,2022,Q3,Punjab,Ludhiana,TB Control,Assam NRHM,73639,29636,79,4753,327,83,67,Health_Program
P14_28,2021,Q1,Assam,Dibrugarh,Nutrition Program,Assam NRHM,136764,36494,222,2161,103,161,73,Health_Program
P14_29,2020,Q1,Odisha,Puri,TB Control,State Health Society Rajasthan,210506,13995,41,783,746,179,98,Health_Program
P14_30,2021,Q2,Odisha,Puri,Maternal Health,Punjab Health Mission,254027,20508,239,2616,732,165,66,Health_Program
P14_31,2022,Q2,Assam,Guwahati,Malaria Control,CARE India,323986,39790,93,1452,741,60,98,Health_Program
P14_32,2022,Q2,Assam,Guwahati,Child Immunization,NHM Odisha,69324,14634,114,1614,405,64,90,Health_Program
P14_33,2019,Q4,Assam,Guwahati,Malaria Control,Assam NRHM,59062,31817,186,722,56,41,92,Health_Program
P14_34,2021,Q1,Odisha,Cuttack,Nutrition Program,NHM Odisha,254361,38795,167,2581,405,53,80,Health_Program
P14_35,2021,Q4,Punjab,Patiala,Maternal Health,State Health Society Rajasthan,166155,28411,201,3115,394,109,61,Health_Program
P14_36,2021,Q4,Kerala,Kochi,TB Control,Kerala Health Department,296275,28083,198,3949,219,81,97,Health_Program
P14_37,2020,Q1,Punjab,Patiala,TB Control,Assam NRHM,349989,14815,39,4693,103,161,90,Health_Program
P14_38,2019,Q1,Punjab,Amritsar,Maternal Health,State Health Society Rajasthan,336362,26215,24,4361,711,118,93,Health_Program
P14_39,2020,Q2,Punjab,Ludhiana,Child Immunization,Assam NRHM,352317,46120,35,4794,499,107,83,Health_Program
P14_40,2020,Q4,Assam,Silchar,Child Immunization,State Health Society Rajasthan,289026,23470,192,2588,353,120,66,Health_Program
P14_41,2019,Q2,Odisha,Puri,Maternal Health,NHM Odisha,227941,6967,160,3043,156,61,81,Health_Program
P14_42,2022,Q3,Assam,Dibrugarh,Maternal Health,Assam NRHM,181083,30524,172,3945,654,27,72,Health_Program
P14_43,2020,Q4,Kerala,Kozhikode,Child Immunization,Punjab Health Mission,154964,31673,58,3467,240,53,65,Health_Program
P14_44,2020,Q2,Odisha,Puri,Child Immunization,CARE India,222054,35144,112,870,225,134,88,Health_Program
P14_45,2020,Q3,Assam,Dibrugarh,Child Immunization,NHM Odisha,91046,8662,20,3892,153,163,80,Health_Program
P14_46,2021,Q3,Odisha,Cuttack,Malaria Control,Assam NRHM,342731,43982,185,3685,246,130,74,Health_Program
P14_47,2021,Q1,Odisha,Puri,TB Control,NHM Odisha,135109,42344,121,1609,300,181,78,Health_Program
P14_48,2020,Q2,Rajasthan,Udaipur,Maternal Health,Kerala Health Department,167141,28269,179,4083,657,47,94,Health_Program
P14_49,2019,Q2,Odisha,Puri,Child Immunization,Assam NRHM,243971,40415,220,1919,230,189,83,Health_Program
P14_50,2020,Q4,Kerala,Kozhikode,Nutrition Program,Kerala Health Department,178702,25014,27,1979,84,128,73,Health_Program
P14_51,2021,Q4,Kerala,Kozhikode,Malaria Control,State Health Society Rajasthan,230057,18066,27,4923,739,190,67,Health_Program
P14_52,2022,Q2,Punjab,Patiala,Maternal Health,Assam NRHM,233849,21898,88,1880,239,131,78,Health_Program
P14_53,2022,Q1,Kerala,Kochi,TB Control,Assam NRHM,204368,38156,155,1227,202,148,76,Health_Program
P14_54,2021,Q2,Punjab,Amritsar,Child Immunization,UNICEF India,296014,13267,30,3939,89,103,62,Health_Program
P14_55,2021,Q2,Kerala,Thrissur,TB Control,State Health Society Rajasthan,82581,17991,81,1473,165,25,90,Health_Program
P14_56,2020,Q4,Punjab,Patiala,Malaria Control,Kerala Health Department,258729,37782,224,1614,607,15,94,Health_Program
P14_57,2020,Q4,Rajasthan,Jaipur,TB Control,Punjab Health Mission,78329,31854,235,4381,339,39,89,Health_Program
P14_58,2019,Q4,Kerala,Kochi,Child Immunization,CARE India,195901,38025,157,4519,642,139,74,Health_Program
P14_59,2020,Q1,Punjab,Patiala,Child Immunization,Assam NRHM,380430,47632,54,4040,106,199,90,Health_Program
P14_60,2019,Q3,Odisha,Puri,Nutrition Program,Punjab Health Mission,328621,31746,235,2376,446,162,73,Health_Program
P14_61,2021,Q1,Odisha,Cuttack,Nutrition Program,Kerala Health Department,314006,20117,245,2457,233,162,89,Health_Program
P14_62,2022,Q4,Rajasthan,Udaipur,Nutrition Program,UNICEF India,218199,38380,42,997,579,199,95,Health_Program
P14_63,2020,Q1,Rajasthan,Jaipur,Nutrition Program,CARE India,314263,22163,215,3254,779,110,96,Health_Program
P14_64,2021,Q2,Odisha,Puri,Malaria Control,Assam NRHM,119738,44581,76,1593,203,121,85,Health_Program
P14_65,2022,Q1,Kerala,Kozhikode,Child Immunization,State Health Society Rajasthan,237486,31953,246,4474,524,150,81,Health_Program
P14_66,2019,Q4,Punjab,Ludhiana,Maternal Health,Assam NRHM,371625,20294,191,4341,696,157,82,Health_Program
P14_67,2020,Q3,Rajasthan,Jaipur,Maternal Health,Kerala Health Department,65085,37560,102,990,298,154,90,Health_Program
P14_68,2022,Q1,Rajasthan,Jodhpur,Nutrition Program,Punjab Health Mission,331197,24413,41,3582,376,10,74,Health_Program
P14_69,2019,Q3,Rajasthan,Udaipur,Malaria Control,Assam NRHM,399123,41800,227,470,526,196,78,Health_Program
P14_70,2019,Q3,Kerala,Kozhikode,TB Control,UNICEF India,116665,47138,174,4587,347,62,77,Health_Program
P14_71,2020,Q1,Odisha,Puri,Malaria Control,CARE India,215848,30702,237,2094,137,184,70,Health_Program
P14_72,2022,Q1,Kerala,Thrissur,TB Control,UNICEF India,322373,27208,180,324,759,182,75,Health_Program
P14_73,2022,Q1,Kerala,Thrissur,Nutrition Program,Punjab Health Mission,219564,8271,238,2803,424,157,68,Health_Program
P14_74,2022,Q1,Odisha,Cuttack,TB Control,UNICEF India,130543,42105,219,506,60,101,97,Health_Program
P14_75,2019,Q3,Kerala,Kochi,Malaria Control,Kerala Health Department,305717,23866,229,4624,248,161,66,Health_Program
P14_76,2020,Q3,Kerala,Kochi,TB Control,Kerala Health Department,66506,5540,176,3804,418,35,70,Health_Program
P14_77,2022,Q2,Odisha,Bhubaneswar,Maternal Health,Kerala Health Department,243343,33068,31,4704,165,38,74,Health_Program
P14_78,2021,Q4,Odisha,Puri,Malaria Control,Punjab Health Mission,90001,35278,190,4644,71,126,61,Health_Program
P14_79,2021,Q4,Rajasthan,Udaipur,Malaria Control,Punjab Health Mission,91531,30008,80,4899,219,117,84,Health_Program
P14_80,2022,Q4,Odisha,Puri,Child Immunization,CARE India,278611,45986,98,2759,759,49,73,Health_Program
P14_81,2019,Q2,Odisha,Bhubaneswar,Maternal Health,State Health Society Rajasthan,228844,5708,193,878,497,127,97,Health_Program
P14_82,2021,Q1,Odisha,Cuttack,Child Immunization,CARE India,339166,46817,244,1469,98,133,61,Health_Program
P14_83,2019,Q3,Kerala,Thrissur,Malaria Control,CARE India,221546,6958,229,2828,324,177,60,Health_Program
P14_84,2019,Q4,Kerala,Kozhikode,Maternal Health,CARE India,55140,33572,250,3932,207,56,95,Health_Program
P14_85,2020,Q1,Punjab,Amritsar,Child Immunization,Kerala Health Department,380637,21406,53,1939,318,97,85,Health_Program
P14_86,2020,Q1,Assam,Dibrugarh,Child Immunization,Kerala Health Department,82812,33567,161,3490,611,37,72,Health_Program
P14_87,2019,Q2,Punjab,Amritsar,TB Control,NHM Odisha,215963,32932,137,844,704,198,79,Health_Program
P14_88,2021,Q2,Rajasthan,Jaipur,Child Immunization,Punjab Health Mission,310440,17879,188,3215,706,146,74,Health_Program
P14_89,2020,Q3,Odisha,Puri,TB Control,CARE India,269838,46981,175,2016,639,43,64,Health_Program
P14_90,2020,Q2,Rajasthan,Jaipur,Maternal Health,State Health Society Rajasthan,88393,46202,100,406,192,152,79,Health_Program
P14_91,2019,Q1,Rajasthan,Jodhpur,Malaria Control,Kerala Health Department,109495,11937,162,409,107,18,77,Health_Program
P14_92,2021,Q2,Assam,Dibrugarh,TB Control,UNICEF India,321086,42182,247,1508,546,42,68,Health_Program
P14_93,2020,Q2,Rajasthan,Udaipur,Child Immunization,UNICEF India,218032,44858,20,3816,695,56,97,Health_Program
P14_94,2020,Q3,Rajasthan,Udaipur,Maternal Health,State Health Society Rajasthan,388754,16540,228,4311,187,78,89,Health_Program
P14_95,2022,Q2,Odisha,Bhubaneswar,Nutrition Program,CARE India,361346,17141,145,1852,258,55,87,Health_Program
P14_96,2019,Q4,Rajasthan,Udaipur,Child Immunization,Punjab Health Mission,366573,23515,75,1006,527,28,64,Health_Program
P14_97,2020,Q1,Assam,Silchar,Maternal Health,CARE India,129719,44733,164,4683,673,129,94,Health_Program
P14_98,2021,Q1,Assam,Guwahati,Malaria Control,UNICEF India,213345,48555,206,1882,588,31,67,Health_Program
P14_99,2020,Q1,Rajasthan,Udaipur,Nutrition Program,UNICEF India,161379,43134,205,2846,731,177,79,Health_Program
P14_100,2020,Q2,Punjab,Ludhiana,TB Control,Punjab Health Mission,323587,25786,89,4809,442,116,69,Health_Program
P14_101,2020,Q4,Rajasthan,Jodhpur,TB Control,CARE India,116769,39054,245,589,584,54,70,Health_Program
P14_102,2021,Q4,Assam,Silchar,Child Immunization,State Health Society Rajasthan,79374,33971,199,3289,317,184,76,Health_Program
P14_103,2019,Q3,Odisha,Bhubaneswar,Nutrition Program,CARE India,195812,38381,197,1929,428,121,90,Health_Program
P14_104,2019,Q1,Kerala,Thrissur,Maternal Health,CARE India,81328,8815,192,406,394,172,70,Health_Program
P14_105,2021,Q3,Punjab,Amritsar,Maternal Health,CARE India,220131,22897,34,203,595,100,96,Health_Program
P14_106,2021,Q3,Rajasthan,Jaipur,TB Control,CARE India,252266,27748,66,1156,517,18,97,Health_Program
P14_107,2022,Q4,Assam,Guwahati,TB Control,NHM Odisha,204428,20150,224,2303,762,54,91,Health_Program
P14_108,2020,Q1,Odisha,Bhubaneswar,Malaria Control,CARE India,109920,42014,51,4157,481,97,83,Health_Program
P14_109,2021,Q1,Odisha,Bhubaneswar,Maternal Health,Assam NRHM,336479,38510,51,470,487,150,73,Health_Program
P14_110,2020,Q2,Punjab,Amritsar,Nutrition Program,Kerala Health Department,235612,30457,209,2237,549,166,67,Health_Program
P14_111,2021,Q4,Kerala,Kozhikode,Child Immunization,NHM Odisha,115306,6550,138,1084,639,171,78,Health_Program
P14_112,2019,Q4,Kerala,Thrissur,Nutrition Program,Kerala Health Department,290771,13107,125,1792,654,107,98,Health_Program
P14_113,2019,Q4,Assam,Guwahati,Malaria Control,Punjab Health Mission,350313,27779,31,4748,719,74,85,Health_Program
P14_114,2021,Q2,Kerala,Thrissur,TB Control,State Health Society Rajasthan,125199,22100,47,2071,422,29,92,Health_Program
P14_115,2020,Q3,Odisha,Bhubaneswar,Malaria Control,State Health Society Rajasthan,99146,44902,123,4858,246,32,72,Health_Program
P14_116,2021,Q4,Kerala,Kozhikode,Maternal Health,Kerala Health Department,143693,40297,245,445,759,107,82,Health_Program
P14_117,2021,Q3,Kerala,Kochi,TB Control,Punjab Health Mission,121144,25414,85,4614,360,30,89,Health_Program
P14_118,2020,Q2,Kerala,Kozhikode,Malaria Control,UNICEF India,158812,18724,138,2458,208,113,60,Health_Program
P14_119,2019,Q3,Odisha,Puri,Nutrition Program,Punjab Health Mission,237349,15527,114,1239,74,116,82,Health_Program
P14_120,2019,Q1,Assam,Silchar,Maternal Health,CARE India,147944,40923,75,1561,199,102,69,Health_Program
P14_121,2019,Q2,Rajasthan,Jodhpur,Child Immunization,State Health Society Rajasthan,225797,27745,127,670,289,34,93,Health_Program
P14_122,2020,Q3,Rajasthan,Jaipur,TB Control,Punjab Health Mission,81292,41081,161,4264,713,44,69,Health_Program
P14_123,2019,Q3,Odisha,Bhubaneswar,Malaria Control,Assam NRHM,331740,24155,45,3981,637,140,96,Health_Program
P14_124,2022,Q3,Rajasthan,Jaipur,TB Control,State Health Society Rajasthan,304895,20786,44,950,582,89,96,Health_Program
P14_125,2021,Q3,Rajasthan,Jaipur,TB Control,NHM Odisha,50675,37930,206,3538,218,126,63,Health_Program
P14_126,2022,Q1,Kerala,Thrissur,Nutrition Program,UNICEF India,150362,6044,225,1826,132,40,84,Health_Program
P14_127,2019,Q4,Assam,Guwahati,Maternal Health,NHM Odisha,45376,41445,89,4334,637,25,93,Health_Program
P14_128,2021,Q1,Assam,Silchar,Child Immunization,Punjab Health Mission,323865,35687,228,3157,795,13,60,Health_Program
P14_129,2021,Q1,Odisha,Puri,Malaria Control,Assam NRHM,385906,5911,221,777,700,36,84,Health_Program
P14_130,2019,Q1,Odisha,Bhubaneswar,Malaria Control,Assam NRHM,78394,22516,65,4238,524,19,91,Health_Program
P14_131,2019,Q2,Kerala,Kozhikode,Maternal Health,NHM Odisha,149966,6249,59,4439,554,128,73,Health_Program
P14_132,2021,Q2,Assam,Guwahati,Nutrition Program,Assam NRHM,331236,30088,232,2573,665,21,72,Health_Program
P14_133,2021,Q4,Odisha,Bhubaneswar,Malaria Control,Punjab Health Mission,207710,19838,198,1491,570,145,89,Health_Program
P14_134,2019,Q3,Odisha,Puri,Nutrition Program,State Health Society Rajasthan,175202,45786,182,2925,631,94,91,Health_Program
P14_135,2019,Q4,Odisha,Bhubaneswar,TB Control,Punjab Health Mission,208007,47353,232,2632,547,112,70,Health_Program
P14_136,2019,Q3,Assam,Guwahati,TB Control,State Health Society Rajasthan,269265,7713,194,2376,611,121,82,Health_Program
P14_137,2022,Q3,Punjab,Patiala,TB Control,State Health Society Rajasthan,123859,48238,146,3999,110,10,73,Health_Program
P14_138,2020,Q3,Punjab,Ludhiana,TB Control,Kerala Health Department,134300,9275,198,169,145,137,66,Health_Program
P14_139,2021,Q3,Rajasthan,Udaipur,Maternal Health,Kerala Health Department,394611,17411,85,4631,596,72,68,Health_Program
P14_140,2019,Q1,Odisha,Puri,Child Immunization,Punjab Health Mission,390757,13864,59,3344,65,72,78,Health_Program
P14_141,2020,Q2,Kerala,Kozhikode,Child Immunization,Assam NRHM,350072,28653,108,628,536,139,79,Health_Program
P14_142,2021,Q3,Punjab,Patiala,Child Immunization,CARE India,372052,47111,242,217,216,42,77,Health_Program
P14_143,2022,Q2,Kerala,Kochi,Malaria Control,UNICEF India,70936,22521,238,3880,396,195,98,Health_Program
P14_144,2020,Q4,Kerala,Kozhikode,Nutrition Program,UNICEF India,382763,46038,179,2838,670,168,89,Health_Program
P14_145,2019,Q1,Rajasthan,Jodhpur,Nutrition Program,Assam NRHM,113379,32730,191,2274,669,199,91,Health_Program
P14_146,2020,Q2,Rajasthan,Jodhpur,TB Control,CARE India,147636,43167,197,4997,800,108,65,Health_Program
P14_147,2021,Q3,Odisha,Bhubaneswar,Nutrition Program,State Health Society Rajasthan,220653,48736,55,4781,664,175,64,Health_Program
P14_148,2021,Q2,Rajasthan,Jaipur,Nutrition Program,UNICEF India,104282,22591,105,207,717,67,96,Health_Program
P14_149,2019,Q1,Punjab,Patiala,TB Control,Punjab Health Mission,313421,19068,203,173,420,88,80,Health_Program
P14_150,2021,Q3,Odisha,Puri,TB Control,Punjab Health Mission,235679,34315,194,3689,586,32,65,Health_Program
P14_151,2019,Q1,Odisha,Bhubaneswar,Malaria Control,Assam NRHM,389294,27537,95,2023,439,37,60,Health_Program
P14_152,2021,Q2,Odisha,Cuttack,Maternal Health,State Health Society Rajasthan,352181,26498,44,2935,77,1,81,Health_Program
P14_153,2019,Q1,Assam,Dibrugarh,TB Control,NHM Odisha,233443,36541,65,1987,461,122,85,Health_Program
P14_154,2022,Q2,Assam,Guwahati,Malaria Control,Kerala Health Department,156372,31244,220,4316,170,29,80,Health_Program
P14_155,2021,Q2,Odisha,Puri,Nutrition Program,CARE India,321216,7557,20,175,595,70,67,Health_Program
P14_156,2019,Q2,Punjab,Patiala,TB Control,Assam NRHM,228795,46753,32,868,701,172,78,Health_Program
P14_157,2020,Q1,Punjab,Ludhiana,Maternal Health,State Health Society Rajasthan,323321,6207,160,4670,446,176,75,Health_Program
P14_158,2022,Q2,Assam,Silchar,Malaria Control,State Health Society Rajasthan,217687,38399,130,3655,379,164,63,Health_Program
P14_159,2020,Q2,Assam,Silchar,Child Immunization,Punjab Health Mission,228994,13639,47,4072,652,25,88,Health_Program
P14_160,2019,Q1,Rajasthan,Udaipur,Child Immunization,UNICEF India,263144,32116,172,1685,761,3,90,Health_Program
P14_161,2019,Q1,Kerala,Kochi,TB Control,Kerala Health Department,335756,19517,200,1523,312,143,60,Health_Program
P14_162,2022,Q3,Assam,Silchar,Child Immunization,UNICEF India,184115,22984,166,2990,169,7,91,Health_Program
P14_163,2019,Q1,Punjab,Patiala,Malaria Control,Punjab Health Mission,358440,28252,58,4763,594,57,65,Health_Program
P14_164,2022,Q1,Kerala,Kozhikode,TB Control,Assam NRHM,96262,38097,205,1512,730,140,90,Health_Program
P14_165,2019,Q2,Assam,Guwahati,TB Control,Kerala Health Department,223053,20337,151,1431,337,143,67,Health_Program
P14_166,2020,Q4,Assam,Dibrugarh,Malaria Control,Kerala Health Department,261734,30747,150,3735,77,50,83,Health_Program
P14_167,2021,Q2,Assam,Silchar,Nutrition Program,CARE India,237328,37899,142,4545,646,5,78,Health_Program
P14_168,2022,Q2,Assam,Guwahati,Child Immunization,State Health Society Rajasthan,166102,46055,223,4652,718,171,75,Health_Program
P14_169,2019,Q2,Assam,Guwahati,Malaria Control,Punjab Health Mission,231084,26301,115,4096,658,168,61,Health_Program
P14_170,2020,Q1,Punjab,Ludhiana,Child Immunization,UNICEF India,121934,7617,224,1339,782,27,91,Health_Program
P14_171,2022,Q3,Kerala,Kochi,Malaria Control,Kerala Health Department,124788,26386,106,1568,725,129,75,Health_Program
P14_172,2019,Q4,Punjab,Patiala,Child Immunization,CARE India,250722,24614,76,4952,566,143,95,Health_Program
P14_173,2020,Q1,Kerala,Thrissur,TB Control,State Health Society Rajasthan,219064,34891,220,3162,745,76,71,Health_Program
P14_174,2020,Q4,Odisha,Puri,Malaria Control,UNICEF India,98680,35643,31,850,611,52,77,Health_Program
P14_175,2020,Q3,Odisha,Puri,Maternal Health,NHM Odisha,274721,24975,90,4600,695,86,95,Health_Program
P14_176,2019,Q1,Kerala,Kochi,TB Control,Punjab Health Mission,391276,12911,233,1383,432,136,79,Health_Program
P14_177,2019,Q4,Punjab,Amritsar,Malaria Control,CARE India,129729,35488,135,860,144,187,86,Health_Program
P14_178,2021,Q2,Kerala,Thrissur,TB Control,CARE India,109121,18214,113,4200,87,20,80,Health_Program
P14_179,2019,Q4,Assam,Guwahati,Child Immunization,Kerala Health Department,304595,43155,174,191,498,47,97,Health_Program
P15_0,2020,Q2,Kerala,Kozhikode,Nutrition Program,State Health Society Rajasthan,93136,49546,142,3775,258,95,73,Health_Program
P15_1,2022,Q4,Rajasthan,Jaipur,TB Control,State Health Society Rajasthan,138581,46003,115,3263,57,94,98,Health_Program
P15_2,2021,Q3,Odisha,Cuttack,TB Control,Assam NRHM,76655,18596,28,3785,564,94,73,Health_Program
P15_3,2017,Q2,Rajasthan,Jodhpur,Child Immunization,Assam NRHM,81689,47237,164,3068,790,36,96,Health_Program
P15_4,2018,Q3,Punjab,Patiala,Child Immunization,Kerala Health Department,298079,34819,48,3118,368,168,78,Health_Program
P15_5,2018,Q4,Kerala,Kozhikode,Child Immunization,Assam NRHM,226782,25606,161,4739,477,160,73,Health_Program
P15_6,2022,Q2,Odisha,Bhubaneswar,Child Immunization,UNICEF India,146208,32818,181,2648,260,157,61,Health_Program
P15_7,2019,Q1,Punjab,Patiala,Child Immunization,CARE India,360247,43110,108,3335,106,36,77,Health_Program
P15_8,2017,Q2,Punjab,Ludhiana,Maternal Health,Kerala Health Department,286083,34169,80,1601,349,35,92,Health_Program
P15_9,2021,Q4,Kerala,Kozhikode,TB Control,CARE India,222097,20839,153,1630,623,83,66,Health_Program
P15_10,2019,Q4,Kerala,Kozhikode,Malaria Control,Assam NRHM,166989,32097,84,2696,305,177,73,Health_Program
P15_11,2018,Q2,Odisha,Cuttack,Maternal Health,NHM Odisha,398956,47521,186,1240,459,197,88,Health_Program
P15_12,2018,Q2,Rajasthan,Udaipur,Malaria Control,CARE India,197409,36901,212,892,697,165,97,Health_Program
P15_13,2019,Q4,Punjab,Amritsar,Malaria Control,CARE India,292972,15506,179,2368,186,132,96,Health_Program
P15_14,2017,Q3,Assam,Guwahati,TB Control,Punjab Health Mission,260442,13068,79,2613,219,148,81,Health_Program
P15_15,2017,Q4,Kerala,Kochi,TB Control,CARE India,86343,16169,163,2631,611,74,75,Health_Program
P15_16,2019,Q3,Kerala,Kozhikode,Nutrition Program,NHM Odisha,313516,27470,48,3769,656,45,95,Health_Program
P15_17,2022,Q3,Punjab,Ludhiana,Maternal Health,Assam NRHM,48543,26682,22,3703,615,160,95,Health_Program
P15_18,2021,Q1,Rajasthan,Udaipur,Malaria Control,Kerala Health Department,238231,7937,98,162,172,122,69,Health_Program
P15_19,2017,Q2,Assam,Dibrugarh,Malaria Control,State Health Society Rajasthan,208071,6770,151,3000,216,58,65,Health_Program
P15_20,2018,Q4,Rajasthan,Jodhpur,Malaria Control,Assam NRHM,368386,18242,133,3474,566,40,88,Health_Program
P15_21,2022,Q3,Odisha,Bhubaneswar,Maternal Health,NHM Odisha,130978,41954,203,650,61,154,85,Health_Program
P15_22,2019,Q2,Assam,Silchar,Maternal Health,UNICEF India,58201,19742,213,460,224,57,95,Health_Program
P15_23,2022,Q2,Punjab,Ludhiana,TB Control,State Health Society Rajasthan,263354,46186,43,4892,448,139,76,Health_Program
P15_24,2022,Q2,Punjab,Amritsar,Child Immunization,Kerala Health Department,113576,16225,226,3841,224,114,95,Health_Program
P15_25,2021,Q3,Odisha,Bhubaneswar,TB Control,Punjab Health Mission,255061,13581,107,4604,767,101,71,Health_Program
P15_26,2021,Q1,Rajasthan,Jaipur,Maternal Health,UNICEF India,182965,23854,55,3411,530,146,90,Health_Program
P15_27,2017,Q2,Kerala,Thrissur,TB Control,Kerala Health Department,174371,8877,178,2207,317,20,98,Health_Program
P15_28,2019,Q4,Punjab,Amritsar,TB Control,Punjab Health Mission,239110,8161,211,3444,539,134,87,Health_Program
P15_29,2022,Q4,Punjab,Amritsar,Nutrition Program,UNICEF India,380726,20267,90,558,712,179,66,Health_Program
P15_30,2019,Q2,Odisha,Bhubaneswar,Nutrition Program,Kerala Health Department,133239,39206,137,4896,263,3,86,Health_Program
P15_31,2018,Q1,Kerala,Kochi,Nutrition Program,CARE India,146858,45761,217,4465,295,191,89,Health_Program
P15_32,2022,Q2,Assam,Guwahati,Malaria Control,Punjab Health Mission,101116,47943,185,4551,518,16,94,Health_Program
P15_33,2019,Q3,Rajasthan,Jaipur,Nutrition Program,Punjab Health Mission,138763,29059,169,2457,335,63,60,Health_Program
P15_34,2021,Q3,Rajasthan,Jaipur,TB Control,UNICEF India,66655,9821,200,3220,126,139,86,Health_Program
P15_35,2020,Q1,Kerala,Thrissur,Nutrition Program,NHM Odisha,79717,45698,88,2790,77,198,72,Health_Program
P15_36,2017,Q1,Rajasthan,Jaipur,Child Immunization,Kerala Health Department,127382,40333,106,2124,264,120,65,Health_Program
P15_37,2022,Q3,Kerala,Thrissur,TB Control,Punjab Health Mission,90841,27275,49,4795,363,73,76,Health_Program
P15_38,2020,Q4,Rajasthan,Jodhpur,Child Immunization,NHM Odisha,237696,13053,122,3898,312,163,94,Health_Program
P15_39,2022,Q4,Odisha,Cuttack,Child Immunization,NHM Odisha,278453,17691,199,1066,207,107,83,Health_Program
P15_40,2018,Q1,Odisha,Cuttack,Child Immunization,Assam NRHM,194987,13568,88,4920,582,195,65,Health_Program
P15_41,2020,Q4,Punjab,Amritsar,Nutrition Program,CARE India,294418,44524,109,1025,665,122,87,Health_Program
P15_42,2022,Q4,Rajasthan,Udaipur,Maternal Health,Kerala Health Department,253842,35256,96,562,325,36,69,Health_Program
P15_43,2017,Q4,Rajasthan,Jaipur,Maternal Health,Assam NRHM,205447,24979,146,2226,797,99,86,Health_Program
P15_44,2018,Q2,Rajasthan,Jaipur,Maternal Health,UNICEF India,134355,28896,199,1008,201,110,98,Health_Program
P15_45,2018,Q2,Kerala,Kozhikode,TB Control,CARE India,336021,30345,77,1160,269,154,84,Health_Program
P15_46,2017,Q2,Punjab,Patiala,Child Immunization,State Health Society Rajasthan,52861,22291,43,4738,586,34,94,Health_Program
P15_47,2022,Q4,Rajasthan,Udaipur,TB Control,CARE India,115758,33014,249,2653,796,175,97,Health_Program
P15_48,2018,Q4,Punjab,Patiala,TB Control,Kerala Health Department,172678,48143,193,831,135,186,90,Health_Program
P15_49,2020,Q4,Rajasthan,Udaipur,Nutrition Program,UNICEF India,238311,14097,240,2510,176,184,72,Health_Program
P15_50,2017,Q4,Punjab,Patiala,Malaria Control,UNICEF India,304670,32619,168,1826,566,69,64,Health_Program
P15_51,2020,Q4,Assam,Guwahati,Nutrition Program,Punjab Health Mission,101438,10796,67,4488,603,96,63,Health_Program
P15_52,2021,Q1,Punjab,Patiala,TB Control,Punjab Health Mission,332410,49138,64,750,285,72,72,Health_Program
P15_53,2017,Q1,Kerala,Kochi,Nutrition Program,Kerala Health Department,264447,8868,149,1421,756,10,63,Health_Program
P15_54,2020,Q2,Odisha,Puri,Maternal Health,Assam NRHM,385076,16885,69,3727,415,104,73,Health_Program
P15_55,2021,Q3,Rajasthan,Udaipur,Nutrition Program,Kerala Health Department,51097,25962,51,1647,643,64,98,Health_Program
P15_56,2022,Q1,Rajasthan,Udaipur,Child Immunization,CARE India,271516,43749,232,4921,516,165,98,Health_Program
P15_57,2021,Q4,Punjab,Amritsar,TB Control,Assam NRHM,41570,40834,182,2084,225,151,87,Health_Program
P15_58,2020,Q1,Assam,Guwahati,Child Immunization,CARE India,72157,23967,148,1370,269,77,71,Health_Program
P15_59,2022,Q3,Kerala,Kochi,Malaria Control,CARE India,281395,22967,122,143,505,75,77,Health_Program
P15_60,2017,Q2,Assam,Dibrugarh,Child Immunization,Punjab Health Mission,269054,49953,33,3604,174,1,64,Health_Program
P15_61,2017,Q4,Kerala,Kochi,Malaria Control,Punjab Health Mission,293688,25495,50,945,701,77,94,Health_Program
P15_62,2018,Q2,Assam,Silchar,Malaria Control,Punjab Health Mission,272195,49645,149,4668,473,19,78,Health_Program
P15_63,2018,Q2,Odisha,Bhubaneswar,Child Immunization,CARE India,367173,31162,101,1161,360,108,63,Health_Program
P15_64,2019,Q3,Rajasthan,Jaipur,Malaria Control,Punjab Health Mission,121176,19366,50,1695,283,24,94,Health_Program
P15_65,2021,Q1,Punjab,Patiala,Nutrition Program,State Health Society Rajasthan,325313,26054,51,4887,791,107,87,Health_Program
P15_66,2021,Q1,Rajasthan,Udaipur,Child Immunization,NHM Odisha,54315,6129,203,825,524,16,64,Health_Program
P15_67,2020,Q2,Odisha,Puri,Maternal Health,CARE India,274531,46782,194,3592,521,25,91,Health_Program
P15_68,2022,Q1,Assam,Silchar,Nutrition Program,Assam NRHM,206357,23058,100,2070,235,135,88,Health_Program
P15_69,2021,Q4,Punjab,Patiala,TB Control,Punjab Health Mission,41249,30831,216,4192,435,76,71,Health_Program
P15_70,2022,Q1,Kerala,Thrissur,Child Immunization,State Health Society Rajasthan,365591,38669,184,4574,660,171,89,Health_Program
P15_71,2022,Q4,Punjab,Patiala,Malaria Control,State Health Society Rajasthan,280783,10523,142,3294,673,61,64,Health_Program
P15_72,2018,Q4,Assam,Guwahati,TB Control,State Health Society Rajasthan,387652,6059,233,3910,67,111,67,Health_Program
P15_73,2018,Q2,Rajasthan,Jaipur,TB Control,Punjab Health Mission,55321,24304,66,675,372,113,77,Health_Program
P15_74,2021,Q3,Kerala,Thrissur,Malaria Control,UNICEF India,202860,44930,143,3415,73,141,63,Health_Program
P15_75,2020,Q3,Kerala,Kozhikode,TB Control,State Health Society Rajasthan,320850,21559,236,4658,535,15,84,Health_Program
P15_76,2017,Q3,Kerala,Thrissur,Maternal Health,NHM Odisha,265800,29385,36,886,630,17,95,Health_Program
P15_77,2021,Q3,Assam,Silchar,Child Immunization,NHM Odisha,135022,45695,209,3145,743,130,97,Health_Program
P15_78,2018,Q4,Odisha,Cuttack,Maternal Health,Assam NRHM,374720,24883,34,1438,735,142,91,Health_Program
P15_79,2021,Q2,Assam,Silchar,TB Control,Punjab Health Mission,164231,16387,178,3106,693,175,93,Health_Program
P15_80,2018,Q3,Kerala,Kochi,Child Immunization,Punjab Health Mission,165361,15483,59,3656,619,159,67,Health_Program
P15_81,2022,Q1,Kerala,Kozhikode,Malaria Control,State Health Society Rajasthan,245284,34697,111,2854,130,198,78,Health_Program
P15_82,2017,Q2,Kerala,Kochi,Malaria Control,Assam NRHM,251302,39371,37,1445,93,200,69,Health_Program
P15_83,2022,Q1,Kerala,Kozhikode,Child Immunization,Punjab Health Mission,272008,5938,60,4465,547,172,97,Health_Program
P15_84,2019,Q1,Assam,Silchar,Malaria Control,NHM Odisha,359595,10906,50,460,570,66,86,Health_Program
P15_85,2020,Q3,Kerala,Kozhikode,TB Control,Punjab Health Mission,292390,19795,97,3762,660,136,90,Health_Program
P15_86,2018,Q3,Punjab,Amritsar,TB Control,CARE India,41833,17874,193,3256,347,165,93,Health_Program
P15_87,2019,Q2,Odisha,Puri,Maternal Health,CARE India,227018,45959,97,1991,438,139,75,Health_Program
P15_88,2018,Q1,Kerala,Thrissur,Malaria Control,UNICEF India,158411,45595,110,3159,259,22,77,Health_Program
P15_89,2020,Q1,Rajasthan,Jaipur,TB Control,CARE India,103580,13363,129,950,669,192,72,Health_Program
P15_90,2020,Q4,Rajasthan,Jaipur,Malaria Control,Kerala Health Department,222081,35777,180,1507,549,171,91,Health_Program
P15_91,2019,Q2,Punjab,Amritsar,Nutrition Program,UNICEF India,156650,43236,53,1195,566,8,72,Health_Program
P15_92,2018,Q2,Punjab,Patiala,TB Control,Kerala Health Department,145638,36807,235,4043,394,199,73,Health_Program
P15_93,2022,Q4,Odisha,Puri,Child Immunization,Assam NRHM,389135,6605,102,1669,589,0,69,Health_Program
P15_94,2021,Q4,Kerala,Kochi,Maternal Health,Kerala Health Department,231076,37213,222,2013,135,11,72,Health_Program
P15_95,2018,Q1,Rajasthan,Udaipur,Malaria Control,State Health Society Rajasthan,235749,6322,245,1174,153,143,60,Health_Program
P15_96,2017,Q4,Odisha,Cuttack,Maternal Health,UNICEF India,374721,33459,209,2360,125,17,74,Health_Program
P15_97,2022,Q1,Rajasthan,Udaipur,Maternal Health,Kerala Health Department,217627,10087,108,3406,507,95,94,Health_Program
P15_98,2019,Q2,Rajasthan,Jodhpur,Child Immunization,CARE India,218822,8305,223,1729,196,50,80,Health_Program
P15_99,2022,Q4,Odisha,Bhubaneswar,Nutrition Program,CARE India,142702,42112,65,4799,549,122,69,Health_Program
P15_100,2017,Q1,Rajasthan,Jaipur,Child Immunization,CARE India,248575,28441,187,1813,207,174,67,Health_Program
P15_101,2022,Q3,Punjab,Amritsar,Nutrition Program,Kerala Health Department,114347,25847,202,3583,419,152,70,Health_Program
P15_102,2020,Q4,Punjab,Amritsar,TB Control,Punjab Health Mission,157244,31980,184,1347,264,138,87,Health_Program
P15_103,2017,Q2,Punjab,Amritsar,Child Immunization,Punjab Health Mission,114893,33633,203,4496,183,67,97,Health_Program
P15_104,2019,Q4,Assam,Dibrugarh,Child Immunization,State Health Society Rajasthan,109953,20423,153,1854,641,1,86,Health_Program
P15_105,2017,Q3,Rajasthan,Udaipur,Malaria Control,State Health Society Rajasthan,285540,33190,134,1866,647,99,96,Health_Program
P15_106,2019,Q3,Kerala,Thrissur,Malaria Control,NHM Odisha,361843,29765,156,4656,670,98,62,Health_Program
P15_107,2018,Q2,Assam,Guwahati,Child Immunization,Assam NRHM,261182,5323,45,1831,109,58,89,Health_Program
P15_108,2021,Q4,Assam,Silchar,Child Immunization,CARE India,147688,14497,157,1055,566,20,81,Health_Program
P15_109,2020,Q2,Kerala,Thrissur,Malaria Control,CARE India,80706,19146,134,1726,135,150,83,Health_Program
P15_110,2021,Q3,Rajasthan,Jaipur,Child Immunization,UNICEF India,118084,22119,27,1668,449,83,73,Health_Program
P15_111,2021,Q2,Punjab,Amritsar,Maternal Health,Kerala Health Department,152188,8791,165,1802,475,8,78,Health_Program
P15_112,2018,Q3,Kerala,Thrissur,Nutrition Program,Assam NRHM,370534,42140,44,3542,365,95,66,Health_Program
P15_113,2019,Q1,Punjab,Amritsar,Malaria Control,NHM Odisha,85981,14125,225,2507,440,195,66,Health_Program
P15_114,2019,Q3,Rajasthan,Udaipur,Nutrition Program,NHM Odisha,130647,28825,153,2940,733,59,68,Health_Program
P15_115,2020,Q4,Punjab,Amritsar,Malaria Control,CARE India,120979,40438,201,1772,744,94,65,Health_Program
P15_116,2018,Q4,Rajasthan,Udaipur,Nutrition Program,Assam NRHM,92651,24866,208,1524,568,24,84,Health_Program
P15_117,2021,Q4,Punjab,Ludhiana,Child Immunization,State Health Society Rajasthan,353729,36279,106,3830,202,10,71,Health_Program
P15_118,2021,Q4,Kerala,Kochi,Maternal Health,CARE India,312280,36843,205,4905,662,68,89,Health_Program
P15_119,2020,Q4,Assam,Guwahati,Child Immunization,Kerala Health Department,96246,25735,199,1908,253,118,93,Health_Program
P15_120,2019,Q3,Kerala,Kozhikode,Child Immunization,NHM Odisha,274792,6641,49,386,466,25,85,Health_Program
P15_121,2018,Q3,Assam,Dibrugarh,TB Control,Assam NRHM,151755,25761,248,2678,302,172,86,Health_Program
P15_122,2018,Q3,Assam,Guwahati,Malaria Control,Punjab Health Mission,252540,42230,99,2280,526,6,84,Health_Program
P15_123,2019,Q4,Punjab,Ludhiana,Maternal Health,CARE India,259211,11822,222,1284,369,172,62,Health_Program
P15_124,2022,Q2,Kerala,Kochi,Malaria Control,Assam NRHM,250303,40584,48,895,649,133,76,Health_Program
P15_125,2019,Q1,Odisha,Cuttack,Child Immunization,Assam NRHM,123874,12523,147,1685,473,149,81,Health_Program
P15_126,2022,Q4,Punjab,Amritsar,TB Control,Punjab Health Mission,264243,11062,124,4666,662,86,93,Health_Program
P15_127,2017,Q4,Punjab,Patiala,Nutrition Program,Punjab Health Mission,101178,40311,207,3204,754,116,89,Health_Program
P15_128,2017,Q4,Odisha,Puri,Child Immunization,UNICEF India,124263,23324,169,521,385,44,87,Health_Program
P15_129,2017,Q2,Punjab,Amritsar,Malaria Control,Assam NRHM,393100,47556,182,322,518,13,81,Health_Program
P15_130,2018,Q4,Assam,Dibrugarh,Maternal Health,Punjab Health Mission,367591,19642,118,2910,313,38,98,Health_Program
P15_131,2019,Q4,Odisha,Puri,Maternal Health,Assam NRHM,397152,21190,37,1593,587,66,63,Health_Program
P15_132,2021,Q1,Punjab,Amritsar,Nutrition Program,NHM Odisha,208514,41676,139,3360,767,193,75,Health_Program
P15_133,2018,Q4,Assam,Dibrugarh,TB Control,UNICEF India,50272,12971,74,3837,71,122,70,Health_Program
P15_134,2017,Q4,Rajasthan,Udaipur,Child Immunization,Assam NRHM,326972,17511,24,739,77,72,72,Health_Program
P15_135,2017,Q1,Kerala,Kozhikode,Malaria Control,NHM Odisha,212976,43779,235,4016,215,126,87,Health_Program
P15_136,2022,Q1,Rajasthan,Udaipur,Child Immunization,State Health Society Rajasthan,90345,16660,224,2193,58,75,74,Health_Program
P15_137,2021,Q2,Odisha,Bhubaneswar,Maternal Health,Assam NRHM,345797,14857,149,4150,391,164,81,Health_Program
P15_138,2021,Q4,Assam,Guwahati,Malaria Control,Punjab Health Mission,141348,5249,143,2857,260,145,75,Health_Program
P15_139,2020,Q3,Punjab,Ludhiana,Maternal Health,UNICEF India,393723,13201,119,456,386,75,83,Health_Program
P15_140,2019,Q3,Punjab,Patiala,TB Control,CARE India,346195,15313,79,322,119,88,69,Health_Program
P15_141,2021,Q1,Kerala,Kochi,Child Immunization,Assam NRHM,328598,31881,105,1319,696,173,66,Health_Program
P15_142,2022,Q1,Punjab,Patiala,TB Control,UNICEF India,164472,33866,66,2237,784,45,94,Health_Program
P15_143,2017,Q4,Kerala,Kozhikode,Malaria Control,State Health Society Rajasthan,267875,27355,41,3360,717,0,91,Health_Program
P15_144,2021,Q4,Kerala,Kochi,Child Immunization,CARE India,221233,21903,225,786,364,184,60,Health_Program
P15_145,2022,Q4,Assam,Guwahati,Malaria Control,State Health Society Rajasthan,72896,5325,78,4965,600,48,79,Health_Program
P15_146,2017,Q1,Kerala,Kochi,Maternal Health,Punjab Health Mission,214132,17590,167,3111,419,96,83,Health_Program
P15_147,2020,Q4,Rajasthan,Jodhpur,Malaria Control,Punjab Health Mission,258844,39039,96,1982,628,4,85,Health_Program
P15_148,2022,Q4,Odisha,Bhubaneswar,Nutrition Program,NHM Odisha,385104,20753,128,3104,396,56,72,Health_Program
P15_149,2022,Q3,Assam,Guwahati,Maternal Health,Assam NRHM,232504,38127,132,4209,572,169,90,Health_Program
P15_150,2022,Q1,Rajasthan,Udaipur,Child Immunization,Assam NRHM,216519,13117,226,4057,612,138,85,Health_Program
P15_151,2017,Q2,Punjab,Amritsar,TB Control,Assam NRHM,375428,38110,75,4650,230,99,75,Health_Program
P15_152,2017,Q4,Rajasthan,Jaipur,Malaria Control,UNICEF India,142112,37715,158,1091,215,186,85,Health_Program
P15_153,2022,Q3,Assam,Guwahati,Malaria Control,Punjab Health Mission,96830,38540,234,3908,217,32,79,Health_Program
P15_154,2018,Q2,Assam,Silchar,Nutrition Program,UNICEF India,393826,26319,150,2021,552,53,98,Health_Program
P15_155,2018,Q2,Rajasthan,Jodhpur,Maternal Health,State Health Society Rajasthan,151566,7012,54,1404,291,113,65,Health_Program
P15_156,2021,Q2,Assam,Silchar,Nutrition Program,Assam NRHM,89641,46406,214,2789,511,56,76,Health_Program
P15_157,2017,Q1,Rajasthan,Jodhpur,Child Immunization,NHM Odisha,335354,45800,131,1729,308,104,80,Health_Program
P15_158,2018,Q3,Odisha,Puri,Malaria Control,Kerala Health Department,218027,34837,193,1632,618,176,92,Health_Program
P15_159,2021,Q3,Punjab,Ludhiana,Child Immunization,Assam NRHM,71628,8956,99,4405,357,136,84,Health_Program
P15_160,2017,Q3,Punjab,Amritsar,Malaria Control,State Health Society Rajasthan,386855,42766,225,1255,732,22,67,Health_Program
P15_161,2022,Q1,Assam,Guwahati,Malaria Control,Punjab Health Mission,58330,21211,229,4503,215,110,76,Health_Program
P15_162,2021,Q1,Rajasthan,Udaipur,Maternal Health,Kerala Health Department,315452,38718,147,2507,612,102,79,Health_Program
P15_163,2022,Q4,Odisha,Puri,Malaria Control,UNICEF India,306681,13243,235,683,167,34,72,Health_Program
P15_164,2018,Q1,Punjab,Patiala,Maternal Health,NHM Odisha,149770,9957,32,1617,164,34,85,Health_Program
P15_165,2018,Q2,Assam,Guwahati,TB Control,State Health Society Rajasthan,52759,44628,195,4986,341,76,70,Health_Program
P15_166,2019,Q3,Assam,Dibrugarh,Child Immunization,Kerala Health Department,250127,11363,146,4370,730,10,67,Health_Program
P15_167,2019,Q1,Odisha,Puri,Malaria Control,Punjab Health Mission,178940,18882,53,1692,569,108,67,Health_Program
P15_168,2020,Q1,Kerala,Thrissur,TB Control,UNICEF India,208301,23806,218,680,453,7,64,Health_Program
P15_169,2018,Q2,Rajasthan,Jaipur,Child Immunization,NHM Odisha,218243,25556,30,589,405,20,92,Health_Program
P15_170,2020,Q2,Odisha,Bhubaneswar,Child Immunization,NHM Odisha,281012,30591,216,4048,576,43,62,Health_Program
P15_171,2021,Q2,Punjab,Amritsar,Child Immunization,Kerala Health Department,55880,21778,64,1581,590,145,62,Health_Program
P15_172,2018,Q4,Odisha,Puri,Maternal Health,Kerala Health Department,202878,17648,184,4132,471,3,65,Health_Program
P15_173,2018,Q3,Rajasthan,Jodhpur,Malaria Control,Punjab Health Mission,351594,44741,204,3199,645,6,92,Health_Program
P15_174,2022,Q1,Odisha,Cuttack,Maternal Health,UNICEF India,119402,45382,90,364,493,52,73,Health_Program
P15_175,2019,Q4,Punjab,Amritsar,TB Control,CARE India,392772,43670,58,2709,799,147,88,Health_Program
P15_176,2017,Q3,Kerala,Kozhikode,TB Control,UNICEF India,178115,8384,124,4706,773,68,72,Health_Program
P15_177,2022,Q4,Rajasthan,Udaipur,Maternal Health,Punjab Health Mission,71697,38515,51,1536,443,55,66,Health_Program
P15_178,2019,Q4,Punjab,Ludhiana,Nutrition Program,NHM Odisha,390096,26340,185,4144,477,160,78,Health_Program
P15_179,2020,Q2,Rajasthan,Jaipur,Nutrition Program,Assam NRHM,146799,49932,38,3091,281,15,94,Health_Program
P16_0,2017,Q3,Punjab,Ludhiana,Nutrition Program,UNICEF India,148933,15139,246,1808,611,188,83,Health_Program
P16_1,2018,Q3,Rajasthan,Jodhpur,TB Control,NHM Odisha,389046,27628,192,4245,242,187,88,Health_Program
P16_2,2018,Q2,Kerala,Kozhikode,Maternal Health,Assam NRHM,298348,31257,170,1267,298,80,63,Health_Program
P16_3,2016,Q2,Assam,Guwahati,TB Control,State Health Society Rajasthan,138806,35240,208,570,522,156,66,Health_Program
P16_4,2018,Q2,Assam,Guwahati,Maternal Health,Kerala Health Department,148349,32514,221,4387,362,60,68,Health_Program
P16_5,2018,Q2,Odisha,Cuttack,Nutrition Program,State Health Society Rajasthan,330115,32020,25,2220,124,14,81,Health_Program
P16_6,2018,Q2,Assam,Guwahati,Malaria Control,Assam NRHM,368574,6102,138,2994,119,123,97,Health_Program
P16_7,2018,Q3,Punjab,Amritsar,Maternal Health,CARE India,89642,47108,118,2202,296,98,78,Health_Program
P16_8,2016,Q3,Rajasthan,Udaipur,Nutrition Program,Kerala Health Department,127977,17796,131,704,91,188,79,Health_Program
P16_9,2016,Q1,Kerala,Thrissur,Maternal Health,Kerala Health Department,280219,40088,213,1823,74,159,90,Health_Program
P16_10,2016,Q2,Rajasthan,Jaipur,Nutrition Program,Punjab Health Mission,331146,9461,88,424,154,129,75,Health_Program
P16_11,2017,Q1,Rajasthan,Jodhpur,Malaria Control,NHM Odisha,225720,13534,225,1634,392,142,92,Health_Program
P16_12,2017,Q1,Rajasthan,Udaipur,Nutrition Program,State Health Society Rajasthan,189373,27531,28,3213,521,98,75,Health_Program
P16_13,2017,Q1,Rajasthan,Jodhpur,Nutrition Program,State Health Society Rajasthan,52956,8130,158,3818,639,132,85,Health_Program
P16_14,2017,Q1,Rajasthan,Udaipur,Nutrition Program,UNICEF India,50265,15215,71,4121,685,73,80,Health_Program
P16_15,2016,Q4,Punjab,Amritsar,Nutrition Program,Assam NRHM,100478,28029,216,2156,512,151,65,Health_Program
P16_16,2016,Q4,Assam,Guwahati,Child Immunization,NHM Odisha,205695,28859,115,1250,340,177,74,Health_Program
P16_17,2018,Q4,Rajasthan,Jodhpur,TB Control,Punjab Health Mission,369800,30112,139,143,652,31,72,Health_Program
P16_18,2016,Q1,Kerala,Thrissur,TB Control,State Health Society Rajasthan,195465,21766,62,240,408,32,70,Health_Program
P16_19,2017,Q3,Assam,Dibrugarh,Nutrition Program,CARE India,283657,47933,110,4575,50,198,88,Health_Program
P16_20,2018,Q4,Rajasthan,Jodhpur,Child Immunization,CARE India,235968,28288,115,2020,710,99,90,Health_Program
P16_21,2017,Q3,Punjab,Ludhiana,TB Control,UNICEF India,283735,33987,137,4360,221,75,81,Health_Program
P16_22,2016,Q2,Kerala,Kozhikode,Maternal Health,Punjab Health Mission,85014,19242,124,3171,798,89,64,Health_Program
P16_23,2016,Q3,Kerala,Kochi,Malaria Control,NHM Odisha,72356,9380,68,4945,322,126,76,Health_Program
P16_24,2016,Q2,Odisha,Cuttack,Child Immunization,UNICEF India,287860,19301,137,1955,630,153,70,Health_Program
P16_25,2018,Q4,Kerala,Kozhikode,Malaria Control,State Health Society Rajasthan,228359,33863,69,4145,221,172,82,Health_Program
P16_26,2018,Q1,Rajasthan,Jaipur,Malaria Control,UNICEF India,98831,28192,79,4198,503,129,80,Health_Program
P16_27,2018,Q1,Punjab,Amritsar,Maternal Health,Kerala Health Department,284503,40556,216,1153,136,117,77,Health_Program
P16_28,2018,Q3,Odisha,Puri,TB Control,State Health Society Rajasthan,361046,8645,194,1719,532,187,60,Health_Program
P16_29,2017,Q2,Kerala,Thrissur,Malaria Control,Kerala Health Department,252626,13257,132,142,685,196,67,Health_Program
P16_30,2017,Q2,Assam,Guwahati,Malaria Control,Kerala Health Department,264751,15670,182,1304,323,196,77,Health_Program
P16_31,2017,Q4,Rajasthan,Jaipur,TB Control,NHM Odisha,134779,7537,145,4109,401,59,75,Health_Program
P16_32,2018,Q1,Rajasthan,Udaipur,Nutrition Program,State Health Society Rajasthan,117202,14268,42,3550,185,21,78,Health_Program
P16_33,2016,Q2,Rajasthan,Jaipur,TB Control,State Health Society Rajasthan,103608,17193,143,4366,665,177,75,Health_Program
P16_34,2018,Q1,Kerala,Kochi,Nutrition Program,UNICEF India,387272,42656,82,919,103,6,82,Health_Program
P16_35,2016,Q4,Rajasthan,Udaipur,TB Control,UNICEF India,118284,32743,31,1343,627,139,83,Health_Program
P16_36,2016,Q4,Kerala,Kozhikode,TB Control,CARE India,340563,29319,53,629,99,53,79,Health_Program
P16_37,2016,Q2,Rajasthan,Jaipur,Child Immunization,NHM Odisha,330830,17900,176,4808,554,142,85,Health_Program
P16_38,2017,Q2,Odisha,Bhubaneswar,Maternal Health,State Health Society Rajasthan,62325,20248,145,3939,297,4,98,Health_Program
P16_39,2018,Q3,Rajasthan,Udaipur,Child Immunization,CARE India,111506,16561,46,3930,304,154,60,Health_Program
P16_40,2017,Q3,Kerala,Thrissur,Child Immunization,CARE India,240222,27482,46,1544,453,155,83,Health_Program
P16_41,2017,Q3,Punjab,Patiala,Maternal Health,Kerala Health Department,392359,17159,229,2993,516,41,87,Health_Program
P16_42,2017,Q1,Rajasthan,Jodhpur,Nutrition Program,CARE India,86530,39697,194,2554,67,159,69,Health_Program
P16_43,2016,Q2,Kerala,Kozhikode,TB Control,UNICEF India,93217,36271,129,2757,83,86,83,Health_Program
P16_44,2017,Q4,Assam,Guwahati,Child Immunization,CARE India,91361,46296,105,1456,324,108,85,Health_Program
P16_45,2017,Q3,Kerala,Thrissur,TB Control,Punjab Health Mission,374353,36735,104,2074,304,93,62,Health_Program
P16_46,2016,Q3,Assam,Silchar,Nutrition Program,Assam NRHM,89320,12042,109,3978,646,27,85,Health_Program
P16_47,2018,Q3,Odisha,Cuttack,Malaria Control,CARE India,198453,28445,152,4427,737,77,79,Health_Program
P16_48,2016,Q1,Punjab,Amritsar,TB Control,UNICEF India,281588,5032,104,3035,703,91,67,Health_Program
P16_49,2016,Q2,Rajasthan,Jaipur,Malaria Control,NHM Odisha,133115,26839,240,4456,635,37,72,Health_Program
P16_50,2016,Q1,Kerala,Kochi,TB Control,State Health Society Rajasthan,356461,28900,64,3961,522,27,74,Health_Program
P16_51,2017,Q4,Rajasthan,Jodhpur,TB Control,Punjab Health Mission,169112,31765,48,1488,688,136,77,Health_Program
P16_52,2018,Q2,Punjab,Patiala,TB Control,Assam NRHM,173444,12645,238,1933,590,35,74,Health_Program
P16_53,2016,Q3,Rajasthan,Udaipur,Child Immunization,Assam NRHM,69491,41598,105,3056,179,43,82,Health_Program
P16_54,2017,Q1,Odisha,Puri,Child Immunization,State Health Society Rajasthan,314419,29101,61,4364,261,154,75,Health_Program
P16_55,2017,Q4,Kerala,Kochi,Malaria Control,Assam NRHM,87190,40257,190,563,525,124,71,Health_Program
P16_56,2018,Q3,Rajasthan,Udaipur,Malaria Control,CARE India,319590,45162,243,4466,271,165,65,Health_Program
P16_57,2016,Q2,Kerala,Thrissur,Child Immunization,Punjab Health Mission,54924,16293,102,1695,568,34,75,Health_Program
P16_58,2017,Q1,Kerala,Kochi,Maternal Health,Punjab Health Mission,227591,40747,77,3640,777,141,90,Health_Program
P16_59,2016,Q4,Assam,Guwahati,Malaria Control,NHM Odisha,231937,47653,224,4443,535,175,84,Health_Program
P16_60,2018,Q3,Punjab,Amritsar,TB Control,Punjab Health Mission,56204,20468,205,772,793,7,88,Health_Program
P16_61,2017,Q3,Punjab,Patiala,TB Control,Punjab Health Mission,118016,34016,50,561,587,117,96,Health_Program
P16_62,2016,Q4,Assam,Guwahati,TB Control,Punjab Health Mission,89948,37255,200,1269,656,193,85,Health_Program
P16_63,2017,Q2,Kerala,Kozhikode,Malaria Control,State Health Society Rajasthan,119596,6362,134,1630,680,198,91,Health_Program
P16_64,2016,Q1,Rajasthan,Jaipur,Child Immunization,Punjab Health Mission,112647,16426,94,4378,304,89,92,Health_Program
P16_65,2018,Q3,Kerala,Kochi,Malaria Control,Punjab Health Mission,386009,42845,233,2709,457,113,66,Health_Program
P16_66,2018,Q3,Rajasthan,Jodhpur,Maternal Health,CARE India,221632,28269,116,2928,536,155,68,Health_Program
P16_67,2017,Q1,Odisha,Cuttack,Child Immunization,UNICEF India,315180,32789,227,1921,181,38,75,Health_Program
P16_68,2017,Q4,Kerala,Thrissur,Malaria Control,NHM Odisha,228311,21153,88,2604,199,136,69,Health_Program
P16_69,2016,Q2,Punjab,Patiala,Maternal Health,State Health Society Rajasthan,191836,37907,77,3172,600,1,79,Health_Program
P16_70,2018,Q1,Rajasthan,Jaipur,Malaria Control,Kerala Health Department,331491,33515,140,3288,448,137,69,Health_Program
P16_71,2017,Q2,Odisha,Bhubaneswar,Malaria Control,CARE India,85632,43545,28,385,367,167,88,Health_Program
P16_72,2017,Q2,Assam,Silchar,Malaria Control,Kerala Health Department,222130,42235,36,4518,532,153,68,Health_Program
P16_73,2018,Q1,Punjab,Ludhiana,Nutrition Program,Punjab Health Mission,297852,26805,100,2517,388,137,83,Health_Program
P16_74,2017,Q1,Kerala,Kochi,Maternal Health,Assam NRHM,144896,31195,69,607,144,116,72,Health_Program
P16_75,2017,Q1,Odisha,Bhubaneswar,Nutrition Program,CARE India,121491,35208,218,3058,64,150,67,Health_Program
P16_76,2018,Q3,Odisha,Cuttack,Nutrition Program,State Health Society Rajasthan,237132,38253,48,1994,376,106,74,Health_Program
P16_77,2017,Q3,Rajasthan,Jaipur,Maternal Health,CARE India,349837,37782,35,3923,280,8,68,Health_Program
P16_78,2018,Q3,Rajasthan,Jaipur,TB Control,Assam NRHM,397104,31864,148,622,252,36,60,Health_Program
P16_79,2016,Q3,Kerala,Kozhikode,Maternal Health,Assam NRHM,88734,34889,202,2632,76,6,69,Health_Program
P16_80,2017,Q2,Assam,Silchar,Malaria Control,Kerala Health Department,71113,30014,206,3720,434,12,69,Health_Program
P16_81,2018,Q2,Assam,Dibrugarh,Maternal Health,CARE India,268051,8880,66,4314,96,21,96,Health_Program
P16_82,2017,Q1,Assam,Silchar,Child Immunization,Punjab Health Mission,381592,38227,32,1813,187,179,90,Health_Program
P16_83,2016,Q1,Rajasthan,Jodhpur,Maternal Health,Punjab Health Mission,246272,15940,187,1138,411,166,67,Health_Program
P16_84,2016,Q4,Punjab,Amritsar,Nutrition Program,Kerala Health Department,198977,22350,217,1803,206,187,86,Health_Program
P16_85,2017,Q1,Assam,Dibrugarh,Child Immunization,Punjab Health Mission,315877,30718,228,2646,658,76,75,Health_Program
P16_86,2017,Q3,Assam,Guwahati,Nutrition Program,Kerala Health Department,185404,44086,121,930,341,85,97,Health_Program
P16_87,2018,Q4,Assam,Guwahati,TB Control,Assam NRHM,192245,30907,25,4800,744,65,76,Health_Program
P16_88,2016,Q4,Rajasthan,Udaipur,Nutrition Program,NHM Odisha,334274,31164,222,1366,724,130,66,Health_Program
P16_89,2017,Q3,Odisha,Bhubaneswar,Nutrition Program,Punjab Health Mission,247608,34439,97,1517,633,90,91,Health_Program
P16_90,2018,Q4,Rajasthan,Udaipur,Child Immunization,NHM Odisha,171898,35715,107,2786,193,64,87,Health_Program
P16_91,2018,Q2,Assam,Dibrugarh,TB Control,CARE India,282230,45897,225,988,444,155,63,Health_Program
P16_92,2016,Q3,Assam,Dibrugarh,Nutrition Program,Assam NRHM,65303,40103,81,415,598,189,98,Health_Program
P16_93,2016,Q1,Punjab,Patiala,Maternal Health,Assam NRHM,94537,24161,131,4531,72,121,92,Health_Program
P16_94,2016,Q1,Punjab,Ludhiana,Nutrition Program,UNICEF India,72074,15636,40,156,103,136,63,Health_Program
P16_95,2018,Q3,Kerala,Kozhikode,TB Control,UNICEF India,310080,29901,139,4384,461,56,83,Health_Program
P16_96,2017,Q2,Kerala,Kozhikode,Child Immunization,Assam NRHM,111231,9702,132,1720,706,57,70,Health_Program
P16_97,2016,Q3,Punjab,Patiala,Malaria Control,Assam NRHM,207180,19441,100,4704,506,118,62,Health_Program
P16_98,2018,Q4,Rajasthan,Jaipur,Child Immunization,Assam NRHM,192875,38334,113,2548,201,99,64,Health_Program
P16_99,2016,Q3,Punjab,Patiala,Nutrition Program,NHM Odisha,145128,11521,243,497,233,160,73,Health_Program
P16_100,2017,Q4,Odisha,Cuttack,Maternal Health,CARE India,106679,16086,47,2129,562,55,63,Health_Program
P16_101,2016,Q3,Punjab,Amritsar,TB Control,CARE India,388375,32987,204,4125,573,53,97,Health_Program
P16_102,2018,Q2,Kerala,Thrissur,Maternal Health,NHM Odisha,166031,11943,216,3577,340,181,97,Health_Program
P16_103,2018,Q4,Assam,Silchar,Child Immunization,CARE India,192885,18031,141,2987,642,49,64,Health_Program
P16_104,2017,Q2,Kerala,Kochi,Child Immunization,UNICEF India,201850,10521,178,1210,648,122,96,Health_Program
P16_105,2016,Q3,Odisha,Bhubaneswar,Child Immunization,UNICEF India,324610,25477,222,2631,133,169,68,Health_Program
P16_106,2016,Q3,Odisha,Cuttack,Maternal Health,UNICEF India,246594,31360,64,1447,68,9,86,Health_Program
P16_107,2017,Q3,Kerala,Thrissur,Child Immunization,NHM Odisha,372437,8483,31,2474,501,2,94,Health_Program
P16_108,2017,Q1,Punjab,Ludhiana,Child Immunization,NHM Odisha,323001,44406,212,4343,225,20,70,Health_Program
P16_109,2018,Q3,Assam,Guwahati,Child Immunization,Punjab Health Mission,378231,26060,94,3788,190,123,74,Health_Program
P16_110,2017,Q1,Odisha,Puri,Nutrition Program,Punjab Health Mission,85759,33958,43,1436,712,130,93,Health_Program
P16_111,2017,Q4,Punjab,Patiala,Maternal Health,CARE India,226074,42842,91,2713,234,161,89,Health_Program
P16_112,2016,Q4,Rajasthan,Udaipur,Malaria Control,NHM Odisha,90021,26443,166,777,613,22,68,Health_Program
P16_113,2018,Q1,Assam,Silchar,Child Immunization,CARE India,78630,25971,40,839,431,20,97,Health_Program
P16_114,2018,Q1,Odisha,Bhubaneswar,Malaria Control,UNICEF India,347013,27355,89,2195,759,89,98,Health_Program
P16_115,2018,Q2,Punjab,Amritsar,TB Control,State Health Society Rajasthan,51050,45143,131,3347,637,76,92,Health_Program
P16_116,2016,Q1,Rajasthan,Jaipur,TB Control,NHM Odisha,361434,31884,200,4274,320,128,84,Health_Program
P16_117,2017,Q1,Punjab,Ludhiana,Child Immunization,Assam NRHM,258584,26684,227,4639,235,159,87,Health_Program
P16_118,2017,Q3,Rajasthan,Udaipur,Malaria Control,CARE India,147957,45196,163,4392,401,181,70,Health_Program
P16_119,2016,Q1,Odisha,Bhubaneswar,Malaria Control,State Health Society Rajasthan,358062,11664,37,2676,439,7,65,Health_Program
P16_120,2016,Q4,Odisha,Cuttack,Maternal Health,Punjab Health Mission,382978,48284,210,2898,377,173,66,Health_Program
P16_121,2017,Q4,Assam,Silchar,TB Control,Punjab Health Mission,211406,30128,72,3329,666,80,90,Health_Program
P16_122,2017,Q3,Rajasthan,Jodhpur,Maternal Health,Punjab Health Mission,327015,36297,58,4493,318,68,84,Health_Program
P16_123,2017,Q3,Assam,Guwahati,Maternal Health,Assam NRHM,376309,5155,131,4396,378,57,74,Health_Program
P16_124,2017,Q2,Punjab,Amritsar,Child Immunization,Punjab Health Mission,201039,45968,161,4326,470,5,90,Health_Program
P16_125,2018,Q4,Assam,Silchar,Maternal Health,Assam NRHM,221458,14830,113,1085,121,176,68,Health_Program
P16_126,2018,Q4,Rajasthan,Jaipur,Child Immunization,Kerala Health Department,63506,21899,173,3600,518,105,72,Health_Program
P16_127,2017,Q2,Assam,Guwahati,Nutrition Program,UNICEF India,359716,44597,139,1707,155,8,78,Health_Program
P16_128,2017,Q3,Rajasthan,Udaipur,Malaria Control,CARE India,137659,19667,149,1272,199,58,80,Health_Program
P16_129,2017,Q3,Odisha,Cuttack,Nutrition Program,CARE India,277126,7018,182,4781,408,133,84,Health_Program
P16_130,2018,Q2,Punjab,Ludhiana,Nutrition Program,State Health Society Rajasthan,370050,11170,223,1892,772,56,77,Health_Program
P16_131,2016,Q2,Odisha,Cuttack,Maternal Health,UNICEF India,352683,42142,191,1687,573,85,62,Health_Program
P16_132,2017,Q1,Rajasthan,Jaipur,TB Control,Kerala Health Department,63218,36401,87,357,380,70,91,Health_Program
P16_133,2016,Q3,Rajasthan,Jodhpur,Child Immunization,Punjab Health Mission,291681,46246,176,1775,257,179,97,Health_Program
P16_134,2018,Q2,Punjab,Amritsar,Child Immunization,UNICEF India,41390,28494,97,1052,375,49,68,Health_Program
P16_135,2016,Q1,Punjab,Patiala,TB Control,Punjab Health Mission,67536,17378,44,4983,632,140,69,Health_Program
P16_136,2017,Q4,Rajasthan,Udaipur,Malaria Control,NHM Odisha,124756,29877,25,2247,280,90,68,Health_Program
P16_137,2017,Q1,Odisha,Cuttack,Nutrition Program,Assam NRHM,40774,39960,139,3645,221,5,86,Health_Program
P16_138,2016,Q1,Odisha,Puri,Maternal Health,Kerala Health Department,44881,28074,211,570,424,25,92,Health_Program
P16_139,2016,Q1,Punjab,Ludhiana,Maternal Health,Assam NRHM,253710,29264,190,184,317,171,82,Health_Program
P16_140,2017,Q4,Odisha,Bhubaneswar,TB Control,CARE India,175075,21430,64,4101,217,91,60,Health_Program
P16_141,2017,Q1,Kerala,Kozhikode,Maternal Health,UNICEF India,357823,33588,158,3523,225,166,95,Health_Program
P16_142,2018,Q3,Kerala,Kochi,TB Control,CARE India,296857,37821,177,3257,74,160,73,Health_Program
P16_143,2017,Q1,Kerala,Kochi,TB Control,Assam NRHM,334942,15013,92,3638,160,152,87,Health_Program
P16_144,2018,Q3,Rajasthan,Jaipur,Nutrition Program,NHM Odisha,231557,11724,153,278,591,13,96,Health_Program
P16_145,2018,Q3,Punjab,Patiala,Nutrition Program,Assam NRHM,230188,20587,190,1718,128,8,68,Health_Program
P16_146,2018,Q1,Rajasthan,Jaipur,Nutrition Program,State Health Society Rajasthan,144732,11163,139,2068,725,21,88,Health_Program
P16_147,2018,Q4,Punjab,Amritsar,Maternal Health,State Health Society Rajasthan,301682,49323,119,4150,80,140,67,Health_Program
P16_148,2017,Q4,Kerala,Thrissur,Child Immunization,UNICEF India,170195,42663,40,2111,229,21,68,Health_Program
P16_149,2017,Q3,Punjab,Ludhiana,Malaria Control,Assam NRHM,143538,26733,176,357,223,38,74,Health_Program
P16_150,2018,Q4,Assam,Dibrugarh,TB Control,CARE India,181272,13407,107,2497,133,30,79,Health_Program
P16_151,2017,Q3,Assam,Dibrugarh,Malaria Control,State Health Society Rajasthan,229096,16919,141,1957,586,104,68,Health_Program
P16_152,2017,Q1,Rajasthan,Jodhpur,Maternal Health,Punjab Health Mission,252962,12348,71,3661,755,30,75,Health_Program
P16_153,2016,Q3,Punjab,Patiala,Malaria Control,UNICEF India,56320,11965,157,4732,658,147,71,Health_Program
P16_154,2018,Q4,Odisha,Bhubaneswar,TB Control,Kerala Health Department,196886,15994,208,628,324,77,80,Health_Program
P16_155,2017,Q2,Assam,Silchar,Malaria Control,Kerala Health Department,306753,48748,192,935,371,101,97,Health_Program
P16_156,2018,Q3,Rajasthan,Jaipur,TB Control,Assam NRHM,308940,16020,200,4137,382,163,87,Health_Program
P16_157,2016,Q3,Kerala,Kozhikode,Nutrition Program,Kerala Health Department,286844,28763,149,2773,418,188,97,Health_Program
P16_158,2017,Q1,Odisha,Puri,Malaria Control,NHM Odisha,387867,35016,220,177,646,67,87,Health_Program
P16_159,2016,Q1,Odisha,Cuttack,TB Control,Kerala Health Department,275355,34927,73,3697,413,102,92,Health_Program
P16_160,2016,Q4,Punjab,Patiala,Malaria Control,UNICEF India,360577,41947,64,3478,668,66,63,Health_Program
P16_161,2017,Q3,Kerala,Kozhikode,Nutrition Program,Kerala Health Department,185716,38793,69,4353,170,81,95,Health_Program
P16_162,2016,Q3,Rajasthan,Udaipur,Malaria Control,Punjab Health Mission,325231,15206,176,4977,677,149,88,Health_Program
P16_163,2017,Q2,Assam,Guwahati,Malaria Control,State Health Society Rajasthan,255581,38318,33,3677,564,91,72,Health_Program
P16_164,2017,Q2,Kerala,Thrissur,Child Immunization,CARE India,189696,41834,50,203,788,190,70,Health_Program
P16_165,2017,Q1,Punjab,Patiala,Malaria Control,Assam NRHM,358305,10829,112,1414,388,29,69,Health_Program
P16_166,2017,Q3,Assam,Guwahati,Maternal Health,NHM Odisha,253107,33240,91,3566,396,75,76,Health_Program
P16_167,2016,Q1,Kerala,Kozhikode,Malaria Control,UNICEF India,333691,31698,231,1417,730,152,71,Health_Program
P16_168,2018,Q3,Odisha,Bhubaneswar,Maternal Health,Kerala Health Department,131179,10302,95,3453,120,81,71,Health_Program
P16_169,2018,Q2,Kerala,Kozhikode,TB Control,Kerala Health Department,178549,46489,229,380,628,148,86,Health_Program
P16_170,2016,Q4,Odisha,Cuttack,Child Immunization,CARE India,338380,16214,20,4609,601,94,66,Health_Program
P16_171,2018,Q3,Odisha,Bhubaneswar,Maternal Health,CARE India,300141,31000,33,3237,756,102,88,Health_Program
P16_172,2017,Q2,Odisha,Bhubaneswar,Child Immunization,Assam NRHM,167154,45824,238,3327,694,29,86,Health_Program
P16_173,2018,Q2,Rajasthan,Udaipur,Maternal Health,State Health Society Rajasthan,385514,8905,31,1009,258,23,85,Health_Program
P16_174,2017,Q2,Kerala,Thrissur,Child Immunization,CARE India,376283,8342,93,2697,774,180,95,Health_Program
P16_175,2016,Q1,Assam,Dibrugarh,TB Control,UNICEF India,93879,14504,23,2003,345,143,96,Health_Program
P16_176,2017,Q4,Rajasthan,Udaipur,Maternal Health,Assam NRHM,303195,36830,204,2363,56,46,78,Health_Program
P16_177,2016,Q3,Punjab,Patiala,Nutrition Program,State Health Society Rajasthan,147018,26925,78,3674,798,84,75,Health_Program
P16_178,2017,Q1,Rajasthan,Udaipur,TB Control,CARE India,125252,24719,137,2005,190,123,77,Health_Program
P16_179,2017,Q3,Punjab,Patiala,Malaria Control,Assam NRHM,191342,28674,199,3185,230,133,86,Health_Program
P17_0,2014,Q4,Assam,Silchar,Malaria Control,Kerala Health Department,159336,9642,69,3684,569,194,83,Health_Program
P17_1,2015,Q4,Punjab,Patiala,Child Immunization,UNICEF India,393336,11307,39,1985,215,63,72,Health_Program
P17_2,2015,Q3,Kerala,Thrissur,Maternal Health,State Health Society Rajasthan,378692,41420,188,4425,436,72,93,Health_Program
P17_3,2014,Q1,Punjab,Amritsar,TB Control,Assam NRHM,187779,17355,112,3753,267,134,88,Health_Program
P17_4,2015,Q2,Assam,Dibrugarh,TB Control,NHM Odisha,329965,12969,91,3908,218,19,68,Health_Program
P17_5,2016,Q1,Kerala,Kozhikode,Maternal Health,Assam NRHM,142473,21353,228,4618,533,136,94,Health_Program
P17_6,2015,Q4,Kerala,Thrissur,Nutrition Program,Kerala Health Department,230668,41961,130,3482,542,116,66,Health_Program
P17_7,2016,Q1,Odisha,Puri,TB Control,Punjab Health Mission,228652,7418,172,912,241,124,63,Health_Program
P17_8,2014,Q2,Odisha,Cuttack,Nutrition Program,State Health Society Rajasthan,52271,7839,196,3219,200,56,83,Health_Program
P17_9,2015,Q3,Rajasthan,Jodhpur,TB Control,CARE India,81986,28135,164,1692,267,170,68,Health_Program
P17_10,2015,Q4,Rajasthan,Jodhpur,Maternal Health,CARE India,169372,6127,235,2567,528,44,86,Health_Program
P17_11,2016,Q1,Assam,Dibrugarh,TB Control,NHM Odisha,348095,8610,203,4886,611,4,66,Health_Program
P17_12,2014,Q4,Rajasthan,Udaipur,Child Immunization,NHM Odisha,338436,32285,169,3292,778,86,96,Health_Program
P17_13,2014,Q2,Assam,Silchar,Malaria Control,NHM Odisha,164069,44097,20,3178,489,63,65,Health_Program
P17_14,2015,Q3,Kerala,Kozhikode,Nutrition Program,State Health Society Rajasthan,251210,34602,158,266,338,13,94,Health_Program
P17_15,2015,Q4,Assam,Guwahati,Malaria Control,CARE India,397359,18851,250,2280,717,164,96,Health_Program
P17_16,2015,Q1,Assam,Silchar,Maternal Health,Kerala Health Department,300108,47265,235,3933,128,63,71,Health_Program
P17_17,2016,Q2,Rajasthan,Jaipur,Maternal Health,Assam NRHM,237021,11559,67,2630,714,101,79,Health_Program
P17_18,2016,Q3,Kerala,Thrissur,Malaria Control,State Health Society Rajasthan,381670,8919,241,4197,124,198,68,Health_Program
P17_19,2015,Q2,Kerala,Thrissur,TB Control,Assam NRHM,146580,35785,112,4889,639,188,63,Health_Program
P17_20,2015,Q2,Assam,Silchar,Maternal Health,UNICEF India,295428,39067,62,1493,771,137,89,Health_Program
P17_21,2016,Q2,Punjab,Ludhiana,Child Immunization,NHM Odisha,129571,6865,180,442,257,71,88,Health_Program
P17_22,2016,Q3,Assam,Dibrugarh,TB Control,UNICEF India,115909,23455,228,3255,664,72,72,Health_Program
P17_23,2015,Q4,Assam,Silchar,Maternal Health,Kerala Health Department,331626,13766,65,294,195,18,80,Health_Program
P17_24,2015,Q4,Kerala,Kozhikode,Maternal Health,Assam NRHM,300452,6473,27,1670,84,11,82,Health_Program
P17_25,2015,Q4,Odisha,Bhubaneswar,Malaria Control,State Health Society Rajasthan,305678,29586,72,3577,302,178,78,Health_Program
P17_26,2016,Q4,Kerala,Kochi,Child Immunization,Kerala Health Department,302262,9183,111,3480,515,43,76,Health_Program
P17_27,2014,Q3,Odisha,Puri,Malaria Control,UNICEF India,313285,5888,56,376,697,196,62,Health_Program
P17_28,2014,Q3,Assam,Silchar,Maternal Health,Assam NRHM,293120,34741,81,3016,108,99,88,Health_Program
P17_29,2015,Q3,Punjab,Ludhiana,Nutrition Program,State Health Society Rajasthan,164779,11539,232,2659,616,4,90,Health_Program
P17_30,2015,Q2,Odisha,Cuttack,Maternal Health,Assam NRHM,182875,8365,231,3492,795,124,78,Health_Program
P17_31,2016,Q2,Kerala,Kochi,Child Immunization,Kerala Health Department,182531,25104,192,3696,281,43,63,Health_Program
P17_32,2016,Q4,Assam,Silchar,TB Control,Punjab Health Mission,291791,32299,94,3843,520,3,85,Health_Program
P17_33,2016,Q4,Kerala,Kochi,Malaria Control,NHM Odisha,76608,21522,126,2145,763,62,84,Health_Program
P17_34,2014,Q2,Kerala,Kozhikode,Nutrition Program,NHM Odisha,64633,47516,145,3767,370,33,96,Health_Program
P17_35,2015,Q1,Rajasthan,Udaipur,Nutrition Program,CARE India,43378,31104,128,1143,489,48,95,Health_Program
P17_36,2016,Q4,Punjab,Ludhiana,Maternal Health,NHM Odisha,383668,35495,241,3915,571,130,89,Health_Program
P17_37,2016,Q2,Assam,Guwahati,Nutrition Program,Punjab Health Mission,144037,5796,220,1664,392,29,69,Health_Program
P17_38,2014,Q1,Assam,Dibrugarh,Nutrition Program,State Health Society Rajasthan,169317,35896,25,345,647,72,63,Health_Program
P17_39,2014,Q3,Kerala,Kochi,Malaria Control,Assam NRHM,288816,28424,233,838,527,59,94,Health_Program
P17_40,2014,Q3,Rajasthan,Jodhpur,TB Control,CARE India,122829,27989,24,3016,151,86,62,Health_Program
P17_41,2015,Q4,Rajasthan,Jaipur,Maternal Health,Assam NRHM,315008,27218,36,3040,132,11,78,Health_Program
P17_42,2016,Q4,Kerala,Thrissur,Nutrition Program,State Health Society Rajasthan,384858,25507,223,2261,784,199,60,Health_Program
P17_43,2015,Q4,Assam,Guwahati,Malaria Control,NHM Odisha,121773,30726,86,4306,72,138,62,Health_Program
P17_44,2014,Q4,Punjab,Amritsar,Maternal Health,NHM Odisha,75615,21599,124,569,90,82,66,Health_Program
P17_45,2016,Q4,Odisha,Bhubaneswar,Maternal Health,Assam NRHM,43745,46023,29,2844,351,103,88,Health_Program
P17_46,2016,Q4,Kerala,Kozhikode,TB Control,Kerala Health Department,246639,43044,180,4234,382,97,77,Health_Program
P17_47,2014,Q4,Assam,Silchar,Child Immunization,Assam NRHM,228507,46733,89,3150,464,36,68,Health_Program
P17_48,2016,Q3,Kerala,Kochi,Malaria Control,NHM Odisha,242245,14242,210,3502,612,18,91,Health_Program
P17_49,2015,Q1,Punjab,Ludhiana,Nutrition Program,UNICEF India,85572,22784,92,2225,455,41,61,Health_Program
P17_50,2014,Q3,Assam,Guwahati,Child Immunization,State Health Society Rajasthan,235831,27662,123,1710,549,90,67,Health_Program
P17_51,2015,Q1,Kerala,Thrissur,Nutrition Program,Kerala Health Department,374893,31748,40,1731,681,54,94,Health_Program
P17_52,2014,Q4,Assam,Guwahati,Maternal Health,NHM Odisha,67044,42027,42,375,205,66,62,Health_Program
P17_53,2015,Q1,Rajasthan,Jaipur,Malaria Control,UNICEF India,64043,28276,230,845,303,56,89,Health_Program
P17_54,2014,Q3,Rajasthan,Jodhpur,Malaria Control,State Health Society Rajasthan,275914,13951,97,3783,396,87,71,Health_Program
P17_55,2014,Q3,Odisha,Bhubaneswar,Malaria Control,Kerala Health Department,87552,17698,33,956,714,1,66,Health_Program
P17_56,2016,Q3,Assam,Dibrugarh,Maternal Health,Kerala Health Department,47147,31441,34,2861,449,70,73,Health_Program
P17_57,2015,Q3,Assam,Dibrugarh,TB Control,Kerala Health Department,198224,30778,94,270,415,167,73,Health_Program
P17_58,2014,Q1,Punjab,Amritsar,TB Control,Kerala Health Department,117723,29698,150,1477,552,96,87,Health_Program
P17_59,2016,Q2,Rajasthan,Jodhpur,Malaria Control,Kerala Health Department,353605,21169,249,2917,345,60,66,Health_Program
P17_60,2014,Q2,Punjab,Patiala,Child Immunization,NHM Odisha,310818,36903,135,3432,231,124,90,Health_Program
P17_61,2016,Q3,Rajasthan,Jodhpur,TB Control,Assam NRHM,335142,29671,31,4684,762,152,83,Health_Program
P17_62,2016,Q2,Assam,Dibrugarh,TB Control,CARE India,344653,15320,81,3676,231,193,66,Health_Program
P17_63,2014,Q3,Assam,Silchar,Malaria Control,Kerala Health Department,51269,18829,108,862,772,66,81,Health_Program
P17_64,2015,Q2,Punjab,Amritsar,Malaria Control,Assam NRHM,370768,33585,77,4615,372,172,80,Health_Program
P17_65,2015,Q3,Assam,Silchar,Child Immunization,State Health Society Rajasthan,178893,24757,81,1763,168,94,74,Health_Program
P17_66,2016,Q4,Odisha,Cuttack,Child Immunization,State Health Society Rajasthan,154847,25308,223,3551,433,132,79,Health_Program
P17_67,2015,Q3,Rajasthan,Jaipur,TB Control,UNICEF India,183917,43220,45,348,188,145,85,Health_Program
P17_68,2016,Q3,Punjab,Ludhiana,Malaria Control,UNICEF India,218086,27971,65,2671,711,146,98,Health_Program
P17_69,2015,Q3,Odisha,Puri,Child Immunization,Kerala Health Department,146160,23291,54,2971,534,67,93,Health_Program
P17_70,2015,Q3,Kerala,Kochi,Malaria Control,UNICEF India,319303,35882,86,3433,128,63,73,Health_Program
P17_71,2015,Q3,Rajasthan,Jodhpur,Malaria Control,State Health Society Rajasthan,388250,45924,32,2551,98,113,82,Health_Program
P17_72,2016,Q2,Kerala,Kochi,Child Immunization,NHM Odisha,160504,26949,86,1342,375,136,97,Health_Program
P17_73,2014,Q2,Kerala,Kochi,TB Control,CARE India,130091,46827,153,797,413,48,67,Health_Program
P17_74,2014,Q1,Odisha,Cuttack,Maternal Health,Assam NRHM,244803,11880,32,533,470,186,94,Health_Program
P17_75,2016,Q2,Assam,Silchar,Malaria Control,Assam NRHM,378524,26918,73,2598,589,11,69,Health_Program
P17_76,2015,Q1,Rajasthan,Jaipur,Nutrition Program,CARE India,295209,41039,190,3681,411,56,75,Health_Program
P17_77,2014,Q1,Assam,Silchar,Nutrition Program,CARE India,314813,27710,184,2397,603,192,92,Health_Program
P17_78,2014,Q3,Punjab,Amritsar,Child Immunization,State Health Society Rajasthan,47547,26516,183,4917,789,169,79,Health_Program
P17_79,2014,Q3,Assam,Silchar,Nutrition Program,Assam NRHM,223723,12278,243,3808,165,87,62,Health_Program
P17_80,2016,Q1,Rajasthan,Udaipur,Malaria Control,Assam NRHM,43670,40155,147,1128,263,185,69,Health_Program
P17_81,2016,Q2,Assam,Dibrugarh,Child Immunization,Kerala Health Department,107947,30104,141,3389,477,56,82,Health_Program
P17_82,2014,Q2,Odisha,Puri,Nutrition Program,CARE India,393326,11206,77,1694,658,181,75,Health_Program
P17_83,2016,Q4,Odisha,Puri,TB Control,State Health Society Rajasthan,389708,38787,93,1816,107,129,75,Health_Program
P17_84,2014,Q1,Rajasthan,Udaipur,Nutrition Program,NHM Odisha,227935,30038,64,4499,161,53,65,Health_Program
P17_85,2014,Q2,Punjab,Patiala,Child Immunization,Kerala Health Department,78038,16482,41,1561,100,37,92,Health_Program
P17_86,2016,Q2,Assam,Dibrugarh,Maternal Health,UNICEF India,214140,24322,60,419,403,178,85,Health_Program
P17_87,2014,Q1,Rajasthan,Jodhpur,Nutrition Program,Punjab Health Mission,378148,48537,160,4954,605,124,83,Health_Program
P17_88,2015,Q4,Punjab,Ludhiana,Nutrition Program,UNICEF India,196147,30649,25,3005,784,82,72,Health_Program
P17_89,2015,Q4,Odisha,Cuttack,Malaria Control,Assam NRHM,198674,40437,107,2885,713,134,70,Health_Program
P17_90,2015,Q1,Kerala,Kochi,TB Control,State Health Society Rajasthan,283112,10671,199,3939,340,16,92,Health_Program
P17_91,2014,Q1,Punjab,Patiala,Nutrition Program,CARE India,114627,7830,209,4325,750,155,72,Health_Program
P17_92,2016,Q4,Assam,Guwahati,Maternal Health,Punjab Health Mission,367537,17657,186,3920,659,193,84,Health_Program
P17_93,2015,Q1,Odisha,Puri,Malaria Control,Kerala Health Department,227321,20030,141,1193,182,50,63,Health_Program
P17_94,2014,Q1,Odisha,Bhubaneswar,Malaria Control,Assam NRHM,128804,5244,107,4981,610,152,95,Health_Program
P17_95,2014,Q3,Punjab,Amritsar,Malaria Control,Punjab Health Mission,327003,38933,239,2136,77,14,70,Health_Program
P17_96,2014,Q4,Kerala,Thrissur,Child Immunization,State Health Society Rajasthan,210028,29688,87,859,483,19,88,Health_Program
P17_97,2016,Q2,Assam,Guwahati,Child Immunization,CARE India,313907,14353,33,2637,151,143,82,Health_Program
P17_98,2014,Q1,Odisha,Bhubaneswar,Malaria Control,NHM Odisha,54240,19738,47,1918,335,145,87,Health_Program
P17_99,2015,Q4,Odisha,Bhubaneswar,Nutrition Program,UNICEF India,62341,47074,28,616,606,149,92,Health_Program
P17_100,2016,Q2,Odisha,Bhubaneswar,Malaria Control,State Health Society Rajasthan,291462,48799,146,4489,707,84,93,Health_Program
P17_101,2014,Q4,Assam,Guwahati,TB Control,UNICEF India,125189,22623,162,1250,598,16,74,Health_Program
P17_102,2014,Q4,Kerala,Thrissur,Child Immunization,UNICEF India,75472,28663,109,891,218,161,88,Health_Program
P17_103,2016,Q1,Odisha,Puri,Malaria Control,UNICEF India,115816,25341,136,1917,609,198,78,Health_Program
P17_104,2016,Q1,Assam,Silchar,Malaria Control,NHM Odisha,322257,16525,102,1710,50,3,86,Health_Program
P17_105,2014,Q1,Kerala,Kozhikode,Nutrition Program,NHM Odisha,265237,36926,57,3576,302,28,73,Health_Program
P17_106,2016,Q2,Rajasthan,Jaipur,Maternal Health,NHM Odisha,296016,30594,207,286,748,50,74,Health_Program
P17_107,2016,Q2,Kerala,Kochi,Maternal Health,Assam NRHM,372442,15870,190,2777,528,167,89,Health_Program
P17_108,2015,Q2,Assam,Dibrugarh,Nutrition Program,CARE India,348207,47055,50,1231,604,38,66,Health_Program
P17_109,2016,Q1,Kerala,Kochi,Maternal Health,UNICEF India,203799,49189,24,4358,610,155,68,Health_Program
P17_110,2016,Q4,Kerala,Kozhikode,Child Immunization,UNICEF India,343696,6255,197,1963,63,19,88,Health_Program
P17_111,2015,Q2,Punjab,Ludhiana,TB Control,Punjab Health Mission,219541,5579,213,694,50,142,74,Health_Program
P17_112,2014,Q3,Assam,Dibrugarh,Child Immunization,Assam NRHM,382460,30923,129,3708,749,33,64,Health_Program
P17_113,2016,Q2,Assam,Dibrugarh,Child Immunization,CARE India,178111,45337,209,2911,171,160,67,Health_Program
P17_114,2014,Q2,Kerala,Kozhikode,TB Control,State Health Society Rajasthan,290116,31607,120,4887,274,80,86,Health_Program
P17_115,2016,Q4,Rajasthan,Jodhpur,Nutrition Program,State Health Society Rajasthan,324181,13674,51,3416,100,67,84,Health_Program
P17_116,2014,Q2,Rajasthan,Jaipur,Nutrition Program,Punjab Health Mission,345470,42710,158,1491,556,159,75,Health_Program
P17_117,2016,Q4,Kerala,Kochi,Nutrition Program,UNICEF India,320019,49875,154,3200,671,40,60,Health_Program
P17_118,2016,Q4,Punjab,Patiala,Malaria Control,NHM Odisha,196029,9408,79,350,612,168,70,Health_Program
P17_119,2014,Q2,Punjab,Patiala,TB Control,Kerala Health Department,184540,18844,137,1299,373,96,96,Health_Program
P17_120,2016,Q2,Assam,Guwahati,Malaria Control,NHM Odisha,207565,40357,239,914,418,18,90,Health_Program
P17_121,2015,Q1,Assam,Dibrugarh,Child Immunization,Assam NRHM,116206,12080,158,2075,133,164,79,Health_Program
P17_122,2016,Q1,Rajasthan,Udaipur,Maternal Health,Assam NRHM,125060,17505,95,1205,632,122,76,Health_Program
P17_123,2015,Q2,Punjab,Ludhiana,TB Control,CARE India,373009,40011,230,2525,52,19,93,Health_Program
P17_124,2015,Q2,Assam,Guwahati,Maternal Health,Punjab Health Mission,238305,48493,147,2119,341,180,62,Health_Program
P17_125,2016,Q3,Punjab,Patiala,Malaria Control,Kerala Health Department,41798,16688,107,3062,227,176,77,Health_Program
P17_126,2014,Q2,Rajasthan,Jodhpur,Maternal Health,NHM Odisha,284990,14066,122,4019,522,151,85,Health_Program
P17_127,2016,Q2,Punjab,Ludhiana,Child Immunization,Kerala Health Department,260464,32300,134,1650,607,164,81,Health_Program
P17_128,2015,Q3,Punjab,Patiala,TB Control,UNICEF India,179473,25522,39,2514,631,0,91,Health_Program
P17_129,2014,Q2,Rajasthan,Jaipur,TB Control,UNICEF India,225383,25311,107,3607,632,155,69,Health_Program
P17_130,2015,Q2,Odisha,Cuttack,Malaria Control,State Health Society Rajasthan,120422,38026,49,2595,655,66,66,Health_Program
P17_131,2016,Q3,Punjab,Ludhiana,Maternal Health,CARE India,264571,21515,220,4508,744,91,64,Health_Program
P17_132,2016,Q3,Punjab,Amritsar,Maternal Health,UNICEF India,201231,38412,223,3958,508,101,63,Health_Program
P17_133,2016,Q2,Kerala,Kochi,Malaria Control,CARE India,277381,24065,247,2958,417,21,89,Health_Program
P17_134,2016,Q1,Odisha,Bhubaneswar,Nutrition Program,Kerala Health Department,328657,27119,249,3826,691,76,78,Health_Program
P17_135,2016,Q1,Assam,Dibrugarh,Nutrition Program,UNICEF India,186696,31982,191,1859,604,37,75,Health_Program
P17_136,2014,Q2,Punjab,Amritsar,Child Immunization,Punjab Health Mission,356286,32236,171,4583,613,98,65,Health_Program
P17_137,2014,Q4,Assam,Guwahati,Maternal Health,Kerala Health Department,267181,5021,245,418,687,187,60,Health_Program
P17_138,2015,Q4,Kerala,Kochi,Nutrition Program,State Health Society Rajasthan,171484,7117,213,4888,286,4,89,Health_Program
P17_139,2014,Q2,Kerala,Kozhikode,TB Control,Punjab Health Mission,346379,23652,138,919,421,57,86,Health_Program
P17_140,2016,Q3,Punjab,Amritsar,Malaria Control,Kerala Health Department,158192,27138,217,2896,618,158,79,Health_Program
P17_141,2015,Q1,Odisha,Puri,Nutrition Program,UNICEF India,81001,49409,185,1177,86,134,74,Health_Program
P17_142,2014,Q1,Odisha,Cuttack,Maternal Health,Punjab Health Mission,339952,35594,158,3610,790,97,70,Health_Program
P17_143,2014,Q3,Odisha,Bhubaneswar,Child Immunization,NHM Odisha,229666,10998,52,2445,59,29,95,Health_Program
P17_144,2014,Q4,Rajasthan,Jaipur,Maternal Health,Punjab Health Mission,116125,14587,171,1241,206,20,82,Health_Program
P17_145,2014,Q1,Rajasthan,Jaipur,Child Immunization,Punjab Health Mission,244425,8592,120,999,647,69,77,Health_Program
P17_146,2016,Q2,Assam,Guwahati,Nutrition Program,Assam NRHM,351651,11260,35,3393,360,179,65,Health_Program
P17_147,2016,Q1,Punjab,Patiala,TB Control,UNICEF India,55057,7761,77,2919,460,86,63,Health_Program
P17_148,2016,Q3,Assam,Dibrugarh,Malaria Control,Punjab Health Mission,320182,45175,250,3225,734,107,65,Health_Program
P17_149,2016,Q2,Assam,Dibrugarh,Child Immunization,NHM Odisha,153932,20854,122,1799,546,131,93,Health_Program
P17_150,2016,Q1,Odisha,Bhubaneswar,Maternal Health,Kerala Health Department,230354,8815,107,860,120,167,69,Health_Program
P17_151,2015,Q1,Kerala,Kozhikode,TB Control,Assam NRHM,319552,9137,54,2853,349,90,92,Health_Program
P17_152,2015,Q4,Odisha,Bhubaneswar,Child Immunization,Kerala Health Department,323876,43914,161,331,347,141,89,Health_Program
P17_153,2015,Q1,Kerala,Thrissur,Nutrition Program,NHM Odisha,161086,8399,187,581,198,86,70,Health_Program
P17_154,2015,Q4,Assam,Guwahati,Nutrition Program,UNICEF India,367149,16095,248,3797,799,158,71,Health_Program
P17_155,2014,Q4,Kerala,Thrissur,Child Immunization,NHM Odisha,251079,30970,217,1218,686,62,78,Health_Program
P17_156,2016,Q3,Odisha,Bhubaneswar,TB Control,NHM Odisha,170630,9121,114,3723,408,80,94,Health_Program
P17_157,2015,Q4,Odisha,Cuttack,Malaria Control,NHM Odisha,79694,28629,122,4536,214,124,88,Health_Program
P17_158,2015,Q1,Punjab,Patiala,TB Control,Punjab Health Mission,320104,21076,162,3463,476,86,76,Health_Program
P17_159,2016,Q2,Odisha,Bhubaneswar,Maternal Health,Kerala Health Department,132638,19480,151,964,489,12,73,Health_Program
P17_160,2015,Q3,Kerala,Kochi,Maternal Health,UNICEF India,153164,6695,61,643,692,132,71,Health_Program
P17_161,2015,Q2,Assam,Dibrugarh,Malaria Control,Assam NRHM,322354,31990,228,4555,495,33,77,Health_Program
P17_162,2014,Q3,Punjab,Amritsar,Child Immunization,Punjab Health Mission,350412,11002,245,1816,635,51,63,Health_Program
P17_163,2015,Q1,Odisha,Puri,Nutrition Program,NHM Odisha,397286,42897,108,3769,232,157,84,Health_Program
P17_164,2016,Q3,Odisha,Puri,Nutrition Program,CARE India,247218,29230,99,1516,249,191,85,Health_Program
P17_165,2016,Q3,Rajasthan,Jodhpur,Nutrition Program,CARE India,165410,12607,215,638,449,112,63,Health_Program
P17_166,2015,Q2,Assam,Silchar,Maternal Health,CARE India,260517,22878,216,1037,662,159,61,Health_Program
P17_167,2016,Q1,Assam,Guwahati,Child Immunization,Assam NRHM,334787,27448,220,960,751,18,66,Health_Program
P17_168,2016,Q1,Rajasthan,Udaipur,Child Immunization,State Health Society Rajasthan,231681,44929,208,2864,505,190,74,Health_Program
P17_169,2016,Q4,Rajasthan,Jodhpur,Malaria Control,UNICEF India,135313,45837,164,297,371,153,70,Health_Program
P17_170,2014,Q3,Odisha,Puri,Malaria Control,CARE India,51480,29064,103,4014,224,126,91,Health_Program
P17_171,2016,Q4,Assam,Dibrugarh,Malaria Control,Kerala Health Department,185257,40541,157,1894,485,15,69,Health_Program
P17_172,2014,Q3,Rajasthan,Jodhpur,Maternal Health,Kerala Health Department,358376,39423,249,2986,783,147,78,Health_Program
P17_173,2014,Q4,Kerala,Thrissur,Child Immunization,UNICEF India,228439,21035,79,2571,233,191,78,Health_Program
P17_174,2014,Q1,Rajasthan,Jaipur,TB Control,UNICEF India,86526,45171,242,4298,378,71,74,Health_Program
P17_175,2016,Q3,Rajasthan,Udaipur,Malaria Control,UNICEF India,119327,13907,228,1488,782,185,97,Health_Program
P17_176,2014,Q2,Rajasthan,Jaipur,TB Control,Kerala Health Department,240026,35577,192,113,458,182,93,Health_Program
P17_177,2014,Q1,Kerala,Thrissur,Malaria Control,Punjab Health Mission,130910,43400,20,4673,255,129,92,Health_Program
P17_178,2015,Q1,Odisha,Bhubaneswar,Child Immunization,UNICEF India,191014,15910,234,305,286,2,95,Health_Program
P17_179,2015,Q3,Punjab,Patiala,Maternal Health,Assam NRHM,115601,38750,235,2217,691,116,75,Health_Program
P18_0,2020,Q1,Assam,Guwahati,TB Control,NHM Odisha,275928,23836,39,4562,170,195,82,Health_Program
P18_1,2020,Q2,Rajasthan,Jodhpur,Malaria Control,Kerala Health Department,342723,16182,213,1168,734,186,60,Health_Program
P18_2,2023,Q3,Punjab,Amritsar,Malaria Control,Assam NRHM,327560,34963,54,3286,124,22,67,Health_Program
P18_3,2024,Q3,Assam,Dibrugarh,Maternal Health,State Health Society Rajasthan,145626,28899,171,4897,640,10,93,Health_Program
P18_4,2023,Q2,Punjab,Patiala,TB Control,Assam NRHM,343717,36200,101,727,204,160,71,Health_Program
P18_5,2020,Q4,Odisha,Bhubaneswar,Child Immunization,CARE India,357579,39988,170,3801,501,171,75,Health_Program
P18_6,2020,Q3,Kerala,Thrissur,Maternal Health,Assam NRHM,97510,21707,235,1627,213,32,93,Health_Program
P18_7,2024,Q2,Assam,Dibrugarh,Maternal Health,Assam NRHM,72221,7242,226,1637,794,86,71,Health_Program
P18_8,2024,Q3,Punjab,Ludhiana,Maternal Health,Kerala Health Department,114482,8126,153,2438,279,165,82,Health_Program
P18_9,2022,Q4,Assam,Silchar,Maternal Health,State Health Society Rajasthan,58073,8705,211,113,517,82,76,Health_Program
P18_10,2022,Q2,Kerala,Kochi,Maternal Health,CARE India,397962,29432,26,844,156,194,63,Health_Program
P18_11,2024,Q2,Assam,Dibrugarh,Child Immunization,Punjab Health Mission,255093,20211,141,1231,645,77,98,Health_Program
P18_12,2021,Q1,Punjab,Patiala,TB Control,UNICEF India,379599,49105,164,3972,497,45,79,Health_Program
P18_13,2024,Q4,Odisha,Puri,Malaria Control,Assam NRHM,150425,8166,233,2232,121,71,78,Health_Program
P18_14,2023,Q4,Kerala,Kochi,Child Immunization,Punjab Health Mission,146753,22493,118,2389,518,53,67,Health_Program
P18_15,2024,Q4,Kerala,Kochi,Maternal Health,NHM Odisha,135589,46029,195,1324,206,155,89,Health_Program
P18_16,2024,Q1,Rajasthan,Jodhpur,Maternal Health,UNICEF India,390273,39987,107,992,473,87,66,Health_Program
P18_17,2020,Q4,Rajasthan,Jodhpur,Malaria Control,State Health Society Rajasthan,242376,44132,132,4268,250,60,94,Health_Program
P18_18,2020,Q1,Odisha,Puri,Maternal Health,State Health Society Rajasthan,65952,45527,144,505,518,198,94,Health_Program
P18_19,2021,Q4,Kerala,Kozhikode,Maternal Health,Assam NRHM,49487,30355,74,1557,476,153,83,Health_Program
P18_20,2024,Q4,Punjab,Ludhiana,Malaria Control,State Health Society Rajasthan,76222,36183,127,2136,694,198,67,Health_Program
P18_21,2021,Q1,Odisha,Puri,Malaria Control,Assam NRHM,166920,12081,61,4795,544,173,68,Health_Program
P18_22,2020,Q3,Punjab,Amritsar,TB Control,Kerala Health Department,45515,43718,46,3512,140,85,78,Health_Program
P18_23,2021,Q4,Rajasthan,Udaipur,Malaria Control,CARE India,371293,21468,244,1942,563,194,76,Health_Program
P18_24,2023,Q2,Odisha,Cuttack,Child Immunization,State Health Society Rajasthan,229121,46877,85,828,785,91,60,Health_Program
P18_25,2020,Q2,Assam,Guwahati,Child Immunization,CARE India,142716,21853,115,1739,522,74,76,Health_Program
P18_26,2020,Q4,Rajasthan,Jodhpur,Maternal Health,CARE India,136163,9997,115,4976,349,88,96,Health_Program
P18_27,2023,Q3,Assam,Guwahati,Malaria Control,State Health Society Rajasthan,397788,9969,223,131,151,36,80,Health_Program
P18_28,2021,Q2,Kerala,Kochi,Nutrition Program,NHM Odisha,345540,47291,30,2700,478,95,82,Health_Program
P18_29,2021,Q4,Kerala,Kochi,TB Control,NHM Odisha,188049,10795,132,3531,69,56,94,Health_Program
P18_30,2020,Q4,Punjab,Amritsar,Nutrition Program,UNICEF India,207260,34189,248,3319,151,180,78,Health_Program
P18_31,2024,Q1,Rajasthan,Udaipur,Maternal Health,Kerala Health Department,353342,32319,38,1670,216,78,90,Health_Program
P18_32,2023,Q3,Rajasthan,Jodhpur,TB Control,UNICEF India,60542,13443,210,1896,555,49,93,Health_Program
P18_33,2023,Q1,Odisha,Cuttack,Malaria Control,Kerala Health Department,354007,27769,127,4369,192,155,86,Health_Program
P18_34,2021,Q2,Assam,Dibrugarh,Nutrition Program,State Health Society Rajasthan,264093,49260,235,4445,738,46,97,Health_Program
P18_35,2024,Q2,Assam,Dibrugarh,Maternal Health,State Health Society Rajasthan,67080,41821,170,2929,75,90,80,Health_Program
P18_36,2024,Q3,Assam,Dibrugarh,TB Control,Punjab Health Mission,383596,32809,131,3120,369,77,86,Health_Program
P18_37,2022,Q3,Punjab,Amritsar,TB Control,CARE India,262962,46899,221,2486,377,100,76,Health_Program
P18_38,2022,Q1,Punjab,Amritsar,Child Immunization,CARE India,211764,45632,101,4107,157,109,79,Health_Program
P18_39,2022,Q2,Assam,Dibrugarh,Malaria Control,Assam NRHM,85254,26993,62,3301,767,28,87,Health_Program
P18_40,2024,Q2,Kerala,Thrissur,TB Control,UNICEF India,190108,38771,40,3517,396,190,98,Health_Program
P18_41,2021,Q3,Assam,Guwahati,TB Control,NHM Odisha,159767,45048,185,1567,394,153,91,Health_Program
P18_42,2020,Q1,Punjab,Amritsar,Maternal Health,Assam NRHM,319379,25104,63,3577,60,90,79,Health_Program
P18_43,2021,Q4,Rajasthan,Jodhpur,Malaria Control,State Health Society Rajasthan,332313,14798,151,1852,769,25,97,Health_Program
P18_44,2023,Q1,Assam,Guwahati,Nutrition Program,Assam NRHM,40551,12916,226,3852,148,103,71,Health_Program
P18_45,2022,Q2,Rajasthan,Jaipur,Child Immunization,Assam NRHM,276220,36160,113,1286,243,14,88,Health_Program
P18_46,2022,Q1,Rajasthan,Jaipur,Maternal Health,CARE India,65641,28600,216,4577,471,84,98,Health_Program
P18_47,2020,Q3,Odisha,Cuttack,Malaria Control,NHM Odisha,135345,20427,54,2590,681,89,77,Health_Program
P18_48,2023,Q1,Punjab,Amritsar,Child Immunization,State Health Society Rajasthan,339407,11702,46,1425,265,147,72,Health_Program
P18_49,2024,Q2,Rajasthan,Jaipur,Nutrition Program,Assam NRHM,59662,6191,171,4640,191,82,90,Health_Program
P18_50,2024,Q2,Rajasthan,Jaipur,TB Control,CARE India,181170,6751,216,4600,558,140,94,Health_Program
P18_51,2021,Q1,Punjab,Ludhiana,Child Immunization,Assam NRHM,191642,12356,179,3465,101,85,95,Health_Program
P18_52,2024,Q1,Rajasthan,Jodhpur,TB Control,State Health Society Rajasthan,325332,40845,101,3887,688,129,75,Health_Program
P18_53,2023,Q3,Kerala,Thrissur,Nutrition Program,UNICEF India,323172,24534,245,4584,658,57,94,Health_Program
P18_54,2020,Q4,Rajasthan,Udaipur,Maternal Health,UNICEF India,92939,18880,207,3612,759,165,96,Health_Program
P18_55,2024,Q2,Rajasthan,Jaipur,Nutrition Program,NHM Odisha,80796,26871,218,3942,627,23,72,Health_Program
P18_56,2024,Q3,Odisha,Cuttack,Malaria Control,UNICEF India,334006,26785,223,212,309,36,96,Health_Program
P18_57,2023,Q1,Assam,Silchar,TB Control,Kerala Health Department,248610,34153,24,3281,197,89,64,Health_Program
P18_58,2022,Q3,Rajasthan,Jaipur,Child Immunization,NHM Odisha,387338,15192,244,3919,302,75,86,Health_Program
P18_59,2022,Q1,Odisha,Puri,TB Control,Kerala Health Department,351789,40728,37,4537,396,41,73,Health_Program
P18_60,2021,Q3,Odisha,Cuttack,Malaria Control,Punjab Health Mission,179443,20366,180,3408,187,28,73,Health_Program
P18_61,2023,Q1,Kerala,Thrissur,Malaria Control,Assam NRHM,250563,15397,92,3116,400,186,88,Health_Program
P18_62,2024,Q2,Punjab,Ludhiana,Nutrition Program,State Health Society Rajasthan,385821,14854,70,3695,68,0,74,Health_Program
P18_63,2020,Q2,Odisha,Puri,Maternal Health,State Health Society Rajasthan,359580,7474,165,1322,525,6,74,Health_Program
P18_64,2024,Q2,Odisha,Bhubaneswar,TB Control,Punjab Health Mission,338036,27758,80,2838,470,24,89,Health_Program
P18_65,2023,Q3,Assam,Guwahati,Maternal Health,Assam NRHM,238581,26195,222,1655,302,182,64,Health_Program
P18_66,2020,Q3,Punjab,Ludhiana,Maternal Health,State Health Society Rajasthan,115726,30252,113,4552,340,173,63,Health_Program
P18_67,2020,Q1,Odisha,Puri,Child Immunization,Punjab Health Mission,307723,29442,34,1964,340,164,88,Health_Program
P18_68,2024,Q2,Kerala,Kochi,Malaria Control,Assam NRHM,68278,22162,228,4323,194,200,83,Health_Program
P18_69,2020,Q1,Punjab,Ludhiana,Nutrition Program,NHM Odisha,209492,42254,214,4721,655,2,92,Health_Program
P18_70,2024,Q4,Odisha,Cuttack,Malaria Control,NHM Odisha,59940,42981,150,1724,206,60,88,Health_Program
P18_71,2023,Q2,Rajasthan,Jodhpur,Maternal Health,Punjab Health Mission,328429,49950,223,944,103,28,66,Health_Program
P18_72,2020,Q2,Rajasthan,Jodhpur,Malaria Control,Punjab Health Mission,158475,9907,247,1022,339,6,79,Health_Program
P18_73,2021,Q1,Rajasthan,Udaipur,Child Immunization,State Health Society Rajasthan,55948,42771,196,2206,712,15,97,Health_Program
P18_74,2024,Q3,Kerala,Kochi,Child Immunization,Punjab Health Mission,323763,46971,53,104,537,157,72,Health_Program
P18_75,2023,Q2,Assam,Dibrugarh,Maternal Health,UNICEF India,329267,12005,221,2736,124,174,75,Health_Program
P18_76,2021,Q1,Assam,Silchar,Child Immunization,Kerala Health Department,358718,13111,148,4589,527,172,70,Health_Program
P18_77,2023,Q1,Assam,Guwahati,Nutrition Program,Assam NRHM,383453,29989,50,2235,642,174,67,Health_Program
P18_78,2023,Q3,Assam,Dibrugarh,Malaria Control,Punjab Health Mission,79381,20911,236,4216,512,186,73,Health_Program
P18_79,2024,Q3,Assam,Dibrugarh,Nutrition Program,UNICEF India,187710,41123,229,2192,714,97,77,Health_Program
P18_80,2022,Q4,Punjab,Patiala,Nutrition Program,Kerala Health Department,352115,30060,82,3711,185,89,79,Health_Program
P18_81,2021,Q4,Punjab,Amritsar,Nutrition Program,State Health Society Rajasthan,260390,47782,45,2816,702,185,77,Health_Program
P18_82,2024,Q1,Assam,Silchar,Nutrition Program,NHM Odisha,88053,25902,41,1100,351,128,65,Health_Program
P18_83,2022,Q3,Assam,Guwahati,Maternal Health,State Health Society Rajasthan,366729,33091,22,3555,60,131,80,Health_Program
P18_84,2023,Q1,Odisha,Cuttack,Malaria Control,NHM Odisha,159640,23684,71,3214,443,162,72,Health_Program
P18_85,2024,Q2,Assam,Silchar,Maternal Health,NHM Odisha,351205,26672,231,2879,599,149,84,Health_Program
P18_86,2020,Q2,Odisha,Puri,Nutrition Program,State Health Society Rajasthan,298911,25757,204,4483,306,82,71,Health_Program
P18_87,2020,Q3,Rajasthan,Jodhpur,TB Control,Kerala Health Department,316629,28611,46,2866,391,43,74,Health_Program
P18_88,2022,Q2,Rajasthan,Jaipur,Malaria Control,Punjab Health Mission,163643,43218,176,4000,241,4,79,Health_Program
P18_89,2022,Q4,Assam,Silchar,Maternal Health,NHM Odisha,345856,10336,133,610,701,103,94,Health_Program
P18_90,2021,Q3,Kerala,Kozhikode,Malaria Control,NHM Odisha,363524,30456,66,4707,755,61,66,Health_Program
P18_91,2024,Q3,Rajasthan,Jaipur,TB Control,Punjab Health Mission,235049,32333,181,3315,464,79,95,Health_Program
P18_92,2021,Q3,Assam,Guwahati,Nutrition Program,CARE India,390295,19665,141,1965,793,155,62,Health_Program
P18_93,2024,Q4,Odisha,Cuttack,Maternal Health,CARE India,192954,39631,90,4450,325,62,66,Health_Program
P18_94,2020,Q1,Rajasthan,Udaipur,TB Control,State Health Society Rajasthan,313003,49401,78,1218,637,184,97,Health_Program
P18_95,2020,Q3,Rajasthan,Udaipur,TB Control,Assam NRHM,359760,28680,197,1848,553,16,79,Health_Program
P18_96,2023,Q1,Punjab,Amritsar,Malaria Control,NHM Odisha,383315,48907,205,4595,501,174,64,Health_Program
P18_97,2021,Q1,Odisha,Bhubaneswar,TB Control,Punjab Health Mission,328824,19985,241,224,440,140,72,Health_Program
P18_98,2020,Q3,Odisha,Cuttack,Malaria Control,NHM Odisha,164699,30098,60,4007,519,31,76,Health_Program
P18_99,2021,Q2,Assam,Dibrugarh,Child Immunization,UNICEF India,165333,36542,36,2177,785,70,94,Health_Program
P18_100,2020,Q2,Rajasthan,Jodhpur,Child Immunization,NHM Odisha,132565,18336,141,2288,699,55,85,Health_Program
P18_101,2024,Q1,Assam,Silchar,Nutrition Program,Punjab Health Mission,118345,16668,207,4751,319,112,68,Health_Program
P18_102,2023,Q3,Assam,Silchar,Malaria Control,CARE India,172667,41639,166,3677,313,67,77,Health_Program
P18_103,2023,Q4,Punjab,Amritsar,TB Control,CARE India,371871,13696,186,4563,712,108,87,Health_Program
P18_104,2023,Q4,Odisha,Bhubaneswar,Child Immunization,UNICEF India,122007,35296,113,840,51,2,66,Health_Program
P18_105,2020,Q3,Assam,Guwahati,Maternal Health,NHM Odisha,188388,27650,95,3396,297,116,67,Health_Program
P18_106,2023,Q3,Assam,Guwahati,Malaria Control,NHM Odisha,127642,15873,174,3258,362,162,92,Health_Program
P18_107,2020,Q3,Kerala,Thrissur,Malaria Control,UNICEF India,362511,37484,54,3774,534,108,82,Health_Program
P18_108,2023,Q3,Assam,Silchar,Nutrition Program,State Health Society Rajasthan,119016,38114,54,2265,118,77,69,Health_Program
P18_109,2022,Q1,Assam,Guwahati,Child Immunization,Assam NRHM,201074,15518,33,1299,416,188,86,Health_Program
P18_110,2020,Q2,Kerala,Thrissur,Child Immunization,Punjab Health Mission,148788,12288,109,1875,219,92,80,Health_Program
P18_111,2023,Q3,Odisha,Cuttack,TB Control,Assam NRHM,399270,8830,227,2571,405,58,90,Health_Program
P18_112,2020,Q3,Odisha,Bhubaneswar,TB Control,Assam NRHM,106074,35648,226,1558,243,148,91,Health_Program
P18_113,2024,Q3,Kerala,Kozhikode,Nutrition Program,Assam NRHM,68218,49563,49,4393,355,189,74,Health_Program
P18_114,2021,Q3,Punjab,Patiala,Child Immunization,UNICEF India,74038,46761,42,2931,677,174,81,Health_Program
P18_115,2022,Q1,Assam,Dibrugarh,TB Control,Assam NRHM,194568,47597,172,3283,452,93,85,Health_Program
P18_116,2023,Q3,Kerala,Kochi,Maternal Health,Punjab Health Mission,200438,43047,73,1815,243,111,77,Health_Program
P18_117,2024,Q4,Assam,Dibrugarh,Maternal Health,UNICEF India,339097,41923,95,810,215,180,96,Health_Program
P18_118,2022,Q4,Kerala,Kozhikode,Malaria Control,Assam NRHM,336434,35284,134,2017,272,37,66,Health_Program
P18_119,2021,Q1,Kerala,Kochi,TB Control,UNICEF India,244975,43938,92,4883,566,58,91,Health_Program
P18_120,2022,Q3,Odisha,Puri,Child Immunization,State Health Society Rajasthan,203450,37140,135,3300,625,95,75,Health_Program
P18_121,2021,Q1,Rajasthan,Jaipur,Child Immunization,NHM Odisha,196815,23525,193,1512,84,144,84,Health_Program
P18_122,2022,Q3,Punjab,Ludhiana,Maternal Health,Punjab Health Mission,387788,20176,115,328,715,72,75,Health_Program
P18_123,2024,Q3,Rajasthan,Jaipur,Child Immunization,Punjab Health Mission,99252,24401,138,794,787,48,85,Health_Program
P18_124,2021,Q3,Assam,Guwahati,Nutrition Program,Assam NRHM,291001,20040,230,3146,386,92,96,Health_Program
P18_125,2023,Q3,Odisha,Puri,Malaria Control,Punjab Health Mission,311107,23737,198,4601,475,138,73,Health_Program
P18_126,2020,Q2,Kerala,Thrissur,Maternal Health,Assam NRHM,124471,32293,126,268,560,157,97,Health_Program
P18_127,2024,Q4,Punjab,Ludhiana,TB Control,UNICEF India,120277,30707,238,2966,658,162,67,Health_Program
P18_128,2022,Q3,Punjab,Ludhiana,Nutrition Program,CARE India,124179,6734,106,1438,786,6,60,Health_Program
P18_129,2023,Q3,Assam,Guwahati,Maternal Health,Punjab Health Mission,69494,25171,77,3449,429,153,79,Health_Program
P18_130,2023,Q4,Odisha,Bhubaneswar,Malaria Control,NHM Odisha,254382,31775,201,2558,395,13,91,Health_Program
P18_131,2022,Q1,Odisha,Bhubaneswar,Malaria Control,NHM Odisha,59898,7260,231,4501,139,117,69,Health_Program
P18_132,2021,Q1,Kerala,Thrissur,Nutrition Program,Punjab Health Mission,315544,23511,192,3772,783,26,85,Health_Program
P18_133,2021,Q3,Assam,Guwahati,Nutrition Program,Assam NRHM,332146,26083,77,2832,152,106,98,Health_Program
P18_134,2022,Q1,Rajasthan,Jaipur,Malaria Control,State Health Society Rajasthan,351176,34619,88,3348,210,189,91,Health_Program
P18_135,2024,Q1,Rajasthan,Jaipur,Child Immunization,Kerala Health Department,177980,21718,213,3083,300,61,74,Health_Program
P18_136,2021,Q3,Odisha,Cuttack,Maternal Health,NHM Odisha,186819,23137,236,2882,518,25,94,Health_Program
P18_137,2023,Q4,Punjab,Ludhiana,Malaria Control,UNICEF India,189723,30423,213,4439,445,119,78,Health_Program
P18_138,2023,Q4,Odisha,Puri,Malaria Control,CARE India,194262,39873,212,4311,302,126,91,Health_Program
P18_139,2020,Q4,Odisha,Bhubaneswar,Nutrition Program,State Health Society Rajasthan,126000,38418,223,100,356,175,75,Health_Program
P18_140,2024,Q1,Punjab,Ludhiana,TB Control,UNICEF India,346215,36763,50,1437,235,36,65,Health_Program
P18_141,2020,Q1,Rajasthan,Udaipur,Maternal Health,Punjab Health Mission,377375,27752,182,3200,551,30,61,Health_Program
P18_142,2020,Q1,Assam,Dibrugarh,Nutrition Program,Assam NRHM,229170,6914,186,1964,253,95,84,Health_Program
P18_143,2020,Q1,Odisha,Bhubaneswar,Child Immunization,Punjab Health Mission,70734,28838,28,704,223,6,79,Health_Program
P18_144,2021,Q1,Assam,Guwahati,Child Immunization,CARE India,352543,44996,149,2801,494,45,86,Health_Program
P18_145,2021,Q3,Punjab,Amritsar,Nutrition Program,Punjab Health Mission,204460,37326,51,1867,627,107,96,Health_Program
P18_146,2022,Q2,Kerala,Kozhikode,Malaria Control,Kerala Health Department,289400,43066,41,121,445,9,66,Health_Program
P18_147,2021,Q1,Odisha,Cuttack,Malaria Control,Punjab Health Mission,339167,41199,215,408,314,142,74,Health_Program
P18_148,2020,Q4,Rajasthan,Udaipur,TB Control,UNICEF India,379840,27060,63,1681,114,32,60,Health_Program
P18_149,2023,Q1,Odisha,Puri,Malaria Control,NHM Odisha,251929,46547,134,3295,182,83,63,Health_Program
P18_150,2023,Q1,Assam,Dibrugarh,Malaria Control,NHM Odisha,389465,26576,181,3409,651,191,67,Health_Program
P18_151,2023,Q4,Odisha,Puri,Child Immunization,NHM Odisha,194880,36117,118,1934,396,141,75,Health_Program
P18_152,2024,Q4,Assam,Guwahati,TB Control,NHM Odisha,353567,9072,195,548,167,126,72,Health_Program
P18_153,2021,Q1,Odisha,Cuttack,Child Immunization,CARE India,115156,21481,214,2512,714,185,61,Health_Program
P18_154,2024,Q3,Assam,Silchar,Maternal Health,Kerala Health Department,196790,12110,235,1478,503,114,89,Health_Program
P18_155,2021,Q4,Assam,Guwahati,TB Control,NHM Odisha,71545,38645,218,714,309,149,78,Health_Program
P18_156,2021,Q2,Kerala,Kozhikode,Maternal Health,Assam NRHM,207807,37303,166,2283,619,12,93,Health_Program
P18_157,2020,Q1,Punjab,Patiala,TB Control,CARE India,58383,45431,196,4448,389,164,96,Health_Program
P18_158,2024,Q3,Kerala,Thrissur,Malaria Control,Punjab Health Mission,343197,6643,48,1267,137,119,67,Health_Program
P18_159,2020,Q4,Kerala,Kozhikode,Nutrition Program,Assam NRHM,221373,38058,137,4873,688,155,77,Health_Program
P18_160,2023,Q3,Assam,Silchar,Malaria Control,UNICEF India,295285,24385,228,2935,617,163,98,Health_Program
P18_161,2021,Q2,Odisha,Bhubaneswar,Nutrition Program,Kerala Health Department,168523,10804,82,3267,794,57,84,Health_Program
P18_162,2023,Q4,Kerala,Kochi,Malaria Control,CARE India,352081,29039,108,3790,586,109,73,Health_Program
P18_163,2020,Q1,Punjab,Ludhiana,Malaria Control,UNICEF India,54728,16641,60,3310,621,38,72,Health_Program
P18_164,2020,Q3,Rajasthan,Udaipur,TB Control,Punjab Health Mission,187695,34787,202,4509,654,193,66,Health_Program
P18_165,2022,Q3,Odisha,Bhubaneswar,Maternal Health,Punjab Health Mission,235396,14842,149,3548,572,102,71,Health_Program
P18_166,2023,Q3,Assam,Dibrugarh,Maternal Health,Kerala Health Department,168106,44580,121,384,332,171,65,Health_Program
P18_167,2022,Q2,Assam,Silchar,TB Control,NHM Odisha,174893,26902,218,3532,102,93,67,Health_Program
P18_168,2024,Q3,Rajasthan,Jaipur,Nutrition Program,Kerala Health Department,295805,38727,133,4014,268,110,94,Health_Program
P18_169,2020,Q4,Odisha,Cuttack,TB Control,State Health Society Rajasthan,88283,34591,99,2207,370,20,89,Health_Program
P18_170,2024,Q4,Kerala,Thrissur,Child Immunization,Punjab Health Mission,323628,28053,33,683,676,151,86,Health_Program
P18_171,2023,Q3,Assam,Dibrugarh,Nutrition Program,Assam NRHM,119848,13917,132,1566,148,42,90,Health_Program
P18_172,2022,Q1,Rajasthan,Udaipur,Malaria Control,State Health Society Rajasthan,319361,14434,236,723,187,95,86,Health_Program
P18_173,2021,Q2,Odisha,Bhubaneswar,Malaria Control,Punjab Health Mission,285081,22720,64,3892,593,29,64,Health_Program
P18_174,2022,Q3,Kerala,Kozhikode,Maternal Health,CARE India,200035,11892,99,4688,340,136,84,Health_Program
P18_175,2020,Q1,Rajasthan,Jodhpur,Nutrition Program,CARE India,209672,6004,153,3747,445,88,63,Health_Program
P18_176,2024,Q2,Punjab,Amritsar,Child Immunization,NHM Odisha,350181,8656,128,1729,393,32,66,Health_Program
P18_177,2020,Q4,Kerala,Kochi,Maternal Health,State Health Society Rajasthan,60983,41315,128,1071,665,170,68,Health_Program
P18_178,2020,Q2,Rajasthan,Jaipur,Nutrition Program,State Health Society Rajasthan,192879,9144,222,4262,741,60,66,Health_Program
P18_179,2023,Q1,Kerala,Thrissur,Child Immunization,Kerala Health Department,305004,47797,75,515,650,93,98,Health_Program
P19_0,2018,Q4,Kerala,Kochi,TB Control,State Health Society Rajasthan,181722,5122,24,3915,489,32,71,Health_Program
P19_1,2019,Q2,Assam,Guwahati,Maternal Health,Assam NRHM,366333,41311,74,2408,652,162,80,Health_Program
P19_2,2019,Q4,Odisha,Puri,TB Control,Punjab Health Mission,179766,44192,202,1401,478,108,70,Health_Program
P19_3,2018,Q4,Odisha,Puri,Child Immunization,Assam NRHM,269349,33695,54,4708,678,132,91,Health_Program
P19_4,2020,Q1,Punjab,Amritsar,Nutrition Program,Assam NRHM,389303,44942,147,1109,762,3,70,Health_Program
P19_5,2019,Q2,Rajasthan,Jaipur,Child Immunization,Kerala Health Department,367642,29332,34,2880,733,24,72,Health_Program
P19_6,2018,Q1,Assam,Silchar,TB Control,Kerala Health Department,175036,20079,31,2309,105,188,61,Health_Program
P19_7,2019,Q2,Odisha,Cuttack,Child Immunization,UNICEF India,218357,30134,175,1047,639,143,96,Health_Program
P19_8,2020,Q3,Kerala,Kochi,TB Control,Assam NRHM,233920,22780,174,1759,676,86,60,Health_Program
P19_9,2018,Q1,Odisha,Cuttack,Malaria Control,Punjab Health Mission,124686,43628,190,3107,629,58,78,Health_Program
P19_10,2020,Q4,Kerala,Kochi,Nutrition Program,CARE India,275272,40012,191,3476,55,176,64,Health_Program
P19_11,2019,Q3,Kerala,Thrissur,Maternal Health,UNICEF India,163047,14657,209,3236,737,99,66,Health_Program
P19_12,2019,Q2,Kerala,Thrissur,Maternal Health,CARE India,147603,48542,31,2179,124,70,76,Health_Program
P19_13,2018,Q1,Punjab,Patiala,Child Immunization,Punjab Health Mission,95324,43430,104,209,532,49,89,Health_Program
P19_14,2018,Q4,Rajasthan,Jaipur,Nutrition Program,Kerala Health Department,108430,21327,173,2269,460,88,64,Health_Program
P19_15,2020,Q2,Rajasthan,Jaipur,Maternal Health,Punjab Health Mission,184122,42315,70,1055,487,191,88,Health_Program
P19_16,2020,Q3,Odisha,Cuttack,TB Control,UNICEF India,107687,14585,172,151,418,185,78,Health_Program
P19_17,2018,Q4,Odisha,Cuttack,Maternal Health,Punjab Health Mission,260064,28432,66,543,246,42,74,Health_Program
P19_18,2019,Q3,Assam,Silchar,Nutrition Program,State Health Society Rajasthan,268635,6126,183,4410,167,180,72,Health_Program
P19_19,2018,Q2,Odisha,Puri,TB Control,State Health Society Rajasthan,381558,49009,147,1275,122,20,63,Health_Program
P19_20,2020,Q4,Odisha,Bhubaneswar,Malaria Control,Assam NRHM,70301,28792,147,2739,389,192,94,Health_Program
P19_21,2019,Q1,Rajasthan,Jodhpur,TB Control,CARE India,127099,11325,149,3011,505,56,60,Health_Program
P19_22,2019,Q1,Rajasthan,Jodhpur,Child Immunization,Punjab Health Mission,309575,47447,50,1655,351,188,83,Health_Program
P19_23,2018,Q2,Punjab,Amritsar,Malaria Control,State Health Society Rajasthan,330772,17060,24,4602,58,144,71,Health_Program
P19_24,2018,Q1,Rajasthan,Jaipur,TB Control,UNICEF India,399687,18597,214,1609,295,163,64,Health_Program
P19_25,2018,Q4,Rajasthan,Udaipur,TB Control,State Health Society Rajasthan,60864,24228,36,4053,555,136,70,Health_Program
P19_26,2018,Q3,Assam,Silchar,Maternal Health,NHM Odisha,314552,43982,74,2250,504,146,96,Health_Program
P19_27,2020,Q4,Odisha,Puri,Child Immunization,Punjab Health Mission,74880,32301,196,1370,310,116,98,Health_Program
P19_28,2020,Q4,Odisha,Cuttack,Maternal Health,Kerala Health Department,220151,27004,221,2764,87,6,86,Health_Program
P19_29,2020,Q2,Assam,Silchar,Malaria Control,State Health Society Rajasthan,295319,6306,61,2103,300,72,77,Health_Program
P19_30,2018,Q3,Assam,Guwahati,Nutrition Program,State Health Society Rajasthan,100047,43811,211,1629,236,136,81,Health_Program
P19_31,2018,Q1,Rajasthan,Jaipur,Child Immunization,UNICEF India,59150,44340,54,2271,655,4,65,Health_Program
P19_32,2018,Q3,Odisha,Bhubaneswar,Maternal Health,UNICEF India,279982,19886,88,2573,790,86,71,Health_Program
P19_33,2018,Q4,Kerala,Kozhikode,Nutrition Program,Punjab Health Mission,278353,30887,126,4777,788,123,90,Health_Program
P19_34,2019,Q2,Kerala,Thrissur,Maternal Health,Punjab Health Mission,231045,26085,198,3786,683,124,70,Health_Program
P19_35,2018,Q3,Odisha,Bhubaneswar,Child Immunization,Punjab Health Mission,356394,29925,156,3426,147,133,95,Health_Program
P19_36,2018,Q1,Rajasthan,Jodhpur,Nutrition Program,NHM Odisha,141538,23406,195,838,324,182,83,Health_Program
P19_37,2020,Q2,Odisha,Bhubaneswar,Malaria Control,Kerala Health Department,183812,5225,96,3111,240,129,94,Health_Program
P19_38,2019,Q4,Kerala,Kochi,Maternal Health,CARE India,385095,8322,183,2903,347,159,64,Health_Program
P19_39,2020,Q1,Odisha,Bhubaneswar,TB Control,Kerala Health Department,226603,22380,52,2005,699,60,72,Health_Program
P19_40,2018,Q1,Punjab,Ludhiana,Nutrition Program,State Health Society Rajasthan,227394,8292,149,1937,329,159,98,Health_Program
P19_41,2019,Q2,Odisha,Bhubaneswar,TB Control,Assam NRHM,116762,32127,161,3397,691,135,76,Health_Program
P19_42,2018,Q1,Odisha,Cuttack,TB Control,State Health Society Rajasthan,284283,25551,152,3076,83,112,90,Health_Program
P19_43,2020,Q2,Odisha,Bhubaneswar,Nutrition Program,CARE India,144159,19222,56,1660,547,1,73,Health_Program
P19_44,2018,Q4,Assam,Silchar,Child Immunization,CARE India,210601,5323,209,1926,554,129,85,Health_Program
P19_45,2020,Q4,Kerala,Kozhikode,Child Immunization,UNICEF India,238615,29918,86,4499,591,181,85,Health_Program
P19_46,2018,Q2,Odisha,Puri,TB Control,Kerala Health Department,314270,49568,68,976,213,3,89,Health_Program
P19_47,2018,Q1,Rajasthan,Jodhpur,Child Immunization,Punjab Health Mission,363483,15396,83,3964,479,47,65,Health_Program
P19_48,2020,Q4,Odisha,Cuttack,Nutrition Program,Punjab Health Mission,294971,37035,244,142,285,148,72,Health_Program
P19_49,2019,Q4,Assam,Silchar,Nutrition Program,Kerala Health Department,347267,47483,243,1661,351,178,90,Health_Program
P19_50,2020,Q2,Kerala,Kochi,Malaria Control,Kerala Health Department,292861,32477,23,4429,247,47,98,Health_Program
P19_51,2020,Q1,Rajasthan,Jaipur,Child Immunization,Kerala Health Department,103804,14021,141,507,570,151,61,Health_Program
P19_52,2018,Q2,Assam,Silchar,Malaria Control,UNICEF India,225177,20953,70,1575,613,14,83,Health_Program
P19_53,2020,Q4,Rajasthan,Jaipur,Nutrition Program,Kerala Health Department,193850,18941,203,3278,456,50,79,Health_Program
P19_54,2018,Q2,Odisha,Bhubaneswar,Nutrition Program,Punjab Health Mission,381863,8877,247,2204,668,125,75,Health_Program
P19_55,2018,Q1,Assam,Silchar,TB Control,Kerala Health Department,249910,34649,63,3029,736,29,69,Health_Program
P19_56,2019,Q1,Punjab,Amritsar,Nutrition Program,State Health Society Rajasthan,377822,41685,128,3007,262,40,67,Health_Program
P19_57,2018,Q4,Assam,Dibrugarh,Nutrition Program,State Health Society Rajasthan,157392,28997,239,4137,458,84,96,Health_Program
P19_58,2020,Q4,Punjab,Ludhiana,Malaria Control,Kerala Health Department,208722,32225,238,1614,160,124,76,Health_Program
P19_59,2018,Q1,Odisha,Bhubaneswar,TB Control,UNICEF India,396464,8251,179,4257,747,106,82,Health_Program
P19_60,2019,Q4,Odisha,Bhubaneswar,Maternal Health,Assam NRHM,242488,27946,179,989,253,134,81,Health_Program
P19_61,2019,Q1,Punjab,Amritsar,Nutrition Program,NHM Odisha,63679,27147,223,1710,282,18,66,Health_Program
P19_62,2019,Q4,Assam,Guwahati,Nutrition Program,State Health Society Rajasthan,117611,31019,248,4871,405,87,91,Health_Program
P19_63,2019,Q1,Rajasthan,Jodhpur,Malaria Control,State Health Society Rajasthan,67121,44893,176,153,169,57,75,Health_Program
P19_64,2018,Q1,Rajasthan,Jodhpur,TB Control,Kerala Health Department,194891,47925,133,1543,676,25,93,Health_Program
P19_65,2018,Q4,Assam,Silchar,TB Control,Assam NRHM,207754,16260,87,1012,162,53,84,Health_Program
P19_66,2019,Q3,Rajasthan,Udaipur,Child Immunization,NHM Odisha,278585,9119,232,4117,119,81,70,Health_Program
P19_67,2020,Q1,Assam,Dibrugarh,TB Control,Punjab Health Mission,246971,35278,154,4947,310,58,89,Health_Program
P19_68,2019,Q4,Rajasthan,Udaipur,Malaria Control,UNICEF India,346394,45961,128,4374,359,148,95,Health_Program
P19_69,2018,Q4,Odisha,Bhubaneswar,Malaria Control,NHM Odisha,180025,23880,188,3922,345,131,85,Health_Program
P19_70,2020,Q1,Punjab,Ludhiana,Malaria Control,Kerala Health Department,104693,45809,139,4957,168,32,60,Health_Program
P19_71,2018,Q3,Kerala,Kozhikode,Malaria Control,CARE India,49629,15193,28,4741,494,118,73,Health_Program
P19_72,2018,Q4,Odisha,Bhubaneswar,Child Immunization,NHM Odisha,369285,36806,182,1595,478,138,66,Health_Program
P19_73,2019,Q2,Kerala,Thrissur,TB Control,NHM Odisha,166357,29772,181,3170,484,10,66,Health_Program
P19_74,2020,Q3,Odisha,Bhubaneswar,Child Immunization,Assam NRHM,194212,46128,217,1452,356,24,85,Health_Program
P19_75,2019,Q3,Punjab,Patiala,Malaria Control,UNICEF India,167525,10835,239,2396,397,39,92,Health_Program
P19_76,2020,Q4,Punjab,Patiala,Child Immunization,CARE India,103706,26347,54,2129,586,19,66,Health_Program
P19_77,2020,Q1,Odisha,Puri,Malaria Control,CARE India,132459,45319,24,216,171,199,69,Health_Program
P19_78,2019,Q1,Rajasthan,Jaipur,TB Control,NHM Odisha,114423,15689,25,4342,414,139,79,Health_Program
P19_79,2018,Q4,Rajasthan,Jodhpur,Maternal Health,Assam NRHM,232076,18192,137,665,176,55,73,Health_Program
P19_80,2020,Q2,Odisha,Bhubaneswar,Maternal Health,UNICEF India,200983,34734,46,2207,479,140,82,Health_Program
P19_81,2020,Q2,Assam,Guwahati,Nutrition Program,Kerala Health Department,101906,7979,212,1581,124,55,66,Health_Program
P19_82,2018,Q2,Rajasthan,Jaipur,Maternal Health,State Health Society Rajasthan,322248,16631,220,1003,750,151,67,Health_Program
P19_83,2018,Q2,Assam,Guwahati,Child Immunization,CARE India,109056,49298,127,3656,443,130,97,Health_Program
P19_84,2018,Q2,Rajasthan,Udaipur,Nutrition Program,State Health Society Rajasthan,155940,43605,91,3352,50,169,68,Health_Program
P19_85,2018,Q2,Odisha,Cuttack,Nutrition Program,Assam NRHM,245515,10238,50,463,650,70,72,Health_Program
P19_86,2020,Q2,Assam,Guwahati,Malaria Control,Kerala Health Department,92432,26322,115,1465,513,14,62,Health_Program
P19_87,2020,Q3,Assam,Silchar,Nutrition Program,Kerala Health Department,264732,48883,143,2219,455,54,72,Health_Program
P19_88,2020,Q2,Punjab,Patiala,Malaria Control,Punjab Health Mission,388062,7694,163,4304,314,87,83,Health_Program
P19_89,2018,Q4,Kerala,Kochi,Malaria Control,Kerala Health Department,256773,43642,112,199,505,93,93,Health_Program
P19_90,2020,Q1,Assam,Guwahati,Nutrition Program,State Health Society Rajasthan,227757,6543,33,3839,503,118,76,Health_Program
P19_91,2020,Q2,Rajasthan,Jaipur,TB Control,State Health Society Rajasthan,51670,6477,238,589,542,190,81,Health_Program
P19_92,2020,Q4,Punjab,Ludhiana,Child Immunization,Assam NRHM,161197,28051,179,4014,484,57,92,Health_Program
P19_93,2018,Q1,Kerala,Kozhikode,Malaria Control,State Health Society Rajasthan,214529,17995,47,2967,442,95,71,Health_Program
P19_94,2018,Q4,Rajasthan,Jaipur,Nutrition Program,CARE India,308329,31002,62,2598,105,178,84,Health_Program
P19_95,2018,Q2,Kerala,Kozhikode,Maternal Health,Punjab Health Mission,196567,48479,192,4096,712,16,97,Health_Program
P19_96,2019,Q2,Rajasthan,Udaipur,TB Control,UNICEF India,147209,11751,54,2888,293,148,66,Health_Program
P19_97,2018,Q4,Assam,Silchar,Malaria Control,Punjab Health Mission,357042,19550,202,1515,198,138,83,Health_Program
P19_98,2020,Q2,Rajasthan,Jodhpur,Malaria Control,CARE India,130321,15660,142,4583,623,161,64,Health_Program
P19_99,2020,Q4,Odisha,Bhubaneswar,Child Immunization,Assam NRHM,332102,44184,235,2322,637,89,83,Health_Program
P19_100,2019,Q3,Odisha,Bhubaneswar,Maternal Health,Assam NRHM,365951,25463,120,2209,440,0,97,Health_Program
P19_101,2020,Q4,Kerala,Kochi,Child Immunization,Kerala Health Department,243757,15351,240,3321,635,112,78,Health_Program
P19_102,2020,Q2,Kerala,Thrissur,Nutrition Program,CARE India,318752,22327,250,3557,771,91,81,Health_Program
P19_103,2018,Q2,Odisha,Bhubaneswar,Child Immunization,Assam NRHM,348917,7083,77,1399,384,7,85,Health_Program
P19_104,2019,Q3,Assam,Dibrugarh,Malaria Control,State Health Society Rajasthan,367180,34851,123,4751,362,23,75,Health_Program
P19_105,2018,Q1,Rajasthan,Jodhpur,Maternal Health,UNICEF India,179350,42179,28,4324,627,133,91,Health_Program
P19_106,2018,Q1,Assam,Dibrugarh,TB Control,UNICEF India,318196,42355,146,2618,774,29,61,Health_Program
P19_107,2020,Q2,Rajasthan,Jodhpur,TB Control,State Health Society Rajasthan,209480,29630,201,1684,301,174,92,Health_Program
P19_108,2018,Q4,Punjab,Ludhiana,TB Control,NHM Odisha,281692,23949,31,4007,575,133,96,Health_Program
P19_109,2020,Q1,Punjab,Patiala,Nutrition Program,UNICEF India,129564,47765,250,695,305,200,67,Health_Program
P19_110,2020,Q1,Punjab,Amritsar,Maternal Health,Punjab Health Mission,278885,21764,43,1863,665,34,61,Health_Program
P19_111,2018,Q3,Kerala,Thrissur,Maternal Health,CARE India,389181,44728,238,2340,255,61,64,Health_Program
P19_112,2020,Q3,Odisha,Puri,TB Control,CARE India,226427,39443,35,4755,190,149,83,Health_Program
P19_113,2018,Q1,Punjab,Patiala,TB Control,Kerala Health Department,265723,5592,181,2015,159,74,87,Health_Program
P19_114,2019,Q3,Kerala,Thrissur,Malaria Control,Kerala Health Department,122562,15222,229,2425,713,75,63,Health_Program
P19_115,2020,Q3,Rajasthan,Jaipur,Nutrition Program,State Health Society Rajasthan,229203,29249,115,405,706,82,93,Health_Program
P19_116,2018,Q2,Rajasthan,Jodhpur,TB Control,UNICEF India,222419,40342,142,1206,143,21,74,Health_Program
P19_117,2019,Q2,Assam,Guwahati,Maternal Health,Assam NRHM,324604,33112,212,1050,327,99,89,Health_Program
P19_118,2020,Q4,Kerala,Kozhikode,TB Control,Punjab Health Mission,322505,19014,181,4848,144,2,79,Health_Program
P19_119,2020,Q1,Punjab,Patiala,Child Immunization,Punjab Health Mission,246196,6297,185,1542,236,126,94,Health_Program
P19_120,2020,Q2,Kerala,Thrissur,Nutrition Program,UNICEF India,143945,34411,129,4206,705,14,71,Health_Program
P19_121,2020,Q1,Kerala,Thrissur,TB Control,UNICEF India,370215,41320,68,3320,618,184,68,Health_Program
P19_122,2020,Q2,Assam,Guwahati,Child Immunization,CARE India,148135,31185,188,4078,599,54,82,Health_Program
P19_123,2019,Q2,Punjab,Patiala,Nutrition Program,NHM Odisha,215450,12114,50,3452,527,20,78,Health_Program
P19_124,2019,Q4,Assam,Dibrugarh,Malaria Control,Assam NRHM,253693,6960,30,4701,586,136,84,Health_Program
P19_125,2019,Q3,Rajasthan,Udaipur,Maternal Health,State Health Society Rajasthan,240385,27633,26,1938,733,199,87,Health_Program
P19_126,2018,Q4,Punjab,Ludhiana,Malaria Control,UNICEF India,342305,25194,74,1950,68,36,94,Health_Program
P19_127,2020,Q1,Odisha,Cuttack,TB Control,State Health Society Rajasthan,88269,43414,239,3483,798,188,93,Health_Program
P19_128,2019,Q3,Assam,Guwahati,Nutrition Program,Assam NRHM,270335,9086,168,3623,680,44,80,Health_Program
P19_129,2020,Q4,Rajasthan,Jaipur,Maternal Health,Assam NRHM,99718,29388,192,945,606,185,75,Health_Program
P19_130,2020,Q1,Assam,Silchar,Nutrition Program,State Health Society Rajasthan,64731,25851,154,351,679,10,96,Health_Program
P19_131,2020,Q4,Punjab,Patiala,Maternal Health,Punjab Health Mission,135201,23734,151,815,210,173,62,Health_Program
P19_132,2019,Q4,Kerala,Thrissur,Child Immunization,UNICEF India,60881,6444,78,4035,92,130,75,Health_Program
P19_133,2018,Q3,Rajasthan,Udaipur,Malaria Control,CARE India,291777,5347,197,3174,163,36,97,Health_Program
P19_134,2018,Q3,Assam,Dibrugarh,Maternal Health,NHM Odisha,332982,10637,77,248,402,77,90,Health_Program
P19_135,2020,Q1,Assam,Silchar,Maternal Health,NHM Odisha,247115,11284,193,4918,83,159,95,Health_Program
P19_136,2018,Q4,Kerala,Kozhikode,Malaria Control,Assam NRHM,54844,9783,241,1586,196,76,95,Health_Program
P19_137,2020,Q3,Assam,Guwahati,Malaria Control,Kerala Health Department,66384,45718,174,2130,69,59,96,Health_Program
P19_138,2019,Q2,Rajasthan,Jaipur,Child Immunization,UNICEF India,224479,11691,46,2151,593,59,87,Health_Program
P19_139,2020,Q1,Odisha,Cuttack,Maternal Health,Punjab Health Mission,258755,22070,36,3913,68,109,91,Health_Program
P19_140,2018,Q1,Rajasthan,Udaipur,Maternal Health,Punjab Health Mission,249226,45449,244,4767,528,119,95,Health_Program
P19_141,2020,Q2,Rajasthan,Jodhpur,Malaria Control,Assam NRHM,399769,38842,56,2860,159,7,74,Health_Program
P19_142,2018,Q3,Assam,Dibrugarh,Malaria Control,Assam NRHM,281504,13672,148,4335,772,44,92,Health_Program
P19_143,2018,Q2,Punjab,Amritsar,TB Control,CARE India,118075,14022,157,1369,243,82,74,Health_Program
P19_144,2019,Q4,Assam,Guwahati,Nutrition Program,UNICEF India,203823,17698,229,1814,512,89,96,Health_Program
P19_145,2018,Q2,Punjab,Patiala,Maternal Health,State Health Society Rajasthan,117835,10499,168,2032,448,106,67,Health_Program
P19_146,2020,Q2,Rajasthan,Jaipur,Malaria Control,UNICEF India,320586,36795,103,695,97,171,68,Health_Program
P19_147,2018,Q4,Punjab,Amritsar,TB Control,CARE India,314197,14496,178,3308,446,44,98,Health_Program
P19_148,2020,Q4,Punjab,Patiala,TB Control,Assam NRHM,114670,21042,167,1585,203,72,60,Health_Program
P19_149,2020,Q3,Kerala,Kozhikode,Malaria Control,NHM Odisha,88392,30833,112,1984,172,139,74,Health_Program
P19_150,2019,Q4,Punjab,Amritsar,Nutrition Program,Punjab Health Mission,263395,29929,222,1215,156,77,62,Health_Program
P19_151,2020,Q1,Rajasthan,Udaipur,Child Immunization,NHM Odisha,320831,18348,102,584,610,196,62,Health_Program
P19_152,2020,Q2,Punjab,Amritsar,TB Control,UNICEF India,357369,22492,217,1451,88,47,82,Health_Program
P19_153,2018,Q1,Odisha,Cuttack,Maternal Health,UNICEF India,338758,45356,22,4660,778,66,87,Health_Program
P19_154,2018,Q3,Rajasthan,Jaipur,Maternal Health,Punjab Health Mission,82854,45149,165,141,171,107,67,Health_Program
P19_155,2019,Q1,Punjab,Ludhiana,Child Immunization,UNICEF India,275155,28759,235,978,378,61,94,Health_Program
P19_156,2018,Q3,Odisha,Bhubaneswar,Malaria Control,Kerala Health Department,262585,16269,89,1987,185,110,72,Health_Program
P19_157,2018,Q3,Punjab,Patiala,Child Immunization,State Health Society Rajasthan,381595,5501,54,3960,60,89,75,Health_Program
P19_158,2018,Q4,Punjab,Ludhiana,TB Control,State Health Society Rajasthan,205633,42312,167,999,86,143,66,Health_Program
P19_159,2018,Q2,Punjab,Amritsar,Nutrition Program,Kerala Health Department,310356,44466,119,4964,168,59,90,Health_Program
P19_160,2019,Q4,Odisha,Bhubaneswar,Nutrition Program,Punjab Health Mission,253569,16277,50,4923,160,60,87,Health_Program
P19_161,2020,Q2,Kerala,Thrissur,TB Control,Kerala Health Department,293628,17477,48,1215,599,36,63,Health_Program
P19_162,2019,Q4,Odisha,Puri,Maternal Health,Kerala Health Department,156019,9409,78,4912,303,133,86,Health_Program
P19_163,2018,Q4,Punjab,Patiala,Malaria Control,NHM Odisha,335843,21443,148,159,88,53,63,Health_Program
P19_164,2018,Q2,Assam,Dibrugarh,Malaria Control,NHM Odisha,332489,6204,187,134,330,0,68,Health_Program
P19_165,2019,Q4,Odisha,Bhubaneswar,Malaria Control,Punjab Health Mission,143669,31465,59,4254,743,123,94,Health_Program
P19_166,2018,Q3,Assam,Dibrugarh,Malaria Control,UNICEF India,67152,9770,68,970,675,59,77,Health_Program
P19_167,2018,Q2,Assam,Silchar,Maternal Health,Assam NRHM,316848,11344,40,4132,242,175,68,Health_Program
P19_168,2020,Q1,Rajasthan,Jaipur,Malaria Control,Assam NRHM,151855,35988,236,2888,464,199,62,Health_Program
P19_169,2019,Q4,Assam,Dibrugarh,Child Immunization,CARE India,174070,24497,157,660,126,72,76,Health_Program
P19_170,2020,Q4,Rajasthan,Jodhpur,Child Immunization,CARE India,191567,14625,231,837,703,24,89,Health_Program
P19_171,2020,Q1,Rajasthan,Jaipur,Child Immunization,Assam NRHM,113101,28982,64,4650,167,78,78,Health_Program
P19_172,2020,Q2,Punjab,Amritsar,Malaria Control,Kerala Health Department,248019,42078,228,4399,165,71,68,Health_Program
P19_173,2020,Q1,Punjab,Amritsar,Nutrition Program,Assam NRHM,366190,16843,55,902,496,148,98,Health_Program
P19_174,2019,Q1,Rajasthan,Udaipur,Maternal Health,UNICEF India,387832,18564,90,702,340,155,82,Health_Program
P19_175,2019,Q2,Rajasthan,Jodhpur,Malaria Control,Assam NRHM,285211,5773,117,4699,767,12,60,Health_Program
P19_176,2018,Q2,Rajasthan,Udaipur,Nutrition Program,NHM Odisha,205284,31013,40,504,775,97,69,Health_Program
P19_177,2020,Q2,Rajasthan,Jaipur,Maternal Health,Punjab Health Mission,298394,22080,159,3265,118,183,60,Health_Program
P19_178,2018,Q4,Kerala,Thrissur,Maternal Health,CARE India,55458,40367,174,4809,429,177,70,Health_Program
P19_179,2020,Q3,Kerala,Kochi,Maternal Health,Assam NRHM,171685,21819,119,4277,85,144,77,Health_Program
P20_0,2014,Q2,Kerala,Thrissur,Child Immunization,CARE India,68295,7379,49,2567,152,66,78,Health_Program
P20_1,2017,Q2,Rajasthan,Jodhpur,Malaria Control,UNICEF India,168830,26903,195,455,539,161,68,Health_Program
P20_2,2015,Q3,Odisha,Puri,Maternal Health,UNICEF India,399900,27142,192,4168,264,84,97,Health_Program
P20_3,2017,Q4,Kerala,Kozhikode,Maternal Health,CARE India,275588,30187,113,2613,488,107,82,Health_Program
P20_4,2016,Q2,Rajasthan,Jaipur,Malaria Control,Kerala Health Department,395399,21682,52,1559,257,185,85,Health_Program
P20_5,2014,Q2,Kerala,Kozhikode,Malaria Control,NHM Odisha,243995,14703,209,2357,645,74,95,Health_Program
P20_6,2016,Q1,Assam,Silchar,Maternal Health,UNICEF India,116968,22056,110,3728,338,33,75,Health_Program
P20_7,2014,Q4,Rajasthan,Jaipur,Malaria Control,UNICEF India,347641,24618,116,1379,788,3,91,Health_Program
P20_8,2015,Q1,Odisha,Bhubaneswar,Malaria Control,State Health Society Rajasthan,53012,7521,77,3147,398,158,86,Health_Program
P20_9,2017,Q4,Kerala,Kochi,Maternal Health,NHM Odisha,147519,18021,53,4270,139,178,61,Health_Program
P20_10,2017,Q1,Punjab,Patiala,Maternal Health,Punjab Health Mission,338159,38047,66,481,237,53,89,Health_Program
P20_11,2017,Q2,Assam,Dibrugarh,Nutrition Program,Assam NRHM,222850,30986,132,1469,269,119,68,Health_Program
P20_12,2017,Q1,Punjab,Ludhiana,Maternal Health,CARE India,96406,19529,153,4358,625,116,63,Health_Program
P20_13,2017,Q3,Rajasthan,Jodhpur,Nutrition Program,State Health Society Rajasthan,331059,49061,87,3761,737,137,94,Health_Program
P20_14,2016,Q2,Odisha,Puri,Maternal Health,UNICEF India,156160,15014,190,1677,560,50,75,Health_Program
P20_15,2015,Q3,Rajasthan,Udaipur,Maternal Health,NHM Odisha,252923,37225,205,2065,653,134,64,Health_Program
P20_16,2017,Q2,Assam,Dibrugarh,Maternal Health,Punjab Health Mission,297218,5973,124,3813,129,65,96,Health_Program
P20_17,2014,Q2,Assam,Silchar,Nutrition Program,CARE India,159428,25538,222,2482,572,79,77,Health_Program
P20_18,2017,Q2,Rajasthan,Jaipur,TB Control,NHM Odisha,152503,44994,249,500,318,96,70,Health_Program
P20_19,2014,Q1,Punjab,Patiala,Child Immunization,Kerala Health Department,74492,44911,187,3289,358,82,97,Health_Program
P20_20,2015,Q1,Assam,Guwahati,TB Control,CARE India,64137,44678,115,4420,535,28,96,Health_Program
P20_21,2017,Q3,Assam,Dibrugarh,Malaria Control,Kerala Health Department,56290,23217,249,2128,412,43,69,Health_Program
P20_22,2015,Q4,Assam,Silchar,Maternal Health,Kerala Health Department,349800,37706,147,2618,179,57,79,Health_Program
P20_23,2017,Q3,Odisha,Puri,TB Control,Assam NRHM,214162,25296,248,4731,749,62,83,Health_Program
P20_24,2014,Q1,Punjab,Patiala,TB Control,Kerala Health Department,81950,48195,104,4466,227,189,90,Health_Program
P20_25,2014,Q4,Punjab,Ludhiana,Child Immunization,Kerala Health Department,320609,18434,204,4513,220,86,83,Health_Program
P20_26,2016,Q1,Assam,Silchar,Malaria Control,State Health Society Rajasthan,382912,40301,23,1099,553,51,60,Health_Program
P20_27,2014,Q1,Odisha,Bhubaneswar,Nutrition Program,Assam NRHM,198835,6814,217,197,85,174,71,Health_Program
P20_28,2016,Q1,Rajasthan,Udaipur,Malaria Control,NHM Odisha,175545,5311,48,1255,777,100,85,Health_Program
P20_29,2015,Q1,Rajasthan,Udaipur,Malaria Control,UNICEF India,109128,25809,174,1787,432,26,90,Health_Program
P20_30,2015,Q2,Punjab,Amritsar,TB Control,CARE India,173772,37164,198,479,706,92,67,Health_Program
P20_31,2017,Q3,Odisha,Puri,Nutrition Program,Punjab Health Mission,289122,32219,154,4073,678,35,60,Health_Program
P20_32,2014,Q1,Assam,Silchar,Maternal Health,UNICEF India,75877,15763,148,4192,411,165,82,Health_Program
P20_33,2014,Q4,Rajasthan,Jodhpur,Child Immunization,Kerala Health Department,289042,10096,78,4928,591,47,98,Health_Program
P20_34,2014,Q1,Kerala,Thrissur,Maternal Health,Kerala Health Department,294855,27955,98,2209,476,115,66,Health_Program
P20_35,2017,Q4,Kerala,Kozhikode,TB Control,UNICEF India,371132,5772,249,4077,650,164,87,Health_Program
P20_36,2016,Q4,Punjab,Amritsar,Child Immunization,Punjab Health Mission,128287,16004,28,2654,788,200,67,Health_Program
P20_37,2014,Q1,Rajasthan,Jaipur,Child Immunization,Assam NRHM,258757,5647,76,481,159,118,82,Health_Program
P20_38,2017,Q1,Punjab,Patiala,Malaria Control,NHM Odisha,134888,25151,50,4449,706,31,85,Health_Program
P20_39,2016,Q2,Assam,Guwahati,Nutrition Program,Punjab Health Mission,137983,48561,76,3347,374,3,90,Health_Program
P20_40,2017,Q3,Rajasthan,Jaipur,Child Immunization,CARE India,53088,29307,82,2224,713,6,84,Health_Program
P20_41,2017,Q3,Assam,Silchar,Maternal Health,State Health Society Rajasthan,281798,22534,78,120,397,97,79,Health_Program
P20_42,2015,Q3,Kerala,Kozhikode,Malaria Control,UNICEF India,345364,25662,30,424,576,144,83,Health_Program
P20_43,2015,Q4,Punjab,Patiala,Malaria Control,State Health Society Rajasthan,106086,35754,73,269,602,98,80,Health_Program
P20_44,2015,Q2,Kerala,Kochi,Maternal Health,Assam NRHM,208132,35921,82,3664,398,59,79,Health_Program
P20_45,2016,Q1,Punjab,Ludhiana,Nutrition Program,NHM Odisha,299895,15962,105,1377,224,122,63,Health_Program
P20_46,2015,Q2,Kerala,Kochi,Maternal Health,Kerala Health Department,157031,29103,110,854,625,6,88,Health_Program
P20_47,2015,Q2,Punjab,Ludhiana,Child Immunization,Assam NRHM,384217,35974,75,2695,316,189,78,Health_Program
P20_48,2014,Q4,Kerala,Kochi,Malaria Control,Assam NRHM,345853,28215,68,4121,389,157,84,Health_Program
P20_49,2017,Q2,Punjab,Ludhiana,Child Immunization,NHM Odisha,42659,44409,147,646,695,122,66,Health_Program
P20_50,2017,Q1,Rajasthan,Jaipur,Maternal Health,State Health Society Rajasthan,377896,16386,131,2596,111,144,95,Health_Program
P20_51,2014,Q4,Punjab,Amritsar,Maternal Health,State Health Society Rajasthan,396181,15358,240,1729,464,93,77,Health_Program
P20_52,2017,Q2,Assam,Guwahati,Maternal Health,UNICEF India,299550,8221,90,3524,657,90,92,Health_Program
P20_53,2016,Q2,Rajasthan,Udaipur,Malaria Control,Punjab Health Mission,301480,42357,227,3873,115,73,73,Health_Program
P20_54,2016,Q1,Odisha,Bhubaneswar,TB Control,UNICEF India,97887,15450,205,1265,527,113,86,Health_Program
P20_55,2015,Q1,Odisha,Puri,Malaria Control,NHM Odisha,325070,25226,120,1978,768,159,67,Health_Program
P20_56,2015,Q4,Kerala,Kozhikode,TB Control,Assam NRHM,384368,48606,55,214,107,101,97,Health_Program
P20_57,2014,Q4,Assam,Guwahati,Child Immunization,Punjab Health Mission,274923,36517,122,3065,734,78,87,Health_Program
P20_58,2016,Q4,Assam,Dibrugarh,Malaria Control,UNICEF India,142554,35946,218,3771,354,197,85,Health_Program
P20_59,2014,Q2,Assam,Silchar,Nutrition Program,State Health Society Rajasthan,65063,31394,85,169,198,10,86,Health_Program
P20_60,2017,Q4,Rajasthan,Jaipur,Malaria Control,UNICEF India,246333,28786,239,380,654,167,80,Health_Program
P20_61,2014,Q1,Rajasthan,Jaipur,Maternal Health,Assam NRHM,352235,10015,61,917,382,26,65,Health_Program
P20_62,2017,Q3,Odisha,Puri,Maternal Health,CARE India,121213,32258,207,3316,486,18,79,Health_Program
P20_63,2017,Q3,Odisha,Puri,Nutrition Program,Kerala Health Department,334390,38174,107,2818,217,95,82,Health_Program
P20_64,2014,Q3,Assam,Dibrugarh,TB Control,CARE India,369910,5483,69,2195,743,4,67,Health_Program
P20_65,2014,Q2,Punjab,Patiala,Maternal Health,Punjab Health Mission,363654,45531,161,1093,174,81,70,Health_Program
P20_66,2015,Q1,Punjab,Amritsar,TB Control,UNICEF India,83384,45981,84,108,620,149,60,Health_Program
P20_67,2017,Q1,Rajasthan,Jodhpur,Nutrition Program,Kerala Health Department,90032,16756,62,1618,312,165,77,Health_Program
P20_68,2016,Q2,Odisha,Bhubaneswar,Nutrition Program,Kerala Health Department,157998,30203,109,1495,728,91,86,Health_Program
P20_69,2016,Q2,Odisha,Bhubaneswar,Maternal Health,CARE India,317542,19768,48,921,259,34,92,Health_Program
P20_70,2016,Q2,Kerala,Kochi,Maternal Health,CARE India,111972,14358,153,1037,441,87,72,Health_Program
P20_71,2015,Q3,Assam,Dibrugarh,TB Control,Punjab Health Mission,347334,7360,219,3590,482,3,65,Health_Program
P20_72,2016,Q1,Assam,Silchar,Child Immunization,Punjab Health Mission,202061,10044,232,1785,766,191,80,Health_Program
P20_73,2016,Q4,Odisha,Cuttack,Malaria Control,Assam NRHM,293263,12748,202,3141,429,163,87,Health_Program
P20_74,2017,Q2,Punjab,Amritsar,Malaria Control,UNICEF India,326967,11842,25,1043,747,192,81,Health_Program
P20_75,2014,Q4,Odisha,Bhubaneswar,Maternal Health,CARE India,123839,39739,198,393,128,194,85,Health_Program
P20_76,2015,Q2,Kerala,Thrissur,Maternal Health,Kerala Health Department,290435,44924,92,946,635,188,83,Health_Program
P20_77,2017,Q3,Punjab,Amritsar,Nutrition Program,Assam NRHM,118538,38730,141,1320,643,68,83,Health_Program
P20_78,2016,Q3,Punjab,Patiala,Child Immunization,Assam NRHM,95281,43333,38,4546,530,193,97,Health_Program
P20_79,2016,Q1,Punjab,Amritsar,TB Control,Kerala Health Department,269459,25211,26,182,711,12,78,Health_Program
P20_80,2014,Q4,Punjab,Ludhiana,Maternal Health,Kerala Health Department,341847,42173,241,2969,53,70,77,Health_Program
P20_81,2014,Q2,Assam,Guwahati,TB Control,NHM Odisha,75616,42822,219,1919,401,32,94,Health_Program
P20_82,2016,Q3,Kerala,Kochi,Nutrition Program,NHM Odisha,223142,27177,230,2515,351,23,80,Health_Program
P20_83,2016,Q3,Rajasthan,Jodhpur,Nutrition Program,CARE India,193366,35057,82,4921,726,11,82,Health_Program
P20_84,2017,Q1,Assam,Dibrugarh,Nutrition Program,NHM Odisha,346649,37269,136,1180,56,86,90,Health_Program
P20_85,2017,Q4,Kerala,Thrissur,Maternal Health,State Health Society Rajasthan,270767,14611,47,2416,68,57,92,Health_Program
P20_86,2017,Q4,Kerala,Kochi,Maternal Health,State Health Society Rajasthan,44714,40614,206,2767,395,16,95,Health_Program
P20_87,2017,Q2,Rajasthan,Udaipur,Nutrition Program,CARE India,108229,28182,137,4873,389,46,66,Health_Program
P20_88,2015,Q2,Rajasthan,Jodhpur,Nutrition Program,UNICEF India,164981,38427,231,3979,114,178,77,Health_Program
P20_89,2016,Q2,Rajasthan,Udaipur,Child Immunization,Punjab Health Mission,258704,8487,100,1178,322,64,84,Health_Program
P20_90,2014,Q2,Odisha,Cuttack,Child Immunization,Assam NRHM,316000,6088,206,1386,465,17,89,Health_Program
P20_91,2014,Q1,Kerala,Thrissur,TB Control,Assam NRHM,331058,33728,70,2723,161,175,97,Health_Program
P20_92,2017,Q3,Kerala,Kozhikode,TB Control,Assam NRHM,395217,25498,141,2172,379,161,72,Health_Program
P20_93,2017,Q1,Punjab,Ludhiana,Maternal Health,NHM Odisha,398152,30174,129,1035,72,78,68,Health_Program
P20_94,2014,Q4,Punjab,Ludhiana,Malaria Control,State Health Society Rajasthan,318819,14402,247,1029,716,77,64,Health_Program
P20_95,2016,Q4,Odisha,Bhubaneswar,Maternal Health,CARE India,111783,14788,180,3670,758,29,91,Health_Program
P20_96,2015,Q1,Assam,Dibrugarh,Maternal Health,NHM Odisha,156968,9871,243,4654,279,107,74,Health_Program
P20_97,2016,Q2,Punjab,Ludhiana,Child Immunization,UNICEF India,390004,18954,78,1009,564,65,98,Health_Program
P20_98,2014,Q4,Assam,Silchar,Child Immunization,State Health Society Rajasthan,372325,20990,234,1152,551,136,89,Health_Program
P20_99,2017,Q3,Assam,Dibrugarh,Nutrition Program,Kerala Health Department,105060,20881,226,4840,702,26,90,Health_Program
P20_100,2014,Q4,Rajasthan,Jaipur,Child Immunization,CARE India,215789,34129,213,4669,535,76,63,Health_Program
P20_101,2017,Q2,Assam,Dibrugarh,Malaria Control,Kerala Health Department,109027,49846,60,1798,157,102,84,Health_Program
P20_102,2016,Q3,Punjab,Patiala,Child Immunization,CARE India,269648,30411,170,4612,727,166,95,Health_Program
P20_103,2017,Q2,Kerala,Kochi,TB Control,Assam NRHM,295940,11315,83,1147,292,79,75,Health_Program
P20_104,2016,Q3,Assam,Silchar,Malaria Control,Assam NRHM,256766,25287,214,1942,483,51,96,Health_Program
P20_105,2017,Q3,Rajasthan,Jaipur,Maternal Health,Kerala Health Department,228377,47526,176,754,292,13,83,Health_Program
P20_106,2014,Q3,Odisha,Cuttack,TB Control,Punjab Health Mission,204115,8113,65,3228,276,167,60,Health_Program
P20_107,2015,Q3,Punjab,Patiala,TB Control,NHM Odisha,178969,42483,244,4985,456,79,85,Health_Program
P20_108,2014,Q3,Odisha,Puri,Maternal Health,CARE India,122825,9617,217,4614,113,83,69,Health_Program
P20_109,2016,Q3,Rajasthan,Jaipur,TB Control,Kerala Health Department,205372,27891,207,674,469,125,75,Health_Program
P20_110,2017,Q2,Rajasthan,Jaipur,TB Control,UNICEF India,71286,30140,83,1285,696,50,94,Health_Program
P20_111,2017,Q1,Punjab,Patiala,Malaria Control,UNICEF India,364421,16107,230,3429,489,65,82,Health_Program
P20_112,2015,Q4,Punjab,Ludhiana,Child Immunization,CARE India,98327,39124,203,3739,361,153,97,Health_Program
P20_113,2015,Q2,Punjab,Patiala,Malaria Control,UNICEF India,87849,27813,163,2886,276,63,68,Health_Program
P20_114,2015,Q1,Kerala,Thrissur,Child Immunization,NHM Odisha,117733,18522,202,1873,355,36,60,Health_Program
P20_115,2015,Q3,Assam,Dibrugarh,Malaria Control,CARE India,100438,22931,22,3555,155,143,77,Health_Program
P20_116,2015,Q4,Kerala,Kozhikode,Nutrition Program,Punjab Health Mission,371347,35119,195,876,466,78,82,Health_Program
P20_117,2015,Q3,Punjab,Amritsar,Child Immunization,CARE India,299831,23355,214,3719,75,38,81,Health_Program
P20_118,2015,Q1,Punjab,Ludhiana,Maternal Health,State Health Society Rajasthan,351073,38407,52,3888,399,1,76,Health_Program
P20_119,2017,Q2,Kerala,Kozhikode,Malaria Control,NHM Odisha,54818,42034,216,2591,117,165,69,Health_Program
P20_120,2014,Q3,Punjab,Patiala,Child Immunization,Assam NRHM,237677,29549,91,3537,55,52,91,Health_Program
P20_121,2017,Q3,Odisha,Bhubaneswar,Nutrition Program,Assam NRHM,119909,42083,193,2400,696,191,68,Health_Program
P20_122,2014,Q4,Kerala,Thrissur,Nutrition Program,CARE India,201253,33045,199,4663,494,72,72,Health_Program
P20_123,2015,Q2,Kerala,Thrissur,TB Control,Assam NRHM,275992,16160,83,2504,680,22,62,Health_Program
P20_124,2016,Q2,Odisha,Cuttack,Malaria Control,State Health Society Rajasthan,194092,43479,148,1305,299,116,80,Health_Program
P20_125,2017,Q3,Assam,Guwahati,Child Immunization,Kerala Health Department,108685,28057,143,1510,727,104,70,Health_Program
P20_126,2015,Q1,Odisha,Bhubaneswar,TB Control,Kerala Health Department,107177,40296,209,120,424,103,97,Health_Program
P20_127,2014,Q1,Punjab,Amritsar,Maternal Health,Punjab Health Mission,200407,33710,128,2532,192,18,87,Health_Program
P20_128,2016,Q2,Punjab,Patiala,Malaria Control,Assam NRHM,356074,17925,141,4913,399,129,73,Health_Program
P20_129,2015,Q3,Rajasthan,Udaipur,Malaria Control,NHM Odisha,216720,31882,64,341,452,106,95,Health_Program
P20_130,2016,Q3,Punjab,Patiala,Child Immunization,State Health Society Rajasthan,111826,46941,237,3009,493,96,65,Health_Program
P20_131,2017,Q2,Odisha,Bhubaneswar,Child Immunization,Punjab Health Mission,380740,8338,28,2308,536,164,86,Health_Program
P20_132,2016,Q1,Punjab,Patiala,Child Immunization,Punjab Health Mission,215561,17697,146,4915,560,195,71,Health_Program
P20_133,2017,Q3,Odisha,Puri,Nutrition Program,State Health Society Rajasthan,192577,5097,26,3717,117,188,77,Health_Program
P20_134,2015,Q2,Kerala,Kochi,TB Control,Assam NRHM,58932,16823,225,2265,64,40,94,Health_Program
P20_135,2015,Q4,Odisha,Bhubaneswar,Child Immunization,Kerala Health Department,176960,11360,125,1717,431,137,85,Health_Program
P20_136,2015,Q3,Assam,Guwahati,Child Immunization,CARE India,317153,41312,80,2482,626,66,73,Health_Program
P20_137,2015,Q3,Odisha,Cuttack,TB Control,Assam NRHM,67686,16519,180,2476,182,116,63,Health_Program
P20_138,2016,Q1,Punjab,Amritsar,Child Immunization,NHM Odisha,368494,25122,144,2396,99,138,65,Health_Program
P20_139,2014,Q2,Kerala,Kozhikode,Child Immunization,NHM Odisha,159364,36429,157,3404,659,111,61,Health_Program
P20_140,2016,Q3,Odisha,Puri,TB Control,Punjab Health Mission,260671,17327,127,1577,481,130,98,Health_Program
P20_141,2014,Q1,Kerala,Thrissur,Maternal Health,Kerala Health Department,136112,43696,249,1161,276,37,73,Health_Program
P20_142,2014,Q3,Kerala,Kozhikode,TB Control,UNICEF India,205113,23304,174,2783,605,54,87,Health_Program
P20_143,2016,Q3,Kerala,Thrissur,Malaria Control,NHM Odisha,366023,6091,103,234,442,58,93,Health_Program
P20_144,2014,Q3,Odisha,Cuttack,Maternal Health,UNICEF India,48975,29785,39,456,602,169,66,Health_Program
P20_145,2017,Q4,Kerala,Kochi,Child Immunization,State Health Society Rajasthan,98423,32625,29,668,773,173,73,Health_Program
P20_146,2016,Q3,Assam,Guwahati,Child Immunization,Assam NRHM,377538,30306,37,4506,314,37,76,Health_Program
P20_147,2014,Q1,Rajasthan,Jaipur,Malaria Control,Kerala Health Department,156360,31612,37,967,110,110,91,Health_Program
P20_148,2015,Q3,Assam,Silchar,Nutrition Program,CARE India,328044,39171,120,850,780,33,89,Health_Program
P20_149,2016,Q3,Rajasthan,Jodhpur,Malaria Control,CARE India,54830,27464,96,3250,692,35,77,Health_Program
P20_150,2014,Q4,Assam,Silchar,TB Control,NHM Odisha,187756,38324,190,1973,682,56,82,Health_Program
P20_151,2014,Q1,Kerala,Thrissur,Maternal Health,Assam NRHM,84195,23132,161,2896,306,2,88,Health_Program
P20_152,2015,Q3,Odisha,Puri,Maternal Health,State Health Society Rajasthan,333225,8442,29,3160,95,124,79,Health_Program
P20_153,2014,Q2,Punjab,Patiala,Child Immunization,Punjab Health Mission,211461,37086,72,3557,439,183,93,Health_Program
P20_154,2015,Q4,Kerala,Kozhikode,Child Immunization,Assam NRHM,54940,28912,131,1591,213,170,67,Health_Program
P20_155,2017,Q2,Odisha,Bhubaneswar,Nutrition Program,State Health Society Rajasthan,61205,16882,63,2956,324,182,71,Health_Program
P20_156,2015,Q4,Punjab,Amritsar,TB Control,State Health Society Rajasthan,64504,41773,193,1787,509,144,71,Health_Program
P20_157,2015,Q1,Kerala,Thrissur,TB Control,Kerala Health Department,90687,14420,115,3046,316,186,68,Health_Program
P20_158,2016,Q2,Assam,Guwahati,Malaria Control,UNICEF India,207260,11427,138,1396,373,43,94,Health_Program
P20_159,2016,Q1,Punjab,Ludhiana,TB Control,UNICEF India,147010,29479,38,2544,605,110,88,Health_Program
P20_160,2014,Q3,Punjab,Amritsar,Malaria Control,CARE India,122082,44932,196,4418,186,48,90,Health_Program
P20_161,2017,Q4,Kerala,Kozhikode,Malaria Control,Assam NRHM,254522,23646,189,3701,464,13,70,Health_Program
P20_162,2015,Q4,Kerala,Thrissur,Maternal Health,Kerala Health Department,176653,15705,81,2951,51,19,92,Health_Program
P20_163,2015,Q3,Odisha,Puri,Nutrition Program,State Health Society Rajasthan,49109,28213,190,3592,727,72,64,Health_Program
P20_164,2017,Q1,Rajasthan,Jodhpur,Child Immunization,Kerala Health Department,235298,25814,229,223,553,17,67,Health_Program
P20_165,2017,Q2,Kerala,Thrissur,Malaria Control,UNICEF India,344591,6552,229,156,738,176,69,Health_Program
P20_166,2015,Q3,Punjab,Patiala,TB Control,CARE India,78626,11168,227,4993,691,109,68,Health_Program
P20_167,2017,Q3,Odisha,Cuttack,Nutrition Program,Assam NRHM,301302,44123,167,3241,73,142,84,Health_Program
P20_168,2014,Q2,Rajasthan,Jodhpur,Maternal Health,Punjab Health Mission,137752,37426,114,4297,492,162,75,Health_Program
P20_169,2016,Q4,Odisha,Cuttack,Malaria Control,CARE India,359915,40352,130,3127,120,18,78,Health_Program
P20_170,2015,Q3,Kerala,Kozhikode,Nutrition Program,UNICEF India,301669,17198,134,3096,374,0,80,Health_Program
P20_171,2015,Q2,Punjab,Ludhiana,Malaria Control,State Health Society Rajasthan,126917,29610,143,4193,266,100,60,Health_Program
P20_172,2014,Q2,Kerala,Kochi,Malaria Control,UNICEF India,166593,30381,20,3133,250,21,62,Health_Program
P20_173,2016,Q3,Assam,Guwahati,Nutrition Program,UNICEF India,87417,35972,220,758,661,131,70,Health_Program
P20_174,2014,Q4,Odisha,Cuttack,TB Control,Assam NRHM,79258,36228,202,3015,588,16,67,Health_Program
P20_175,2017,Q4,Punjab,Patiala,Maternal Health,Punjab Health Mission,242977,40803,167,2092,443,22,60,Health_Program
P20_176,2015,Q2,Odisha,Cuttack,Child Immunization,Punjab Health Mission,280676,33898,224,4689,391,40,94,Health_Program
P20_177,2016,Q2,Assam,Silchar,Maternal Health,Assam NRHM,323108,35838,237,3931,218,23,72,Health_Program
P20_178,2017,Q1,Punjab,Patiala,TB Control,State Health Society Rajasthan,353487,24597,43,4014,673,165,61,Health_Program
P20_179,2015,Q3,Assam,Guwahati,Nutrition Program,NHM Odisha,74241,39584,30,4796,559,30,67,Health_Program
P21_0,2015,Q4,Rajasthan,Udaipur,TB Control,Kerala Health Department,128521,36596,84,3733,366,120,91,Health_Program
P21_1,2017,Q2,Punjab,Ludhiana,Nutrition Program,State Health Society Rajasthan,91088,40349,75,895,422,113,66,Health_Program
P21_2,2017,Q4,Rajasthan,Jodhpur,Nutrition Program,CARE India,361770,40958,82,3168,148,5,92,Health_Program
P21_3,2015,Q2,Odisha,Puri,Maternal Health,State Health Society Rajasthan,294803,40124,217,4505,713,12,60,Health_Program
P21_4,2015,Q2,Rajasthan,Udaipur,Nutrition Program,CARE India,370590,30213,147,4865,105,44,87,Health_Program
P21_5,2016,Q4,Kerala,Kozhikode,TB Control,Kerala Health Department,200187,25688,156,3010,65,50,80,Health_Program
P21_6,2015,Q4,Punjab,Ludhiana,TB Control,Assam NRHM,259482,19223,130,2496,335,27,95,Health_Program
P21_7,2016,Q1,Assam,Guwahati,Malaria Control,Assam NRHM,310674,7432,223,2011,194,170,86,Health_Program
P21_8,2017,Q3,Punjab,Ludhiana,Child Immunization,Assam NRHM,132788,6168,104,925,561,13,61,Health_Program
P21_9,2016,Q2,Rajasthan,Udaipur,TB Control,CARE India,293584,32284,80,1589,158,46,69,Health_Program
P21_10,2017,Q3,Odisha,Bhubaneswar,Nutrition Program,UNICEF India,87227,38585,54,1510,480,166,76,Health_Program
P21_11,2016,Q1,Kerala,Kochi,Child Immunization,Assam NRHM,274159,43734,20,1299,475,161,95,Health_Program
P21_12,2016,Q3,Punjab,Amritsar,Malaria Control,Kerala Health Department,45518,16356,99,129,271,43,97,Health_Program
P21_13,2016,Q2,Odisha,Puri,TB Control,NHM Odisha,129752,7941,126,4120,559,41,69,Health_Program
P21_14,2015,Q3,Odisha,Cuttack,Child Immunization,Assam NRHM,168517,44416,173,2793,78,70,66,Health_Program
P21_15,2015,Q4,Rajasthan,Udaipur,TB Control,Punjab Health Mission,341808,41668,250,2697,756,151,83,Health_Program
P21_16,2016,Q3,Kerala,Thrissur,Nutrition Program,Assam NRHM,395928,9785,202,4515,103,28,97,Health_Program
P21_17,2016,Q3,Kerala,Thrissur,Child Immunization,Punjab Health Mission,209526,23706,74,1811,130,70,73,Health_Program
P21_18,2015,Q4,Rajasthan,Udaipur,Child Immunization,UNICEF India,344901,22707,66,4460,149,18,87,Health_Program
P21_19,2015,Q2,Punjab,Amritsar,Maternal Health,Assam NRHM,347896,44497,67,2265,279,96,67,Health_Program
P21_20,2015,Q2,Rajasthan,Jaipur,TB Control,State Health Society Rajasthan,254617,22784,30,3770,463,170,69,Health_Program
P21_21,2016,Q3,Punjab,Patiala,TB Control,CARE India,388759,25118,181,3952,371,186,95,Health_Program
P21_22,2017,Q2,Punjab,Ludhiana,Malaria Control,State Health Society Rajasthan,320698,48605,206,3180,645,149,93,Health_Program
P21_23,2016,Q1,Rajasthan,Jaipur,Malaria Control,CARE India,104392,8279,48,914,568,127,91,Health_Program
P21_24,2015,Q2,Odisha,Puri,Nutrition Program,State Health Society Rajasthan,276722,9098,185,2206,176,65,90,Health_Program
P21_25,2015,Q1,Odisha,Bhubaneswar,Nutrition Program,UNICEF India,217888,19637,183,3714,128,133,81,Health_Program
P21_26,2017,Q2,Assam,Silchar,TB Control,State Health Society Rajasthan,168095,17454,204,3612,731,21,84,Health_Program
P21_27,2017,Q2,Kerala,Kozhikode,Maternal Health,Assam NRHM,219010,26145,74,2622,52,20,83,Health_Program
P21_28,2015,Q3,Assam,Silchar,TB Control,State Health Society Rajasthan,124906,36250,211,3256,631,54,94,Health_Program
P21_29,2015,Q2,Assam,Silchar,Nutrition Program,NHM Odisha,337023,47268,80,3221,746,107,64,Health_Program
P21_30,2016,Q2,Assam,Silchar,Nutrition Program,Punjab Health Mission,315044,45411,69,3327,768,173,81,Health_Program
P21_31,2016,Q2,Odisha,Puri,Child Immunization,Assam NRHM,366993,33704,159,3526,74,62,90,Health_Program
P21_32,2016,Q3,Kerala,Thrissur,Child Immunization,State Health Society Rajasthan,132714,6789,125,4419,54,119,98,Health_Program
P21_33,2016,Q2,Odisha,Cuttack,Maternal Health,Kerala Health Department,292843,7062,81,421,409,70,86,Health_Program
P21_34,2017,Q4,Odisha,Puri,Nutrition Program,Assam NRHM,96172,30614,198,3211,591,11,76,Health_Program
P21_35,2016,Q2,Odisha,Puri,Maternal Health,Punjab Health Mission,325181,12933,142,638,493,35,74,Health_Program
P21_36,2015,Q1,Assam,Silchar,Malaria Control,NHM Odisha,339399,8227,164,3742,240,185,78,Health_Program
P21_37,2016,Q4,Odisha,Bhubaneswar,Nutrition Program,UNICEF India,102504,22302,109,398,281,34,95,Health_Program
P21_38,2015,Q3,Assam,Guwahati,Child Immunization,Kerala Health Department,56111,46976,184,4101,645,168,65,Health_Program
P21_39,2017,Q3,Punjab,Ludhiana,TB Control,Kerala Health Department,89836,16311,231,2336,754,194,95,Health_Program
P21_40,2015,Q3,Punjab,Ludhiana,Maternal Health,NHM Odisha,49389,35186,39,3980,244,144,61,Health_Program
P21_41,2017,Q1,Kerala,Kochi,TB Control,Kerala Health Department,343569,24998,99,3077,352,54,64,Health_Program
P21_42,2015,Q2,Rajasthan,Jaipur,Malaria Control,CARE India,122274,8795,39,4072,65,116,80,Health_Program
P21_43,2016,Q3,Rajasthan,Udaipur,Child Immunization,Punjab Health Mission,97621,10906,221,1752,178,128,62,Health_Program
P21_44,2017,Q2,Odisha,Cuttack,TB Control,State Health Society Rajasthan,60372,24213,216,2946,485,104,60,Health_Program
P21_45,2015,Q1,Rajasthan,Jaipur,Child Immunization,Kerala Health Department,136489,34715,161,3431,692,153,87,Health_Program
P21_46,2015,Q2,Assam,Silchar,Maternal Health,Punjab Health Mission,279919,35472,96,4832,650,146,81,Health_Program
P21_47,2015,Q1,Assam,Dibrugarh,Maternal Health,Punjab Health Mission,207147,30525,66,3802,515,44,83,Health_Program
P21_48,2015,Q4,Rajasthan,Udaipur,Nutrition Program,NHM Odisha,375917,26118,50,3754,145,193,93,Health_Program
P21_49,2016,Q1,Odisha,Cuttack,TB Control,NHM Odisha,192838,38935,83,4013,258,86,73,Health_Program
P21_50,2016,Q3,Assam,Guwahati,TB Control,CARE India,171262,49910,183,3105,467,9,84,Health_Program
P21_51,2016,Q1,Kerala,Thrissur,Nutrition Program,Assam NRHM,345963,7970,240,3028,297,69,83,Health_Program
P21_52,2016,Q2,Punjab,Patiala,TB Control,Punjab Health Mission,372813,33510,201,1119,594,159,67,Health_Program
P21_53,2017,Q3,Odisha,Cuttack,Nutrition Program,NHM Odisha,218578,23904,246,612,450,105,89,Health_Program
P21_54,2017,Q2,Odisha,Cuttack,TB Control,Kerala Health Department,246713,7847,194,1899,711,112,89,Health_Program
P21_55,2017,Q3,Assam,Dibrugarh,Maternal Health,NHM Odisha,67318,46642,152,3414,619,73,91,Health_Program
P21_56,2016,Q1,Rajasthan,Jaipur,Maternal Health,Assam NRHM,102437,29543,183,1162,456,34,76,Health_Program
P21_57,2016,Q4,Kerala,Kochi,Nutrition Program,Assam NRHM,135697,37988,163,4014,65,92,62,Health_Program
P21_58,2015,Q3,Odisha,Bhubaneswar,Maternal Health,State Health Society Rajasthan,173175,33047,97,2718,236,58,85,Health_Program
P21_59,2017,Q1,Kerala,Kozhikode,Maternal Health,NHM Odisha,96067,13702,41,4023,228,188,94,Health_Program
P21_60,2015,Q1,Odisha,Cuttack,Child Immunization,CARE India,376858,46066,106,4029,350,129,86,Health_Program
P21_61,2017,Q4,Assam,Guwahati,Malaria Control,Kerala Health Department,321723,33873,135,2232,674,132,89,Health_Program
P21_62,2017,Q2,Odisha,Bhubaneswar,Nutrition Program,UNICEF India,239785,32490,69,3556,783,119,69,Health_Program
P21_63,2017,Q1,Punjab,Ludhiana,Child Immunization,State Health Society Rajasthan,240486,10194,35,2646,479,139,94,Health_Program
P21_64,2016,Q4,Odisha,Cuttack,Malaria Control,NHM Odisha,160637,36521,31,683,681,7,83,Health_Program
P21_65,2017,Q3,Assam,Silchar,TB Control,Kerala Health Department,107344,9511,73,878,191,34,68,Health_Program
P21_66,2017,Q2,Odisha,Cuttack,Child Immunization,Assam NRHM,391844,42224,234,1663,429,120,92,Health_Program
P21_67,2016,Q4,Rajasthan,Jodhpur,Maternal Health,NHM Odisha,296646,10745,162,1263,579,121,66,Health_Program
P21_68,2015,Q1,Kerala,Kochi,Child Immunization,NHM Odisha,116927,41664,63,3128,389,99,79,Health_Program
P21_69,2015,Q3,Assam,Guwahati,Child Immunization,NHM Odisha,224638,34791,71,550,771,170,85,Health_Program
P21_70,2017,Q1,Odisha,Bhubaneswar,Child Immunization,Kerala Health Department,374361,41168,160,822,423,29,87,Health_Program
P21_71,2015,Q3,Punjab,Amritsar,Nutrition Program,Kerala Health Department,255619,14606,77,4259,73,87,71,Health_Program
P21_72,2017,Q2,Rajasthan,Jodhpur,TB Control,State Health Society Rajasthan,261204,42757,221,1438,778,187,93,Health_Program
P21_73,2016,Q4,Punjab,Patiala,Maternal Health,Kerala Health Department,237181,48118,89,3881,634,147,72,Health_Program
P21_74,2015,Q3,Rajasthan,Jodhpur,Maternal Health,NHM Odisha,238808,13127,193,1486,471,188,78,Health_Program
P21_75,2015,Q1,Assam,Dibrugarh,Malaria Control,CARE India,384679,33311,139,3652,704,151,92,Health_Program
P21_76,2017,Q1,Rajasthan,Jodhpur,Malaria Control,Assam NRHM,78179,38980,161,4832,383,54,77,Health_Program
P21_77,2015,Q1,Assam,Guwahati,TB Control,Kerala Health Department,89028,9109,61,2948,559,4,61,Health_Program
P21_78,2016,Q4,Rajasthan,Udaipur,TB Control,Punjab Health Mission,60244,35151,202,2397,273,73,83,Health_Program
P21_79,2017,Q3,Kerala,Kochi,Child Immunization,Punjab Health Mission,346086,39719,21,1656,356,66,96,Health_Program
P21_80,2017,Q4,Rajasthan,Jaipur,Child Immunization,NHM Odisha,189583,32890,215,1610,725,34,68,Health_Program
P21_81,2017,Q4,Assam,Dibrugarh,Nutrition Program,CARE India,294299,35296,229,2818,537,9,82,Health_Program
P21_82,2016,Q3,Kerala,Kozhikode,Maternal Health,Kerala Health Department,179675,41547,204,501,277,30,77,Health_Program
P21_83,2015,Q1,Odisha,Cuttack,Maternal Health,Punjab Health Mission,201394,31224,149,3762,87,12,79,Health_Program
P21_84,2015,Q2,Kerala,Thrissur,Malaria Control,UNICEF India,152310,41115,160,2169,244,26,95,Health_Program
P21_85,2016,Q2,Rajasthan,Udaipur,Child Immunization,UNICEF India,289191,9721,137,147,557,197,93,Health_Program
P21_86,2017,Q4,Kerala,Kochi,Nutrition Program,Assam NRHM,51329,23622,238,3184,727,38,66,Health_Program
P21_87,2017,Q1,Kerala,Kochi,Maternal Health,CARE India,188826,30609,85,726,105,123,95,Health_Program
P21_88,2015,Q3,Kerala,Kochi,Maternal Health,NHM Odisha,217960,13505,98,1621,695,81,71,Health_Program
P21_89,2016,Q1,Assam,Dibrugarh,Child Immunization,UNICEF India,88963,45025,143,155,77,74,95,Health_Program
P21_90,2015,Q1,Odisha,Cuttack,Malaria Control,UNICEF India,145814,22970,45,3230,122,72,64,Health_Program
P21_91,2015,Q2,Rajasthan,Jodhpur,Nutrition Program,Punjab Health Mission,279710,21298,227,4666,331,55,63,Health_Program
P21_92,2015,Q4,Kerala,Kochi,Nutrition Program,Punjab Health Mission,390075,33185,190,514,212,121,76,Health_Program
P21_93,2016,Q4,Odisha,Cuttack,Malaria Control,CARE India,179349,44603,114,3340,515,95,88,Health_Program
P21_94,2015,Q1,Assam,Dibrugarh,Malaria Control,Assam NRHM,253374,36222,143,949,169,135,62,Health_Program
P21_95,2016,Q4,Punjab,Amritsar,Malaria Control,Assam NRHM,269863,48673,24,2292,392,113,63,Health_Program
P21_96,2015,Q1,Punjab,Patiala,TB Control,CARE India,221929,5419,81,1938,348,116,71,Health_Program
P21_97,2015,Q3,Odisha,Bhubaneswar,Child Immunization,State Health Society Rajasthan,352231,18833,80,3720,793,12,79,Health_Program
P21_98,2017,Q1,Kerala,Kozhikode,Child Immunization,State Health Society Rajasthan,313544,28238,134,4925,420,122,72,Health_Program
P21_99,2015,Q2,Assam,Guwahati,TB Control,State Health Society Rajasthan,175275,25871,190,295,399,122,74,Health_Program
P21_100,2017,Q4,Assam,Guwahati,Malaria Control,Punjab Health Mission,168559,32085,144,4458,208,130,80,Health_Program
P21_101,2017,Q2,Rajasthan,Udaipur,Nutrition Program,Punjab Health Mission,141635,25527,91,3512,731,85,68,Health_Program
P21_102,2015,Q2,Kerala,Kochi,Maternal Health,CARE India,305679,32160,205,3770,508,153,93,Health_Program
P21_103,2016,Q4,Punjab,Ludhiana,Malaria Control,NHM Odisha,194111,47333,190,4076,730,137,88,Health_Program
P21_104,2015,Q2,Punjab,Amritsar,TB Control,Punjab Health Mission,384417,40550,105,3931,213,168,82,Health_Program
P21_105,2015,Q3,Kerala,Kozhikode,Maternal Health,UNICEF India,212450,7316,31,2215,83,117,84,Health_Program
P21_106,2016,Q2,Kerala,Thrissur,Child Immunization,CARE India,173900,25277,82,2070,616,37,82,Health_Program
P21_107,2015,Q2,Punjab,Patiala,Child Immunization,CARE India,154764,13230,127,2258,509,2,70,Health_Program
P21_108,2017,Q4,Kerala,Kozhikode,Nutrition Program,NHM Odisha,281159,28629,88,943,188,132,74,Health_Program
P21_109,2016,Q4,Punjab,Patiala,TB Control,NHM Odisha,89221,41074,199,1371,293,76,92,Health_Program
P21_110,2017,Q3,Rajasthan,Jaipur,Child Immunization,CARE India,74112,43072,152,4672,110,2,88,Health_Program
P21_111,2017,Q4,Assam,Guwahati,Malaria Control,CARE India,92596,6660,185,539,731,13,93,Health_Program
P21_112,2017,Q1,Odisha,Puri,Malaria Control,Punjab Health Mission,158392,35936,148,2669,390,1,92,Health_Program
P21_113,2015,Q4,Kerala,Kozhikode,Malaria Control,UNICEF India,108333,23964,215,3209,419,51,93,Health_Program
P21_114,2016,Q2,Punjab,Ludhiana,Nutrition Program,CARE India,351726,32356,41,3451,659,29,95,Health_Program
P21_115,2017,Q3,Kerala,Kochi,TB Control,State Health Society Rajasthan,318856,42713,75,1612,639,15,78,Health_Program
P21_116,2016,Q2,Odisha,Cuttack,Malaria Control,CARE India,66119,46455,25,3322,383,17,87,Health_Program
P21_117,2016,Q4,Punjab,Ludhiana,TB Control,UNICEF India,394647,5914,161,3499,428,108,85,Health_Program
P21_118,2016,Q1,Punjab,Patiala,Malaria Control,Punjab Health Mission,116808,27721,213,220,623,36,86,Health_Program
P21_119,2015,Q1,Kerala,Kochi,Child Immunization,Assam NRHM,184637,6307,249,2675,452,87,73,Health_Program
P21_120,2016,Q3,Punjab,Amritsar,Child Immunization,NHM Odisha,206865,39393,85,4172,387,16,86,Health_Program
P21_121,2017,Q1,Assam,Dibrugarh,Child Immunization,UNICEF India,191541,23032,39,2838,786,195,96,Health_Program
P21_122,2015,Q3,Punjab,Amritsar,Malaria Control,NHM Odisha,336199,7580,117,2582,707,66,89,Health_Program
P21_123,2016,Q3,Assam,Silchar,Child Immunization,Assam NRHM,123678,23749,236,4485,776,77,79,Health_Program
P21_124,2017,Q1,Punjab,Amritsar,TB Control,CARE India,351760,33223,22,2998,63,195,78,Health_Program
P21_125,2015,Q3,Assam,Guwahati,TB Control,NHM Odisha,361754,26132,145,1314,626,141,87,Health_Program
P21_126,2017,Q2,Assam,Guwahati,Malaria Control,NHM Odisha,97237,15159,120,3406,776,108,93,Health_Program
P21_127,2017,Q3,Punjab,Ludhiana,Child Immunization,CARE India,113128,9385,80,1052,160,184,71,Health_Program
P21_128,2016,Q4,Assam,Guwahati,Nutrition Program,UNICEF India,44819,49876,205,4251,193,97,86,Health_Program
P21_129,2015,Q3,Punjab,Ludhiana,Nutrition Program,UNICEF India,254156,24212,101,2762,152,195,94,Health_Program
P21_130,2016,Q3,Rajasthan,Jaipur,Malaria Control,NHM Odisha,321030,13080,168,3114,525,130,81,Health_Program
P21_131,2016,Q1,Rajasthan,Jaipur,Nutrition Program,Punjab Health Mission,367301,6581,59,3655,748,21,69,Health_Program
P21_132,2016,Q3,Punjab,Patiala,Malaria Control,Assam NRHM,158621,10841,55,3620,436,134,83,Health_Program
P21_133,2017,Q2,Punjab,Amritsar,Child Immunization,UNICEF India,55544,28994,56,1521,81,70,68,Health_Program
P21_134,2017,Q2,Punjab,Ludhiana,TB Control,Assam NRHM,216265,12571,168,4402,249,112,61,Health_Program
P21_135,2015,Q1,Punjab,Amritsar,Nutrition Program,Assam NRHM,89764,16407,191,3240,169,80,96,Health_Program
P21_136,2016,Q2,Assam,Dibrugarh,Child Immunization,CARE India,48728,40219,47,1801,262,41,85,Health_Program
P21_137,2015,Q3,Kerala,Thrissur,Maternal Health,Kerala Health Department,360727,18710,85,4980,281,134,75,Health_Program
P21_138,2017,Q1,Odisha,Puri,Nutrition Program,State Health Society Rajasthan,126511,12227,219,3651,548,1,71,Health_Program
P21_139,2015,Q3,Rajasthan,Jaipur,TB Control,Kerala Health Department,337645,39582,244,231,779,198,80,Health_Program
P21_140,2016,Q1,Odisha,Cuttack,TB Control,UNICEF India,397764,45762,112,2652,175,198,72,Health_Program
P21_141,2015,Q3,Punjab,Ludhiana,Child Immunization,NHM Odisha,90916,23079,160,809,237,176,84,Health_Program
P21_142,2016,Q3,Kerala,Kozhikode,Malaria Control,Assam NRHM,308323,15487,248,2427,231,61,65,Health_Program
P21_143,2017,Q2,Rajasthan,Jaipur,Maternal Health,State Health Society Rajasthan,202865,49940,75,3205,742,22,71,Health_Program
P21_144,2016,Q3,Rajasthan,Jaipur,Child Immunization,UNICEF India,357270,41600,27,1732,267,15,85,Health_Program
P21_145,2016,Q2,Assam,Silchar,Child Immunization,Assam NRHM,198056,42994,151,2688,539,21,82,Health_Program
P21_146,2016,Q2,Odisha,Cuttack,Malaria Control,Kerala Health Department,127147,12136,81,1489,588,127,81,Health_Program
P21_147,2015,Q3,Odisha,Puri,TB Control,NHM Odisha,193718,29256,107,4331,725,96,70,Health_Program
P21_148,2016,Q2,Punjab,Patiala,TB Control,Punjab Health Mission,280588,47107,219,456,550,38,72,Health_Program
P21_149,2017,Q2,Odisha,Cuttack,TB Control,Assam NRHM,161374,43179,53,274,748,144,73,Health_Program
P21_150,2015,Q2,Assam,Dibrugarh,Nutrition Program,State Health Society Rajasthan,357356,35999,208,2268,314,15,92,Health_Program
P21_151,2017,Q4,Punjab,Amritsar,Malaria Control,UNICEF India,264510,17328,37,4621,524,58,95,Health_Program
P21_152,2017,Q3,Rajasthan,Jaipur,Maternal Health,NHM Odisha,256074,21718,37,1498,156,73,91,Health_Program
P21_153,2015,Q2,Kerala,Kochi,Malaria Control,UNICEF India,220187,35672,222,1791,392,1,62,Health_Program
P21_154,2016,Q3,Kerala,Kozhikode,Malaria Control,Punjab Health Mission,394558,10598,85,3909,600,112,93,Health_Program
P21_155,2015,Q1,Odisha,Bhubaneswar,TB Control,Assam NRHM,65793,39314,62,1581,215,153,66,Health_Program
P21_156,2017,Q3,Assam,Silchar,Child Immunization,Kerala Health Department,199943,24255,41,2119,91,167,72,Health_Program
P21_157,2015,Q1,Assam,Guwahati,TB Control,Kerala Health Department,299632,28573,60,541,202,76,73,Health_Program
P21_158,2016,Q3,Odisha,Cuttack,Malaria Control,Punjab Health Mission,132549,31663,81,1867,757,140,87,Health_Program
P21_159,2016,Q1,Odisha,Cuttack,Child Immunization,Punjab Health Mission,41864,36932,129,3782,784,87,64,Health_Program
P21_160,2015,Q1,Assam,Guwahati,TB Control,UNICEF India,298752,44453,235,4677,165,34,84,Health_Program
P21_161,2016,Q2,Odisha,Puri,Child Immunization,Assam NRHM,253429,22681,25,2968,101,199,96,Health_Program
P21_162,2015,Q4,Rajasthan,Udaipur,Malaria Control,Kerala Health Department,132285,6951,157,481,227,113,81,Health_Program
P21_163,2016,Q4,Kerala,Kozhikode,Child Immunization,CARE India,210795,18058,30,1529,800,21,82,Health_Program
P21_164,2016,Q2,Rajasthan,Jodhpur,TB Control,State Health Society Rajasthan,229930,16407,106,350,449,185,81,Health_Program
P21_165,2015,Q1,Punjab,Ludhiana,Child Immunization,UNICEF India,42860,27821,37,3338,271,90,82,Health_Program
P21_166,2015,Q4,Punjab,Ludhiana,Nutrition Program,State Health Society Rajasthan,72915,33283,181,1900,688,182,89,Health_Program
P21_167,2015,Q2,Kerala,Kochi,Malaria Control,UNICEF India,226077,17782,25,1514,242,189,70,Health_Program
P21_168,2017,Q3,Kerala,Kochi,Malaria Control,Kerala Health Department,311900,34259,96,2961,119,188,89,Health_Program
P21_169,2017,Q1,Rajasthan,Jodhpur,Maternal Health,UNICEF India,276778,25309,145,4506,491,6,65,Health_Program
P21_170,2015,Q1,Assam,Silchar,Malaria Control,Punjab Health Mission,284910,5739,58,2687,689,58,66,Health_Program
P21_171,2017,Q2,Odisha,Puri,Child Immunization,Punjab Health Mission,353888,6785,88,1350,308,147,72,Health_Program
P21_172,2015,Q3,Odisha,Puri,TB Control,State Health Society Rajasthan,344576,9493,39,4530,766,178,77,Health_Program
P21_173,2017,Q1,Rajasthan,Udaipur,Child Immunization,Assam NRHM,360881,16328,221,1987,256,188,91,Health_Program
P21_174,2017,Q2,Odisha,Puri,Maternal Health,Assam NRHM,356643,21199,51,4847,509,42,84,Health_Program
P21_175,2015,Q1,Kerala,Thrissur,Child Immunization,State Health Society Rajasthan,371688,38061,147,3996,139,155,70,Health_Program
P21_176,2016,Q4,Rajasthan,Udaipur,Malaria Control,NHM Odisha,292010,46008,107,3542,106,148,63,Health_Program
P21_177,2015,Q1,Punjab,Ludhiana,Nutrition Program,State Health Society Rajasthan,309896,45235,226,1463,503,77,94,Health_Program
P21_178,2015,Q2,Assam,Silchar,Child Immunization,UNICEF India,108955,14940,103,3371,700,97,94,Health_Program
P21_179,2016,Q3,Kerala,Kochi,Malaria Control,Kerala Health Department,61637,48605,32,323,93,188,66,Health_Program
P22_0,2018,Q4,Rajasthan,Jodhpur,Malaria Control,Assam NRHM,280671,40816,118,3540,330,18,64,Health_Program
P22_1,2021,Q1,Kerala,Kochi,Nutrition Program,Punjab Health Mission,327270,22288,25,4618,600,99,71,Health_Program
P22_2,2020,Q4,Punjab,Ludhiana,TB Control,State Health Society Rajasthan,59229,33023,132,4187,514,51,79,Health_Program
P22_3,2020,Q2,Kerala,Thrissur,Nutrition Program,State Health Society Rajasthan,252145,14306,203,4361,251,41,95,Health_Program
P22_4,2018,Q2,Kerala,Thrissur,Maternal Health,NHM Odisha,323469,21089,75,389,133,132,93,Health_Program
P22_5,2020,Q4,Rajasthan,Jaipur,Malaria Control,NHM Odisha,340657,23438,88,4358,170,45,84,Health_Program
P22_6,2018,Q4,Odisha,Puri,Child Immunization,Kerala Health Department,122816,31984,121,2345,515,57,92,Health_Program
P22_7,2019,Q3,Rajasthan,Udaipur,Nutrition Program,Assam NRHM,109835,36897,39,4821,713,183,94,Health_Program
P22_8,2019,Q3,Assam,Silchar,Maternal Health,UNICEF India,264807,21738,26,2129,137,97,83,Health_Program
P22_9,2020,Q4,Assam,Dibrugarh,Malaria Control,Punjab Health Mission,40553,28456,109,897,161,81,87,Health_Program
P22_10,2019,Q1,Odisha,Cuttack,Maternal Health,UNICEF India,307248,29579,34,3331,211,149,81,Health_Program
P22_11,2021,Q3,Punjab,Amritsar,Child Immunization,UNICEF India,374637,28643,194,2928,330,88,63,Health_Program
P22_12,2021,Q2,Rajasthan,Jodhpur,Malaria Control,State Health Society Rajasthan,167767,46146,64,2552,286,94,76,Health_Program
P22_13,2021,Q4,Kerala,Kochi,Malaria Control,Punjab Health Mission,86752,42210,64,222,119,46,78,Health_Program
P22_14,2018,Q4,Kerala,Kochi,Child Immunization,Kerala Health Department,203467,41345,31,1960,384,4,71,Health_Program
P22_15,2021,Q2,Assam,Guwahati,TB Control,UNICEF India,142505,35449,140,1736,95,157,64,Health_Program
P22_16,2019,Q2,Kerala,Thrissur,Malaria Control,Punjab Health Mission,330673,8568,116,2619,729,115,86,Health_Program
P22_17,2018,Q3,Assam,Silchar,Malaria Control,CARE India,251369,38347,166,1810,541,200,71,Health_Program
P22_18,2021,Q4,Rajasthan,Jodhpur,Child Immunization,NHM Odisha,392574,40084,238,3692,325,149,79,Health_Program
P22_19,2019,Q2,Punjab,Amritsar,Nutrition Program,State Health Society Rajasthan,372951,16059,27,4485,204,0,78,Health_Program
P22_20,2021,Q4,Punjab,Amritsar,Nutrition Program,UNICEF India,53002,17302,154,1668,522,90,92,Health_Program
P22_21,2021,Q4,Assam,Dibrugarh,TB Control,CARE India,250344,19523,172,786,459,144,88,Health_Program
P22_22,2019,Q4,Assam,Silchar,Maternal Health,UNICEF India,214938,44576,191,3437,165,143,80,Health_Program
P22_23,2021,Q3,Rajasthan,Jodhpur,Child Immunization,UNICEF India,198577,38171,234,176,59,147,61,Health_Program
P22_24,2018,Q1,Punjab,Amritsar,Maternal Health,CARE India,147874,46858,116,651,271,81,73,Health_Program
P22_25,2021,Q2,Assam,Guwahati,Maternal Health,Assam NRHM,335004,28230,201,1657,752,197,69,Health_Program
P22_26,2018,Q1,Kerala,Kochi,TB Control,CARE India,264679,47504,146,370,674,131,85,Health_Program
P22_27,2021,Q1,Rajasthan,Jodhpur,Malaria Control,Punjab Health Mission,351362,32011,183,4021,760,35,71,Health_Program
P22_28,2021,Q4,Odisha,Cuttack,Malaria Control,CARE India,200762,41472,70,896,212,119,65,Health_Program
P22_29,2021,Q4,Assam,Dibrugarh,Maternal Health,Assam NRHM,216111,19390,56,4750,231,70,89,Health_Program
P22_30,2019,Q3,Odisha,Cuttack,Malaria Control,Assam NRHM,378833,40948,64,1398,83,2,60,Health_Program
P22_31,2020,Q1,Odisha,Puri,Nutrition Program,CARE India,277593,23089,75,2696,300,180,68,Health_Program
P22_32,2019,Q3,Rajasthan,Udaipur,TB Control,Punjab Health Mission,144771,30361,91,2037,509,172,71,Health_Program
P22_33,2020,Q4,Rajasthan,Udaipur,Child Immunization,CARE India,282791,26346,59,519,268,174,77,Health_Program
P22_34,2020,Q4,Rajasthan,Jaipur,Maternal Health,Punjab Health Mission,189909,13266,186,1536,430,38,71,Health_Program
P22_35,2019,Q4,Assam,Dibrugarh,Child Immunization,Punjab Health Mission,101558,35215,109,3797,273,157,92,Health_Program
P22_36,2021,Q3,Kerala,Kozhikode,Malaria Control,UNICEF India,211145,46613,108,3160,391,111,89,Health_Program
P22_37,2018,Q2,Kerala,Kozhikode,TB Control,UNICEF India,347574,36877,159,2309,346,83,70,Health_Program
P22_38,2018,Q4,Kerala,Kochi,Malaria Control,Punjab Health Mission,223754,41393,198,1659,661,11,67,Health_Program
P22_39,2019,Q1,Kerala,Kozhikode,TB Control,UNICEF India,260541,22663,88,344,549,164,97,Health_Program
P22_40,2018,Q2,Kerala,Kozhikode,Nutrition Program,NHM Odisha,390111,8299,173,1145,653,195,78,Health_Program
P22_41,2020,Q2,Kerala,Kochi,Child Immunization,Punjab Health Mission,44734,31747,238,1958,278,155,81,Health_Program
P22_42,2020,Q2,Kerala,Kochi,Malaria Control,UNICEF India,265548,19092,216,3196,252,39,82,Health_Program
P22_43,2019,Q1,Kerala,Kozhikode,TB Control,Assam NRHM,72629,6529,60,2523,713,188,79,Health_Program
P22_44,2021,Q1,Odisha,Puri,Nutrition Program,Kerala Health Department,138719,12901,245,3126,454,1,75,Health_Program
P22_45,2021,Q3,Punjab,Amritsar,TB Control,NHM Odisha,68765,49469,205,3264,558,4,67,Health_Program
P22_46,2019,Q3,Rajasthan,Jodhpur,Nutrition Program,Kerala Health Department,384782,49719,163,187,615,142,67,Health_Program
P22_47,2020,Q4,Kerala,Kochi,Maternal Health,Punjab Health Mission,268086,41169,58,4487,322,179,98,Health_Program
P22_48,2021,Q4,Kerala,Kochi,Malaria Control,Assam NRHM,224252,41605,174,416,668,9,80,Health_Program
P22_49,2018,Q4,Rajasthan,Udaipur,Child Immunization,Punjab Health Mission,349155,14520,154,4691,791,112,68,Health_Program
P22_50,2018,Q2,Odisha,Puri,Nutrition Program,NHM Odisha,364198,42604,172,3278,573,11,66,Health_Program
P22_51,2020,Q4,Assam,Dibrugarh,Malaria Control,NHM Odisha,198246,44126,179,1184,764,67,77,Health_Program
P22_52,2019,Q1,Assam,Dibrugarh,Maternal Health,UNICEF India,230740,48784,106,4044,167,44,79,Health_Program
P22_53,2018,Q2,Punjab,Amritsar,Malaria Control,Kerala Health Department,167450,12138,50,812,211,43,90,Health_Program
P22_54,2018,Q3,Odisha,Bhubaneswar,Malaria Control,Assam NRHM,203153,13415,212,641,547,172,61,Health_Program
P22_55,2019,Q4,Assam,Dibrugarh,Nutrition Program,State Health Society Rajasthan,337477,36588,125,2960,127,134,83,Health_Program
P22_56,2019,Q3,Kerala,Kozhikode,TB Control,UNICEF India,263247,38937,181,2074,687,16,77,Health_Program
P22_57,2018,Q4,Odisha,Bhubaneswar,TB Control,State Health Society Rajasthan,46586,49877,58,243,366,51,82,Health_Program
P22_58,2020,Q1,Assam,Silchar,Nutrition Program,NHM Odisha,296213,8990,53,4623,102,43,77,Health_Program
P22_59,2020,Q2,Kerala,Kozhikode,Malaria Control,Assam NRHM,56132,12183,202,986,139,40,78,Health_Program
P22_60,2020,Q2,Punjab,Patiala,Malaria Control,Assam NRHM,267823,7148,228,3495,316,52,61,Health_Program
P22_61,2021,Q1,Rajasthan,Jaipur,Malaria Control,NHM Odisha,251782,24521,72,2004,657,140,86,Health_Program
P22_62,2019,Q3,Odisha,Puri,Malaria Control,Punjab Health Mission,368715,16214,35,3888,448,165,98,Health_Program
P22_63,2021,Q4,Kerala,Kozhikode,Malaria Control,State Health Society Rajasthan,196541,33462,109,4683,115,162,85,Health_Program
P22_64,2021,Q2,Odisha,Cuttack,Child Immunization,UNICEF India,126076,13856,223,2117,472,64,61,Health_Program
P22_65,2019,Q4,Assam,Guwahati,Malaria Control,CARE India,298916,15066,67,565,625,80,92,Health_Program
P22_66,2020,Q3,Assam,Dibrugarh,Child Immunization,UNICEF India,223571,38170,224,4057,537,23,65,Health_Program
P22_67,2019,Q4,Punjab,Patiala,Nutrition Program,Kerala Health Department,68724,21367,79,3220,549,181,72,Health_Program
P22_68,2021,Q3,Kerala,Kochi,TB Control,State Health Society Rajasthan,275906,48315,160,2584,417,59,72,Health_Program
P22_69,2018,Q2,Kerala,Thrissur,TB Control,Assam NRHM,290964,7706,128,1392,492,171,66,Health_Program
P22_70,2019,Q4,Assam,Silchar,Child Immunization,State Health Society Rajasthan,80744,47949,168,1153,321,188,94,Health_Program
P22_71,2019,Q4,Assam,Silchar,Malaria Control,Punjab Health Mission,114857,10925,27,2627,367,134,97,Health_Program
P22_72,2021,Q2,Kerala,Thrissur,Child Immunization,UNICEF India,226764,8482,221,2612,264,107,61,Health_Program
P22_73,2021,Q2,Punjab,Amritsar,Maternal Health,Assam NRHM,388352,21265,181,2856,638,74,86,Health_Program
P22_74,2020,Q1,Assam,Dibrugarh,Child Immunization,Punjab Health Mission,42278,17384,134,432,109,130,85,Health_Program
P22_75,2018,Q3,Punjab,Patiala,TB Control,CARE India,69819,20470,125,2186,367,20,67,Health_Program
P22_76,2018,Q4,Punjab,Amritsar,TB Control,UNICEF India,290126,45233,146,282,414,16,79,Health_Program
P22_77,2019,Q3,Assam,Guwahati,Child Immunization,Kerala Health Department,174102,30382,144,2068,166,171,64,Health_Program
P22_78,2018,Q4,Rajasthan,Jodhpur,TB Control,NHM Odisha,385531,6433,98,4657,322,99,96,Health_Program
P22_79,2021,Q1,Odisha,Puri,Maternal Health,UNICEF India,365859,34365,195,3386,411,194,86,Health_Program
P22_80,2018,Q1,Assam,Silchar,Malaria Control,Assam NRHM,332517,11911,27,4189,381,164,92,Health_Program
P22_81,2019,Q4,Odisha,Puri,Nutrition Program,State Health Society Rajasthan,161206,32893,47,4895,167,149,85,Health_Program
P22_82,2021,Q3,Odisha,Puri,Maternal Health,Punjab Health Mission,162115,47946,235,2346,360,130,92,Health_Program
P22_83,2021,Q3,Odisha,Cuttack,Child Immunization,Kerala Health Department,143029,36405,30,721,650,73,95,Health_Program
P22_84,2019,Q4,Assam,Silchar,TB Control,Punjab Health Mission,226535,5216,51,2243,285,133,68,Health_Program
P22_85,2019,Q4,Rajasthan,Jaipur,Maternal Health,UNICEF India,232902,17416,172,226,701,167,70,Health_Program
P22_86,2020,Q3,Punjab,Ludhiana,Nutrition Program,State Health Society Rajasthan,223600,41089,160,4043,167,131,98,Health_Program
P22_87,2018,Q4,Odisha,Cuttack,Malaria Control,CARE India,386749,30315,48,3843,757,104,76,Health_Program
P22_88,2021,Q3,Punjab,Ludhiana,Child Immunization,CARE India,113941,34003,196,2530,527,31,82,Health_Program
P22_89,2019,Q1,Odisha,Puri,Child Immunization,UNICEF India,330679,38466,54,235,619,129,79,Health_Program
P22_90,2019,Q2,Rajasthan,Udaipur,Maternal Health,Punjab Health Mission,302420,16575,87,1134,544,188,89,Health_Program
P22_91,2019,Q2,Rajasthan,Udaipur,Nutrition Program,Assam NRHM,105437,11052,52,4584,707,170,90,Health_Program
P22_92,2021,Q1,Odisha,Bhubaneswar,Nutrition Program,Punjab Health Mission,121303,25589,35,814,667,63,91,Health_Program
P22_93,2018,Q2,Rajasthan,Udaipur,Nutrition Program,NHM Odisha,300182,36419,129,4305,120,29,96,Health_Program
P22_94,2018,Q4,Rajasthan,Jodhpur,Nutrition Program,Punjab Health Mission,66567,36564,248,430,458,40,78,Health_Program
P22_95,2021,Q1,Rajasthan,Jodhpur,TB Control,State Health Society Rajasthan,362470,10418,167,913,696,43,73,Health_Program
P22_96,2020,Q3,Rajasthan,Jaipur,Maternal Health,Assam NRHM,74773,19792,238,3570,749,184,77,Health_Program
P22_97,2019,Q2,Assam,Silchar,Nutrition Program,NHM Odisha,155274,44090,160,4074,735,133,76,Health_Program
P22_98,2021,Q3,Punjab,Patiala,Malaria Control,Kerala Health Department,51525,42730,80,2790,119,36,85,Health_Program
P22_99,2021,Q2,Kerala,Kochi,TB Control,CARE India,312111,31046,140,3681,578,51,93,Health_Program
P22_100,2019,Q3,Punjab,Amritsar,Child Immunization,Kerala Health Department,332087,6549,38,2044,662,118,68,Health_Program
P22_101,2018,Q3,Assam,Silchar,Malaria Control,NHM Odisha,51808,34142,194,2422,741,142,64,Health_Program
P22_102,2021,Q1,Odisha,Bhubaneswar,TB Control,UNICEF India,121110,8720,159,1597,785,111,95,Health_Program
P22_103,2021,Q1,Odisha,Puri,Maternal Health,Punjab Health Mission,76901,22498,250,2639,596,170,66,Health_Program
P22_104,2018,Q1,Rajasthan,Jaipur,Malaria Control,Kerala Health Department,245180,13299,131,4045,232,23,70,Health_Program
P22_105,2021,Q2,Odisha,Puri,Nutrition Program,Kerala Health Department,92053,7199,71,2749,546,37,62,Health_Program
P22_106,2020,Q2,Assam,Silchar,TB Control,NHM Odisha,340374,13732,234,1099,787,167,77,Health_Program
P22_107,2021,Q2,Punjab,Ludhiana,Nutrition Program,UNICEF India,353791,48258,164,1121,720,24,87,Health_Program
P22_108,2018,Q3,Punjab,Ludhiana,Child Immunization,NHM Odisha,390913,49247,150,2922,743,101,79,Health_Program
P22_109,2021,Q3,Assam,Guwahati,Nutrition Program,NHM Odisha,367782,29964,117,156,349,66,96,Health_Program
P22_110,2018,Q1,Punjab,Ludhiana,Maternal Health,CARE India,290674,24843,103,721,205,12,91,Health_Program
P22_111,2020,Q2,Punjab,Patiala,Malaria Control,CARE India,168951,34552,242,758,461,0,80,Health_Program
P22_112,2018,Q1,Odisha,Bhubaneswar,Malaria Control,Punjab Health Mission,318312,44838,237,4366,684,44,75,Health_Program
P22_113,2021,Q1,Odisha,Cuttack,Nutrition Program,State Health Society Rajasthan,69151,10638,50,3716,704,20,81,Health_Program
P22_114,2019,Q2,Odisha,Puri,Maternal Health,State Health Society Rajasthan,297533,48217,72,2758,494,97,85,Health_Program
P22_115,2020,Q1,Punjab,Ludhiana,Malaria Control,CARE India,383873,7925,70,2345,81,123,85,Health_Program
P22_116,2019,Q1,Rajasthan,Jodhpur,Nutrition Program,NHM Odisha,111935,20145,71,1615,777,85,62,Health_Program
P22_117,2018,Q3,Punjab,Ludhiana,Maternal Health,State Health Society Rajasthan,108570,26509,39,3855,765,123,71,Health_Program
P22_118,2020,Q4,Punjab,Amritsar,TB Control,Kerala Health Department,335275,7295,144,2625,83,54,98,Health_Program
P22_119,2020,Q3,Punjab,Ludhiana,Malaria Control,CARE India,200198,23237,126,2350,286,12,84,Health_Program
P22_120,2019,Q4,Kerala,Thrissur,TB Control,Punjab Health Mission,133712,6517,51,3631,313,40,78,Health_Program
P22_121,2019,Q3,Odisha,Puri,Child Immunization,State Health Society Rajasthan,393051,41216,130,4812,679,21,92,Health_Program
P22_122,2019,Q3,Punjab,Patiala,Maternal Health,Assam NRHM,132257,42223,56,1197,693,72,75,Health_Program
P22_123,2021,Q4,Kerala,Kochi,Malaria Control,UNICEF India,186388,29526,68,3786,735,21,72,Health_Program
P22_124,2019,Q1,Rajasthan,Jodhpur,Nutrition Program,Kerala Health Department,116701,45769,204,788,770,149,75,Health_Program
P22_125,2018,Q1,Punjab,Patiala,Nutrition Program,Punjab Health Mission,46346,24677,32,2315,665,67,95,Health_Program
P22_126,2021,Q3,Rajasthan,Jodhpur,Maternal Health,State Health Society Rajasthan,395788,38889,41,2396,205,153,83,Health_Program
P22_127,2019,Q3,Kerala,Kochi,Malaria Control,Assam NRHM,261670,17593,170,3498,149,176,74,Health_Program
P22_128,2021,Q2,Punjab,Amritsar,Child Immunization,Assam NRHM,299506,24582,36,4998,256,104,71,Health_Program
P22_129,2018,Q2,Kerala,Kozhikode,Malaria Control,Assam NRHM,200585,31065,237,3881,332,112,67,Health_Program
P22_130,2021,Q1,Rajasthan,Jaipur,Maternal Health,Punjab Health Mission,94231,17362,45,4921,371,157,63,Health_Program
P22_131,2018,Q3,Punjab,Patiala,Maternal Health,State Health Society Rajasthan,84712,40555,86,4058,147,148,95,Health_Program
P22_132,2021,Q4,Kerala,Kozhikode,TB Control,NHM Odisha,181873,37476,159,629,354,132,71,Health_Program
P22_133,2018,Q4,Kerala,Kozhikode,TB Control,State Health Society Rajasthan,70785,39521,133,4789,87,104,61,Health_Program
P22_134,2020,Q4,Assam,Guwahati,Nutrition Program,State Health Society Rajasthan,279101,44430,159,1085,463,198,96,Health_Program
P22_135,2019,Q4,Assam,Silchar,Child Immunization,Assam NRHM,239514,42599,234,4224,268,195,66,Health_Program
P22_136,2018,Q1,Punjab,Patiala,Child Immunization,Assam NRHM,306080,24355,241,1080,271,10,73,Health_Program
P22_137,2018,Q3,Rajasthan,Jaipur,Maternal Health,Punjab Health Mission,188511,30961,164,3613,181,92,68,Health_Program
P22_138,2020,Q4,Odisha,Bhubaneswar,Child Immunization,UNICEF India,60813,38944,149,1178,59,24,95,Health_Program
P22_139,2020,Q1,Kerala,Kochi,Nutrition Program,Kerala Health Department,106460,6106,233,3777,530,166,98,Health_Program
P22_140,2021,Q3,Rajasthan,Jodhpur,TB Control,UNICEF India,351461,12822,206,2098,718,7,62,Health_Program
P22_141,2019,Q1,Kerala,Thrissur,Malaria Control,Punjab Health Mission,95198,33914,91,1254,612,10,74,Health_Program
P22_142,2021,Q1,Kerala,Thrissur,Maternal Health,NHM Odisha,68402,28159,217,2353,355,179,65,Health_Program
P22_143,2019,Q3,Kerala,Kochi,Maternal Health,Punjab Health Mission,243386,25675,58,1378,585,68,61,Health_Program
P22_144,2020,Q3,Kerala,Kozhikode,Malaria Control,State Health Society Rajasthan,135477,33379,53,759,352,13,85,Health_Program
P22_145,2020,Q4,Kerala,Kozhikode,Maternal Health,UNICEF India,354530,30569,40,1796,521,12,87,Health_Program
P22_146,2019,Q2,Punjab,Ludhiana,Child Immunization,NHM Odisha,60175,16348,60,115,354,107,89,Health_Program
P22_147,2019,Q3,Kerala,Kozhikode,Maternal Health,Kerala Health Department,265079,41570,21,3701,581,21,72,Health_Program
P22_148,2021,Q1,Punjab,Patiala,Malaria Control,NHM Odisha,62532,25257,38,3242,281,159,88,Health_Program
P22_149,2018,Q3,Punjab,Patiala,TB Control,State Health Society Rajasthan,115101,41955,139,2398,460,157,66,Health_Program
P22_150,2021,Q2,Assam,Silchar,Nutrition Program,Punjab Health Mission,307098,21148,169,4965,700,72,92,Health_Program
P22_151,2021,Q4,Rajasthan,Udaipur,Malaria Control,NHM Odisha,363043,15107,118,913,791,108,76,Health_Program
P22_152,2020,Q3,Odisha,Puri,Maternal Health,CARE India,324185,10949,230,4077,225,83,79,Health_Program
P22_153,2019,Q3,Kerala,Kochi,Malaria Control,Kerala Health Department,240392,5506,61,632,489,80,89,Health_Program
P22_154,2018,Q4,Odisha,Cuttack,Maternal Health,NHM Odisha,296138,8081,174,2506,568,142,78,Health_Program
P22_155,2021,Q4,Punjab,Amritsar,Child Immunization,Kerala Health Department,240556,13546,188,1580,562,179,77,Health_Program
P22_156,2020,Q2,Odisha,Bhubaneswar,Nutrition Program,State Health Society Rajasthan,377947,29529,215,4203,559,136,75,Health_Program
P22_157,2021,Q2,Punjab,Patiala,TB Control,Punjab Health Mission,137344,41056,56,3330,648,138,80,Health_Program
P22_158,2019,Q3,Kerala,Kochi,Maternal Health,NHM Odisha,361051,28962,85,3095,520,175,78,Health_Program
P22_159,2019,Q2,Punjab,Patiala,TB Control,NHM Odisha,304700,45852,154,1099,251,141,88,Health_Program
P22_160,2020,Q2,Odisha,Cuttack,Maternal Health,State Health Society Rajasthan,121774,7933,168,3405,780,200,87,Health_Program
P22_161,2020,Q2,Kerala,Thrissur,TB Control,Kerala Health Department,94365,19857,191,1500,637,87,70,Health_Program
P22_162,2019,Q4,Odisha,Puri,Child Immunization,NHM Odisha,158310,47923,46,1148,687,92,62,Health_Program
P22_163,2019,Q2,Odisha,Puri,Child Immunization,Assam NRHM,392250,38263,55,3321,758,95,62,Health_Program
P22_164,2021,Q4,Odisha,Puri,Malaria Control,UNICEF India,210382,47878,148,1358,318,115,85,Health_Program
P22_165,2019,Q1,Assam,Dibrugarh,Maternal Health,State Health Society Rajasthan,395306,32377,177,3287,317,73,74,Health_Program
P22_166,2021,Q4,Punjab,Patiala,Maternal Health,State Health Society Rajasthan,129544,48100,158,4703,683,130,95,Health_Program
P22_167,2019,Q2,Kerala,Thrissur,Maternal Health,Kerala Health Department,306638,34679,175,1270,306,33,96,Health_Program
P22_168,2021,Q4,Assam,Silchar,TB Control,Assam NRHM,294710,7160,94,1641,137,64,86,Health_Program
P22_169,2021,Q3,Assam,Dibrugarh,Malaria Control,Kerala Health Department,376222,33271,61,1295,142,188,97,Health_Program
P22_170,2018,Q4,Rajasthan,Udaipur,Nutrition Program,UNICEF India,109316,31549,173,619,444,194,77,Health_Program
P22_171,2019,Q1,Assam,Dibrugarh,Child Immunization,CARE India,287638,49869,216,2757,337,46,92,Health_Program
P22_172,2021,Q4,Kerala,Thrissur,Nutrition Program,NHM Odisha,206824,10712,72,1446,700,72,85,Health_Program
P22_173,2020,Q4,Kerala,Kochi,Child Immunization,State Health Society Rajasthan,83961,32952,131,1369,595,118,62,Health_Program
P22_174,2018,Q4,Kerala,Kozhikode,TB Control,Kerala Health Department,182896,21348,147,3742,257,2,78,Health_Program
P22_175,2020,Q4,Kerala,Thrissur,Child Immunization,Kerala Health Department,260707,37991,189,4934,169,121,87,Health_Program
P22_176,2020,Q4,Punjab,Amritsar,Child Immunization,CARE India,269218,8397,194,4552,519,163,60,Health_Program
P22_177,2019,Q1,Punjab,Patiala,Maternal Health,Punjab Health Mission,203207,20823,203,2309,203,14,80,Health_Program
P22_178,2019,Q4,Rajasthan,Udaipur,Nutrition Program,Assam NRHM,278481,6874,75,2646,349,200,89,Health_Program
P22_179,2020,Q2,Assam,Guwahati,Maternal Health,NHM Odisha,83006,35370,208,3586,88,40,90,Health_Program
P23_0,2020,Q3,Rajasthan,Jodhpur,Child Immunization,State Health Society Rajasthan,162020,34026,93,4499,406,70,91,Health_Program
P23_1,2021,Q1,Odisha,Bhubaneswar,Malaria Control,Kerala Health Department,195040,14066,124,2299,696,176,74,Health_Program
P23_2,2022,Q4,Punjab,Ludhiana,Nutrition Program,NHM Odisha,397351,23408,58,1203,351,197,70,Health_Program
P23_3,2020,Q3,Odisha,Puri,Nutrition Program,Assam NRHM,225484,48335,128,3519,545,151,92,Health_Program
P23_4,2023,Q4,Punjab,Amritsar,Malaria Control,Kerala Health Department,59067,32245,53,637,367,59,64,Health_Program
P23_5,2020,Q4,Kerala,Kochi,Nutrition Program,Assam NRHM,238616,48117,61,3161,305,174,82,Health_Program
P23_6,2023,Q4,Assam,Guwahati,Child Immunization,CARE India,53506,29413,224,3154,253,21,87,Health_Program
P23_7,2022,Q1,Kerala,Thrissur,Maternal Health,Assam NRHM,334099,46632,59,4231,389,6,96,Health_Program
P23_8,2022,Q4,Assam,Dibrugarh,Maternal Health,State Health Society Rajasthan,213840,22437,155,2526,249,184,85,Health_Program
P23_9,2021,Q3,Punjab,Ludhiana,TB Control,Kerala Health Department,178518,47936,242,2700,553,150,78,Health_Program
P23_10,2020,Q3,Odisha,Bhubaneswar,Malaria Control,UNICEF India,335171,28503,175,896,450,98,84,Health_Program
P23_11,2023,Q4,Odisha,Cuttack,Maternal Health,Punjab Health Mission,40563,41209,29,2664,563,197,77,Health_Program
P23_12,2020,Q1,Assam,Dibrugarh,Nutrition Program,UNICEF India,288874,28385,149,3831,723,97,85,Health_Program
P23_13,2023,Q1,Kerala,Thrissur,Maternal Health,Punjab Health Mission,293743,31426,153,4198,305,1,60,Health_Program
P23_14,2021,Q1,Odisha,Bhubaneswar,Malaria Control,Assam NRHM,108918,15073,37,1359,760,50,73,Health_Program
P23_15,2020,Q4,Assam,Dibrugarh,Malaria Control,Punjab Health Mission,49664,17954,206,2701,299,98,73,Health_Program
P23_16,2022,Q3,Rajasthan,Udaipur,TB Control,CARE India,85465,12047,158,1259,376,189,62,Health_Program
P23_17,2020,Q4,Assam,Guwahati,Maternal Health,Assam NRHM,386923,35819,120,2219,324,128,78,Health_Program
P23_18,2021,Q4,Kerala,Kochi,Maternal Health,NHM Odisha,338763,11745,164,2915,782,62,89,Health_Program
P23_19,2021,Q4,Assam,Guwahati,Nutrition Program,Kerala Health Department,166693,24192,152,4476,640,82,89,Health_Program
P23_20,2020,Q2,Assam,Silchar,TB Control,Assam NRHM,186246,14076,181,966,241,102,87,Health_Program
P23_21,2022,Q1,Kerala,Kozhikode,Child Immunization,NHM Odisha,113662,21704,116,169,484,25,87,Health_Program
P23_22,2020,Q4,Rajasthan,Jaipur,Nutrition Program,Kerala Health Department,210204,9060,177,4225,166,133,66,Health_Program
P23_23,2020,Q4,Kerala,Thrissur,Malaria Control,CARE India,86447,44837,192,339,545,20,91,Health_Program
P23_24,2021,Q1,Odisha,Cuttack,Malaria Control,Kerala Health Department,50473,5181,196,982,665,127,87,Health_Program
P23_25,2021,Q1,Kerala,Thrissur,Nutrition Program,CARE India,367390,18973,57,4093,224,6,78,Health_Program
P23_26,2023,Q2,Kerala,Thrissur,Maternal Health,NHM Odisha,220758,9812,84,1877,443,45,76,Health_Program
P23_27,2020,Q4,Assam,Dibrugarh,Maternal Health,Punjab Health Mission,94568,41067,164,1212,319,49,82,Health_Program
P23_28,2020,Q2,Assam,Silchar,Nutrition Program,CARE India,298310,21161,117,564,459,124,82,Health_Program
P23_29,2023,Q1,Rajasthan,Udaipur,Malaria Control,Kerala Health Department,138581,40249,167,3358,143,189,67,Health_Program
P23_30,2023,Q4,Assam,Guwahati,Nutrition Program,Punjab Health Mission,319962,48232,248,2411,486,139,87,Health_Program
P23_31,2023,Q1,Assam,Silchar,Malaria Control,NHM Odisha,257689,21125,123,3004,774,175,66,Health_Program
P23_32,2020,Q1,Assam,Dibrugarh,Nutrition Program,NHM Odisha,386417,36068,56,3368,494,132,94,Health_Program
P23_33,2023,Q2,Odisha,Puri,Child Immunization,Assam NRHM,94033,8445,85,4388,142,96,92,Health_Program
P23_34,2022,Q4,Kerala,Kozhikode,Malaria Control,NHM Odisha,160897,35344,232,1782,136,99,69,Health_Program
P23_35,2021,Q3,Odisha,Bhubaneswar,Malaria Control,NHM Odisha,351051,5319,65,2732,417,161,85,Health_Program
P23_36,2023,Q2,Odisha,Bhubaneswar,TB Control,Kerala Health Department,168978,12558,217,4364,716,105,63,Health_Program
P23_37,2021,Q3,Punjab,Ludhiana,Malaria Control,UNICEF India,220929,18902,29,3128,566,151,69,Health_Program
P23_38,2021,Q3,Rajasthan,Udaipur,Malaria Control,Assam NRHM,367051,45996,195,2323,582,55,79,Health_Program
P23_39,2023,Q1,Kerala,Kozhikode,Child Immunization,Kerala Health Department,102246,12506,234,502,83,17,95,Health_Program
P23_40,2022,Q3,Assam,Dibrugarh,Child Immunization,CARE India,74100,34044,178,966,154,152,73,Health_Program
P23_41,2022,Q1,Odisha,Puri,Malaria Control,NHM Odisha,41327,14731,238,4660,87,109,73,Health_Program
P23_42,2023,Q4,Punjab,Amritsar,Malaria Control,UNICEF India,115324,47873,121,813,365,50,81,Health_Program
P23_43,2021,Q2,Rajasthan,Udaipur,Nutrition Program,Kerala Health Department,208652,40492,209,3514,617,69,84,Health_Program
P23_44,2021,Q2,Odisha,Puri,TB Control,NHM Odisha,293065,42967,182,4375,183,90,98,Health_Program
P23_45,2021,Q2,Odisha,Cuttack,Maternal Health,Kerala Health Department,182951,29972,38,1484,380,6,85,Health_Program
P23_46,2023,Q3,Rajasthan,Jaipur,Maternal Health,UNICEF India,164079,36133,57,3761,279,106,98,Health_Program
P23_47,2022,Q2,Kerala,Kozhikode,Maternal Health,Kerala Health Department,352045,48634,176,1296,789,189,83,Health_Program
P23_48,2021,Q4,Assam,Dibrugarh,Child Immunization,Kerala Health Department,191368,14615,138,1773,567,80,73,Health_Program
P23_49,2023,Q3,Assam,Dibrugarh,Maternal Health,UNICEF India,71251,42340,118,1790,235,70,98,Health_Program
P23_50,2023,Q1,Kerala,Kozhikode,TB Control,UNICEF India,87132,11566,146,1797,409,182,67,Health_Program
P23_51,2022,Q2,Punjab,Amritsar,TB Control,CARE India,383537,38551,38,4348,314,60,81,Health_Program
P23_52,2022,Q1,Kerala,Thrissur,Nutrition Program,CARE India,41403,29715,245,205,438,85,65,Health_Program
P23_53,2023,Q4,Assam,Dibrugarh,Malaria Control,UNICEF India,91424,26787,203,3047,300,123,83,Health_Program
P23_54,2022,Q1,Punjab,Ludhiana,Child Immunization,State Health Society Rajasthan,333509,13454,128,3814,143,77,69,Health_Program
P23_55,2022,Q1,Punjab,Amritsar,TB Control,Punjab Health Mission,382149,31137,194,1067,364,2,81,Health_Program
P23_56,2020,Q2,Rajasthan,Udaipur,Child Immunization,NHM Odisha,108375,37581,52,143,503,102,98,Health_Program
P23_57,2021,Q2,Kerala,Kochi,Maternal Health,State Health Society Rajasthan,45200,18676,156,1097,729,199,75,Health_Program
P23_58,2021,Q2,Punjab,Patiala,Nutrition Program,UNICEF India,81108,35548,173,3283,666,126,90,Health_Program
P23_59,2020,Q4,Assam,Silchar,TB Control,Assam NRHM,384578,20819,244,2670,778,176,75,Health_Program
P23_60,2023,Q4,Odisha,Cuttack,Child Immunization,State Health Society Rajasthan,151129,40773,43,1471,310,51,72,Health_Program
P23_61,2023,Q1,Rajasthan,Jaipur,TB Control,Assam NRHM,151627,31787,56,2270,514,170,88,Health_Program
P23_62,2022,Q4,Kerala,Kozhikode,TB Control,State Health Society Rajasthan,244734,15794,66,1606,83,40,94,Health_Program
P23_63,2023,Q1,Assam,Guwahati,Child Immunization,UNICEF India,193390,35194,212,2655,364,130,74,Health_Program
P23_64,2021,Q4,Punjab,Amritsar,Child Immunization,UNICEF India,254510,11204,158,1433,272,118,90,Health_Program
P23_65,2022,Q3,Rajasthan,Udaipur,Maternal Health,State Health Society Rajasthan,334300,38548,165,285,719,58,94,Health_Program
P23_66,2022,Q1,Assam,Guwahati,Child Immunization,NHM Odisha,293036,39695,138,786,602,76,64,Health_Program
P23_67,2022,Q1,Assam,Guwahati,Child Immunization,NHM Odisha,378297,43757,202,1264,608,186,73,Health_Program
P23_68,2023,Q3,Assam,Silchar,Maternal Health,NHM Odisha,298552,14244,169,3157,67,21,84,Health_Program
P23_69,2023,Q2,Kerala,Kochi,TB Control,State Health Society Rajasthan,171195,35250,206,995,171,63,90,Health_Program
P23_70,2020,Q3,Kerala,Kochi,Nutrition Program,UNICEF India,396792,31756,175,207,397,142,95,Health_Program
P23_71,2022,Q2,Kerala,Kochi,Malaria Control,State Health Society Rajasthan,272267,28373,141,4286,214,148,80,Health_Program
P23_72,2020,Q3,Assam,Dibrugarh,TB Control,Kerala Health Department,108731,45245,243,4204,306,115,94,Health_Program
P23_73,2022,Q2,Assam,Dibrugarh,TB Control,State Health Society Rajasthan,307208,5245,109,1002,92,17,62,Health_Program
P23_74,2021,Q4,Odisha,Bhubaneswar,Nutrition Program,UNICEF India,292142,26874,92,3267,559,139,63,Health_Program
P23_75,2023,Q3,Punjab,Amritsar,Maternal Health,UNICEF India,341702,48773,209,2303,199,110,65,Health_Program
P23_76,2022,Q3,Odisha,Cuttack,Malaria Control,Kerala Health Department,323690,28641,201,930,149,26,61,Health_Program
P23_77,2023,Q4,Punjab,Amritsar,Maternal Health,NHM Odisha,136773,48997,218,1762,234,31,84,Health_Program
P23_78,2020,Q3,Odisha,Puri,Maternal Health,CARE India,370668,10784,128,220,557,57,74,Health_Program
P23_79,2023,Q2,Rajasthan,Jodhpur,Malaria Control,Assam NRHM,182723,5560,71,3227,752,126,87,Health_Program
P23_80,2022,Q2,Rajasthan,Jaipur,Maternal Health,Kerala Health Department,232641,42458,190,2154,241,136,61,Health_Program
P23_81,2021,Q2,Rajasthan,Jodhpur,Maternal Health,Punjab Health Mission,310272,37776,45,1633,603,169,93,Health_Program
P23_82,2022,Q1,Assam,Silchar,Nutrition Program,CARE India,140709,9907,65,4225,372,145,72,Health_Program
P23_83,2023,Q3,Odisha,Puri,Child Immunization,Assam NRHM,175232,25105,180,4862,87,168,87,Health_Program
P23_84,2020,Q4,Rajasthan,Jaipur,Maternal Health,Punjab Health Mission,313981,22664,154,3021,331,70,81,Health_Program
P23_85,2022,Q3,Rajasthan,Jodhpur,Maternal Health,UNICEF India,392031,6825,176,1387,172,32,74,Health_Program
P23_86,2021,Q2,Kerala,Thrissur,Nutrition Program,CARE India,351852,29929,149,1317,731,170,92,Health_Program
P23_87,2022,Q3,Rajasthan,Udaipur,TB Control,Punjab Health Mission,52726,23524,224,3764,576,99,71,Health_Program
P23_88,2022,Q3,Rajasthan,Udaipur,TB Control,Assam NRHM,254806,39253,246,4276,575,188,69,Health_Program
P23_89,2021,Q2,Odisha,Puri,TB Control,NHM Odisha,290275,45403,87,669,510,36,82,Health_Program
P23_90,2020,Q1,Punjab,Amritsar,Nutrition Program,Assam NRHM,362398,11967,160,4272,352,31,73,Health_Program
P23_91,2020,Q2,Rajasthan,Jodhpur,Malaria Control,State Health Society Rajasthan,394308,49131,28,1863,380,149,95,Health_Program
P23_92,2021,Q2,Odisha,Puri,Child Immunization,Punjab Health Mission,99863,28546,235,1426,105,116,96,Health_Program
P23_93,2022,Q1,Odisha,Cuttack,TB Control,State Health Society Rajasthan,327914,13604,124,1816,733,129,71,Health_Program
P23_94,2021,Q2,Odisha,Bhubaneswar,Nutrition Program,NHM Odisha,276669,47740,131,3196,611,57,93,Health_Program
P23_95,2021,Q4,Rajasthan,Jaipur,Child Immunization,Kerala Health Department,318462,46024,195,3080,238,18,83,Health_Program
P23_96,2021,Q1,Punjab,Ludhiana,Child Immunization,CARE India,254688,18325,88,2999,753,185,91,Health_Program
P23_97,2020,Q3,Assam,Silchar,Maternal Health,Kerala Health Department,247517,11883,40,1935,278,69,85,Health_Program
P23_98,2020,Q2,Rajasthan,Jaipur,Nutrition Program,NHM Odisha,51811,32905,191,4055,352,161,92,Health_Program
P23_99,2020,Q1,Assam,Guwahati,Malaria Control,Assam NRHM,322068,28918,60,2137,557,60,88,Health_Program
P23_100,2023,Q2,Punjab,Ludhiana,TB Control,Kerala Health Department,352815,12256,45,1332,765,3,96,Health_Program
P23_101,2021,Q3,Assam,Silchar,Maternal Health,Punjab Health Mission,278945,33584,36,2894,222,152,74,Health_Program
P23_102,2021,Q1,Kerala,Kozhikode,Maternal Health,Punjab Health Mission,59812,39030,37,4732,388,199,67,Health_Program
P23_103,2020,Q2,Assam,Silchar,TB Control,UNICEF India,192826,34035,97,4945,619,22,68,Health_Program
P23_104,2020,Q3,Kerala,Kochi,Maternal Health,UNICEF India,276663,11421,160,2719,201,103,83,Health_Program
P23_105,2021,Q4,Odisha,Bhubaneswar,TB Control,Kerala Health Department,160060,22062,170,562,236,108,82,Health_Program
P23_106,2022,Q2,Assam,Dibrugarh,Malaria Control,Assam NRHM,220220,41577,238,921,644,24,68,Health_Program
P23_107,2021,Q1,Rajasthan,Jaipur,Nutrition Program,State Health Society Rajasthan,113411,5095,23,1087,432,7,82,Health_Program
P23_108,2022,Q3,Punjab,Amritsar,Malaria Control,UNICEF India,121416,19301,197,2112,179,52,80,Health_Program
P23_109,2020,Q1,Odisha,Bhubaneswar,Nutrition Program,State Health Society Rajasthan,260890,41965,198,1156,752,104,73,Health_Program
P23_110,2020,Q1,Kerala,Thrissur,Malaria Control,State Health Society Rajasthan,159296,25245,51,2821,233,46,71,Health_Program
P23_111,2021,Q4,Assam,Dibrugarh,Nutrition Program,Kerala Health Department,90604,41504,189,1159,505,33,92,Health_Program
P23_112,2022,Q1,Odisha,Cuttack,Malaria Control,Punjab Health Mission,71781,35051,163,350,518,107,73,Health_Program
P23_113,2021,Q2,Punjab,Amritsar,Child Immunization,CARE India,286356,24567,196,2515,388,109,60,Health_Program
P23_114,2021,Q2,Rajasthan,Udaipur,Nutrition Program,Kerala Health Department,294029,23455,166,3104,276,61,89,Health_Program
P23_115,2020,Q1,Assam,Silchar,Malaria Control,Punjab Health Mission,48739,43395,243,4611,739,129,86,Health_Program
P23_116,2022,Q2,Rajasthan,Jodhpur,Maternal Health,UNICEF India,176876,7846,188,1490,747,176,63,Health_Program
P23_117,2021,Q2,Odisha,Bhubaneswar,Maternal Health,Kerala Health Department,117735,11234,29,4056,330,175,68,Health_Program
P23_118,2023,Q2,Odisha,Bhubaneswar,Child Immunization,Assam NRHM,336115,44821,144,1987,324,199,96,Health_Program
P23_119,2023,Q3,Odisha,Cuttack,Maternal Health,Assam NRHM,53725,12684,126,4319,603,126,95,Health_Program
P23_120,2021,Q2,Assam,Silchar,TB Control,CARE India,80282,45453,99,817,673,98,60,Health_Program
P23_121,2023,Q3,Assam,Guwahati,Maternal Health,NHM Odisha,153643,26199,110,2447,109,177,63,Health_Program
P23_122,2022,Q1,Odisha,Puri,TB Control,CARE India,242006,37012,249,2190,276,187,60,Health_Program
P23_123,2023,Q3,Assam,Guwahati,TB Control,Assam NRHM,77402,8235,156,3586,94,109,62,Health_Program
P23_124,2022,Q1,Kerala,Kochi,Maternal Health,UNICEF India,263931,6921,128,2613,672,79,97,Health_Program
P23_125,2021,Q2,Kerala,Kozhikode,Maternal Health,Assam NRHM,54081,16468,177,4107,114,96,64,Health_Program
P23_126,2022,Q2,Odisha,Puri,Maternal Health,State Health Society Rajasthan,49225,17609,212,902,671,105,98,Health_Program
P23_127,2023,Q4,Rajasthan,Udaipur,TB Control,State Health Society Rajasthan,309475,13512,233,2595,95,173,70,Health_Program
P23_128,2022,Q3,Rajasthan,Jodhpur,Maternal Health,Punjab Health Mission,50517,23479,82,1689,295,22,86,Health_Program
P23_129,2021,Q4,Odisha,Cuttack,Malaria Control,Assam NRHM,101845,19826,210,3911,166,172,79,Health_Program
P23_130,2023,Q1,Odisha,Bhubaneswar,TB Control,UNICEF India,221173,46810,81,5000,274,70,95,Health_Program
P23_131,2020,Q4,Punjab,Amritsar,Nutrition Program,CARE India,347372,7918,250,4144,363,145,63,Health_Program
P23_132,2020,Q4,Assam,Dibrugarh,Maternal Health,CARE India,112346,9743,235,3403,723,14,73,Health_Program
P23_133,2021,Q4,Kerala,Kochi,Malaria Control,CARE India,116050,10150,36,1233,127,61,97,Health_Program
P23_134,2022,Q1,Rajasthan,Jaipur,Nutrition Program,State Health Society Rajasthan,340213,9424,189,647,458,41,73,Health_Program
P23_135,2020,Q2,Odisha,Cuttack,Child Immunization,State Health Society Rajasthan,272307,23649,185,2204,217,30,73,Health_Program
P23_136,2023,Q2,Punjab,Ludhiana,Child Immunization,NHM Odisha,359876,5568,181,597,289,101,91,Health_Program
P23_137,2021,Q2,Rajasthan,Udaipur,Nutrition Program,Kerala Health Department,100902,43998,200,4358,220,155,78,Health_Program
P23_138,2023,Q4,Odisha,Puri,Malaria Control,Kerala Health Department,348106,39398,94,2039,169,34,72,Health_Program
P23_139,2020,Q1,Punjab,Amritsar,TB Control,Kerala Health Department,302910,23325,194,2333,318,124,67,Health_Program
P23_140,2021,Q1,Assam,Dibrugarh,Child Immunization,Punjab Health Mission,359038,46995,180,725,224,143,83,Health_Program
P23_141,2021,Q4,Rajasthan,Jaipur,Maternal Health,Kerala Health Department,374615,5943,207,312,408,186,77,Health_Program
P23_142,2023,Q3,Punjab,Ludhiana,TB Control,Punjab Health Mission,117397,8473,111,568,544,32,82,Health_Program
P23_143,2023,Q2,Rajasthan,Jaipur,TB Control,CARE India,191628,33468,123,4652,391,19,63,Health_Program
P23_144,2022,Q1,Assam,Silchar,Malaria Control,Punjab Health Mission,47067,38349,64,3958,496,8,74,Health_Program
P23_145,2022,Q3,Rajasthan,Udaipur,TB Control,NHM Odisha,47446,15032,127,569,403,150,77,Health_Program
P23_146,2022,Q1,Rajasthan,Jodhpur,Nutrition Program,Assam NRHM,274326,32927,133,4992,676,130,79,Health_Program
P23_147,2020,Q2,Rajasthan,Jaipur,Child Immunization,Kerala Health Department,81526,20752,187,415,764,112,64,Health_Program
P23_148,2023,Q4,Assam,Dibrugarh,Nutrition Program,Kerala Health Department,137262,49313,65,4567,442,39,84,Health_Program
P23_149,2023,Q1,Kerala,Kochi,TB Control,Kerala Health Department,113200,19992,233,1925,757,136,60,Health_Program
P23_150,2022,Q2,Kerala,Thrissur,TB Control,CARE India,260156,33494,147,3821,386,111,67,Health_Program
P23_151,2020,Q3,Assam,Dibrugarh,Child Immunization,State Health Society Rajasthan,174005,43050,63,1674,198,14,84,Health_Program
P23_152,2023,Q4,Kerala,Thrissur,Maternal Health,CARE India,281580,21546,224,3632,785,41,93,Health_Program
P23_153,2020,Q2,Rajasthan,Udaipur,Maternal Health,Kerala Health Department,308106,23472,57,2944,141,199,67,Health_Program
P23_154,2022,Q2,Kerala,Thrissur,Maternal Health,Kerala Health Department,192625,43012,209,988,264,123,95,Health_Program
P23_155,2021,Q1,Assam,Silchar,Nutrition Program,Kerala Health Department,146077,11835,219,3272,148,136,66,Health_Program
P23_156,2020,Q4,Rajasthan,Jodhpur,Child Immunization,Kerala Health Department,329343,9920,119,528,195,0,92,Health_Program
P23_157,2023,Q3,Assam,Silchar,TB Control,Punjab Health Mission,244795,23047,102,3970,628,183,79,Health_Program
P23_158,2023,Q1,Rajasthan,Jaipur,TB Control,Assam NRHM,259864,39173,143,4895,211,19,94,Health_Program
P23_159,2023,Q3,Kerala,Kochi,Child Immunization,Kerala Health Department,287855,24269,151,261,360,151,63,Health_Program
P23_160,2020,Q3,Kerala,Kochi,Child Immunization,CARE India,379099,11064,85,3977,301,139,75,Health_Program
P23_161,2022,Q1,Rajasthan,Jaipur,Malaria Control,NHM Odisha,132628,42476,117,2598,670,159,97,Health_Program
P23_162,2022,Q4,Rajasthan,Udaipur,Child Immunization,UNICEF India,268047,17436,232,1496,152,158,97,Health_Program
P23_163,2022,Q3,Rajasthan,Jaipur,Malaria Control,Kerala Health Department,266223,34679,236,4652,761,50,74,Health_Program
P23_164,2022,Q3,Assam,Silchar,Maternal Health,Kerala Health Department,350726,20067,137,4643,460,28,92,Health_Program
P23_165,2021,Q1,Rajasthan,Udaipur,Nutrition Program,State Health Society Rajasthan,163622,21592,162,1690,532,154,86,Health_Program
P23_166,2020,Q4,Odisha,Puri,Child Immunization,CARE India,330714,43440,40,726,137,199,76,Health_Program
P23_167,2023,Q2,Punjab,Patiala,Nutrition Program,State Health Society Rajasthan,194516,17552,22,2045,248,14,88,Health_Program
P23_168,2022,Q3,Rajasthan,Jaipur,TB Control,NHM Odisha,170247,45046,83,1959,655,35,94,Health_Program
P23_169,2022,Q4,Odisha,Puri,TB Control,Punjab Health Mission,251246,16396,203,721,328,48,89,Health_Program
P23_170,2021,Q3,Punjab,Amritsar,Child Immunization,Assam NRHM,302691,33826,86,238,443,178,96,Health_Program
P23_171,2023,Q2,Odisha,Bhubaneswar,Maternal Health,Assam NRHM,201293,39107,72,795,386,30,92,Health_Program
P23_172,2020,Q1,Assam,Silchar,Child Immunization,NHM Odisha,251481,27219,135,2067,113,55,65,Health_Program
P23_173,2023,Q4,Punjab,Patiala,Maternal Health,CARE India,397440,34766,190,4398,54,133,69,Health_Program
P23_174,2023,Q2,Rajasthan,Jaipur,Malaria Control,NHM Odisha,114690,30638,236,456,478,185,94,Health_Program
P23_175,2021,Q3,Rajasthan,Jaipur,TB Control,Kerala Health Department,268767,26126,54,3028,548,170,78,Health_Program
P23_176,2020,Q2,Odisha,Cuttack,TB Control,Punjab Health Mission,240827,23611,188,4274,696,106,72,Health_Program
P23_177,2023,Q3,Punjab,Amritsar,Child Immunization,UNICEF India,73389,34488,179,1739,723,101,91,Health_Program
P23_178,2022,Q2,Assam,Silchar,Nutrition Program,UNICEF India,210371,11267,43,2472,227,21,90,Health_Program
P23_179,2023,Q1,Odisha,Cuttack,Nutrition Program,CARE India,317995,30740,107,2189,260,98,82,Health_Program
P24_0,2020,Q2,Odisha,Puri,Maternal Health,Punjab Health Mission,394026,18244,240,2994,420,168,69,Health_Program
P24_1,2024,Q2,Rajasthan,Udaipur,TB Control,UNICEF India,188461,9832,106,4320,710,100,90,Health_Program
P24_2,2025,Q3,Kerala,Thrissur,TB Control,Kerala Health Department,43852,29722,106,1109,655,51,84,Health_Program
P24_3,2022,Q2,Kerala,Kozhikode,Maternal Health,NHM Odisha,361538,34218,92,2664,601,20,90,Health_Program
P24_4,2024,Q3,Odisha,Puri,Nutrition Program,UNICEF India,306049,44469,223,1008,588,83,71,Health_Program
P24_5,2022,Q2,Rajasthan,Udaipur,Child Immunization,Punjab Health Mission,312121,42922,222,2881,107,41,95,Health_Program
P24_6,2025,Q2,Rajasthan,Jaipur,Nutrition Program,State Health Society Rajasthan,344222,22949,29,1526,275,122,72,Health_Program
P24_7,2023,Q4,Punjab,Amritsar,Child Immunization,Kerala Health Department,164406,35809,227,3448,407,115,88,Health_Program
P24_8,2021,Q1,Odisha,Cuttack,Nutrition Program,CARE India,58377,21243,194,4434,608,24,87,Health_Program
P24_9,2020,Q3,Odisha,Cuttack,Malaria Control,State Health Society Rajasthan,245947,25827,123,3991,97,156,67,Health_Program
P24_10,2024,Q2,Assam,Silchar,Child Immunization,UNICEF India,183383,10453,126,3364,131,165,77,Health_Program
P24_11,2021,Q4,Odisha,Puri,TB Control,Kerala Health Department,209846,23366,167,2012,738,51,78,Health_Program
P24_12,2024,Q4,Assam,Silchar,Nutrition Program,Assam NRHM,160897,32031,104,2527,771,82,97,Health_Program
P24_13,2024,Q4,Punjab,Amritsar,Maternal Health,UNICEF India,258013,39990,173,3297,308,95,76,Health_Program
P24_14,2020,Q2,Punjab,Patiala,Child Immunization,Kerala Health Department,200849,9200,154,2699,364,30,86,Health_Program
P24_15,2021,Q4,Assam,Silchar,Child Immunization,State Health Society Rajasthan,234784,29650,142,2571,486,164,78,Health_Program
P24_16,2025,Q2,Kerala,Kozhikode,Malaria Control,Punjab Health Mission,337582,28947,99,3225,220,70,91,Health_Program
P24_17,2020,Q3,Kerala,Kozhikode,Malaria Control,Punjab Health Mission,301929,7192,188,825,485,147,89,Health_Program
P24_18,2022,Q1,Punjab,Amritsar,Maternal Health,CARE India,175733,39456,130,2176,771,6,76,Health_Program
P24_19,2022,Q3,Odisha,Puri,TB Control,NHM Odisha,372437,16477,82,178,681,159,72,Health_Program
P24_20,2025,Q4,Odisha,Cuttack,TB Control,CARE India,354450,29683,49,3800,795,159,95,Health_Program
P24_21,2021,Q3,Punjab,Ludhiana,Nutrition Program,Punjab Health Mission,105745,9643,249,1394,54,29,81,Health_Program
P24_22,2023,Q4,Odisha,Cuttack,Maternal Health,State Health Society Rajasthan,376549,31598,99,3077,769,66,61,Health_Program
P24_23,2023,Q4,Odisha,Bhubaneswar,Nutrition Program,Kerala Health Department,381977,37500,249,751,133,181,88,Health_Program
P24_24,2025,Q2,Punjab,Ludhiana,Malaria Control,CARE India,272609,10569,51,623,605,59,88,Health_Program
P24_25,2022,Q1,Kerala,Kozhikode,Child Immunization,Assam NRHM,81282,28393,60,669,179,79,86,Health_Program
P24_26,2022,Q3,Rajasthan,Udaipur,Nutrition Program,NHM Odisha,356556,11096,125,1261,257,191,64,Health_Program
P24_27,2020,Q1,Assam,Silchar,Maternal Health,Assam NRHM,313142,33882,61,2622,711,57,85,Health_Program
P24_28,2022,Q1,Assam,Silchar,Nutrition Program,UNICEF India,40295,27645,159,180,228,131,80,Health_Program
P24_29,2024,Q4,Kerala,Kochi,Malaria Control,UNICEF India,156043,17250,181,711,88,165,66,Health_Program
P24_30,2024,Q4,Kerala,Thrissur,Malaria Control,NHM Odisha,206205,22450,162,1757,767,76,65,Health_Program
P24_31,2023,Q1,Odisha,Cuttack,Child Immunization,State Health Society Rajasthan,364805,15813,149,1507,743,175,85,Health_Program
P24_32,2022,Q4,Assam,Dibrugarh,Child Immunization,CARE India,258414,36148,114,3107,155,178,72,Health_Program
P24_33,2023,Q2,Assam,Dibrugarh,Malaria Control,NHM Odisha,122137,29248,229,3997,767,26,68,Health_Program
P24_34,2025,Q2,Odisha,Puri,TB Control,Punjab Health Mission,237678,26159,126,792,69,150,96,Health_Program
P24_35,2025,Q2,Punjab,Amritsar,Malaria Control,NHM Odisha,158316,33590,79,4839,166,78,87,Health_Program
P24_36,2020,Q1,Odisha,Puri,Maternal Health,Kerala Health Department,215448,39018,120,1048,376,120,81,Health_Program
P24_37,2020,Q3,Kerala,Kozhikode,TB Control,NHM Odisha,150485,19315,249,2910,268,76,92,Health_Program
P24_38,2022,Q1,Rajasthan,Udaipur,TB Control,State Health Society Rajasthan,364505,9661,150,4749,138,136,92,Health_Program
P24_39,2021,Q2,Odisha,Puri,Maternal Health,State Health Society Rajasthan,243943,31351,104,3142,324,93,88,Health_Program
P24_40,2025,Q4,Rajasthan,Jaipur,Nutrition Program,Assam NRHM,378843,32932,108,382,318,42,78,Health_Program
P24_41,2025,Q2,Assam,Dibrugarh,TB Control,Kerala Health Department,377192,13052,125,3080,56,9,79,Health_Program
P24_42,2022,Q2,Kerala,Thrissur,Malaria Control,Kerala Health Department,364995,16860,137,4680,439,16,69,Health_Program
P24_43,2021,Q2,Odisha,Bhubaneswar,Nutrition Program,State Health Society Rajasthan,149498,27585,115,1384,407,13,83,Health_Program
P24_44,2022,Q3,Odisha,Cuttack,Child Immunization,Punjab Health Mission,298474,15447,199,2990,238,96,89,Health_Program
P24_45,2024,Q4,Punjab,Patiala,Nutrition Program,Kerala Health Department,44649,47824,49,3950,162,43,89,Health_Program
P24_46,2020,Q1,Assam,Silchar,TB Control,CARE India,339457,33673,212,3026,275,99,72,Health_Program
P24_47,2020,Q3,Punjab,Ludhiana,Maternal Health,UNICEF India,380830,23627,194,4152,165,96,98,Health_Program
P24_48,2025,Q4,Odisha,Puri,Malaria Control,CARE India,178824,35028,53,1380,207,101,73,Health_Program
P24_49,2024,Q4,Punjab,Ludhiana,Maternal Health,CARE India,116181,36956,40,4505,53,50,69,Health_Program
P24_50,2022,Q2,Punjab,Amritsar,Child Immunization,UNICEF India,221810,48777,113,3055,405,156,78,Health_Program
P24_51,2024,Q3,Kerala,Thrissur,Child Immunization,Assam NRHM,183997,14042,75,4244,368,149,94,Health_Program
P24_52,2025,Q3,Assam,Dibrugarh,Nutrition Program,NHM Odisha,88798,36793,130,4909,657,16,88,Health_Program
P24_53,2020,Q1,Punjab,Amritsar,TB Control,Kerala Health Department,332420,27451,105,2103,531,133,71,Health_Program
P24_54,2023,Q2,Assam,Guwahati,Child Immunization,UNICEF India,95488,38382,102,681,425,181,74,Health_Program
P24_55,2020,Q2,Punjab,Ludhiana,Nutrition Program,State Health Society Rajasthan,46001,21265,241,4265,356,117,92,Health_Program
P24_56,2021,Q3,Rajasthan,Udaipur,Nutrition Program,State Health Society Rajasthan,131186,7795,118,4108,439,61,94,Health_Program
P24_57,2024,Q2,Rajasthan,Jaipur,TB Control,Punjab Health Mission,150414,24358,218,4346,732,176,88,Health_Program
P24_58,2022,Q2,Odisha,Cuttack,Nutrition Program,UNICEF India,279272,39503,114,292,194,30,69,Health_Program
P24_59,2022,Q3,Punjab,Amritsar,TB Control,Punjab Health Mission,160318,7750,208,1151,775,44,75,Health_Program
P24_60,2023,Q2,Rajasthan,Jodhpur,Nutrition Program,UNICEF India,181001,21623,112,3035,182,83,84,Health_Program
P24_61,2021,Q1,Rajasthan,Udaipur,Child Immunization,Punjab Health Mission,53523,49640,174,470,610,182,95,Health_Program
P24_62,2024,Q1,Odisha,Bhubaneswar,Child Immunization,Punjab Health Mission,139935,49042,201,4098,666,4,95,Health_Program
P24_63,2020,Q4,Rajasthan,Udaipur,Maternal Health,UNICEF India,242689,36810,32,3374,621,31,61,Health_Program
P24_64,2025,Q4,Punjab,Amritsar,Child Immunization,CARE India,391172,40628,202,1644,650,174,96,Health_Program
P24_65,2021,Q1,Rajasthan,Jodhpur,Nutrition Program,Kerala Health Department,227901,28182,213,974,394,101,64,Health_Program
P24_66,2021,Q3,Kerala,Kozhikode,Child Immunization,Assam NRHM,258208,41120,211,2414,636,51,74,Health_Program
P24_67,2020,Q4,Odisha,Cuttack,Nutrition Program,CARE India,252845,6503,132,1508,252,115,79,Health_Program
P24_68,2023,Q3,Odisha,Cuttack,Maternal Health,Punjab Health Mission,109380,44521,99,3321,462,113,71,Health_Program
P24_69,2020,Q3,Rajasthan,Jaipur,Maternal Health,UNICEF India,86941,17692,64,4404,412,127,91,Health_Program
P24_70,2025,Q4,Rajasthan,Jaipur,TB Control,NHM Odisha,125962,14054,168,4414,723,35,66,Health_Program
P24_71,2024,Q2,Punjab,Patiala,Malaria Control,UNICEF India,201797,35388,246,2931,178,140,75,Health_Program
P24_72,2025,Q4,Kerala,Thrissur,Nutrition Program,Assam NRHM,392659,18275,163,4922,173,151,67,Health_Program
P24_73,2024,Q3,Rajasthan,Udaipur,TB Control,Assam NRHM,387371,47833,208,2719,365,128,95,Health_Program
P24_74,2023,Q3,Kerala,Thrissur,Maternal Health,NHM Odisha,244142,35875,26,4653,332,140,64,Health_Program
P24_75,2025,Q3,Assam,Silchar,Maternal Health,NHM Odisha,352895,27547,228,2284,118,192,63,Health_Program
P24_76,2023,Q4,Assam,Silchar,TB Control,State Health Society Rajasthan,172932,9225,237,3078,742,44,63,Health_Program
P24_77,2023,Q4,Rajasthan,Jodhpur,Malaria Control,Assam NRHM,187352,34906,97,542,796,77,60,Health_Program
P24_78,2021,Q4,Assam,Guwahati,Nutrition Program,Assam NRHM,131201,8316,145,3516,569,118,80,Health_Program
P24_79,2021,Q2,Kerala,Kozhikode,Child Immunization,UNICEF India,67438,35191,189,991,653,121,98,Health_Program
P24_80,2021,Q4,Rajasthan,Udaipur,Maternal Health,State Health Society Rajasthan,319685,14353,149,2344,745,172,82,Health_Program
P24_81,2021,Q1,Punjab,Patiala,TB Control,Punjab Health Mission,64855,29761,137,4430,220,198,80,Health_Program
P24_82,2021,Q3,Kerala,Kozhikode,Nutrition Program,Assam NRHM,350973,35139,249,631,582,4,63,Health_Program
P24_83,2022,Q4,Kerala,Kozhikode,TB Control,CARE India,154099,20115,165,682,419,25,66,Health_Program
P24_84,2024,Q1,Rajasthan,Jaipur,Nutrition Program,Punjab Health Mission,270759,35512,72,4398,189,2,77,Health_Program
P24_85,2024,Q1,Assam,Dibrugarh,Malaria Control,State Health Society Rajasthan,163435,22763,167,1999,731,145,94,Health_Program
P24_86,2025,Q2,Odisha,Puri,Nutrition Program,UNICEF India,101737,35536,226,4411,557,51,82,Health_Program
P24_87,2023,Q3,Odisha,Cuttack,TB Control,NHM Odisha,241545,40191,189,4477,340,133,70,Health_Program
P24_88,2020,Q3,Rajasthan,Jaipur,Maternal Health,State Health Society Rajasthan,92021,35239,55,4104,473,194,93,Health_Program
P24_89,2025,Q2,Punjab,Ludhiana,Malaria Control,State Health Society Rajasthan,352582,19784,149,3224,118,143,76,Health_Program
P24_90,2024,Q1,Rajasthan,Udaipur,Nutrition Program,State Health Society Rajasthan,167610,41740,139,110,194,82,90,Health_Program
P24_91,2025,Q3,Odisha,Bhubaneswar,Malaria Control,UNICEF India,94478,33815,150,2333,691,150,80,Health_Program
P24_92,2021,Q1,Assam,Guwahati,Malaria Control,CARE India,120888,5066,110,2016,563,194,63,Health_Program
P24_93,2022,Q2,Assam,Silchar,Malaria Control,Punjab Health Mission,385545,16828,60,429,754,5,84,Health_Program
P24_94,2024,Q4,Kerala,Thrissur,Nutrition Program,Kerala Health Department,78322,39252,50,3096,772,82,77,Health_Program
P24_95,2022,Q3,Rajasthan,Jodhpur,Maternal Health,Punjab Health Mission,255273,22012,48,4365,610,37,90,Health_Program
P24_96,2020,Q1,Rajasthan,Udaipur,TB Control,Punjab Health Mission,212385,8420,92,4806,349,193,76,Health_Program
P24_97,2024,Q1,Odisha,Bhubaneswar,Malaria Control,Punjab Health Mission,84480,15979,74,994,158,32,73,Health_Program
P24_98,2020,Q4,Assam,Silchar,Maternal Health,NHM Odisha,284517,5662,132,1769,763,72,93,Health_Program
P24_99,2020,Q2,Rajasthan,Jodhpur,Malaria Control,Kerala Health Department,387192,45257,68,3873,217,93,90,Health_Program
P24_100,2023,Q1,Odisha,Bhubaneswar,TB Control,Assam NRHM,40769,22608,246,1999,458,127,82,Health_Program
P24_101,2021,Q3,Rajasthan,Udaipur,Nutrition Program,Kerala Health Department,40584,11654,211,1904,399,61,73,Health_Program
P24_102,2023,Q3,Punjab,Patiala,Maternal Health,UNICEF India,216470,26030,159,2796,355,153,80,Health_Program
P24_103,2021,Q2,Punjab,Patiala,Malaria Control,State Health Society Rajasthan,289059,39762,115,4464,132,164,68,Health_Program
P24_104,2024,Q1,Kerala,Kozhikode,Child Immunization,Kerala Health Department,239112,48161,59,2878,443,64,71,Health_Program
P24_105,2023,Q3,Punjab,Amritsar,TB Control,Punjab Health Mission,252236,11453,136,410,210,34,60,Health_Program
P24_106,2024,Q1,Punjab,Patiala,Child Immunization,Assam NRHM,206298,7121,58,4571,194,80,80,Health_Program
P24_107,2022,Q2,Assam,Silchar,Child Immunization,Punjab Health Mission,208459,47875,21,556,364,155,97,Health_Program
P24_108,2020,Q4,Rajasthan,Jaipur,Maternal Health,Punjab Health Mission,66512,23915,41,4766,376,96,78,Health_Program
P24_109,2025,Q3,Rajasthan,Jodhpur,TB Control,CARE India,392118,19624,241,1650,89,78,64,Health_Program
P24_110,2023,Q2,Punjab,Patiala,Malaria Control,CARE India,318793,37022,141,412,89,139,98,Health_Program
P24_111,2020,Q3,Rajasthan,Jodhpur,TB Control,Kerala Health Department,221372,19905,188,2720,539,167,88,Health_Program
P24_112,2021,Q4,Assam,Guwahati,Maternal Health,NHM Odisha,201054,39813,149,1884,246,47,95,Health_Program
P24_113,2020,Q3,Odisha,Puri,Child Immunization,State Health Society Rajasthan,355695,14653,67,3879,549,65,76,Health_Program
P24_114,2023,Q1,Punjab,Ludhiana,Maternal Health,Punjab Health Mission,355244,39178,115,3552,706,70,97,Health_Program
P24_115,2021,Q2,Odisha,Bhubaneswar,Malaria Control,NHM Odisha,91199,49109,208,748,215,71,94,Health_Program
P24_116,2025,Q1,Punjab,Patiala,Child Immunization,State Health Society Rajasthan,141631,39441,131,1713,233,166,74,Health_Program
P24_117,2024,Q4,Odisha,Cuttack,Malaria Control,NHM Odisha,40901,47037,239,221,543,77,81,Health_Program
P24_118,2020,Q1,Assam,Guwahati,TB Control,State Health Society Rajasthan,387592,43812,42,728,397,137,81,Health_Program
P24_119,2023,Q1,Kerala,Kochi,Nutrition Program,CARE India,118546,21770,227,4417,622,139,87,Health_Program
P24_120,2025,Q1,Odisha,Bhubaneswar,Child Immunization,Kerala Health Department,209103,33148,25,4703,80,95,68,Health_Program
P24_121,2023,Q1,Kerala,Kozhikode,Malaria Control,CARE India,330409,31443,128,2798,445,12,85,Health_Program
P24_122,2022,Q3,Assam,Guwahati,Child Immunization,Kerala Health Department,159000,33685,106,3701,637,57,72,Health_Program
P24_123,2020,Q1,Rajasthan,Udaipur,Child Immunization,UNICEF India,257104,29078,56,4335,140,169,81,Health_Program
P24_124,2025,Q3,Odisha,Bhubaneswar,TB Control,State Health Society Rajasthan,113684,10449,51,2090,368,56,96,Health_Program
P24_125,2020,Q2,Rajasthan,Jaipur,TB Control,CARE India,246422,10252,105,4305,325,69,63,Health_Program
P24_126,2024,Q2,Rajasthan,Jaipur,Malaria Control,State Health Society Rajasthan,299128,8247,59,3320,452,45,82,Health_Program
P24_127,2021,Q2,Punjab,Amritsar,Malaria Control,State Health Society Rajasthan,64734,28547,71,2689,441,86,70,Health_Program
P24_128,2024,Q1,Assam,Silchar,Malaria Control,Assam NRHM,315445,48761,213,506,277,178,93,Health_Program
P24_129,2024,Q2,Assam,Guwahati,Maternal Health,Assam NRHM,192952,48897,93,3967,85,165,79,Health_Program
P24_130,2023,Q1,Rajasthan,Udaipur,TB Control,CARE India,318471,13645,169,2009,527,149,98,Health_Program
P24_131,2023,Q2,Assam,Guwahati,Maternal Health,NHM Odisha,305721,46039,26,3696,463,16,71,Health_Program
P24_132,2020,Q4,Odisha,Bhubaneswar,TB Control,NHM Odisha,365749,15173,221,3983,429,189,93,Health_Program
P24_133,2025,Q4,Punjab,Patiala,Child Immunization,Punjab Health Mission,199775,12330,91,911,589,14,97,Health_Program
P24_134,2022,Q3,Punjab,Patiala,Child Immunization,Punjab Health Mission,235992,29028,107,2954,60,177,90,Health_Program
P24_135,2021,Q2,Rajasthan,Udaipur,TB Control,Assam NRHM,285140,45848,77,1005,311,193,88,Health_Program
P24_136,2024,Q1,Rajasthan,Jodhpur,Nutrition Program,UNICEF India,250638,17873,204,1526,62,5,75,Health_Program
P24_137,2025,Q3,Kerala,Thrissur,Child Immunization,State Health Society Rajasthan,135466,33041,45,430,463,95,92,Health_Program
P24_138,2021,Q1,Kerala,Kochi,Maternal Health,Kerala Health Department,234355,47200,73,1811,571,36,97,Health_Program
P24_139,2022,Q4,Assam,Guwahati,Child Immunization,UNICEF India,368431,32832,120,2402,477,38,61,Health_Program
P24_140,2025,Q1,Punjab,Patiala,Maternal Health,CARE India,173905,25028,109,1160,580,50,62,Health_Program
P24_141,2021,Q4,Assam,Guwahati,Malaria Control,UNICEF India,254359,26037,178,740,57,62,65,Health_Program
P24_142,2024,Q3,Kerala,Kozhikode,Child Immunization,NHM Odisha,101805,18107,27,2185,245,179,84,Health_Program
P24_143,2021,Q4,Odisha,Bhubaneswar,Child Immunization,Assam NRHM,103063,32986,33,2038,662,25,76,Health_Program
P24_144,2022,Q2,Punjab,Ludhiana,TB Control,Punjab Health Mission,126686,19835,217,2368,551,74,97,Health_Program
P24_145,2024,Q2,Punjab,Ludhiana,TB Control,Punjab Health Mission,323613,14838,170,2980,221,166,87,Health_Program
P24_146,2020,Q3,Odisha,Puri,Maternal Health,UNICEF India,288837,7262,126,4870,69,94,82,Health_Program
P24_147,2020,Q3,Assam,Guwahati,Malaria Control,Kerala Health Department,242182,23981,47,4126,359,164,64,Health_Program
P24_148,2021,Q2,Assam,Dibrugarh,Maternal Health,Punjab Health Mission,160124,15122,120,4721,659,110,92,Health_Program
P24_149,2021,Q2,Punjab,Amritsar,Child Immunization,UNICEF India,90688,24745,233,1096,649,113,78,Health_Program
P24_150,2023,Q2,Odisha,Puri,TB Control,Kerala Health Department,338738,37097,39,4513,539,42,95,Health_Program
P24_151,2021,Q4,Rajasthan,Udaipur,TB Control,NHM Odisha,92958,45298,144,880,340,171,87,Health_Program
P24_152,2023,Q3,Assam,Silchar,Malaria Control,Kerala Health Department,70905,48788,57,227,732,119,78,Health_Program
P24_153,2021,Q3,Punjab,Ludhiana,Child Immunization,State Health Society Rajasthan,49940,19321,99,848,714,14,96,Health_Program
P24_154,2020,Q4,Assam,Guwahati,Maternal Health,NHM Odisha,72685,17310,99,2160,351,165,73,Health_Program
P24_155,2022,Q4,Rajasthan,Jaipur,Malaria Control,Assam NRHM,100557,23186,102,4437,477,71,85,Health_Program
P24_156,2022,Q4,Odisha,Cuttack,Malaria Control,CARE India,273238,35238,33,4593,608,24,85,Health_Program
P24_157,2021,Q4,Assam,Guwahati,Nutrition Program,State Health Society Rajasthan,156639,10448,130,484,704,184,86,Health_Program
P24_158,2021,Q3,Odisha,Bhubaneswar,Maternal Health,CARE India,122714,14349,83,1499,133,124,84,Health_Program
P24_159,2023,Q2,Kerala,Kochi,Child Immunization,Assam NRHM,264731,38835,85,3679,792,7,66,Health_Program
P24_160,2021,Q3,Kerala,Thrissur,TB Control,CARE India,295338,6314,199,1928,455,50,84,Health_Program
P24_161,2023,Q2,Punjab,Ludhiana,TB Control,Kerala Health Department,306921,35192,149,4680,234,110,96,Health_Program
P24_162,2025,Q4,Punjab,Patiala,Child Immunization,UNICEF India,310678,36842,238,1577,670,19,96,Health_Program
P24_163,2024,Q2,Punjab,Patiala,Malaria Control,NHM Odisha,316730,32953,112,2413,179,195,90,Health_Program
P24_164,2025,Q4,Odisha,Puri,Child Immunization,Kerala Health Department,206209,30368,31,2992,643,147,74,Health_Program
P24_165,2023,Q1,Assam,Dibrugarh,Maternal Health,State Health Society Rajasthan,152539,11099,191,3293,528,134,68,Health_Program
P24_166,2021,Q3,Kerala,Kozhikode,Maternal Health,UNICEF India,381716,44623,34,4964,267,55,75,Health_Program
P24_167,2024,Q2,Rajasthan,Udaipur,Maternal Health,NHM Odisha,104730,11302,221,2295,504,77,63,Health_Program
P24_168,2022,Q3,Kerala,Kozhikode,TB Control,Assam NRHM,44866,14614,26,1976,422,68,93,Health_Program
P24_169,2021,Q3,Punjab,Patiala,Child Immunization,UNICEF India,291371,11832,160,1057,500,128,81,Health_Program
P24_170,2021,Q4,Odisha,Bhubaneswar,Malaria Control,State Health Society Rajasthan,397942,29861,168,1009,65,187,66,Health_Program
P24_171,2022,Q2,Rajasthan,Udaipur,Maternal Health,State Health Society Rajasthan,90255,23641,58,1445,212,111,65,Health_Program
P24_172,2025,Q2,Assam,Guwahati,Child Immunization,Punjab Health Mission,205365,30621,82,3426,424,63,98,Health_Program
P24_173,2022,Q2,Odisha,Puri,Maternal Health,NHM Odisha,59342,39878,162,143,583,131,93,Health_Program
P24_174,2024,Q2,Rajasthan,Jodhpur,Child Immunization,CARE India,357826,39740,30,722,410,192,60,Health_Program
P24_175,2021,Q2,Odisha,Cuttack,TB Control,Assam NRHM,187205,8635,174,1325,214,116,88,Health_Program
P24_176,2023,Q2,Kerala,Kozhikode,Child Immunization,State Health Society Rajasthan,189890,5064,130,4877,311,52,98,Health_Program
P24_177,2025,Q1,Assam,Guwahati,Child Immunization,NHM Odisha,318482,22321,172,723,561,132,92,Health_Program
P24_178,2020,Q1,Odisha,Bhubaneswar,Child Immunization,Punjab Health Mission,334717,45148,56,3475,366,112,75,Health_Program
P24_179,2024,Q4,Odisha,Bhubaneswar,Child Immunization,Kerala Health Department,352512,36536,66,3994,74,187,72,Health_Program
P25_0,2020,Q3,Kerala,Thrissur,Maternal Health,UNICEF India,338796,37914,27,4955,766,175,81,Health_Program
P25_1,2017,Q3,Assam,Dibrugarh,Child Immunization,State Health Society Rajasthan,218401,37255,205,4441,637,193,76,Health_Program
P25_2,2016,Q1,Odisha,Puri,Malaria Control,UNICEF India,49549,41711,154,4145,738,61,90,Health_Program
P25_3,2020,Q3,Kerala,Kochi,TB Control,NHM Odisha,299048,22427,71,3454,208,35,67,Health_Program
P25_4,2018,Q4,Odisha,Bhubaneswar,Maternal Health,State Health Society Rajasthan,96753,31146,166,2243,295,177,75,Health_Program
P25_5,2018,Q2,Rajasthan,Jaipur,Maternal Health,Assam NRHM,240556,46690,27,2311,786,122,75,Health_Program
P25_6,2015,Q4,Rajasthan,Udaipur,TB Control,UNICEF India,130287,19315,235,2233,673,10,82,Health_Program
P25_7,2020,Q3,Punjab,Amritsar,Malaria Control,CARE India,389059,41521,200,1322,541,96,63,Health_Program
P25_8,2015,Q2,Odisha,Puri,Nutrition Program,State Health Society Rajasthan,56587,29565,195,1757,182,121,71,Health_Program
P25_9,2018,Q3,Rajasthan,Jaipur,Child Immunization,Assam NRHM,251878,14784,99,1065,570,170,86,Health_Program
P25_10,2020,Q1,Kerala,Kochi,Malaria Control,Assam NRHM,191274,24765,187,3721,294,65,85,Health_Program
P25_11,2020,Q4,Punjab,Amritsar,TB Control,Kerala Health Department,330572,26636,225,3530,106,176,61,Health_Program
P25_12,2015,Q4,Punjab,Ludhiana,Child Immunization,UNICEF India,344933,10050,189,346,246,193,74,Health_Program
P25_13,2017,Q1,Odisha,Puri,Nutrition Program,CARE India,167046,26181,35,2732,390,172,61,Health_Program
P25_14,2019,Q4,Rajasthan,Udaipur,Maternal Health,Punjab Health Mission,356137,47890,40,1305,638,55,70,Health_Program
P25_15,2016,Q3,Rajasthan,Jodhpur,Nutrition Program,NHM Odisha,323821,25396,229,2448,377,24,81,Health_Program
P25_16,2019,Q4,Punjab,Ludhiana,Malaria Control,Kerala Health Department,273666,6427,43,4629,745,152,81,Health_Program
P25_17,2017,Q2,Punjab,Ludhiana,Maternal Health,UNICEF India,142690,7786,243,549,95,90,87,Health_Program
P25_18,2020,Q1,Odisha,Puri,TB Control,CARE India,263783,31375,159,4740,476,71,80,Health_Program
P25_19,2020,Q3,Rajasthan,Udaipur,Child Immunization,CARE India,374893,39960,234,451,298,49,89,Health_Program
P25_20,2015,Q3,Odisha,Puri,Malaria Control,State Health Society Rajasthan,142221,7366,170,3674,73,67,89,Health_Program
P25_21,2016,Q2,Kerala,Kozhikode,Malaria Control,UNICEF India,67934,10832,190,2961,538,132,74,Health_Program
P25_22,2020,Q4,Kerala,Thrissur,Nutrition Program,Punjab Health Mission,289164,39375,160,4719,795,117,72,Health_Program
P25_23,2016,Q3,Kerala,Thrissur,Child Immunization,CARE India,234404,8544,103,429,478,198,71,Health_Program
P25_24,2020,Q1,Punjab,Ludhiana,TB Control,State Health Society Rajasthan,235371,33461,74,4668,490,2,80,Health_Program
P25_25,2018,Q3,Punjab,Amritsar,Nutrition Program,NHM Odisha,282879,23393,75,715,587,134,69,Health_Program
P25_26,2018,Q2,Rajasthan,Udaipur,Nutrition Program,State Health Society Rajasthan,378228,34172,199,2778,636,55,82,Health_Program
P25_27,2015,Q3,Kerala,Kozhikode,Malaria Control,Assam NRHM,154260,30126,88,3044,53,116,65,Health_Program
P25_28,2020,Q1,Kerala,Kozhikode,Child Immunization,CARE India,171336,5466,38,2214,143,180,82,Health_Program
P25_29,2017,Q4,Assam,Dibrugarh,Child Immunization,NHM Odisha,89237,26803,128,575,612,180,80,Health_Program
P25_30,2017,Q4,Odisha,Puri,Malaria Control,Punjab Health Mission,359473,16405,93,976,741,196,65,Health_Program
P25_31,2019,Q2,Punjab,Ludhiana,Malaria Control,UNICEF India,149000,42137,76,1936,143,94,93,Health_Program
P25_32,2015,Q1,Punjab,Ludhiana,Nutrition Program,Assam NRHM,124442,45481,33,589,749,7,77,Health_Program
P25_33,2015,Q4,Kerala,Thrissur,TB Control,CARE India,329473,14517,182,3076,162,167,81,Health_Program
P25_34,2020,Q2,Kerala,Kozhikode,Child Immunization,Kerala Health Department,398533,31479,160,1541,594,168,67,Health_Program
P25_35,2017,Q4,Kerala,Thrissur,Malaria Control,Punjab Health Mission,148689,29062,228,1187,524,199,93,Health_Program
P25_36,2019,Q3,Odisha,Bhubaneswar,Child Immunization,Kerala Health Department,354315,8508,56,3171,609,193,81,Health_Program
P25_37,2019,Q4,Rajasthan,Udaipur,Nutrition Program,Punjab Health Mission,246445,20414,121,2626,94,72,74,Health_Program
P25_38,2018,Q1,Odisha,Bhubaneswar,Maternal Health,Punjab Health Mission,69752,17393,21,675,338,65,92,Health_Program
P25_39,2015,Q2,Kerala,Kozhikode,Maternal Health,Punjab Health Mission,178817,11184,186,3326,196,30,71,Health_Program
P25_40,2016,Q1,Kerala,Kochi,Malaria Control,Kerala Health Department,289964,45708,71,631,59,54,80,Health_Program
P25_41,2017,Q3,Odisha,Cuttack,Nutrition Program,UNICEF India,220997,21751,66,1923,509,41,74,Health_Program
P25_42,2016,Q1,Kerala,Kozhikode,TB Control,State Health Society Rajasthan,168533,5057,188,3121,198,166,91,Health_Program
P25_43,2015,Q3,Assam,Silchar,Maternal Health,NHM Odisha,371199,16661,188,3421,253,22,79,Health_Program
P25_44,2017,Q4,Kerala,Kochi,Nutrition Program,NHM Odisha,306422,42930,148,2612,214,114,93,Health_Program
P25_45,2016,Q2,Rajasthan,Jaipur,TB Control,Punjab Health Mission,350736,24727,182,4126,108,50,84,Health_Program
P25_46,2018,Q4,Kerala,Thrissur,Nutrition Program,State Health Society Rajasthan,270241,26932,79,888,172,100,84,Health_Program
P25_47,2019,Q4,Assam,Guwahati,Maternal Health,Kerala Health Department,251396,33651,92,2348,677,30,82,Health_Program
P25_48,2015,Q3,Rajasthan,Jaipur,Maternal Health,Assam NRHM,364580,30849,36,320,409,55,66,Health_Program
P25_49,2016,Q3,Punjab,Patiala,Nutrition Program,State Health Society Rajasthan,327301,21200,87,1758,560,67,67,Health_Program
P25_50,2015,Q2,Kerala,Kozhikode,Maternal Health,Punjab Health Mission,117989,15928,140,4608,253,73,72,Health_Program
P25_51,2018,Q3,Kerala,Kochi,Maternal Health,UNICEF India,349304,24101,73,3065,504,74,76,Health_Program
P25_52,2019,Q1,Odisha,Puri,Malaria Control,State Health Society Rajasthan,212597,20435,154,2706,657,46,87,Health_Program
P25_53,2019,Q4,Assam,Dibrugarh,Nutrition Program,Punjab Health Mission,195815,5622,39,151,682,174,92,Health_Program
P25_54,2015,Q4,Kerala,Thrissur,Nutrition Program,Assam NRHM,98761,18511,205,1007,352,170,73,Health_Program
P25_55,2019,Q1,Punjab,Ludhiana,Malaria Control,Kerala Health Department,169958,24299,191,596,453,94,78,Health_Program
P25_56,2020,Q3,Assam,Dibrugarh,Child Immunization,Punjab Health Mission,91213,15810,182,4502,238,115,88,Health_Program
P25_57,2018,Q4,Punjab,Amritsar,Malaria Control,UNICEF India,336294,16430,53,1354,457,92,90,Health_Program
P25_58,2017,Q3,Punjab,Ludhiana,Nutrition Program,Kerala Health Department,56822,31496,151,3343,690,171,89,Health_Program
P25_59,2015,Q3,Rajasthan,Udaipur,TB Control,Punjab Health Mission,376159,7069,140,450,100,192,98,Health_Program
P25_60,2016,Q2,Odisha,Puri,Child Immunization,UNICEF India,115526,37768,136,292,462,91,97,Health_Program
P25_61,2017,Q1,Kerala,Kochi,TB Control,State Health Society Rajasthan,337947,17638,88,3206,765,189,70,Health_Program
P25_62,2015,Q1,Kerala,Thrissur,Nutrition Program,State Health Society Rajasthan,232807,42071,207,4371,100,18,80,Health_Program
P25_63,2017,Q4,Odisha,Bhubaneswar,Maternal Health,UNICEF India,381815,19057,149,1554,590,184,88,Health_Program
P25_64,2015,Q1,Assam,Guwahati,Malaria Control,UNICEF India,149615,34053,173,627,334,122,68,Health_Program
P25_65,2016,Q1,Punjab,Amritsar,TB Control,NHM Odisha,157173,28405,165,316,537,97,65,Health_Program
P25_66,2017,Q3,Punjab,Ludhiana,Nutrition Program,Kerala Health Department,254000,47180,137,3215,412,2,66,Health_Program
P25_67,2019,Q1,Punjab,Patiala,Nutrition Program,Assam NRHM,338302,28528,133,434,163,196,96,Health_Program
P25_68,2015,Q4,Punjab,Amritsar,Malaria Control,State Health Society Rajasthan,351038,40601,227,1874,492,96,61,Health_Program
P25_69,2016,Q4,Rajasthan,Jodhpur,TB Control,State Health Society Rajasthan,326256,7743,85,807,341,28,76,Health_Program
P25_70,2018,Q2,Odisha,Cuttack,Nutrition Program,Punjab Health Mission,369157,27717,72,1252,561,28,97,Health_Program
P25_71,2019,Q3,Kerala,Thrissur,Maternal Health,NHM Odisha,191611,42612,237,4150,475,113,61,Health_Program
P25_72,2015,Q2,Kerala,Thrissur,Maternal Health,State Health Society Rajasthan,209021,30950,181,3830,375,127,65,Health_Program
P25_73,2020,Q3,Odisha,Puri,Maternal Health,State Health Society Rajasthan,274207,20132,155,1172,245,198,88,Health_Program
P25_74,2020,Q4,Odisha,Bhubaneswar,TB Control,NHM Odisha,43973,37540,102,1182,259,116,97,Health_Program
P25_75,2017,Q1,Kerala,Thrissur,Maternal Health,Kerala Health Department,212889,8127,47,1803,187,66,69,Health_Program
P25_76,2016,Q2,Assam,Silchar,Malaria Control,State Health Society Rajasthan,172158,14017,213,4989,677,139,79,Health_Program
P25_77,2020,Q2,Kerala,Thrissur,Child Immunization,NHM Odisha,336774,16819,157,2717,148,196,78,Health_Program
P25_78,2020,Q1,Assam,Guwahati,TB Control,CARE India,164779,20213,34,660,472,48,97,Health_Program
P25_79,2020,Q4,Punjab,Ludhiana,Nutrition Program,UNICEF India,196693,25496,25,1937,502,81,79,Health_Program
P25_80,2020,Q2,Assam,Silchar,Maternal Health,CARE India,136958,12439,242,4450,375,19,80,Health_Program
P25_81,2020,Q2,Assam,Silchar,Maternal Health,Punjab Health Mission,252197,7942,39,2321,455,139,79,Health_Program
P25_82,2018,Q3,Rajasthan,Udaipur,Child Immunization,Punjab Health Mission,248974,20660,25,4180,222,24,79,Health_Program
P25_83,2016,Q2,Assam,Silchar,Maternal Health,Kerala Health Department,384806,34804,94,4372,308,51,98,Health_Program
P25_84,2018,Q2,Kerala,Kochi,Maternal Health,UNICEF India,192169,19349,222,738,460,75,81,Health_Program
P25_85,2019,Q4,Rajasthan,Udaipur,Child Immunization,State Health Society Rajasthan,239185,29725,71,1658,308,52,62,Health_Program
P25_86,2019,Q3,Punjab,Patiala,TB Control,Assam NRHM,228629,34409,141,918,533,192,86,Health_Program
P25_87,2019,Q3,Kerala,Kozhikode,Maternal Health,Assam NRHM,130786,21574,141,4489,63,57,77,Health_Program
P25_88,2015,Q1,Assam,Guwahati,Nutrition Program,Punjab Health Mission,380359,28956,61,2738,142,120,64,Health_Program
P25_89,2018,Q3,Kerala,Thrissur,TB Control,Assam NRHM,45340,21262,150,1989,385,162,85,Health_Program
P25_90,2017,Q1,Assam,Silchar,Maternal Health,Punjab Health Mission,133488,34922,158,3917,417,80,78,Health_Program
P25_91,2020,Q4,Odisha,Bhubaneswar,Malaria Control,UNICEF India,270820,7343,181,352,424,122,82,Health_Program
P25_92,2016,Q3,Kerala,Kozhikode,Nutrition Program,State Health Society Rajasthan,306278,49268,97,2722,554,154,87,Health_Program
P25_93,2019,Q3,Kerala,Thrissur,Nutrition Program,CARE India,303161,34286,161,690,172,19,74,Health_Program
P25_94,2019,Q4,Rajasthan,Jodhpur,Maternal Health,Punjab Health Mission,347361,21963,105,688,619,102,73,Health_Program
P25_95,2015,Q4,Kerala,Kozhikode,Child Immunization,Punjab Health Mission,330453,11970,124,4956,495,144,95,Health_Program
P25_96,2020,Q1,Punjab,Amritsar,Maternal Health,Assam NRHM,151657,11866,72,244,305,190,95,Health_Program
P25_97,2020,Q4,Rajasthan,Jodhpur,Maternal Health,Kerala Health Department,146520,23317,41,2572,781,139,96,Health_Program
P25_98,2016,Q3,Odisha,Bhubaneswar,Malaria Control,Punjab Health Mission,118897,27044,103,2301,235,118,65,Health_Program
P25_99,2015,Q1,Rajasthan,Udaipur,TB Control,Punjab Health Mission,347626,23087,72,4317,469,135,65,Health_Program
P25_100,2018,Q2,Rajasthan,Udaipur,Nutrition Program,Punjab Health Mission,241564,40199,209,4994,129,66,79,Health_Program
P25_101,2020,Q3,Rajasthan,Udaipur,Nutrition Program,Punjab Health Mission,177578,39142,239,1732,108,199,94,Health_Program
P25_102,2017,Q4,Odisha,Bhubaneswar,Child Immunization,CARE India,194583,49122,213,2433,248,50,97,Health_Program
P25_103,2016,Q4,Assam,Dibrugarh,Maternal Health,NHM Odisha,298751,23082,132,3019,773,146,69,Health_Program
P25_104,2015,Q2,Odisha,Puri,Nutrition Program,UNICEF India,235074,28004,50,4846,455,30,70,Health_Program
P25_105,2020,Q3,Rajasthan,Udaipur,Malaria Control,NHM Odisha,189470,23712,225,2755,505,182,63,Health_Program
P25_106,2016,Q1,Kerala,Kochi,Child Immunization,CARE India,141685,8271,217,3485,467,44,84,Health_Program
P25_107,2020,Q3,Kerala,Thrissur,Malaria Control,Kerala Health Department,399764,8671,101,2246,571,30,98,Health_Program
P25_108,2015,Q3,Punjab,Patiala,TB Control,Kerala Health Department,253465,39761,52,213,217,105,60,Health_Program
P25_109,2015,Q2,Kerala,Kochi,Nutrition Program,CARE India,270140,32016,163,915,329,157,81,Health_Program
P25_110,2017,Q4,Assam,Dibrugarh,Child Immunization,Assam NRHM,334481,39099,114,1965,325,30,79,Health_Program
P25_111,2019,Q1,Punjab,Ludhiana,TB Control,Punjab Health Mission,251296,34589,217,3553,468,26,89,Health_Program
P25_112,2016,Q1,Rajasthan,Udaipur,TB Control,CARE India,108485,28819,124,2877,112,60,84,Health_Program
P25_113,2020,Q4,Rajasthan,Udaipur,TB Control,Punjab Health Mission,208841,24519,20,3392,330,151,90,Health_Program
P25_114,2020,Q1,Punjab,Patiala,Malaria Control,Kerala Health Department,174821,25119,78,672,750,103,67,Health_Program
P25_115,2017,Q1,Odisha,Bhubaneswar,Maternal Health,CARE India,238342,49701,63,288,278,62,92,Health_Program
P25_116,2017,Q3,Kerala,Kochi,Maternal Health,UNICEF India,350177,41662,197,2629,257,103,97,Health_Program
P25_117,2018,Q4,Assam,Silchar,Child Immunization,CARE India,65461,42031,200,2115,111,27,79,Health_Program
P25_118,2018,Q3,Punjab,Patiala,Maternal Health,UNICEF India,328008,39831,130,2567,727,132,62,Health_Program
P25_119,2018,Q1,Kerala,Kochi,Nutrition Program,UNICEF India,368505,42348,202,4422,541,134,94,Health_Program
P25_120,2016,Q4,Kerala,Kochi,TB Control,State Health Society Rajasthan,232556,35797,103,1639,366,186,85,Health_Program
P25_121,2017,Q3,Rajasthan,Udaipur,Maternal Health,Punjab Health Mission,294798,46727,195,4454,778,110,84,Health_Program
P25_122,2015,Q1,Kerala,Kochi,Maternal Health,Kerala Health Department,269331,13324,153,247,724,96,76,Health_Program
P25_123,2018,Q4,Rajasthan,Udaipur,Malaria Control,Kerala Health Department,214319,22145,29,3817,689,181,63,Health_Program
P25_124,2016,Q4,Punjab,Ludhiana,Maternal Health,Kerala Health Department,385281,47466,28,149,80,131,70,Health_Program
P25_125,2020,Q1,Assam,Guwahati,Maternal Health,UNICEF India,239938,10709,194,2438,774,141,84,Health_Program
P25_126,2015,Q1,Rajasthan,Udaipur,Nutrition Program,NHM Odisha,195402,36843,73,2456,433,12,83,Health_Program
P25_127,2017,Q2,Assam,Dibrugarh,TB Control,CARE India,44397,7498,23,3952,478,134,62,Health_Program
P25_128,2018,Q2,Punjab,Amritsar,Child Immunization,Assam NRHM,356153,38225,194,3881,161,116,77,Health_Program
P25_129,2019,Q2,Rajasthan,Jaipur,Maternal Health,State Health Society Rajasthan,287025,31056,115,3228,677,38,98,Health_Program
P25_130,2019,Q2,Assam,Silchar,TB Control,Kerala Health Department,135396,46112,149,3299,215,38,70,Health_Program
P25_131,2015,Q3,Assam,Guwahati,TB Control,Kerala Health Department,203249,32414,216,2885,250,98,91,Health_Program
P25_132,2016,Q1,Punjab,Ludhiana,Maternal Health,Kerala Health Department,130499,41895,153,694,408,83,97,Health_Program
P25_133,2016,Q2,Rajasthan,Jodhpur,Nutrition Program,UNICEF India,112070,6990,76,3923,459,18,89,Health_Program
P25_134,2017,Q4,Kerala,Kochi,Child Immunization,Punjab Health Mission,322794,27415,205,2398,236,103,64,Health_Program
P25_135,2018,Q4,Punjab,Patiala,Malaria Control,Assam NRHM,315335,24414,166,3125,393,25,66,Health_Program
P25_136,2018,Q2,Assam,Guwahati,Maternal Health,State Health Society Rajasthan,151744,47902,188,4752,301,126,89,Health_Program
P25_137,2018,Q3,Punjab,Amritsar,Child Immunization,UNICEF India,276018,25303,130,1369,238,67,63,Health_Program
P25_138,2018,Q2,Punjab,Patiala,TB Control,UNICEF India,51400,6762,235,4680,307,162,75,Health_Program
P25_139,2020,Q3,Rajasthan,Jodhpur,Child Immunization,Assam NRHM,263713,41486,92,616,696,152,74,Health_Program
P25_140,2019,Q2,Punjab,Patiala,Child Immunization,State Health Society Rajasthan,148782,29409,38,1206,416,89,79,Health_Program
P25_141,2020,Q4,Odisha,Bhubaneswar,Malaria Control,NHM Odisha,332641,22966,131,567,775,198,61,Health_Program
P25_142,2017,Q2,Rajasthan,Jaipur,Maternal Health,CARE India,59089,6546,117,3507,689,94,80,Health_Program
P25_143,2015,Q4,Punjab,Amritsar,Nutrition Program,Kerala Health Department,206227,20155,179,4399,304,17,83,Health_Program
P25_144,2016,Q3,Odisha,Puri,TB Control,Kerala Health Department,115932,7122,215,2015,95,175,86,Health_Program
P25_145,2015,Q4,Kerala,Kozhikode,Nutrition Program,CARE India,338723,45759,97,4396,692,94,91,Health_Program
P25_146,2015,Q2,Odisha,Cuttack,Maternal Health,CARE India,395044,18650,225,1187,70,124,71,Health_Program
P25_147,2020,Q2,Odisha,Puri,Maternal Health,UNICEF India,118023,25682,145,933,720,144,79,Health_Program
P25_148,2019,Q2,Punjab,Ludhiana,Nutrition Program,Punjab Health Mission,41553,39559,138,1078,336,33,67,Health_Program
P25_149,2019,Q3,Odisha,Puri,Child Immunization,CARE India,347804,10153,221,1916,242,163,64,Health_Program
P25_150,2015,Q1,Odisha,Bhubaneswar,Child Immunization,CARE India,138033,45175,197,3662,728,194,94,Health_Program
P25_151,2015,Q4,Punjab,Patiala,Nutrition Program,Kerala Health Department,355799,9031,49,1793,608,5,60,Health_Program
P25_152,2017,Q1,Kerala,Kozhikode,Malaria Control,NHM Odisha,365490,25086,217,1488,360,184,88,Health_Program
P25_153,2018,Q2,Rajasthan,Udaipur,Child Immunization,Punjab Health Mission,104310,28948,31,756,382,175,63,Health_Program
P25_154,2018,Q3,Assam,Guwahati,Malaria Control,Kerala Health Department,243003,32456,79,794,359,182,73,Health_Program
P25_155,2016,Q2,Assam,Guwahati,TB Control,Punjab Health Mission,374907,46016,199,4217,611,124,83,Health_Program
P25_156,2016,Q4,Punjab,Ludhiana,Nutrition Program,UNICEF India,368105,35729,174,4923,791,51,90,Health_Program
P25_157,2019,Q2,Rajasthan,Jaipur,TB Control,State Health Society Rajasthan,146313,38685,250,2041,372,97,96,Health_Program
P25_158,2015,Q2,Punjab,Patiala,TB Control,UNICEF India,299961,5745,124,4171,551,110,95,Health_Program
P25_159,2019,Q4,Rajasthan,Jodhpur,TB Control,Punjab Health Mission,100771,22076,123,4090,98,159,88,Health_Program
P25_160,2017,Q1,Kerala,Kozhikode,Malaria Control,Punjab Health Mission,195083,8854,221,944,77,183,74,Health_Program
P25_161,2017,Q3,Odisha,Puri,TB Control,CARE India,154312,38152,150,1744,694,43,84,Health_Program
P25_162,2020,Q2,Punjab,Patiala,Malaria Control,Kerala Health Department,326912,24817,39,2508,97,35,91,Health_Program
P25_163,2020,Q4,Odisha,Bhubaneswar,Nutrition Program,Kerala Health Department,114253,6440,129,4365,160,40,79,Health_Program
P25_164,2018,Q1,Assam,Dibrugarh,Nutrition Program,UNICEF India,75801,6440,228,471,335,74,60,Health_Program
P25_165,2020,Q1,Punjab,Patiala,Child Immunization,Punjab Health Mission,166711,10894,193,3452,153,182,66,Health_Program
P25_166,2020,Q2,Kerala,Thrissur,Child Immunization,Punjab Health Mission,64810,47042,53,542,110,16,71,Health_Program
P25_167,2018,Q2,Rajasthan,Jaipur,Malaria Control,CARE India,323936,6362,223,3158,565,6,64,Health_Program
P25_168,2017,Q3,Assam,Dibrugarh,Malaria Control,CARE India,366408,24558,180,4070,356,42,73,Health_Program
P25_169,2015,Q1,Rajasthan,Jaipur,Malaria Control,UNICEF India,62708,34665,249,3135,251,178,65,Health_Program
P25_170,2018,Q1,Assam,Dibrugarh,Nutrition Program,Kerala Health Department,113634,42455,35,3882,111,23,75,Health_Program
P25_171,2019,Q2,Punjab,Ludhiana,Malaria Control,Kerala Health Department,178687,11516,239,4596,737,142,91,Health_Program
P25_172,2020,Q3,Odisha,Bhubaneswar,Child Immunization,NHM Odisha,177238,38131,242,1817,206,60,81,Health_Program
P25_173,2015,Q3,Rajasthan,Jodhpur,Maternal Health,Kerala Health Department,125822,18633,110,4947,268,109,60,Health_Program
P25_174,2018,Q4,Kerala,Kochi,Maternal Health,CARE India,320244,5130,26,180,211,143,77,Health_Program
P25_175,2019,Q3,Odisha,Bhubaneswar,Child Immunization,UNICEF India,75021,11782,235,1254,163,164,78,Health_Program
P25_176,2019,Q4,Rajasthan,Jodhpur,Malaria Control,CARE India,81725,20338,240,1387,77,13,88,Health_Program
P25_177,2016,Q4,Punjab,Patiala,Maternal Health,UNICEF India,59516,17730,234,1482,435,95,60,Health_Program
P25_178,2019,Q1,Rajasthan,Udaipur,Nutrition Program,NHM Odisha,342813,38701,93,4317,703,31,75,Health_Program
P25_179,2018,Q2,Kerala,Thrissur,Malaria Control,NHM Odisha,295993,8715,230,865,563,191,68,Health_Program
P26_0,2022,Q1,Rajasthan,Jaipur,Malaria Control,Punjab Health Mission,88669,11129,73,3486,712,121,67,Health_Program
P26_1,2023,Q3,Assam,Dibrugarh,Malaria Control,Assam NRHM,187736,9937,231,1359,148,186,90,Health_Program
P26_2,2023,Q3,Assam,Dibrugarh,Nutrition Program,UNICEF India,326146,14358,162,4407,398,17,81,Health_Program
P26_3,2023,Q4,Punjab,Patiala,Nutrition Program,State Health Society Rajasthan,204614,21371,210,3187,66,182,74,Health_Program
P26_4,2023,Q3,Punjab,Patiala,Nutrition Program,Assam NRHM,43776,34463,117,505,523,33,76,Health_Program
P26_5,2023,Q2,Assam,Dibrugarh,Child Immunization,Kerala Health Department,394360,18737,115,2464,98,13,93,Health_Program
P26_6,2022,Q3,Punjab,Amritsar,Malaria Control,Assam NRHM,96473,7319,106,1388,689,75,65,Health_Program
P26_7,2022,Q4,Rajasthan,Jodhpur,Maternal Health,UNICEF India,385523,31734,137,4484,452,125,80,Health_Program
P26_8,2022,Q1,Punjab,Amritsar,Child Immunization,State Health Society Rajasthan,42312,13511,126,1453,732,3,89,Health_Program
P26_9,2021,Q3,Punjab,Amritsar,Nutrition Program,Assam NRHM,271471,15665,114,2129,641,149,92,Health_Program
P26_10,2022,Q1,Odisha,Puri,Child Immunization,Punjab Health Mission,300931,34596,224,1737,395,163,72,Health_Program
P26_11,2021,Q3,Kerala,Kozhikode,Nutrition Program,CARE India,141176,26329,158,2533,358,147,96,Health_Program
P26_12,2022,Q2,Assam,Silchar,Malaria Control,CARE India,198388,13970,187,3133,506,138,97,Health_Program
P26_13,2022,Q3,Odisha,Cuttack,Nutrition Program,State Health Society Rajasthan,344387,18692,69,2898,470,16,84,Health_Program
P26_14,2021,Q2,Punjab,Amritsar,Nutrition Program,NHM Odisha,306920,45254,225,1730,691,86,68,Health_Program
P26_15,2022,Q3,Odisha,Puri,Child Immunization,CARE India,141093,20399,43,3319,428,59,64,Health_Program
P26_16,2021,Q3,Kerala,Kochi,TB Control,CARE India,220623,14116,135,1716,609,87,63,Health_Program
P26_17,2023,Q3,Punjab,Patiala,TB Control,State Health Society Rajasthan,314937,11076,93,2278,464,139,69,Health_Program
P26_18,2022,Q1,Kerala,Kozhikode,TB Control,Kerala Health Department,84731,13354,198,2330,434,186,98,Health_Program
P26_19,2022,Q2,Punjab,Ludhiana,Malaria Control,Kerala Health Department,304793,41468,134,3182,287,169,85,Health_Program
P26_20,2022,Q2,Rajasthan,Jodhpur,Nutrition Program,Assam NRHM,207726,15388,216,3174,388,69,98,Health_Program
P26_21,2023,Q3,Punjab,Patiala,Malaria Control,Punjab Health Mission,376057,27887,227,1887,671,195,67,Health_Program
P26_22,2023,Q4,Odisha,Cuttack,Maternal Health,NHM Odisha,44550,26366,99,1897,189,196,87,Health_Program
P26_23,2023,Q2,Punjab,Ludhiana,TB Control,Punjab Health Mission,389380,39122,88,4123,90,20,90,Health_Program
P26_24,2021,Q4,Rajasthan,Jaipur,Nutrition Program,NHM Odisha,63820,31858,241,224,500,137,81,Health_Program
P26_25,2022,Q1,Odisha,Puri,Malaria Control,NHM Odisha,266898,22629,192,2454,707,181,85,Health_Program
P26_26,2023,Q1,Assam,Silchar,Child Immunization,Kerala Health Department,190866,20005,153,148,447,146,84,Health_Program
P26_27,2022,Q1,Kerala,Thrissur,TB Control,Kerala Health Department,179510,34149,224,154,296,139,81,Health_Program
P26_28,2021,Q4,Kerala,Kochi,Maternal Health,UNICEF India,274666,26927,48,3731,593,15,65,Health_Program
P26_29,2022,Q4,Assam,Silchar,Malaria Control,Punjab Health Mission,390444,5079,78,2760,460,193,68,Health_Program
P26_30,2022,Q2,Rajasthan,Jaipur,Nutrition Program,State Health Society Rajasthan,123632,35498,115,782,540,168,60,Health_Program
P26_31,2023,Q3,Odisha,Cuttack,Maternal Health,Assam NRHM,380386,34671,173,2371,757,88,81,Health_Program
P26_32,2023,Q1,Rajasthan,Jaipur,TB Control,CARE India,247962,29562,109,1657,521,1,89,Health_Program
P26_33,2022,Q2,Odisha,Bhubaneswar,TB Control,Kerala Health Department,304834,43401,24,1176,275,179,93,Health_Program
P26_34,2023,Q1,Kerala,Kozhikode,Malaria Control,NHM Odisha,54038,27382,225,1445,487,83,97,Health_Program
P26_35,2023,Q2,Assam,Dibrugarh,Child Immunization,Punjab Health Mission,107357,35372,113,2116,689,75,91,Health_Program
P26_36,2021,Q3,Punjab,Patiala,TB Control,UNICEF India,76536,6908,43,3105,759,116,96,Health_Program
P26_37,2023,Q2,Kerala,Kochi,TB Control,Punjab Health Mission,314617,6958,211,3345,249,38,82,Health_Program
P26_38,2022,Q4,Kerala,Kochi,TB Control,NHM Odisha,155505,43898,169,4547,652,43,77,Health_Program
P26_39,2021,Q1,Assam,Silchar,Nutrition Program,Assam NRHM,368780,39940,200,3752,586,114,63,Health_Program
P26_40,2023,Q3,Kerala,Kochi,TB Control,Punjab Health Mission,170782,27894,52,3090,635,162,63,Health_Program
P26_41,2022,Q1,Assam,Silchar,Child Immunization,Assam NRHM,393364,23020,61,1969,555,128,65,Health_Program
P26_42,2021,Q4,Odisha,Puri,Nutrition Program,Kerala Health Department,238749,46011,25,379,482,94,80,Health_Program
P26_43,2023,Q4,Rajasthan,Jaipur,TB Control,Punjab Health Mission,102626,40672,37,1602,203,8,78,Health_Program
P26_44,2022,Q3,Rajasthan,Udaipur,Nutrition Program,CARE India,285387,43465,144,1367,354,195,73,Health_Program
P26_45,2023,Q2,Punjab,Amritsar,Maternal Health,State Health Society Rajasthan,241177,16382,29,1968,405,33,96,Health_Program
P26_46,2022,Q2,Punjab,Patiala,Maternal Health,CARE India,81353,16694,218,3953,289,200,69,Health_Program
P26_47,2021,Q2,Assam,Dibrugarh,Nutrition Program,NHM Odisha,207152,33190,244,694,150,103,84,Health_Program
P26_48,2023,Q1,Punjab,Amritsar,Malaria Control,UNICEF India,148793,40694,62,4393,117,19,98,Health_Program
P26_49,2021,Q2,Odisha,Bhubaneswar,Nutrition Program,CARE India,154404,22623,51,169,97,125,67,Health_Program
P26_50,2022,Q3,Rajasthan,Jaipur,Malaria Control,CARE India,242602,32109,234,4680,699,25,77,Health_Program
P26_51,2022,Q3,Rajasthan,Udaipur,Nutrition Program,NHM Odisha,114469,48789,209,202,612,154,89,Health_Program
P26_52,2023,Q3,Odisha,Cuttack,Child Immunization,Kerala Health Department,127557,39405,197,1028,672,192,67,Health_Program
P26_53,2022,Q4,Punjab,Patiala,Malaria Control,Punjab Health Mission,266045,19240,187,412,555,142,60,Health_Program
P26_54,2023,Q3,Odisha,Puri,Malaria Control,State Health Society Rajasthan,271388,39023,76,3284,112,69,60,Health_Program
P26_55,2021,Q3,Assam,Silchar,TB Control,Punjab Health Mission,254805,27304,217,197,335,13,64,Health_Program
P26_56,2021,Q2,Kerala,Kozhikode,Malaria Control,UNICEF India,277512,27104,28,2466,136,133,62,Health_Program
P26_57,2021,Q2,Assam,Dibrugarh,Malaria Control,Assam NRHM,147323,48910,61,2719,520,158,94,Health_Program
P26_58,2022,Q3,Kerala,Kochi,Nutrition Program,Punjab Health Mission,138423,10436,198,4674,765,25,62,Health_Program
P26_59,2021,Q2,Kerala,Kozhikode,Maternal Health,Assam NRHM,302180,12129,134,3737,213,96,85,Health_Program
P26_60,2021,Q1,Punjab,Patiala,Nutrition Program,CARE India,253116,5588,190,3002,224,60,98,Health_Program
P26_61,2022,Q4,Assam,Guwahati,Malaria Control,Assam NRHM,216396,7158,27,1257,341,55,87,Health_Program
P26_62,2022,Q1,Kerala,Thrissur,TB Control,UNICEF India,309985,27313,94,2691,95,27,79,Health_Program
P26_63,2022,Q2,Odisha,Cuttack,Child Immunization,CARE India,135267,27528,146,1830,244,46,95,Health_Program
P26_64,2022,Q1,Punjab,Amritsar,Malaria Control,CARE India,392294,15778,211,4032,633,27,82,Health_Program
P26_65,2021,Q3,Kerala,Thrissur,Malaria Control,State Health Society Rajasthan,293883,46273,185,885,214,69,77,Health_Program
P26_66,2023,Q4,Rajasthan,Udaipur,Child Immunization,CARE India,65298,29882,222,3043,64,56,96,Health_Program
P26_67,2021,Q3,Rajasthan,Jaipur,Child Immunization,Punjab Health Mission,228749,36469,90,4929,342,155,95,Health_Program
P26_68,2022,Q2,Odisha,Cuttack,Nutrition Program,State Health Society Rajasthan,381804,19322,34,1611,785,176,75,Health_Program
P26_69,2021,Q1,Kerala,Thrissur,Nutrition Program,Assam NRHM,211407,44722,52,2250,96,112,69,Health_Program
P26_70,2021,Q4,Assam,Dibrugarh,TB Control,UNICEF India,74292,33431,173,4212,648,166,69,Health_Program
P26_71,2023,Q4,Punjab,Patiala,Maternal Health,Kerala Health Department,307444,30803,222,303,577,20,78,Health_Program
P26_72,2023,Q4,Kerala,Kozhikode,Malaria Control,Kerala Health Department,176348,11525,36,4021,163,179,92,Health_Program
P26_73,2021,Q3,Assam,Silchar,Child Immunization,Kerala Health Department,185843,19739,131,4618,615,3,71,Health_Program
P26_74,2023,Q1,Odisha,Cuttack,Malaria Control,UNICEF India,42395,45520,222,1982,210,124,78,Health_Program
P26_75,2022,Q3,Punjab,Ludhiana,Nutrition Program,Punjab Health Mission,356629,9645,103,2460,612,129,69,Health_Program
P26_76,2021,Q2,Punjab,Ludhiana,TB Control,UNICEF India,332989,32735,38,631,114,183,83,Health_Program
P26_77,2021,Q3,Punjab,Patiala,Maternal Health,Assam NRHM,54520,44735,219,2744,652,126,96,Health_Program
P26_78,2021,Q1,Punjab,Amritsar,TB Control,CARE India,364787,8426,174,1431,564,123,83,Health_Program
P26_79,2021,Q4,Rajasthan,Jaipur,TB Control,Punjab Health Mission,277553,35151,99,1700,64,189,60,Health_Program
P26_80,2022,Q4,Rajasthan,Jaipur,Malaria Control,NHM Odisha,55108,47200,137,3378,757,175,79,Health_Program
P26_81,2022,Q2,Assam,Silchar,Maternal Health,Assam NRHM,339718,42234,30,596,245,199,86,Health_Program
P26_82,2022,Q4,Rajasthan,Jodhpur,Child Immunization,UNICEF India,275051,21880,240,3886,73,62,90,Health_Program
P26_83,2022,Q4,Kerala,Kochi,Malaria Control,CARE India,311814,13988,59,3666,488,159,72,Health_Program
P26_84,2021,Q4,Punjab,Amritsar,TB Control,NHM Odisha,176977,41375,240,3447,495,163,76,Health_Program
P26_85,2022,Q1,Assam,Dibrugarh,Maternal Health,CARE India,349771,7027,240,2070,260,133,75,Health_Program
P26_86,2021,Q1,Kerala,Thrissur,Child Immunization,State Health Society Rajasthan,364796,46819,192,1295,616,153,83,Health_Program
P26_87,2023,Q2,Odisha,Puri,Child Immunization,UNICEF India,367666,5312,90,244,349,165,95,Health_Program
P26_88,2023,Q3,Assam,Dibrugarh,Nutrition Program,NHM Odisha,316883,48549,150,3957,347,195,79,Health_Program
P26_89,2023,Q1,Punjab,Patiala,Nutrition Program,Assam NRHM,121280,34962,206,1964,359,26,90,Health_Program
P26_90,2021,Q3,Assam,Silchar,Child Immunization,Punjab Health Mission,138386,22173,34,3475,673,137,92,Health_Program
P26_91,2022,Q2,Rajasthan,Udaipur,Maternal Health,UNICEF India,378485,36410,101,4232,460,172,76,Health_Program
P26_92,2022,Q2,Rajasthan,Udaipur,Maternal Health,UNICEF India,180743,26686,85,1044,237,83,80,Health_Program
P26_93,2021,Q2,Assam,Silchar,Malaria Control,Punjab Health Mission,357297,11234,172,2280,708,9,74,Health_Program
P26_94,2022,Q1,Kerala,Kochi,Malaria Control,Kerala Health Department,70024,34142,241,4354,409,180,89,Health_Program
P26_95,2021,Q4,Assam,Dibrugarh,Malaria Control,Punjab Health Mission,293683,44586,69,1621,408,127,92,Health_Program
P26_96,2023,Q2,Rajasthan,Jaipur,Malaria Control,NHM Odisha,263633,30285,120,2007,499,64,69,Health_Program
P26_97,2021,Q3,Assam,Dibrugarh,Malaria Control,CARE India,314157,40126,239,443,743,27,94,Health_Program
P26_98,2022,Q3,Punjab,Patiala,Nutrition Program,UNICEF India,193300,5398,76,3262,126,68,90,Health_Program
P26_99,2021,Q2,Rajasthan,Jaipur,Nutrition Program,State Health Society Rajasthan,381795,48888,76,579,337,173,72,Health_Program
P26_100,2021,Q3,Odisha,Cuttack,Malaria Control,State Health Society Rajasthan,221923,47072,250,425,297,200,83,Health_Program
P26_101,2021,Q1,Kerala,Thrissur,Malaria Control,Punjab Health Mission,124519,39807,29,4231,523,53,97,Health_Program
P26_102,2022,Q4,Odisha,Puri,Malaria Control,Assam NRHM,312002,27493,69,2845,64,4,67,Health_Program
P26_103,2023,Q2,Odisha,Cuttack,Nutrition Program,Punjab Health Mission,127631,35024,128,1796,92,99,64,Health_Program
P26_104,2021,Q2,Assam,Guwahati,TB Control,UNICEF India,65245,9994,74,716,767,154,69,Health_Program
P26_105,2022,Q4,Assam,Silchar,TB Control,UNICEF India,266471,10437,107,2593,437,51,91,Health_Program
P26_106,2021,Q4,Assam,Silchar,Child Immunization,Assam NRHM,220452,17166,160,4121,60,69,74,Health_Program
P26_107,2022,Q1,Assam,Dibrugarh,Maternal Health,Assam NRHM,104367,9449,166,4604,297,193,72,Health_Program
P26_108,2022,Q4,Odisha,Puri,Nutrition Program,Punjab Health Mission,339255,23959,200,171,54,92,89,Health_Program
P26_109,2023,Q3,Kerala,Kochi,Maternal Health,CARE India,164456,39854,102,3224,675,2,84,Health_Program
P26_110,2022,Q2,Punjab,Patiala,Malaria Control,CARE India,229067,10810,236,2977,557,49,89,Health_Program
P26_111,2022,Q4,Odisha,Cuttack,Maternal Health,Punjab Health Mission,115455,11484,201,4284,588,121,63,Health_Program
P26_112,2022,Q1,Rajasthan,Jodhpur,Nutrition Program,State Health Society Rajasthan,281713,42581,95,1375,406,155,67,Health_Program
P26_113,2023,Q1,Assam,Dibrugarh,Nutrition Program,NHM Odisha,298779,14867,28,352,130,188,89,Health_Program
P26_114,2021,Q1,Rajasthan,Jaipur,Nutrition Program,UNICEF India,200056,30344,173,4586,230,94,87,Health_Program
P26_115,2023,Q2,Kerala,Kozhikode,Maternal Health,State Health Society Rajasthan,215030,13298,229,2449,624,76,84,Health_Program
P26_116,2022,Q3,Assam,Guwahati,Malaria Control,Punjab Health Mission,240094,34586,132,2764,594,57,96,Health_Program
P26_117,2023,Q3,Punjab,Patiala,Maternal Health,UNICEF India,170329,21077,204,431,204,187,72,Health_Program
P26_118,2023,Q2,Kerala,Kochi,Maternal Health,Kerala Health Department,109396,46502,219,4219,436,92,80,Health_Program
P26_119,2021,Q4,Punjab,Patiala,TB Control,Punjab Health Mission,230762,20961,180,2048,765,17,93,Health_Program
P26_120,2022,Q2,Punjab,Ludhiana,Nutrition Program,NHM Odisha,346917,15463,141,2809,304,58,72,Health_Program
P26_121,2022,Q3,Kerala,Thrissur,Maternal Health,Kerala Health Department,112723,6357,189,2925,523,188,97,Health_Program
P26_122,2021,Q1,Assam,Silchar,TB Control,State Health Society Rajasthan,222734,13590,189,749,80,21,81,Health_Program
P26_123,2023,Q1,Rajasthan,Udaipur,Malaria Control,CARE India,182014,29739,87,4094,455,67,85,Health_Program
P26_124,2022,Q3,Assam,Silchar,Child Immunization,NHM Odisha,185155,44875,210,3603,724,110,76,Health_Program
P26_125,2021,Q4,Odisha,Cuttack,Malaria Control,State Health Society Rajasthan,258253,29838,185,368,241,90,80,Health_Program
P26_126,2023,Q4,Rajasthan,Udaipur,TB Control,State Health Society Rajasthan,181489,19986,169,983,539,110,62,Health_Program
P26_127,2021,Q3,Odisha,Bhubaneswar,TB Control,CARE India,296176,35440,166,2425,327,90,77,Health_Program
P26_128,2022,Q1,Rajasthan,Udaipur,TB Control,NHM Odisha,316709,38382,110,2298,258,6,66,Health_Program
P26_129,2023,Q1,Punjab,Ludhiana,Malaria Control,NHM Odisha,251225,28479,38,2430,246,0,93,Health_Program
P26_130,2023,Q2,Assam,Silchar,TB Control,Kerala Health Department,334356,5219,101,330,159,151,97,Health_Program
P26_131,2023,Q1,Punjab,Patiala,Nutrition Program,State Health Society Rajasthan,257945,15539,85,1284,333,167,81,Health_Program
P26_132,2023,Q2,Odisha,Cuttack,Nutrition Program,NHM Odisha,76219,33749,176,1405,148,84,80,Health_Program
P26_133,2023,Q1,Odisha,Cuttack,Nutrition Program,Punjab Health Mission,120277,36974,135,3535,755,171,65,Health_Program
P26_134,2021,Q2,Odisha,Cuttack,Child Immunization,UNICEF India,298127,5165,185,2845,401,78,98,Health_Program
P26_135,2021,Q3,Assam,Silchar,TB Control,CARE India,307188,45612,185,458,537,109,90,Health_Program
P26_136,2021,Q1,Rajasthan,Jodhpur,Malaria Control,Punjab Health Mission,59591,20824,38,4471,300,139,83,Health_Program
P26_137,2021,Q3,Rajasthan,Udaipur,Child Immunization,NHM Odisha,360732,15648,58,1423,655,150,69,Health_Program
P26_138,2022,Q1,Rajasthan,Udaipur,Malaria Control,NHM Odisha,163379,7812,26,4275,736,153,91,Health_Program
P26_139,2021,Q2,Odisha,Cuttack,Maternal Health,Kerala Health Department,173121,34695,84,3053,218,135,77,Health_Program
P26_140,2021,Q2,Punjab,Amritsar,Maternal Health,Kerala Health Department,341617,11168,114,2416,463,141,69,Health_Program
P26_141,2022,Q4,Punjab,Patiala,TB Control,Punjab Health Mission,315672,39894,204,1061,647,196,91,Health_Program
P26_142,2023,Q4,Rajasthan,Jodhpur,Maternal Health,Punjab Health Mission,306625,18391,164,2043,616,91,70,Health_Program
P26_143,2022,Q4,Odisha,Cuttack,Child Immunization,Kerala Health Department,119405,15992,119,1045,757,56,77,Health_Program
P26_144,2023,Q2,Assam,Dibrugarh,Child Immunization,NHM Odisha,365502,13828,167,4992,517,76,88,Health_Program
P26_145,2022,Q3,Punjab,Patiala,TB Control,State Health Society Rajasthan,253314,27417,219,2553,714,68,81,Health_Program
P26_146,2023,Q3,Kerala,Kozhikode,Maternal Health,NHM Odisha,79601,23174,181,175,543,64,84,Health_Program
P26_147,2022,Q1,Assam,Guwahati,Maternal Health,CARE India,285873,29726,40,2250,282,40,88,Health_Program
P26_148,2022,Q3,Punjab,Patiala,Child Immunization,Kerala Health Department,332018,24309,175,324,320,97,89,Health_Program
P26_149,2022,Q1,Assam,Silchar,TB Control,Kerala Health Department,87087,7406,130,3189,478,48,92,Health_Program
P26_150,2022,Q2,Odisha,Bhubaneswar,Maternal Health,Punjab Health Mission,206239,13204,101,3367,84,55,86,Health_Program
P26_151,2022,Q4,Punjab,Patiala,Maternal Health,Assam NRHM,195035,8588,136,947,352,150,63,Health_Program
P26_152,2021,Q4,Punjab,Patiala,Nutrition Program,Kerala Health Department,78598,41048,246,4109,687,77,93,Health_Program
P26_153,2022,Q4,Rajasthan,Udaipur,Nutrition Program,Punjab Health Mission,316264,27851,75,2308,490,10,83,Health_Program
P26_154,2021,Q2,Rajasthan,Jodhpur,Child Immunization,CARE India,76613,26698,205,3416,444,160,94,Health_Program
P26_155,2022,Q4,Kerala,Thrissur,Malaria Control,Assam NRHM,395903,44586,106,2311,454,87,62,Health_Program
P26_156,2022,Q4,Rajasthan,Jaipur,Maternal Health,CARE India,79482,16802,26,1795,631,114,89,Health_Program
P26_157,2023,Q3,Kerala,Thrissur,TB Control,Kerala Health Department,310701,20952,132,3349,175,107,63,Health_Program
P26_158,2021,Q3,Odisha,Cuttack,Maternal Health,Assam NRHM,176987,35461,131,2449,129,44,63,Health_Program
P26_159,2021,Q1,Punjab,Amritsar,Malaria Control,Punjab Health Mission,243489,11457,117,3461,268,119,89,Health_Program
P26_160,2022,Q4,Rajasthan,Udaipur,Malaria Control,State Health Society Rajasthan,107650,42176,62,2478,564,185,70,Health_Program
P26_161,2021,Q4,Kerala,Kochi,Child Immunization,CARE India,113220,30130,146,1664,296,92,68,Health_Program
P26_162,2021,Q4,Kerala,Kozhikode,Maternal Health,UNICEF India,217846,14418,174,2895,313,5,74,Health_Program
P26_163,2022,Q2,Punjab,Amritsar,Child Immunization,State Health Society Rajasthan,89518,14428,175,4346,204,63,89,Health_Program
P26_164,2021,Q2,Kerala,Kochi,TB Control,Kerala Health Department,165755,16338,75,4242,378,190,61,Health_Program
P26_165,2023,Q2,Punjab,Amritsar,Child Immunization,State Health Society Rajasthan,140252,48620,72,1466,699,192,92,Health_Program
P26_166,2023,Q4,Odisha,Cuttack,Nutrition Program,NHM Odisha,336463,16923,174,1092,660,5,93,Health_Program
P26_167,2023,Q4,Rajasthan,Udaipur,Child Immunization,CARE India,201898,29312,176,4917,278,65,86,Health_Program
P26_168,2021,Q3,Rajasthan,Jodhpur,Child Immunization,Punjab Health Mission,348063,35849,103,2879,655,36,75,Health_Program
P26_169,2021,Q2,Assam,Guwahati,Malaria Control,Kerala Health Department,90879,7689,86,4899,471,11,98,Health_Program
P26_170,2023,Q4,Odisha,Cuttack,Nutrition Program,State Health Society Rajasthan,283642,44609,168,3846,334,65,80,Health_Program
P26_171,2022,Q2,Assam,Guwahati,Maternal Health,Assam NRHM,380544,23539,113,2564,645,16,92,Health_Program
P26_172,2021,Q3,Assam,Dibrugarh,Malaria Control,Assam NRHM,314831,42149,196,159,175,52,71,Health_Program
P26_173,2023,Q2,Odisha,Puri,Child Immunization,NHM Odisha,347063,42126,32,4810,722,129,92,Health_Program
P26_174,2022,Q2,Assam,Guwahati,Nutrition Program,CARE India,109202,14426,113,3024,54,185,90,Health_Program
P26_175,2023,Q4,Punjab,Ludhiana,TB Control,Punjab Health Mission,51463,20897,227,4351,752,108,65,Health_Program
P26_176,2021,Q3,Assam,Guwahati,Maternal Health,Kerala Health Department,367407,29447,194,1399,311,89,86,Health_Program
P26_177,2021,Q3,Kerala,Thrissur,Malaria Control,Punjab Health Mission,399023,7543,59,3110,548,17,74,Health_Program
P26_178,2021,Q4,Kerala,Thrissur,Maternal Health,CARE India,286287,18983,55,556,303,15,61,Health_Program
P26_179,2022,Q4,Odisha,Cuttack,Malaria Control,NHM Odisha,396442,8309,144,2373,453,44,62,Health_Program
P27_0,2019,Q3,Rajasthan,Udaipur,TB Control,State Health Society Rajasthan,285351,35285,79,494,295,42,62,Health_Program
P27_1,2020,Q1,Rajasthan,Jodhpur,Malaria Control,UNICEF India,364871,6278,72,1297,582,90,78,Health_Program
P27_2,2020,Q4,Kerala,Kochi,Nutrition Program,UNICEF India,240719,33205,133,466,268,2,74,Health_Program
P27_3,2018,Q3,Kerala,Kozhikode,Child Immunization,CARE India,200221,34816,199,570,515,14,69,Health_Program
P27_4,2018,Q4,Kerala,Kozhikode,Malaria Control,CARE India,305217,20268,97,2701,306,11,90,Health_Program
P27_5,2018,Q3,Odisha,Cuttack,Malaria Control,CARE India,107338,42403,88,4150,462,2,76,Health_Program
P27_6,2020,Q1,Odisha,Bhubaneswar,Nutrition Program,CARE India,349197,33164,234,4266,224,82,84,Health_Program
P27_7,2020,Q2,Assam,Guwahati,Maternal Health,NHM Odisha,340583,6125,104,2651,419,190,77,Health_Program
P27_8,2019,Q2,Odisha,Cuttack,Nutrition Program,CARE India,243152,48449,188,3645,785,65,62,Health_Program
P27_9,2018,Q3,Punjab,Patiala,Child Immunization,Kerala Health Department,284176,20542,79,2366,789,152,61,Health_Program
P27_10,2019,Q3,Punjab,Ludhiana,Child Immunization,Kerala Health Department,168162,24105,108,3264,324,161,80,Health_Program
P27_11,2018,Q1,Odisha,Puri,Malaria Control,Assam NRHM,317238,42263,127,4786,117,87,61,Health_Program
P27_12,2019,Q1,Kerala,Thrissur,Malaria Control,CARE India,342950,13357,79,3378,697,109,82,Health_Program
P27_13,2018,Q3,Assam,Silchar,TB Control,NHM Odisha,254521,9702,64,448,793,170,89,Health_Program
P27_14,2020,Q4,Punjab,Patiala,Maternal Health,Assam NRHM,95572,38144,165,3825,528,27,83,Health_Program
P27_15,2019,Q2,Kerala,Kozhikode,Maternal Health,Kerala Health Department,93434,6016,34,4073,734,15,90,Health_Program
P27_16,2020,Q3,Assam,Dibrugarh,Nutrition Program,Kerala Health Department,66361,46102,239,4487,715,99,71,Health_Program
P27_17,2019,Q3,Punjab,Ludhiana,TB Control,State Health Society Rajasthan,77420,14312,89,2024,686,199,87,Health_Program
P27_18,2020,Q4,Assam,Guwahati,TB Control,NHM Odisha,374401,36554,65,1292,108,20,88,Health_Program
P27_19,2020,Q2,Rajasthan,Udaipur,Nutrition Program,CARE India,195943,9666,101,986,483,102,96,Health_Program
P27_20,2020,Q4,Punjab,Amritsar,Nutrition Program,State Health Society Rajasthan,360923,32334,35,1774,61,159,70,Health_Program
P27_21,2018,Q2,Assam,Dibrugarh,Maternal Health,Kerala Health Department,266073,14011,176,359,83,41,97,Health_Program
P27_22,2020,Q2,Odisha,Cuttack,Maternal Health,Kerala Health Department,284652,23659,226,2464,514,154,95,Health_Program
P27_23,2019,Q1,Assam,Dibrugarh,Child Immunization,Assam NRHM,100796,31775,174,4182,78,26,87,Health_Program
P27_24,2019,Q4,Punjab,Ludhiana,TB Control,Assam NRHM,158037,15371,160,154,619,182,70,Health_Program
P27_25,2019,Q2,Punjab,Patiala,TB Control,Assam NRHM,364944,32359,246,2597,589,121,66,Health_Program
P27_26,2020,Q1,Kerala,Thrissur,Maternal Health,Punjab Health Mission,234253,14776,90,3805,536,163,63,Health_Program
P27_27,2018,Q3,Rajasthan,Udaipur,Malaria Control,NHM Odisha,352317,44105,173,1130,437,33,69,Health_Program
P27_28,2018,Q1,Assam,Guwahati,Child Immunization,State Health Society Rajasthan,53895,38247,139,2400,367,66,63,Health_Program
P27_29,2019,Q1,Odisha,Cuttack,Malaria Control,State Health Society Rajasthan,122896,22138,225,3717,329,137,66,Health_Program
P27_30,2019,Q2,Punjab,Amritsar,TB Control,UNICEF India,151192,20612,131,1276,790,117,66,Health_Program
P27_31,2019,Q4,Rajasthan,Jaipur,Malaria Control,Punjab Health Mission,46178,21346,201,1964,612,19,80,Health_Program
P27_32,2020,Q3,Punjab,Patiala,Child Immunization,Assam NRHM,155621,28121,93,122,270,65,64,Health_Program
P27_33,2020,Q4,Odisha,Bhubaneswar,Nutrition Program,CARE India,183714,42272,244,262,639,37,92,Health_Program
P27_34,2020,Q3,Punjab,Ludhiana,Child Immunization,Kerala Health Department,98156,46612,76,531,224,6,76,Health_Program
P27_35,2019,Q1,Punjab,Patiala,Child Immunization,Assam NRHM,293230,24859,56,3559,261,32,77,Health_Program
P27_36,2019,Q3,Assam,Dibrugarh,Nutrition Program,State Health Society Rajasthan,279369,41018,50,4246,562,6,82,Health_Program
P27_37,2019,Q1,Odisha,Cuttack,Malaria Control,UNICEF India,42686,44107,56,2495,509,65,84,Health_Program
P27_38,2020,Q1,Punjab,Patiala,TB Control,Kerala Health Department,173355,31426,118,483,398,75,61,Health_Program
P27_39,2019,Q3,Punjab,Amritsar,Child Immunization,Kerala Health Department,361084,45225,82,4238,302,110,90,Health_Program
P27_40,2018,Q1,Assam,Silchar,Malaria Control,UNICEF India,87936,46037,132,1787,140,29,92,Health_Program
P27_41,2019,Q2,Rajasthan,Jodhpur,TB Control,NHM Odisha,372557,41383,58,629,420,35,67,Health_Program
P27_42,2018,Q4,Punjab,Amritsar,Malaria Control,CARE India,48672,48588,178,1516,139,107,67,Health_Program
P27_43,2020,Q3,Assam,Guwahati,Malaria Control,NHM Odisha,121637,36448,197,895,434,23,63,Health_Program
P27_44,2019,Q1,Punjab,Ludhiana,Child Immunization,NHM Odisha,212162,32607,247,4400,267,67,62,Health_Program
P27_45,2018,Q1,Assam,Guwahati,Child Immunization,UNICEF India,190216,43642,44,2042,253,74,81,Health_Program
P27_46,2018,Q4,Punjab,Patiala,Malaria Control,Assam NRHM,167530,35059,132,1376,623,146,98,Health_Program
P27_47,2019,Q2,Assam,Dibrugarh,Nutrition Program,CARE India,360346,7685,249,2344,662,104,87,Health_Program
P27_48,2019,Q1,Odisha,Bhubaneswar,Malaria Control,CARE India,53290,37287,108,499,371,142,72,Health_Program
P27_49,2018,Q1,Rajasthan,Jaipur,Child Immunization,Punjab Health Mission,228212,32895,205,2480,287,147,68,Health_Program
P27_50,2019,Q2,Punjab,Ludhiana,Nutrition Program,Assam NRHM,98857,43160,39,2715,511,65,66,Health_Program
P27_51,2019,Q1,Punjab,Patiala,Malaria Control,Kerala Health Department,324628,48198,39,444,374,63,69,Health_Program
P27_52,2020,Q3,Assam,Silchar,Malaria Control,State Health Society Rajasthan,124172,15113,80,844,771,193,86,Health_Program
P27_53,2020,Q4,Assam,Dibrugarh,TB Control,UNICEF India,173044,33380,162,1685,267,15,71,Health_Program
P27_54,2020,Q4,Punjab,Ludhiana,TB Control,State Health Society Rajasthan,236705,30333,186,3790,563,195,74,Health_Program
P27_55,2019,Q4,Odisha,Puri,Maternal Health,NHM Odisha,284696,36818,221,1956,232,63,76,Health_Program
P27_56,2019,Q3,Punjab,Ludhiana,Maternal Health,State Health Society Rajasthan,181844,47825,122,1666,469,52,84,Health_Program
P27_57,2019,Q1,Rajasthan,Udaipur,Malaria Control,UNICEF India,127164,41350,185,2250,706,71,63,Health_Program
P27_58,2018,Q2,Punjab,Patiala,Nutrition Program,Assam NRHM,126372,22671,108,1325,755,118,94,Health_Program
P27_59,2019,Q2,Punjab,Ludhiana,Malaria Control,State Health Society Rajasthan,288717,23688,181,2326,402,43,86,Health_Program
P27_60,2019,Q2,Kerala,Thrissur,Nutrition Program,Assam NRHM,106441,44726,28,4444,187,150,78,Health_Program
P27_61,2020,Q4,Punjab,Patiala,Maternal Health,State Health Society Rajasthan,201672,8727,116,1363,282,15,64,Health_Program
P27_62,2019,Q4,Rajasthan,Udaipur,Malaria Control,Punjab Health Mission,203444,12851,134,1448,85,98,97,Health_Program
P27_63,2019,Q1,Rajasthan,Jodhpur,TB Control,Punjab Health Mission,69118,18302,177,601,209,189,88,Health_Program
P27_64,2018,Q3,Assam,Silchar,Malaria Control,Punjab Health Mission,277132,29996,37,4505,128,98,91,Health_Program
P27_65,2020,Q2,Rajasthan,Udaipur,Malaria Control,State Health Society Rajasthan,191898,12261,137,4414,517,57,90,Health_Program
P27_66,2019,Q2,Kerala,Kozhikode,Child Immunization,Punjab Health Mission,241438,42414,196,670,745,59,76,Health_Program
P27_67,2020,Q4,Punjab,Ludhiana,Child Immunization,State Health Society Rajasthan,70325,11839,192,4663,664,195,92,Health_Program
P27_68,2020,Q4,Kerala,Kochi,Malaria Control,State Health Society Rajasthan,366037,38646,216,4078,468,66,84,Health_Program
P27_69,2019,Q4,Odisha,Cuttack,Malaria Control,CARE India,170168,34827,96,3131,69,18,67,Health_Program
P27_70,2019,Q3,Rajasthan,Jaipur,Maternal Health,Assam NRHM,300985,33785,41,4945,136,26,98,Health_Program
P27_71,2020,Q1,Assam,Guwahati,TB Control,Kerala Health Department,332618,23995,204,1658,766,32,78,Health_Program
P27_72,2018,Q2,Assam,Guwahati,Child Immunization,Assam NRHM,247763,40600,165,4500,130,23,63,Health_Program
P27_73,2018,Q1,Rajasthan,Udaipur,Nutrition Program,UNICEF India,143488,15478,194,2850,286,87,97,Health_Program
P27_74,2020,Q4,Assam,Guwahati,Child Immunization,UNICEF India,294178,48122,181,2172,391,80,60,Health_Program
P27_75,2018,Q2,Odisha,Puri,TB Control,UNICEF India,156492,28636,115,398,295,91,72,Health_Program
P27_76,2020,Q4,Kerala,Kozhikode,TB Control,Punjab Health Mission,217923,23250,176,4339,595,5,73,Health_Program
P27_77,2018,Q2,Odisha,Puri,TB Control,State Health Society Rajasthan,303045,45486,36,1010,500,28,65,Health_Program
P27_78,2019,Q3,Rajasthan,Jodhpur,TB Control,Punjab Health Mission,397200,26257,143,615,359,163,77,Health_Program
P27_79,2019,Q3,Assam,Guwahati,Child Immunization,CARE India,192517,5074,212,2173,224,94,70,Health_Program
P27_80,2019,Q2,Punjab,Amritsar,Child Immunization,CARE India,85490,47229,91,4705,744,103,80,Health_Program
P27_81,2019,Q3,Odisha,Puri,Maternal Health,NHM Odisha,178450,45085,130,1700,602,37,80,Health_Program
P27_82,2020,Q4,Kerala,Thrissur,TB Control,Kerala Health Department,153019,35661,91,3353,444,149,61,Health_Program
P27_83,2020,Q1,Odisha,Cuttack,Nutrition Program,Kerala Health Department,362656,26759,144,4847,512,189,86,Health_Program
P27_84,2020,Q2,Odisha,Bhubaneswar,Malaria Control,UNICEF India,279913,5873,173,2462,107,104,95,Health_Program
P27_85,2020,Q1,Kerala,Thrissur,TB Control,State Health Society Rajasthan,103748,25146,175,1714,594,100,74,Health_Program
P27_86,2020,Q4,Assam,Guwahati,Malaria Control,UNICEF India,211669,46230,64,548,626,130,72,Health_Program
P27_87,2019,Q2,Assam,Silchar,Child Immunization,CARE India,71185,49485,142,3574,540,15,92,Health_Program
P27_88,2019,Q2,Assam,Silchar,TB Control,CARE India,197625,47242,97,1571,121,24,69,Health_Program
P27_89,2018,Q4,Kerala,Thrissur,Nutrition Program,CARE India,364505,28137,213,933,331,38,70,Health_Program
P27_90,2019,Q1,Kerala,Kozhikode,Malaria Control,UNICEF India,394482,12040,157,4804,309,75,64,Health_Program
P27_91,2020,Q4,Punjab,Ludhiana,TB Control,Assam NRHM,56451,7683,88,3479,161,138,89,Health_Program
P27_92,2019,Q3,Punjab,Ludhiana,Nutrition Program,Assam NRHM,264706,33452,193,1088,462,26,63,Health_Program
P27_93,2019,Q4,Punjab,Patiala,Child Immunization,NHM Odisha,135364,30270,148,3854,208,122,92,Health_Program
P27_94,2018,Q2,Assam,Guwahati,Nutrition Program,State Health Society Rajasthan,309556,17164,108,1174,154,2,92,Health_Program
P27_95,2018,Q4,Odisha,Bhubaneswar,Nutrition Program,NHM Odisha,394247,34356,186,3529,369,66,78,Health_Program
P27_96,2019,Q1,Odisha,Bhubaneswar,Malaria Control,NHM Odisha,377033,26375,103,4644,570,88,87,Health_Program
P27_97,2018,Q3,Kerala,Thrissur,Nutrition Program,Assam NRHM,282935,17891,121,3484,740,80,91,Health_Program
P27_98,2019,Q4,Odisha,Puri,Maternal Health,State Health Society Rajasthan,62617,47231,87,1231,426,26,82,Health_Program
P27_99,2020,Q2,Rajasthan,Jodhpur,Child Immunization,Assam NRHM,141812,6841,209,2884,792,11,88,Health_Program
P27_100,2020,Q4,Rajasthan,Jodhpur,TB Control,UNICEF India,91325,41843,38,4186,86,186,95,Health_Program
P27_101,2019,Q4,Kerala,Kochi,Maternal Health,CARE India,45272,35930,23,3154,56,80,95,Health_Program
P27_102,2018,Q4,Rajasthan,Udaipur,Malaria Control,CARE India,103179,35629,62,1119,568,163,61,Health_Program
P27_103,2018,Q4,Rajasthan,Jaipur,Nutrition Program,CARE India,216666,45563,100,1848,100,92,96,Health_Program
P27_104,2019,Q1,Kerala,Kochi,Child Immunization,CARE India,163852,13274,113,1149,124,113,79,Health_Program
P27_105,2019,Q4,Rajasthan,Udaipur,Nutrition Program,Punjab Health Mission,173566,12205,40,4476,756,77,60,Health_Program
P27_106,2020,Q4,Odisha,Puri,Malaria Control,UNICEF India,184531,11250,213,720,676,58,84,Health_Program
P27_107,2020,Q4,Kerala,Thrissur,Child Immunization,NHM Odisha,248023,21319,49,378,671,83,85,Health_Program
P27_108,2020,Q3,Kerala,Kochi,Child Immunization,State Health Society Rajasthan,394698,30398,129,1522,79,85,95,Health_Program
P27_109,2020,Q1,Kerala,Thrissur,Malaria Control,UNICEF India,101793,36668,153,2775,465,35,82,Health_Program
P27_110,2020,Q3,Odisha,Puri,Nutrition Program,UNICEF India,207528,20437,61,1819,334,60,75,Health_Program
P27_111,2018,Q2,Assam,Silchar,Malaria Control,NHM Odisha,168519,39240,177,3298,345,141,75,Health_Program
P27_112,2020,Q2,Kerala,Thrissur,Maternal Health,Punjab Health Mission,186124,27841,35,3436,85,3,71,Health_Program
P27_113,2020,Q1,Kerala,Kozhikode,Malaria Control,Assam NRHM,386022,19360,72,3212,202,68,69,Health_Program
P27_114,2019,Q3,Odisha,Bhubaneswar,Nutrition Program,NHM Odisha,40519,38202,182,2433,769,166,80,Health_Program
P27_115,2018,Q2,Odisha,Cuttack,Nutrition Program,Punjab Health Mission,367719,28922,77,4104,601,47,93,Health_Program
P27_116,2019,Q3,Kerala,Kochi,TB Control,UNICEF India,311265,24590,100,171,716,66,70,Health_Program
P27_117,2020,Q1,Punjab,Ludhiana,Child Immunization,Punjab Health Mission,99873,18483,207,1192,274,53,96,Health_Program
P27_118,2019,Q2,Kerala,Thrissur,Child Immunization,Assam NRHM,134321,37318,147,1744,236,41,79,Health_Program
P27_119,2020,Q3,Assam,Guwahati,Maternal Health,State Health Society Rajasthan,210666,20089,136,1864,115,162,87,Health_Program
P27_120,2020,Q2,Punjab,Patiala,Malaria Control,UNICEF India,349242,8025,75,3404,256,98,61,Health_Program
P27_121,2019,Q1,Punjab,Patiala,Malaria Control,CARE India,241022,30615,93,140,317,114,65,Health_Program
P27_122,2018,Q3,Kerala,Kochi,Child Immunization,NHM Odisha,141979,46314,233,515,112,64,65,Health_Program
P27_123,2018,Q3,Rajasthan,Jaipur,TB Control,Assam NRHM,84412,29916,190,2732,596,110,86,Health_Program
P27_124,2018,Q3,Punjab,Ludhiana,Maternal Health,Kerala Health Department,342789,35729,144,498,336,94,89,Health_Program
P27_125,2020,Q4,Odisha,Puri,TB Control,UNICEF India,358292,43151,37,4927,101,167,93,Health_Program
P27_126,2018,Q2,Punjab,Ludhiana,Maternal Health,UNICEF India,103839,27048,167,2443,245,6,85,Health_Program
P27_127,2020,Q2,Odisha,Cuttack,Nutrition Program,UNICEF India,346634,16015,51,198,693,180,92,Health_Program
P27_128,2019,Q1,Punjab,Ludhiana,Child Immunization,State Health Society Rajasthan,334372,47301,198,528,617,102,84,Health_Program
P27_129,2018,Q1,Punjab,Ludhiana,Maternal Health,UNICEF India,242081,22974,239,4647,333,56,87,Health_Program
P27_130,2019,Q4,Assam,Guwahati,Child Immunization,State Health Society Rajasthan,75753,33868,160,4818,777,106,76,Health_Program
P27_131,2018,Q4,Rajasthan,Jodhpur,Maternal Health,Assam NRHM,268213,27072,239,3251,526,77,93,Health_Program
P27_132,2018,Q4,Kerala,Kochi,TB Control,Kerala Health Department,50957,19267,84,2751,696,133,60,Health_Program
P27_133,2019,Q4,Odisha,Cuttack,Malaria Control,Assam NRHM,250142,23274,207,2613,284,171,70,Health_Program
P27_134,2019,Q1,Kerala,Kozhikode,Malaria Control,State Health Society Rajasthan,193570,18658,171,4852,345,191,77,Health_Program
P27_135,2019,Q2,Assam,Guwahati,Maternal Health,NHM Odisha,136760,46880,119,4145,175,180,87,Health_Program
P27_136,2019,Q2,Punjab,Patiala,TB Control,Kerala Health Department,163852,42872,225,1318,711,102,69,Health_Program
P27_137,2019,Q3,Odisha,Puri,TB Control,NHM Odisha,126413,33261,142,2345,683,0,70,Health_Program
P27_138,2018,Q4,Assam,Guwahati,Child Immunization,NHM Odisha,218706,8258,240,4910,55,106,80,Health_Program
P27_139,2020,Q2,Kerala,Kozhikode,Child Immunization,State Health Society Rajasthan,370725,16656,153,1629,360,112,92,Health_Program
P27_140,2019,Q2,Punjab,Amritsar,Nutrition Program,CARE India,65376,39928,178,4049,125,183,83,Health_Program
P27_141,2018,Q1,Kerala,Kozhikode,Maternal Health,Punjab Health Mission,363993,9644,23,2775,741,192,83,Health_Program
P27_142,2020,Q2,Kerala,Kozhikode,TB Control,State Health Society Rajasthan,52972,25080,241,959,590,108,82,Health_Program
P27_143,2018,Q4,Odisha,Cuttack,Nutrition Program,NHM Odisha,369372,15116,189,3152,54,172,84,Health_Program
P27_144,2019,Q1,Rajasthan,Jaipur,Malaria Control,NHM Odisha,397197,19184,53,2463,85,82,60,Health_Program
P27_145,2020,Q1,Rajasthan,Udaipur,TB Control,UNICEF India,370512,23977,217,4141,475,130,67,Health_Program
P27_146,2019,Q2,Punjab,Amritsar,Maternal Health,UNICEF India,303431,30021,151,4600,321,194,75,Health_Program
P27_147,2019,Q4,Rajasthan,Udaipur,Child Immunization,UNICEF India,251809,33022,224,109,128,51,69,Health_Program
P27_148,2020,Q1,Rajasthan,Jaipur,Nutrition Program,CARE India,268361,34833,107,4432,357,95,80,Health_Program
P27_149,2018,Q1,Assam,Silchar,TB Control,Punjab Health Mission,228561,34130,97,2121,233,131,62,Health_Program
P27_150,2019,Q4,Punjab,Patiala,TB Control,NHM Odisha,277912,5049,218,1168,591,143,71,Health_Program
P27_151,2018,Q4,Rajasthan,Udaipur,Nutrition Program,Kerala Health Department,56540,23733,157,4538,386,140,76,Health_Program
P27_152,2020,Q1,Punjab,Amritsar,Child Immunization,State Health Society Rajasthan,342610,7318,31,617,625,68,87,Health_Program
P27_153,2020,Q4,Punjab,Amritsar,TB Control,UNICEF India,119048,26028,218,3168,64,103,97,Health_Program
P27_154,2020,Q3,Rajasthan,Udaipur,Malaria Control,Assam NRHM,288299,10867,56,2478,754,169,75,Health_Program
P27_155,2018,Q4,Rajasthan,Udaipur,Maternal Health,NHM Odisha,310928,43700,115,2573,332,94,76,Health_Program
P27_156,2019,Q1,Rajasthan,Jaipur,TB Control,CARE India,276908,43782,123,1875,433,137,77,Health_Program
P27_157,2019,Q4,Assam,Dibrugarh,Malaria Control,State Health Society Rajasthan,144621,25904,98,553,99,116,81,Health_Program
P27_158,2020,Q4,Odisha,Cuttack,TB Control,Assam NRHM,310148,42829,193,868,599,159,84,Health_Program
P27_159,2019,Q1,Punjab,Patiala,Maternal Health,State Health Society Rajasthan,248344,46698,248,2172,507,192,88,Health_Program
P27_160,2019,Q4,Kerala,Kozhikode,TB Control,Assam NRHM,333380,23895,152,3316,373,85,63,Health_Program
P27_161,2018,Q1,Odisha,Puri,Child Immunization,CARE India,289725,39169,23,1877,606,117,71,Health_Program
P27_162,2020,Q4,Odisha,Puri,Malaria Control,Kerala Health Department,341978,9690,83,4016,65,4,74,Health_Program
P27_163,2019,Q3,Assam,Guwahati,Malaria Control,State Health Society Rajasthan,258103,37497,210,2213,674,67,73,Health_Program
P27_164,2018,Q3,Kerala,Kozhikode,Maternal Health,UNICEF India,297584,34715,134,4336,82,26,97,Health_Program
P27_165,2019,Q3,Assam,Dibrugarh,Malaria Control,CARE India,330622,8338,73,4776,601,20,64,Health_Program
P27_166,2018,Q1,Odisha,Puri,Nutrition Program,State Health Society Rajasthan,394465,26963,246,3801,563,38,69,Health_Program
P27_167,2020,Q4,Punjab,Patiala,Child Immunization,Punjab Health Mission,398047,10999,220,3274,742,17,95,Health_Program
P27_168,2018,Q3,Odisha,Bhubaneswar,Child Immunization,State Health Society Rajasthan,347986,5891,167,4812,420,178,80,Health_Program
P27_169,2018,Q4,Assam,Dibrugarh,Maternal Health,CARE India,245413,21318,161,1099,224,74,62,Health_Program
P27_170,2018,Q3,Rajasthan,Udaipur,TB Control,Assam NRHM,271447,41560,119,3161,435,95,71,Health_Program
P27_171,2019,Q4,Assam,Dibrugarh,Maternal Health,Kerala Health Department,53545,13856,145,1218,387,165,66,Health_Program
P27_172,2020,Q4,Odisha,Puri,TB Control,Assam NRHM,233447,18324,82,454,693,183,72,Health_Program
P27_173,2020,Q1,Rajasthan,Jaipur,Maternal Health,UNICEF India,332382,28594,159,3836,68,186,60,Health_Program
P27_174,2020,Q3,Rajasthan,Udaipur,Malaria Control,Punjab Health Mission,291385,14406,160,3983,789,48,71,Health_Program
P27_175,2020,Q3,Odisha,Cuttack,TB Control,State Health Society Rajasthan,232668,15233,132,859,751,36,70,Health_Program
P27_176,2020,Q3,Assam,Dibrugarh,Child Immunization,NHM Odisha,362716,42924,76,940,317,99,70,Health_Program
P27_177,2018,Q2,Kerala,Kochi,Malaria Control,NHM Odisha,105375,48772,80,815,800,37,74,Health_Program
P27_178,2019,Q3,Assam,Silchar,Malaria Control,Assam NRHM,141927,41078,31,4893,343,94,83,Health_Program
P27_179,2018,Q1,Punjab,Ludhiana,Maternal Health,Assam NRHM,105515,26543,122,663,269,16,72,Health_Program
P28_0,2020,Q3,Odisha,Bhubaneswar,TB Control,UNICEF India,232963,28977,61,1589,115,91,79,Health_Program
P28_1,2019,Q2,Rajasthan,Jodhpur,Child Immunization,UNICEF India,319933,42684,168,4299,549,193,69,Health_Program
P28_2,2019,Q1,Rajasthan,Udaipur,TB Control,Kerala Health Department,97699,39019,159,541,284,160,81,Health_Program
P28_3,2019,Q4,Odisha,Bhubaneswar,Child Immunization,Punjab Health Mission,243476,47956,66,3829,143,43,96,Health_Program
P28_4,2018,Q2,Kerala,Thrissur,Malaria Control,NHM Odisha,399072,25167,154,208,327,20,97,Health_Program
P28_5,2018,Q1,Assam,Dibrugarh,Malaria Control,Assam NRHM,295592,35553,94,2402,715,199,66,Health_Program
P28_6,2022,Q1,Punjab,Ludhiana,Maternal Health,Punjab Health Mission,57248,34376,120,3611,649,57,64,Health_Program
P28_7,2019,Q1,Odisha,Bhubaneswar,Nutrition Program,State Health Society Rajasthan,62540,46170,46,4357,159,112,95,Health_Program
P28_8,2022,Q1,Punjab,Amritsar,Child Immunization,CARE India,385216,12480,180,4349,633,15,86,Health_Program
P28_9,2020,Q2,Rajasthan,Jaipur,Maternal Health,UNICEF India,113840,9251,192,2590,147,137,74,Health_Program
P28_10,2018,Q2,Punjab,Amritsar,Malaria Control,Punjab Health Mission,188767,28606,79,2037,504,75,93,Health_Program
P28_11,2019,Q2,Kerala,Kozhikode,TB Control,CARE India,301150,32003,155,3868,722,96,63,Health_Program
P28_12,2021,Q4,Punjab,Ludhiana,Nutrition Program,Assam NRHM,314521,25316,109,4543,78,128,77,Health_Program
P28_13,2022,Q3,Assam,Guwahati,Child Immunization,UNICEF India,199902,17369,215,362,682,191,75,Health_Program
P28_14,2019,Q1,Odisha,Cuttack,TB Control,NHM Odisha,375975,16666,211,4963,188,185,68,Health_Program
P28_15,2020,Q1,Kerala,Kozhikode,Maternal Health,State Health Society Rajasthan,150177,23001,132,1777,763,90,80,Health_Program
P28_16,2018,Q2,Odisha,Puri,Maternal Health,Kerala Health Department,304639,28801,29,2931,479,83,61,Health_Program
P28_17,2020,Q1,Punjab,Ludhiana,TB Control,Assam NRHM,85758,35411,175,1845,184,155,80,Health_Program
P28_18,2018,Q2,Punjab,Ludhiana,TB Control,UNICEF India,346154,17403,176,273,66,47,75,Health_Program
P28_19,2021,Q1,Punjab,Ludhiana,Maternal Health,Assam NRHM,78896,43714,183,3021,554,166,92,Health_Program
P28_20,2021,Q2,Odisha,Cuttack,Maternal Health,NHM Odisha,311095,15530,131,4210,567,167,91,Health_Program
P28_21,2018,Q4,Rajasthan,Udaipur,Child Immunization,State Health Society Rajasthan,124400,19739,47,3755,593,46,93,Health_Program
P28_22,2018,Q1,Odisha,Puri,Maternal Health,Kerala Health Department,80738,49338,169,2538,680,53,63,Health_Program
P28_23,2019,Q1,Assam,Dibrugarh,Nutrition Program,CARE India,281866,6263,220,4221,361,57,64,Health_Program
P28_24,2019,Q2,Assam,Silchar,Nutrition Program,NHM Odisha,338756,31566,57,3884,386,159,89,Health_Program
P28_25,2020,Q2,Assam,Dibrugarh,TB Control,Kerala Health Department,397412,29821,130,1700,716,32,94,Health_Program
P28_26,2018,Q1,Kerala,Kozhikode,Maternal Health,Punjab Health Mission,302210,23406,159,4097,149,164,96,Health_Program
P28_27,2022,Q1,Kerala,Thrissur,TB Control,State Health Society Rajasthan,154193,44002,95,1921,710,10,82,Health_Program
P28_28,2018,Q1,Odisha,Cuttack,TB Control,Assam NRHM,217687,37392,48,1896,578,37,79,Health_Program
P28_29,2021,Q3,Punjab,Patiala,Malaria Control,NHM Odisha,154582,26671,197,3313,364,124,73,Health_Program
P28_30,2022,Q2,Assam,Dibrugarh,TB Control,CARE India,386864,19007,202,3860,417,76,97,Health_Program
P28_31,2021,Q2,Odisha,Puri,Child Immunization,NHM Odisha,160695,8103,101,4346,559,92,68,Health_Program
P28_32,2022,Q3,Rajasthan,Jodhpur,TB Control,NHM Odisha,197115,24669,195,1674,597,180,93,Health_Program
P28_33,2019,Q4,Rajasthan,Jaipur,Malaria Control,NHM Odisha,159050,38046,70,2295,474,105,60,Health_Program
P28_34,2022,Q4,Odisha,Puri,TB Control,UNICEF India,273586,32071,116,307,334,91,78,Health_Program
P28_35,2018,Q2,Punjab,Ludhiana,Child Immunization,CARE India,162223,49059,45,2332,793,54,68,Health_Program
P28_36,2018,Q2,Odisha,Cuttack,Child Immunization,NHM Odisha,380189,12487,188,2143,726,120,87,Health_Program
P28_37,2022,Q2,Assam,Guwahati,Child Immunization,Punjab Health Mission,79995,31200,227,2254,314,113,62,Health_Program
P28_38,2022,Q4,Punjab,Amritsar,Maternal Health,State Health Society Rajasthan,151490,8256,226,4927,126,53,93,Health_Program
P28_39,2020,Q4,Rajasthan,Udaipur,Malaria Control,Punjab Health Mission,330497,25307,200,993,74,173,77,Health_Program
P28_40,2019,Q2,Assam,Dibrugarh,Maternal Health,Punjab Health Mission,244270,20002,125,1325,495,43,97,Health_Program
P28_41,2022,Q4,Kerala,Thrissur,Child Immunization,State Health Society Rajasthan,191666,49596,152,1915,411,158,93,Health_Program
P28_42,2021,Q3,Assam,Dibrugarh,Nutrition Program,NHM Odisha,86283,48720,195,418,570,77,87,Health_Program
P28_43,2020,Q2,Punjab,Amritsar,Malaria Control,State Health Society Rajasthan,335460,34818,209,1628,654,109,97,Health_Program
P28_44,2021,Q3,Rajasthan,Udaipur,Nutrition Program,State Health Society Rajasthan,97899,49359,231,4358,174,198,89,Health_Program
P28_45,2018,Q2,Rajasthan,Jaipur,Child Immunization,NHM Odisha,274787,38895,96,3510,160,194,65,Health_Program
P28_46,2020,Q2,Punjab,Patiala,Malaria Control,Kerala Health Department,273117,21894,150,3014,416,155,74,Health_Program
P28_47,2019,Q2,Kerala,Thrissur,Child Immunization,State Health Society Rajasthan,382018,40347,247,4172,413,136,95,Health_Program
P28_48,2019,Q1,Punjab,Amritsar,Malaria Control,UNICEF India,387774,34836,157,238,480,149,67,Health_Program
P28_49,2021,Q2,Rajasthan,Jodhpur,Nutrition Program,CARE India,92952,48017,132,550,628,53,68,Health_Program
P28_50,2022,Q1,Assam,Silchar,Malaria Control,Punjab Health Mission,57510,49426,51,3124,447,129,82,Health_Program
P28_51,2022,Q3,Assam,Dibrugarh,TB Control,Kerala Health Department,124733,46187,225,1653,225,16,79,Health_Program
P28_52,2019,Q2,Rajasthan,Jodhpur,Nutrition Program,UNICEF India,347378,8385,103,1175,552,100,66,Health_Program
P28_53,2020,Q2,Odisha,Bhubaneswar,Maternal Health,Punjab Health Mission,210879,43912,54,4442,618,141,78,Health_Program
P28_54,2019,Q2,Kerala,Kozhikode,Nutrition Program,Punjab Health Mission,379275,5755,214,4874,656,123,92,Health_Program
P28_55,2019,Q2,Odisha,Bhubaneswar,Nutrition Program,Kerala Health Department,228664,17594,143,972,496,8,97,Health_Program
P28_56,2019,Q2,Rajasthan,Jodhpur,Child Immunization,UNICEF India,56054,42127,245,3844,245,28,64,Health_Program
P28_57,2021,Q4,Rajasthan,Udaipur,TB Control,CARE India,40446,19837,47,1091,614,199,65,Health_Program
P28_58,2022,Q2,Rajasthan,Jodhpur,Maternal Health,UNICEF India,187506,15644,135,4785,346,68,82,Health_Program
P28_59,2020,Q4,Assam,Dibrugarh,Malaria Control,Assam NRHM,297497,13406,28,3002,513,193,84,Health_Program
P28_60,2021,Q4,Kerala,Thrissur,Nutrition Program,Assam NRHM,156040,48571,60,1400,624,43,74,Health_Program
P28_61,2020,Q2,Rajasthan,Udaipur,TB Control,Assam NRHM,318694,14244,207,1483,622,95,87,Health_Program
P28_62,2019,Q1,Assam,Silchar,TB Control,Punjab Health Mission,99522,27905,135,1810,630,20,71,Health_Program
P28_63,2022,Q1,Punjab,Ludhiana,Maternal Health,Assam NRHM,340953,13214,68,2383,761,22,86,Health_Program
P28_64,2019,Q4,Assam,Guwahati,Child Immunization,NHM Odisha,341523,20995,95,4538,624,124,71,Health_Program
P28_65,2018,Q3,Kerala,Kozhikode,Malaria Control,State Health Society Rajasthan,268162,5522,121,4638,769,12,73,Health_Program
P28_66,2022,Q4,Rajasthan,Jodhpur,Maternal Health,CARE India,152085,25485,132,3811,618,11,86,Health_Program
P28_67,2019,Q4,Assam,Silchar,Maternal Health,State Health Society Rajasthan,152899,26473,58,3739,233,50,66,Health_Program
P28_68,2018,Q2,Rajasthan,Jaipur,TB Control,Kerala Health Department,156791,46869,144,2813,139,85,94,Health_Program
P28_69,2019,Q1,Kerala,Thrissur,TB Control,UNICEF India,44818,33570,119,4141,615,166,83,Health_Program
P28_70,2018,Q4,Assam,Dibrugarh,Nutrition Program,Assam NRHM,200680,19468,206,2425,225,70,71,Health_Program
P28_71,2020,Q3,Odisha,Bhubaneswar,Nutrition Program,Assam NRHM,190191,7069,126,1440,161,56,80,Health_Program
P28_72,2020,Q4,Odisha,Bhubaneswar,Maternal Health,NHM Odisha,93541,36099,180,691,170,101,71,Health_Program
P28_73,2022,Q2,Kerala,Kochi,Malaria Control,Punjab Health Mission,378316,38303,162,1419,421,175,70,Health_Program
P28_74,2022,Q1,Punjab,Patiala,Maternal Health,CARE India,190602,32187,43,3997,187,193,74,Health_Program
P28_75,2020,Q2,Kerala,Thrissur,Maternal Health,UNICEF India,158765,19546,83,4813,51,99,80,Health_Program
P28_76,2020,Q4,Kerala,Kozhikode,Maternal Health,Kerala Health Department,280424,8857,184,1843,52,123,83,Health_Program
P28_77,2018,Q1,Kerala,Kozhikode,Maternal Health,CARE India,373079,21317,208,4351,271,43,61,Health_Program
P28_78,2020,Q1,Kerala,Kozhikode,Child Immunization,Kerala Health Department,72424,16970,97,4759,478,78,89,Health_Program
P28_79,2020,Q2,Kerala,Kochi,Nutrition Program,Assam NRHM,331137,24427,228,1397,260,70,65,Health_Program
P28_80,2019,Q1,Kerala,Kozhikode,TB Control,State Health Society Rajasthan,185718,18678,234,3769,98,151,73,Health_Program
P28_81,2022,Q4,Punjab,Amritsar,TB Control,CARE India,83756,36645,125,2499,713,119,90,Health_Program
P28_82,2018,Q3,Rajasthan,Jaipur,Child Immunization,NHM Odisha,332660,45647,185,1759,199,58,79,Health_Program
P28_83,2021,Q1,Kerala,Kochi,TB Control,UNICEF India,230048,48161,139,2972,302,7,90,Health_Program
P28_84,2021,Q3,Assam,Silchar,Maternal Health,CARE India,198192,25734,28,4582,415,157,89,Health_Program
P28_85,2019,Q1,Odisha,Cuttack,Maternal Health,Kerala Health Department,260868,48319,198,4700,77,167,88,Health_Program
P28_86,2022,Q4,Punjab,Amritsar,TB Control,Punjab Health Mission,127883,43207,46,642,260,145,85,Health_Program
P28_87,2020,Q2,Rajasthan,Jaipur,Maternal Health,CARE India,103738,49909,120,4759,123,100,74,Health_Program
P28_88,2018,Q4,Rajasthan,Jaipur,Child Immunization,State Health Society Rajasthan,166589,19179,147,2170,474,143,66,Health_Program
P28_89,2022,Q2,Kerala,Thrissur,TB Control,UNICEF India,270760,44579,58,1246,312,86,86,Health_Program
P28_90,2020,Q4,Assam,Silchar,Maternal Health,Kerala Health Department,391954,26112,130,2239,426,184,70,Health_Program
P28_91,2020,Q2,Assam,Dibrugarh,Maternal Health,CARE India,218056,21366,216,3769,349,34,61,Health_Program
P28_92,2021,Q1,Rajasthan,Jodhpur,Maternal Health,NHM Odisha,101836,36420,238,2685,446,64,61,Health_Program
P28_93,2021,Q1,Punjab,Amritsar,TB Control,Kerala Health Department,246832,48655,242,2297,794,179,85,Health_Program
P28_94,2022,Q1,Rajasthan,Jaipur,TB Control,CARE India,193724,7935,240,2543,307,197,81,Health_Program
P28_95,2022,Q3,Kerala,Kozhikode,Maternal Health,UNICEF India,396399,19703,86,4769,534,157,81,Health_Program
P28_96,2019,Q3,Odisha,Puri,Maternal Health,NHM Odisha,203898,26459,223,3417,150,32,67,Health_Program
P28_97,2021,Q4,Assam,Dibrugarh,Nutrition Program,NHM Odisha,182022,14366,116,783,762,194,74,Health_Program
P28_98,2018,Q4,Odisha,Cuttack,Malaria Control,Kerala Health Department,112673,27874,102,4316,711,115,63,Health_Program
P28_99,2022,Q3,Rajasthan,Jaipur,Child Immunization,CARE India,100027,45154,103,4446,471,100,78,Health_Program
P28_100,2021,Q2,Odisha,Puri,Malaria Control,NHM Odisha,103325,41318,135,2498,687,100,81,Health_Program
P28_101,2019,Q4,Punjab,Patiala,TB Control,UNICEF India,264084,35333,151,172,508,136,90,Health_Program
P28_102,2020,Q2,Odisha,Cuttack,Malaria Control,Assam NRHM,338243,32137,102,782,565,192,87,Health_Program
P28_103,2020,Q2,Assam,Dibrugarh,Child Immunization,Punjab Health Mission,110721,15011,57,3129,311,197,66,Health_Program
P28_104,2020,Q3,Assam,Silchar,TB Control,Punjab Health Mission,93251,7523,165,4857,149,39,96,Health_Program
P28_105,2019,Q1,Rajasthan,Jodhpur,Child Immunization,Punjab Health Mission,277044,8199,192,2218,486,29,88,Health_Program
P28_106,2020,Q4,Punjab,Patiala,Child Immunization,State Health Society Rajasthan,290292,16980,241,3333,709,86,61,Health_Program
P28_107,2019,Q4,Odisha,Cuttack,Malaria Control,Kerala Health Department,199049,29160,202,2244,468,44,76,Health_Program
P28_108,2022,Q2,Punjab,Ludhiana,TB Control,Punjab Health Mission,380182,39318,173,4297,599,49,63,Health_Program
P28_109,2018,Q3,Kerala,Kochi,Malaria Control,State Health Society Rajasthan,274955,38486,238,1677,586,100,73,Health_Program
P28_110,2021,Q2,Kerala,Kozhikode,Child Immunization,Punjab Health Mission,385516,41045,36,732,118,1,76,Health_Program
P28_111,2020,Q4,Assam,Guwahati,TB Control,NHM Odisha,206778,24279,110,3145,578,41,73,Health_Program
P28_112,2021,Q3,Kerala,Thrissur,Maternal Health,NHM Odisha,290051,26974,99,1208,721,144,90,Health_Program
P28_113,2019,Q3,Odisha,Cuttack,TB Control,Kerala Health Department,366233,38574,65,500,757,91,80,Health_Program
P28_114,2018,Q3,Rajasthan,Jaipur,Nutrition Program,Kerala Health Department,111056,12051,244,3802,197,160,91,Health_Program
P28_115,2019,Q2,Rajasthan,Jodhpur,Nutrition Program,Punjab Health Mission,146852,35988,162,668,286,98,82,Health_Program
P28_116,2019,Q3,Rajasthan,Jaipur,Malaria Control,NHM Odisha,284882,25215,76,339,667,54,95,Health_Program
P28_117,2021,Q2,Rajasthan,Jaipur,TB Control,Punjab Health Mission,278228,26673,122,2840,595,99,93,Health_Program
P28_118,2021,Q1,Punjab,Ludhiana,TB Control,State Health Society Rajasthan,331046,36983,93,2361,225,199,91,Health_Program
P28_119,2020,Q1,Odisha,Puri,Child Immunization,Kerala Health Department,107787,25826,127,2743,525,195,72,Health_Program
P28_120,2021,Q3,Assam,Guwahati,Malaria Control,Assam NRHM,379869,30981,81,4486,548,199,85,Health_Program
P28_121,2021,Q2,Assam,Dibrugarh,TB Control,NHM Odisha,189551,28874,159,1841,372,197,88,Health_Program
P28_122,2021,Q4,Rajasthan,Udaipur,Nutrition Program,UNICEF India,221012,15434,51,2812,678,15,75,Health_Program
P28_123,2021,Q4,Kerala,Kochi,Child Immunization,UNICEF India,145677,27913,207,3372,304,1,90,Health_Program
P28_124,2021,Q3,Assam,Silchar,Maternal Health,NHM Odisha,389159,42079,134,1263,278,30,61,Health_Program
P28_125,2019,Q2,Punjab,Patiala,Maternal Health,UNICEF India,257910,30061,71,563,363,162,91,Health_Program
P28_126,2019,Q3,Rajasthan,Jodhpur,Malaria Control,Kerala Health Department,248425,46410,211,2556,442,153,85,Health_Program
P28_127,2018,Q1,Punjab,Ludhiana,Nutrition Program,State Health Society Rajasthan,314907,48526,22,3538,681,98,63,Health_Program
P28_128,2022,Q2,Punjab,Patiala,TB Control,NHM Odisha,272566,35932,89,4652,534,84,62,Health_Program
P28_129,2018,Q1,Odisha,Bhubaneswar,Child Immunization,NHM Odisha,190023,11152,119,4981,50,37,93,Health_Program
P28_130,2020,Q2,Kerala,Thrissur,Maternal Health,Kerala Health Department,362027,21107,30,3079,109,179,88,Health_Program
P28_131,2022,Q2,Assam,Dibrugarh,TB Control,Assam NRHM,333805,47591,222,1495,151,176,96,Health_Program
P28_132,2022,Q1,Kerala,Kochi,Malaria Control,NHM Odisha,99414,41368,208,1581,574,74,84,Health_Program
P28_133,2018,Q1,Assam,Dibrugarh,Malaria Control,Assam NRHM,338461,15605,157,2689,767,53,63,Health_Program
P28_134,2019,Q4,Punjab,Amritsar,Nutrition Program,State Health Society Rajasthan,396742,47547,129,1275,685,80,78,Health_Program
P28_135,2019,Q4,Odisha,Puri,TB Control,UNICEF India,220318,29106,49,4788,236,124,95,Health_Program
P28_136,2019,Q4,Odisha,Cuttack,Maternal Health,State Health Society Rajasthan,299140,35591,193,1795,445,127,64,Health_Program
P28_137,2021,Q4,Assam,Dibrugarh,Malaria Control,UNICEF India,176996,26888,211,4913,220,147,81,Health_Program
P28_138,2022,Q3,Kerala,Kochi,Child Immunization,State Health Society Rajasthan,359595,5986,22,3017,412,13,90,Health_Program
P28_139,2018,Q3,Punjab,Ludhiana,Maternal Health,Kerala Health Department,44540,18638,155,4703,327,82,87,Health_Program
P28_140,2019,Q2,Odisha,Puri,Nutrition Program,Assam NRHM,371418,44683,90,2961,739,79,79,Health_Program
P28_141,2018,Q3,Kerala,Kochi,Maternal Health,Punjab Health Mission,61034,20144,36,3700,620,3,69,Health_Program
P28_142,2020,Q1,Kerala,Kozhikode,Nutrition Program,Assam NRHM,96476,45047,209,3921,798,4,85,Health_Program
P28_143,2020,Q3,Kerala,Kochi,Child Immunization,State Health Society Rajasthan,182254,47956,93,2844,584,53,66,Health_Program
P28_144,2022,Q3,Punjab,Ludhiana,Malaria Control,State Health Society Rajasthan,248710,5399,231,2545,53,52,93,Health_Program
P28_145,2020,Q3,Odisha,Bhubaneswar,Child Immunization,Punjab Health Mission,225045,19945,143,4823,501,34,75,Health_Program
P28_146,2020,Q2,Kerala,Thrissur,Malaria Control,Assam NRHM,279606,36939,68,3320,288,148,70,Health_Program
P28_147,2018,Q1,Punjab,Patiala,Child Immunization,CARE India,177418,42682,98,821,400,83,74,Health_Program
P28_148,2020,Q1,Punjab,Patiala,Maternal Health,Punjab Health Mission,200890,49537,123,4487,746,153,75,Health_Program
P28_149,2022,Q4,Kerala,Kozhikode,Malaria Control,UNICEF India,48812,44391,53,2747,265,109,72,Health_Program
P28_150,2019,Q1,Kerala,Thrissur,Child Immunization,NHM Odisha,267654,14640,95,3005,538,7,91,Health_Program
P28_151,2021,Q3,Assam,Guwahati,Malaria Control,State Health Society Rajasthan,62439,17794,22,2135,305,16,83,Health_Program
P28_152,2018,Q1,Odisha,Bhubaneswar,Child Immunization,State Health Society Rajasthan,178541,47657,122,4698,538,72,91,Health_Program
P28_153,2021,Q1,Rajasthan,Udaipur,Maternal Health,NHM Odisha,357307,47735,129,1443,406,111,62,Health_Program
P28_154,2021,Q2,Kerala,Kozhikode,Nutrition Program,Kerala Health Department,295182,20074,170,1693,593,78,72,Health_Program
P28_155,2022,Q4,Kerala,Thrissur,Nutrition Program,Punjab Health Mission,85320,11420,165,3143,379,118,93,Health_Program
P28_156,2020,Q1,Kerala,Thrissur,Child Immunization,Punjab Health Mission,117394,42838,151,1287,417,177,63,Health_Program
P28_157,2020,Q1,Kerala,Kozhikode,Child Immunization,Punjab Health Mission,347592,29449,203,2120,112,158,87,Health_Program
P28_158,2019,Q3,Odisha,Bhubaneswar,Maternal Health,CARE India,391134,38374,134,4383,515,194,87,Health_Program
P28_159,2021,Q2,Rajasthan,Jodhpur,TB Control,UNICEF India,75548,35315,67,1952,161,143,85,Health_Program
P28_160,2019,Q2,Rajasthan,Jaipur,Child Immunization,State Health Society Rajasthan,235688,24776,110,3300,634,19,79,Health_Program
P28_161,2020,Q1,Rajasthan,Udaipur,Malaria Control,UNICEF India,391241,24421,31,2510,637,90,64,Health_Program
P28_162,2019,Q1,Assam,Guwahati,Maternal Health,NHM Odisha,384196,48512,174,904,488,54,83,Health_Program
P28_163,2020,Q3,Punjab,Amritsar,TB Control,Kerala Health Department,355949,28301,78,3864,790,186,98,Health_Program
P28_164,2019,Q1,Kerala,Kozhikode,Nutrition Program,Punjab Health Mission,357069,38277,195,4440,495,145,74,Health_Program
P28_165,2021,Q1,Kerala,Thrissur,Nutrition Program,Punjab Health Mission,129282,16785,223,887,180,55,78,Health_Program
P28_166,2022,Q4,Rajasthan,Jaipur,Malaria Control,State Health Society Rajasthan,399979,28970,208,4281,739,132,97,Health_Program
P28_167,2022,Q4,Odisha,Cuttack,Child Immunization,CARE India,165988,5150,146,592,671,170,78,Health_Program
P28_168,2018,Q1,Assam,Guwahati,TB Control,NHM Odisha,326812,7696,130,2624,704,179,64,Health_Program
P28_169,2021,Q4,Kerala,Kozhikode,Child Immunization,Kerala Health Department,316363,10366,238,3332,595,185,63,Health_Program
P28_170,2022,Q2,Assam,Silchar,Nutrition Program,State Health Society Rajasthan,93896,36985,124,185,111,95,77,Health_Program
P28_171,2019,Q4,Kerala,Kochi,Child Immunization,CARE India,174793,18351,54,759,683,187,92,Health_Program
P28_172,2019,Q4,Rajasthan,Udaipur,TB Control,Kerala Health Department,373915,22344,62,3375,687,22,64,Health_Program
P28_173,2021,Q3,Rajasthan,Jodhpur,TB Control,Assam NRHM,346997,46213,75,4463,266,28,91,Health_Program
P28_174,2018,Q2,Assam,Guwahati,Nutrition Program,NHM Odisha,123717,26181,87,2114,122,107,85,Health_Program
P28_175,2020,Q3,Assam,Dibrugarh,Maternal Health,NHM Odisha,154216,12886,114,1874,625,47,63,Health_Program
P28_176,2021,Q3,Assam,Dibrugarh,Malaria Control,State Health Society Rajasthan,59142,23318,20,1846,641,19,88,Health_Program
P28_177,2018,Q4,Kerala,Kochi,Maternal Health,Punjab Health Mission,150130,11921,123,3538,739,51,69,Health_Program
P28_178,2020,Q1,Punjab,Amritsar,TB Control,Kerala Health Department,210815,30746,120,4005,444,68,77,Health_Program
P28_179,2020,Q2,Odisha,Cuttack,Malaria Control,UNICEF India,106145,18777,155,3530,721,193,73,Health_Program
P29_0,2018,Q2,Assam,Guwahati,TB Control,Punjab Health Mission,304187,44139,139,3938,739,31,71,Health_Program
P29_1,2020,Q1,Odisha,Puri,Malaria Control,CARE India,294286,5770,52,3369,634,127,97,Health_Program
P29_2,2018,Q4,Rajasthan,Jaipur,Malaria Control,Assam NRHM,278998,43509,241,961,537,91,76,Health_Program
P29_3,2019,Q4,Odisha,Puri,TB Control,UNICEF India,132350,7387,229,4120,212,134,69,Health_Program
P29_4,2017,Q3,Assam,Dibrugarh,Maternal Health,Assam NRHM,354276,21183,42,2063,653,20,84,Health_Program
P29_5,2018,Q1,Rajasthan,Jodhpur,Maternal Health,CARE India,68584,24963,107,1244,350,143,84,Health_Program
P29_6,2018,Q4,Odisha,Cuttack,Nutrition Program,UNICEF India,325743,16384,176,1151,445,33,80,Health_Program
P29_7,2020,Q4,Kerala,Thrissur,Nutrition Program,UNICEF India,244666,44207,222,4571,510,108,79,Health_Program
P29_8,2018,Q4,Rajasthan,Udaipur,Malaria Control,UNICEF India,117153,38005,152,3430,639,3,80,Health_Program
P29_9,2020,Q4,Odisha,Cuttack,Malaria Control,Punjab Health Mission,109534,16993,21,4337,168,36,61,Health_Program
P29_10,2017,Q4,Rajasthan,Udaipur,TB Control,UNICEF India,75378,13804,65,363,346,67,74,Health_Program
P29_11,2018,Q3,Punjab,Ludhiana,Malaria Control,Kerala Health Department,126642,24447,86,1681,706,20,93,Health_Program
P29_12,2020,Q3,Rajasthan,Jodhpur,Malaria Control,NHM Odisha,92202,11403,93,2296,131,21,79,Health_Program
P29_13,2019,Q3,Kerala,Thrissur,Malaria Control,Punjab Health Mission,71666,16257,244,211,381,121,68,Health_Program
P29_14,2020,Q2,Rajasthan,Jaipur,TB Control,Punjab Health Mission,297476,37282,20,594,508,192,82,Health_Program
P29_15,2020,Q3,Rajasthan,Jodhpur,TB Control,State Health Society Rajasthan,195550,38487,35,1108,74,136,61,Health_Program
P29_16,2017,Q3,Odisha,Puri,TB Control,Assam NRHM,383879,19679,66,1564,748,5,76,Health_Program
P29_17,2018,Q4,Odisha,Puri,Nutrition Program,Punjab Health Mission,387422,35057,85,1440,345,51,85,Health_Program
P29_18,2019,Q4,Kerala,Kochi,TB Control,Assam NRHM,345437,44586,112,2399,594,135,73,Health_Program
P29_19,2020,Q4,Assam,Silchar,Child Immunization,CARE India,376541,41753,57,480,421,95,64,Health_Program
P29_20,2020,Q4,Odisha,Cuttack,Malaria Control,Punjab Health Mission,60040,33445,75,1428,295,140,66,Health_Program
P29_21,2020,Q3,Rajasthan,Jodhpur,TB Control,NHM Odisha,137804,24171,39,4392,583,13,93,Health_Program
P29_22,2018,Q1,Assam,Dibrugarh,Child Immunization,Assam NRHM,155140,11790,212,1074,478,91,97,Health_Program
P29_23,2017,Q3,Rajasthan,Jodhpur,TB Control,NHM Odisha,114551,7869,181,4548,530,140,75,Health_Program
P29_24,2019,Q4,Kerala,Thrissur,Maternal Health,Assam NRHM,265430,47336,121,2526,690,84,87,Health_Program
P29_25,2017,Q2,Odisha,Bhubaneswar,TB Control,Punjab Health Mission,385480,30522,27,4758,52,38,60,Health_Program
P29_26,2020,Q1,Odisha,Bhubaneswar,Maternal Health,Kerala Health Department,165198,20859,131,3826,509,186,77,Health_Program
P29_27,2020,Q3,Punjab,Ludhiana,Maternal Health,Punjab Health Mission,273228,17429,110,174,266,72,73,Health_Program
P29_28,2017,Q1,Kerala,Kochi,Maternal Health,Kerala Health Department,382002,9027,40,4954,54,114,91,Health_Program
P29_29,2018,Q2,Assam,Dibrugarh,Nutrition Program,NHM Odisha,202799,44929,144,4270,485,152,63,Health_Program
P29_30,2020,Q4,Odisha,Cuttack,Malaria Control,Kerala Health Department,309368,39172,229,1957,498,168,89,Health_Program
P29_31,2019,Q1,Punjab,Ludhiana,Maternal Health,UNICEF India,394445,29238,47,4239,561,37,80,Health_Program
P29_32,2017,Q4,Kerala,Thrissur,Child Immunization,NHM Odisha,384247,34924,86,185,749,70,83,Health_Program
P29_33,2019,Q2,Kerala,Kochi,Malaria Control,Punjab Health Mission,226216,29131,56,643,472,131,78,Health_Program
P29_34,2018,Q3,Assam,Guwahati,Maternal Health,Punjab Health Mission,221317,12213,169,2896,353,134,81,Health_Program
P29_35,2018,Q3,Assam,Dibrugarh,Nutrition Program,NHM Odisha,399573,42163,149,473,380,31,79,Health_Program
P29_36,2020,Q4,Punjab,Amritsar,Child Immunization,Assam NRHM,367198,30755,160,3278,611,33,70,Health_Program
P29_37,2017,Q2,Assam,Dibrugarh,Malaria Control,State Health Society Rajasthan,391944,44492,155,1248,361,78,78,Health_Program
P29_38,2018,Q2,Kerala,Kochi,Maternal Health,UNICEF India,87477,17531,58,4437,533,134,66,Health_Program
P29_39,2019,Q4,Kerala,Kochi,Child Immunization,State Health Society Rajasthan,382683,44521,146,2704,607,147,78,Health_Program
P29_40,2018,Q4,Assam,Dibrugarh,Nutrition Program,Punjab Health Mission,375740,42586,40,1756,199,191,81,Health_Program
P29_41,2018,Q4,Odisha,Bhubaneswar,Malaria Control,Punjab Health Mission,237107,48825,85,3965,754,50,95,Health_Program
P29_42,2018,Q4,Kerala,Kozhikode,Malaria Control,Kerala Health Department,329552,40909,60,3315,617,16,71,Health_Program
P29_43,2018,Q3,Punjab,Ludhiana,Nutrition Program,State Health Society Rajasthan,305979,45389,232,293,400,143,71,Health_Program
P29_44,2020,Q2,Odisha,Bhubaneswar,Nutrition Program,State Health Society Rajasthan,320635,9586,247,1659,456,166,92,Health_Program
P29_45,2017,Q1,Rajasthan,Udaipur,TB Control,Assam NRHM,126840,28893,190,3952,700,122,83,Health_Program
P29_46,2020,Q1,Odisha,Cuttack,Maternal Health,Punjab Health Mission,294951,5554,109,3971,754,153,75,Health_Program
P29_47,2018,Q3,Rajasthan,Jodhpur,TB Control,Assam NRHM,230512,25018,49,836,274,97,63,Health_Program
P29_48,2017,Q3,Assam,Dibrugarh,TB Control,Punjab Health Mission,390732,20231,110,3852,484,74,97,Health_Program
P29_49,2017,Q4,Punjab,Patiala,Nutrition Program,UNICEF India,95609,23871,90,4852,466,26,97,Health_Program
P29_50,2017,Q3,Odisha,Bhubaneswar,Nutrition Program,Punjab Health Mission,46682,40181,109,4627,663,153,83,Health_Program
P29_51,2019,Q1,Assam,Guwahati,Child Immunization,State Health Society Rajasthan,399216,7846,62,3162,289,182,78,Health_Program
P29_52,2019,Q4,Assam,Guwahati,TB Control,NHM Odisha,382142,8464,42,1751,325,88,93,Health_Program
P29_53,2020,Q1,Kerala,Kozhikode,Nutrition Program,Assam NRHM,131628,25770,40,1713,681,177,66,Health_Program
P29_54,2020,Q2,Punjab,Ludhiana,Malaria Control,Punjab Health Mission,378103,16665,179,4329,91,98,74,Health_Program
P29_55,2020,Q4,Kerala,Kozhikode,Malaria Control,Kerala Health Department,113679,6053,54,4193,444,186,96,Health_Program
P29_56,2019,Q3,Odisha,Bhubaneswar,Child Immunization,CARE India,309215,23444,74,2852,252,188,66,Health_Program
P29_57,2019,Q4,Odisha,Puri,Nutrition Program,State Health Society Rajasthan,276760,24560,47,4553,544,53,93,Health_Program
P29_58,2020,Q1,Punjab,Ludhiana,TB Control,UNICEF India,345725,7016,128,1789,249,6,66,Health_Program
P29_59,2018,Q2,Kerala,Kozhikode,Nutrition Program,Assam NRHM,215577,30349,21,3942,603,116,84,Health_Program
P29_60,2017,Q1,Punjab,Ludhiana,Maternal Health,CARE India,180708,45571,81,1402,270,86,63,Health_Program
P29_61,2017,Q2,Punjab,Patiala,Malaria Control,NHM Odisha,103476,18857,161,1556,347,12,82,Health_Program
P29_62,2019,Q4,Rajasthan,Udaipur,Nutrition Program,Punjab Health Mission,45612,43550,186,3299,606,21,85,Health_Program
P29_63,2020,Q2,Rajasthan,Udaipur,Child Immunization,CARE India,218216,46537,170,2556,389,125,86,Health_Program
P29_64,2019,Q4,Odisha,Cuttack,TB Control,NHM Odisha,221803,26454,21,627,792,134,61,Health_Program
P29_65,2018,Q4,Punjab,Ludhiana,Nutrition Program,NHM Odisha,209558,14064,135,1327,610,163,88,Health_Program
P29_66,2020,Q4,Assam,Dibrugarh,Malaria Control,Punjab Health Mission,329942,19264,233,3644,660,59,65,Health_Program
P29_67,2019,Q3,Assam,Silchar,Malaria Control,UNICEF India,208149,44824,234,4310,288,195,95,Health_Program
P29_68,2020,Q2,Assam,Silchar,Nutrition Program,Punjab Health Mission,301670,47966,193,1747,115,20,94,Health_Program
P29_69,2017,Q4,Punjab,Amritsar,TB Control,Kerala Health Department,325327,27960,228,4726,272,119,95,Health_Program
P29_70,2017,Q2,Punjab,Amritsar,TB Control,UNICEF India,111927,21585,141,3864,67,32,65,Health_Program
P29_71,2017,Q2,Rajasthan,Jodhpur,Child Immunization,CARE India,183801,41958,66,1707,371,41,61,Health_Program
P29_72,2019,Q4,Assam,Guwahati,Nutrition Program,NHM Odisha,201286,47487,181,930,349,14,96,Health_Program
P29_73,2019,Q1,Punjab,Amritsar,Maternal Health,Kerala Health Department,101226,18239,77,780,241,59,92,Health_Program
P29_74,2019,Q2,Kerala,Kochi,Child Immunization,State Health Society Rajasthan,191161,18942,68,514,136,175,80,Health_Program
P29_75,2020,Q2,Rajasthan,Jaipur,Nutrition Program,Punjab Health Mission,328783,42128,113,3993,220,140,82,Health_Program
P29_76,2020,Q4,Kerala,Thrissur,TB Control,State Health Society Rajasthan,52340,9846,140,3593,97,159,95,Health_Program
P29_77,2020,Q2,Assam,Guwahati,Malaria Control,UNICEF India,305575,34553,149,4712,652,27,91,Health_Program
P29_78,2018,Q3,Kerala,Thrissur,Malaria Control,Punjab Health Mission,110547,40844,90,1329,243,91,93,Health_Program
P29_79,2017,Q1,Kerala,Kozhikode,Nutrition Program,Punjab Health Mission,333525,12824,166,1608,251,57,81,Health_Program
P29_80,2020,Q2,Odisha,Cuttack,Child Immunization,Punjab Health Mission,61498,28101,151,3388,286,18,75,Health_Program
P29_81,2018,Q4,Punjab,Patiala,TB Control,State Health Society Rajasthan,217020,29319,115,3396,768,103,90,Health_Program
P29_82,2018,Q2,Punjab,Ludhiana,Malaria Control,Punjab Health Mission,180445,46810,134,4274,325,84,87,Health_Program
P29_83,2018,Q3,Odisha,Cuttack,TB Control,NHM Odisha,78795,28073,92,4891,653,38,91,Health_Program
P29_84,2019,Q4,Assam,Silchar,Child Immunization,UNICEF India,263811,13602,40,3028,507,128,77,Health_Program
P29_85,2019,Q4,Assam,Dibrugarh,Malaria Control,Kerala Health Department,353620,39423,207,4353,596,24,91,Health_Program
P29_86,2017,Q4,Assam,Guwahati,Nutrition Program,UNICEF India,153050,5273,21,1710,81,198,68,Health_Program
P29_87,2020,Q3,Rajasthan,Jaipur,Maternal Health,NHM Odisha,232276,43202,76,593,629,110,95,Health_Program
P29_88,2018,Q4,Assam,Dibrugarh,Maternal Health,CARE India,266850,12215,25,3324,472,146,98,Health_Program
P29_89,2019,Q1,Assam,Dibrugarh,Nutrition Program,NHM Odisha,307666,6089,204,354,386,63,63,Health_Program
P29_90,2020,Q4,Assam,Silchar,Nutrition Program,Kerala Health Department,121484,10422,203,3651,51,82,79,Health_Program
P29_91,2020,Q1,Punjab,Ludhiana,TB Control,NHM Odisha,83115,18629,43,2623,484,140,77,Health_Program
P29_92,2017,Q3,Rajasthan,Udaipur,TB Control,Assam NRHM,86851,29864,93,1254,511,47,84,Health_Program
P29_93,2020,Q3,Kerala,Thrissur,Malaria Control,NHM Odisha,132853,19453,160,1457,216,84,77,Health_Program
P29_94,2017,Q1,Assam,Dibrugarh,Maternal Health,NHM Odisha,99043,34758,234,2278,598,47,68,Health_Program
P29_95,2018,Q1,Odisha,Puri,Maternal Health,NHM Odisha,260778,7729,109,3631,705,138,73,Health_Program
P29_96,2019,Q1,Odisha,Bhubaneswar,TB Control,Punjab Health Mission,62762,31803,243,1793,536,25,93,Health_Program
P29_97,2017,Q3,Assam,Guwahati,Malaria Control,UNICEF India,361801,49048,52,886,143,114,72,Health_Program
P29_98,2018,Q3,Odisha,Bhubaneswar,Nutrition Program,NHM Odisha,254342,17746,41,4267,175,126,85,Health_Program
P29_99,2019,Q2,Odisha,Bhubaneswar,TB Control,CARE India,94630,10799,223,2392,143,91,79,Health_Program
P29_100,2020,Q1,Assam,Silchar,Malaria Control,CARE India,302398,46217,65,682,60,55,96,Health_Program
P29_101,2020,Q2,Punjab,Patiala,Maternal Health,State Health Society Rajasthan,125533,14222,22,2080,272,70,76,Health_Program
P29_102,2019,Q4,Odisha,Cuttack,Maternal Health,Punjab Health Mission,115013,8203,210,4062,562,173,84,Health_Program
P29_103,2019,Q1,Punjab,Ludhiana,Maternal Health,Assam NRHM,382441,37212,82,4699,74,30,64,Health_Program
P29_104,2019,Q4,Punjab,Amritsar,Malaria Control,State Health Society Rajasthan,375132,39147,49,2466,89,54,67,Health_Program
P29_105,2018,Q1,Kerala,Kozhikode,Malaria Control,CARE India,115603,11933,41,2075,162,140,60,Health_Program
P29_106,2017,Q4,Odisha,Cuttack,Child Immunization,Kerala Health Department,367820,48199,64,2300,227,160,95,Health_Program
P29_107,2020,Q4,Assam,Guwahati,Maternal Health,State Health Society Rajasthan,143959,23082,29,2282,720,109,61,Health_Program
P29_108,2017,Q4,Rajasthan,Jaipur,Nutrition Program,NHM Odisha,350212,31670,215,190,629,114,87,Health_Program
P29_109,2017,Q3,Odisha,Bhubaneswar,Malaria Control,Punjab Health Mission,52813,5448,136,169,142,101,88,Health_Program
P29_110,2017,Q1,Kerala,Kochi,Maternal Health,CARE India,279125,5471,136,106,260,80,73,Health_Program
P29_111,2018,Q2,Punjab,Amritsar,Nutrition Program,NHM Odisha,247378,38283,147,217,727,19,95,Health_Program
P29_112,2018,Q4,Odisha,Cuttack,Maternal Health,State Health Society Rajasthan,229810,41899,182,1386,742,149,73,Health_Program
P29_113,2017,Q1,Kerala,Kozhikode,Nutrition Program,CARE India,293368,30471,69,4927,407,95,73,Health_Program
P29_114,2019,Q3,Odisha,Bhubaneswar,Malaria Control,State Health Society Rajasthan,250248,23238,190,3687,726,110,86,Health_Program
P29_115,2019,Q2,Punjab,Ludhiana,Child Immunization,CARE India,158851,36566,179,4637,708,90,95,Health_Program
P29_116,2018,Q1,Odisha,Cuttack,Nutrition Program,Punjab Health Mission,140685,17512,150,317,560,125,68,Health_Program
P29_117,2020,Q1,Punjab,Ludhiana,Child Immunization,State Health Society Rajasthan,175963,46701,51,2261,409,43,79,Health_Program
P29_118,2019,Q4,Punjab,Patiala,TB Control,UNICEF India,122905,5659,131,2027,312,159,79,Health_Program
P29_119,2018,Q2,Odisha,Cuttack,Malaria Control,Assam NRHM,169912,44730,153,4863,561,48,68,Health_Program
P29_120,2019,Q2,Assam,Guwahati,Nutrition Program,Punjab Health Mission,121669,42800,48,1701,782,74,64,Health_Program
P29_121,2019,Q2,Kerala,Thrissur,Maternal Health,UNICEF India,389214,34810,63,2646,667,125,82,Health_Program
P29_122,2019,Q1,Assam,Silchar,TB Control,Assam NRHM,303567,26973,61,1118,777,119,94,Health_Program
P29_123,2019,Q3,Odisha,Cuttack,Nutrition Program,UNICEF India,181390,27293,110,4504,327,128,69,Health_Program
P29_124,2017,Q2,Punjab,Ludhiana,Nutrition Program,Assam NRHM,246042,17821,210,477,393,159,67,Health_Program
P29_125,2020,Q2,Odisha,Cuttack,Child Immunization,NHM Odisha,223784,31295,229,881,408,39,82,Health_Program
P29_126,2018,Q3,Punjab,Patiala,Maternal Health,CARE India,132388,34295,143,2234,488,165,94,Health_Program
P29_127,2017,Q4,Rajasthan,Jodhpur,Child Immunization,Assam NRHM,122914,49824,39,2615,190,187,60,Health_Program
P29_128,2020,Q2,Odisha,Cuttack,Nutrition Program,Assam NRHM,296794,8074,109,1619,759,4,83,Health_Program
P29_129,2017,Q3,Assam,Silchar,Nutrition Program,Punjab Health Mission,88113,25383,54,2471,379,134,86,Health_Program
P29_130,2017,Q3,Assam,Guwahati,TB Control,State Health Society Rajasthan,330457,7656,202,327,222,155,61,Health_Program
P29_131,2019,Q4,Punjab,Patiala,Maternal Health,UNICEF India,274531,46150,234,3267,158,183,71,Health_Program
P29_132,2017,Q3,Punjab,Patiala,Maternal Health,UNICEF India,199744,38082,121,3130,241,25,94,Health_Program
P29_133,2020,Q4,Punjab,Patiala,Maternal Health,Kerala Health Department,48726,43801,239,4930,72,47,72,Health_Program
P29_134,2018,Q4,Assam,Dibrugarh,Child Immunization,Punjab Health Mission,374717,31993,198,2418,424,195,92,Health_Program
P29_135,2018,Q1,Kerala,Kozhikode,TB Control,UNICEF India,174968,30075,21,4515,630,95,88,Health_Program
P29_136,2020,Q1,Rajasthan,Udaipur,TB Control,Punjab Health Mission,187601,30270,194,1428,382,130,63,Health_Program
P29_137,2020,Q3,Punjab,Patiala,Malaria Control,Punjab Health Mission,72317,49719,111,1662,535,75,73,Health_Program
P29_138,2019,Q1,Punjab,Amritsar,Maternal Health,UNICEF India,260417,23618,177,4339,167,57,89,Health_Program
P29_139,2018,Q1,Rajasthan,Jodhpur,Nutrition Program,UNICEF India,124474,20167,68,3933,63,153,77,Health_Program
P29_140,2017,Q1,Odisha,Bhubaneswar,Maternal Health,NHM Odisha,205104,24197,65,3887,564,8,82,Health_Program
P29_141,2020,Q2,Assam,Guwahati,TB Control,State Health Society Rajasthan,110092,42207,116,1588,363,164,77,Health_Program
P29_142,2020,Q4,Rajasthan,Udaipur,Nutrition Program,Assam NRHM,72896,10518,207,2110,678,183,63,Health_Program
P29_143,2020,Q2,Assam,Guwahati,Maternal Health,CARE India,344797,5370,184,304,467,41,92,Health_Program
P29_144,2019,Q1,Punjab,Ludhiana,TB Control,UNICEF India,124228,36169,29,3649,690,191,62,Health_Program
P29_145,2020,Q2,Assam,Silchar,Child Immunization,Kerala Health Department,178235,21886,64,2742,646,171,70,Health_Program
P29_146,2018,Q3,Punjab,Patiala,Child Immunization,Assam NRHM,371154,22919,249,2822,85,112,62,Health_Program
P29_147,2017,Q2,Rajasthan,Jaipur,Nutrition Program,State Health Society Rajasthan,80257,8201,99,4404,350,158,84,Health_Program
P29_148,2020,Q4,Odisha,Cuttack,Malaria Control,Punjab Health Mission,302342,10344,60,2830,750,120,79,Health_Program
P29_149,2018,Q3,Odisha,Cuttack,Child Immunization,UNICEF India,375105,8375,24,2956,203,166,83,Health_Program
P29_150,2017,Q2,Kerala,Thrissur,TB Control,State Health Society Rajasthan,64072,17686,116,4251,383,72,82,Health_Program
P29_151,2018,Q4,Kerala,Thrissur,Malaria Control,Kerala Health Department,248207,41629,248,510,406,5,67,Health_Program
P29_152,2017,Q3,Assam,Dibrugarh,Maternal Health,Punjab Health Mission,383210,36112,192,2679,437,11,85,Health_Program
P29_153,2017,Q2,Kerala,Thrissur,Child Immunization,CARE India,215110,18496,93,3007,463,139,75,Health_Program
P29_154,2017,Q4,Rajasthan,Jodhpur,Child Immunization,Assam NRHM,226687,24688,198,150,53,19,95,Health_Program
P29_155,2017,Q3,Kerala,Kozhikode,Malaria Control,Assam NRHM,383488,42678,161,3187,323,180,96,Health_Program
P29_156,2017,Q2,Odisha,Puri,Malaria Control,Assam NRHM,80164,37884,203,696,327,165,62,Health_Program
P29_157,2018,Q1,Rajasthan,Udaipur,TB Control,UNICEF India,168335,47798,28,2752,147,88,86,Health_Program
P29_158,2020,Q1,Kerala,Kozhikode,Maternal Health,State Health Society Rajasthan,69898,49304,188,994,756,45,76,Health_Program
P29_159,2018,Q4,Odisha,Puri,Nutrition Program,UNICEF India,375670,46818,117,3321,376,42,82,Health_Program
P29_160,2018,Q2,Odisha,Cuttack,Child Immunization,Assam NRHM,366278,39525,225,4139,309,101,89,Health_Program
P29_161,2017,Q1,Kerala,Kozhikode,Child Immunization,Punjab Health Mission,129797,5063,128,1665,369,135,93,Health_Program
P29_162,2017,Q4,Rajasthan,Jaipur,Malaria Control,Punjab Health Mission,204923,46417,44,2843,498,199,62,Health_Program
P29_163,2020,Q4,Odisha,Bhubaneswar,Malaria Control,UNICEF India,135097,5764,231,1409,698,89,80,Health_Program
P29_164,2017,Q1,Assam,Guwahati,Malaria Control,Kerala Health Department,294653,7858,231,4246,282,131,72,Health_Program
P29_165,2018,Q3,Assam,Silchar,Maternal Health,Kerala Health Department,198228,34630,226,3935,356,91,91,Health_Program
P29_166,2017,Q1,Odisha,Puri,Malaria Control,Punjab Health Mission,334968,32863,199,3480,792,183,70,Health_Program
P29_167,2017,Q3,Kerala,Thrissur,Nutrition Program,CARE India,79075,39979,205,2250,95,86,75,Health_Program
P29_168,2017,Q2,Kerala,Thrissur,Child Immunization,Punjab Health Mission,64756,44935,32,3206,714,74,96,Health_Program
P29_169,2017,Q2,Punjab,Ludhiana,TB Control,NHM Odisha,65570,35703,53,3687,613,103,94,Health_Program
P29_170,2019,Q3,Rajasthan,Udaipur,Maternal Health,Punjab Health Mission,287165,36855,126,4465,408,134,98,Health_Program
P29_171,2018,Q3,Kerala,Kochi,Nutrition Program,Assam NRHM,275606,5845,46,1397,570,96,75,Health_Program
P29_172,2020,Q3,Kerala,Kozhikode,Nutrition Program,Punjab Health Mission,88836,23001,57,1923,111,55,86,Health_Program
P29_173,2018,Q2,Punjab,Ludhiana,Child Immunization,State Health Society Rajasthan,366116,20257,224,2891,798,144,92,Health_Program
P29_174,2020,Q2,Rajasthan,Jodhpur,TB Control,NHM Odisha,226535,10905,242,2309,174,101,85,Health_Program
P29_175,2019,Q1,Kerala,Kozhikode,Maternal Health,UNICEF India,238012,31373,135,1245,422,122,76,Health_Program
P29_176,2019,Q3,Rajasthan,Jodhpur,Child Immunization,Kerala Health Department,92724,30838,221,4351,579,133,71,Health_Program
P29_177,2020,Q1,Kerala,Thrissur,Maternal Health,UNICEF India,347343,39020,54,1484,226,117,70,Health_Program
P29_178,2018,Q3,Punjab,Amritsar,Malaria Control,CARE India,131170,43436,76,236,583,118,98,Health_Program
P29_179,2017,Q3,Odisha,Cuttack,TB Control,Punjab Health Mission,283001,25796,98,4240,449,135,90,Health_Program
P30_0,2017,Q4,Kerala,Kochi,Maternal Health,Kerala Health Department,382962,26344,175,2428,472,180,97,Health_Program
P30_1,2017,Q2,Assam,Dibrugarh,Nutrition Program,Assam NRHM,299285,35312,121,2403,690,61,98,Health_Program
P30_2,2019,Q2,Rajasthan,Udaipur,TB Control,Assam NRHM,289109,33781,141,2042,487,89,85,Health_Program
P30_3,2018,Q2,Rajasthan,Jodhpur,Malaria Control,CARE India,71411,16014,172,1322,665,74,96,Health_Program
P30_4,2017,Q3,Odisha,Bhubaneswar,TB Control,State Health Society Rajasthan,203924,31672,46,3307,342,44,83,Health_Program
P30_5,2014,Q1,Odisha,Bhubaneswar,Nutrition Program,CARE India,140217,17523,110,261,615,23,95,Health_Program
P30_6,2015,Q2,Rajasthan,Jodhpur,Maternal Health,Assam NRHM,195571,46456,103,4233,727,172,74,Health_Program
P30_7,2017,Q3,Odisha,Cuttack,Nutrition Program,Punjab Health Mission,174449,44106,202,4814,533,125,70,Health_Program
P30_8,2017,Q4,Punjab,Patiala,TB Control,NHM Odisha,197225,39912,198,2611,248,155,79,Health_Program
P30_9,2018,Q2,Kerala,Kochi,Malaria Control,Assam NRHM,258641,19144,170,4827,526,67,67,Health_Program
P30_10,2016,Q3,Assam,Guwahati,Malaria Control,NHM Odisha,366392,25455,86,596,189,164,80,Health_Program
P30_11,2017,Q3,Assam,Silchar,TB Control,Assam NRHM,206855,34278,120,2655,799,76,84,Health_Program
P30_12,2015,Q4,Rajasthan,Jodhpur,Nutrition Program,State Health Society Rajasthan,150895,12208,80,1372,145,16,97,Health_Program
P30_13,2018,Q3,Rajasthan,Udaipur,Maternal Health,CARE India,379647,10981,86,2755,291,143,70,Health_Program
P30_14,2018,Q3,Punjab,Patiala,Maternal Health,Assam NRHM,394860,38771,174,1906,663,40,71,Health_Program
P30_15,2019,Q1,Kerala,Kozhikode,Child Immunization,CARE India,217454,11448,204,2264,636,37,64,Health_Program
P30_16,2019,Q4,Punjab,Patiala,Child Immunization,Punjab Health Mission,224712,18354,190,4290,640,85,65,Health_Program
P30_17,2016,Q3,Assam,Dibrugarh,TB Control,State Health Society Rajasthan,379975,37006,30,3175,712,162,80,Health_Program
P30_18,2014,Q3,Odisha,Puri,Malaria Control,State Health Society Rajasthan,294120,9640,46,2189,156,55,74,Health_Program
P30_19,2018,Q2,Rajasthan,Jodhpur,Malaria Control,CARE India,221331,5731,57,1138,296,55,77,Health_Program
P30_20,2016,Q3,Rajasthan,Jaipur,Nutrition Program,Punjab Health Mission,129838,5929,44,1156,586,157,82,Health_Program
P30_21,2017,Q2,Assam,Silchar,Child Immunization,Assam NRHM,280459,9833,200,381,324,104,91,Health_Program
P30_22,2016,Q4,Kerala,Kozhikode,Nutrition Program,NHM Odisha,113004,47419,204,4560,312,59,62,Health_Program
P30_23,2019,Q1,Odisha,Bhubaneswar,Maternal Health,Kerala Health Department,150113,48626,215,969,58,154,94,Health_Program
P30_24,2017,Q1,Kerala,Kochi,Malaria Control,CARE India,59406,41929,205,2573,744,66,65,Health_Program
P30_25,2019,Q2,Assam,Guwahati,Child Immunization,NHM Odisha,292893,26091,70,942,465,4,67,Health_Program
P30_26,2014,Q3,Rajasthan,Jaipur,Malaria Control,Assam NRHM,303279,31888,217,3194,185,159,76,Health_Program
P30_27,2015,Q1,Rajasthan,Jaipur,Nutrition Program,State Health Society Rajasthan,287004,42508,162,1934,414,55,85,Health_Program
P30_28,2017,Q2,Kerala,Kochi,TB Control,Assam NRHM,278411,34351,37,405,533,56,79,Health_Program
P30_29,2019,Q3,Kerala,Kozhikode,Nutrition Program,NHM Odisha,318370,23343,195,4400,151,191,75,Health_Program
P30_30,2016,Q2,Punjab,Amritsar,Child Immunization,Punjab Health Mission,174378,7283,34,1788,436,156,67,Health_Program
P30_31,2019,Q1,Odisha,Cuttack,Child Immunization,State Health Society Rajasthan,158569,26385,187,1828,494,103,65,Health_Program
P30_32,2016,Q3,Rajasthan,Jodhpur,TB Control,CARE India,275242,23102,166,1820,141,30,89,Health_Program
P30_33,2017,Q3,Assam,Dibrugarh,Nutrition Program,NHM Odisha,277362,6369,95,3809,410,80,98,Health_Program
P30_34,2019,Q4,Punjab,Patiala,Maternal Health,Kerala Health Department,128938,10053,209,914,730,117,91,Health_Program
P30_35,2014,Q2,Kerala,Thrissur,Child Immunization,Kerala Health Department,342105,11123,134,401,267,161,74,Health_Program
P30_36,2017,Q4,Kerala,Kozhikode,Malaria Control,UNICEF India,286986,15323,58,2249,132,13,73,Health_Program
P30_37,2018,Q4,Kerala,Thrissur,Nutrition Program,Assam NRHM,360811,39208,210,1888,620,56,95,Health_Program
P30_38,2015,Q3,Punjab,Ludhiana,Malaria Control,NHM Odisha,168322,7676,41,2778,703,17,92,Health_Program
P30_39,2016,Q1,Rajasthan,Jaipur,Malaria Control,CARE India,329384,13256,206,4275,297,19,63,Health_Program
P30_40,2017,Q1,Rajasthan,Udaipur,TB Control,NHM Odisha,168282,24106,162,2667,184,3,91,Health_Program
P30_41,2018,Q3,Kerala,Kozhikode,Child Immunization,UNICEF India,76126,33309,140,3060,777,156,69,Health_Program
P30_42,2014,Q1,Rajasthan,Udaipur,Nutrition Program,CARE India,55360,28857,213,409,518,165,72,Health_Program
P30_43,2014,Q3,Rajasthan,Udaipur,TB Control,Assam NRHM,225279,24906,49,2221,675,5,66,Health_Program
P30_44,2015,Q2,Odisha,Bhubaneswar,Malaria Control,State Health Society Rajasthan,81294,10007,162,1396,438,36,97,Health_Program
P30_45,2017,Q2,Rajasthan,Udaipur,Malaria Control,State Health Society Rajasthan,344309,9992,167,4840,223,63,63,Health_Program
P30_46,2017,Q3,Kerala,Thrissur,TB Control,NHM Odisha,91114,11839,248,1279,731,149,87,Health_Program
P30_47,2014,Q3,Assam,Silchar,TB Control,Assam NRHM,87391,34743,39,3778,206,32,74,Health_Program
P30_48,2016,Q4,Kerala,Kochi,Nutrition Program,Punjab Health Mission,154715,45663,38,1731,369,94,83,Health_Program
P30_49,2018,Q2,Kerala,Kochi,Malaria Control,CARE India,366880,37661,167,3972,467,162,90,Health_Program
P30_50,2016,Q3,Rajasthan,Jodhpur,Maternal Health,State Health Society Rajasthan,285630,47792,104,2796,334,147,85,Health_Program
P30_51,2015,Q3,Kerala,Kochi,Maternal Health,NHM Odisha,233578,5237,149,4421,598,84,60,Health_Program
P30_52,2016,Q3,Kerala,Thrissur,TB Control,Punjab Health Mission,238144,17788,29,2015,548,116,65,Health_Program
P30_53,2016,Q4,Assam,Guwahati,Malaria Control,Punjab Health Mission,242616,6932,222,2572,92,109,93,Health_Program
P30_54,2015,Q1,Kerala,Kozhikode,TB Control,Assam NRHM,52396,11962,195,3290,318,79,63,Health_Program
P30_55,2018,Q1,Assam,Dibrugarh,TB Control,NHM Odisha,217929,43184,126,4685,548,43,96,Health_Program
P30_56,2015,Q4,Odisha,Bhubaneswar,Malaria Control,State Health Society Rajasthan,62800,12495,233,1401,263,76,62,Health_Program
P30_57,2019,Q2,Punjab,Ludhiana,Nutrition Program,Kerala Health Department,321101,19239,74,4433,525,47,95,Health_Program
P30_58,2014,Q4,Assam,Silchar,Nutrition Program,State Health Society Rajasthan,204961,38251,154,4921,357,67,88,Health_Program
P30_59,2015,Q3,Assam,Dibrugarh,Malaria Control,UNICEF India,305775,28207,205,3447,103,182,95,Health_Program
P30_60,2016,Q1,Kerala,Thrissur,TB Control,UNICEF India,197743,16131,196,182,177,133,74,Health_Program
P30_61,2019,Q1,Rajasthan,Jaipur,Maternal Health,UNICEF India,311417,46607,237,3813,781,55,88,Health_Program
P30_62,2015,Q1,Assam,Silchar,Nutrition Program,UNICEF India,367821,40615,152,2145,498,161,65,Health_Program
P30_63,2015,Q2,Rajasthan,Udaipur,Malaria Control,Kerala Health Department,258979,49404,85,1521,249,103,82,Health_Program
P30_64,2015,Q1,Kerala,Thrissur,Nutrition Program,CARE India,207404,10995,89,2515,456,125,97,Health_Program
P30_65,2017,Q3,Punjab,Amritsar,Maternal Health,Punjab Health Mission,359680,33277,152,4795,84,7,91,Health_Program
P30_66,2016,Q3,Kerala,Kochi,Malaria Control,Assam NRHM,341201,34461,169,4083,538,61,91,Health_Program
P30_67,2016,Q1,Odisha,Bhubaneswar,Malaria Control,Punjab Health Mission,346680,40643,163,899,375,107,88,Health_Program
P30_68,2017,Q2,Rajasthan,Udaipur,TB Control,Kerala Health Department,40768,37219,182,2649,765,1,87,Health_Program
P30_69,2016,Q1,Odisha,Cuttack,Maternal Health,Punjab Health Mission,271096,17419,87,2402,293,125,87,Health_Program
P30_70,2017,Q4,Punjab,Ludhiana,Child Immunization,State Health Society Rajasthan,252932,26963,112,1535,389,78,96,Health_Program
P30_71,2014,Q4,Punjab,Ludhiana,Child Immunization,NHM Odisha,366520,43697,140,536,64,91,76,Health_Program
P30_72,2019,Q4,Punjab,Ludhiana,Nutrition Program,State Health Society Rajasthan,235143,38126,88,1353,518,124,64,Health_Program
P30_73,2015,Q4,Kerala,Kochi,Nutrition Program,NHM Odisha,361097,17897,178,4845,293,79,88,Health_Program
P30_74,2019,Q3,Odisha,Bhubaneswar,Maternal Health,UNICEF India,220709,7915,82,1683,240,138,80,Health_Program
P30_75,2016,Q4,Rajasthan,Jodhpur,Nutrition Program,Assam NRHM,165016,46227,180,491,349,81,96,Health_Program
P30_76,2019,Q3,Assam,Silchar,TB Control,Punjab Health Mission,269755,10249,110,2173,167,174,80,Health_Program
P30_77,2015,Q1,Assam,Guwahati,TB Control,Punjab Health Mission,106614,7899,40,1551,671,136,87,Health_Program
P30_78,2016,Q2,Kerala,Kozhikode,TB Control,NHM Odisha,61305,46440,208,3741,208,9,95,Health_Program
P30_79,2015,Q3,Kerala,Thrissur,Maternal Health,State Health Society Rajasthan,258156,42379,231,858,589,30,72,Health_Program
P30_80,2018,Q1,Kerala,Kozhikode,TB Control,Punjab Health Mission,182997,15576,216,4832,496,9,93,Health_Program
P30_81,2014,Q3,Kerala,Kozhikode,Nutrition Program,Kerala Health Department,376231,40565,77,2860,241,39,75,Health_Program
P30_82,2017,Q4,Assam,Silchar,Maternal Health,Kerala Health Department,52100,35257,173,4056,124,177,65,Health_Program
P30_83,2018,Q1,Kerala,Kochi,Child Immunization,Assam NRHM,336621,47708,116,1573,100,164,82,Health_Program
P30_84,2016,Q1,Kerala,Kozhikode,Nutrition Program,Punjab Health Mission,70853,6642,212,2373,307,29,64,Health_Program
P30_85,2014,Q2,Kerala,Kochi,Malaria Control,Assam NRHM,307851,39422,222,1334,574,173,93,Health_Program
P30_86,2016,Q3,Kerala,Thrissur,TB Control,UNICEF India,191699,9089,62,4587,230,182,72,Health_Program
P30_87,2016,Q3,Rajasthan,Udaipur,Maternal Health,Kerala Health Department,362492,44278,151,4562,799,69,87,Health_Program
P30_88,2015,Q2,Kerala,Kozhikode,Nutrition Program,UNICEF India,85957,16905,153,997,325,136,78,Health_Program
P30_89,2014,Q3,Assam,Dibrugarh,Child Immunization,Punjab Health Mission,313830,47550,75,4716,297,185,66,Health_Program
P30_90,2016,Q3,Punjab,Patiala,Child Immunization,UNICEF India,235448,11967,114,721,632,18,66,Health_Program
P30_91,2019,Q1,Punjab,Patiala,Malaria Control,State Health Society Rajasthan,56920,29651,20,3825,223,59,82,Health_Program
P30_92,2014,Q2,Punjab,Ludhiana,Child Immunization,UNICEF India,124295,20640,220,4815,138,106,69,Health_Program
P30_93,2016,Q2,Punjab,Amritsar,Malaria Control,Assam NRHM,353888,36109,46,4583,303,93,72,Health_Program
P30_94,2016,Q4,Rajasthan,Jaipur,Child Immunization,State Health Society Rajasthan,397614,19728,134,3832,565,81,97,Health_Program
P30_95,2018,Q1,Kerala,Thrissur,Child Immunization,Punjab Health Mission,67847,27983,141,1031,279,160,64,Health_Program
P30_96,2015,Q1,Kerala,Kozhikode,TB Control,CARE India,163821,32727,76,4470,85,173,69,Health_Program
P30_97,2015,Q4,Assam,Silchar,Nutrition Program,State Health Society Rajasthan,217690,19615,59,2632,561,178,82,Health_Program
P30_98,2019,Q3,Assam,Dibrugarh,Nutrition Program,State Health Society Rajasthan,235142,19455,70,366,85,131,61,Health_Program
P30_99,2015,Q3,Assam,Guwahati,Maternal Health,CARE India,333330,39791,152,3744,585,79,62,Health_Program
P30_100,2014,Q4,Rajasthan,Udaipur,Maternal Health,UNICEF India,336851,48848,241,2497,119,153,73,Health_Program
P30_101,2014,Q3,Kerala,Kozhikode,Nutrition Program,NHM Odisha,184841,15719,187,843,593,143,89,Health_Program
P30_102,2014,Q1,Punjab,Patiala,Maternal Health,Punjab Health Mission,206109,23958,58,768,176,156,67,Health_Program
P30_103,2014,Q1,Kerala,Thrissur,Maternal Health,UNICEF India,54938,30584,189,912,242,132,85,Health_Program
P30_104,2016,Q4,Kerala,Kochi,TB Control,Assam NRHM,293836,38777,239,2226,709,139,63,Health_Program
P30_105,2014,Q2,Kerala,Kozhikode,Child Immunization,Punjab Health Mission,345389,35936,126,1423,435,12,82,Health_Program
P30_106,2014,Q3,Odisha,Puri,Child Immunization,Punjab Health Mission,386138,21507,29,1798,723,184,97,Health_Program
P30_107,2014,Q2,Assam,Guwahati,Child Immunization,Assam NRHM,295594,5036,167,2733,414,0,62,Health_Program
P30_108,2018,Q2,Odisha,Puri,TB Control,State Health Society Rajasthan,389646,22788,100,4826,603,116,63,Health_Program
P30_109,2018,Q2,Odisha,Cuttack,TB Control,Assam NRHM,295037,6862,148,1712,469,86,70,Health_Program
P30_110,2015,Q2,Assam,Dibrugarh,Child Immunization,CARE India,80668,13590,23,4135,585,148,90,Health_Program
P30_111,2018,Q1,Kerala,Thrissur,Malaria Control,Punjab Health Mission,56383,33113,49,2654,546,137,66,Health_Program
P30_112,2015,Q4,Kerala,Kozhikode,Maternal Health,Punjab Health Mission,308351,32213,137,4475,531,33,78,Health_Program
P30_113,2019,Q2,Assam,Guwahati,Malaria Control,CARE India,261334,33147,128,4040,576,3,80,Health_Program
P30_114,2015,Q1,Odisha,Cuttack,Maternal Health,State Health Society Rajasthan,327017,6309,200,2792,118,119,91,Health_Program
P30_115,2015,Q4,Assam,Dibrugarh,Maternal Health,Assam NRHM,297106,11330,188,921,454,104,96,Health_Program
P30_116,2015,Q4,Assam,Guwahati,Malaria Control,Kerala Health Department,53797,35086,53,3564,109,164,86,Health_Program
P30_117,2014,Q3,Punjab,Patiala,Maternal Health,Kerala Health Department,67153,37150,141,129,569,163,69,Health_Program
P30_118,2017,Q4,Assam,Dibrugarh,TB Control,Kerala Health Department,255790,12037,197,967,244,10,75,Health_Program
P30_119,2014,Q1,Kerala,Kochi,TB Control,CARE India,287800,21347,66,3059,439,88,82,Health_Program
P30_120,2014,Q2,Kerala,Thrissur,Malaria Control,Assam NRHM,84070,12978,244,3953,787,72,62,Health_Program
P30_121,2019,Q2,Assam,Silchar,Nutrition Program,Kerala Health Department,310731,24031,64,3549,70,103,85,Health_Program
P30_122,2014,Q4,Odisha,Bhubaneswar,Child Immunization,State Health Society Rajasthan,349971,39268,203,1960,385,33,73,Health_Program
P30_123,2014,Q1,Kerala,Thrissur,Nutrition Program,NHM Odisha,295319,47503,132,3796,486,23,77,Health_Program
P30_124,2016,Q2,Punjab,Patiala,Malaria Control,State Health Society Rajasthan,275172,48369,96,3839,370,197,72,Health_Program
P30_125,2019,Q1,Assam,Dibrugarh,Malaria Control,Punjab Health Mission,337100,18230,197,1939,348,108,73,Health_Program
P30_126,2016,Q4,Kerala,Kochi,Nutrition Program,Kerala Health Department,275852,14200,146,4501,434,33,79,Health_Program
P30_127,2018,Q1,Punjab,Patiala,Nutrition Program,Assam NRHM,362952,42775,177,3789,401,99,98,Health_Program
P30_128,2019,Q1,Punjab,Patiala,Nutrition Program,UNICEF India,383299,31370,147,1506,90,29,81,Health_Program
P30_129,2016,Q4,Rajasthan,Jaipur,Malaria Control,CARE India,225032,37733,136,414,640,83,72,Health_Program
P30_130,2016,Q4,Kerala,Kozhikode,Malaria Control,UNICEF India,84863,5507,58,256,111,178,94,Health_Program
P30_131,2018,Q4,Odisha,Puri,TB Control,NHM Odisha,206637,13327,92,1913,566,1,95,Health_Program
P30_132,2018,Q1,Odisha,Puri,Malaria Control,Assam NRHM,398969,10532,108,3547,430,130,81,Health_Program
P30_133,2018,Q1,Odisha,Puri,Maternal Health,Punjab Health Mission,257297,41113,56,308,300,35,60,Health_Program
P30_134,2015,Q4,Assam,Silchar,Malaria Control,NHM Odisha,183487,41985,128,3776,532,181,61,Health_Program
P30_135,2016,Q1,Rajasthan,Udaipur,Nutrition Program,State Health Society Rajasthan,276502,10690,102,3817,492,23,87,Health_Program
P30_136,2014,Q1,Punjab,Patiala,TB Control,State Health Society Rajasthan,191981,15218,35,3219,459,32,91,Health_Program
P30_137,2018,Q3,Punjab,Amritsar,Malaria Control,State Health Society Rajasthan,187268,46347,109,3031,623,82,70,Health_Program
P30_138,2017,Q2,Odisha,Bhubaneswar,Malaria Control,CARE India,354294,26112,82,2472,746,137,90,Health_Program
P30_139,2017,Q4,Punjab,Patiala,Maternal Health,Kerala Health Department,118075,35332,71,4760,54,107,73,Health_Program
P30_140,2014,Q2,Rajasthan,Udaipur,Malaria Control,CARE India,381778,7430,80,2628,318,43,80,Health_Program
P30_141,2014,Q1,Kerala,Thrissur,Malaria Control,Assam NRHM,339925,44584,74,1757,717,41,62,Health_Program
P30_142,2018,Q1,Punjab,Amritsar,Nutrition Program,Kerala Health Department,76579,38425,126,2689,599,167,64,Health_Program
P30_143,2016,Q3,Assam,Silchar,Child Immunization,Kerala Health Department,234105,25694,159,2974,560,145,82,Health_Program
P30_144,2019,Q3,Rajasthan,Jaipur,Nutrition Program,Assam NRHM,258757,45798,36,4470,696,129,71,Health_Program
P30_145,2019,Q2,Kerala,Kozhikode,Child Immunization,State Health Society Rajasthan,224192,24794,161,2883,173,81,76,Health_Program
P30_146,2018,Q2,Kerala,Kochi,TB Control,NHM Odisha,364015,44757,69,2051,92,13,60,Health_Program
P30_147,2019,Q1,Rajasthan,Jodhpur,Malaria Control,Kerala Health Department,125815,12167,220,2277,443,34,95,Health_Program
P30_148,2017,Q1,Kerala,Kochi,Child Immunization,Punjab Health Mission,130180,37281,163,1999,475,8,67,Health_Program
P30_149,2015,Q2,Kerala,Kozhikode,Malaria Control,State Health Society Rajasthan,353087,26796,170,4668,312,19,65,Health_Program
P30_150,2018,Q4,Punjab,Amritsar,Child Immunization,State Health Society Rajasthan,355036,42427,241,3839,470,121,69,Health_Program
P30_151,2019,Q4,Assam,Silchar,TB Control,Assam NRHM,225205,19604,151,1702,770,180,79,Health_Program
P30_152,2015,Q3,Assam,Dibrugarh,Maternal Health,Kerala Health Department,48371,47494,240,3011,336,70,95,Health_Program
P30_153,2017,Q4,Rajasthan,Jodhpur,Malaria Control,Assam NRHM,331734,39586,94,1873,736,145,62,Health_Program
P30_154,2017,Q1,Assam,Silchar,Maternal Health,Kerala Health Department,137245,25116,214,326,180,116,79,Health_Program
P30_155,2015,Q3,Odisha,Puri,Child Immunization,NHM Odisha,305933,43545,114,4382,127,69,72,Health_Program
P30_156,2017,Q3,Odisha,Bhubaneswar,Child Immunization,UNICEF India,91266,42340,164,4828,265,121,61,Health_Program
P30_157,2017,Q2,Punjab,Patiala,Malaria Control,NHM Odisha,395282,29103,130,1617,694,130,68,Health_Program
P30_158,2019,Q2,Punjab,Ludhiana,TB Control,CARE India,199635,43802,83,4552,285,64,81,Health_Program
P30_159,2014,Q1,Rajasthan,Jaipur,Malaria Control,UNICEF India,211133,30213,237,1657,220,13,88,Health_Program
P30_160,2019,Q3,Rajasthan,Jodhpur,Nutrition Program,Assam NRHM,181329,26080,151,840,675,17,61,Health_Program
P30_161,2016,Q4,Kerala,Thrissur,Malaria Control,UNICEF India,169372,36564,196,3666,576,124,72,Health_Program
P30_162,2016,Q4,Assam,Guwahati,TB Control,UNICEF India,337081,32296,83,2082,75,152,75,Health_Program
P30_163,2016,Q4,Assam,Silchar,Malaria Control,Assam NRHM,248698,7641,230,2964,318,0,83,Health_Program
P30_164,2014,Q3,Odisha,Puri,Maternal Health,State Health Society Rajasthan,152905,20844,177,2141,86,25,63,Health_Program
P30_165,2018,Q4,Kerala,Kozhikode,Maternal Health,State Health Society Rajasthan,346666,11854,154,423,290,151,64,Health_Program
P30_166,2018,Q2,Kerala,Thrissur,Nutrition Program,Kerala Health Department,348858,34971,163,3222,421,129,64,Health_Program
P30_167,2018,Q4,Rajasthan,Udaipur,Maternal Health,State Health Society Rajasthan,297690,46311,79,4187,208,182,73,Health_Program
P30_168,2017,Q1,Rajasthan,Jodhpur,Nutrition Program,Assam NRHM,178886,29247,142,521,474,39,90,Health_Program
P30_169,2016,Q1,Assam,Silchar,Child Immunization,CARE India,332961,27307,213,575,468,167,86,Health_Program
P30_170,2016,Q3,Rajasthan,Udaipur,Nutrition Program,UNICEF India,332718,14606,162,3920,523,112,60,Health_Program
P30_171,2019,Q4,Kerala,Kochi,TB Control,NHM Odisha,180304,13543,242,1582,110,67,89,Health_Program
P30_172,2014,Q3,Kerala,Kochi,Nutrition Program,State Health Society Rajasthan,158286,26562,183,4966,287,5,68,Health_Program
P30_173,2014,Q1,Assam,Guwahati,Nutrition Program,CARE India,318470,7297,61,1314,315,135,90,Health_Program
P30_174,2016,Q3,Rajasthan,Jodhpur,Maternal Health,Punjab Health Mission,300721,39562,236,3047,525,176,72,Health_Program
P30_175,2015,Q4,Kerala,Kozhikode,Nutrition Program,UNICEF India,119203,8394,226,2782,590,48,63,Health_Program
P30_176,2014,Q3,Rajasthan,Udaipur,Nutrition Program,Kerala Health Department,209508,30245,141,346,494,133,96,Health_Program
P30_177,2019,Q4,Punjab,Amritsar,Nutrition Program,Assam NRHM,304610,41395,32,929,403,157,94,Health_Program
P30_178,2019,Q1,Punjab,Amritsar,Nutrition Program,UNICEF India,196295,32112,190,4363,703,113,98,Health_Program
P30_179,2017,Q3,Assam,Dibrugarh,Malaria Control,CARE India,198110,25232,147,607,170,190,92,Health_Program
