NGO_ID,NGO_Name,Country,Sector,Focus_Area,Website,Email,Priority_Level,Startup_Relevance_Tag
1,Global Impact Foundation 1,Kenya,Poverty Relief,Community Health,www.globalimpactfoundation1.global,contact@globalimpactfoundation1.global,High,Outreach
2,Global Impact Foundation 2,India,Child Welfare,Disaster Relief,www.globalimpactfoundation2.ngo,contact@globalimpactfoundation2.ngo,Low,Outreach
3,Global Impact Foundation 3,Kenya,Human Rights,Disaster Relief,www.globalimpactfoundation3.ngo,contact@globalimpactfoundation3.global,High,Outreach
4,Global Impact Foundation 4,South Africa,Child Welfare,Urban Support,www.globalimpactfoundation4.global,contact@globalimpactfoundation4.foundation,Low,Pilot Testing
5,Global Impact Foundation 5,Australia,Environment,Rural Development,www.globalimpactfoundation5.ngo,contact@globalimpactfoundation5.global,Medium,Funding
6,Global Impact Foundation 6,Brazil,Human Rights,Urban Support,www.globalimpactfoundation6.ngo,contact@globalimpactfoundation6.ngo,Medium,Outreach
7,Global Impact Foundation 7,USA,Women Empowerment,Community Health,www.globalimpactfoundation7.org,contact@globalimpactfoundation7.org,Medium,Outreach
8,Global Impact Foundation 8,Australia,Environment,Rural Development,www.globalimpactfoundation8.ngo,contact@globalimpactfoundation8.ngo,High,Partnership
9,Global Impact Foundation 9,India,Human Rights,Skill Development,www.globalimpactfoundation9.global,contact@globalimpactfoundation9.global,Low,Outreach
10,Global Impact Foundation 10,South Africa,Poverty Relief,Policy Advocacy,www.globalimpactfoundation10.global,contact@globalimpactfoundation10.global,Low,Outreach
11,Global Impact Foundation 11,Australia,Child Welfare,Skill Development,www.globalimpactfoundation11.org,contact@globalimpactfoundation11.global,Medium,Funding
12,Global Impact Foundation 12,Kenya,Poverty Relief,Rural Development,www.globalimpactfoundation12.ngo,contact@globalimpactfoundation12.global,Medium,Pilot Testing
13,Global Impact Foundation 13,Canada,Human Rights,Urban Support,www.globalimpactfoundation13.ngo,contact@globalimpactfoundation13.foundation,Low,Partnership
14,Global Impact Foundation 14,Australia,Human Rights,Urban Support,www.globalimpactfoundation14.foundation,contact@globalimpactfoundation14.ngo,High,Pilot Testing
15,Global Impact Foundation 15,Canada,Education,Urban Support,www.globalimpactfoundation15.org,contact@globalimpactfoundation15.ngo,Medium,Outreach
16,Global Impact Foundation 16,Kenya,Education,Disaster Relief,www.globalimpactfoundation16.foundation,contact@globalimpactfoundation16.global,Low,Pilot Testing
17,Global Impact Foundation 17,Canada,Women Empowerment,Urban Support,www.globalimpactfoundation17.ngo,contact@globalimpactfoundation17.ngo,Low,Pilot Testing
18,Global Impact Foundation 18,India,Women Empowerment,Policy Advocacy,www.globalimpactfoundation18.org,contact@globalimpactfoundation18.foundation,High,Partnership
19,Global Impact Foundation 19,Canada,Education,Community Health,www.globalimpactfoundation19.ngo,contact@globalimpactfoundation19.ngo,Low,Partnership
20,Global Impact Foundation 20,UK,Women Empowerment,Urban Support,www.globalimpactfoundation20.global,contact@globalimpactfoundation20.foundation,Medium,Funding
21,Global Impact Foundation 21,Australia,Environment,Policy Advocacy,www.globalimpactfoundation21.foundation,contact@globalimpactfoundation21.foundation,High,Funding
22,Global Impact Foundation 22,South Africa,Human Rights,Disaster Relief,www.globalimpactfoundation22.global,contact@globalimpactfoundation22.org,High,Outreach
23,Global Impact Foundation 23,UK,Environment,Skill Development,www.globalimpactfoundation23.foundation,contact@globalimpactfoundation23.ngo,Low,Outreach
24,Global Impact Foundation 24,Kenya,Education,Rural Development,www.globalimpactfoundation24.global,contact@globalimpactfoundation24.ngo,Medium,Partnership
25,Global Impact Foundation 25,UAE,Environment,Policy Advocacy,www.globalimpactfoundation25.org,contact@globalimpactfoundation25.global,Medium,Pilot Testing
26,Global Impact Foundation 26,Kenya,Human Rights,Urban Support,www.globalimpactfoundation26.foundation,contact@globalimpactfoundation26.global,Low,Outreach
27,Global Impact Foundation 27,Canada,Health,Policy Advocacy,www.globalimpactfoundation27.global,contact@globalimpactfoundation27.org,Low,Outreach
28,Global Impact Foundation 28,India,Women Empowerment,Community Health,www.globalimpactfoundation28.global,contact@globalimpactfoundation28.global,Medium,Funding
29,Global Impact Foundation 29,India,Education,Rural Development,www.globalimpactfoundation29.ngo,contact@globalimpactfoundation29.foundation,Medium,Partnership
30,Global Impact Foundation 30,India,Education,Policy Advocacy,www.globalimpactfoundation30.foundation,contact@globalimpactfoundation30.global,Low,Funding
31,Global Impact Foundation 31,Brazil,Child Welfare,Policy Advocacy,www.globalimpactfoundation31.ngo,contact@globalimpactfoundation31.global,High,Funding
32,Global Impact Foundation 32,UAE,Child Welfare,Skill Development,www.globalimpactfoundation32.org,contact@globalimpactfoundation32.org,High,Partnership
33,Global Impact Foundation 33,India,Poverty Relief,Skill Development,www.globalimpactfoundation33.ngo,contact@globalimpactfoundation33.org,Medium,Funding
34,Global Impact Foundation 34,Kenya,Child Welfare,Skill Development,www.globalimpactfoundation34.global,contact@globalimpactfoundation34.global,Medium,Funding
35,Global Impact Foundation 35,Germany,Health,Rural Development,www.globalimpactfoundation35.foundation,contact@globalimpactfoundation35.org,High,Pilot Testing
36,Global Impact Foundation 36,South Africa,Education,Rural Development,www.globalimpactfoundation36.foundation,contact@globalimpactfoundation36.ngo,Medium,Outreach
37,Global Impact Foundation 37,Canada,Environment,Policy Advocacy,www.globalimpactfoundation37.foundation,contact@globalimpactfoundation37.ngo,Medium,Outreach
38,Global Impact Foundation 38,Germany,Human Rights,Disaster Relief,www.globalimpactfoundation38.global,contact@globalimpactfoundation38.global,High,Funding
39,Global Impact Foundation 39,UK,Women Empowerment,Policy Advocacy,www.globalimpactfoundation39.foundation,contact@globalimpactfoundation39.ngo,Low,Funding
40,Global Impact Foundation 40,Kenya,Human Rights,Urban Support,www.globalimpactfoundation40.ngo,contact@globalimpactfoundation40.org,High,Funding
41,Global Impact Foundation 41,South Africa,Environment,Policy Advocacy,www.globalimpactfoundation41.ngo,contact@globalimpactfoundation41.foundation,Low,Outreach
42,Global Impact Foundation 42,Germany,Poverty Relief,Disaster Relief,www.globalimpactfoundation42.global,contact@globalimpactfoundation42.org,High,Outreach
43,Global Impact Foundation 43,Australia,Child Welfare,Urban Support,www.globalimpactfoundation43.org,contact@globalimpactfoundation43.org,Medium,Pilot Testing
44,Global Impact Foundation 44,Australia,Child Welfare,Rural Development,www.globalimpactfoundation44.org,contact@globalimpactfoundation44.ngo,High,Pilot Testing
45,Global Impact Foundation 45,USA,Child Welfare,Disaster Relief,www.globalimpactfoundation45.foundation,contact@globalimpactfoundation45.ngo,High,Outreach
46,Global Impact Foundation 46,India,Environment,Policy Advocacy,www.globalimpactfoundation46.ngo,contact@globalimpactfoundation46.ngo,Medium,Partnership
47,Global Impact Foundation 47,UAE,Human Rights,Urban Support,www.globalimpactfoundation47.foundation,contact@globalimpactfoundation47.foundation,Medium,Outreach
48,Global Impact Foundation 48,Canada,Women Empowerment,Community Health,www.globalimpactfoundation48.global,contact@globalimpactfoundation48.org,High,Funding
49,Global Impact Foundation 49,Canada,Poverty Relief,Urban Support,www.globalimpactfoundation49.org,contact@globalimpactfoundation49.ngo,Medium,Partnership
50,Global Impact Foundation 50,USA,Education,Community Health,www.globalimpactfoundation50.org,contact@globalimpactfoundation50.ngo,Low,Funding
51,Global Impact Foundation 51,Australia,Environment,Disaster Relief,www.globalimpactfoundation51.global,contact@globalimpactfoundation51.org,High,Pilot Testing
52,Global Impact Foundation 52,India,Child Welfare,Policy Advocacy,www.globalimpactfoundation52.ngo,contact@globalimpactfoundation52.foundation,Medium,Outreach
53,Global Impact Foundation 53,UK,Human Rights,Disaster Relief,www.globalimpactfoundation53.org,contact@globalimpactfoundation53.org,Low,Partnership
54,Global Impact Foundation 54,Germany,Poverty Relief,Rural Development,www.globalimpactfoundation54.foundation,contact@globalimpactfoundation54.org,High,Funding
55,Global Impact Foundation 55,UAE,Poverty Relief,Rural Development,www.globalimpactfoundation55.foundation,contact@globalimpactfoundation55.ngo,Low,Partnership
56,Global Impact Foundation 56,UAE,Education,Community Health,www.globalimpactfoundation56.foundation,contact@globalimpactfoundation56.global,Medium,Outreach
57,Global Impact Foundation 57,India,Child Welfare,Policy Advocacy,www.globalimpactfoundation57.ngo,contact@globalimpactfoundation57.foundation,Medium,Outreach
58,Global Impact Foundation 58,Germany,Environment,Disaster Relief,www.globalimpactfoundation58.org,contact@globalimpactfoundation58.ngo,Medium,Partnership
59,Global Impact Foundation 59,Canada,Child Welfare,Policy Advocacy,www.globalimpactfoundation59.foundation,contact@globalimpactfoundation59.org,Medium,Pilot Testing
60,Global Impact Foundation 60,Brazil,Health,Urban Support,www.globalimpactfoundation60.ngo,contact@globalimpactfoundation60.foundation,Low,Funding
61,Global Impact Foundation 61,Brazil,Child Welfare,Community Health,www.globalimpactfoundation61.global,contact@globalimpactfoundation61.global,Medium,Outreach
62,Global Impact Foundation 62,Brazil,Health,Policy Advocacy,www.globalimpactfoundation62.global,contact@globalimpactfoundation62.global,Medium,Partnership
63,Global Impact Foundation 63,India,Women Empowerment,Community Health,www.globalimpactfoundation63.ngo,contact@globalimpactfoundation63.org,Medium,Pilot Testing
64,Global Impact Foundation 64,UAE,Women Empowerment,Urban Support,www.globalimpactfoundation64.global,contact@globalimpactfoundation64.global,Medium,Pilot Testing
65,Global Impact Foundation 65,UAE,Environment,Skill Development,www.globalimpactfoundation65.org,contact@globalimpactfoundation65.foundation,Medium,Pilot Testing
66,Global Impact Foundation 66,Kenya,Environment,Disaster Relief,www.globalimpactfoundation66.org,contact@globalimpactfoundation66.foundation,High,Outreach
67,Global Impact Foundation 67,UK,Human Rights,Disaster Relief,www.globalimpactfoundation67.foundation,contact@globalimpactfoundation67.global,Low,Pilot Testing
68,Global Impact Foundation 68,Brazil,Poverty Relief,Community Health,www.globalimpactfoundation68.ngo,contact@globalimpactfoundation68.global,Low,Funding
69,Global Impact Foundation 69,Australia,Education,Rural Development,www.globalimpactfoundation69.global,contact@globalimpactfoundation69.ngo,Low,Outreach
70,Global Impact Foundation 70,Kenya,Health,Urban Support,www.globalimpactfoundation70.foundation,contact@globalimpactfoundation70.foundation,Medium,Outreach
71,Global Impact Foundation 71,India,Child Welfare,Urban Support,www.globalimpactfoundation71.foundation,contact@globalimpactfoundation71.foundation,Low,Outreach
72,Global Impact Foundation 72,Germany,Human Rights,Skill Development,www.globalimpactfoundation72.org,contact@globalimpactfoundation72.foundation,High,Pilot Testing
73,Global Impact Foundation 73,India,Human Rights,Urban Support,www.globalimpactfoundation73.ngo,contact@globalimpactfoundation73.ngo,Medium,Funding
74,Global Impact Foundation 74,Kenya,Health,Skill Development,www.globalimpactfoundation74.ngo,contact@globalimpactfoundation74.global,High,Partnership
75,Global Impact Foundation 75,UK,Women Empowerment,Urban Support,www.globalimpactfoundation75.org,contact@globalimpactfoundation75.foundation,Medium,Outreach
76,Global Impact Foundation 76,USA,Human Rights,Policy Advocacy,www.globalimpactfoundation76.foundation,contact@globalimpactfoundation76.ngo,High,Funding
77,Global Impact Foundation 77,UK,Human Rights,Policy Advocacy,www.globalimpactfoundation77.ngo,contact@globalimpactfoundation77.foundation,Medium,Outreach
78,Global Impact Foundation 78,Australia,Education,Policy Advocacy,www.globalimpactfoundation78.foundation,contact@globalimpactfoundation78.global,Low,Pilot Testing
79,Global Impact Foundation 79,USA,Human Rights,Urban Support,www.globalimpactfoundation79.org,contact@globalimpactfoundation79.foundation,Medium,Outreach
80,Global Impact Foundation 80,India,Human Rights,Rural Development,www.globalimpactfoundation80.global,contact@globalimpactfoundation80.global,Medium,Outreach
81,Global Impact Foundation 81,UK,Women Empowerment,Policy Advocacy,www.globalimpactfoundation81.org,contact@globalimpactfoundation81.ngo,High,Pilot Testing
82,Global Impact Foundation 82,Germany,Poverty Relief,Skill Development,www.globalimpactfoundation82.foundation,contact@globalimpactfoundation82.org,High,Outreach
83,Global Impact Foundation 83,India,Education,Community Health,www.globalimpactfoundation83.foundation,contact@globalimpactfoundation83.foundation,Low,Partnership
84,Global Impact Foundation 84,Canada,Poverty Relief,Community Health,www.globalimpactfoundation84.foundation,contact@globalimpactfoundation84.foundation,Low,Outreach
85,Global Impact Foundation 85,Australia,Women Empowerment,Rural Development,www.globalimpactfoundation85.foundation,contact@globalimpactfoundation85.ngo,Low,Funding
86,Global Impact Foundation 86,USA,Human Rights,Skill Development,www.globalimpactfoundation86.foundation,contact@globalimpactfoundation86.ngo,Low,Outreach
87,Global Impact Foundation 87,UAE,Human Rights,Urban Support,www.globalimpactfoundation87.org,contact@globalimpactfoundation87.org,Medium,Pilot Testing
88,Global Impact Foundation 88,Brazil,Poverty Relief,Disaster Relief,www.globalimpactfoundation88.global,contact@globalimpactfoundation88.ngo,High,Outreach
89,Global Impact Foundation 89,Australia,Environment,Rural Development,www.globalimpactfoundation89.org,contact@globalimpactfoundation89.foundation,High,Partnership
90,Global Impact Foundation 90,Germany,Education,Rural Development,www.globalimpactfoundation90.foundation,contact@globalimpactfoundation90.org,Medium,Partnership
91,Global Impact Foundation 91,USA,Education,Community Health,www.globalimpactfoundation91.org,contact@globalimpactfoundation91.org,Medium,Partnership
92,Global Impact Foundation 92,Germany,Women Empowerment,Disaster Relief,www.globalimpactfoundation92.ngo,contact@globalimpactfoundation92.ngo,Low,Pilot Testing
93,Global Impact Foundation 93,UAE,Women Empowerment,Community Health,www.globalimpactfoundation93.ngo,contact@globalimpactfoundation93.org,Medium,Pilot Testing
94,Global Impact Foundation 94,Brazil,Women Empowerment,Skill Development,www.globalimpactfoundation94.global,contact@globalimpactfoundation94.ngo,Medium,Funding
95,Global Impact Foundation 95,India,Human Rights,Skill Development,www.globalimpactfoundation95.org,contact@globalimpactfoundation95.org,Medium,Partnership
96,Global Impact Foundation 96,Australia,Human Rights,Skill Development,www.globalimpactfoundation96.global,contact@globalimpactfoundation96.org,Medium,Pilot Testing
97,Global Impact Foundation 97,Germany,Education,Skill Development,www.globalimpactfoundation97.foundation,contact@globalimpactfoundation97.global,High,Pilot Testing
98,Global Impact Foundation 98,Kenya,Education,Policy Advocacy,www.globalimpactfoundation98.foundation,contact@globalimpactfoundation98.ngo,High,Funding
99,Global Impact Foundation 99,Brazil,Education,Skill Development,www.globalimpactfoundation99.org,contact@globalimpactfoundation99.org,Low,Funding
100,Global Impact Foundation 100,UK,Health,Skill Development,www.globalimpactfoundation100.foundation,contact@globalimpactfoundation100.foundation,Medium,Partnership
101,Global Impact Foundation 101,Australia,Environment,Urban Support,www.globalimpactfoundation101.ngo,contact@globalimpactfoundation101.global,Low,Funding
102,Global Impact Foundation 102,UAE,Women Empowerment,Skill Development,www.globalimpactfoundation102.org,contact@globalimpactfoundation102.ngo,Medium,Partnership
103,Global Impact Foundation 103,India,Environment,Urban Support,www.globalimpactfoundation103.org,contact@globalimpactfoundation103.foundation,Medium,Partnership
104,Global Impact Foundation 104,Kenya,Education,Community Health,www.globalimpactfoundation104.org,contact@globalimpactfoundation104.ngo,High,Pilot Testing
105,Global Impact Foundation 105,Brazil,Child Welfare,Policy Advocacy,www.globalimpactfoundation105.foundation,contact@globalimpactfoundation105.global,High,Outreach
106,Global Impact Foundation 106,Canada,Education,Skill Development,www.globalimpactfoundation106.foundation,contact@globalimpactfoundation106.global,Medium,Partnership
107,Global Impact Foundation 107,South Africa,Health,Policy Advocacy,www.globalimpactfoundation107.foundation,contact@globalimpactfoundation107.ngo,Low,Outreach
108,Global Impact Foundation 108,India,Education,Community Health,www.globalimpactfoundation108.foundation,contact@globalimpactfoundation108.foundation,Low,Funding
109,Global Impact Foundation 109,South Africa,Education,Urban Support,www.globalimpactfoundation109.foundation,contact@globalimpactfoundation109.ngo,Medium,Funding
110,Global Impact Foundation 110,Kenya,Child Welfare,Rural Development,www.globalimpactfoundation110.ngo,contact@globalimpactfoundation110.global,Medium,Funding
111,Global Impact Foundation 111,UAE,Environment,Community Health,www.globalimpactfoundation111.global,contact@globalimpactfoundation111.global,Medium,Partnership
112,Global Impact Foundation 112,Germany,Human Rights,Disaster Relief,www.globalimpactfoundation112.org,contact@globalimpactfoundation112.global,Low,Outreach
113,Global Impact Foundation 113,Canada,Poverty Relief,Community Health,www.globalimpactfoundation113.org,contact@globalimpactfoundation113.global,High,Funding
114,Global Impact Foundation 114,UK,Poverty Relief,Skill Development,www.globalimpactfoundation114.ngo,contact@globalimpactfoundation114.foundation,High,Funding
115,Global Impact Foundation 115,Brazil,Child Welfare,Disaster Relief,www.globalimpactfoundation115.global,contact@globalimpactfoundation115.org,Medium,Partnership
116,Global Impact Foundation 116,Germany,Child Welfare,Rural Development,www.globalimpactfoundation116.ngo,contact@globalimpactfoundation116.foundation,Medium,Funding
117,Global Impact Foundation 117,Canada,Health,Rural Development,www.globalimpactfoundation117.foundation,contact@globalimpactfoundation117.ngo,High,Funding
118,Global Impact Foundation 118,Australia,Child Welfare,Rural Development,www.globalimpactfoundation118.org,contact@globalimpactfoundation118.org,High,Pilot Testing
119,Global Impact Foundation 119,Brazil,Environment,Disaster Relief,www.globalimpactfoundation119.ngo,contact@globalimpactfoundation119.foundation,Low,Funding
120,Global Impact Foundation 120,India,Health,Skill Development,www.globalimpactfoundation120.foundation,contact@globalimpactfoundation120.foundation,Low,Pilot Testing
121,Global Impact Foundation 121,UAE,Education,Disaster Relief,www.globalimpactfoundation121.ngo,contact@globalimpactfoundation121.ngo,Medium,Pilot Testing
122,Global Impact Foundation 122,USA,Human Rights,Rural Development,www.globalimpactfoundation122.global,contact@globalimpactfoundation122.foundation,High,Outreach
123,Global Impact Foundation 123,Australia,Environment,Community Health,www.globalimpactfoundation123.global,contact@globalimpactfoundation123.foundation,High,Pilot Testing
124,Global Impact Foundation 124,UAE,Women Empowerment,Policy Advocacy,www.globalimpactfoundation124.org,contact@globalimpactfoundation124.global,Low,Pilot Testing
125,Global Impact Foundation 125,Germany,Poverty Relief,Rural Development,www.globalimpactfoundation125.foundation,contact@globalimpactfoundation125.foundation,Low,Outreach
126,Global Impact Foundation 126,Brazil,Health,Urban Support,www.globalimpactfoundation126.global,contact@globalimpactfoundation126.org,Medium,Outreach
127,Global Impact Foundation 127,Australia,Poverty Relief,Community Health,www.globalimpactfoundation127.global,contact@globalimpactfoundation127.global,Low,Pilot Testing
128,Global Impact Foundation 128,Canada,Environment,Rural Development,www.globalimpactfoundation128.org,contact@globalimpactfoundation128.org,Medium,Outreach
129,Global Impact Foundation 129,India,Human Rights,Rural Development,www.globalimpactfoundation129.org,contact@globalimpactfoundation129.global,Low,Outreach
130,Global Impact Foundation 130,Germany,Environment,Skill Development,www.globalimpactfoundation130.global,contact@globalimpactfoundation130.ngo,Low,Pilot Testing
131,Global Impact Foundation 131,Australia,Child Welfare,Rural Development,www.globalimpactfoundation131.ngo,contact@globalimpactfoundation131.global,High,Funding
132,Global Impact Foundation 132,Kenya,Environment,Disaster Relief,www.globalimpactfoundation132.ngo,contact@globalimpactfoundation132.global,High,Funding
133,Global Impact Foundation 133,South Africa,Education,Skill Development,www.globalimpactfoundation133.foundation,contact@globalimpactfoundation133.ngo,High,Pilot Testing
134,Global Impact Foundation 134,Germany,Health,Skill Development,www.globalimpactfoundation134.global,contact@globalimpactfoundation134.ngo,Medium,Outreach
135,Global Impact Foundation 135,India,Poverty Relief,Disaster Relief,www.globalimpactfoundation135.ngo,contact@globalimpactfoundation135.org,High,Funding
136,Global Impact Foundation 136,USA,Poverty Relief,Community Health,www.globalimpactfoundation136.ngo,contact@globalimpactfoundation136.org,Low,Outreach
137,Global Impact Foundation 137,India,Poverty Relief,Skill Development,www.globalimpactfoundation137.org,contact@globalimpactfoundation137.global,Low,Pilot Testing
138,Global Impact Foundation 138,Kenya,Women Empowerment,Rural Development,www.globalimpactfoundation138.global,contact@globalimpactfoundation138.global,Medium,Funding
139,Global Impact Foundation 139,Germany,Health,Policy Advocacy,www.globalimpactfoundation139.global,contact@globalimpactfoundation139.org,Low,Pilot Testing
140,Global Impact Foundation 140,Canada,Health,Community Health,www.globalimpactfoundation140.global,contact@globalimpactfoundation140.foundation,High,Pilot Testing
141,Global Impact Foundation 141,Germany,Environment,Skill Development,www.globalimpactfoundation141.global,contact@globalimpactfoundation141.foundation,Medium,Funding
142,Global Impact Foundation 142,India,Environment,Community Health,www.globalimpactfoundation142.org,contact@globalimpactfoundation142.ngo,High,Partnership
143,Global Impact Foundation 143,India,Environment,Disaster Relief,www.globalimpactfoundation143.org,contact@globalimpactfoundation143.ngo,Medium,Partnership
144,Global Impact Foundation 144,Canada,Health,Rural Development,www.globalimpactfoundation144.ngo,contact@globalimpactfoundation144.foundation,Medium,Outreach
145,Global Impact Foundation 145,Germany,Child Welfare,Skill Development,www.globalimpactfoundation145.global,contact@globalimpactfoundation145.global,Medium,Outreach
146,Global Impact Foundation 146,India,Women Empowerment,Policy Advocacy,www.globalimpactfoundation146.ngo,contact@globalimpactfoundation146.ngo,Medium,Pilot Testing
147,Global Impact Foundation 147,Brazil,Human Rights,Urban Support,www.globalimpactfoundation147.foundation,contact@globalimpactfoundation147.org,Medium,Partnership
148,Global Impact Foundation 148,India,Women Empowerment,Community Health,www.globalimpactfoundation148.ngo,contact@globalimpactfoundation148.ngo,Medium,Pilot Testing
149,Global Impact Foundation 149,Canada,Health,Community Health,www.globalimpactfoundation149.global,contact@globalimpactfoundation149.global,High,Outreach
150,Global Impact Foundation 150,USA,Poverty Relief,Disaster Relief,www.globalimpactfoundation150.ngo,contact@globalimpactfoundation150.foundation,Low,Funding
151,Global Impact Foundation 151,UAE,Women Empowerment,Disaster Relief,www.globalimpactfoundation151.org,contact@globalimpactfoundation151.org,High,Pilot Testing
152,Global Impact Foundation 152,USA,Child Welfare,Community Health,www.globalimpactfoundation152.ngo,contact@globalimpactfoundation152.ngo,High,Partnership
153,Global Impact Foundation 153,Canada,Health,Disaster Relief,www.globalimpactfoundation153.foundation,contact@globalimpactfoundation153.global,Low,Funding
154,Global Impact Foundation 154,Australia,Child Welfare,Policy Advocacy,www.globalimpactfoundation154.foundation,contact@globalimpactfoundation154.org,High,Funding
155,Global Impact Foundation 155,South Africa,Women Empowerment,Skill Development,www.globalimpactfoundation155.global,contact@globalimpactfoundation155.foundation,High,Pilot Testing
156,Global Impact Foundation 156,India,Women Empowerment,Urban Support,www.globalimpactfoundation156.global,contact@globalimpactfoundation156.foundation,Medium,Outreach
157,Global Impact Foundation 157,Germany,Education,Disaster Relief,www.globalimpactfoundation157.foundation,contact@globalimpactfoundation157.ngo,Low,Funding
158,Global Impact Foundation 158,Germany,Education,Rural Development,www.globalimpactfoundation158.ngo,contact@globalimpactfoundation158.ngo,Low,Pilot Testing
159,Global Impact Foundation 159,South Africa,Health,Skill Development,www.globalimpactfoundation159.org,contact@globalimpactfoundation159.global,Low,Outreach
160,Global Impact Foundation 160,USA,Women Empowerment,Disaster Relief,www.globalimpactfoundation160.org,contact@globalimpactfoundation160.global,Medium,Funding
161,Global Impact Foundation 161,India,Health,Policy Advocacy,www.globalimpactfoundation161.ngo,contact@globalimpactfoundation161.foundation,Medium,Outreach
162,Global Impact Foundation 162,Germany,Human Rights,Skill Development,www.globalimpactfoundation162.global,contact@globalimpactfoundation162.ngo,Medium,Partnership
163,Global Impact Foundation 163,UAE,Education,Urban Support,www.globalimpactfoundation163.global,contact@globalimpactfoundation163.org,Medium,Funding
164,Global Impact Foundation 164,UAE,Human Rights,Policy Advocacy,www.globalimpactfoundation164.org,contact@globalimpactfoundation164.ngo,Medium,Outreach
165,Global Impact Foundation 165,Germany,Education,Disaster Relief,www.globalimpactfoundation165.foundation,contact@globalimpactfoundation165.org,Medium,Partnership
166,Global Impact Foundation 166,Brazil,Environment,Community Health,www.globalimpactfoundation166.org,contact@globalimpactfoundation166.ngo,Medium,Funding
167,Global Impact Foundation 167,Brazil,Human Rights,Policy Advocacy,www.globalimpactfoundation167.foundation,contact@globalimpactfoundation167.org,Low,Outreach
168,Global Impact Foundation 168,India,Human Rights,Policy Advocacy,www.globalimpactfoundation168.foundation,contact@globalimpactfoundation168.foundation,Low,Funding
169,Global Impact Foundation 169,Canada,Education,Policy Advocacy,www.globalimpactfoundation169.global,contact@globalimpactfoundation169.foundation,Medium,Partnership
170,Global Impact Foundation 170,UAE,Education,Policy Advocacy,www.globalimpactfoundation170.org,contact@globalimpactfoundation170.foundation,Medium,Pilot Testing
171,Global Impact Foundation 171,Germany,Poverty Relief,Urban Support,www.globalimpactfoundation171.org,contact@globalimpactfoundation171.global,High,Pilot Testing
172,Global Impact Foundation 172,Brazil,Women Empowerment,Disaster Relief,www.globalimpactfoundation172.foundation,contact@globalimpactfoundation172.global,Medium,Funding
173,Global Impact Foundation 173,USA,Environment,Policy Advocacy,www.globalimpactfoundation173.ngo,contact@globalimpactfoundation173.global,Medium,Pilot Testing
174,Global Impact Foundation 174,Brazil,Environment,Skill Development,www.globalimpactfoundation174.foundation,contact@globalimpactfoundation174.foundation,Low,Pilot Testing
175,Global Impact Foundation 175,Australia,Environment,Community Health,www.globalimpactfoundation175.foundation,contact@globalimpactfoundation175.org,Medium,Funding
176,Global Impact Foundation 176,Brazil,Health,Urban Support,www.globalimpactfoundation176.foundation,contact@globalimpactfoundation176.global,Medium,Funding
177,Global Impact Foundation 177,Australia,Women Empowerment,Urban Support,www.globalimpactfoundation177.foundation,contact@globalimpactfoundation177.foundation,Medium,Funding
178,Global Impact Foundation 178,Australia,Education,Disaster Relief,www.globalimpactfoundation178.global,contact@globalimpactfoundation178.org,Low,Funding
179,Global Impact Foundation 179,Brazil,Education,Disaster Relief,www.globalimpactfoundation179.global,contact@globalimpactfoundation179.global,High,Outreach
180,Global Impact Foundation 180,UAE,Child Welfare,Community Health,www.globalimpactfoundation180.global,contact@globalimpactfoundation180.org,Low,Outreach
181,Global Impact Foundation 181,South Africa,Poverty Relief,Skill Development,www.globalimpactfoundation181.org,contact@globalimpactfoundation181.ngo,Medium,Pilot Testing
182,Global Impact Foundation 182,USA,Women Empowerment,Skill Development,www.globalimpactfoundation182.ngo,contact@globalimpactfoundation182.global,Medium,Outreach
183,Global Impact Foundation 183,South Africa,Environment,Rural Development,www.globalimpactfoundation183.org,contact@globalimpactfoundation183.org,Low,Pilot Testing
184,Global Impact Foundation 184,UK,Child Welfare,Urban Support,www.globalimpactfoundation184.foundation,contact@globalimpactfoundation184.foundation,High,Pilot Testing
185,Global Impact Foundation 185,USA,Women Empowerment,Rural Development,www.globalimpactfoundation185.foundation,contact@globalimpactfoundation185.org,High,Pilot Testing
186,Global Impact Foundation 186,India,Women Empowerment,Rural Development,www.globalimpactfoundation186.foundation,contact@globalimpactfoundation186.ngo,Low,Funding
187,Global Impact Foundation 187,India,Women Empowerment,Urban Support,www.globalimpactfoundation187.org,contact@globalimpactfoundation187.org,Medium,Funding
188,Global Impact Foundation 188,UAE,Health,Urban Support,www.globalimpactfoundation188.global,contact@globalimpactfoundation188.foundation,High,Outreach
189,Global Impact Foundation 189,UK,Education,Urban Support,www.globalimpactfoundation189.global,contact@globalimpactfoundation189.global,Medium,Outreach
190,Global Impact Foundation 190,Brazil,Education,Rural Development,www.globalimpactfoundation190.org,contact@globalimpactfoundation190.org,Medium,Outreach
191,Global Impact Foundation 191,Australia,Health,Skill Development,www.globalimpactfoundation191.foundation,contact@globalimpactfoundation191.foundation,Low,Outreach
192,Global Impact Foundation 192,UK,Health,Rural Development,www.globalimpactfoundation192.global,contact@globalimpactfoundation192.foundation,Low,Pilot Testing
193,Global Impact Foundation 193,Canada,Environment,Policy Advocacy,www.globalimpactfoundation193.global,contact@globalimpactfoundation193.ngo,Low,Pilot Testing
194,Global Impact Foundation 194,Canada,Poverty Relief,Community Health,www.globalimpactfoundation194.org,contact@globalimpactfoundation194.org,Medium,Pilot Testing
195,Global Impact Foundation 195,India,Human Rights,Rural Development,www.globalimpactfoundation195.ngo,contact@globalimpactfoundation195.org,High,Funding
196,Global Impact Foundation 196,Germany,Child Welfare,Rural Development,www.globalimpactfoundation196.global,contact@globalimpactfoundation196.global,Medium,Outreach
197,Global Impact Foundation 197,Kenya,Child Welfare,Skill Development,www.globalimpactfoundation197.org,contact@globalimpactfoundation197.ngo,Low,Funding
198,Global Impact Foundation 198,UAE,Education,Policy Advocacy,www.globalimpactfoundation198.ngo,contact@globalimpactfoundation198.global,High,Partnership
199,Global Impact Foundation 199,Kenya,Human Rights,Disaster Relief,www.globalimpactfoundation199.ngo,contact@globalimpactfoundation199.ngo,High,Partnership
200,Global Impact Foundation 200,USA,Women Empowerment,Community Health,www.globalimpactfoundation200.org,contact@globalimpactfoundation200.global,Low,Partnership
201,Global Impact Foundation 201,India,Child Welfare,Urban Support,www.globalimpactfoundation201.ngo,contact@globalimpactfoundation201.org,High,Funding
202,Global Impact Foundation 202,India,Women Empowerment,Disaster Relief,www.globalimpactfoundation202.global,contact@globalimpactfoundation202.org,High,Funding
203,Global Impact Foundation 203,USA,Child Welfare,Skill Development,www.globalimpactfoundation203.org,contact@globalimpactfoundation203.foundation,Medium,Funding
204,Global Impact Foundation 204,USA,Child Welfare,Community Health,www.globalimpactfoundation204.ngo,contact@globalimpactfoundation204.foundation,Low,Outreach
205,Global Impact Foundation 205,Brazil,Environment,Urban Support,www.globalimpactfoundation205.global,contact@globalimpactfoundation205.org,High,Funding
206,Global Impact Foundation 206,Canada,Poverty Relief,Urban Support,www.globalimpactfoundation206.ngo,contact@globalimpactfoundation206.org,Low,Partnership
207,Global Impact Foundation 207,UK,Child Welfare,Community Health,www.globalimpactfoundation207.global,contact@globalimpactfoundation207.global,High,Funding
208,Global Impact Foundation 208,Canada,Women Empowerment,Policy Advocacy,www.globalimpactfoundation208.org,contact@globalimpactfoundation208.org,Medium,Pilot Testing
209,Global Impact Foundation 209,Canada,Environment,Urban Support,www.globalimpactfoundation209.global,contact@globalimpactfoundation209.org,High,Pilot Testing
210,Global Impact Foundation 210,Brazil,Education,Rural Development,www.globalimpactfoundation210.ngo,contact@globalimpactfoundation210.global,High,Funding
211,Global Impact Foundation 211,India,Human Rights,Rural Development,www.globalimpactfoundation211.global,contact@globalimpactfoundation211.ngo,Low,Funding
212,Global Impact Foundation 212,UAE,Human Rights,Disaster Relief,www.globalimpactfoundation212.ngo,contact@globalimpactfoundation212.ngo,Low,Partnership
213,Global Impact Foundation 213,India,Poverty Relief,Community Health,www.globalimpactfoundation213.ngo,contact@globalimpactfoundation213.global,High,Pilot Testing
214,Global Impact Foundation 214,Kenya,Environment,Skill Development,www.globalimpactfoundation214.org,contact@globalimpactfoundation214.ngo,High,Partnership
215,Global Impact Foundation 215,UK,Education,Skill Development,www.globalimpactfoundation215.ngo,contact@globalimpactfoundation215.org,Medium,Pilot Testing
216,Global Impact Foundation 216,UK,Women Empowerment,Policy Advocacy,www.globalimpactfoundation216.global,contact@globalimpactfoundation216.global,High,Funding
217,Global Impact Foundation 217,Brazil,Child Welfare,Skill Development,www.globalimpactfoundation217.ngo,contact@globalimpactfoundation217.ngo,Medium,Funding
218,Global Impact Foundation 218,USA,Education,Skill Development,www.globalimpactfoundation218.global,contact@globalimpactfoundation218.ngo,Low,Pilot Testing
219,Global Impact Foundation 219,UK,Poverty Relief,Rural Development,www.globalimpactfoundation219.ngo,contact@globalimpactfoundation219.org,Low,Partnership
220,Global Impact Foundation 220,USA,Human Rights,Community Health,www.globalimpactfoundation220.org,contact@globalimpactfoundation220.org,Medium,Funding
221,Global Impact Foundation 221,Kenya,Child Welfare,Community Health,www.globalimpactfoundation221.foundation,contact@globalimpactfoundation221.org,Low,Outreach
222,Global Impact Foundation 222,UAE,Poverty Relief,Skill Development,www.globalimpactfoundation222.global,contact@globalimpactfoundation222.ngo,Medium,Pilot Testing
223,Global Impact Foundation 223,UK,Health,Disaster Relief,www.globalimpactfoundation223.ngo,contact@globalimpactfoundation223.org,High,Partnership
224,Global Impact Foundation 224,Australia,Child Welfare,Policy Advocacy,www.globalimpactfoundation224.org,contact@globalimpactfoundation224.org,Medium,Pilot Testing
225,Global Impact Foundation 225,India,Human Rights,Community Health,www.globalimpactfoundation225.foundation,contact@globalimpactfoundation225.ngo,Low,Outreach
226,Global Impact Foundation 226,USA,Health,Policy Advocacy,www.globalimpactfoundation226.global,contact@globalimpactfoundation226.foundation,Medium,Funding
227,Global Impact Foundation 227,Brazil,Environment,Rural Development,www.globalimpactfoundation227.ngo,contact@globalimpactfoundation227.org,Medium,Outreach
228,Global Impact Foundation 228,South Africa,Women Empowerment,Skill Development,www.globalimpactfoundation228.global,contact@globalimpactfoundation228.global,High,Outreach
229,Global Impact Foundation 229,South Africa,Women Empowerment,Disaster Relief,www.globalimpactfoundation229.foundation,contact@globalimpactfoundation229.ngo,Medium,Outreach
230,Global Impact Foundation 230,Canada,Health,Policy Advocacy,www.globalimpactfoundation230.ngo,contact@globalimpactfoundation230.org,Medium,Partnership
231,Global Impact Foundation 231,South Africa,Women Empowerment,Disaster Relief,www.globalimpactfoundation231.foundation,contact@globalimpactfoundation231.org,Low,Outreach
232,Global Impact Foundation 232,India,Women Empowerment,Community Health,www.globalimpactfoundation232.ngo,contact@globalimpactfoundation232.org,High,Outreach
233,Global Impact Foundation 233,Australia,Poverty Relief,Skill Development,www.globalimpactfoundation233.foundation,contact@globalimpactfoundation233.ngo,Low,Pilot Testing
234,Global Impact Foundation 234,Canada,Child Welfare,Policy Advocacy,www.globalimpactfoundation234.org,contact@globalimpactfoundation234.global,Low,Partnership
235,Global Impact Foundation 235,South Africa,Women Empowerment,Community Health,www.globalimpactfoundation235.global,contact@globalimpactfoundation235.org,High,Funding
236,Global Impact Foundation 236,UK,Poverty Relief,Rural Development,www.globalimpactfoundation236.org,contact@globalimpactfoundation236.global,Low,Pilot Testing
237,Global Impact Foundation 237,Australia,Poverty Relief,Rural Development,www.globalimpactfoundation237.ngo,contact@globalimpactfoundation237.org,High,Partnership
238,Global Impact Foundation 238,Canada,Environment,Urban Support,www.globalimpactfoundation238.ngo,contact@globalimpactfoundation238.global,Medium,Funding
239,Global Impact Foundation 239,Brazil,Environment,Rural Development,www.globalimpactfoundation239.foundation,contact@globalimpactfoundation239.foundation,Medium,Partnership
240,Global Impact Foundation 240,Canada,Health,Urban Support,www.globalimpactfoundation240.global,contact@globalimpactfoundation240.foundation,Medium,Partnership
241,Global Impact Foundation 241,Germany,Education,Skill Development,www.globalimpactfoundation241.ngo,contact@globalimpactfoundation241.foundation,Low,Pilot Testing
242,Global Impact Foundation 242,Canada,Child Welfare,Disaster Relief,www.globalimpactfoundation242.global,contact@globalimpactfoundation242.org,High,Outreach
243,Global Impact Foundation 243,Australia,Education,Skill Development,www.globalimpactfoundation243.global,contact@globalimpactfoundation243.ngo,High,Partnership
244,Global Impact Foundation 244,South Africa,Poverty Relief,Community Health,www.globalimpactfoundation244.ngo,contact@globalimpactfoundation244.ngo,Low,Funding
245,Global Impact Foundation 245,India,Human Rights,Rural Development,www.globalimpactfoundation245.foundation,contact@globalimpactfoundation245.org,Medium,Partnership
246,Global Impact Foundation 246,Canada,Environment,Urban Support,www.globalimpactfoundation246.global,contact@globalimpactfoundation246.global,Medium,Outreach
247,Global Impact Foundation 247,Germany,Women Empowerment,Disaster Relief,www.globalimpactfoundation247.global,contact@globalimpactfoundation247.ngo,High,Outreach
248,Global Impact Foundation 248,India,Poverty Relief,Policy Advocacy,www.globalimpactfoundation248.org,contact@globalimpactfoundation248.foundation,Low,Partnership
249,Global Impact Foundation 249,Kenya,Education,Disaster Relief,www.globalimpactfoundation249.global,contact@globalimpactfoundation249.global,Medium,Outreach
250,Global Impact Foundation 250,UAE,Poverty Relief,Urban Support,www.globalimpactfoundation250.global,contact@globalimpactfoundation250.org,Medium,Funding
251,Global Impact Foundation 251,Australia,Women Empowerment,Disaster Relief,www.globalimpactfoundation251.global,contact@globalimpactfoundation251.org,Medium,Pilot Testing
252,Global Impact Foundation 252,Australia,Child Welfare,Skill Development,www.globalimpactfoundation252.org,contact@globalimpactfoundation252.foundation,High,Pilot Testing
253,Global Impact Foundation 253,South Africa,Women Empowerment,Policy Advocacy,www.globalimpactfoundation253.foundation,contact@globalimpactfoundation253.org,High,Partnership
254,Global Impact Foundation 254,USA,Poverty Relief,Skill Development,www.globalimpactfoundation254.global,contact@globalimpactfoundation254.org,High,Outreach
255,Global Impact Foundation 255,Kenya,Human Rights,Disaster Relief,www.globalimpactfoundation255.org,contact@globalimpactfoundation255.ngo,Medium,Funding
256,Global Impact Foundation 256,Kenya,Health,Community Health,www.globalimpactfoundation256.ngo,contact@globalimpactfoundation256.ngo,Medium,Funding
257,Global Impact Foundation 257,Canada,Poverty Relief,Urban Support,www.globalimpactfoundation257.global,contact@globalimpactfoundation257.global,High,Partnership
258,Global Impact Foundation 258,India,Poverty Relief,Disaster Relief,www.globalimpactfoundation258.global,contact@globalimpactfoundation258.org,High,Partnership
259,Global Impact Foundation 259,Australia,Health,Disaster Relief,www.globalimpactfoundation259.org,contact@globalimpactfoundation259.global,Medium,Pilot Testing
260,Global Impact Foundation 260,Germany,Poverty Relief,Urban Support,www.globalimpactfoundation260.foundation,contact@globalimpactfoundation260.foundation,High,Partnership
261,Global Impact Foundation 261,South Africa,Environment,Policy Advocacy,www.globalimpactfoundation261.global,contact@globalimpactfoundation261.ngo,High,Pilot Testing
262,Global Impact Foundation 262,UAE,Child Welfare,Skill Development,www.globalimpactfoundation262.ngo,contact@globalimpactfoundation262.global,Medium,Funding
263,Global Impact Foundation 263,Australia,Health,Policy Advocacy,www.globalimpactfoundation263.org,contact@globalimpactfoundation263.ngo,High,Partnership
264,Global Impact Foundation 264,UAE,Child Welfare,Disaster Relief,www.globalimpactfoundation264.global,contact@globalimpactfoundation264.ngo,High,Pilot Testing
265,Global Impact Foundation 265,USA,Child Welfare,Policy Advocacy,www.globalimpactfoundation265.foundation,contact@globalimpactfoundation265.foundation,Low,Outreach
266,Global Impact Foundation 266,UAE,Women Empowerment,Urban Support,www.globalimpactfoundation266.ngo,contact@globalimpactfoundation266.global,Medium,Pilot Testing
267,Global Impact Foundation 267,Germany,Women Empowerment,Disaster Relief,www.globalimpactfoundation267.org,contact@globalimpactfoundation267.ngo,Medium,Partnership
268,Global Impact Foundation 268,Australia,Education,Policy Advocacy,www.globalimpactfoundation268.foundation,contact@globalimpactfoundation268.ngo,Low,Outreach
269,Global Impact Foundation 269,South Africa,Health,Rural Development,www.globalimpactfoundation269.org,contact@globalimpactfoundation269.foundation,Low,Partnership
270,Global Impact Foundation 270,Canada,Human Rights,Rural Development,www.globalimpactfoundation270.foundation,contact@globalimpactfoundation270.org,High,Partnership
271,Global Impact Foundation 271,Brazil,Women Empowerment,Community Health,www.globalimpactfoundation271.global,contact@globalimpactfoundation271.org,High,Funding
272,Global Impact Foundation 272,USA,Education,Community Health,www.globalimpactfoundation272.global,contact@globalimpactfoundation272.foundation,Low,Funding
273,Global Impact Foundation 273,India,Poverty Relief,Urban Support,www.globalimpactfoundation273.global,contact@globalimpactfoundation273.ngo,High,Pilot Testing
274,Global Impact Foundation 274,Brazil,Poverty Relief,Community Health,www.globalimpactfoundation274.org,contact@globalimpactfoundation274.ngo,Medium,Pilot Testing
275,Global Impact Foundation 275,UAE,Education,Policy Advocacy,www.globalimpactfoundation275.org,contact@globalimpactfoundation275.org,Medium,Funding
276,Global Impact Foundation 276,India,Health,Disaster Relief,www.globalimpactfoundation276.ngo,contact@globalimpactfoundation276.ngo,Medium,Outreach
277,Global Impact Foundation 277,Kenya,Health,Rural Development,www.globalimpactfoundation277.global,contact@globalimpactfoundation277.ngo,Medium,Outreach
278,Global Impact Foundation 278,Canada,Women Empowerment,Policy Advocacy,www.globalimpactfoundation278.global,contact@globalimpactfoundation278.org,Low,Partnership
279,Global Impact Foundation 279,Australia,Environment,Urban Support,www.globalimpactfoundation279.ngo,contact@globalimpactfoundation279.org,Low,Funding
280,Global Impact Foundation 280,Germany,Environment,Community Health,www.globalimpactfoundation280.org,contact@globalimpactfoundation280.foundation,Medium,Partnership
281,Global Impact Foundation 281,India,Education,Urban Support,www.globalimpactfoundation281.ngo,contact@globalimpactfoundation281.global,Low,Partnership
282,Global Impact Foundation 282,Kenya,Environment,Urban Support,www.globalimpactfoundation282.global,contact@globalimpactfoundation282.global,High,Pilot Testing
283,Global Impact Foundation 283,Germany,Women Empowerment,Community Health,www.globalimpactfoundation283.org,contact@globalimpactfoundation283.org,Medium,Funding
284,Global Impact Foundation 284,Canada,Women Empowerment,Skill Development,www.globalimpactfoundation284.global,contact@globalimpactfoundation284.org,Low,Partnership
285,Global Impact Foundation 285,UK,Child Welfare,Skill Development,www.globalimpactfoundation285.ngo,contact@globalimpactfoundation285.org,High,Partnership
286,Global Impact Foundation 286,Brazil,Child Welfare,Skill Development,www.globalimpactfoundation286.org,contact@globalimpactfoundation286.ngo,Low,Outreach
287,Global Impact Foundation 287,Australia,Health,Policy Advocacy,www.globalimpactfoundation287.foundation,contact@globalimpactfoundation287.foundation,Low,Pilot Testing
288,Global Impact Foundation 288,South Africa,Human Rights,Skill Development,www.globalimpactfoundation288.org,contact@globalimpactfoundation288.foundation,High,Funding
289,Global Impact Foundation 289,South Africa,Human Rights,Skill Development,www.globalimpactfoundation289.foundation,contact@globalimpactfoundation289.ngo,High,Pilot Testing
290,Global Impact Foundation 290,Kenya,Poverty Relief,Rural Development,www.globalimpactfoundation290.ngo,contact@globalimpactfoundation290.global,Medium,Funding
291,Global Impact Foundation 291,Kenya,Human Rights,Urban Support,www.globalimpactfoundation291.org,contact@globalimpactfoundation291.org,High,Pilot Testing
292,Global Impact Foundation 292,Canada,Women Empowerment,Disaster Relief,www.globalimpactfoundation292.global,contact@globalimpactfoundation292.ngo,Medium,Outreach
293,Global Impact Foundation 293,UK,Human Rights,Disaster Relief,www.globalimpactfoundation293.ngo,contact@globalimpactfoundation293.global,High,Funding
294,Global Impact Foundation 294,UAE,Child Welfare,Community Health,www.globalimpactfoundation294.ngo,contact@globalimpactfoundation294.foundation,Low,Outreach
295,Global Impact Foundation 295,Kenya,Education,Policy Advocacy,www.globalimpactfoundation295.global,contact@globalimpactfoundation295.org,Medium,Pilot Testing
296,Global Impact Foundation 296,India,Education,Policy Advocacy,www.globalimpactfoundation296.ngo,contact@globalimpactfoundation296.foundation,Medium,Funding
297,Global Impact Foundation 297,Australia,Human Rights,Rural Development,www.globalimpactfoundation297.org,contact@globalimpactfoundation297.ngo,Low,Pilot Testing
298,Global Impact Foundation 298,UAE,Health,Skill Development,www.globalimpactfoundation298.ngo,contact@globalimpactfoundation298.ngo,Low,Funding
299,Global Impact Foundation 299,South Africa,Poverty Relief,Skill Development,www.globalimpactfoundation299.org,contact@globalimpactfoundation299.foundation,Medium,Funding
300,Global Impact Foundation 300,UK,Environment,Disaster Relief,www.globalimpactfoundation300.foundation,contact@globalimpactfoundation300.ngo,Low,Outreach
301,Global Impact Foundation 301,Germany,Poverty Relief,Rural Development,www.globalimpactfoundation301.org,contact@globalimpactfoundation301.foundation,Low,Pilot Testing
302,Global Impact Foundation 302,Australia,Human Rights,Community Health,www.globalimpactfoundation302.global,contact@globalimpactfoundation302.foundation,Medium,Outreach
303,Global Impact Foundation 303,Germany,Environment,Disaster Relief,www.globalimpactfoundation303.ngo,contact@globalimpactfoundation303.org,Low,Pilot Testing
304,Global Impact Foundation 304,Canada,Human Rights,Skill Development,www.globalimpactfoundation304.global,contact@globalimpactfoundation304.foundation,High,Pilot Testing
305,Global Impact Foundation 305,Canada,Human Rights,Rural Development,www.globalimpactfoundation305.global,contact@globalimpactfoundation305.org,Low,Partnership
306,Global Impact Foundation 306,South Africa,Environment,Policy Advocacy,www.globalimpactfoundation306.ngo,contact@globalimpactfoundation306.org,Medium,Funding
307,Global Impact Foundation 307,Germany,Education,Urban Support,www.globalimpactfoundation307.foundation,contact@globalimpactfoundation307.foundation,Low,Funding
308,Global Impact Foundation 308,UK,Environment,Disaster Relief,www.globalimpactfoundation308.org,contact@globalimpactfoundation308.foundation,Medium,Outreach
309,Global Impact Foundation 309,Australia,Education,Policy Advocacy,www.globalimpactfoundation309.org,contact@globalimpactfoundation309.ngo,Low,Funding
310,Global Impact Foundation 310,Australia,Education,Community Health,www.globalimpactfoundation310.ngo,contact@globalimpactfoundation310.global,Medium,Outreach
311,Global Impact Foundation 311,Germany,Health,Community Health,www.globalimpactfoundation311.ngo,contact@globalimpactfoundation311.ngo,High,Pilot Testing
312,Global Impact Foundation 312,South Africa,Poverty Relief,Disaster Relief,www.globalimpactfoundation312.global,contact@globalimpactfoundation312.org,Low,Funding
313,Global Impact Foundation 313,UAE,Education,Skill Development,www.globalimpactfoundation313.foundation,contact@globalimpactfoundation313.foundation,High,Pilot Testing
314,Global Impact Foundation 314,South Africa,Health,Urban Support,www.globalimpactfoundation314.org,contact@globalimpactfoundation314.foundation,Medium,Funding
315,Global Impact Foundation 315,India,Environment,Policy Advocacy,www.globalimpactfoundation315.ngo,contact@globalimpactfoundation315.ngo,Medium,Partnership
316,Global Impact Foundation 316,Australia,Education,Community Health,www.globalimpactfoundation316.global,contact@globalimpactfoundation316.global,Medium,Funding
317,Global Impact Foundation 317,Australia,Human Rights,Urban Support,www.globalimpactfoundation317.foundation,contact@globalimpactfoundation317.global,High,Pilot Testing
318,Global Impact Foundation 318,Brazil,Women Empowerment,Community Health,www.globalimpactfoundation318.foundation,contact@globalimpactfoundation318.foundation,High,Partnership
319,Global Impact Foundation 319,UK,Education,Disaster Relief,www.globalimpactfoundation319.global,contact@globalimpactfoundation319.ngo,High,Partnership
320,Global Impact Foundation 320,Canada,Human Rights,Urban Support,www.globalimpactfoundation320.org,contact@globalimpactfoundation320.org,Low,Partnership
321,Global Impact Foundation 321,South Africa,Education,Disaster Relief,www.globalimpactfoundation321.org,contact@globalimpactfoundation321.org,Low,Pilot Testing
322,Global Impact Foundation 322,Australia,Poverty Relief,Policy Advocacy,www.globalimpactfoundation322.org,contact@globalimpactfoundation322.global,High,Partnership
323,Global Impact Foundation 323,UK,Women Empowerment,Community Health,www.globalimpactfoundation323.org,contact@globalimpactfoundation323.global,Low,Outreach
324,Global Impact Foundation 324,Canada,Environment,Urban Support,www.globalimpactfoundation324.org,contact@globalimpactfoundation324.org,Low,Pilot Testing
325,Global Impact Foundation 325,UAE,Environment,Disaster Relief,www.globalimpactfoundation325.global,contact@globalimpactfoundation325.foundation,High,Outreach
326,Global Impact Foundation 326,USA,Environment,Urban Support,www.globalimpactfoundation326.foundation,contact@globalimpactfoundation326.ngo,Low,Partnership
327,Global Impact Foundation 327,Kenya,Women Empowerment,Skill Development,www.globalimpactfoundation327.ngo,contact@globalimpactfoundation327.global,High,Partnership
328,Global Impact Foundation 328,Brazil,Child Welfare,Rural Development,www.globalimpactfoundation328.foundation,contact@globalimpactfoundation328.org,Medium,Partnership
329,Global Impact Foundation 329,Australia,Poverty Relief,Skill Development,www.globalimpactfoundation329.foundation,contact@globalimpactfoundation329.global,Low,Outreach
330,Global Impact Foundation 330,South Africa,Child Welfare,Policy Advocacy,www.globalimpactfoundation330.foundation,contact@globalimpactfoundation330.ngo,High,Pilot Testing
331,Global Impact Foundation 331,South Africa,Human Rights,Urban Support,www.globalimpactfoundation331.foundation,contact@globalimpactfoundation331.foundation,Medium,Partnership
332,Global Impact Foundation 332,Kenya,Health,Urban Support,www.globalimpactfoundation332.org,contact@globalimpactfoundation332.global,Medium,Pilot Testing
333,Global Impact Foundation 333,USA,Human Rights,Policy Advocacy,www.globalimpactfoundation333.org,contact@globalimpactfoundation333.org,High,Outreach
334,Global Impact Foundation 334,USA,Women Empowerment,Policy Advocacy,www.globalimpactfoundation334.ngo,contact@globalimpactfoundation334.org,Medium,Partnership
335,Global Impact Foundation 335,India,Poverty Relief,Urban Support,www.globalimpactfoundation335.foundation,contact@globalimpactfoundation335.global,Low,Funding
336,Global Impact Foundation 336,UK,Child Welfare,Urban Support,www.globalimpactfoundation336.foundation,contact@globalimpactfoundation336.ngo,Low,Partnership
337,Global Impact Foundation 337,South Africa,Women Empowerment,Rural Development,www.globalimpactfoundation337.org,contact@globalimpactfoundation337.org,Medium,Funding
338,Global Impact Foundation 338,UAE,Poverty Relief,Rural Development,www.globalimpactfoundation338.org,contact@globalimpactfoundation338.foundation,Medium,Pilot Testing
339,Global Impact Foundation 339,UAE,Human Rights,Skill Development,www.globalimpactfoundation339.foundation,contact@globalimpactfoundation339.org,High,Pilot Testing
340,Global Impact Foundation 340,India,Human Rights,Skill Development,www.globalimpactfoundation340.ngo,contact@globalimpactfoundation340.ngo,Low,Pilot Testing
341,Global Impact Foundation 341,Australia,Human Rights,Urban Support,www.globalimpactfoundation341.global,contact@globalimpactfoundation341.foundation,High,Pilot Testing
342,Global Impact Foundation 342,Brazil,Child Welfare,Disaster Relief,www.globalimpactfoundation342.ngo,contact@globalimpactfoundation342.foundation,High,Pilot Testing
343,Global Impact Foundation 343,UK,Poverty Relief,Community Health,www.globalimpactfoundation343.ngo,contact@globalimpactfoundation343.ngo,Low,Pilot Testing
344,Global Impact Foundation 344,USA,Child Welfare,Community Health,www.globalimpactfoundation344.org,contact@globalimpactfoundation344.ngo,Medium,Funding
345,Global Impact Foundation 345,Germany,Human Rights,Community Health,www.globalimpactfoundation345.global,contact@globalimpactfoundation345.global,Medium,Funding
346,Global Impact Foundation 346,Canada,Education,Urban Support,www.globalimpactfoundation346.foundation,contact@globalimpactfoundation346.org,Low,Pilot Testing
347,Global Impact Foundation 347,India,Women Empowerment,Community Health,www.globalimpactfoundation347.ngo,contact@globalimpactfoundation347.ngo,Low,Partnership
348,Global Impact Foundation 348,UK,Environment,Community Health,www.globalimpactfoundation348.ngo,contact@globalimpactfoundation348.global,Low,Outreach
349,Global Impact Foundation 349,India,Women Empowerment,Urban Support,www.globalimpactfoundation349.org,contact@globalimpactfoundation349.foundation,High,Outreach
350,Global Impact Foundation 350,Kenya,Poverty Relief,Rural Development,www.globalimpactfoundation350.ngo,contact@globalimpactfoundation350.ngo,Low,Partnership
351,Global Impact Foundation 351,USA,Child Welfare,Urban Support,www.globalimpactfoundation351.global,contact@globalimpactfoundation351.global,High,Partnership
352,Global Impact Foundation 352,UK,Environment,Rural Development,www.globalimpactfoundation352.ngo,contact@globalimpactfoundation352.foundation,High,Partnership
353,Global Impact Foundation 353,India,Poverty Relief,Rural Development,www.globalimpactfoundation353.ngo,contact@globalimpactfoundation353.foundation,Low,Funding
354,Global Impact Foundation 354,Brazil,Child Welfare,Policy Advocacy,www.globalimpactfoundation354.org,contact@globalimpactfoundation354.global,Low,Outreach
355,Global Impact Foundation 355,UK,Child Welfare,Disaster Relief,www.globalimpactfoundation355.foundation,contact@globalimpactfoundation355.global,High,Outreach
356,Global Impact Foundation 356,UAE,Environment,Policy Advocacy,www.globalimpactfoundation356.ngo,contact@globalimpactfoundation356.ngo,Medium,Pilot Testing
357,Global Impact Foundation 357,Australia,Poverty Relief,Skill Development,www.globalimpactfoundation357.org,contact@globalimpactfoundation357.org,Low,Partnership
358,Global Impact Foundation 358,UAE,Health,Skill Development,www.globalimpactfoundation358.foundation,contact@globalimpactfoundation358.foundation,Low,Funding
359,Global Impact Foundation 359,India,Human Rights,Community Health,www.globalimpactfoundation359.org,contact@globalimpactfoundation359.org,High,Funding
360,Global Impact Foundation 360,USA,Environment,Disaster Relief,www.globalimpactfoundation360.global,contact@globalimpactfoundation360.global,Medium,Outreach
361,Global Impact Foundation 361,Kenya,Education,Skill Development,www.globalimpactfoundation361.foundation,contact@globalimpactfoundation361.global,High,Outreach
362,Global Impact Foundation 362,South Africa,Education,Policy Advocacy,www.globalimpactfoundation362.org,contact@globalimpactfoundation362.global,Medium,Partnership
363,Global Impact Foundation 363,UK,Environment,Disaster Relief,www.globalimpactfoundation363.global,contact@globalimpactfoundation363.org,High,Funding
364,Global Impact Foundation 364,USA,Poverty Relief,Disaster Relief,www.globalimpactfoundation364.ngo,contact@globalimpactfoundation364.global,Low,Funding
365,Global Impact Foundation 365,India,Women Empowerment,Rural Development,www.globalimpactfoundation365.ngo,contact@globalimpactfoundation365.global,Low,Outreach
366,Global Impact Foundation 366,Canada,Health,Rural Development,www.globalimpactfoundation366.foundation,contact@globalimpactfoundation366.ngo,Medium,Outreach
367,Global Impact Foundation 367,Germany,Education,Skill Development,www.globalimpactfoundation367.ngo,contact@globalimpactfoundation367.foundation,High,Pilot Testing
368,Global Impact Foundation 368,Kenya,Education,Policy Advocacy,www.globalimpactfoundation368.org,contact@globalimpactfoundation368.foundation,Medium,Pilot Testing
369,Global Impact Foundation 369,Germany,Human Rights,Skill Development,www.globalimpactfoundation369.ngo,contact@globalimpactfoundation369.ngo,Low,Partnership
370,Global Impact Foundation 370,Australia,Health,Urban Support,www.globalimpactfoundation370.org,contact@globalimpactfoundation370.org,High,Funding
371,Global Impact Foundation 371,Australia,Health,Community Health,www.globalimpactfoundation371.org,contact@globalimpactfoundation371.foundation,High,Partnership
372,Global Impact Foundation 372,USA,Child Welfare,Community Health,www.globalimpactfoundation372.global,contact@globalimpactfoundation372.global,Low,Outreach
373,Global Impact Foundation 373,UAE,Education,Community Health,www.globalimpactfoundation373.foundation,contact@globalimpactfoundation373.global,Low,Funding
374,Global Impact Foundation 374,South Africa,Environment,Disaster Relief,www.globalimpactfoundation374.foundation,contact@globalimpactfoundation374.foundation,High,Outreach
375,Global Impact Foundation 375,India,Child Welfare,Community Health,www.globalimpactfoundation375.ngo,contact@globalimpactfoundation375.foundation,Low,Funding
376,Global Impact Foundation 376,Kenya,Education,Skill Development,www.globalimpactfoundation376.org,contact@globalimpactfoundation376.foundation,High,Funding
377,Global Impact Foundation 377,UAE,Human Rights,Urban Support,www.globalimpactfoundation377.ngo,contact@globalimpactfoundation377.foundation,High,Partnership
378,Global Impact Foundation 378,Canada,Women Empowerment,Skill Development,www.globalimpactfoundation378.foundation,contact@globalimpactfoundation378.foundation,High,Funding
379,Global Impact Foundation 379,UK,Poverty Relief,Disaster Relief,www.globalimpactfoundation379.ngo,contact@globalimpactfoundation379.global,Medium,Outreach
380,Global Impact Foundation 380,UK,Education,Disaster Relief,www.globalimpactfoundation380.foundation,contact@globalimpactfoundation380.org,High,Funding
381,Global Impact Foundation 381,Brazil,Poverty Relief,Rural Development,www.globalimpactfoundation381.foundation,contact@globalimpactfoundation381.global,High,Partnership
382,Global Impact Foundation 382,UK,Education,Urban Support,www.globalimpactfoundation382.org,contact@globalimpactfoundation382.org,Medium,Funding
383,Global Impact Foundation 383,USA,Poverty Relief,Rural Development,www.globalimpactfoundation383.foundation,contact@globalimpactfoundation383.global,Low,Partnership
384,Global Impact Foundation 384,Australia,Environment,Policy Advocacy,www.globalimpactfoundation384.ngo,contact@globalimpactfoundation384.foundation,High,Outreach
385,Global Impact Foundation 385,UAE,Human Rights,Rural Development,www.globalimpactfoundation385.org,contact@globalimpactfoundation385.global,Medium,Partnership
386,Global Impact Foundation 386,Germany,Human Rights,Policy Advocacy,www.globalimpactfoundation386.foundation,contact@globalimpactfoundation386.ngo,Medium,Pilot Testing
387,Global Impact Foundation 387,Canada,Education,Skill Development,www.globalimpactfoundation387.org,contact@globalimpactfoundation387.foundation,Low,Pilot Testing
388,Global Impact Foundation 388,USA,Human Rights,Skill Development,www.globalimpactfoundation388.foundation,contact@globalimpactfoundation388.global,High,Partnership
389,Global Impact Foundation 389,Canada,Women Empowerment,Policy Advocacy,www.globalimpactfoundation389.foundation,contact@globalimpactfoundation389.ngo,Medium,Outreach
390,Global Impact Foundation 390,South Africa,Child Welfare,Rural Development,www.globalimpactfoundation390.foundation,contact@globalimpactfoundation390.global,Low,Pilot Testing
391,Global Impact Foundation 391,Kenya,Child Welfare,Urban Support,www.globalimpactfoundation391.global,contact@globalimpactfoundation391.ngo,Medium,Pilot Testing
392,Global Impact Foundation 392,Germany,Health,Policy Advocacy,www.globalimpactfoundation392.global,contact@globalimpactfoundation392.org,Low,Funding
393,Global Impact Foundation 393,Kenya,Women Empowerment,Community Health,www.globalimpactfoundation393.foundation,contact@globalimpactfoundation393.global,High,Partnership
394,Global Impact Foundation 394,USA,Human Rights,Policy Advocacy,www.globalimpactfoundation394.ngo,contact@globalimpactfoundation394.org,High,Funding
395,Global Impact Foundation 395,UK,Child Welfare,Skill Development,www.globalimpactfoundation395.org,contact@globalimpactfoundation395.foundation,High,Funding
396,Global Impact Foundation 396,UAE,Human Rights,Urban Support,www.globalimpactfoundation396.global,contact@globalimpactfoundation396.global,Low,Outreach
397,Global Impact Foundation 397,UK,Women Empowerment,Urban Support,www.globalimpactfoundation397.org,contact@globalimpactfoundation397.foundation,Low,Outreach
398,Global Impact Foundation 398,Canada,Child Welfare,Policy Advocacy,www.globalimpactfoundation398.ngo,contact@globalimpactfoundation398.global,Medium,Funding
399,Global Impact Foundation 399,USA,Human Rights,Community Health,www.globalimpactfoundation399.global,contact@globalimpactfoundation399.ngo,Medium,Funding
400,Global Impact Foundation 400,Kenya,Education,Urban Support,www.globalimpactfoundation400.global,contact@globalimpactfoundation400.ngo,Low,Outreach
401,Global Impact Foundation 401,Kenya,Women Empowerment,Rural Development,www.globalimpactfoundation401.foundation,contact@globalimpactfoundation401.ngo,Medium,Outreach
402,Global Impact Foundation 402,Brazil,Poverty Relief,Disaster Relief,www.globalimpactfoundation402.foundation,contact@globalimpactfoundation402.ngo,High,Funding
403,Global Impact Foundation 403,UAE,Poverty Relief,Policy Advocacy,www.globalimpactfoundation403.org,contact@globalimpactfoundation403.foundation,Medium,Funding
404,Global Impact Foundation 404,UAE,Child Welfare,Community Health,www.globalimpactfoundation404.foundation,contact@globalimpactfoundation404.global,Medium,Funding
405,Global Impact Foundation 405,India,Education,Disaster Relief,www.globalimpactfoundation405.ngo,contact@globalimpactfoundation405.ngo,Low,Pilot Testing
406,Global Impact Foundation 406,Kenya,Health,Rural Development,www.globalimpactfoundation406.org,contact@globalimpactfoundation406.ngo,High,Funding
407,Global Impact Foundation 407,South Africa,Environment,Skill Development,www.globalimpactfoundation407.org,contact@globalimpactfoundation407.foundation,High,Partnership
408,Global Impact Foundation 408,UAE,Education,Rural Development,www.globalimpactfoundation408.org,contact@globalimpactfoundation408.foundation,High,Partnership
409,Global Impact Foundation 409,Australia,Education,Policy Advocacy,www.globalimpactfoundation409.global,contact@globalimpactfoundation409.foundation,High,Outreach
410,Global Impact Foundation 410,UK,Poverty Relief,Disaster Relief,www.globalimpactfoundation410.org,contact@globalimpactfoundation410.global,Low,Partnership
411,Global Impact Foundation 411,UAE,Human Rights,Policy Advocacy,www.globalimpactfoundation411.ngo,contact@globalimpactfoundation411.ngo,High,Pilot Testing
412,Global Impact Foundation 412,Kenya,Health,Disaster Relief,www.globalimpactfoundation412.global,contact@globalimpactfoundation412.org,Medium,Outreach
413,Global Impact Foundation 413,India,Poverty Relief,Rural Development,www.globalimpactfoundation413.global,contact@globalimpactfoundation413.org,High,Pilot Testing
414,Global Impact Foundation 414,Brazil,Environment,Rural Development,www.globalimpactfoundation414.ngo,contact@globalimpactfoundation414.global,Medium,Funding
415,Global Impact Foundation 415,Germany,Human Rights,Rural Development,www.globalimpactfoundation415.org,contact@globalimpactfoundation415.org,Low,Pilot Testing
416,Global Impact Foundation 416,UK,Poverty Relief,Community Health,www.globalimpactfoundation416.ngo,contact@globalimpactfoundation416.global,High,Partnership
417,Global Impact Foundation 417,Canada,Education,Rural Development,www.globalimpactfoundation417.org,contact@globalimpactfoundation417.global,High,Outreach
418,Global Impact Foundation 418,USA,Poverty Relief,Rural Development,www.globalimpactfoundation418.global,contact@globalimpactfoundation418.global,High,Pilot Testing
419,Global Impact Foundation 419,UK,Environment,Skill Development,www.globalimpactfoundation419.org,contact@globalimpactfoundation419.global,Medium,Outreach
420,Global Impact Foundation 420,Brazil,Human Rights,Rural Development,www.globalimpactfoundation420.ngo,contact@globalimpactfoundation420.org,High,Partnership
421,Global Impact Foundation 421,South Africa,Women Empowerment,Community Health,www.globalimpactfoundation421.foundation,contact@globalimpactfoundation421.org,High,Funding
422,Global Impact Foundation 422,Australia,Human Rights,Skill Development,www.globalimpactfoundation422.org,contact@globalimpactfoundation422.ngo,Medium,Outreach
423,Global Impact Foundation 423,Kenya,Education,Urban Support,www.globalimpactfoundation423.foundation,contact@globalimpactfoundation423.org,High,Pilot Testing
424,Global Impact Foundation 424,South Africa,Child Welfare,Policy Advocacy,www.globalimpactfoundation424.ngo,contact@globalimpactfoundation424.ngo,Medium,Pilot Testing
425,Global Impact Foundation 425,Kenya,Women Empowerment,Policy Advocacy,www.globalimpactfoundation425.foundation,contact@globalimpactfoundation425.foundation,Medium,Partnership
426,Global Impact Foundation 426,Germany,Poverty Relief,Community Health,www.globalimpactfoundation426.foundation,contact@globalimpactfoundation426.foundation,Medium,Pilot Testing
427,Global Impact Foundation 427,Brazil,Environment,Rural Development,www.globalimpactfoundation427.ngo,contact@globalimpactfoundation427.ngo,Low,Pilot Testing
428,Global Impact Foundation 428,Canada,Human Rights,Policy Advocacy,www.globalimpactfoundation428.foundation,contact@globalimpactfoundation428.foundation,Medium,Outreach
429,Global Impact Foundation 429,UK,Health,Policy Advocacy,www.globalimpactfoundation429.foundation,contact@globalimpactfoundation429.org,High,Funding
430,Global Impact Foundation 430,Brazil,Health,Policy Advocacy,www.globalimpactfoundation430.foundation,contact@globalimpactfoundation430.org,High,Pilot Testing
431,Global Impact Foundation 431,Canada,Education,Skill Development,www.globalimpactfoundation431.global,contact@globalimpactfoundation431.ngo,Low,Partnership
432,Global Impact Foundation 432,India,Environment,Disaster Relief,www.globalimpactfoundation432.ngo,contact@globalimpactfoundation432.org,Low,Outreach
433,Global Impact Foundation 433,USA,Poverty Relief,Disaster Relief,www.globalimpactfoundation433.global,contact@globalimpactfoundation433.ngo,Medium,Outreach
434,Global Impact Foundation 434,Canada,Health,Rural Development,www.globalimpactfoundation434.foundation,contact@globalimpactfoundation434.org,Medium,Funding
435,Global Impact Foundation 435,UAE,Environment,Skill Development,www.globalimpactfoundation435.org,contact@globalimpactfoundation435.ngo,Medium,Outreach
436,Global Impact Foundation 436,Brazil,Health,Urban Support,www.globalimpactfoundation436.org,contact@globalimpactfoundation436.org,Low,Pilot Testing
437,Global Impact Foundation 437,USA,Environment,Skill Development,www.globalimpactfoundation437.org,contact@globalimpactfoundation437.global,Medium,Pilot Testing
438,Global Impact Foundation 438,Brazil,Child Welfare,Rural Development,www.globalimpactfoundation438.ngo,contact@globalimpactfoundation438.ngo,Medium,Funding
439,Global Impact Foundation 439,Australia,Child Welfare,Rural Development,www.globalimpactfoundation439.org,contact@globalimpactfoundation439.global,Low,Pilot Testing
440,Global Impact Foundation 440,USA,Human Rights,Community Health,www.globalimpactfoundation440.ngo,contact@globalimpactfoundation440.global,Low,Partnership
441,Global Impact Foundation 441,Kenya,Environment,Community Health,www.globalimpactfoundation441.foundation,contact@globalimpactfoundation441.global,Medium,Funding
442,Global Impact Foundation 442,Australia,Environment,Skill Development,www.globalimpactfoundation442.foundation,contact@globalimpactfoundation442.ngo,High,Partnership
443,Global Impact Foundation 443,South Africa,Environment,Skill Development,www.globalimpactfoundation443.global,contact@globalimpactfoundation443.global,Medium,Funding
444,Global Impact Foundation 444,Brazil,Child Welfare,Rural Development,www.globalimpactfoundation444.org,contact@globalimpactfoundation444.ngo,Low,Partnership
445,Global Impact Foundation 445,Germany,Education,Urban Support,www.globalimpactfoundation445.org,contact@globalimpactfoundation445.foundation,Low,Pilot Testing
446,Global Impact Foundation 446,South Africa,Women Empowerment,Disaster Relief,www.globalimpactfoundation446.ngo,contact@globalimpactfoundation446.ngo,High,Pilot Testing
447,Global Impact Foundation 447,Kenya,Women Empowerment,Urban Support,www.globalimpactfoundation447.org,contact@globalimpactfoundation447.foundation,Medium,Outreach
448,Global Impact Foundation 448,Germany,Poverty Relief,Rural Development,www.globalimpactfoundation448.ngo,contact@globalimpactfoundation448.ngo,Medium,Funding
449,Global Impact Foundation 449,Kenya,Human Rights,Rural Development,www.globalimpactfoundation449.foundation,contact@globalimpactfoundation449.foundation,High,Outreach
450,Global Impact Foundation 450,Australia,Poverty Relief,Urban Support,www.globalimpactfoundation450.foundation,contact@globalimpactfoundation450.foundation,High,Partnership
451,Global Impact Foundation 451,Brazil,Health,Skill Development,www.globalimpactfoundation451.global,contact@globalimpactfoundation451.foundation,Low,Pilot Testing
452,Global Impact Foundation 452,Kenya,Women Empowerment,Disaster Relief,www.globalimpactfoundation452.global,contact@globalimpactfoundation452.ngo,Low,Outreach
453,Global Impact Foundation 453,USA,Human Rights,Skill Development,www.globalimpactfoundation453.foundation,contact@globalimpactfoundation453.ngo,Medium,Partnership
454,Global Impact Foundation 454,Brazil,Health,Rural Development,www.globalimpactfoundation454.ngo,contact@globalimpactfoundation454.ngo,Low,Partnership
455,Global Impact Foundation 455,Australia,Poverty Relief,Skill Development,www.globalimpactfoundation455.foundation,contact@globalimpactfoundation455.global,Medium,Pilot Testing
456,Global Impact Foundation 456,UK,Poverty Relief,Community Health,www.globalimpactfoundation456.global,contact@globalimpactfoundation456.global,Medium,Partnership
457,Global Impact Foundation 457,Brazil,Education,Rural Development,www.globalimpactfoundation457.foundation,contact@globalimpactfoundation457.org,Low,Outreach
458,Global Impact Foundation 458,UK,Child Welfare,Community Health,www.globalimpactfoundation458.global,contact@globalimpactfoundation458.org,Low,Partnership
459,Global Impact Foundation 459,South Africa,Women Empowerment,Urban Support,www.globalimpactfoundation459.org,contact@globalimpactfoundation459.global,Low,Outreach
460,Global Impact Foundation 460,Canada,Environment,Skill Development,www.globalimpactfoundation460.foundation,contact@globalimpactfoundation460.foundation,Low,Partnership
461,Global Impact Foundation 461,USA,Environment,Community Health,www.globalimpactfoundation461.foundation,contact@globalimpactfoundation461.global,Low,Funding
462,Global Impact Foundation 462,Germany,Education,Policy Advocacy,www.globalimpactfoundation462.foundation,contact@globalimpactfoundation462.global,Medium,Outreach
463,Global Impact Foundation 463,USA,Women Empowerment,Policy Advocacy,www.globalimpactfoundation463.ngo,contact@globalimpactfoundation463.global,Low,Partnership
464,Global Impact Foundation 464,Kenya,Environment,Community Health,www.globalimpactfoundation464.ngo,contact@globalimpactfoundation464.global,Low,Pilot Testing
465,Global Impact Foundation 465,Germany,Environment,Rural Development,www.globalimpactfoundation465.org,contact@globalimpactfoundation465.global,Medium,Pilot Testing
466,Global Impact Foundation 466,USA,Human Rights,Community Health,www.globalimpactfoundation466.ngo,contact@globalimpactfoundation466.org,Low,Pilot Testing
467,Global Impact Foundation 467,USA,Health,Skill Development,www.globalimpactfoundation467.org,contact@globalimpactfoundation467.org,High,Outreach
468,Global Impact Foundation 468,UAE,Poverty Relief,Urban Support,www.globalimpactfoundation468.global,contact@globalimpactfoundation468.org,High,Outreach
469,Global Impact Foundation 469,India,Poverty Relief,Urban Support,www.globalimpactfoundation469.ngo,contact@globalimpactfoundation469.global,Medium,Outreach
470,Global Impact Foundation 470,USA,Environment,Rural Development,www.globalimpactfoundation470.global,contact@globalimpactfoundation470.ngo,High,Outreach
471,Global Impact Foundation 471,Brazil,Poverty Relief,Skill Development,www.globalimpactfoundation471.foundation,contact@globalimpactfoundation471.global,Medium,Pilot Testing
472,Global Impact Foundation 472,UAE,Women Empowerment,Disaster Relief,www.globalimpactfoundation472.ngo,contact@globalimpactfoundation472.foundation,Low,Pilot Testing
473,Global Impact Foundation 473,UK,Environment,Policy Advocacy,www.globalimpactfoundation473.global,contact@globalimpactfoundation473.global,High,Pilot Testing
474,Global Impact Foundation 474,Australia,Child Welfare,Policy Advocacy,www.globalimpactfoundation474.org,contact@globalimpactfoundation474.ngo,Medium,Partnership
475,Global Impact Foundation 475,Australia,Poverty Relief,Disaster Relief,www.globalimpactfoundation475.ngo,contact@globalimpactfoundation475.ngo,Low,Outreach
476,Global Impact Foundation 476,Australia,Health,Urban Support,www.globalimpactfoundation476.ngo,contact@globalimpactfoundation476.ngo,Low,Partnership
477,Global Impact Foundation 477,South Africa,Health,Rural Development,www.globalimpactfoundation477.org,contact@globalimpactfoundation477.foundation,Medium,Outreach
478,Global Impact Foundation 478,Canada,Child Welfare,Policy Advocacy,www.globalimpactfoundation478.foundation,contact@globalimpactfoundation478.org,High,Outreach
479,Global Impact Foundation 479,Germany,Human Rights,Rural Development,www.globalimpactfoundation479.global,contact@globalimpactfoundation479.ngo,High,Funding
480,Global Impact Foundation 480,Canada,Health,Disaster Relief,www.globalimpactfoundation480.org,contact@globalimpactfoundation480.org,Medium,Pilot Testing
481,Global Impact Foundation 481,Germany,Poverty Relief,Rural Development,www.globalimpactfoundation481.global,contact@globalimpactfoundation481.global,Low,Outreach
482,Global Impact Foundation 482,Canada,Health,Policy Advocacy,www.globalimpactfoundation482.global,contact@globalimpactfoundation482.foundation,Low,Funding
483,Global Impact Foundation 483,India,Education,Disaster Relief,www.globalimpactfoundation483.org,contact@globalimpactfoundation483.global,Low,Outreach
484,Global Impact Foundation 484,Brazil,Child Welfare,Skill Development,www.globalimpactfoundation484.foundation,contact@globalimpactfoundation484.foundation,Low,Outreach
485,Global Impact Foundation 485,Canada,Health,Disaster Relief,www.globalimpactfoundation485.foundation,contact@globalimpactfoundation485.foundation,Medium,Funding
486,Global Impact Foundation 486,Canada,Education,Disaster Relief,www.globalimpactfoundation486.ngo,contact@globalimpactfoundation486.global,Medium,Pilot Testing
487,Global Impact Foundation 487,India,Poverty Relief,Urban Support,www.globalimpactfoundation487.org,contact@globalimpactfoundation487.org,Medium,Outreach
488,Global Impact Foundation 488,Canada,Women Empowerment,Policy Advocacy,www.globalimpactfoundation488.org,contact@globalimpactfoundation488.ngo,Low,Funding
489,Global Impact Foundation 489,UK,Health,Rural Development,www.globalimpactfoundation489.foundation,contact@globalimpactfoundation489.global,Low,Pilot Testing
490,Global Impact Foundation 490,USA,Human Rights,Disaster Relief,www.globalimpactfoundation490.org,contact@globalimpactfoundation490.org,High,Pilot Testing
491,Global Impact Foundation 491,South Africa,Human Rights,Urban Support,www.globalimpactfoundation491.global,contact@globalimpactfoundation491.ngo,Low,Funding
492,Global Impact Foundation 492,UK,Child Welfare,Urban Support,www.globalimpactfoundation492.global,contact@globalimpactfoundation492.foundation,Medium,Pilot Testing
493,Global Impact Foundation 493,Germany,Child Welfare,Disaster Relief,www.globalimpactfoundation493.global,contact@globalimpactfoundation493.org,Low,Partnership
494,Global Impact Foundation 494,Germany,Education,Community Health,www.globalimpactfoundation494.org,contact@globalimpactfoundation494.org,Medium,Pilot Testing
495,Global Impact Foundation 495,Kenya,Poverty Relief,Community Health,www.globalimpactfoundation495.foundation,contact@globalimpactfoundation495.foundation,Medium,Outreach
496,Global Impact Foundation 496,UAE,Child Welfare,Disaster Relief,www.globalimpactfoundation496.foundation,contact@globalimpactfoundation496.foundation,Medium,Pilot Testing
497,Global Impact Foundation 497,South Africa,Women Empowerment,Policy Advocacy,www.globalimpactfoundation497.ngo,contact@globalimpactfoundation497.ngo,Medium,Partnership
498,Global Impact Foundation 498,Kenya,Human Rights,Skill Development,www.globalimpactfoundation498.global,contact@globalimpactfoundation498.org,Medium,Partnership
499,Global Impact Foundation 499,Germany,Women Empowerment,Community Health,www.globalimpactfoundation499.foundation,contact@globalimpactfoundation499.foundation,Medium,Funding
500,Global Impact Foundation 500,Brazil,Health,Disaster Relief,www.globalimpactfoundation500.global,contact@globalimpactfoundation500.global,Low,Pilot Testing
501,Global Impact Foundation 501,Australia,Child Welfare,Skill Development,www.globalimpactfoundation501.ngo,contact@globalimpactfoundation501.global,High,Funding
502,Global Impact Foundation 502,Australia,Child Welfare,Rural Development,www.globalimpactfoundation502.foundation,contact@globalimpactfoundation502.ngo,Medium,Pilot Testing
503,Global Impact Foundation 503,Brazil,Education,Policy Advocacy,www.globalimpactfoundation503.global,contact@globalimpactfoundation503.ngo,High,Funding
504,Global Impact Foundation 504,Australia,Environment,Urban Support,www.globalimpactfoundation504.ngo,contact@globalimpactfoundation504.foundation,High,Pilot Testing
505,Global Impact Foundation 505,Australia,Poverty Relief,Community Health,www.globalimpactfoundation505.org,contact@globalimpactfoundation505.ngo,Low,Funding
506,Global Impact Foundation 506,Brazil,Poverty Relief,Skill Development,www.globalimpactfoundation506.foundation,contact@globalimpactfoundation506.foundation,High,Pilot Testing
507,Global Impact Foundation 507,UK,Poverty Relief,Community Health,www.globalimpactfoundation507.ngo,contact@globalimpactfoundation507.org,High,Pilot Testing
508,Global Impact Foundation 508,Brazil,Human Rights,Community Health,www.globalimpactfoundation508.global,contact@globalimpactfoundation508.ngo,Medium,Funding
509,Global Impact Foundation 509,Canada,Education,Policy Advocacy,www.globalimpactfoundation509.org,contact@globalimpactfoundation509.global,Low,Pilot Testing
510,Global Impact Foundation 510,South Africa,Human Rights,Urban Support,www.globalimpactfoundation510.global,contact@globalimpactfoundation510.ngo,Low,Funding
511,Global Impact Foundation 511,Germany,Environment,Rural Development,www.globalimpactfoundation511.org,contact@globalimpactfoundation511.ngo,Low,Partnership
512,Global Impact Foundation 512,South Africa,Women Empowerment,Policy Advocacy,www.globalimpactfoundation512.global,contact@globalimpactfoundation512.org,Low,Outreach
513,Global Impact Foundation 513,Germany,Women Empowerment,Policy Advocacy,www.globalimpactfoundation513.foundation,contact@globalimpactfoundation513.global,High,Partnership
514,Global Impact Foundation 514,UK,Education,Disaster Relief,www.globalimpactfoundation514.global,contact@globalimpactfoundation514.ngo,High,Partnership
515,Global Impact Foundation 515,Germany,Human Rights,Community Health,www.globalimpactfoundation515.global,contact@globalimpactfoundation515.ngo,Medium,Outreach
516,Global Impact Foundation 516,India,Health,Policy Advocacy,www.globalimpactfoundation516.org,contact@globalimpactfoundation516.org,Low,Funding
517,Global Impact Foundation 517,Germany,Human Rights,Rural Development,www.globalimpactfoundation517.org,contact@globalimpactfoundation517.global,High,Funding
518,Global Impact Foundation 518,India,Health,Policy Advocacy,www.globalimpactfoundation518.org,contact@globalimpactfoundation518.org,Low,Outreach
519,Global Impact Foundation 519,Canada,Health,Rural Development,www.globalimpactfoundation519.org,contact@globalimpactfoundation519.ngo,Medium,Funding
520,Global Impact Foundation 520,UK,Health,Urban Support,www.globalimpactfoundation520.ngo,contact@globalimpactfoundation520.org,Medium,Outreach
521,Global Impact Foundation 521,South Africa,Poverty Relief,Urban Support,www.globalimpactfoundation521.ngo,contact@globalimpactfoundation521.org,High,Pilot Testing
522,Global Impact Foundation 522,Canada,Health,Disaster Relief,www.globalimpactfoundation522.org,contact@globalimpactfoundation522.global,Medium,Funding
523,Global Impact Foundation 523,Kenya,Environment,Community Health,www.globalimpactfoundation523.org,contact@globalimpactfoundation523.global,High,Pilot Testing
524,Global Impact Foundation 524,UK,Environment,Community Health,www.globalimpactfoundation524.org,contact@globalimpactfoundation524.foundation,High,Outreach
525,Global Impact Foundation 525,USA,Education,Community Health,www.globalimpactfoundation525.org,contact@globalimpactfoundation525.ngo,Medium,Pilot Testing
526,Global Impact Foundation 526,UAE,Health,Policy Advocacy,www.globalimpactfoundation526.org,contact@globalimpactfoundation526.global,Low,Outreach
527,Global Impact Foundation 527,UK,Human Rights,Community Health,www.globalimpactfoundation527.ngo,contact@globalimpactfoundation527.foundation,Medium,Pilot Testing
528,Global Impact Foundation 528,South Africa,Health,Skill Development,www.globalimpactfoundation528.foundation,contact@globalimpactfoundation528.global,Medium,Pilot Testing
529,Global Impact Foundation 529,Kenya,Education,Disaster Relief,www.globalimpactfoundation529.ngo,contact@globalimpactfoundation529.ngo,Medium,Outreach
530,Global Impact Foundation 530,South Africa,Women Empowerment,Policy Advocacy,www.globalimpactfoundation530.foundation,contact@globalimpactfoundation530.global,Medium,Outreach
531,Global Impact Foundation 531,Germany,Health,Urban Support,www.globalimpactfoundation531.foundation,contact@globalimpactfoundation531.org,High,Funding
532,Global Impact Foundation 532,Germany,Education,Disaster Relief,www.globalimpactfoundation532.org,contact@globalimpactfoundation532.foundation,Low,Outreach
533,Global Impact Foundation 533,India,Education,Urban Support,www.globalimpactfoundation533.global,contact@globalimpactfoundation533.foundation,High,Outreach
534,Global Impact Foundation 534,USA,Health,Urban Support,www.globalimpactfoundation534.ngo,contact@globalimpactfoundation534.foundation,Medium,Outreach
535,Global Impact Foundation 535,India,Child Welfare,Policy Advocacy,www.globalimpactfoundation535.global,contact@globalimpactfoundation535.ngo,Medium,Partnership
536,Global Impact Foundation 536,Australia,Environment,Disaster Relief,www.globalimpactfoundation536.org,contact@globalimpactfoundation536.global,Low,Outreach
537,Global Impact Foundation 537,South Africa,Women Empowerment,Urban Support,www.globalimpactfoundation537.ngo,contact@globalimpactfoundation537.ngo,Medium,Outreach
538,Global Impact Foundation 538,Canada,Health,Disaster Relief,www.globalimpactfoundation538.ngo,contact@globalimpactfoundation538.ngo,Medium,Outreach
539,Global Impact Foundation 539,Canada,Education,Urban Support,www.globalimpactfoundation539.ngo,contact@globalimpactfoundation539.org,Medium,Partnership
540,Global Impact Foundation 540,India,Environment,Urban Support,www.globalimpactfoundation540.global,contact@globalimpactfoundation540.foundation,Low,Outreach
541,Global Impact Foundation 541,Canada,Health,Policy Advocacy,www.globalimpactfoundation541.foundation,contact@globalimpactfoundation541.global,Medium,Partnership
542,Global Impact Foundation 542,India,Women Empowerment,Rural Development,www.globalimpactfoundation542.global,contact@globalimpactfoundation542.foundation,Medium,Outreach
543,Global Impact Foundation 543,Canada,Environment,Community Health,www.globalimpactfoundation543.global,contact@globalimpactfoundation543.ngo,Low,Funding
544,Global Impact Foundation 544,India,Environment,Community Health,www.globalimpactfoundation544.global,contact@globalimpactfoundation544.foundation,High,Outreach
545,Global Impact Foundation 545,UAE,Child Welfare,Urban Support,www.globalimpactfoundation545.org,contact@globalimpactfoundation545.global,High,Pilot Testing
546,Global Impact Foundation 546,USA,Environment,Disaster Relief,www.globalimpactfoundation546.foundation,contact@globalimpactfoundation546.org,High,Outreach
547,Global Impact Foundation 547,Germany,Education,Rural Development,www.globalimpactfoundation547.foundation,contact@globalimpactfoundation547.foundation,High,Partnership
548,Global Impact Foundation 548,Canada,Child Welfare,Skill Development,www.globalimpactfoundation548.foundation,contact@globalimpactfoundation548.org,Low,Partnership
549,Global Impact Foundation 549,Brazil,Poverty Relief,Urban Support,www.globalimpactfoundation549.org,contact@globalimpactfoundation549.org,High,Pilot Testing
550,Global Impact Foundation 550,South Africa,Health,Rural Development,www.globalimpactfoundation550.global,contact@globalimpactfoundation550.global,Low,Pilot Testing
551,Global Impact Foundation 551,USA,Women Empowerment,Community Health,www.globalimpactfoundation551.ngo,contact@globalimpactfoundation551.foundation,Medium,Pilot Testing
552,Global Impact Foundation 552,Canada,Women Empowerment,Community Health,www.globalimpactfoundation552.org,contact@globalimpactfoundation552.org,Low,Partnership
553,Global Impact Foundation 553,Brazil,Education,Skill Development,www.globalimpactfoundation553.ngo,contact@globalimpactfoundation553.org,Medium,Outreach
554,Global Impact Foundation 554,UAE,Child Welfare,Community Health,www.globalimpactfoundation554.global,contact@globalimpactfoundation554.global,Low,Pilot Testing
555,Global Impact Foundation 555,UAE,Child Welfare,Rural Development,www.globalimpactfoundation555.global,contact@globalimpactfoundation555.global,Low,Outreach
556,Global Impact Foundation 556,Canada,Environment,Rural Development,www.globalimpactfoundation556.global,contact@globalimpactfoundation556.global,Low,Funding
557,Global Impact Foundation 557,Canada,Health,Disaster Relief,www.globalimpactfoundation557.org,contact@globalimpactfoundation557.foundation,Low,Pilot Testing
558,Global Impact Foundation 558,UAE,Environment,Urban Support,www.globalimpactfoundation558.org,contact@globalimpactfoundation558.global,High,Pilot Testing
559,Global Impact Foundation 559,India,Women Empowerment,Policy Advocacy,www.globalimpactfoundation559.foundation,contact@globalimpactfoundation559.global,Medium,Funding
560,Global Impact Foundation 560,Brazil,Health,Community Health,www.globalimpactfoundation560.global,contact@globalimpactfoundation560.org,Medium,Outreach
561,Global Impact Foundation 561,Germany,Environment,Urban Support,www.globalimpactfoundation561.global,contact@globalimpactfoundation561.ngo,High,Partnership
562,Global Impact Foundation 562,UK,Poverty Relief,Rural Development,www.globalimpactfoundation562.global,contact@globalimpactfoundation562.foundation,Low,Outreach
563,Global Impact Foundation 563,USA,Human Rights,Disaster Relief,www.globalimpactfoundation563.org,contact@globalimpactfoundation563.global,High,Outreach
564,Global Impact Foundation 564,Kenya,Environment,Rural Development,www.globalimpactfoundation564.foundation,contact@globalimpactfoundation564.foundation,Low,Pilot Testing
565,Global Impact Foundation 565,UAE,Women Empowerment,Disaster Relief,www.globalimpactfoundation565.global,contact@globalimpactfoundation565.foundation,Low,Funding
566,Global Impact Foundation 566,UAE,Health,Policy Advocacy,www.globalimpactfoundation566.global,contact@globalimpactfoundation566.org,Medium,Partnership
567,Global Impact Foundation 567,UAE,Women Empowerment,Policy Advocacy,www.globalimpactfoundation567.org,contact@globalimpactfoundation567.global,Medium,Partnership
568,Global Impact Foundation 568,Canada,Human Rights,Community Health,www.globalimpactfoundation568.global,contact@globalimpactfoundation568.global,Medium,Outreach
569,Global Impact Foundation 569,Germany,Health,Community Health,www.globalimpactfoundation569.foundation,contact@globalimpactfoundation569.org,Medium,Partnership
570,Global Impact Foundation 570,Brazil,Poverty Relief,Disaster Relief,www.globalimpactfoundation570.foundation,contact@globalimpactfoundation570.foundation,High,Pilot Testing
571,Global Impact Foundation 571,Germany,Poverty Relief,Rural Development,www.globalimpactfoundation571.foundation,contact@globalimpactfoundation571.ngo,Low,Outreach
572,Global Impact Foundation 572,South Africa,Poverty Relief,Skill Development,www.globalimpactfoundation572.ngo,contact@globalimpactfoundation572.org,Low,Outreach
573,Global Impact Foundation 573,Brazil,Education,Policy Advocacy,www.globalimpactfoundation573.ngo,contact@globalimpactfoundation573.global,Low,Pilot Testing
574,Global Impact Foundation 574,Germany,Women Empowerment,Community Health,www.globalimpactfoundation574.ngo,contact@globalimpactfoundation574.org,Low,Partnership
575,Global Impact Foundation 575,UK,Environment,Skill Development,www.globalimpactfoundation575.ngo,contact@globalimpactfoundation575.ngo,Medium,Partnership
576,Global Impact Foundation 576,Germany,Health,Community Health,www.globalimpactfoundation576.org,contact@globalimpactfoundation576.global,Low,Pilot Testing
577,Global Impact Foundation 577,Australia,Women Empowerment,Policy Advocacy,www.globalimpactfoundation577.ngo,contact@globalimpactfoundation577.global,High,Partnership
578,Global Impact Foundation 578,South Africa,Health,Urban Support,www.globalimpactfoundation578.foundation,contact@globalimpactfoundation578.foundation,High,Pilot Testing
579,Global Impact Foundation 579,South Africa,Environment,Urban Support,www.globalimpactfoundation579.ngo,contact@globalimpactfoundation579.global,High,Pilot Testing
580,Global Impact Foundation 580,USA,Women Empowerment,Rural Development,www.globalimpactfoundation580.org,contact@globalimpactfoundation580.foundation,Low,Funding
581,Global Impact Foundation 581,Australia,Health,Urban Support,www.globalimpactfoundation581.foundation,contact@globalimpactfoundation581.global,Low,Outreach
582,Global Impact Foundation 582,Brazil,Poverty Relief,Community Health,www.globalimpactfoundation582.global,contact@globalimpactfoundation582.ngo,Low,Funding
583,Global Impact Foundation 583,Brazil,Human Rights,Community Health,www.globalimpactfoundation583.global,contact@globalimpactfoundation583.global,Medium,Pilot Testing
584,Global Impact Foundation 584,Australia,Human Rights,Urban Support,www.globalimpactfoundation584.org,contact@globalimpactfoundation584.global,High,Partnership
585,Global Impact Foundation 585,UAE,Human Rights,Community Health,www.globalimpactfoundation585.ngo,contact@globalimpactfoundation585.foundation,High,Partnership
586,Global Impact Foundation 586,Brazil,Education,Skill Development,www.globalimpactfoundation586.org,contact@globalimpactfoundation586.foundation,Low,Outreach
587,Global Impact Foundation 587,UK,Education,Community Health,www.globalimpactfoundation587.org,contact@globalimpactfoundation587.global,High,Outreach
588,Global Impact Foundation 588,UAE,Child Welfare,Rural Development,www.globalimpactfoundation588.org,contact@globalimpactfoundation588.foundation,High,Funding
589,Global Impact Foundation 589,Kenya,Education,Skill Development,www.globalimpactfoundation589.org,contact@globalimpactfoundation589.ngo,Medium,Funding
590,Global Impact Foundation 590,Brazil,Health,Community Health,www.globalimpactfoundation590.foundation,contact@globalimpactfoundation590.global,Low,Outreach
591,Global Impact Foundation 591,Germany,Education,Skill Development,www.globalimpactfoundation591.org,contact@globalimpactfoundation591.ngo,Medium,Funding
592,Global Impact Foundation 592,Germany,Human Rights,Urban Support,www.globalimpactfoundation592.global,contact@globalimpactfoundation592.ngo,Medium,Partnership
593,Global Impact Foundation 593,UK,Environment,Community Health,www.globalimpactfoundation593.ngo,contact@globalimpactfoundation593.org,Low,Outreach
594,Global Impact Foundation 594,India,Health,Policy Advocacy,www.globalimpactfoundation594.org,contact@globalimpactfoundation594.org,Low,Partnership
595,Global Impact Foundation 595,UAE,Child Welfare,Rural Development,www.globalimpactfoundation595.foundation,contact@globalimpactfoundation595.org,Low,Outreach
596,Global Impact Foundation 596,UAE,Health,Urban Support,www.globalimpactfoundation596.ngo,contact@globalimpactfoundation596.global,Medium,Pilot Testing
597,Global Impact Foundation 597,Kenya,Human Rights,Rural Development,www.globalimpactfoundation597.ngo,contact@globalimpactfoundation597.ngo,Low,Funding
598,Global Impact Foundation 598,Kenya,Human Rights,Skill Development,www.globalimpactfoundation598.global,contact@globalimpactfoundation598.ngo,High,Funding
599,Global Impact Foundation 599,Brazil,Women Empowerment,Community Health,www.globalimpactfoundation599.foundation,contact@globalimpactfoundation599.global,Medium,Outreach
600,Global Impact Foundation 600,UK,Education,Skill Development,www.globalimpactfoundation600.global,contact@globalimpactfoundation600.org,High,Pilot Testing
601,Global Impact Foundation 601,India,Child Welfare,Disaster Relief,www.globalimpactfoundation601.global,contact@globalimpactfoundation601.global,High,Outreach
602,Global Impact Foundation 602,Australia,Environment,Urban Support,www.globalimpactfoundation602.ngo,contact@globalimpactfoundation602.org,Medium,Pilot Testing
603,Global Impact Foundation 603,India,Poverty Relief,Rural Development,www.globalimpactfoundation603.foundation,contact@globalimpactfoundation603.foundation,Low,Pilot Testing
604,Global Impact Foundation 604,Canada,Education,Skill Development,www.globalimpactfoundation604.foundation,contact@globalimpactfoundation604.foundation,Low,Partnership
605,Global Impact Foundation 605,India,Human Rights,Rural Development,www.globalimpactfoundation605.global,contact@globalimpactfoundation605.org,Low,Partnership
606,Global Impact Foundation 606,Kenya,Child Welfare,Policy Advocacy,www.globalimpactfoundation606.global,contact@globalimpactfoundation606.foundation,High,Funding
607,Global Impact Foundation 607,India,Poverty Relief,Skill Development,www.globalimpactfoundation607.global,contact@globalimpactfoundation607.org,Medium,Pilot Testing
608,Global Impact Foundation 608,Brazil,Human Rights,Urban Support,www.globalimpactfoundation608.org,contact@globalimpactfoundation608.foundation,Low,Outreach
609,Global Impact Foundation 609,India,Poverty Relief,Policy Advocacy,www.globalimpactfoundation609.foundation,contact@globalimpactfoundation609.ngo,Medium,Outreach
610,Global Impact Foundation 610,USA,Poverty Relief,Skill Development,www.globalimpactfoundation610.ngo,contact@globalimpactfoundation610.org,High,Funding
611,Global Impact Foundation 611,Kenya,Education,Urban Support,www.globalimpactfoundation611.ngo,contact@globalimpactfoundation611.foundation,Medium,Outreach
612,Global Impact Foundation 612,Germany,Health,Community Health,www.globalimpactfoundation612.global,contact@globalimpactfoundation612.global,Low,Outreach
613,Global Impact Foundation 613,Germany,Poverty Relief,Policy Advocacy,www.globalimpactfoundation613.foundation,contact@globalimpactfoundation613.foundation,High,Pilot Testing
614,Global Impact Foundation 614,Kenya,Education,Skill Development,www.globalimpactfoundation614.global,contact@globalimpactfoundation614.foundation,Medium,Partnership
615,Global Impact Foundation 615,UAE,Education,Urban Support,www.globalimpactfoundation615.foundation,contact@globalimpactfoundation615.foundation,Low,Partnership
616,Global Impact Foundation 616,UAE,Health,Disaster Relief,www.globalimpactfoundation616.ngo,contact@globalimpactfoundation616.ngo,Medium,Partnership
617,Global Impact Foundation 617,USA,Child Welfare,Rural Development,www.globalimpactfoundation617.ngo,contact@globalimpactfoundation617.global,Low,Pilot Testing
618,Global Impact Foundation 618,South Africa,Environment,Rural Development,www.globalimpactfoundation618.ngo,contact@globalimpactfoundation618.ngo,High,Outreach
619,Global Impact Foundation 619,UAE,Human Rights,Skill Development,www.globalimpactfoundation619.org,contact@globalimpactfoundation619.ngo,Low,Pilot Testing
620,Global Impact Foundation 620,India,Women Empowerment,Community Health,www.globalimpactfoundation620.org,contact@globalimpactfoundation620.ngo,High,Partnership
621,Global Impact Foundation 621,Kenya,Human Rights,Rural Development,www.globalimpactfoundation621.global,contact@globalimpactfoundation621.global,Low,Funding
622,Global Impact Foundation 622,Brazil,Child Welfare,Rural Development,www.globalimpactfoundation622.global,contact@globalimpactfoundation622.foundation,Low,Pilot Testing
623,Global Impact Foundation 623,UK,Environment,Community Health,www.globalimpactfoundation623.org,contact@globalimpactfoundation623.global,Medium,Outreach
624,Global Impact Foundation 624,Canada,Health,Rural Development,www.globalimpactfoundation624.foundation,contact@globalimpactfoundation624.global,Low,Pilot Testing
625,Global Impact Foundation 625,UK,Women Empowerment,Skill Development,www.globalimpactfoundation625.global,contact@globalimpactfoundation625.global,Low,Pilot Testing
626,Global Impact Foundation 626,UK,Women Empowerment,Urban Support,www.globalimpactfoundation626.ngo,contact@globalimpactfoundation626.org,High,Partnership
627,Global Impact Foundation 627,India,Poverty Relief,Urban Support,www.globalimpactfoundation627.org,contact@globalimpactfoundation627.global,High,Pilot Testing
628,Global Impact Foundation 628,Canada,Environment,Rural Development,www.globalimpactfoundation628.org,contact@globalimpactfoundation628.ngo,Low,Pilot Testing
629,Global Impact Foundation 629,South Africa,Environment,Skill Development,www.globalimpactfoundation629.org,contact@globalimpactfoundation629.global,Low,Pilot Testing
630,Global Impact Foundation 630,Kenya,Human Rights,Skill Development,www.globalimpactfoundation630.org,contact@globalimpactfoundation630.foundation,High,Pilot Testing
631,Global Impact Foundation 631,South Africa,Environment,Skill Development,www.globalimpactfoundation631.ngo,contact@globalimpactfoundation631.foundation,Low,Pilot Testing
632,Global Impact Foundation 632,Canada,Women Empowerment,Skill Development,www.globalimpactfoundation632.global,contact@globalimpactfoundation632.ngo,Low,Pilot Testing
633,Global Impact Foundation 633,USA,Education,Policy Advocacy,www.globalimpactfoundation633.foundation,contact@globalimpactfoundation633.global,Low,Funding
634,Global Impact Foundation 634,Kenya,Health,Skill Development,www.globalimpactfoundation634.foundation,contact@globalimpactfoundation634.foundation,Low,Pilot Testing
635,Global Impact Foundation 635,Australia,Human Rights,Disaster Relief,www.globalimpactfoundation635.org,contact@globalimpactfoundation635.ngo,Low,Partnership
636,Global Impact Foundation 636,India,Environment,Skill Development,www.globalimpactfoundation636.org,contact@globalimpactfoundation636.org,High,Funding
637,Global Impact Foundation 637,Canada,Human Rights,Urban Support,www.globalimpactfoundation637.global,contact@globalimpactfoundation637.foundation,Medium,Partnership
638,Global Impact Foundation 638,UK,Environment,Community Health,www.globalimpactfoundation638.ngo,contact@globalimpactfoundation638.ngo,Low,Pilot Testing
639,Global Impact Foundation 639,Brazil,Women Empowerment,Urban Support,www.globalimpactfoundation639.ngo,contact@globalimpactfoundation639.org,Low,Pilot Testing
640,Global Impact Foundation 640,India,Education,Urban Support,www.globalimpactfoundation640.ngo,contact@globalimpactfoundation640.org,Low,Pilot Testing
641,Global Impact Foundation 641,USA,Environment,Community Health,www.globalimpactfoundation641.org,contact@globalimpactfoundation641.ngo,High,Outreach
642,Global Impact Foundation 642,UK,Environment,Urban Support,www.globalimpactfoundation642.ngo,contact@globalimpactfoundation642.org,Medium,Funding
643,Global Impact Foundation 643,India,Child Welfare,Rural Development,www.globalimpactfoundation643.ngo,contact@globalimpactfoundation643.foundation,Low,Outreach
644,Global Impact Foundation 644,Kenya,Health,Skill Development,www.globalimpactfoundation644.foundation,contact@globalimpactfoundation644.foundation,High,Funding
645,Global Impact Foundation 645,Kenya,Education,Disaster Relief,www.globalimpactfoundation645.org,contact@globalimpactfoundation645.ngo,Medium,Funding
646,Global Impact Foundation 646,Germany,Poverty Relief,Disaster Relief,www.globalimpactfoundation646.foundation,contact@globalimpactfoundation646.global,High,Pilot Testing
647,Global Impact Foundation 647,Canada,Women Empowerment,Disaster Relief,www.globalimpactfoundation647.org,contact@globalimpactfoundation647.global,Medium,Outreach
648,Global Impact Foundation 648,Canada,Women Empowerment,Community Health,www.globalimpactfoundation648.foundation,contact@globalimpactfoundation648.org,Medium,Funding
649,Global Impact Foundation 649,Brazil,Education,Skill Development,www.globalimpactfoundation649.org,contact@globalimpactfoundation649.global,High,Funding
650,Global Impact Foundation 650,Australia,Child Welfare,Disaster Relief,www.globalimpactfoundation650.foundation,contact@globalimpactfoundation650.global,Low,Outreach
651,Global Impact Foundation 651,South Africa,Child Welfare,Rural Development,www.globalimpactfoundation651.foundation,contact@globalimpactfoundation651.org,High,Outreach
652,Global Impact Foundation 652,UK,Health,Rural Development,www.globalimpactfoundation652.global,contact@globalimpactfoundation652.org,High,Partnership
653,Global Impact Foundation 653,South Africa,Child Welfare,Urban Support,www.globalimpactfoundation653.ngo,contact@globalimpactfoundation653.foundation,Low,Funding
654,Global Impact Foundation 654,Brazil,Health,Rural Development,www.globalimpactfoundation654.global,contact@globalimpactfoundation654.global,Medium,Funding
655,Global Impact Foundation 655,UK,Environment,Urban Support,www.globalimpactfoundation655.org,contact@globalimpactfoundation655.global,Medium,Partnership
656,Global Impact Foundation 656,USA,Health,Skill Development,www.globalimpactfoundation656.foundation,contact@globalimpactfoundation656.global,Medium,Outreach
657,Global Impact Foundation 657,USA,Human Rights,Urban Support,www.globalimpactfoundation657.org,contact@globalimpactfoundation657.org,Low,Funding
658,Global Impact Foundation 658,UAE,Human Rights,Skill Development,www.globalimpactfoundation658.global,contact@globalimpactfoundation658.ngo,High,Pilot Testing
659,Global Impact Foundation 659,Brazil,Poverty Relief,Rural Development,www.globalimpactfoundation659.org,contact@globalimpactfoundation659.org,Low,Outreach
660,Global Impact Foundation 660,Kenya,Poverty Relief,Disaster Relief,www.globalimpactfoundation660.org,contact@globalimpactfoundation660.foundation,Medium,Outreach
661,Global Impact Foundation 661,Kenya,Education,Community Health,www.globalimpactfoundation661.global,contact@globalimpactfoundation661.org,Medium,Pilot Testing
662,Global Impact Foundation 662,Australia,Education,Rural Development,www.globalimpactfoundation662.foundation,contact@globalimpactfoundation662.global,Medium,Outreach
663,Global Impact Foundation 663,South Africa,Women Empowerment,Skill Development,www.globalimpactfoundation663.foundation,contact@globalimpactfoundation663.global,Medium,Pilot Testing
664,Global Impact Foundation 664,India,Health,Community Health,www.globalimpactfoundation664.org,contact@globalimpactfoundation664.foundation,Medium,Pilot Testing
665,Global Impact Foundation 665,Kenya,Education,Disaster Relief,www.globalimpactfoundation665.org,contact@globalimpactfoundation665.ngo,High,Funding
666,Global Impact Foundation 666,UAE,Women Empowerment,Rural Development,www.globalimpactfoundation666.org,contact@globalimpactfoundation666.global,Medium,Partnership
667,Global Impact Foundation 667,India,Health,Urban Support,www.globalimpactfoundation667.foundation,contact@globalimpactfoundation667.foundation,High,Outreach
668,Global Impact Foundation 668,India,Health,Disaster Relief,www.globalimpactfoundation668.global,contact@globalimpactfoundation668.ngo,Medium,Outreach
669,Global Impact Foundation 669,Canada,Child Welfare,Disaster Relief,www.globalimpactfoundation669.ngo,contact@globalimpactfoundation669.foundation,Low,Outreach
670,Global Impact Foundation 670,USA,Poverty Relief,Disaster Relief,www.globalimpactfoundation670.org,contact@globalimpactfoundation670.org,Low,Pilot Testing
671,Global Impact Foundation 671,South Africa,Women Empowerment,Urban Support,www.globalimpactfoundation671.foundation,contact@globalimpactfoundation671.org,Medium,Partnership
672,Global Impact Foundation 672,Australia,Education,Policy Advocacy,www.globalimpactfoundation672.foundation,contact@globalimpactfoundation672.ngo,Medium,Outreach
673,Global Impact Foundation 673,UK,Child Welfare,Disaster Relief,www.globalimpactfoundation673.org,contact@globalimpactfoundation673.global,Low,Funding
674,Global Impact Foundation 674,Kenya,Environment,Community Health,www.globalimpactfoundation674.org,contact@globalimpactfoundation674.global,Medium,Pilot Testing
675,Global Impact Foundation 675,Canada,Child Welfare,Rural Development,www.globalimpactfoundation675.global,contact@globalimpactfoundation675.foundation,Medium,Pilot Testing
676,Global Impact Foundation 676,UK,Health,Urban Support,www.globalimpactfoundation676.org,contact@globalimpactfoundation676.foundation,Medium,Partnership
677,Global Impact Foundation 677,South Africa,Women Empowerment,Rural Development,www.globalimpactfoundation677.global,contact@globalimpactfoundation677.ngo,High,Partnership
678,Global Impact Foundation 678,USA,Education,Urban Support,www.globalimpactfoundation678.org,contact@globalimpactfoundation678.org,High,Pilot Testing
679,Global Impact Foundation 679,Kenya,Environment,Community Health,www.globalimpactfoundation679.global,contact@globalimpactfoundation679.foundation,Low,Funding
680,Global Impact Foundation 680,South Africa,Health,Disaster Relief,www.globalimpactfoundation680.foundation,contact@globalimpactfoundation680.foundation,Medium,Pilot Testing
681,Global Impact Foundation 681,Kenya,Education,Community Health,www.globalimpactfoundation681.ngo,contact@globalimpactfoundation681.ngo,Medium,Outreach
682,Global Impact Foundation 682,Brazil,Human Rights,Policy Advocacy,www.globalimpactfoundation682.org,contact@globalimpactfoundation682.ngo,Low,Outreach
683,Global Impact Foundation 683,USA,Child Welfare,Community Health,www.globalimpactfoundation683.global,contact@globalimpactfoundation683.foundation,Low,Outreach
684,Global Impact Foundation 684,Australia,Poverty Relief,Urban Support,www.globalimpactfoundation684.ngo,contact@globalimpactfoundation684.org,Medium,Funding
685,Global Impact Foundation 685,Germany,Poverty Relief,Urban Support,www.globalimpactfoundation685.org,contact@globalimpactfoundation685.org,Medium,Outreach
686,Global Impact Foundation 686,Brazil,Education,Urban Support,www.globalimpactfoundation686.global,contact@globalimpactfoundation686.global,Medium,Partnership
687,Global Impact Foundation 687,Canada,Women Empowerment,Disaster Relief,www.globalimpactfoundation687.foundation,contact@globalimpactfoundation687.ngo,Medium,Pilot Testing
688,Global Impact Foundation 688,Canada,Human Rights,Skill Development,www.globalimpactfoundation688.org,contact@globalimpactfoundation688.org,High,Funding
689,Global Impact Foundation 689,South Africa,Education,Skill Development,www.globalimpactfoundation689.foundation,contact@globalimpactfoundation689.ngo,High,Outreach
690,Global Impact Foundation 690,South Africa,Child Welfare,Disaster Relief,www.globalimpactfoundation690.global,contact@globalimpactfoundation690.org,High,Funding
691,Global Impact Foundation 691,South Africa,Poverty Relief,Policy Advocacy,www.globalimpactfoundation691.foundation,contact@globalimpactfoundation691.global,Medium,Partnership
692,Global Impact Foundation 692,Australia,Environment,Policy Advocacy,www.globalimpactfoundation692.foundation,contact@globalimpactfoundation692.ngo,Low,Funding
693,Global Impact Foundation 693,UK,Environment,Urban Support,www.globalimpactfoundation693.global,contact@globalimpactfoundation693.org,Medium,Pilot Testing
694,Global Impact Foundation 694,Canada,Health,Policy Advocacy,www.globalimpactfoundation694.org,contact@globalimpactfoundation694.org,High,Partnership
695,Global Impact Foundation 695,Australia,Environment,Skill Development,www.globalimpactfoundation695.global,contact@globalimpactfoundation695.org,Medium,Funding
696,Global Impact Foundation 696,USA,Environment,Urban Support,www.globalimpactfoundation696.org,contact@globalimpactfoundation696.foundation,High,Funding
697,Global Impact Foundation 697,India,Child Welfare,Disaster Relief,www.globalimpactfoundation697.foundation,contact@globalimpactfoundation697.org,Low,Pilot Testing
698,Global Impact Foundation 698,Brazil,Poverty Relief,Skill Development,www.globalimpactfoundation698.global,contact@globalimpactfoundation698.global,Medium,Pilot Testing
699,Global Impact Foundation 699,UK,Health,Disaster Relief,www.globalimpactfoundation699.org,contact@globalimpactfoundation699.ngo,High,Funding
700,Global Impact Foundation 700,Canada,Poverty Relief,Skill Development,www.globalimpactfoundation700.org,contact@globalimpactfoundation700.ngo,High,Pilot Testing
701,Global Impact Foundation 701,USA,Women Empowerment,Rural Development,www.globalimpactfoundation701.ngo,contact@globalimpactfoundation701.org,Medium,Partnership
702,Global Impact Foundation 702,India,Human Rights,Disaster Relief,www.globalimpactfoundation702.ngo,contact@globalimpactfoundation702.global,High,Pilot Testing
703,Global Impact Foundation 703,Brazil,Women Empowerment,Urban Support,www.globalimpactfoundation703.foundation,contact@globalimpactfoundation703.org,Medium,Pilot Testing
704,Global Impact Foundation 704,USA,Environment,Urban Support,www.globalimpactfoundation704.org,contact@globalimpactfoundation704.org,Low,Partnership
705,Global Impact Foundation 705,Brazil,Human Rights,Policy Advocacy,www.globalimpactfoundation705.ngo,contact@globalimpactfoundation705.foundation,Low,Funding
706,Global Impact Foundation 706,Canada,Child Welfare,Disaster Relief,www.globalimpactfoundation706.ngo,contact@globalimpactfoundation706.global,Low,Outreach
707,Global Impact Foundation 707,UK,Education,Policy Advocacy,www.globalimpactfoundation707.foundation,contact@globalimpactfoundation707.foundation,Medium,Funding
708,Global Impact Foundation 708,India,Environment,Urban Support,www.globalimpactfoundation708.org,contact@globalimpactfoundation708.foundation,High,Partnership
709,Global Impact Foundation 709,India,Child Welfare,Urban Support,www.globalimpactfoundation709.ngo,contact@globalimpactfoundation709.global,High,Partnership
710,Global Impact Foundation 710,UK,Poverty Relief,Disaster Relief,www.globalimpactfoundation710.foundation,contact@globalimpactfoundation710.ngo,High,Pilot Testing
711,Global Impact Foundation 711,USA,Human Rights,Disaster Relief,www.globalimpactfoundation711.ngo,contact@globalimpactfoundation711.global,Medium,Pilot Testing
712,Global Impact Foundation 712,UK,Environment,Policy Advocacy,www.globalimpactfoundation712.ngo,contact@globalimpactfoundation712.ngo,Medium,Outreach
713,Global Impact Foundation 713,South Africa,Environment,Rural Development,www.globalimpactfoundation713.org,contact@globalimpactfoundation713.ngo,High,Funding
714,Global Impact Foundation 714,USA,Health,Urban Support,www.globalimpactfoundation714.org,contact@globalimpactfoundation714.global,High,Funding
715,Global Impact Foundation 715,Germany,Education,Urban Support,www.globalimpactfoundation715.org,contact@globalimpactfoundation715.foundation,Medium,Outreach
716,Global Impact Foundation 716,Australia,Human Rights,Urban Support,www.globalimpactfoundation716.org,contact@globalimpactfoundation716.ngo,Medium,Pilot Testing
717,Global Impact Foundation 717,UAE,Health,Policy Advocacy,www.globalimpactfoundation717.global,contact@globalimpactfoundation717.global,Medium,Pilot Testing
718,Global Impact Foundation 718,USA,Education,Community Health,www.globalimpactfoundation718.global,contact@globalimpactfoundation718.org,Low,Outreach
719,Global Impact Foundation 719,Kenya,Child Welfare,Disaster Relief,www.globalimpactfoundation719.foundation,contact@globalimpactfoundation719.ngo,Medium,Funding
720,Global Impact Foundation 720,Brazil,Child Welfare,Urban Support,www.globalimpactfoundation720.global,contact@globalimpactfoundation720.global,Medium,Pilot Testing
721,Global Impact Foundation 721,UK,Education,Skill Development,www.globalimpactfoundation721.foundation,contact@globalimpactfoundation721.foundation,Low,Outreach
722,Global Impact Foundation 722,South Africa,Poverty Relief,Urban Support,www.globalimpactfoundation722.global,contact@globalimpactfoundation722.ngo,High,Partnership
723,Global Impact Foundation 723,UK,Environment,Community Health,www.globalimpactfoundation723.foundation,contact@globalimpactfoundation723.org,Low,Outreach
724,Global Impact Foundation 724,Kenya,Human Rights,Policy Advocacy,www.globalimpactfoundation724.ngo,contact@globalimpactfoundation724.ngo,Medium,Funding
725,Global Impact Foundation 725,Brazil,Environment,Skill Development,www.globalimpactfoundation725.foundation,contact@globalimpactfoundation725.global,Low,Pilot Testing
726,Global Impact Foundation 726,Germany,Human Rights,Urban Support,www.globalimpactfoundation726.ngo,contact@globalimpactfoundation726.foundation,High,Partnership
727,Global Impact Foundation 727,UK,Environment,Disaster Relief,www.globalimpactfoundation727.ngo,contact@globalimpactfoundation727.foundation,Low,Outreach
728,Global Impact Foundation 728,UAE,Women Empowerment,Urban Support,www.globalimpactfoundation728.ngo,contact@globalimpactfoundation728.foundation,Medium,Funding
729,Global Impact Foundation 729,Brazil,Education,Skill Development,www.globalimpactfoundation729.global,contact@globalimpactfoundation729.org,High,Funding
730,Global Impact Foundation 730,Kenya,Human Rights,Skill Development,www.globalimpactfoundation730.org,contact@globalimpactfoundation730.org,Low,Pilot Testing
731,Global Impact Foundation 731,Brazil,Poverty Relief,Policy Advocacy,www.globalimpactfoundation731.global,contact@globalimpactfoundation731.ngo,High,Partnership
732,Global Impact Foundation 732,Germany,Poverty Relief,Disaster Relief,www.globalimpactfoundation732.ngo,contact@globalimpactfoundation732.foundation,High,Funding
733,Global Impact Foundation 733,Australia,Women Empowerment,Community Health,www.globalimpactfoundation733.global,contact@globalimpactfoundation733.ngo,Low,Funding
734,Global Impact Foundation 734,UK,Environment,Urban Support,www.globalimpactfoundation734.global,contact@globalimpactfoundation734.foundation,Low,Partnership
735,Global Impact Foundation 735,Canada,Education,Disaster Relief,www.globalimpactfoundation735.global,contact@globalimpactfoundation735.ngo,Low,Partnership
736,Global Impact Foundation 736,UAE,Poverty Relief,Disaster Relief,www.globalimpactfoundation736.org,contact@globalimpactfoundation736.ngo,Low,Outreach
737,Global Impact Foundation 737,Australia,Child Welfare,Policy Advocacy,www.globalimpactfoundation737.global,contact@globalimpactfoundation737.org,Low,Partnership
738,Global Impact Foundation 738,Germany,Women Empowerment,Skill Development,www.globalimpactfoundation738.global,contact@globalimpactfoundation738.org,High,Pilot Testing
739,Global Impact Foundation 739,Canada,Human Rights,Rural Development,www.globalimpactfoundation739.global,contact@globalimpactfoundation739.ngo,Low,Partnership
740,Global Impact Foundation 740,Brazil,Child Welfare,Disaster Relief,www.globalimpactfoundation740.org,contact@globalimpactfoundation740.org,High,Partnership
741,Global Impact Foundation 741,South Africa,Human Rights,Rural Development,www.globalimpactfoundation741.org,contact@globalimpactfoundation741.foundation,High,Pilot Testing
742,Global Impact Foundation 742,South Africa,Education,Policy Advocacy,www.globalimpactfoundation742.global,contact@globalimpactfoundation742.global,High,Partnership
743,Global Impact Foundation 743,India,Environment,Rural Development,www.globalimpactfoundation743.org,contact@globalimpactfoundation743.org,Medium,Outreach
744,Global Impact Foundation 744,Canada,Education,Disaster Relief,www.globalimpactfoundation744.ngo,contact@globalimpactfoundation744.org,High,Partnership
745,Global Impact Foundation 745,India,Environment,Skill Development,www.globalimpactfoundation745.ngo,contact@globalimpactfoundation745.foundation,High,Funding
746,Global Impact Foundation 746,Brazil,Education,Policy Advocacy,www.globalimpactfoundation746.ngo,contact@globalimpactfoundation746.org,Medium,Pilot Testing
747,Global Impact Foundation 747,South Africa,Health,Policy Advocacy,www.globalimpactfoundation747.ngo,contact@globalimpactfoundation747.org,Low,Outreach
748,Global Impact Foundation 748,Brazil,Education,Disaster Relief,www.globalimpactfoundation748.foundation,contact@globalimpactfoundation748.global,Medium,Outreach
749,Global Impact Foundation 749,Germany,Human Rights,Skill Development,www.globalimpactfoundation749.foundation,contact@globalimpactfoundation749.ngo,Low,Pilot Testing
750,Global Impact Foundation 750,India,Women Empowerment,Policy Advocacy,www.globalimpactfoundation750.ngo,contact@globalimpactfoundation750.global,High,Funding
751,Global Impact Foundation 751,UK,Women Empowerment,Rural Development,www.globalimpactfoundation751.org,contact@globalimpactfoundation751.global,Low,Outreach
752,Global Impact Foundation 752,Brazil,Health,Disaster Relief,www.globalimpactfoundation752.ngo,contact@globalimpactfoundation752.foundation,High,Outreach
753,Global Impact Foundation 753,South Africa,Environment,Rural Development,www.globalimpactfoundation753.ngo,contact@globalimpactfoundation753.global,Low,Outreach
754,Global Impact Foundation 754,Germany,Child Welfare,Disaster Relief,www.globalimpactfoundation754.org,contact@globalimpactfoundation754.ngo,Low,Partnership
755,Global Impact Foundation 755,USA,Child Welfare,Rural Development,www.globalimpactfoundation755.ngo,contact@globalimpactfoundation755.org,Medium,Partnership
756,Global Impact Foundation 756,Canada,Environment,Policy Advocacy,www.globalimpactfoundation756.global,contact@globalimpactfoundation756.ngo,Medium,Funding
757,Global Impact Foundation 757,South Africa,Education,Disaster Relief,www.globalimpactfoundation757.global,contact@globalimpactfoundation757.foundation,Medium,Outreach
758,Global Impact Foundation 758,Germany,Poverty Relief,Disaster Relief,www.globalimpactfoundation758.org,contact@globalimpactfoundation758.foundation,High,Outreach
759,Global Impact Foundation 759,Kenya,Health,Disaster Relief,www.globalimpactfoundation759.ngo,contact@globalimpactfoundation759.global,High,Pilot Testing
760,Global Impact Foundation 760,Germany,Health,Community Health,www.globalimpactfoundation760.global,contact@globalimpactfoundation760.org,Low,Funding
761,Global Impact Foundation 761,USA,Education,Rural Development,www.globalimpactfoundation761.org,contact@globalimpactfoundation761.org,Low,Partnership
762,Global Impact Foundation 762,USA,Education,Disaster Relief,www.globalimpactfoundation762.global,contact@globalimpactfoundation762.foundation,High,Outreach
763,Global Impact Foundation 763,Kenya,Poverty Relief,Disaster Relief,www.globalimpactfoundation763.org,contact@globalimpactfoundation763.org,High,Partnership
764,Global Impact Foundation 764,UAE,Education,Community Health,www.globalimpactfoundation764.org,contact@globalimpactfoundation764.foundation,Medium,Funding
765,Global Impact Foundation 765,Kenya,Environment,Policy Advocacy,www.globalimpactfoundation765.foundation,contact@globalimpactfoundation765.ngo,Low,Pilot Testing
766,Global Impact Foundation 766,India,Women Empowerment,Skill Development,www.globalimpactfoundation766.global,contact@globalimpactfoundation766.foundation,High,Outreach
767,Global Impact Foundation 767,India,Health,Skill Development,www.globalimpactfoundation767.ngo,contact@globalimpactfoundation767.global,Low,Funding
768,Global Impact Foundation 768,Canada,Education,Rural Development,www.globalimpactfoundation768.foundation,contact@globalimpactfoundation768.ngo,High,Funding
769,Global Impact Foundation 769,USA,Health,Urban Support,www.globalimpactfoundation769.foundation,contact@globalimpactfoundation769.org,High,Outreach
770,Global Impact Foundation 770,Canada,Child Welfare,Policy Advocacy,www.globalimpactfoundation770.ngo,contact@globalimpactfoundation770.global,Low,Partnership
771,Global Impact Foundation 771,India,Environment,Policy Advocacy,www.globalimpactfoundation771.global,contact@globalimpactfoundation771.foundation,Medium,Outreach
772,Global Impact Foundation 772,Kenya,Human Rights,Skill Development,www.globalimpactfoundation772.global,contact@globalimpactfoundation772.foundation,Medium,Partnership
773,Global Impact Foundation 773,Germany,Education,Disaster Relief,www.globalimpactfoundation773.org,contact@globalimpactfoundation773.ngo,High,Funding
774,Global Impact Foundation 774,Germany,Human Rights,Community Health,www.globalimpactfoundation774.foundation,contact@globalimpactfoundation774.foundation,Low,Partnership
775,Global Impact Foundation 775,Australia,Environment,Disaster Relief,www.globalimpactfoundation775.ngo,contact@globalimpactfoundation775.foundation,High,Funding
776,Global Impact Foundation 776,USA,Poverty Relief,Disaster Relief,www.globalimpactfoundation776.global,contact@globalimpactfoundation776.ngo,High,Funding
777,Global Impact Foundation 777,South Africa,Environment,Urban Support,www.globalimpactfoundation777.global,contact@globalimpactfoundation777.global,Low,Outreach
778,Global Impact Foundation 778,Germany,Environment,Skill Development,www.globalimpactfoundation778.ngo,contact@globalimpactfoundation778.foundation,High,Partnership
779,Global Impact Foundation 779,Brazil,Child Welfare,Skill Development,www.globalimpactfoundation779.org,contact@globalimpactfoundation779.foundation,Medium,Outreach
780,Global Impact Foundation 780,Kenya,Women Empowerment,Community Health,www.globalimpactfoundation780.ngo,contact@globalimpactfoundation780.org,Medium,Funding
781,Global Impact Foundation 781,USA,Child Welfare,Policy Advocacy,www.globalimpactfoundation781.ngo,contact@globalimpactfoundation781.global,Low,Funding
782,Global Impact Foundation 782,UK,Health,Skill Development,www.globalimpactfoundation782.org,contact@globalimpactfoundation782.global,Low,Funding
783,Global Impact Foundation 783,Brazil,Child Welfare,Disaster Relief,www.globalimpactfoundation783.global,contact@globalimpactfoundation783.global,High,Partnership
784,Global Impact Foundation 784,Australia,Environment,Urban Support,www.globalimpactfoundation784.ngo,contact@globalimpactfoundation784.ngo,Low,Funding
785,Global Impact Foundation 785,Brazil,Human Rights,Urban Support,www.globalimpactfoundation785.global,contact@globalimpactfoundation785.global,Medium,Funding
786,Global Impact Foundation 786,India,Child Welfare,Disaster Relief,www.globalimpactfoundation786.ngo,contact@globalimpactfoundation786.global,Low,Outreach
787,Global Impact Foundation 787,UK,Environment,Rural Development,www.globalimpactfoundation787.foundation,contact@globalimpactfoundation787.foundation,High,Partnership
788,Global Impact Foundation 788,Brazil,Poverty Relief,Skill Development,www.globalimpactfoundation788.global,contact@globalimpactfoundation788.global,High,Partnership
789,Global Impact Foundation 789,UK,Health,Rural Development,www.globalimpactfoundation789.global,contact@globalimpactfoundation789.global,Low,Partnership
790,Global Impact Foundation 790,South Africa,Health,Disaster Relief,www.globalimpactfoundation790.global,contact@globalimpactfoundation790.foundation,Medium,Pilot Testing
791,Global Impact Foundation 791,Australia,Environment,Policy Advocacy,www.globalimpactfoundation791.foundation,contact@globalimpactfoundation791.org,Medium,Funding
792,Global Impact Foundation 792,South Africa,Education,Community Health,www.globalimpactfoundation792.foundation,contact@globalimpactfoundation792.org,High,Partnership
793,Global Impact Foundation 793,Germany,Women Empowerment,Policy Advocacy,www.globalimpactfoundation793.org,contact@globalimpactfoundation793.global,High,Funding
794,Global Impact Foundation 794,Brazil,Human Rights,Skill Development,www.globalimpactfoundation794.org,contact@globalimpactfoundation794.ngo,Low,Funding
795,Global Impact Foundation 795,Canada,Human Rights,Skill Development,www.globalimpactfoundation795.org,contact@globalimpactfoundation795.org,High,Funding
796,Global Impact Foundation 796,South Africa,Child Welfare,Community Health,www.globalimpactfoundation796.org,contact@globalimpactfoundation796.ngo,Medium,Outreach
797,Global Impact Foundation 797,UAE,Environment,Disaster Relief,www.globalimpactfoundation797.ngo,contact@globalimpactfoundation797.org,Medium,Pilot Testing
798,Global Impact Foundation 798,Brazil,Health,Skill Development,www.globalimpactfoundation798.ngo,contact@globalimpactfoundation798.ngo,Medium,Pilot Testing
799,Global Impact Foundation 799,UK,Health,Community Health,www.globalimpactfoundation799.ngo,contact@globalimpactfoundation799.global,High,Funding
800,Global Impact Foundation 800,Brazil,Women Empowerment,Urban Support,www.globalimpactfoundation800.foundation,contact@globalimpactfoundation800.ngo,High,Funding
801,Global Impact Foundation 801,Germany,Human Rights,Community Health,www.globalimpactfoundation801.ngo,contact@globalimpactfoundation801.ngo,Medium,Outreach
802,Global Impact Foundation 802,Canada,Human Rights,Rural Development,www.globalimpactfoundation802.ngo,contact@globalimpactfoundation802.ngo,Medium,Funding
803,Global Impact Foundation 803,USA,Human Rights,Policy Advocacy,www.globalimpactfoundation803.foundation,contact@globalimpactfoundation803.foundation,Medium,Funding
804,Global Impact Foundation 804,India,Women Empowerment,Disaster Relief,www.globalimpactfoundation804.global,contact@globalimpactfoundation804.foundation,Low,Partnership
805,Global Impact Foundation 805,Canada,Health,Rural Development,www.globalimpactfoundation805.foundation,contact@globalimpactfoundation805.global,High,Outreach
806,Global Impact Foundation 806,Australia,Human Rights,Urban Support,www.globalimpactfoundation806.global,contact@globalimpactfoundation806.ngo,Medium,Funding
807,Global Impact Foundation 807,Canada,Human Rights,Community Health,www.globalimpactfoundation807.global,contact@globalimpactfoundation807.org,Low,Partnership
808,Global Impact Foundation 808,India,Poverty Relief,Policy Advocacy,www.globalimpactfoundation808.global,contact@globalimpactfoundation808.ngo,Medium,Pilot Testing
809,Global Impact Foundation 809,Brazil,Education,Urban Support,www.globalimpactfoundation809.global,contact@globalimpactfoundation809.org,High,Partnership
810,Global Impact Foundation 810,South Africa,Education,Policy Advocacy,www.globalimpactfoundation810.org,contact@globalimpactfoundation810.org,Medium,Funding
811,Global Impact Foundation 811,Germany,Health,Skill Development,www.globalimpactfoundation811.foundation,contact@globalimpactfoundation811.global,Low,Funding
812,Global Impact Foundation 812,Canada,Environment,Urban Support,www.globalimpactfoundation812.ngo,contact@globalimpactfoundation812.global,High,Partnership
813,Global Impact Foundation 813,South Africa,Child Welfare,Disaster Relief,www.globalimpactfoundation813.global,contact@globalimpactfoundation813.org,Low,Pilot Testing
814,Global Impact Foundation 814,UAE,Poverty Relief,Skill Development,www.globalimpactfoundation814.global,contact@globalimpactfoundation814.ngo,High,Outreach
815,Global Impact Foundation 815,Canada,Child Welfare,Urban Support,www.globalimpactfoundation815.foundation,contact@globalimpactfoundation815.org,Medium,Partnership
816,Global Impact Foundation 816,USA,Women Empowerment,Disaster Relief,www.globalimpactfoundation816.org,contact@globalimpactfoundation816.global,High,Pilot Testing
817,Global Impact Foundation 817,Germany,Education,Community Health,www.globalimpactfoundation817.ngo,contact@globalimpactfoundation817.foundation,Low,Outreach
818,Global Impact Foundation 818,South Africa,Human Rights,Policy Advocacy,www.globalimpactfoundation818.global,contact@globalimpactfoundation818.foundation,Low,Pilot Testing
819,Global Impact Foundation 819,South Africa,Women Empowerment,Policy Advocacy,www.globalimpactfoundation819.org,contact@globalimpactfoundation819.foundation,High,Pilot Testing
820,Global Impact Foundation 820,USA,Women Empowerment,Rural Development,www.globalimpactfoundation820.foundation,contact@globalimpactfoundation820.ngo,High,Pilot Testing
821,Global Impact Foundation 821,India,Human Rights,Policy Advocacy,www.globalimpactfoundation821.org,contact@globalimpactfoundation821.org,Low,Pilot Testing
822,Global Impact Foundation 822,USA,Poverty Relief,Community Health,www.globalimpactfoundation822.global,contact@globalimpactfoundation822.org,Low,Pilot Testing
823,Global Impact Foundation 823,Brazil,Environment,Rural Development,www.globalimpactfoundation823.ngo,contact@globalimpactfoundation823.foundation,Low,Outreach
824,Global Impact Foundation 824,India,Women Empowerment,Skill Development,www.globalimpactfoundation824.org,contact@globalimpactfoundation824.ngo,High,Funding
825,Global Impact Foundation 825,Germany,Women Empowerment,Policy Advocacy,www.globalimpactfoundation825.ngo,contact@globalimpactfoundation825.org,Low,Pilot Testing
826,Global Impact Foundation 826,Germany,Environment,Skill Development,www.globalimpactfoundation826.global,contact@globalimpactfoundation826.ngo,Medium,Outreach
827,Global Impact Foundation 827,USA,Women Empowerment,Urban Support,www.globalimpactfoundation827.global,contact@globalimpactfoundation827.foundation,Medium,Partnership
828,Global Impact Foundation 828,Germany,Poverty Relief,Community Health,www.globalimpactfoundation828.global,contact@globalimpactfoundation828.ngo,High,Funding
829,Global Impact Foundation 829,Kenya,Human Rights,Policy Advocacy,www.globalimpactfoundation829.ngo,contact@globalimpactfoundation829.foundation,Low,Funding
830,Global Impact Foundation 830,India,Women Empowerment,Community Health,www.globalimpactfoundation830.org,contact@globalimpactfoundation830.ngo,High,Funding
831,Global Impact Foundation 831,India,Women Empowerment,Urban Support,www.globalimpactfoundation831.org,contact@globalimpactfoundation831.org,Low,Pilot Testing
832,Global Impact Foundation 832,Kenya,Environment,Urban Support,www.globalimpactfoundation832.ngo,contact@globalimpactfoundation832.global,Low,Partnership
833,Global Impact Foundation 833,Brazil,Child Welfare,Rural Development,www.globalimpactfoundation833.foundation,contact@globalimpactfoundation833.foundation,Medium,Partnership
834,Global Impact Foundation 834,Canada,Women Empowerment,Rural Development,www.globalimpactfoundation834.org,contact@globalimpactfoundation834.org,Low,Pilot Testing
835,Global Impact Foundation 835,Australia,Child Welfare,Policy Advocacy,www.globalimpactfoundation835.global,contact@globalimpactfoundation835.ngo,Medium,Partnership
836,Global Impact Foundation 836,Brazil,Poverty Relief,Urban Support,www.globalimpactfoundation836.org,contact@globalimpactfoundation836.ngo,Low,Partnership
837,Global Impact Foundation 837,Australia,Child Welfare,Urban Support,www.globalimpactfoundation837.ngo,contact@globalimpactfoundation837.org,Medium,Funding
838,Global Impact Foundation 838,Germany,Human Rights,Skill Development,www.globalimpactfoundation838.org,contact@globalimpactfoundation838.foundation,Medium,Pilot Testing
839,Global Impact Foundation 839,India,Education,Skill Development,www.globalimpactfoundation839.global,contact@globalimpactfoundation839.ngo,Low,Funding
840,Global Impact Foundation 840,India,Environment,Community Health,www.globalimpactfoundation840.ngo,contact@globalimpactfoundation840.org,High,Pilot Testing
841,Global Impact Foundation 841,Kenya,Women Empowerment,Urban Support,www.globalimpactfoundation841.ngo,contact@globalimpactfoundation841.global,Medium,Partnership
842,Global Impact Foundation 842,Australia,Women Empowerment,Policy Advocacy,www.globalimpactfoundation842.ngo,contact@globalimpactfoundation842.org,Low,Pilot Testing
843,Global Impact Foundation 843,USA,Health,Urban Support,www.globalimpactfoundation843.foundation,contact@globalimpactfoundation843.global,Low,Funding
844,Global Impact Foundation 844,South Africa,Health,Skill Development,www.globalimpactfoundation844.org,contact@globalimpactfoundation844.foundation,Medium,Pilot Testing
845,Global Impact Foundation 845,South Africa,Child Welfare,Disaster Relief,www.globalimpactfoundation845.foundation,contact@globalimpactfoundation845.org,Low,Partnership
846,Global Impact Foundation 846,India,Poverty Relief,Rural Development,www.globalimpactfoundation846.ngo,contact@globalimpactfoundation846.global,High,Outreach
847,Global Impact Foundation 847,Kenya,Human Rights,Community Health,www.globalimpactfoundation847.org,contact@globalimpactfoundation847.global,Low,Funding
848,Global Impact Foundation 848,UAE,Health,Policy Advocacy,www.globalimpactfoundation848.foundation,contact@globalimpactfoundation848.global,Low,Partnership
849,Global Impact Foundation 849,Kenya,Education,Skill Development,www.globalimpactfoundation849.global,contact@globalimpactfoundation849.foundation,Low,Funding
850,Global Impact Foundation 850,USA,Environment,Community Health,www.globalimpactfoundation850.global,contact@globalimpactfoundation850.org,Medium,Funding
851,Global Impact Foundation 851,UAE,Child Welfare,Policy Advocacy,www.globalimpactfoundation851.global,contact@globalimpactfoundation851.ngo,Medium,Outreach
852,Global Impact Foundation 852,South Africa,Human Rights,Skill Development,www.globalimpactfoundation852.foundation,contact@globalimpactfoundation852.org,Medium,Partnership
853,Global Impact Foundation 853,Canada,Poverty Relief,Skill Development,www.globalimpactfoundation853.global,contact@globalimpactfoundation853.global,High,Outreach
854,Global Impact Foundation 854,Kenya,Education,Disaster Relief,www.globalimpactfoundation854.global,contact@globalimpactfoundation854.global,High,Outreach
855,Global Impact Foundation 855,Canada,Human Rights,Urban Support,www.globalimpactfoundation855.ngo,contact@globalimpactfoundation855.org,Low,Funding
856,Global Impact Foundation 856,Germany,Women Empowerment,Disaster Relief,www.globalimpactfoundation856.ngo,contact@globalimpactfoundation856.ngo,Low,Funding
857,Global Impact Foundation 857,Germany,Child Welfare,Policy Advocacy,www.globalimpactfoundation857.foundation,contact@globalimpactfoundation857.global,Low,Outreach
858,Global Impact Foundation 858,South Africa,Human Rights,Community Health,www.globalimpactfoundation858.foundation,contact@globalimpactfoundation858.global,High,Outreach
859,Global Impact Foundation 859,UK,Education,Rural Development,www.globalimpactfoundation859.org,contact@globalimpactfoundation859.org,Medium,Partnership
860,Global Impact Foundation 860,South Africa,Women Empowerment,Skill Development,www.globalimpactfoundation860.global,contact@globalimpactfoundation860.global,High,Partnership
861,Global Impact Foundation 861,South Africa,Environment,Community Health,www.globalimpactfoundation861.org,contact@globalimpactfoundation861.org,Medium,Outreach
862,Global Impact Foundation 862,India,Poverty Relief,Skill Development,www.globalimpactfoundation862.org,contact@globalimpactfoundation862.foundation,Low,Pilot Testing
863,Global Impact Foundation 863,UK,Women Empowerment,Urban Support,www.globalimpactfoundation863.foundation,contact@globalimpactfoundation863.ngo,High,Funding
864,Global Impact Foundation 864,Australia,Health,Rural Development,www.globalimpactfoundation864.ngo,contact@globalimpactfoundation864.global,High,Partnership
865,Global Impact Foundation 865,India,Women Empowerment,Disaster Relief,www.globalimpactfoundation865.foundation,contact@globalimpactfoundation865.ngo,Low,Pilot Testing
866,Global Impact Foundation 866,Germany,Human Rights,Urban Support,www.globalimpactfoundation866.org,contact@globalimpactfoundation866.ngo,Low,Partnership
867,Global Impact Foundation 867,India,Human Rights,Policy Advocacy,www.globalimpactfoundation867.org,contact@globalimpactfoundation867.ngo,Low,Outreach
868,Global Impact Foundation 868,India,Health,Policy Advocacy,www.globalimpactfoundation868.global,contact@globalimpactfoundation868.org,Low,Pilot Testing
869,Global Impact Foundation 869,USA,Education,Urban Support,www.globalimpactfoundation869.foundation,contact@globalimpactfoundation869.org,Medium,Outreach
870,Global Impact Foundation 870,Brazil,Education,Disaster Relief,www.globalimpactfoundation870.ngo,contact@globalimpactfoundation870.ngo,High,Outreach
871,Global Impact Foundation 871,India,Poverty Relief,Disaster Relief,www.globalimpactfoundation871.org,contact@globalimpactfoundation871.org,High,Pilot Testing
872,Global Impact Foundation 872,UAE,Child Welfare,Urban Support,www.globalimpactfoundation872.org,contact@globalimpactfoundation872.org,Low,Pilot Testing
873,Global Impact Foundation 873,Canada,Education,Disaster Relief,www.globalimpactfoundation873.foundation,contact@globalimpactfoundation873.ngo,High,Outreach
874,Global Impact Foundation 874,Kenya,Education,Skill Development,www.globalimpactfoundation874.foundation,contact@globalimpactfoundation874.ngo,High,Pilot Testing
875,Global Impact Foundation 875,Kenya,Child Welfare,Skill Development,www.globalimpactfoundation875.ngo,contact@globalimpactfoundation875.global,Low,Outreach
876,Global Impact Foundation 876,Germany,Human Rights,Rural Development,www.globalimpactfoundation876.org,contact@globalimpactfoundation876.org,Low,Outreach
877,Global Impact Foundation 877,Kenya,Child Welfare,Rural Development,www.globalimpactfoundation877.global,contact@globalimpactfoundation877.ngo,Medium,Outreach
878,Global Impact Foundation 878,Canada,Human Rights,Rural Development,www.globalimpactfoundation878.foundation,contact@globalimpactfoundation878.foundation,High,Outreach
879,Global Impact Foundation 879,Australia,Human Rights,Rural Development,www.globalimpactfoundation879.org,contact@globalimpactfoundation879.org,High,Pilot Testing
880,Global Impact Foundation 880,Australia,Poverty Relief,Skill Development,www.globalimpactfoundation880.ngo,contact@globalimpactfoundation880.ngo,Medium,Partnership
881,Global Impact Foundation 881,Canada,Women Empowerment,Skill Development,www.globalimpactfoundation881.foundation,contact@globalimpactfoundation881.ngo,Low,Funding
882,Global Impact Foundation 882,UK,Health,Rural Development,www.globalimpactfoundation882.global,contact@globalimpactfoundation882.foundation,Medium,Pilot Testing
883,Global Impact Foundation 883,Germany,Environment,Skill Development,www.globalimpactfoundation883.global,contact@globalimpactfoundation883.ngo,High,Pilot Testing
884,Global Impact Foundation 884,Germany,Poverty Relief,Policy Advocacy,www.globalimpactfoundation884.ngo,contact@globalimpactfoundation884.ngo,High,Pilot Testing
885,Global Impact Foundation 885,Brazil,Health,Policy Advocacy,www.globalimpactfoundation885.org,contact@globalimpactfoundation885.ngo,Low,Funding
886,Global Impact Foundation 886,Brazil,Environment,Skill Development,www.globalimpactfoundation886.foundation,contact@globalimpactfoundation886.global,Medium,Funding
887,Global Impact Foundation 887,South Africa,Education,Community Health,www.globalimpactfoundation887.org,contact@globalimpactfoundation887.org,High,Outreach
888,Global Impact Foundation 888,Germany,Women Empowerment,Rural Development,www.globalimpactfoundation888.global,contact@globalimpactfoundation888.ngo,High,Pilot Testing
889,Global Impact Foundation 889,South Africa,Women Empowerment,Policy Advocacy,www.globalimpactfoundation889.global,contact@globalimpactfoundation889.global,Low,Outreach
890,Global Impact Foundation 890,Germany,Education,Rural Development,www.globalimpactfoundation890.global,contact@globalimpactfoundation890.foundation,High,Outreach
891,Global Impact Foundation 891,UK,Health,Skill Development,www.globalimpactfoundation891.org,contact@globalimpactfoundation891.ngo,Low,Outreach
892,Global Impact Foundation 892,Brazil,Poverty Relief,Rural Development,www.globalimpactfoundation892.global,contact@globalimpactfoundation892.ngo,Medium,Pilot Testing
893,Global Impact Foundation 893,Australia,Child Welfare,Urban Support,www.globalimpactfoundation893.foundation,contact@globalimpactfoundation893.foundation,High,Partnership
894,Global Impact Foundation 894,UK,Women Empowerment,Community Health,www.globalimpactfoundation894.foundation,contact@globalimpactfoundation894.global,Medium,Funding
895,Global Impact Foundation 895,UK,Poverty Relief,Policy Advocacy,www.globalimpactfoundation895.ngo,contact@globalimpactfoundation895.ngo,Medium,Pilot Testing
896,Global Impact Foundation 896,Canada,Environment,Urban Support,www.globalimpactfoundation896.global,contact@globalimpactfoundation896.org,High,Outreach
897,Global Impact Foundation 897,South Africa,Health,Urban Support,www.globalimpactfoundation897.org,contact@globalimpactfoundation897.ngo,Medium,Funding
898,Global Impact Foundation 898,Australia,Women Empowerment,Community Health,www.globalimpactfoundation898.foundation,contact@globalimpactfoundation898.foundation,Low,Partnership
899,Global Impact Foundation 899,Canada,Women Empowerment,Skill Development,www.globalimpactfoundation899.org,contact@globalimpactfoundation899.ngo,Medium,Partnership
900,Global Impact Foundation 900,Germany,Women Empowerment,Skill Development,www.globalimpactfoundation900.foundation,contact@globalimpactfoundation900.global,High,Funding
901,Global Impact Foundation 901,Brazil,Environment,Rural Development,www.globalimpactfoundation901.org,contact@globalimpactfoundation901.ngo,Low,Outreach
902,Global Impact Foundation 902,Canada,Poverty Relief,Policy Advocacy,www.globalimpactfoundation902.global,contact@globalimpactfoundation902.org,Low,Outreach
903,Global Impact Foundation 903,USA,Education,Disaster Relief,www.globalimpactfoundation903.foundation,contact@globalimpactfoundation903.foundation,Medium,Outreach
904,Global Impact Foundation 904,UAE,Human Rights,Urban Support,www.globalimpactfoundation904.global,contact@globalimpactfoundation904.foundation,Medium,Funding
905,Global Impact Foundation 905,Brazil,Women Empowerment,Urban Support,www.globalimpactfoundation905.org,contact@globalimpactfoundation905.ngo,Medium,Pilot Testing
906,Global Impact Foundation 906,Brazil,Environment,Rural Development,www.globalimpactfoundation906.ngo,contact@globalimpactfoundation906.foundation,High,Pilot Testing
907,Global Impact Foundation 907,India,Health,Policy Advocacy,www.globalimpactfoundation907.ngo,contact@globalimpactfoundation907.ngo,Medium,Funding
908,Global Impact Foundation 908,Brazil,Health,Community Health,www.globalimpactfoundation908.ngo,contact@globalimpactfoundation908.ngo,Low,Pilot Testing
909,Global Impact Foundation 909,Germany,Women Empowerment,Policy Advocacy,www.globalimpactfoundation909.ngo,contact@globalimpactfoundation909.foundation,Medium,Pilot Testing
910,Global Impact Foundation 910,Canada,Education,Disaster Relief,www.globalimpactfoundation910.ngo,contact@globalimpactfoundation910.global,Medium,Partnership
911,Global Impact Foundation 911,Australia,Health,Community Health,www.globalimpactfoundation911.foundation,contact@globalimpactfoundation911.org,Low,Pilot Testing
912,Global Impact Foundation 912,Germany,Environment,Rural Development,www.globalimpactfoundation912.global,contact@globalimpactfoundation912.foundation,High,Pilot Testing
913,Global Impact Foundation 913,UAE,Child Welfare,Urban Support,www.globalimpactfoundation913.global,contact@globalimpactfoundation913.foundation,Medium,Partnership
914,Global Impact Foundation 914,UAE,Health,Community Health,www.globalimpactfoundation914.foundation,contact@globalimpactfoundation914.global,Low,Outreach
915,Global Impact Foundation 915,USA,Child Welfare,Skill Development,www.globalimpactfoundation915.global,contact@globalimpactfoundation915.global,Medium,Outreach
916,Global Impact Foundation 916,Canada,Environment,Policy Advocacy,www.globalimpactfoundation916.global,contact@globalimpactfoundation916.org,Medium,Partnership
917,Global Impact Foundation 917,Kenya,Women Empowerment,Community Health,www.globalimpactfoundation917.ngo,contact@globalimpactfoundation917.org,High,Partnership
918,Global Impact Foundation 918,USA,Poverty Relief,Skill Development,www.globalimpactfoundation918.global,contact@globalimpactfoundation918.global,Medium,Funding
919,Global Impact Foundation 919,USA,Child Welfare,Skill Development,www.globalimpactfoundation919.org,contact@globalimpactfoundation919.ngo,High,Funding
920,Global Impact Foundation 920,Canada,Environment,Disaster Relief,www.globalimpactfoundation920.org,contact@globalimpactfoundation920.global,Medium,Partnership
921,Global Impact Foundation 921,Australia,Women Empowerment,Rural Development,www.globalimpactfoundation921.global,contact@globalimpactfoundation921.global,Low,Funding
922,Global Impact Foundation 922,Germany,Poverty Relief,Skill Development,www.globalimpactfoundation922.ngo,contact@globalimpactfoundation922.foundation,Low,Pilot Testing
923,Global Impact Foundation 923,USA,Environment,Rural Development,www.globalimpactfoundation923.org,contact@globalimpactfoundation923.global,Medium,Partnership
924,Global Impact Foundation 924,Germany,Education,Disaster Relief,www.globalimpactfoundation924.org,contact@globalimpactfoundation924.foundation,Low,Funding
925,Global Impact Foundation 925,India,Human Rights,Policy Advocacy,www.globalimpactfoundation925.ngo,contact@globalimpactfoundation925.ngo,Medium,Partnership
926,Global Impact Foundation 926,Kenya,Health,Community Health,www.globalimpactfoundation926.foundation,contact@globalimpactfoundation926.global,Medium,Funding
927,Global Impact Foundation 927,India,Women Empowerment,Rural Development,www.globalimpactfoundation927.global,contact@globalimpactfoundation927.ngo,Low,Partnership
928,Global Impact Foundation 928,Germany,Poverty Relief,Skill Development,www.globalimpactfoundation928.global,contact@globalimpactfoundation928.global,Low,Outreach
929,Global Impact Foundation 929,UK,Education,Urban Support,www.globalimpactfoundation929.foundation,contact@globalimpactfoundation929.org,High,Pilot Testing
930,Global Impact Foundation 930,Kenya,Poverty Relief,Community Health,www.globalimpactfoundation930.foundation,contact@globalimpactfoundation930.org,Low,Funding
931,Global Impact Foundation 931,Australia,Education,Urban Support,www.globalimpactfoundation931.ngo,contact@globalimpactfoundation931.foundation,Low,Funding
932,Global Impact Foundation 932,UK,Child Welfare,Community Health,www.globalimpactfoundation932.foundation,contact@globalimpactfoundation932.foundation,Medium,Pilot Testing
933,Global Impact Foundation 933,USA,Health,Rural Development,www.globalimpactfoundation933.foundation,contact@globalimpactfoundation933.foundation,Medium,Outreach
934,Global Impact Foundation 934,Germany,Health,Skill Development,www.globalimpactfoundation934.org,contact@globalimpactfoundation934.org,Low,Funding
935,Global Impact Foundation 935,Brazil,Education,Urban Support,www.globalimpactfoundation935.ngo,contact@globalimpactfoundation935.org,Low,Pilot Testing
936,Global Impact Foundation 936,Germany,Health,Policy Advocacy,www.globalimpactfoundation936.org,contact@globalimpactfoundation936.global,Low,Funding
937,Global Impact Foundation 937,USA,Women Empowerment,Disaster Relief,www.globalimpactfoundation937.ngo,contact@globalimpactfoundation937.ngo,Low,Pilot Testing
938,Global Impact Foundation 938,India,Environment,Disaster Relief,www.globalimpactfoundation938.ngo,contact@globalimpactfoundation938.foundation,Low,Outreach
939,Global Impact Foundation 939,UK,Child Welfare,Skill Development,www.globalimpactfoundation939.org,contact@globalimpactfoundation939.global,Low,Funding
940,Global Impact Foundation 940,Kenya,Health,Policy Advocacy,www.globalimpactfoundation940.foundation,contact@globalimpactfoundation940.foundation,Low,Pilot Testing
941,Global Impact Foundation 941,India,Child Welfare,Policy Advocacy,www.globalimpactfoundation941.ngo,contact@globalimpactfoundation941.ngo,High,Pilot Testing
942,Global Impact Foundation 942,India,Human Rights,Policy Advocacy,www.globalimpactfoundation942.org,contact@globalimpactfoundation942.global,High,Partnership
943,Global Impact Foundation 943,UAE,Environment,Disaster Relief,www.globalimpactfoundation943.global,contact@globalimpactfoundation943.ngo,Low,Funding
944,Global Impact Foundation 944,Brazil,Human Rights,Rural Development,www.globalimpactfoundation944.org,contact@globalimpactfoundation944.org,High,Funding
945,Global Impact Foundation 945,USA,Human Rights,Skill Development,www.globalimpactfoundation945.foundation,contact@globalimpactfoundation945.global,Medium,Pilot Testing
946,Global Impact Foundation 946,India,Education,Rural Development,www.globalimpactfoundation946.org,contact@globalimpactfoundation946.foundation,High,Funding
947,Global Impact Foundation 947,UAE,Women Empowerment,Community Health,www.globalimpactfoundation947.foundation,contact@globalimpactfoundation947.global,Medium,Partnership
948,Global Impact Foundation 948,India,Poverty Relief,Community Health,www.globalimpactfoundation948.global,contact@globalimpactfoundation948.foundation,High,Pilot Testing
949,Global Impact Foundation 949,USA,Environment,Rural Development,www.globalimpactfoundation949.foundation,contact@globalimpactfoundation949.global,Medium,Outreach
950,Global Impact Foundation 950,Brazil,Health,Community Health,www.globalimpactfoundation950.org,contact@globalimpactfoundation950.org,Low,Outreach
951,Global Impact Foundation 951,India,Environment,Community Health,www.globalimpactfoundation951.org,contact@globalimpactfoundation951.foundation,High,Partnership
952,Global Impact Foundation 952,Brazil,Child Welfare,Rural Development,www.globalimpactfoundation952.org,contact@globalimpactfoundation952.ngo,High,Pilot Testing
953,Global Impact Foundation 953,Brazil,Environment,Rural Development,www.globalimpactfoundation953.foundation,contact@globalimpactfoundation953.foundation,Low,Partnership
954,Global Impact Foundation 954,UAE,Health,Disaster Relief,www.globalimpactfoundation954.ngo,contact@globalimpactfoundation954.global,Low,Outreach
955,Global Impact Foundation 955,UK,Women Empowerment,Rural Development,www.globalimpactfoundation955.ngo,contact@globalimpactfoundation955.foundation,Medium,Pilot Testing
956,Global Impact Foundation 956,Canada,Child Welfare,Rural Development,www.globalimpactfoundation956.global,contact@globalimpactfoundation956.foundation,Low,Outreach
957,Global Impact Foundation 957,UK,Child Welfare,Community Health,www.globalimpactfoundation957.org,contact@globalimpactfoundation957.global,Low,Funding
958,Global Impact Foundation 958,UK,Child Welfare,Community Health,www.globalimpactfoundation958.ngo,contact@globalimpactfoundation958.ngo,High,Outreach
959,Global Impact Foundation 959,USA,Poverty Relief,Community Health,www.globalimpactfoundation959.org,contact@globalimpactfoundation959.foundation,Low,Outreach
960,Global Impact Foundation 960,India,Poverty Relief,Disaster Relief,www.globalimpactfoundation960.global,contact@globalimpactfoundation960.ngo,Low,Partnership
961,Global Impact Foundation 961,UAE,Human Rights,Community Health,www.globalimpactfoundation961.global,contact@globalimpactfoundation961.foundation,Medium,Pilot Testing
962,Global Impact Foundation 962,Kenya,Poverty Relief,Rural Development,www.globalimpactfoundation962.global,contact@globalimpactfoundation962.foundation,High,Funding
963,Global Impact Foundation 963,Canada,Poverty Relief,Urban Support,www.globalimpactfoundation963.global,contact@globalimpactfoundation963.ngo,Low,Funding
964,Global Impact Foundation 964,Germany,Environment,Skill Development,www.globalimpactfoundation964.foundation,contact@globalimpactfoundation964.global,Medium,Pilot Testing
965,Global Impact Foundation 965,Brazil,Education,Rural Development,www.globalimpactfoundation965.foundation,contact@globalimpactfoundation965.foundation,Medium,Pilot Testing
966,Global Impact Foundation 966,UK,Women Empowerment,Policy Advocacy,www.globalimpactfoundation966.foundation,contact@globalimpactfoundation966.ngo,Medium,Funding
967,Global Impact Foundation 967,India,Human Rights,Disaster Relief,www.globalimpactfoundation967.foundation,contact@globalimpactfoundation967.ngo,High,Pilot Testing
968,Global Impact Foundation 968,UAE,Education,Disaster Relief,www.globalimpactfoundation968.foundation,contact@globalimpactfoundation968.ngo,Low,Pilot Testing
969,Global Impact Foundation 969,USA,Human Rights,Policy Advocacy,www.globalimpactfoundation969.foundation,contact@globalimpactfoundation969.foundation,High,Partnership
970,Global Impact Foundation 970,Kenya,Human Rights,Community Health,www.globalimpactfoundation970.foundation,contact@globalimpactfoundation970.ngo,Medium,Partnership
971,Global Impact Foundation 971,Australia,Poverty Relief,Rural Development,www.globalimpactfoundation971.foundation,contact@globalimpactfoundation971.ngo,Medium,Pilot Testing
972,Global Impact Foundation 972,India,Environment,Community Health,www.globalimpactfoundation972.foundation,contact@globalimpactfoundation972.global,Low,Pilot Testing
973,Global Impact Foundation 973,Brazil,Human Rights,Policy Advocacy,www.globalimpactfoundation973.org,contact@globalimpactfoundation973.org,Low,Partnership
974,Global Impact Foundation 974,UK,Environment,Disaster Relief,www.globalimpactfoundation974.org,contact@globalimpactfoundation974.ngo,Low,Pilot Testing
975,Global Impact Foundation 975,USA,Health,Rural Development,www.globalimpactfoundation975.ngo,contact@globalimpactfoundation975.ngo,Low,Partnership
976,Global Impact Foundation 976,Canada,Women Empowerment,Disaster Relief,www.globalimpactfoundation976.global,contact@globalimpactfoundation976.foundation,Low,Funding
977,Global Impact Foundation 977,South Africa,Environment,Urban Support,www.globalimpactfoundation977.foundation,contact@globalimpactfoundation977.ngo,Medium,Funding
978,Global Impact Foundation 978,UAE,Child Welfare,Policy Advocacy,www.globalimpactfoundation978.global,contact@globalimpactfoundation978.foundation,Low,Funding
979,Global Impact Foundation 979,South Africa,Human Rights,Rural Development,www.globalimpactfoundation979.global,contact@globalimpactfoundation979.ngo,Low,Outreach
980,Global Impact Foundation 980,Kenya,Education,Disaster Relief,www.globalimpactfoundation980.global,contact@globalimpactfoundation980.foundation,Low,Funding
981,Global Impact Foundation 981,Brazil,Health,Community Health,www.globalimpactfoundation981.foundation,contact@globalimpactfoundation981.global,High,Outreach
982,Global Impact Foundation 982,Canada,Education,Rural Development,www.globalimpactfoundation982.global,contact@globalimpactfoundation982.global,Low,Partnership
983,Global Impact Foundation 983,Brazil,Poverty Relief,Urban Support,www.globalimpactfoundation983.ngo,contact@globalimpactfoundation983.global,Medium,Outreach
984,Global Impact Foundation 984,USA,Child Welfare,Community Health,www.globalimpactfoundation984.foundation,contact@globalimpactfoundation984.foundation,High,Pilot Testing
985,Global Impact Foundation 985,UAE,Health,Community Health,www.globalimpactfoundation985.org,contact@globalimpactfoundation985.org,Low,Funding
986,Global Impact Foundation 986,South Africa,Environment,Disaster Relief,www.globalimpactfoundation986.org,contact@globalimpactfoundation986.org,Medium,Pilot Testing
987,Global Impact Foundation 987,Germany,Women Empowerment,Community Health,www.globalimpactfoundation987.global,contact@globalimpactfoundation987.global,High,Outreach
988,Global Impact Foundation 988,UAE,Education,Policy Advocacy,www.globalimpactfoundation988.global,contact@globalimpactfoundation988.ngo,High,Pilot Testing
989,Global Impact Foundation 989,UAE,Poverty Relief,Disaster Relief,www.globalimpactfoundation989.foundation,contact@globalimpactfoundation989.global,High,Pilot Testing
990,Global Impact Foundation 990,UAE,Women Empowerment,Disaster Relief,www.globalimpactfoundation990.global,contact@globalimpactfoundation990.global,Low,Pilot Testing
991,Global Impact Foundation 991,Germany,Poverty Relief,Urban Support,www.globalimpactfoundation991.global,contact@globalimpactfoundation991.global,High,Partnership
992,Global Impact Foundation 992,UK,Human Rights,Disaster Relief,www.globalimpactfoundation992.foundation,contact@globalimpactfoundation992.org,Low,Pilot Testing
993,Global Impact Foundation 993,Brazil,Education,Policy Advocacy,www.globalimpactfoundation993.ngo,contact@globalimpactfoundation993.foundation,High,Pilot Testing
994,Global Impact Foundation 994,USA,Child Welfare,Community Health,www.globalimpactfoundation994.ngo,contact@globalimpactfoundation994.global,Medium,Partnership
995,Global Impact Foundation 995,Australia,Women Empowerment,Rural Development,www.globalimpactfoundation995.org,contact@globalimpactfoundation995.org,High,Partnership
996,Global Impact Foundation 996,UK,Health,Urban Support,www.globalimpactfoundation996.global,contact@globalimpactfoundation996.foundation,Low,Pilot Testing
997,Global Impact Foundation 997,Kenya,Health,Disaster Relief,www.globalimpactfoundation997.org,contact@globalimpactfoundation997.global,Medium,Funding
998,Global Impact Foundation 998,UK,Health,Rural Development,www.globalimpactfoundation998.foundation,contact@globalimpactfoundation998.ngo,Low,Partnership
999,Global Impact Foundation 999,India,Poverty Relief,Policy Advocacy,www.globalimpactfoundation999.foundation,contact@globalimpactfoundation999.global,High,Partnership
1000,Global Impact Foundation 1000,Kenya,Education,Disaster Relief,www.globalimpactfoundation1000.global,contact@globalimpactfoundation1000.ngo,Medium,Outreach
1001,Global Impact Foundation 1001,Australia,Women Empowerment,Skill Development,www.globalimpactfoundation1001.foundation,contact@globalimpactfoundation1001.org,High,Outreach
1002,Global Impact Foundation 1002,UAE,Health,Policy Advocacy,www.globalimpactfoundation1002.foundation,contact@globalimpactfoundation1002.global,Medium,Pilot Testing
1003,Global Impact Foundation 1003,South Africa,Human Rights,Disaster Relief,www.globalimpactfoundation1003.global,contact@globalimpactfoundation1003.org,Medium,Pilot Testing
1004,Global Impact Foundation 1004,South Africa,Environment,Urban Support,www.globalimpactfoundation1004.global,contact@globalimpactfoundation1004.org,Low,Funding
1005,Global Impact Foundation 1005,Australia,Health,Rural Development,www.globalimpactfoundation1005.ngo,contact@globalimpactfoundation1005.global,Medium,Funding
1006,Global Impact Foundation 1006,Australia,Health,Disaster Relief,www.globalimpactfoundation1006.global,contact@globalimpactfoundation1006.foundation,High,Pilot Testing
1007,Global Impact Foundation 1007,Kenya,Human Rights,Rural Development,www.globalimpactfoundation1007.foundation,contact@globalimpactfoundation1007.global,Low,Outreach
1008,Global Impact Foundation 1008,India,Education,Rural Development,www.globalimpactfoundation1008.ngo,contact@globalimpactfoundation1008.global,High,Funding
1009,Global Impact Foundation 1009,Australia,Environment,Policy Advocacy,www.globalimpactfoundation1009.foundation,contact@globalimpactfoundation1009.foundation,High,Outreach
1010,Global Impact Foundation 1010,Germany,Health,Skill Development,www.globalimpactfoundation1010.foundation,contact@globalimpactfoundation1010.foundation,Medium,Outreach
1011,Global Impact Foundation 1011,India,Poverty Relief,Skill Development,www.globalimpactfoundation1011.org,contact@globalimpactfoundation1011.foundation,Low,Pilot Testing
1012,Global Impact Foundation 1012,Kenya,Human Rights,Skill Development,www.globalimpactfoundation1012.global,contact@globalimpactfoundation1012.org,High,Outreach
1013,Global Impact Foundation 1013,Australia,Women Empowerment,Skill Development,www.globalimpactfoundation1013.global,contact@globalimpactfoundation1013.global,Low,Pilot Testing
1014,Global Impact Foundation 1014,Australia,Women Empowerment,Skill Development,www.globalimpactfoundation1014.global,contact@globalimpactfoundation1014.ngo,Medium,Outreach
1015,Global Impact Foundation 1015,Canada,Poverty Relief,Rural Development,www.globalimpactfoundation1015.global,contact@globalimpactfoundation1015.ngo,Low,Pilot Testing
1016,Global Impact Foundation 1016,India,Women Empowerment,Skill Development,www.globalimpactfoundation1016.global,contact@globalimpactfoundation1016.ngo,Low,Partnership
1017,Global Impact Foundation 1017,Germany,Environment,Policy Advocacy,www.globalimpactfoundation1017.org,contact@globalimpactfoundation1017.global,Low,Funding
1018,Global Impact Foundation 1018,UK,Poverty Relief,Rural Development,www.globalimpactfoundation1018.org,contact@globalimpactfoundation1018.ngo,Low,Outreach
1019,Global Impact Foundation 1019,South Africa,Health,Skill Development,www.globalimpactfoundation1019.ngo,contact@globalimpactfoundation1019.foundation,Low,Funding
1020,Global Impact Foundation 1020,Australia,Women Empowerment,Rural Development,www.globalimpactfoundation1020.global,contact@globalimpactfoundation1020.ngo,High,Outreach
1021,Global Impact Foundation 1021,Canada,Child Welfare,Urban Support,www.globalimpactfoundation1021.global,contact@globalimpactfoundation1021.org,Medium,Outreach
1022,Global Impact Foundation 1022,South Africa,Human Rights,Skill Development,www.globalimpactfoundation1022.global,contact@globalimpactfoundation1022.ngo,High,Partnership
1023,Global Impact Foundation 1023,Brazil,Child Welfare,Rural Development,www.globalimpactfoundation1023.foundation,contact@globalimpactfoundation1023.global,High,Partnership
1024,Global Impact Foundation 1024,Australia,Environment,Skill Development,www.globalimpactfoundation1024.org,contact@globalimpactfoundation1024.ngo,Low,Funding
1025,Global Impact Foundation 1025,India,Women Empowerment,Disaster Relief,www.globalimpactfoundation1025.global,contact@globalimpactfoundation1025.foundation,Medium,Partnership
1026,Global Impact Foundation 1026,Australia,Human Rights,Rural Development,www.globalimpactfoundation1026.org,contact@globalimpactfoundation1026.global,Medium,Funding
1027,Global Impact Foundation 1027,Kenya,Education,Policy Advocacy,www.globalimpactfoundation1027.foundation,contact@globalimpactfoundation1027.org,High,Outreach
1028,Global Impact Foundation 1028,Germany,Poverty Relief,Community Health,www.globalimpactfoundation1028.org,contact@globalimpactfoundation1028.ngo,Medium,Partnership
1029,Global Impact Foundation 1029,Kenya,Child Welfare,Skill Development,www.globalimpactfoundation1029.global,contact@globalimpactfoundation1029.foundation,Low,Partnership
1030,Global Impact Foundation 1030,Germany,Women Empowerment,Disaster Relief,www.globalimpactfoundation1030.ngo,contact@globalimpactfoundation1030.global,Low,Pilot Testing
1031,Global Impact Foundation 1031,Brazil,Poverty Relief,Rural Development,www.globalimpactfoundation1031.org,contact@globalimpactfoundation1031.org,High,Pilot Testing
1032,Global Impact Foundation 1032,Australia,Women Empowerment,Disaster Relief,www.globalimpactfoundation1032.global,contact@globalimpactfoundation1032.org,Medium,Partnership
1033,Global Impact Foundation 1033,Australia,Environment,Disaster Relief,www.globalimpactfoundation1033.global,contact@globalimpactfoundation1033.ngo,Low,Pilot Testing
1034,Global Impact Foundation 1034,Australia,Education,Policy Advocacy,www.globalimpactfoundation1034.global,contact@globalimpactfoundation1034.ngo,Medium,Pilot Testing
1035,Global Impact Foundation 1035,UK,Environment,Community Health,www.globalimpactfoundation1035.foundation,contact@globalimpactfoundation1035.org,Medium,Partnership
1036,Global Impact Foundation 1036,Brazil,Human Rights,Urban Support,www.globalimpactfoundation1036.ngo,contact@globalimpactfoundation1036.org,Low,Funding
1037,Global Impact Foundation 1037,India,Women Empowerment,Community Health,www.globalimpactfoundation1037.ngo,contact@globalimpactfoundation1037.ngo,Low,Pilot Testing
1038,Global Impact Foundation 1038,UAE,Environment,Skill Development,www.globalimpactfoundation1038.ngo,contact@globalimpactfoundation1038.ngo,Low,Pilot Testing
1039,Global Impact Foundation 1039,South Africa,Education,Community Health,www.globalimpactfoundation1039.global,contact@globalimpactfoundation1039.global,Low,Outreach
1040,Global Impact Foundation 1040,UK,Human Rights,Urban Support,www.globalimpactfoundation1040.ngo,contact@globalimpactfoundation1040.global,Low,Pilot Testing
1041,Global Impact Foundation 1041,South Africa,Environment,Community Health,www.globalimpactfoundation1041.foundation,contact@globalimpactfoundation1041.global,Medium,Partnership
1042,Global Impact Foundation 1042,UK,Education,Policy Advocacy,www.globalimpactfoundation1042.global,contact@globalimpactfoundation1042.foundation,Medium,Funding
1043,Global Impact Foundation 1043,UAE,Health,Policy Advocacy,www.globalimpactfoundation1043.ngo,contact@globalimpactfoundation1043.ngo,Medium,Pilot Testing
1044,Global Impact Foundation 1044,Kenya,Environment,Rural Development,www.globalimpactfoundation1044.ngo,contact@globalimpactfoundation1044.global,High,Pilot Testing
1045,Global Impact Foundation 1045,Canada,Poverty Relief,Disaster Relief,www.globalimpactfoundation1045.global,contact@globalimpactfoundation1045.global,High,Pilot Testing
1046,Global Impact Foundation 1046,India,Poverty Relief,Rural Development,www.globalimpactfoundation1046.ngo,contact@globalimpactfoundation1046.ngo,High,Pilot Testing
1047,Global Impact Foundation 1047,UK,Women Empowerment,Urban Support,www.globalimpactfoundation1047.ngo,contact@globalimpactfoundation1047.ngo,Low,Pilot Testing
1048,Global Impact Foundation 1048,Australia,Education,Community Health,www.globalimpactfoundation1048.foundation,contact@globalimpactfoundation1048.ngo,High,Outreach
1049,Global Impact Foundation 1049,Canada,Education,Skill Development,www.globalimpactfoundation1049.global,contact@globalimpactfoundation1049.foundation,High,Partnership
1050,Global Impact Foundation 1050,South Africa,Education,Urban Support,www.globalimpactfoundation1050.ngo,contact@globalimpactfoundation1050.ngo,Medium,Partnership
1051,Global Impact Foundation 1051,Australia,Poverty Relief,Urban Support,www.globalimpactfoundation1051.org,contact@globalimpactfoundation1051.org,Low,Partnership
1052,Global Impact Foundation 1052,Brazil,Poverty Relief,Community Health,www.globalimpactfoundation1052.ngo,contact@globalimpactfoundation1052.foundation,Medium,Partnership
1053,Global Impact Foundation 1053,Kenya,Poverty Relief,Policy Advocacy,www.globalimpactfoundation1053.foundation,contact@globalimpactfoundation1053.foundation,Medium,Pilot Testing
1054,Global Impact Foundation 1054,Australia,Child Welfare,Skill Development,www.globalimpactfoundation1054.ngo,contact@globalimpactfoundation1054.org,Medium,Partnership
1055,Global Impact Foundation 1055,USA,Child Welfare,Policy Advocacy,www.globalimpactfoundation1055.ngo,contact@globalimpactfoundation1055.ngo,Low,Pilot Testing
1056,Global Impact Foundation 1056,Germany,Child Welfare,Rural Development,www.globalimpactfoundation1056.org,contact@globalimpactfoundation1056.ngo,High,Partnership
1057,Global Impact Foundation 1057,Brazil,Women Empowerment,Urban Support,www.globalimpactfoundation1057.foundation,contact@globalimpactfoundation1057.foundation,High,Partnership
1058,Global Impact Foundation 1058,Canada,Environment,Urban Support,www.globalimpactfoundation1058.foundation,contact@globalimpactfoundation1058.org,Low,Pilot Testing
1059,Global Impact Foundation 1059,Brazil,Child Welfare,Policy Advocacy,www.globalimpactfoundation1059.foundation,contact@globalimpactfoundation1059.org,High,Partnership
1060,Global Impact Foundation 1060,Australia,Women Empowerment,Rural Development,www.globalimpactfoundation1060.global,contact@globalimpactfoundation1060.global,High,Outreach
1061,Global Impact Foundation 1061,UAE,Human Rights,Rural Development,www.globalimpactfoundation1061.global,contact@globalimpactfoundation1061.foundation,Medium,Pilot Testing
1062,Global Impact Foundation 1062,Brazil,Women Empowerment,Skill Development,www.globalimpactfoundation1062.ngo,contact@globalimpactfoundation1062.ngo,High,Funding
1063,Global Impact Foundation 1063,Kenya,Poverty Relief,Policy Advocacy,www.globalimpactfoundation1063.org,contact@globalimpactfoundation1063.global,High,Outreach
1064,Global Impact Foundation 1064,Kenya,Women Empowerment,Policy Advocacy,www.globalimpactfoundation1064.ngo,contact@globalimpactfoundation1064.foundation,High,Funding
1065,Global Impact Foundation 1065,Germany,Health,Urban Support,www.globalimpactfoundation1065.org,contact@globalimpactfoundation1065.foundation,Medium,Partnership
1066,Global Impact Foundation 1066,Kenya,Health,Community Health,www.globalimpactfoundation1066.foundation,contact@globalimpactfoundation1066.org,High,Outreach
1067,Global Impact Foundation 1067,South Africa,Child Welfare,Community Health,www.globalimpactfoundation1067.org,contact@globalimpactfoundation1067.global,High,Partnership
1068,Global Impact Foundation 1068,South Africa,Poverty Relief,Community Health,www.globalimpactfoundation1068.global,contact@globalimpactfoundation1068.global,Medium,Pilot Testing
1069,Global Impact Foundation 1069,USA,Education,Policy Advocacy,www.globalimpactfoundation1069.ngo,contact@globalimpactfoundation1069.ngo,High,Partnership
1070,Global Impact Foundation 1070,Germany,Poverty Relief,Community Health,www.globalimpactfoundation1070.global,contact@globalimpactfoundation1070.foundation,High,Pilot Testing
1071,Global Impact Foundation 1071,Canada,Women Empowerment,Disaster Relief,www.globalimpactfoundation1071.global,contact@globalimpactfoundation1071.ngo,High,Pilot Testing
1072,Global Impact Foundation 1072,South Africa,Poverty Relief,Disaster Relief,www.globalimpactfoundation1072.ngo,contact@globalimpactfoundation1072.foundation,Medium,Funding
1073,Global Impact Foundation 1073,Kenya,Education,Urban Support,www.globalimpactfoundation1073.global,contact@globalimpactfoundation1073.org,Low,Funding
1074,Global Impact Foundation 1074,Brazil,Poverty Relief,Disaster Relief,www.globalimpactfoundation1074.global,contact@globalimpactfoundation1074.global,Low,Partnership
1075,Global Impact Foundation 1075,Brazil,Health,Skill Development,www.globalimpactfoundation1075.ngo,contact@globalimpactfoundation1075.ngo,High,Outreach
1076,Global Impact Foundation 1076,USA,Education,Community Health,www.globalimpactfoundation1076.foundation,contact@globalimpactfoundation1076.ngo,Low,Outreach
1077,Global Impact Foundation 1077,Kenya,Health,Community Health,www.globalimpactfoundation1077.global,contact@globalimpactfoundation1077.global,Low,Partnership
1078,Global Impact Foundation 1078,Kenya,Health,Policy Advocacy,www.globalimpactfoundation1078.global,contact@globalimpactfoundation1078.foundation,High,Partnership
1079,Global Impact Foundation 1079,India,Human Rights,Community Health,www.globalimpactfoundation1079.ngo,contact@globalimpactfoundation1079.global,Low,Partnership
1080,Global Impact Foundation 1080,UAE,Women Empowerment,Skill Development,www.globalimpactfoundation1080.org,contact@globalimpactfoundation1080.foundation,Low,Pilot Testing
1081,Global Impact Foundation 1081,USA,Education,Policy Advocacy,www.globalimpactfoundation1081.global,contact@globalimpactfoundation1081.foundation,High,Pilot Testing
1082,Global Impact Foundation 1082,Germany,Child Welfare,Community Health,www.globalimpactfoundation1082.global,contact@globalimpactfoundation1082.foundation,Low,Pilot Testing
1083,Global Impact Foundation 1083,UAE,Health,Urban Support,www.globalimpactfoundation1083.global,contact@globalimpactfoundation1083.ngo,Medium,Outreach
1084,Global Impact Foundation 1084,India,Health,Skill Development,www.globalimpactfoundation1084.global,contact@globalimpactfoundation1084.foundation,Low,Pilot Testing
1085,Global Impact Foundation 1085,UK,Child Welfare,Rural Development,www.globalimpactfoundation1085.ngo,contact@globalimpactfoundation1085.foundation,High,Funding
1086,Global Impact Foundation 1086,India,Health,Urban Support,www.globalimpactfoundation1086.foundation,contact@globalimpactfoundation1086.foundation,High,Funding
1087,Global Impact Foundation 1087,Australia,Environment,Disaster Relief,www.globalimpactfoundation1087.ngo,contact@globalimpactfoundation1087.foundation,Medium,Funding
1088,Global Impact Foundation 1088,Kenya,Child Welfare,Skill Development,www.globalimpactfoundation1088.global,contact@globalimpactfoundation1088.ngo,Low,Outreach
1089,Global Impact Foundation 1089,UK,Women Empowerment,Skill Development,www.globalimpactfoundation1089.global,contact@globalimpactfoundation1089.foundation,Low,Funding
1090,Global Impact Foundation 1090,Germany,Health,Disaster Relief,www.globalimpactfoundation1090.global,contact@globalimpactfoundation1090.foundation,High,Pilot Testing
1091,Global Impact Foundation 1091,USA,Human Rights,Community Health,www.globalimpactfoundation1091.ngo,contact@globalimpactfoundation1091.global,High,Outreach
1092,Global Impact Foundation 1092,South Africa,Health,Skill Development,www.globalimpactfoundation1092.ngo,contact@globalimpactfoundation1092.global,High,Outreach
1093,Global Impact Foundation 1093,Canada,Education,Urban Support,www.globalimpactfoundation1093.org,contact@globalimpactfoundation1093.global,Low,Pilot Testing
1094,Global Impact Foundation 1094,Kenya,Environment,Urban Support,www.globalimpactfoundation1094.foundation,contact@globalimpactfoundation1094.foundation,Medium,Pilot Testing
1095,Global Impact Foundation 1095,Brazil,Poverty Relief,Urban Support,www.globalimpactfoundation1095.org,contact@globalimpactfoundation1095.org,Medium,Pilot Testing
1096,Global Impact Foundation 1096,South Africa,Environment,Urban Support,www.globalimpactfoundation1096.org,contact@globalimpactfoundation1096.ngo,Medium,Funding
1097,Global Impact Foundation 1097,India,Human Rights,Rural Development,www.globalimpactfoundation1097.foundation,contact@globalimpactfoundation1097.foundation,Low,Funding
1098,Global Impact Foundation 1098,UK,Education,Policy Advocacy,www.globalimpactfoundation1098.global,contact@globalimpactfoundation1098.global,Low,Pilot Testing
1099,Global Impact Foundation 1099,Brazil,Health,Rural Development,www.globalimpactfoundation1099.foundation,contact@globalimpactfoundation1099.org,High,Pilot Testing
1100,Global Impact Foundation 1100,UAE,Human Rights,Policy Advocacy,www.globalimpactfoundation1100.ngo,contact@globalimpactfoundation1100.foundation,High,Pilot Testing
1101,Global Impact Foundation 1101,Kenya,Environment,Disaster Relief,www.globalimpactfoundation1101.ngo,contact@globalimpactfoundation1101.org,Medium,Pilot Testing
1102,Global Impact Foundation 1102,Canada,Poverty Relief,Skill Development,www.globalimpactfoundation1102.ngo,contact@globalimpactfoundation1102.org,High,Outreach
1103,Global Impact Foundation 1103,Kenya,Child Welfare,Rural Development,www.globalimpactfoundation1103.global,contact@globalimpactfoundation1103.global,Medium,Outreach
1104,Global Impact Foundation 1104,India,Women Empowerment,Urban Support,www.globalimpactfoundation1104.foundation,contact@globalimpactfoundation1104.foundation,High,Partnership
1105,Global Impact Foundation 1105,USA,Child Welfare,Community Health,www.globalimpactfoundation1105.global,contact@globalimpactfoundation1105.foundation,Medium,Funding
1106,Global Impact Foundation 1106,South Africa,Child Welfare,Community Health,www.globalimpactfoundation1106.ngo,contact@globalimpactfoundation1106.org,Medium,Outreach
1107,Global Impact Foundation 1107,Canada,Child Welfare,Community Health,www.globalimpactfoundation1107.ngo,contact@globalimpactfoundation1107.org,Low,Partnership
1108,Global Impact Foundation 1108,UK,Women Empowerment,Policy Advocacy,www.globalimpactfoundation1108.foundation,contact@globalimpactfoundation1108.foundation,Medium,Partnership
1109,Global Impact Foundation 1109,India,Child Welfare,Skill Development,www.globalimpactfoundation1109.org,contact@globalimpactfoundation1109.org,High,Pilot Testing
1110,Global Impact Foundation 1110,UAE,Human Rights,Disaster Relief,www.globalimpactfoundation1110.org,contact@globalimpactfoundation1110.ngo,High,Pilot Testing
1111,Global Impact Foundation 1111,Kenya,Environment,Rural Development,www.globalimpactfoundation1111.ngo,contact@globalimpactfoundation1111.org,High,Funding
1112,Global Impact Foundation 1112,USA,Health,Policy Advocacy,www.globalimpactfoundation1112.foundation,contact@globalimpactfoundation1112.ngo,Medium,Funding
1113,Global Impact Foundation 1113,Germany,Environment,Policy Advocacy,www.globalimpactfoundation1113.foundation,contact@globalimpactfoundation1113.foundation,High,Outreach
1114,Global Impact Foundation 1114,South Africa,Poverty Relief,Rural Development,www.globalimpactfoundation1114.org,contact@globalimpactfoundation1114.ngo,High,Pilot Testing
1115,Global Impact Foundation 1115,India,Education,Skill Development,www.globalimpactfoundation1115.org,contact@globalimpactfoundation1115.org,Low,Pilot Testing
1116,Global Impact Foundation 1116,India,Women Empowerment,Rural Development,www.globalimpactfoundation1116.global,contact@globalimpactfoundation1116.org,Medium,Outreach
1117,Global Impact Foundation 1117,Brazil,Child Welfare,Skill Development,www.globalimpactfoundation1117.global,contact@globalimpactfoundation1117.foundation,Low,Funding
1118,Global Impact Foundation 1118,Brazil,Women Empowerment,Rural Development,www.globalimpactfoundation1118.global,contact@globalimpactfoundation1118.global,High,Pilot Testing
1119,Global Impact Foundation 1119,Kenya,Child Welfare,Skill Development,www.globalimpactfoundation1119.org,contact@globalimpactfoundation1119.foundation,Medium,Pilot Testing
1120,Global Impact Foundation 1120,Australia,Health,Policy Advocacy,www.globalimpactfoundation1120.global,contact@globalimpactfoundation1120.org,Low,Outreach
1121,Global Impact Foundation 1121,Canada,Women Empowerment,Disaster Relief,www.globalimpactfoundation1121.foundation,contact@globalimpactfoundation1121.global,Low,Outreach
1122,Global Impact Foundation 1122,Germany,Human Rights,Skill Development,www.globalimpactfoundation1122.foundation,contact@globalimpactfoundation1122.global,High,Outreach
1123,Global Impact Foundation 1123,Australia,Education,Skill Development,www.globalimpactfoundation1123.org,contact@globalimpactfoundation1123.global,High,Funding
1124,Global Impact Foundation 1124,UAE,Child Welfare,Skill Development,www.globalimpactfoundation1124.ngo,contact@globalimpactfoundation1124.ngo,Low,Pilot Testing
1125,Global Impact Foundation 1125,Kenya,Women Empowerment,Policy Advocacy,www.globalimpactfoundation1125.foundation,contact@globalimpactfoundation1125.org,Medium,Pilot Testing
1126,Global Impact Foundation 1126,India,Human Rights,Community Health,www.globalimpactfoundation1126.ngo,contact@globalimpactfoundation1126.global,Medium,Pilot Testing
1127,Global Impact Foundation 1127,UK,Child Welfare,Disaster Relief,www.globalimpactfoundation1127.ngo,contact@globalimpactfoundation1127.foundation,Medium,Outreach
1128,Global Impact Foundation 1128,Germany,Women Empowerment,Community Health,www.globalimpactfoundation1128.foundation,contact@globalimpactfoundation1128.global,High,Funding
1129,Global Impact Foundation 1129,Canada,Education,Skill Development,www.globalimpactfoundation1129.ngo,contact@globalimpactfoundation1129.foundation,Low,Outreach
1130,Global Impact Foundation 1130,South Africa,Health,Rural Development,www.globalimpactfoundation1130.ngo,contact@globalimpactfoundation1130.org,Medium,Funding
1131,Global Impact Foundation 1131,India,Women Empowerment,Rural Development,www.globalimpactfoundation1131.foundation,contact@globalimpactfoundation1131.foundation,High,Funding
1132,Global Impact Foundation 1132,UK,Education,Policy Advocacy,www.globalimpactfoundation1132.foundation,contact@globalimpactfoundation1132.ngo,Medium,Outreach
1133,Global Impact Foundation 1133,Brazil,Poverty Relief,Community Health,www.globalimpactfoundation1133.global,contact@globalimpactfoundation1133.foundation,High,Funding
1134,Global Impact Foundation 1134,UK,Health,Skill Development,www.globalimpactfoundation1134.global,contact@globalimpactfoundation1134.ngo,Medium,Partnership
1135,Global Impact Foundation 1135,USA,Environment,Rural Development,www.globalimpactfoundation1135.ngo,contact@globalimpactfoundation1135.global,High,Funding
1136,Global Impact Foundation 1136,Kenya,Child Welfare,Disaster Relief,www.globalimpactfoundation1136.foundation,contact@globalimpactfoundation1136.org,Medium,Pilot Testing
1137,Global Impact Foundation 1137,USA,Human Rights,Community Health,www.globalimpactfoundation1137.foundation,contact@globalimpactfoundation1137.global,High,Funding
1138,Global Impact Foundation 1138,Canada,Human Rights,Policy Advocacy,www.globalimpactfoundation1138.global,contact@globalimpactfoundation1138.ngo,Low,Funding
1139,Global Impact Foundation 1139,Brazil,Child Welfare,Policy Advocacy,www.globalimpactfoundation1139.global,contact@globalimpactfoundation1139.ngo,Medium,Funding
1140,Global Impact Foundation 1140,South Africa,Poverty Relief,Urban Support,www.globalimpactfoundation1140.ngo,contact@globalimpactfoundation1140.foundation,Medium,Funding
1141,Global Impact Foundation 1141,South Africa,Human Rights,Disaster Relief,www.globalimpactfoundation1141.ngo,contact@globalimpactfoundation1141.ngo,Medium,Pilot Testing
1142,Global Impact Foundation 1142,India,Human Rights,Rural Development,www.globalimpactfoundation1142.ngo,contact@globalimpactfoundation1142.ngo,Medium,Pilot Testing
1143,Global Impact Foundation 1143,Australia,Environment,Community Health,www.globalimpactfoundation1143.global,contact@globalimpactfoundation1143.global,Low,Outreach
1144,Global Impact Foundation 1144,Australia,Environment,Rural Development,www.globalimpactfoundation1144.foundation,contact@globalimpactfoundation1144.foundation,Low,Outreach
1145,Global Impact Foundation 1145,Canada,Education,Rural Development,www.globalimpactfoundation1145.global,contact@globalimpactfoundation1145.ngo,Low,Partnership
1146,Global Impact Foundation 1146,Australia,Human Rights,Skill Development,www.globalimpactfoundation1146.org,contact@globalimpactfoundation1146.foundation,Medium,Partnership
1147,Global Impact Foundation 1147,Brazil,Child Welfare,Disaster Relief,www.globalimpactfoundation1147.ngo,contact@globalimpactfoundation1147.org,High,Partnership
1148,Global Impact Foundation 1148,UK,Environment,Policy Advocacy,www.globalimpactfoundation1148.foundation,contact@globalimpactfoundation1148.org,High,Pilot Testing
1149,Global Impact Foundation 1149,USA,Education,Community Health,www.globalimpactfoundation1149.global,contact@globalimpactfoundation1149.global,Low,Funding
1150,Global Impact Foundation 1150,UK,Health,Urban Support,www.globalimpactfoundation1150.foundation,contact@globalimpactfoundation1150.org,High,Outreach
1151,Global Impact Foundation 1151,UK,Education,Rural Development,www.globalimpactfoundation1151.global,contact@globalimpactfoundation1151.org,High,Pilot Testing
1152,Global Impact Foundation 1152,Canada,Poverty Relief,Rural Development,www.globalimpactfoundation1152.global,contact@globalimpactfoundation1152.global,Low,Outreach
1153,Global Impact Foundation 1153,South Africa,Child Welfare,Skill Development,www.globalimpactfoundation1153.ngo,contact@globalimpactfoundation1153.ngo,Medium,Pilot Testing
1154,Global Impact Foundation 1154,Brazil,Child Welfare,Community Health,www.globalimpactfoundation1154.global,contact@globalimpactfoundation1154.org,Medium,Outreach
1155,Global Impact Foundation 1155,Australia,Human Rights,Rural Development,www.globalimpactfoundation1155.global,contact@globalimpactfoundation1155.org,Low,Partnership
1156,Global Impact Foundation 1156,UAE,Women Empowerment,Rural Development,www.globalimpactfoundation1156.global,contact@globalimpactfoundation1156.global,Low,Funding
1157,Global Impact Foundation 1157,UAE,Environment,Community Health,www.globalimpactfoundation1157.org,contact@globalimpactfoundation1157.ngo,Medium,Outreach
1158,Global Impact Foundation 1158,Canada,Child Welfare,Rural Development,www.globalimpactfoundation1158.org,contact@globalimpactfoundation1158.global,Low,Outreach
1159,Global Impact Foundation 1159,USA,Child Welfare,Policy Advocacy,www.globalimpactfoundation1159.foundation,contact@globalimpactfoundation1159.global,Low,Funding
1160,Global Impact Foundation 1160,Kenya,Health,Urban Support,www.globalimpactfoundation1160.ngo,contact@globalimpactfoundation1160.ngo,Low,Pilot Testing
1161,Global Impact Foundation 1161,UAE,Poverty Relief,Rural Development,www.globalimpactfoundation1161.org,contact@globalimpactfoundation1161.org,High,Partnership
1162,Global Impact Foundation 1162,Kenya,Environment,Community Health,www.globalimpactfoundation1162.org,contact@globalimpactfoundation1162.global,Medium,Partnership
1163,Global Impact Foundation 1163,Germany,Health,Skill Development,www.globalimpactfoundation1163.org,contact@globalimpactfoundation1163.global,High,Outreach
1164,Global Impact Foundation 1164,Australia,Poverty Relief,Skill Development,www.globalimpactfoundation1164.org,contact@globalimpactfoundation1164.global,High,Funding
1165,Global Impact Foundation 1165,UK,Child Welfare,Urban Support,www.globalimpactfoundation1165.global,contact@globalimpactfoundation1165.ngo,High,Outreach
1166,Global Impact Foundation 1166,Germany,Health,Policy Advocacy,www.globalimpactfoundation1166.global,contact@globalimpactfoundation1166.ngo,Medium,Outreach
1167,Global Impact Foundation 1167,Brazil,Child Welfare,Urban Support,www.globalimpactfoundation1167.foundation,contact@globalimpactfoundation1167.ngo,Medium,Funding
1168,Global Impact Foundation 1168,India,Human Rights,Disaster Relief,www.globalimpactfoundation1168.ngo,contact@globalimpactfoundation1168.global,Medium,Outreach
1169,Global Impact Foundation 1169,Germany,Child Welfare,Policy Advocacy,www.globalimpactfoundation1169.org,contact@globalimpactfoundation1169.org,Medium,Funding
1170,Global Impact Foundation 1170,South Africa,Education,Skill Development,www.globalimpactfoundation1170.ngo,contact@globalimpactfoundation1170.org,Medium,Partnership
1171,Global Impact Foundation 1171,UAE,Environment,Skill Development,www.globalimpactfoundation1171.global,contact@globalimpactfoundation1171.foundation,Medium,Pilot Testing
1172,Global Impact Foundation 1172,Brazil,Health,Policy Advocacy,www.globalimpactfoundation1172.global,contact@globalimpactfoundation1172.global,Low,Pilot Testing
1173,Global Impact Foundation 1173,Australia,Environment,Disaster Relief,www.globalimpactfoundation1173.global,contact@globalimpactfoundation1173.foundation,High,Outreach
1174,Global Impact Foundation 1174,UAE,Poverty Relief,Urban Support,www.globalimpactfoundation1174.global,contact@globalimpactfoundation1174.global,High,Partnership
1175,Global Impact Foundation 1175,Kenya,Health,Rural Development,www.globalimpactfoundation1175.ngo,contact@globalimpactfoundation1175.foundation,High,Partnership
1176,Global Impact Foundation 1176,Canada,Poverty Relief,Skill Development,www.globalimpactfoundation1176.global,contact@globalimpactfoundation1176.global,High,Funding
1177,Global Impact Foundation 1177,UAE,Child Welfare,Rural Development,www.globalimpactfoundation1177.ngo,contact@globalimpactfoundation1177.foundation,High,Funding
1178,Global Impact Foundation 1178,UK,Poverty Relief,Skill Development,www.globalimpactfoundation1178.foundation,contact@globalimpactfoundation1178.org,Low,Outreach
1179,Global Impact Foundation 1179,Brazil,Poverty Relief,Urban Support,www.globalimpactfoundation1179.ngo,contact@globalimpactfoundation1179.foundation,High,Partnership
1180,Global Impact Foundation 1180,UAE,Education,Disaster Relief,www.globalimpactfoundation1180.global,contact@globalimpactfoundation1180.org,High,Pilot Testing
1181,Global Impact Foundation 1181,Brazil,Human Rights,Urban Support,www.globalimpactfoundation1181.global,contact@globalimpactfoundation1181.foundation,Medium,Funding
1182,Global Impact Foundation 1182,Brazil,Poverty Relief,Urban Support,www.globalimpactfoundation1182.global,contact@globalimpactfoundation1182.ngo,Medium,Pilot Testing
1183,Global Impact Foundation 1183,UK,Environment,Urban Support,www.globalimpactfoundation1183.ngo,contact@globalimpactfoundation1183.foundation,Medium,Outreach
1184,Global Impact Foundation 1184,UK,Poverty Relief,Rural Development,www.globalimpactfoundation1184.foundation,contact@globalimpactfoundation1184.global,High,Pilot Testing
1185,Global Impact Foundation 1185,Brazil,Child Welfare,Urban Support,www.globalimpactfoundation1185.org,contact@globalimpactfoundation1185.ngo,High,Funding
1186,Global Impact Foundation 1186,South Africa,Health,Skill Development,www.globalimpactfoundation1186.global,contact@globalimpactfoundation1186.ngo,High,Funding
1187,Global Impact Foundation 1187,UK,Environment,Policy Advocacy,www.globalimpactfoundation1187.ngo,contact@globalimpactfoundation1187.org,Medium,Outreach
1188,Global Impact Foundation 1188,UAE,Women Empowerment,Skill Development,www.globalimpactfoundation1188.ngo,contact@globalimpactfoundation1188.org,High,Outreach
1189,Global Impact Foundation 1189,South Africa,Women Empowerment,Skill Development,www.globalimpactfoundation1189.org,contact@globalimpactfoundation1189.org,Medium,Outreach
1190,Global Impact Foundation 1190,India,Child Welfare,Urban Support,www.globalimpactfoundation1190.global,contact@globalimpactfoundation1190.global,Low,Partnership
1191,Global Impact Foundation 1191,UAE,Human Rights,Skill Development,www.globalimpactfoundation1191.ngo,contact@globalimpactfoundation1191.foundation,Low,Pilot Testing
1192,Global Impact Foundation 1192,India,Women Empowerment,Rural Development,www.globalimpactfoundation1192.foundation,contact@globalimpactfoundation1192.ngo,Low,Partnership
1193,Global Impact Foundation 1193,India,Child Welfare,Policy Advocacy,www.globalimpactfoundation1193.foundation,contact@globalimpactfoundation1193.ngo,High,Outreach
1194,Global Impact Foundation 1194,UK,Health,Urban Support,www.globalimpactfoundation1194.org,contact@globalimpactfoundation1194.foundation,High,Pilot Testing
1195,Global Impact Foundation 1195,Kenya,Education,Skill Development,www.globalimpactfoundation1195.foundation,contact@globalimpactfoundation1195.foundation,Medium,Pilot Testing
1196,Global Impact Foundation 1196,India,Education,Skill Development,www.globalimpactfoundation1196.global,contact@globalimpactfoundation1196.foundation,Medium,Partnership
1197,Global Impact Foundation 1197,Brazil,Poverty Relief,Policy Advocacy,www.globalimpactfoundation1197.ngo,contact@globalimpactfoundation1197.foundation,Medium,Partnership
1198,Global Impact Foundation 1198,Australia,Human Rights,Skill Development,www.globalimpactfoundation1198.foundation,contact@globalimpactfoundation1198.global,Medium,Outreach
1199,Global Impact Foundation 1199,South Africa,Human Rights,Skill Development,www.globalimpactfoundation1199.org,contact@globalimpactfoundation1199.ngo,Medium,Pilot Testing
1200,Global Impact Foundation 1200,Germany,Human Rights,Skill Development,www.globalimpactfoundation1200.org,contact@globalimpactfoundation1200.ngo,High,Funding
1201,Global Impact Foundation 1201,Brazil,Health,Policy Advocacy,www.globalimpactfoundation1201.ngo,contact@globalimpactfoundation1201.global,High,Funding
1202,Global Impact Foundation 1202,South Africa,Child Welfare,Policy Advocacy,www.globalimpactfoundation1202.ngo,contact@globalimpactfoundation1202.org,Medium,Funding
1203,Global Impact Foundation 1203,UK,Education,Rural Development,www.globalimpactfoundation1203.foundation,contact@globalimpactfoundation1203.ngo,High,Pilot Testing
1204,Global Impact Foundation 1204,Kenya,Child Welfare,Skill Development,www.globalimpactfoundation1204.org,contact@globalimpactfoundation1204.foundation,High,Outreach
1205,Global Impact Foundation 1205,USA,Education,Community Health,www.globalimpactfoundation1205.global,contact@globalimpactfoundation1205.global,High,Funding
1206,Global Impact Foundation 1206,India,Health,Urban Support,www.globalimpactfoundation1206.ngo,contact@globalimpactfoundation1206.global,High,Funding
1207,Global Impact Foundation 1207,Canada,Education,Disaster Relief,www.globalimpactfoundation1207.org,contact@globalimpactfoundation1207.ngo,Medium,Outreach
1208,Global Impact Foundation 1208,India,Women Empowerment,Skill Development,www.globalimpactfoundation1208.foundation,contact@globalimpactfoundation1208.ngo,High,Partnership
1209,Global Impact Foundation 1209,Brazil,Women Empowerment,Disaster Relief,www.globalimpactfoundation1209.ngo,contact@globalimpactfoundation1209.ngo,Medium,Partnership
1210,Global Impact Foundation 1210,India,Poverty Relief,Skill Development,www.globalimpactfoundation1210.foundation,contact@globalimpactfoundation1210.global,High,Pilot Testing
1211,Global Impact Foundation 1211,India,Human Rights,Community Health,www.globalimpactfoundation1211.foundation,contact@globalimpactfoundation1211.foundation,Medium,Pilot Testing
1212,Global Impact Foundation 1212,Brazil,Education,Policy Advocacy,www.globalimpactfoundation1212.org,contact@globalimpactfoundation1212.global,High,Outreach
1213,Global Impact Foundation 1213,India,Education,Policy Advocacy,www.globalimpactfoundation1213.org,contact@globalimpactfoundation1213.foundation,High,Partnership
1214,Global Impact Foundation 1214,Australia,Education,Disaster Relief,www.globalimpactfoundation1214.foundation,contact@globalimpactfoundation1214.org,High,Funding
1215,Global Impact Foundation 1215,UK,Health,Rural Development,www.globalimpactfoundation1215.org,contact@globalimpactfoundation1215.ngo,Medium,Pilot Testing
1216,Global Impact Foundation 1216,South Africa,Education,Urban Support,www.globalimpactfoundation1216.foundation,contact@globalimpactfoundation1216.foundation,Medium,Outreach
1217,Global Impact Foundation 1217,Australia,Child Welfare,Policy Advocacy,www.globalimpactfoundation1217.foundation,contact@globalimpactfoundation1217.foundation,Medium,Pilot Testing
1218,Global Impact Foundation 1218,Germany,Child Welfare,Skill Development,www.globalimpactfoundation1218.global,contact@globalimpactfoundation1218.org,High,Funding
1219,Global Impact Foundation 1219,Germany,Child Welfare,Policy Advocacy,www.globalimpactfoundation1219.org,contact@globalimpactfoundation1219.foundation,High,Partnership
1220,Global Impact Foundation 1220,UK,Environment,Skill Development,www.globalimpactfoundation1220.ngo,contact@globalimpactfoundation1220.foundation,Medium,Pilot Testing
1221,Global Impact Foundation 1221,UAE,Environment,Disaster Relief,www.globalimpactfoundation1221.ngo,contact@globalimpactfoundation1221.ngo,High,Pilot Testing
1222,Global Impact Foundation 1222,India,Women Empowerment,Rural Development,www.globalimpactfoundation1222.foundation,contact@globalimpactfoundation1222.foundation,High,Partnership
1223,Global Impact Foundation 1223,Germany,Women Empowerment,Disaster Relief,www.globalimpactfoundation1223.global,contact@globalimpactfoundation1223.foundation,Low,Outreach
1224,Global Impact Foundation 1224,Australia,Poverty Relief,Community Health,www.globalimpactfoundation1224.org,contact@globalimpactfoundation1224.global,High,Partnership
1225,Global Impact Foundation 1225,Canada,Poverty Relief,Skill Development,www.globalimpactfoundation1225.global,contact@globalimpactfoundation1225.global,Medium,Funding
1226,Global Impact Foundation 1226,Brazil,Women Empowerment,Rural Development,www.globalimpactfoundation1226.global,contact@globalimpactfoundation1226.global,Medium,Funding
1227,Global Impact Foundation 1227,India,Women Empowerment,Skill Development,www.globalimpactfoundation1227.foundation,contact@globalimpactfoundation1227.global,High,Outreach
1228,Global Impact Foundation 1228,Germany,Child Welfare,Rural Development,www.globalimpactfoundation1228.global,contact@globalimpactfoundation1228.org,Medium,Outreach
1229,Global Impact Foundation 1229,USA,Education,Community Health,www.globalimpactfoundation1229.ngo,contact@globalimpactfoundation1229.foundation,Low,Funding
1230,Global Impact Foundation 1230,Canada,Health,Policy Advocacy,www.globalimpactfoundation1230.ngo,contact@globalimpactfoundation1230.global,High,Outreach
1231,Global Impact Foundation 1231,India,Poverty Relief,Rural Development,www.globalimpactfoundation1231.org,contact@globalimpactfoundation1231.global,Low,Pilot Testing
1232,Global Impact Foundation 1232,Germany,Human Rights,Disaster Relief,www.globalimpactfoundation1232.org,contact@globalimpactfoundation1232.org,Low,Funding
1233,Global Impact Foundation 1233,Australia,Environment,Policy Advocacy,www.globalimpactfoundation1233.ngo,contact@globalimpactfoundation1233.ngo,Low,Pilot Testing
1234,Global Impact Foundation 1234,India,Health,Skill Development,www.globalimpactfoundation1234.ngo,contact@globalimpactfoundation1234.foundation,High,Pilot Testing
1235,Global Impact Foundation 1235,USA,Health,Policy Advocacy,www.globalimpactfoundation1235.ngo,contact@globalimpactfoundation1235.org,Low,Pilot Testing
1236,Global Impact Foundation 1236,India,Environment,Rural Development,www.globalimpactfoundation1236.global,contact@globalimpactfoundation1236.ngo,Low,Funding
1237,Global Impact Foundation 1237,South Africa,Education,Community Health,www.globalimpactfoundation1237.ngo,contact@globalimpactfoundation1237.global,Low,Pilot Testing
1238,Global Impact Foundation 1238,South Africa,Women Empowerment,Urban Support,www.globalimpactfoundation1238.org,contact@globalimpactfoundation1238.foundation,High,Partnership
1239,Global Impact Foundation 1239,Brazil,Poverty Relief,Rural Development,www.globalimpactfoundation1239.ngo,contact@globalimpactfoundation1239.foundation,Low,Pilot Testing
1240,Global Impact Foundation 1240,UK,Education,Skill Development,www.globalimpactfoundation1240.org,contact@globalimpactfoundation1240.org,Low,Outreach
1241,Global Impact Foundation 1241,UAE,Education,Skill Development,www.globalimpactfoundation1241.org,contact@globalimpactfoundation1241.ngo,Low,Pilot Testing
1242,Global Impact Foundation 1242,Kenya,Health,Disaster Relief,www.globalimpactfoundation1242.global,contact@globalimpactfoundation1242.org,Low,Funding
1243,Global Impact Foundation 1243,Germany,Women Empowerment,Rural Development,www.globalimpactfoundation1243.ngo,contact@globalimpactfoundation1243.global,Low,Pilot Testing
1244,Global Impact Foundation 1244,South Africa,Child Welfare,Policy Advocacy,www.globalimpactfoundation1244.foundation,contact@globalimpactfoundation1244.global,High,Funding
1245,Global Impact Foundation 1245,UK,Poverty Relief,Policy Advocacy,www.globalimpactfoundation1245.ngo,contact@globalimpactfoundation1245.org,Low,Pilot Testing
1246,Global Impact Foundation 1246,Canada,Women Empowerment,Urban Support,www.globalimpactfoundation1246.global,contact@globalimpactfoundation1246.ngo,High,Funding
1247,Global Impact Foundation 1247,India,Health,Urban Support,www.globalimpactfoundation1247.foundation,contact@globalimpactfoundation1247.ngo,Low,Pilot Testing
1248,Global Impact Foundation 1248,UAE,Child Welfare,Policy Advocacy,www.globalimpactfoundation1248.ngo,contact@globalimpactfoundation1248.global,Low,Pilot Testing
1249,Global Impact Foundation 1249,USA,Poverty Relief,Rural Development,www.globalimpactfoundation1249.ngo,contact@globalimpactfoundation1249.foundation,Low,Outreach
1250,Global Impact Foundation 1250,India,Child Welfare,Disaster Relief,www.globalimpactfoundation1250.foundation,contact@globalimpactfoundation1250.org,Low,Partnership
1251,Global Impact Foundation 1251,Kenya,Environment,Rural Development,www.globalimpactfoundation1251.foundation,contact@globalimpactfoundation1251.foundation,High,Funding
1252,Global Impact Foundation 1252,South Africa,Health,Policy Advocacy,www.globalimpactfoundation1252.ngo,contact@globalimpactfoundation1252.foundation,High,Pilot Testing
1253,Global Impact Foundation 1253,UK,Human Rights,Skill Development,www.globalimpactfoundation1253.foundation,contact@globalimpactfoundation1253.ngo,Low,Funding
1254,Global Impact Foundation 1254,USA,Human Rights,Disaster Relief,www.globalimpactfoundation1254.foundation,contact@globalimpactfoundation1254.foundation,High,Pilot Testing
1255,Global Impact Foundation 1255,Australia,Poverty Relief,Community Health,www.globalimpactfoundation1255.foundation,contact@globalimpactfoundation1255.foundation,High,Outreach
1256,Global Impact Foundation 1256,Germany,Education,Rural Development,www.globalimpactfoundation1256.global,contact@globalimpactfoundation1256.ngo,High,Outreach
1257,Global Impact Foundation 1257,South Africa,Poverty Relief,Rural Development,www.globalimpactfoundation1257.ngo,contact@globalimpactfoundation1257.ngo,Medium,Outreach
1258,Global Impact Foundation 1258,Kenya,Human Rights,Policy Advocacy,www.globalimpactfoundation1258.foundation,contact@globalimpactfoundation1258.global,Medium,Funding
1259,Global Impact Foundation 1259,UK,Health,Disaster Relief,www.globalimpactfoundation1259.ngo,contact@globalimpactfoundation1259.global,High,Pilot Testing
1260,Global Impact Foundation 1260,India,Child Welfare,Urban Support,www.globalimpactfoundation1260.foundation,contact@globalimpactfoundation1260.foundation,Low,Outreach
1261,Global Impact Foundation 1261,India,Health,Policy Advocacy,www.globalimpactfoundation1261.global,contact@globalimpactfoundation1261.foundation,Medium,Funding
1262,Global Impact Foundation 1262,South Africa,Child Welfare,Rural Development,www.globalimpactfoundation1262.org,contact@globalimpactfoundation1262.foundation,Medium,Outreach
1263,Global Impact Foundation 1263,South Africa,Child Welfare,Disaster Relief,www.globalimpactfoundation1263.foundation,contact@globalimpactfoundation1263.org,High,Partnership
1264,Global Impact Foundation 1264,UAE,Women Empowerment,Urban Support,www.globalimpactfoundation1264.foundation,contact@globalimpactfoundation1264.ngo,Low,Outreach
1265,Global Impact Foundation 1265,South Africa,Environment,Skill Development,www.globalimpactfoundation1265.global,contact@globalimpactfoundation1265.global,Low,Outreach
1266,Global Impact Foundation 1266,UAE,Health,Urban Support,www.globalimpactfoundation1266.ngo,contact@globalimpactfoundation1266.foundation,Low,Funding
1267,Global Impact Foundation 1267,Australia,Child Welfare,Rural Development,www.globalimpactfoundation1267.global,contact@globalimpactfoundation1267.org,Medium,Partnership
1268,Global Impact Foundation 1268,USA,Education,Skill Development,www.globalimpactfoundation1268.global,contact@globalimpactfoundation1268.global,Medium,Partnership
1269,Global Impact Foundation 1269,Kenya,Poverty Relief,Skill Development,www.globalimpactfoundation1269.global,contact@globalimpactfoundation1269.org,High,Outreach
1270,Global Impact Foundation 1270,USA,Poverty Relief,Community Health,www.globalimpactfoundation1270.ngo,contact@globalimpactfoundation1270.foundation,Medium,Partnership
1271,Global Impact Foundation 1271,South Africa,Health,Policy Advocacy,www.globalimpactfoundation1271.org,contact@globalimpactfoundation1271.org,Medium,Funding
1272,Global Impact Foundation 1272,UK,Women Empowerment,Policy Advocacy,www.globalimpactfoundation1272.ngo,contact@globalimpactfoundation1272.global,Low,Outreach
1273,Global Impact Foundation 1273,UK,Environment,Urban Support,www.globalimpactfoundation1273.foundation,contact@globalimpactfoundation1273.org,Medium,Funding
1274,Global Impact Foundation 1274,Kenya,Poverty Relief,Policy Advocacy,www.globalimpactfoundation1274.org,contact@globalimpactfoundation1274.ngo,Medium,Outreach
1275,Global Impact Foundation 1275,Germany,Education,Community Health,www.globalimpactfoundation1275.org,contact@globalimpactfoundation1275.org,High,Partnership
1276,Global Impact Foundation 1276,India,Poverty Relief,Urban Support,www.globalimpactfoundation1276.global,contact@globalimpactfoundation1276.org,Low,Pilot Testing
1277,Global Impact Foundation 1277,Germany,Human Rights,Urban Support,www.globalimpactfoundation1277.org,contact@globalimpactfoundation1277.foundation,High,Pilot Testing
1278,Global Impact Foundation 1278,Kenya,Human Rights,Disaster Relief,www.globalimpactfoundation1278.org,contact@globalimpactfoundation1278.global,High,Funding
1279,Global Impact Foundation 1279,Germany,Environment,Skill Development,www.globalimpactfoundation1279.ngo,contact@globalimpactfoundation1279.ngo,High,Outreach
1280,Global Impact Foundation 1280,Australia,Health,Urban Support,www.globalimpactfoundation1280.global,contact@globalimpactfoundation1280.foundation,Low,Funding
1281,Global Impact Foundation 1281,India,Human Rights,Urban Support,www.globalimpactfoundation1281.global,contact@globalimpactfoundation1281.org,High,Partnership
1282,Global Impact Foundation 1282,Australia,Health,Disaster Relief,www.globalimpactfoundation1282.global,contact@globalimpactfoundation1282.global,High,Funding
1283,Global Impact Foundation 1283,Germany,Health,Urban Support,www.globalimpactfoundation1283.foundation,contact@globalimpactfoundation1283.foundation,Low,Partnership
1284,Global Impact Foundation 1284,India,Environment,Urban Support,www.globalimpactfoundation1284.org,contact@globalimpactfoundation1284.org,High,Pilot Testing
1285,Global Impact Foundation 1285,Kenya,Environment,Community Health,www.globalimpactfoundation1285.ngo,contact@globalimpactfoundation1285.global,High,Funding
1286,Global Impact Foundation 1286,Kenya,Environment,Disaster Relief,www.globalimpactfoundation1286.foundation,contact@globalimpactfoundation1286.foundation,Medium,Outreach
1287,Global Impact Foundation 1287,USA,Education,Policy Advocacy,www.globalimpactfoundation1287.org,contact@globalimpactfoundation1287.ngo,Medium,Partnership
1288,Global Impact Foundation 1288,Canada,Environment,Urban Support,www.globalimpactfoundation1288.foundation,contact@globalimpactfoundation1288.foundation,Medium,Partnership
1289,Global Impact Foundation 1289,Brazil,Poverty Relief,Urban Support,www.globalimpactfoundation1289.ngo,contact@globalimpactfoundation1289.ngo,High,Partnership
1290,Global Impact Foundation 1290,UAE,Women Empowerment,Rural Development,www.globalimpactfoundation1290.org,contact@globalimpactfoundation1290.foundation,High,Pilot Testing
1291,Global Impact Foundation 1291,UK,Women Empowerment,Disaster Relief,www.globalimpactfoundation1291.foundation,contact@globalimpactfoundation1291.org,Medium,Pilot Testing
1292,Global Impact Foundation 1292,Australia,Human Rights,Disaster Relief,www.globalimpactfoundation1292.org,contact@globalimpactfoundation1292.ngo,High,Partnership
1293,Global Impact Foundation 1293,Germany,Health,Policy Advocacy,www.globalimpactfoundation1293.ngo,contact@globalimpactfoundation1293.org,Low,Pilot Testing
1294,Global Impact Foundation 1294,Germany,Environment,Rural Development,www.globalimpactfoundation1294.global,contact@globalimpactfoundation1294.global,High,Funding
1295,Global Impact Foundation 1295,India,Environment,Community Health,www.globalimpactfoundation1295.global,contact@globalimpactfoundation1295.foundation,High,Funding
1296,Global Impact Foundation 1296,South Africa,Poverty Relief,Skill Development,www.globalimpactfoundation1296.global,contact@globalimpactfoundation1296.ngo,Low,Partnership
1297,Global Impact Foundation 1297,India,Environment,Urban Support,www.globalimpactfoundation1297.org,contact@globalimpactfoundation1297.org,Medium,Funding
1298,Global Impact Foundation 1298,UK,Education,Community Health,www.globalimpactfoundation1298.ngo,contact@globalimpactfoundation1298.ngo,High,Pilot Testing
1299,Global Impact Foundation 1299,South Africa,Environment,Disaster Relief,www.globalimpactfoundation1299.global,contact@globalimpactfoundation1299.ngo,Low,Partnership
1300,Global Impact Foundation 1300,Germany,Education,Rural Development,www.globalimpactfoundation1300.foundation,contact@globalimpactfoundation1300.foundation,High,Pilot Testing
1301,Global Impact Foundation 1301,Kenya,Women Empowerment,Community Health,www.globalimpactfoundation1301.foundation,contact@globalimpactfoundation1301.org,Low,Funding
1302,Global Impact Foundation 1302,UAE,Poverty Relief,Rural Development,www.globalimpactfoundation1302.global,contact@globalimpactfoundation1302.org,Medium,Outreach
1303,Global Impact Foundation 1303,USA,Child Welfare,Skill Development,www.globalimpactfoundation1303.global,contact@globalimpactfoundation1303.global,Medium,Partnership
1304,Global Impact Foundation 1304,South Africa,Health,Skill Development,www.globalimpactfoundation1304.foundation,contact@globalimpactfoundation1304.org,High,Partnership
1305,Global Impact Foundation 1305,Canada,Education,Skill Development,www.globalimpactfoundation1305.org,contact@globalimpactfoundation1305.foundation,High,Partnership
1306,Global Impact Foundation 1306,India,Women Empowerment,Rural Development,www.globalimpactfoundation1306.ngo,contact@globalimpactfoundation1306.foundation,High,Outreach
1307,Global Impact Foundation 1307,Brazil,Health,Rural Development,www.globalimpactfoundation1307.org,contact@globalimpactfoundation1307.org,Medium,Pilot Testing
1308,Global Impact Foundation 1308,India,Child Welfare,Rural Development,www.globalimpactfoundation1308.ngo,contact@globalimpactfoundation1308.ngo,Low,Outreach
1309,Global Impact Foundation 1309,India,Women Empowerment,Disaster Relief,www.globalimpactfoundation1309.global,contact@globalimpactfoundation1309.org,High,Outreach
1310,Global Impact Foundation 1310,Kenya,Environment,Urban Support,www.globalimpactfoundation1310.global,contact@globalimpactfoundation1310.foundation,Low,Funding
1311,Global Impact Foundation 1311,South Africa,Human Rights,Community Health,www.globalimpactfoundation1311.ngo,contact@globalimpactfoundation1311.foundation,Low,Pilot Testing
1312,Global Impact Foundation 1312,Kenya,Child Welfare,Urban Support,www.globalimpactfoundation1312.org,contact@globalimpactfoundation1312.org,Medium,Funding
1313,Global Impact Foundation 1313,Australia,Human Rights,Skill Development,www.globalimpactfoundation1313.global,contact@globalimpactfoundation1313.global,Low,Partnership
1314,Global Impact Foundation 1314,Brazil,Health,Skill Development,www.globalimpactfoundation1314.ngo,contact@globalimpactfoundation1314.org,Medium,Funding
1315,Global Impact Foundation 1315,UAE,Health,Community Health,www.globalimpactfoundation1315.ngo,contact@globalimpactfoundation1315.global,Medium,Outreach
1316,Global Impact Foundation 1316,Germany,Health,Policy Advocacy,www.globalimpactfoundation1316.org,contact@globalimpactfoundation1316.foundation,High,Pilot Testing
1317,Global Impact Foundation 1317,UAE,Poverty Relief,Rural Development,www.globalimpactfoundation1317.ngo,contact@globalimpactfoundation1317.org,High,Pilot Testing
1318,Global Impact Foundation 1318,Australia,Women Empowerment,Disaster Relief,www.globalimpactfoundation1318.org,contact@globalimpactfoundation1318.global,Low,Funding
1319,Global Impact Foundation 1319,South Africa,Health,Urban Support,www.globalimpactfoundation1319.global,contact@globalimpactfoundation1319.org,Medium,Partnership
1320,Global Impact Foundation 1320,Brazil,Women Empowerment,Disaster Relief,www.globalimpactfoundation1320.foundation,contact@globalimpactfoundation1320.org,Medium,Outreach
1321,Global Impact Foundation 1321,USA,Poverty Relief,Urban Support,www.globalimpactfoundation1321.global,contact@globalimpactfoundation1321.ngo,High,Funding
1322,Global Impact Foundation 1322,Canada,Health,Policy Advocacy,www.globalimpactfoundation1322.foundation,contact@globalimpactfoundation1322.foundation,Low,Funding
1323,Global Impact Foundation 1323,Australia,Human Rights,Disaster Relief,www.globalimpactfoundation1323.ngo,contact@globalimpactfoundation1323.foundation,High,Partnership
1324,Global Impact Foundation 1324,South Africa,Environment,Community Health,www.globalimpactfoundation1324.org,contact@globalimpactfoundation1324.foundation,Medium,Partnership
1325,Global Impact Foundation 1325,India,Women Empowerment,Urban Support,www.globalimpactfoundation1325.global,contact@globalimpactfoundation1325.foundation,Low,Partnership
1326,Global Impact Foundation 1326,South Africa,Child Welfare,Policy Advocacy,www.globalimpactfoundation1326.global,contact@globalimpactfoundation1326.org,Low,Outreach
1327,Global Impact Foundation 1327,South Africa,Women Empowerment,Policy Advocacy,www.globalimpactfoundation1327.global,contact@globalimpactfoundation1327.org,Low,Pilot Testing
1328,Global Impact Foundation 1328,South Africa,Environment,Skill Development,www.globalimpactfoundation1328.org,contact@globalimpactfoundation1328.global,Medium,Pilot Testing
1329,Global Impact Foundation 1329,South Africa,Health,Urban Support,www.globalimpactfoundation1329.org,contact@globalimpactfoundation1329.org,High,Outreach
1330,Global Impact Foundation 1330,Australia,Women Empowerment,Urban Support,www.globalimpactfoundation1330.ngo,contact@globalimpactfoundation1330.ngo,High,Partnership
1331,Global Impact Foundation 1331,Australia,Education,Disaster Relief,www.globalimpactfoundation1331.org,contact@globalimpactfoundation1331.ngo,Medium,Pilot Testing
1332,Global Impact Foundation 1332,Australia,Human Rights,Urban Support,www.globalimpactfoundation1332.foundation,contact@globalimpactfoundation1332.org,Medium,Funding
1333,Global Impact Foundation 1333,Canada,Women Empowerment,Community Health,www.globalimpactfoundation1333.global,contact@globalimpactfoundation1333.foundation,Low,Pilot Testing
1334,Global Impact Foundation 1334,Germany,Poverty Relief,Skill Development,www.globalimpactfoundation1334.ngo,contact@globalimpactfoundation1334.foundation,Low,Pilot Testing
1335,Global Impact Foundation 1335,Kenya,Education,Policy Advocacy,www.globalimpactfoundation1335.global,contact@globalimpactfoundation1335.foundation,High,Pilot Testing
1336,Global Impact Foundation 1336,Kenya,Human Rights,Skill Development,www.globalimpactfoundation1336.org,contact@globalimpactfoundation1336.org,High,Partnership
1337,Global Impact Foundation 1337,USA,Education,Community Health,www.globalimpactfoundation1337.org,contact@globalimpactfoundation1337.foundation,Medium,Funding
1338,Global Impact Foundation 1338,India,Environment,Rural Development,www.globalimpactfoundation1338.ngo,contact@globalimpactfoundation1338.ngo,Medium,Partnership
1339,Global Impact Foundation 1339,UK,Human Rights,Policy Advocacy,www.globalimpactfoundation1339.ngo,contact@globalimpactfoundation1339.foundation,Low,Funding
1340,Global Impact Foundation 1340,India,Environment,Skill Development,www.globalimpactfoundation1340.ngo,contact@globalimpactfoundation1340.ngo,High,Funding
1341,Global Impact Foundation 1341,Australia,Health,Disaster Relief,www.globalimpactfoundation1341.global,contact@globalimpactfoundation1341.ngo,High,Outreach
1342,Global Impact Foundation 1342,South Africa,Education,Rural Development,www.globalimpactfoundation1342.foundation,contact@globalimpactfoundation1342.foundation,Medium,Pilot Testing
1343,Global Impact Foundation 1343,USA,Poverty Relief,Skill Development,www.globalimpactfoundation1343.org,contact@globalimpactfoundation1343.global,High,Pilot Testing
1344,Global Impact Foundation 1344,Kenya,Education,Rural Development,www.globalimpactfoundation1344.global,contact@globalimpactfoundation1344.org,Medium,Pilot Testing
1345,Global Impact Foundation 1345,USA,Education,Community Health,www.globalimpactfoundation1345.foundation,contact@globalimpactfoundation1345.org,Medium,Outreach
1346,Global Impact Foundation 1346,Germany,Human Rights,Urban Support,www.globalimpactfoundation1346.global,contact@globalimpactfoundation1346.ngo,High,Outreach
1347,Global Impact Foundation 1347,Brazil,Human Rights,Policy Advocacy,www.globalimpactfoundation1347.org,contact@globalimpactfoundation1347.org,Medium,Pilot Testing
1348,Global Impact Foundation 1348,UK,Environment,Rural Development,www.globalimpactfoundation1348.global,contact@globalimpactfoundation1348.org,High,Outreach
1349,Global Impact Foundation 1349,Australia,Human Rights,Skill Development,www.globalimpactfoundation1349.ngo,contact@globalimpactfoundation1349.ngo,Medium,Outreach
1350,Global Impact Foundation 1350,UAE,Environment,Community Health,www.globalimpactfoundation1350.ngo,contact@globalimpactfoundation1350.foundation,High,Outreach
1351,Global Impact Foundation 1351,South Africa,Women Empowerment,Policy Advocacy,www.globalimpactfoundation1351.ngo,contact@globalimpactfoundation1351.foundation,Medium,Pilot Testing
1352,Global Impact Foundation 1352,Brazil,Environment,Policy Advocacy,www.globalimpactfoundation1352.foundation,contact@globalimpactfoundation1352.foundation,Low,Funding
1353,Global Impact Foundation 1353,USA,Human Rights,Urban Support,www.globalimpactfoundation1353.foundation,contact@globalimpactfoundation1353.ngo,High,Pilot Testing
1354,Global Impact Foundation 1354,USA,Human Rights,Disaster Relief,www.globalimpactfoundation1354.ngo,contact@globalimpactfoundation1354.ngo,High,Outreach
1355,Global Impact Foundation 1355,UK,Education,Skill Development,www.globalimpactfoundation1355.foundation,contact@globalimpactfoundation1355.org,Low,Funding
1356,Global Impact Foundation 1356,Brazil,Child Welfare,Disaster Relief,www.globalimpactfoundation1356.ngo,contact@globalimpactfoundation1356.ngo,High,Partnership
1357,Global Impact Foundation 1357,UK,Health,Disaster Relief,www.globalimpactfoundation1357.foundation,contact@globalimpactfoundation1357.foundation,High,Outreach
1358,Global Impact Foundation 1358,Brazil,Human Rights,Policy Advocacy,www.globalimpactfoundation1358.foundation,contact@globalimpactfoundation1358.global,High,Outreach
1359,Global Impact Foundation 1359,India,Education,Community Health,www.globalimpactfoundation1359.global,contact@globalimpactfoundation1359.foundation,Medium,Partnership
1360,Global Impact Foundation 1360,Canada,Poverty Relief,Community Health,www.globalimpactfoundation1360.ngo,contact@globalimpactfoundation1360.foundation,High,Outreach
1361,Global Impact Foundation 1361,Kenya,Health,Urban Support,www.globalimpactfoundation1361.global,contact@globalimpactfoundation1361.org,Low,Pilot Testing
1362,Global Impact Foundation 1362,Australia,Human Rights,Policy Advocacy,www.globalimpactfoundation1362.org,contact@globalimpactfoundation1362.org,Low,Partnership
1363,Global Impact Foundation 1363,South Africa,Human Rights,Urban Support,www.globalimpactfoundation1363.ngo,contact@globalimpactfoundation1363.ngo,Low,Outreach
1364,Global Impact Foundation 1364,Australia,Poverty Relief,Policy Advocacy,www.globalimpactfoundation1364.foundation,contact@globalimpactfoundation1364.org,Low,Pilot Testing
1365,Global Impact Foundation 1365,Australia,Environment,Disaster Relief,www.globalimpactfoundation1365.foundation,contact@globalimpactfoundation1365.global,Medium,Pilot Testing
1366,Global Impact Foundation 1366,Kenya,Child Welfare,Skill Development,www.globalimpactfoundation1366.org,contact@globalimpactfoundation1366.org,Medium,Funding
1367,Global Impact Foundation 1367,Canada,Health,Skill Development,www.globalimpactfoundation1367.ngo,contact@globalimpactfoundation1367.global,Low,Funding
1368,Global Impact Foundation 1368,South Africa,Women Empowerment,Community Health,www.globalimpactfoundation1368.foundation,contact@globalimpactfoundation1368.ngo,Medium,Funding
1369,Global Impact Foundation 1369,Germany,Environment,Rural Development,www.globalimpactfoundation1369.global,contact@globalimpactfoundation1369.org,Low,Outreach
1370,Global Impact Foundation 1370,India,Women Empowerment,Community Health,www.globalimpactfoundation1370.ngo,contact@globalimpactfoundation1370.org,High,Funding
1371,Global Impact Foundation 1371,USA,Education,Urban Support,www.globalimpactfoundation1371.global,contact@globalimpactfoundation1371.org,High,Outreach
1372,Global Impact Foundation 1372,Kenya,Education,Skill Development,www.globalimpactfoundation1372.global,contact@globalimpactfoundation1372.foundation,Low,Funding
1373,Global Impact Foundation 1373,Canada,Poverty Relief,Rural Development,www.globalimpactfoundation1373.global,contact@globalimpactfoundation1373.foundation,Low,Pilot Testing
1374,Global Impact Foundation 1374,Kenya,Health,Rural Development,www.globalimpactfoundation1374.ngo,contact@globalimpactfoundation1374.org,High,Partnership
1375,Global Impact Foundation 1375,Kenya,Human Rights,Skill Development,www.globalimpactfoundation1375.org,contact@globalimpactfoundation1375.foundation,Low,Pilot Testing
1376,Global Impact Foundation 1376,India,Environment,Disaster Relief,www.globalimpactfoundation1376.global,contact@globalimpactfoundation1376.org,Low,Partnership
1377,Global Impact Foundation 1377,USA,Child Welfare,Urban Support,www.globalimpactfoundation1377.org,contact@globalimpactfoundation1377.ngo,Low,Outreach
1378,Global Impact Foundation 1378,UAE,Women Empowerment,Disaster Relief,www.globalimpactfoundation1378.ngo,contact@globalimpactfoundation1378.ngo,Medium,Funding
1379,Global Impact Foundation 1379,UAE,Education,Urban Support,www.globalimpactfoundation1379.org,contact@globalimpactfoundation1379.global,Medium,Outreach
1380,Global Impact Foundation 1380,UK,Poverty Relief,Urban Support,www.globalimpactfoundation1380.ngo,contact@globalimpactfoundation1380.global,Low,Partnership
1381,Global Impact Foundation 1381,UK,Health,Rural Development,www.globalimpactfoundation1381.global,contact@globalimpactfoundation1381.ngo,Medium,Funding
1382,Global Impact Foundation 1382,Brazil,Women Empowerment,Skill Development,www.globalimpactfoundation1382.ngo,contact@globalimpactfoundation1382.ngo,Medium,Funding
1383,Global Impact Foundation 1383,Canada,Education,Disaster Relief,www.globalimpactfoundation1383.org,contact@globalimpactfoundation1383.foundation,Low,Pilot Testing
1384,Global Impact Foundation 1384,USA,Environment,Skill Development,www.globalimpactfoundation1384.ngo,contact@globalimpactfoundation1384.foundation,Low,Funding
1385,Global Impact Foundation 1385,India,Human Rights,Disaster Relief,www.globalimpactfoundation1385.global,contact@globalimpactfoundation1385.foundation,Medium,Partnership
1386,Global Impact Foundation 1386,Brazil,Health,Rural Development,www.globalimpactfoundation1386.global,contact@globalimpactfoundation1386.ngo,Medium,Outreach
1387,Global Impact Foundation 1387,Brazil,Environment,Community Health,www.globalimpactfoundation1387.foundation,contact@globalimpactfoundation1387.global,High,Pilot Testing
1388,Global Impact Foundation 1388,India,Women Empowerment,Rural Development,www.globalimpactfoundation1388.foundation,contact@globalimpactfoundation1388.global,Medium,Funding
1389,Global Impact Foundation 1389,India,Poverty Relief,Skill Development,www.globalimpactfoundation1389.ngo,contact@globalimpactfoundation1389.ngo,High,Funding
1390,Global Impact Foundation 1390,USA,Women Empowerment,Urban Support,www.globalimpactfoundation1390.foundation,contact@globalimpactfoundation1390.ngo,Low,Partnership
1391,Global Impact Foundation 1391,South Africa,Education,Skill Development,www.globalimpactfoundation1391.foundation,contact@globalimpactfoundation1391.foundation,Medium,Partnership
1392,Global Impact Foundation 1392,Kenya,Women Empowerment,Urban Support,www.globalimpactfoundation1392.global,contact@globalimpactfoundation1392.ngo,High,Pilot Testing
1393,Global Impact Foundation 1393,Brazil,Child Welfare,Policy Advocacy,www.globalimpactfoundation1393.org,contact@globalimpactfoundation1393.ngo,High,Funding
1394,Global Impact Foundation 1394,Germany,Education,Community Health,www.globalimpactfoundation1394.global,contact@globalimpactfoundation1394.ngo,Medium,Partnership
1395,Global Impact Foundation 1395,Canada,Human Rights,Rural Development,www.globalimpactfoundation1395.org,contact@globalimpactfoundation1395.foundation,Medium,Pilot Testing
1396,Global Impact Foundation 1396,Canada,Child Welfare,Community Health,www.globalimpactfoundation1396.foundation,contact@globalimpactfoundation1396.global,Medium,Partnership
1397,Global Impact Foundation 1397,UK,Human Rights,Rural Development,www.globalimpactfoundation1397.ngo,contact@globalimpactfoundation1397.org,Low,Partnership
1398,Global Impact Foundation 1398,USA,Environment,Community Health,www.globalimpactfoundation1398.foundation,contact@globalimpactfoundation1398.ngo,Medium,Funding
1399,Global Impact Foundation 1399,UAE,Environment,Urban Support,www.globalimpactfoundation1399.global,contact@globalimpactfoundation1399.org,High,Partnership
1400,Global Impact Foundation 1400,Kenya,Health,Policy Advocacy,www.globalimpactfoundation1400.ngo,contact@globalimpactfoundation1400.global,Low,Outreach
1401,Global Impact Foundation 1401,Germany,Health,Disaster Relief,www.globalimpactfoundation1401.org,contact@globalimpactfoundation1401.global,High,Funding
1402,Global Impact Foundation 1402,Kenya,Poverty Relief,Skill Development,www.globalimpactfoundation1402.foundation,contact@globalimpactfoundation1402.org,High,Pilot Testing
1403,Global Impact Foundation 1403,Australia,Human Rights,Disaster Relief,www.globalimpactfoundation1403.global,contact@globalimpactfoundation1403.org,High,Outreach
1404,Global Impact Foundation 1404,India,Poverty Relief,Disaster Relief,www.globalimpactfoundation1404.ngo,contact@globalimpactfoundation1404.ngo,Medium,Funding
1405,Global Impact Foundation 1405,Kenya,Women Empowerment,Rural Development,www.globalimpactfoundation1405.foundation,contact@globalimpactfoundation1405.ngo,High,Pilot Testing
1406,Global Impact Foundation 1406,India,Women Empowerment,Urban Support,www.globalimpactfoundation1406.org,contact@globalimpactfoundation1406.ngo,Medium,Pilot Testing
1407,Global Impact Foundation 1407,Germany,Poverty Relief,Community Health,www.globalimpactfoundation1407.org,contact@globalimpactfoundation1407.foundation,Low,Funding
1408,Global Impact Foundation 1408,India,Poverty Relief,Urban Support,www.globalimpactfoundation1408.org,contact@globalimpactfoundation1408.global,Low,Outreach
1409,Global Impact Foundation 1409,India,Environment,Urban Support,www.globalimpactfoundation1409.foundation,contact@globalimpactfoundation1409.org,High,Pilot Testing
1410,Global Impact Foundation 1410,UK,Child Welfare,Community Health,www.globalimpactfoundation1410.org,contact@globalimpactfoundation1410.global,Medium,Outreach
1411,Global Impact Foundation 1411,USA,Women Empowerment,Policy Advocacy,www.globalimpactfoundation1411.org,contact@globalimpactfoundation1411.foundation,High,Partnership
1412,Global Impact Foundation 1412,Kenya,Health,Skill Development,www.globalimpactfoundation1412.org,contact@globalimpactfoundation1412.org,Low,Outreach
1413,Global Impact Foundation 1413,UK,Health,Community Health,www.globalimpactfoundation1413.ngo,contact@globalimpactfoundation1413.ngo,High,Partnership
1414,Global Impact Foundation 1414,USA,Women Empowerment,Community Health,www.globalimpactfoundation1414.foundation,contact@globalimpactfoundation1414.ngo,High,Partnership
1415,Global Impact Foundation 1415,Australia,Health,Rural Development,www.globalimpactfoundation1415.global,contact@globalimpactfoundation1415.foundation,Medium,Pilot Testing
1416,Global Impact Foundation 1416,USA,Women Empowerment,Policy Advocacy,www.globalimpactfoundation1416.foundation,contact@globalimpactfoundation1416.foundation,Low,Funding
1417,Global Impact Foundation 1417,UAE,Education,Skill Development,www.globalimpactfoundation1417.org,contact@globalimpactfoundation1417.global,High,Partnership
1418,Global Impact Foundation 1418,UK,Women Empowerment,Rural Development,www.globalimpactfoundation1418.org,contact@globalimpactfoundation1418.ngo,High,Pilot Testing
1419,Global Impact Foundation 1419,UAE,Human Rights,Community Health,www.globalimpactfoundation1419.global,contact@globalimpactfoundation1419.org,High,Funding
1420,Global Impact Foundation 1420,Australia,Environment,Community Health,www.globalimpactfoundation1420.org,contact@globalimpactfoundation1420.org,Low,Funding
1421,Global Impact Foundation 1421,Canada,Child Welfare,Rural Development,www.globalimpactfoundation1421.global,contact@globalimpactfoundation1421.global,Low,Partnership
1422,Global Impact Foundation 1422,South Africa,Poverty Relief,Policy Advocacy,www.globalimpactfoundation1422.org,contact@globalimpactfoundation1422.global,High,Outreach
1423,Global Impact Foundation 1423,Germany,Human Rights,Policy Advocacy,www.globalimpactfoundation1423.org,contact@globalimpactfoundation1423.global,High,Pilot Testing
1424,Global Impact Foundation 1424,USA,Environment,Community Health,www.globalimpactfoundation1424.global,contact@globalimpactfoundation1424.org,High,Pilot Testing
1425,Global Impact Foundation 1425,South Africa,Education,Urban Support,www.globalimpactfoundation1425.global,contact@globalimpactfoundation1425.ngo,Low,Funding
1426,Global Impact Foundation 1426,Brazil,Health,Community Health,www.globalimpactfoundation1426.org,contact@globalimpactfoundation1426.global,Medium,Outreach
1427,Global Impact Foundation 1427,UK,Child Welfare,Disaster Relief,www.globalimpactfoundation1427.ngo,contact@globalimpactfoundation1427.ngo,High,Funding
1428,Global Impact Foundation 1428,Brazil,Education,Skill Development,www.globalimpactfoundation1428.ngo,contact@globalimpactfoundation1428.foundation,Low,Outreach
1429,Global Impact Foundation 1429,Brazil,Poverty Relief,Community Health,www.globalimpactfoundation1429.ngo,contact@globalimpactfoundation1429.global,Low,Outreach
1430,Global Impact Foundation 1430,UAE,Environment,Policy Advocacy,www.globalimpactfoundation1430.global,contact@globalimpactfoundation1430.org,High,Funding
1431,Global Impact Foundation 1431,UK,Health,Policy Advocacy,www.globalimpactfoundation1431.global,contact@globalimpactfoundation1431.foundation,High,Funding
1432,Global Impact Foundation 1432,Brazil,Women Empowerment,Policy Advocacy,www.globalimpactfoundation1432.org,contact@globalimpactfoundation1432.org,Medium,Funding
1433,Global Impact Foundation 1433,Germany,Poverty Relief,Urban Support,www.globalimpactfoundation1433.org,contact@globalimpactfoundation1433.ngo,Medium,Funding
1434,Global Impact Foundation 1434,Kenya,Child Welfare,Urban Support,www.globalimpactfoundation1434.org,contact@globalimpactfoundation1434.global,Medium,Outreach
1435,Global Impact Foundation 1435,Brazil,Human Rights,Skill Development,www.globalimpactfoundation1435.foundation,contact@globalimpactfoundation1435.global,High,Partnership
1436,Global Impact Foundation 1436,USA,Human Rights,Disaster Relief,www.globalimpactfoundation1436.global,contact@globalimpactfoundation1436.ngo,Medium,Outreach
1437,Global Impact Foundation 1437,Germany,Education,Community Health,www.globalimpactfoundation1437.ngo,contact@globalimpactfoundation1437.ngo,High,Partnership
1438,Global Impact Foundation 1438,Canada,Environment,Policy Advocacy,www.globalimpactfoundation1438.org,contact@globalimpactfoundation1438.global,Low,Partnership
1439,Global Impact Foundation 1439,UAE,Environment,Rural Development,www.globalimpactfoundation1439.global,contact@globalimpactfoundation1439.global,Medium,Funding
1440,Global Impact Foundation 1440,UAE,Health,Skill Development,www.globalimpactfoundation1440.foundation,contact@globalimpactfoundation1440.org,Low,Partnership
1441,Global Impact Foundation 1441,USA,Human Rights,Urban Support,www.globalimpactfoundation1441.global,contact@globalimpactfoundation1441.global,High,Outreach
1442,Global Impact Foundation 1442,Canada,Health,Urban Support,www.globalimpactfoundation1442.org,contact@globalimpactfoundation1442.org,High,Funding
1443,Global Impact Foundation 1443,USA,Women Empowerment,Skill Development,www.globalimpactfoundation1443.foundation,contact@globalimpactfoundation1443.ngo,Low,Outreach
1444,Global Impact Foundation 1444,Germany,Environment,Disaster Relief,www.globalimpactfoundation1444.global,contact@globalimpactfoundation1444.foundation,Medium,Partnership
1445,Global Impact Foundation 1445,UAE,Human Rights,Urban Support,www.globalimpactfoundation1445.ngo,contact@globalimpactfoundation1445.foundation,Medium,Funding
1446,Global Impact Foundation 1446,India,Human Rights,Disaster Relief,www.globalimpactfoundation1446.global,contact@globalimpactfoundation1446.global,Low,Pilot Testing
1447,Global Impact Foundation 1447,Kenya,Child Welfare,Community Health,www.globalimpactfoundation1447.foundation,contact@globalimpactfoundation1447.ngo,Medium,Funding
1448,Global Impact Foundation 1448,Canada,Women Empowerment,Rural Development,www.globalimpactfoundation1448.foundation,contact@globalimpactfoundation1448.foundation,Low,Outreach
1449,Global Impact Foundation 1449,Kenya,Poverty Relief,Community Health,www.globalimpactfoundation1449.foundation,contact@globalimpactfoundation1449.foundation,High,Funding
1450,Global Impact Foundation 1450,USA,Education,Rural Development,www.globalimpactfoundation1450.global,contact@globalimpactfoundation1450.global,Low,Funding
1451,Global Impact Foundation 1451,Brazil,Human Rights,Disaster Relief,www.globalimpactfoundation1451.foundation,contact@globalimpactfoundation1451.global,Medium,Outreach
1452,Global Impact Foundation 1452,Canada,Human Rights,Community Health,www.globalimpactfoundation1452.ngo,contact@globalimpactfoundation1452.global,High,Pilot Testing
1453,Global Impact Foundation 1453,USA,Poverty Relief,Community Health,www.globalimpactfoundation1453.foundation,contact@globalimpactfoundation1453.foundation,Medium,Outreach
1454,Global Impact Foundation 1454,Kenya,Women Empowerment,Rural Development,www.globalimpactfoundation1454.global,contact@globalimpactfoundation1454.ngo,Medium,Funding
1455,Global Impact Foundation 1455,UAE,Poverty Relief,Urban Support,www.globalimpactfoundation1455.ngo,contact@globalimpactfoundation1455.foundation,High,Funding
1456,Global Impact Foundation 1456,India,Education,Urban Support,www.globalimpactfoundation1456.ngo,contact@globalimpactfoundation1456.ngo,Low,Funding
1457,Global Impact Foundation 1457,UK,Education,Policy Advocacy,www.globalimpactfoundation1457.ngo,contact@globalimpactfoundation1457.ngo,High,Pilot Testing
1458,Global Impact Foundation 1458,Kenya,Poverty Relief,Disaster Relief,www.globalimpactfoundation1458.org,contact@globalimpactfoundation1458.org,Medium,Pilot Testing
1459,Global Impact Foundation 1459,Canada,Poverty Relief,Policy Advocacy,www.globalimpactfoundation1459.org,contact@globalimpactfoundation1459.global,Low,Partnership
1460,Global Impact Foundation 1460,UAE,Education,Urban Support,www.globalimpactfoundation1460.ngo,contact@globalimpactfoundation1460.foundation,High,Outreach
1461,Global Impact Foundation 1461,Kenya,Human Rights,Rural Development,www.globalimpactfoundation1461.ngo,contact@globalimpactfoundation1461.ngo,High,Funding
1462,Global Impact Foundation 1462,USA,Environment,Skill Development,www.globalimpactfoundation1462.foundation,contact@globalimpactfoundation1462.org,Medium,Funding
1463,Global Impact Foundation 1463,Brazil,Environment,Skill Development,www.globalimpactfoundation1463.global,contact@globalimpactfoundation1463.org,Low,Pilot Testing
1464,Global Impact Foundation 1464,South Africa,Education,Community Health,www.globalimpactfoundation1464.org,contact@globalimpactfoundation1464.foundation,High,Outreach
1465,Global Impact Foundation 1465,South Africa,Environment,Rural Development,www.globalimpactfoundation1465.global,contact@globalimpactfoundation1465.global,High,Outreach
1466,Global Impact Foundation 1466,UAE,Poverty Relief,Community Health,www.globalimpactfoundation1466.org,contact@globalimpactfoundation1466.global,High,Pilot Testing
1467,Global Impact Foundation 1467,Kenya,Poverty Relief,Policy Advocacy,www.globalimpactfoundation1467.foundation,contact@globalimpactfoundation1467.org,Low,Pilot Testing
1468,Global Impact Foundation 1468,UK,Health,Policy Advocacy,www.globalimpactfoundation1468.ngo,contact@globalimpactfoundation1468.global,Medium,Pilot Testing
1469,Global Impact Foundation 1469,Germany,Health,Disaster Relief,www.globalimpactfoundation1469.global,contact@globalimpactfoundation1469.foundation,High,Partnership
1470,Global Impact Foundation 1470,India,Environment,Community Health,www.globalimpactfoundation1470.org,contact@globalimpactfoundation1470.ngo,Low,Outreach
1471,Global Impact Foundation 1471,Germany,Child Welfare,Skill Development,www.globalimpactfoundation1471.foundation,contact@globalimpactfoundation1471.foundation,Medium,Pilot Testing
1472,Global Impact Foundation 1472,South Africa,Women Empowerment,Rural Development,www.globalimpactfoundation1472.global,contact@globalimpactfoundation1472.ngo,Medium,Outreach
1473,Global Impact Foundation 1473,Kenya,Health,Disaster Relief,www.globalimpactfoundation1473.ngo,contact@globalimpactfoundation1473.foundation,Low,Outreach
1474,Global Impact Foundation 1474,Kenya,Poverty Relief,Rural Development,www.globalimpactfoundation1474.foundation,contact@globalimpactfoundation1474.global,Low,Funding
1475,Global Impact Foundation 1475,Kenya,Child Welfare,Policy Advocacy,www.globalimpactfoundation1475.foundation,contact@globalimpactfoundation1475.ngo,Medium,Funding
1476,Global Impact Foundation 1476,Germany,Health,Policy Advocacy,www.globalimpactfoundation1476.ngo,contact@globalimpactfoundation1476.foundation,Low,Pilot Testing
1477,Global Impact Foundation 1477,UAE,Women Empowerment,Rural Development,www.globalimpactfoundation1477.ngo,contact@globalimpactfoundation1477.org,High,Pilot Testing
1478,Global Impact Foundation 1478,UAE,Human Rights,Community Health,www.globalimpactfoundation1478.global,contact@globalimpactfoundation1478.foundation,High,Funding
1479,Global Impact Foundation 1479,Australia,Women Empowerment,Community Health,www.globalimpactfoundation1479.global,contact@globalimpactfoundation1479.ngo,Low,Outreach
1480,Global Impact Foundation 1480,Kenya,Human Rights,Skill Development,www.globalimpactfoundation1480.ngo,contact@globalimpactfoundation1480.ngo,Medium,Funding
1481,Global Impact Foundation 1481,Australia,Human Rights,Disaster Relief,www.globalimpactfoundation1481.org,contact@globalimpactfoundation1481.ngo,Medium,Partnership
1482,Global Impact Foundation 1482,South Africa,Education,Policy Advocacy,www.globalimpactfoundation1482.global,contact@globalimpactfoundation1482.org,Low,Outreach
1483,Global Impact Foundation 1483,Germany,Environment,Disaster Relief,www.globalimpactfoundation1483.org,contact@globalimpactfoundation1483.global,Low,Pilot Testing
1484,Global Impact Foundation 1484,India,Poverty Relief,Skill Development,www.globalimpactfoundation1484.org,contact@globalimpactfoundation1484.foundation,Low,Pilot Testing
1485,Global Impact Foundation 1485,Brazil,Education,Community Health,www.globalimpactfoundation1485.foundation,contact@globalimpactfoundation1485.foundation,High,Partnership
1486,Global Impact Foundation 1486,India,Education,Community Health,www.globalimpactfoundation1486.foundation,contact@globalimpactfoundation1486.org,High,Partnership
1487,Global Impact Foundation 1487,Canada,Human Rights,Policy Advocacy,www.globalimpactfoundation1487.foundation,contact@globalimpactfoundation1487.global,Low,Pilot Testing
1488,Global Impact Foundation 1488,Australia,Education,Skill Development,www.globalimpactfoundation1488.foundation,contact@globalimpactfoundation1488.org,Medium,Partnership
1489,Global Impact Foundation 1489,Brazil,Poverty Relief,Skill Development,www.globalimpactfoundation1489.ngo,contact@globalimpactfoundation1489.ngo,Low,Pilot Testing
1490,Global Impact Foundation 1490,Canada,Women Empowerment,Rural Development,www.globalimpactfoundation1490.org,contact@globalimpactfoundation1490.global,Low,Pilot Testing
1491,Global Impact Foundation 1491,India,Human Rights,Rural Development,www.globalimpactfoundation1491.foundation,contact@globalimpactfoundation1491.global,Medium,Funding
1492,Global Impact Foundation 1492,Australia,Human Rights,Skill Development,www.globalimpactfoundation1492.ngo,contact@globalimpactfoundation1492.foundation,High,Pilot Testing
1493,Global Impact Foundation 1493,Germany,Human Rights,Rural Development,www.globalimpactfoundation1493.foundation,contact@globalimpactfoundation1493.global,Low,Funding
1494,Global Impact Foundation 1494,USA,Health,Urban Support,www.globalimpactfoundation1494.ngo,contact@globalimpactfoundation1494.ngo,Low,Outreach
1495,Global Impact Foundation 1495,India,Child Welfare,Urban Support,www.globalimpactfoundation1495.foundation,contact@globalimpactfoundation1495.ngo,High,Pilot Testing
1496,Global Impact Foundation 1496,India,Child Welfare,Rural Development,www.globalimpactfoundation1496.foundation,contact@globalimpactfoundation1496.global,Low,Outreach
1497,Global Impact Foundation 1497,UAE,Education,Rural Development,www.globalimpactfoundation1497.foundation,contact@globalimpactfoundation1497.global,Low,Partnership
1498,Global Impact Foundation 1498,India,Poverty Relief,Rural Development,www.globalimpactfoundation1498.foundation,contact@globalimpactfoundation1498.ngo,High,Pilot Testing
1499,Global Impact Foundation 1499,Canada,Child Welfare,Policy Advocacy,www.globalimpactfoundation1499.org,contact@globalimpactfoundation1499.foundation,Medium,Partnership
1500,Global Impact Foundation 1500,Germany,Human Rights,Skill Development,www.globalimpactfoundation1500.global,contact@globalimpactfoundation1500.global,Low,Pilot Testing
1501,Global Impact Foundation 1501,India,Human Rights,Rural Development,www.globalimpactfoundation1501.ngo,contact@globalimpactfoundation1501.ngo,High,Funding
1502,Global Impact Foundation 1502,Australia,Health,Community Health,www.globalimpactfoundation1502.ngo,contact@globalimpactfoundation1502.ngo,Low,Pilot Testing
1503,Global Impact Foundation 1503,Brazil,Child Welfare,Disaster Relief,www.globalimpactfoundation1503.foundation,contact@globalimpactfoundation1503.foundation,Medium,Funding
1504,Global Impact Foundation 1504,USA,Child Welfare,Skill Development,www.globalimpactfoundation1504.org,contact@globalimpactfoundation1504.foundation,High,Partnership
1505,Global Impact Foundation 1505,UAE,Women Empowerment,Policy Advocacy,www.globalimpactfoundation1505.org,contact@globalimpactfoundation1505.global,High,Pilot Testing
1506,Global Impact Foundation 1506,South Africa,Women Empowerment,Urban Support,www.globalimpactfoundation1506.ngo,contact@globalimpactfoundation1506.org,Low,Pilot Testing
1507,Global Impact Foundation 1507,Germany,Human Rights,Policy Advocacy,www.globalimpactfoundation1507.foundation,contact@globalimpactfoundation1507.ngo,Medium,Pilot Testing
1508,Global Impact Foundation 1508,USA,Women Empowerment,Urban Support,www.globalimpactfoundation1508.foundation,contact@globalimpactfoundation1508.ngo,High,Outreach
1509,Global Impact Foundation 1509,Germany,Poverty Relief,Skill Development,www.globalimpactfoundation1509.foundation,contact@globalimpactfoundation1509.ngo,High,Partnership
1510,Global Impact Foundation 1510,India,Health,Rural Development,www.globalimpactfoundation1510.ngo,contact@globalimpactfoundation1510.global,High,Pilot Testing
1511,Global Impact Foundation 1511,USA,Human Rights,Skill Development,www.globalimpactfoundation1511.ngo,contact@globalimpactfoundation1511.foundation,Medium,Partnership
1512,Global Impact Foundation 1512,UAE,Poverty Relief,Urban Support,www.globalimpactfoundation1512.org,contact@globalimpactfoundation1512.org,Low,Partnership
1513,Global Impact Foundation 1513,USA,Women Empowerment,Policy Advocacy,www.globalimpactfoundation1513.org,contact@globalimpactfoundation1513.org,Low,Funding
1514,Global Impact Foundation 1514,India,Poverty Relief,Policy Advocacy,www.globalimpactfoundation1514.foundation,contact@globalimpactfoundation1514.foundation,Medium,Outreach
1515,Global Impact Foundation 1515,South Africa,Health,Policy Advocacy,www.globalimpactfoundation1515.org,contact@globalimpactfoundation1515.foundation,Medium,Partnership
1516,Global Impact Foundation 1516,India,Child Welfare,Skill Development,www.globalimpactfoundation1516.foundation,contact@globalimpactfoundation1516.org,Low,Funding
1517,Global Impact Foundation 1517,USA,Human Rights,Rural Development,www.globalimpactfoundation1517.global,contact@globalimpactfoundation1517.foundation,Medium,Pilot Testing
1518,Global Impact Foundation 1518,India,Environment,Community Health,www.globalimpactfoundation1518.foundation,contact@globalimpactfoundation1518.foundation,Low,Pilot Testing
1519,Global Impact Foundation 1519,Germany,Poverty Relief,Rural Development,www.globalimpactfoundation1519.ngo,contact@globalimpactfoundation1519.org,Low,Pilot Testing
1520,Global Impact Foundation 1520,India,Education,Community Health,www.globalimpactfoundation1520.org,contact@globalimpactfoundation1520.global,High,Outreach
1521,Global Impact Foundation 1521,USA,Poverty Relief,Policy Advocacy,www.globalimpactfoundation1521.org,contact@globalimpactfoundation1521.foundation,High,Funding
1522,Global Impact Foundation 1522,Canada,Poverty Relief,Policy Advocacy,www.globalimpactfoundation1522.ngo,contact@globalimpactfoundation1522.org,Medium,Outreach
1523,Global Impact Foundation 1523,India,Health,Community Health,www.globalimpactfoundation1523.foundation,contact@globalimpactfoundation1523.ngo,High,Pilot Testing
1524,Global Impact Foundation 1524,Australia,Human Rights,Skill Development,www.globalimpactfoundation1524.ngo,contact@globalimpactfoundation1524.org,Low,Funding
1525,Global Impact Foundation 1525,UAE,Environment,Urban Support,www.globalimpactfoundation1525.ngo,contact@globalimpactfoundation1525.org,Medium,Funding
1526,Global Impact Foundation 1526,India,Child Welfare,Urban Support,www.globalimpactfoundation1526.org,contact@globalimpactfoundation1526.foundation,Low,Partnership
1527,Global Impact Foundation 1527,Kenya,Environment,Skill Development,www.globalimpactfoundation1527.org,contact@globalimpactfoundation1527.foundation,High,Pilot Testing
1528,Global Impact Foundation 1528,UK,Poverty Relief,Rural Development,www.globalimpactfoundation1528.ngo,contact@globalimpactfoundation1528.ngo,Low,Outreach
1529,Global Impact Foundation 1529,South Africa,Environment,Policy Advocacy,www.globalimpactfoundation1529.foundation,contact@globalimpactfoundation1529.foundation,Low,Partnership
1530,Global Impact Foundation 1530,UAE,Education,Skill Development,www.globalimpactfoundation1530.global,contact@globalimpactfoundation1530.global,Low,Funding
1531,Global Impact Foundation 1531,UK,Human Rights,Policy Advocacy,www.globalimpactfoundation1531.foundation,contact@globalimpactfoundation1531.foundation,Low,Partnership
1532,Global Impact Foundation 1532,UAE,Human Rights,Disaster Relief,www.globalimpactfoundation1532.foundation,contact@globalimpactfoundation1532.ngo,Low,Funding
1533,Global Impact Foundation 1533,India,Poverty Relief,Skill Development,www.globalimpactfoundation1533.global,contact@globalimpactfoundation1533.global,Medium,Outreach
1534,Global Impact Foundation 1534,South Africa,Women Empowerment,Rural Development,www.globalimpactfoundation1534.global,contact@globalimpactfoundation1534.foundation,Low,Partnership
1535,Global Impact Foundation 1535,Germany,Poverty Relief,Rural Development,www.globalimpactfoundation1535.foundation,contact@globalimpactfoundation1535.global,High,Funding
1536,Global Impact Foundation 1536,South Africa,Human Rights,Urban Support,www.globalimpactfoundation1536.global,contact@globalimpactfoundation1536.ngo,Low,Partnership
1537,Global Impact Foundation 1537,UK,Health,Rural Development,www.globalimpactfoundation1537.ngo,contact@globalimpactfoundation1537.org,Low,Funding
1538,Global Impact Foundation 1538,UAE,Environment,Skill Development,www.globalimpactfoundation1538.org,contact@globalimpactfoundation1538.global,Medium,Partnership
1539,Global Impact Foundation 1539,UK,Environment,Urban Support,www.globalimpactfoundation1539.ngo,contact@globalimpactfoundation1539.org,Low,Partnership
1540,Global Impact Foundation 1540,UK,Child Welfare,Skill Development,www.globalimpactfoundation1540.global,contact@globalimpactfoundation1540.ngo,Low,Pilot Testing
1541,Global Impact Foundation 1541,USA,Environment,Urban Support,www.globalimpactfoundation1541.org,contact@globalimpactfoundation1541.org,High,Partnership
1542,Global Impact Foundation 1542,India,Women Empowerment,Policy Advocacy,www.globalimpactfoundation1542.foundation,contact@globalimpactfoundation1542.org,High,Pilot Testing
1543,Global Impact Foundation 1543,Brazil,Child Welfare,Rural Development,www.globalimpactfoundation1543.foundation,contact@globalimpactfoundation1543.org,Medium,Pilot Testing
1544,Global Impact Foundation 1544,Canada,Human Rights,Urban Support,www.globalimpactfoundation1544.ngo,contact@globalimpactfoundation1544.global,High,Partnership
1545,Global Impact Foundation 1545,Brazil,Human Rights,Community Health,www.globalimpactfoundation1545.foundation,contact@globalimpactfoundation1545.foundation,Low,Outreach
1546,Global Impact Foundation 1546,USA,Women Empowerment,Policy Advocacy,www.globalimpactfoundation1546.org,contact@globalimpactfoundation1546.foundation,Low,Outreach
1547,Global Impact Foundation 1547,Canada,Child Welfare,Disaster Relief,www.globalimpactfoundation1547.ngo,contact@globalimpactfoundation1547.foundation,Medium,Funding
1548,Global Impact Foundation 1548,USA,Child Welfare,Skill Development,www.globalimpactfoundation1548.global,contact@globalimpactfoundation1548.global,Low,Outreach
1549,Global Impact Foundation 1549,Brazil,Health,Rural Development,www.globalimpactfoundation1549.ngo,contact@globalimpactfoundation1549.global,Low,Pilot Testing
1550,Global Impact Foundation 1550,Kenya,Child Welfare,Disaster Relief,www.globalimpactfoundation1550.global,contact@globalimpactfoundation1550.org,Medium,Pilot Testing
1551,Global Impact Foundation 1551,Australia,Women Empowerment,Urban Support,www.globalimpactfoundation1551.global,contact@globalimpactfoundation1551.global,High,Funding
1552,Global Impact Foundation 1552,UAE,Education,Policy Advocacy,www.globalimpactfoundation1552.global,contact@globalimpactfoundation1552.org,High,Pilot Testing
1553,Global Impact Foundation 1553,Kenya,Poverty Relief,Skill Development,www.globalimpactfoundation1553.global,contact@globalimpactfoundation1553.global,High,Partnership
1554,Global Impact Foundation 1554,USA,Women Empowerment,Rural Development,www.globalimpactfoundation1554.foundation,contact@globalimpactfoundation1554.global,High,Partnership
1555,Global Impact Foundation 1555,Germany,Poverty Relief,Rural Development,www.globalimpactfoundation1555.foundation,contact@globalimpactfoundation1555.foundation,Medium,Partnership
1556,Global Impact Foundation 1556,Kenya,Poverty Relief,Rural Development,www.globalimpactfoundation1556.foundation,contact@globalimpactfoundation1556.foundation,Low,Outreach
1557,Global Impact Foundation 1557,South Africa,Poverty Relief,Disaster Relief,www.globalimpactfoundation1557.global,contact@globalimpactfoundation1557.global,Medium,Partnership
1558,Global Impact Foundation 1558,UK,Health,Rural Development,www.globalimpactfoundation1558.org,contact@globalimpactfoundation1558.foundation,High,Pilot Testing
1559,Global Impact Foundation 1559,Kenya,Women Empowerment,Policy Advocacy,www.globalimpactfoundation1559.org,contact@globalimpactfoundation1559.org,Medium,Partnership
1560,Global Impact Foundation 1560,USA,Women Empowerment,Urban Support,www.globalimpactfoundation1560.global,contact@globalimpactfoundation1560.org,Medium,Pilot Testing
1561,Global Impact Foundation 1561,Kenya,Child Welfare,Disaster Relief,www.globalimpactfoundation1561.foundation,contact@globalimpactfoundation1561.ngo,Medium,Pilot Testing
1562,Global Impact Foundation 1562,Brazil,Health,Urban Support,www.globalimpactfoundation1562.foundation,contact@globalimpactfoundation1562.ngo,Low,Pilot Testing
1563,Global Impact Foundation 1563,South Africa,Education,Policy Advocacy,www.globalimpactfoundation1563.global,contact@globalimpactfoundation1563.foundation,High,Funding
1564,Global Impact Foundation 1564,UK,Environment,Community Health,www.globalimpactfoundation1564.ngo,contact@globalimpactfoundation1564.global,Medium,Funding
1565,Global Impact Foundation 1565,Australia,Environment,Policy Advocacy,www.globalimpactfoundation1565.global,contact@globalimpactfoundation1565.foundation,High,Partnership
1566,Global Impact Foundation 1566,South Africa,Education,Policy Advocacy,www.globalimpactfoundation1566.org,contact@globalimpactfoundation1566.global,Low,Outreach
1567,Global Impact Foundation 1567,Kenya,Environment,Rural Development,www.globalimpactfoundation1567.ngo,contact@globalimpactfoundation1567.foundation,High,Funding
1568,Global Impact Foundation 1568,Kenya,Health,Community Health,www.globalimpactfoundation1568.ngo,contact@globalimpactfoundation1568.global,Low,Partnership
1569,Global Impact Foundation 1569,Australia,Health,Rural Development,www.globalimpactfoundation1569.org,contact@globalimpactfoundation1569.ngo,High,Outreach
1570,Global Impact Foundation 1570,Kenya,Health,Rural Development,www.globalimpactfoundation1570.foundation,contact@globalimpactfoundation1570.ngo,Low,Funding
1571,Global Impact Foundation 1571,Brazil,Women Empowerment,Disaster Relief,www.globalimpactfoundation1571.org,contact@globalimpactfoundation1571.foundation,Low,Outreach
1572,Global Impact Foundation 1572,Canada,Education,Rural Development,www.globalimpactfoundation1572.ngo,contact@globalimpactfoundation1572.foundation,High,Funding
1573,Global Impact Foundation 1573,India,Human Rights,Urban Support,www.globalimpactfoundation1573.foundation,contact@globalimpactfoundation1573.global,Medium,Pilot Testing
1574,Global Impact Foundation 1574,UAE,Women Empowerment,Urban Support,www.globalimpactfoundation1574.foundation,contact@globalimpactfoundation1574.global,High,Partnership
1575,Global Impact Foundation 1575,USA,Health,Rural Development,www.globalimpactfoundation1575.ngo,contact@globalimpactfoundation1575.org,High,Outreach
1576,Global Impact Foundation 1576,UK,Education,Urban Support,www.globalimpactfoundation1576.global,contact@globalimpactfoundation1576.ngo,Medium,Pilot Testing
1577,Global Impact Foundation 1577,South Africa,Human Rights,Policy Advocacy,www.globalimpactfoundation1577.global,contact@globalimpactfoundation1577.global,High,Funding
1578,Global Impact Foundation 1578,South Africa,Human Rights,Disaster Relief,www.globalimpactfoundation1578.org,contact@globalimpactfoundation1578.ngo,High,Pilot Testing
1579,Global Impact Foundation 1579,Australia,Education,Policy Advocacy,www.globalimpactfoundation1579.org,contact@globalimpactfoundation1579.global,High,Funding
1580,Global Impact Foundation 1580,Australia,Women Empowerment,Urban Support,www.globalimpactfoundation1580.org,contact@globalimpactfoundation1580.foundation,High,Pilot Testing
1581,Global Impact Foundation 1581,Canada,Women Empowerment,Disaster Relief,www.globalimpactfoundation1581.org,contact@globalimpactfoundation1581.org,Low,Funding
1582,Global Impact Foundation 1582,South Africa,Human Rights,Urban Support,www.globalimpactfoundation1582.global,contact@globalimpactfoundation1582.global,High,Outreach
1583,Global Impact Foundation 1583,India,Health,Urban Support,www.globalimpactfoundation1583.org,contact@globalimpactfoundation1583.foundation,Low,Funding
1584,Global Impact Foundation 1584,India,Health,Policy Advocacy,www.globalimpactfoundation1584.ngo,contact@globalimpactfoundation1584.org,Medium,Funding
1585,Global Impact Foundation 1585,Australia,Environment,Community Health,www.globalimpactfoundation1585.org,contact@globalimpactfoundation1585.foundation,Medium,Outreach
1586,Global Impact Foundation 1586,Australia,Health,Community Health,www.globalimpactfoundation1586.ngo,contact@globalimpactfoundation1586.ngo,Low,Pilot Testing
1587,Global Impact Foundation 1587,USA,Education,Policy Advocacy,www.globalimpactfoundation1587.global,contact@globalimpactfoundation1587.global,High,Funding
1588,Global Impact Foundation 1588,South Africa,Environment,Disaster Relief,www.globalimpactfoundation1588.foundation,contact@globalimpactfoundation1588.foundation,Medium,Partnership
1589,Global Impact Foundation 1589,USA,Health,Urban Support,www.globalimpactfoundation1589.ngo,contact@globalimpactfoundation1589.global,Medium,Outreach
1590,Global Impact Foundation 1590,UAE,Child Welfare,Urban Support,www.globalimpactfoundation1590.global,contact@globalimpactfoundation1590.global,High,Outreach
1591,Global Impact Foundation 1591,Australia,Health,Policy Advocacy,www.globalimpactfoundation1591.foundation,contact@globalimpactfoundation1591.org,Low,Partnership
1592,Global Impact Foundation 1592,Canada,Human Rights,Urban Support,www.globalimpactfoundation1592.global,contact@globalimpactfoundation1592.ngo,Medium,Partnership
1593,Global Impact Foundation 1593,Canada,Human Rights,Skill Development,www.globalimpactfoundation1593.org,contact@globalimpactfoundation1593.ngo,Medium,Partnership
1594,Global Impact Foundation 1594,Kenya,Education,Rural Development,www.globalimpactfoundation1594.global,contact@globalimpactfoundation1594.org,Medium,Pilot Testing
1595,Global Impact Foundation 1595,Australia,Education,Policy Advocacy,www.globalimpactfoundation1595.global,contact@globalimpactfoundation1595.ngo,Medium,Outreach
1596,Global Impact Foundation 1596,Kenya,Environment,Skill Development,www.globalimpactfoundation1596.foundation,contact@globalimpactfoundation1596.foundation,Medium,Pilot Testing
1597,Global Impact Foundation 1597,USA,Education,Disaster Relief,www.globalimpactfoundation1597.ngo,contact@globalimpactfoundation1597.org,High,Funding
1598,Global Impact Foundation 1598,UK,Health,Urban Support,www.globalimpactfoundation1598.ngo,contact@globalimpactfoundation1598.foundation,High,Funding
1599,Global Impact Foundation 1599,Kenya,Education,Disaster Relief,www.globalimpactfoundation1599.foundation,contact@globalimpactfoundation1599.ngo,High,Pilot Testing
1600,Global Impact Foundation 1600,Canada,Poverty Relief,Urban Support,www.globalimpactfoundation1600.org,contact@globalimpactfoundation1600.global,Low,Pilot Testing
1601,Global Impact Foundation 1601,Brazil,Health,Disaster Relief,www.globalimpactfoundation1601.org,contact@globalimpactfoundation1601.org,Low,Outreach
1602,Global Impact Foundation 1602,South Africa,Education,Disaster Relief,www.globalimpactfoundation1602.global,contact@globalimpactfoundation1602.ngo,High,Pilot Testing
1603,Global Impact Foundation 1603,Canada,Human Rights,Disaster Relief,www.globalimpactfoundation1603.ngo,contact@globalimpactfoundation1603.global,High,Outreach
1604,Global Impact Foundation 1604,Kenya,Poverty Relief,Policy Advocacy,www.globalimpactfoundation1604.global,contact@globalimpactfoundation1604.ngo,High,Pilot Testing
1605,Global Impact Foundation 1605,USA,Health,Policy Advocacy,www.globalimpactfoundation1605.ngo,contact@globalimpactfoundation1605.ngo,High,Outreach
1606,Global Impact Foundation 1606,Brazil,Human Rights,Skill Development,www.globalimpactfoundation1606.org,contact@globalimpactfoundation1606.global,Medium,Outreach
1607,Global Impact Foundation 1607,Canada,Health,Policy Advocacy,www.globalimpactfoundation1607.org,contact@globalimpactfoundation1607.org,High,Partnership
1608,Global Impact Foundation 1608,USA,Health,Disaster Relief,www.globalimpactfoundation1608.ngo,contact@globalimpactfoundation1608.global,Medium,Funding
1609,Global Impact Foundation 1609,USA,Education,Skill Development,www.globalimpactfoundation1609.global,contact@globalimpactfoundation1609.org,Medium,Funding
1610,Global Impact Foundation 1610,UAE,Education,Skill Development,www.globalimpactfoundation1610.ngo,contact@globalimpactfoundation1610.global,Low,Outreach
1611,Global Impact Foundation 1611,USA,Health,Community Health,www.globalimpactfoundation1611.global,contact@globalimpactfoundation1611.global,Medium,Funding
1612,Global Impact Foundation 1612,Kenya,Human Rights,Skill Development,www.globalimpactfoundation1612.ngo,contact@globalimpactfoundation1612.foundation,High,Partnership
1613,Global Impact Foundation 1613,South Africa,Child Welfare,Skill Development,www.globalimpactfoundation1613.global,contact@globalimpactfoundation1613.global,Medium,Funding
1614,Global Impact Foundation 1614,Kenya,Women Empowerment,Skill Development,www.globalimpactfoundation1614.org,contact@globalimpactfoundation1614.global,Low,Outreach
1615,Global Impact Foundation 1615,India,Education,Urban Support,www.globalimpactfoundation1615.ngo,contact@globalimpactfoundation1615.foundation,Medium,Pilot Testing
1616,Global Impact Foundation 1616,Canada,Health,Community Health,www.globalimpactfoundation1616.global,contact@globalimpactfoundation1616.ngo,Medium,Funding
1617,Global Impact Foundation 1617,UAE,Child Welfare,Policy Advocacy,www.globalimpactfoundation1617.global,contact@globalimpactfoundation1617.foundation,High,Outreach
1618,Global Impact Foundation 1618,USA,Environment,Community Health,www.globalimpactfoundation1618.global,contact@globalimpactfoundation1618.ngo,Low,Partnership
1619,Global Impact Foundation 1619,UAE,Education,Skill Development,www.globalimpactfoundation1619.foundation,contact@globalimpactfoundation1619.ngo,Low,Outreach
1620,Global Impact Foundation 1620,India,Environment,Skill Development,www.globalimpactfoundation1620.global,contact@globalimpactfoundation1620.foundation,High,Outreach
1621,Global Impact Foundation 1621,Kenya,Education,Community Health,www.globalimpactfoundation1621.foundation,contact@globalimpactfoundation1621.global,Low,Outreach
1622,Global Impact Foundation 1622,Canada,Environment,Skill Development,www.globalimpactfoundation1622.foundation,contact@globalimpactfoundation1622.foundation,High,Funding
1623,Global Impact Foundation 1623,Australia,Child Welfare,Community Health,www.globalimpactfoundation1623.ngo,contact@globalimpactfoundation1623.org,Medium,Partnership
1624,Global Impact Foundation 1624,Brazil,Environment,Community Health,www.globalimpactfoundation1624.org,contact@globalimpactfoundation1624.ngo,High,Outreach
1625,Global Impact Foundation 1625,UK,Human Rights,Urban Support,www.globalimpactfoundation1625.global,contact@globalimpactfoundation1625.global,High,Partnership
1626,Global Impact Foundation 1626,South Africa,Human Rights,Rural Development,www.globalimpactfoundation1626.foundation,contact@globalimpactfoundation1626.global,Low,Funding
1627,Global Impact Foundation 1627,UK,Poverty Relief,Community Health,www.globalimpactfoundation1627.ngo,contact@globalimpactfoundation1627.ngo,High,Partnership
1628,Global Impact Foundation 1628,Germany,Environment,Community Health,www.globalimpactfoundation1628.foundation,contact@globalimpactfoundation1628.org,High,Funding
1629,Global Impact Foundation 1629,UK,Education,Rural Development,www.globalimpactfoundation1629.org,contact@globalimpactfoundation1629.org,Medium,Pilot Testing
1630,Global Impact Foundation 1630,Kenya,Health,Rural Development,www.globalimpactfoundation1630.foundation,contact@globalimpactfoundation1630.org,High,Outreach
1631,Global Impact Foundation 1631,South Africa,Women Empowerment,Policy Advocacy,www.globalimpactfoundation1631.global,contact@globalimpactfoundation1631.ngo,Low,Partnership
1632,Global Impact Foundation 1632,South Africa,Poverty Relief,Skill Development,www.globalimpactfoundation1632.org,contact@globalimpactfoundation1632.foundation,High,Partnership
1633,Global Impact Foundation 1633,South Africa,Human Rights,Skill Development,www.globalimpactfoundation1633.ngo,contact@globalimpactfoundation1633.ngo,Low,Funding
1634,Global Impact Foundation 1634,UK,Human Rights,Urban Support,www.globalimpactfoundation1634.foundation,contact@globalimpactfoundation1634.ngo,Medium,Pilot Testing
1635,Global Impact Foundation 1635,UAE,Environment,Skill Development,www.globalimpactfoundation1635.global,contact@globalimpactfoundation1635.ngo,Medium,Pilot Testing
1636,Global Impact Foundation 1636,Kenya,Women Empowerment,Disaster Relief,www.globalimpactfoundation1636.org,contact@globalimpactfoundation1636.foundation,Low,Funding
1637,Global Impact Foundation 1637,UK,Education,Rural Development,www.globalimpactfoundation1637.org,contact@globalimpactfoundation1637.org,Medium,Partnership
1638,Global Impact Foundation 1638,India,Education,Community Health,www.globalimpactfoundation1638.global,contact@globalimpactfoundation1638.ngo,Medium,Partnership
1639,Global Impact Foundation 1639,Australia,Human Rights,Community Health,www.globalimpactfoundation1639.global,contact@globalimpactfoundation1639.global,Low,Funding
1640,Global Impact Foundation 1640,South Africa,Human Rights,Disaster Relief,www.globalimpactfoundation1640.global,contact@globalimpactfoundation1640.foundation,Low,Funding
1641,Global Impact Foundation 1641,USA,Human Rights,Urban Support,www.globalimpactfoundation1641.org,contact@globalimpactfoundation1641.org,Low,Outreach
1642,Global Impact Foundation 1642,USA,Women Empowerment,Urban Support,www.globalimpactfoundation1642.foundation,contact@globalimpactfoundation1642.org,Low,Funding
1643,Global Impact Foundation 1643,Brazil,Child Welfare,Skill Development,www.globalimpactfoundation1643.ngo,contact@globalimpactfoundation1643.org,Low,Partnership
1644,Global Impact Foundation 1644,Brazil,Women Empowerment,Disaster Relief,www.globalimpactfoundation1644.foundation,contact@globalimpactfoundation1644.global,Medium,Pilot Testing
1645,Global Impact Foundation 1645,USA,Human Rights,Community Health,www.globalimpactfoundation1645.org,contact@globalimpactfoundation1645.global,High,Partnership
1646,Global Impact Foundation 1646,Canada,Environment,Community Health,www.globalimpactfoundation1646.foundation,contact@globalimpactfoundation1646.ngo,High,Pilot Testing
1647,Global Impact Foundation 1647,Brazil,Health,Community Health,www.globalimpactfoundation1647.ngo,contact@globalimpactfoundation1647.org,High,Funding
1648,Global Impact Foundation 1648,India,Human Rights,Rural Development,www.globalimpactfoundation1648.foundation,contact@globalimpactfoundation1648.ngo,High,Funding
1649,Global Impact Foundation 1649,UAE,Human Rights,Urban Support,www.globalimpactfoundation1649.foundation,contact@globalimpactfoundation1649.org,High,Funding
1650,Global Impact Foundation 1650,USA,Poverty Relief,Disaster Relief,www.globalimpactfoundation1650.org,contact@globalimpactfoundation1650.ngo,Low,Partnership
1651,Global Impact Foundation 1651,Brazil,Environment,Policy Advocacy,www.globalimpactfoundation1651.ngo,contact@globalimpactfoundation1651.global,Medium,Pilot Testing
1652,Global Impact Foundation 1652,UK,Environment,Community Health,www.globalimpactfoundation1652.global,contact@globalimpactfoundation1652.org,Low,Partnership
1653,Global Impact Foundation 1653,Australia,Poverty Relief,Rural Development,www.globalimpactfoundation1653.foundation,contact@globalimpactfoundation1653.global,High,Outreach
1654,Global Impact Foundation 1654,India,Health,Policy Advocacy,www.globalimpactfoundation1654.foundation,contact@globalimpactfoundation1654.org,Medium,Partnership
1655,Global Impact Foundation 1655,Germany,Women Empowerment,Policy Advocacy,www.globalimpactfoundation1655.foundation,contact@globalimpactfoundation1655.ngo,High,Funding
1656,Global Impact Foundation 1656,Australia,Environment,Policy Advocacy,www.globalimpactfoundation1656.org,contact@globalimpactfoundation1656.ngo,Medium,Pilot Testing
1657,Global Impact Foundation 1657,South Africa,Environment,Disaster Relief,www.globalimpactfoundation1657.global,contact@globalimpactfoundation1657.global,High,Pilot Testing
1658,Global Impact Foundation 1658,South Africa,Education,Rural Development,www.globalimpactfoundation1658.ngo,contact@globalimpactfoundation1658.ngo,High,Funding
1659,Global Impact Foundation 1659,Canada,Poverty Relief,Urban Support,www.globalimpactfoundation1659.foundation,contact@globalimpactfoundation1659.ngo,Low,Partnership
1660,Global Impact Foundation 1660,UAE,Women Empowerment,Community Health,www.globalimpactfoundation1660.ngo,contact@globalimpactfoundation1660.global,Medium,Outreach
1661,Global Impact Foundation 1661,Brazil,Human Rights,Policy Advocacy,www.globalimpactfoundation1661.foundation,contact@globalimpactfoundation1661.ngo,Low,Outreach
1662,Global Impact Foundation 1662,Kenya,Child Welfare,Community Health,www.globalimpactfoundation1662.ngo,contact@globalimpactfoundation1662.org,Low,Funding
1663,Global Impact Foundation 1663,Kenya,Women Empowerment,Skill Development,www.globalimpactfoundation1663.org,contact@globalimpactfoundation1663.org,High,Pilot Testing
1664,Global Impact Foundation 1664,USA,Environment,Skill Development,www.globalimpactfoundation1664.ngo,contact@globalimpactfoundation1664.org,High,Funding
1665,Global Impact Foundation 1665,Canada,Women Empowerment,Rural Development,www.globalimpactfoundation1665.global,contact@globalimpactfoundation1665.ngo,Medium,Outreach
1666,Global Impact Foundation 1666,South Africa,Human Rights,Policy Advocacy,www.globalimpactfoundation1666.foundation,contact@globalimpactfoundation1666.foundation,High,Funding
1667,Global Impact Foundation 1667,South Africa,Human Rights,Rural Development,www.globalimpactfoundation1667.org,contact@globalimpactfoundation1667.org,High,Outreach
1668,Global Impact Foundation 1668,Kenya,Health,Disaster Relief,www.globalimpactfoundation1668.org,contact@globalimpactfoundation1668.foundation,Medium,Partnership
1669,Global Impact Foundation 1669,Brazil,Child Welfare,Urban Support,www.globalimpactfoundation1669.org,contact@globalimpactfoundation1669.global,Medium,Funding
1670,Global Impact Foundation 1670,India,Human Rights,Policy Advocacy,www.globalimpactfoundation1670.org,contact@globalimpactfoundation1670.ngo,Low,Pilot Testing
1671,Global Impact Foundation 1671,Kenya,Environment,Rural Development,www.globalimpactfoundation1671.foundation,contact@globalimpactfoundation1671.global,Medium,Partnership
1672,Global Impact Foundation 1672,UAE,Education,Urban Support,www.globalimpactfoundation1672.foundation,contact@globalimpactfoundation1672.org,Low,Pilot Testing
1673,Global Impact Foundation 1673,Kenya,Health,Urban Support,www.globalimpactfoundation1673.global,contact@globalimpactfoundation1673.org,Medium,Pilot Testing
1674,Global Impact Foundation 1674,Kenya,Environment,Skill Development,www.globalimpactfoundation1674.ngo,contact@globalimpactfoundation1674.ngo,Low,Pilot Testing
1675,Global Impact Foundation 1675,Germany,Poverty Relief,Disaster Relief,www.globalimpactfoundation1675.ngo,contact@globalimpactfoundation1675.global,Medium,Partnership
1676,Global Impact Foundation 1676,Brazil,Health,Disaster Relief,www.globalimpactfoundation1676.ngo,contact@globalimpactfoundation1676.ngo,Low,Funding
1677,Global Impact Foundation 1677,Australia,Human Rights,Disaster Relief,www.globalimpactfoundation1677.global,contact@globalimpactfoundation1677.global,Low,Outreach
1678,Global Impact Foundation 1678,Kenya,Education,Policy Advocacy,www.globalimpactfoundation1678.foundation,contact@globalimpactfoundation1678.org,Low,Outreach
1679,Global Impact Foundation 1679,USA,Environment,Skill Development,www.globalimpactfoundation1679.global,contact@globalimpactfoundation1679.ngo,Medium,Outreach
1680,Global Impact Foundation 1680,Germany,Education,Urban Support,www.globalimpactfoundation1680.ngo,contact@globalimpactfoundation1680.ngo,Medium,Funding
1681,Global Impact Foundation 1681,Brazil,Human Rights,Disaster Relief,www.globalimpactfoundation1681.ngo,contact@globalimpactfoundation1681.foundation,Medium,Partnership
1682,Global Impact Foundation 1682,Kenya,Child Welfare,Rural Development,www.globalimpactfoundation1682.foundation,contact@globalimpactfoundation1682.ngo,Medium,Partnership
1683,Global Impact Foundation 1683,Brazil,Environment,Policy Advocacy,www.globalimpactfoundation1683.foundation,contact@globalimpactfoundation1683.ngo,High,Funding
1684,Global Impact Foundation 1684,South Africa,Child Welfare,Disaster Relief,www.globalimpactfoundation1684.global,contact@globalimpactfoundation1684.global,Medium,Pilot Testing
1685,Global Impact Foundation 1685,South Africa,Health,Policy Advocacy,www.globalimpactfoundation1685.foundation,contact@globalimpactfoundation1685.foundation,Medium,Outreach
1686,Global Impact Foundation 1686,South Africa,Poverty Relief,Urban Support,www.globalimpactfoundation1686.global,contact@globalimpactfoundation1686.foundation,Low,Pilot Testing
1687,Global Impact Foundation 1687,South Africa,Environment,Policy Advocacy,www.globalimpactfoundation1687.ngo,contact@globalimpactfoundation1687.org,Low,Outreach
1688,Global Impact Foundation 1688,India,Education,Disaster Relief,www.globalimpactfoundation1688.foundation,contact@globalimpactfoundation1688.foundation,Medium,Funding
1689,Global Impact Foundation 1689,South Africa,Education,Rural Development,www.globalimpactfoundation1689.foundation,contact@globalimpactfoundation1689.foundation,Low,Pilot Testing
1690,Global Impact Foundation 1690,UAE,Women Empowerment,Community Health,www.globalimpactfoundation1690.ngo,contact@globalimpactfoundation1690.foundation,High,Outreach
1691,Global Impact Foundation 1691,USA,Poverty Relief,Disaster Relief,www.globalimpactfoundation1691.ngo,contact@globalimpactfoundation1691.ngo,High,Pilot Testing
1692,Global Impact Foundation 1692,UAE,Poverty Relief,Skill Development,www.globalimpactfoundation1692.global,contact@globalimpactfoundation1692.global,Medium,Partnership
1693,Global Impact Foundation 1693,Germany,Child Welfare,Community Health,www.globalimpactfoundation1693.ngo,contact@globalimpactfoundation1693.foundation,Medium,Pilot Testing
1694,Global Impact Foundation 1694,Brazil,Human Rights,Disaster Relief,www.globalimpactfoundation1694.foundation,contact@globalimpactfoundation1694.org,High,Funding
1695,Global Impact Foundation 1695,South Africa,Environment,Disaster Relief,www.globalimpactfoundation1695.global,contact@globalimpactfoundation1695.global,Medium,Pilot Testing
1696,Global Impact Foundation 1696,South Africa,Environment,Disaster Relief,www.globalimpactfoundation1696.ngo,contact@globalimpactfoundation1696.global,Medium,Partnership
1697,Global Impact Foundation 1697,India,Education,Urban Support,www.globalimpactfoundation1697.global,contact@globalimpactfoundation1697.org,High,Funding
1698,Global Impact Foundation 1698,UAE,Poverty Relief,Skill Development,www.globalimpactfoundation1698.global,contact@globalimpactfoundation1698.ngo,High,Pilot Testing
1699,Global Impact Foundation 1699,Brazil,Poverty Relief,Urban Support,www.globalimpactfoundation1699.ngo,contact@globalimpactfoundation1699.org,Medium,Outreach
1700,Global Impact Foundation 1700,Kenya,Child Welfare,Skill Development,www.globalimpactfoundation1700.ngo,contact@globalimpactfoundation1700.ngo,High,Partnership
1701,Global Impact Foundation 1701,India,Child Welfare,Disaster Relief,www.globalimpactfoundation1701.ngo,contact@globalimpactfoundation1701.ngo,High,Outreach
1702,Global Impact Foundation 1702,South Africa,Child Welfare,Skill Development,www.globalimpactfoundation1702.ngo,contact@globalimpactfoundation1702.ngo,High,Pilot Testing
1703,Global Impact Foundation 1703,UAE,Environment,Skill Development,www.globalimpactfoundation1703.foundation,contact@globalimpactfoundation1703.ngo,High,Pilot Testing
1704,Global Impact Foundation 1704,Canada,Poverty Relief,Rural Development,www.globalimpactfoundation1704.org,contact@globalimpactfoundation1704.foundation,High,Outreach
1705,Global Impact Foundation 1705,Australia,Environment,Disaster Relief,www.globalimpactfoundation1705.org,contact@globalimpactfoundation1705.ngo,Medium,Outreach
1706,Global Impact Foundation 1706,South Africa,Poverty Relief,Disaster Relief,www.globalimpactfoundation1706.org,contact@globalimpactfoundation1706.global,High,Funding
1707,Global Impact Foundation 1707,UK,Human Rights,Community Health,www.globalimpactfoundation1707.org,contact@globalimpactfoundation1707.ngo,Medium,Outreach
1708,Global Impact Foundation 1708,Kenya,Education,Policy Advocacy,www.globalimpactfoundation1708.global,contact@globalimpactfoundation1708.ngo,Medium,Pilot Testing
1709,Global Impact Foundation 1709,USA,Child Welfare,Skill Development,www.globalimpactfoundation1709.org,contact@globalimpactfoundation1709.foundation,Medium,Pilot Testing
1710,Global Impact Foundation 1710,Kenya,Child Welfare,Rural Development,www.globalimpactfoundation1710.foundation,contact@globalimpactfoundation1710.ngo,Low,Partnership
1711,Global Impact Foundation 1711,UAE,Health,Skill Development,www.globalimpactfoundation1711.org,contact@globalimpactfoundation1711.global,High,Pilot Testing
1712,Global Impact Foundation 1712,South Africa,Health,Disaster Relief,www.globalimpactfoundation1712.global,contact@globalimpactfoundation1712.org,Medium,Partnership
1713,Global Impact Foundation 1713,Brazil,Education,Skill Development,www.globalimpactfoundation1713.foundation,contact@globalimpactfoundation1713.org,Low,Pilot Testing
1714,Global Impact Foundation 1714,India,Human Rights,Policy Advocacy,www.globalimpactfoundation1714.foundation,contact@globalimpactfoundation1714.ngo,High,Partnership
1715,Global Impact Foundation 1715,South Africa,Education,Urban Support,www.globalimpactfoundation1715.foundation,contact@globalimpactfoundation1715.global,High,Funding
1716,Global Impact Foundation 1716,UK,Human Rights,Urban Support,www.globalimpactfoundation1716.foundation,contact@globalimpactfoundation1716.ngo,Medium,Outreach
1717,Global Impact Foundation 1717,Australia,Human Rights,Urban Support,www.globalimpactfoundation1717.foundation,contact@globalimpactfoundation1717.org,Medium,Outreach
1718,Global Impact Foundation 1718,Canada,Health,Skill Development,www.globalimpactfoundation1718.global,contact@globalimpactfoundation1718.global,Low,Funding
1719,Global Impact Foundation 1719,India,Education,Rural Development,www.globalimpactfoundation1719.global,contact@globalimpactfoundation1719.foundation,Low,Outreach
1720,Global Impact Foundation 1720,Australia,Health,Community Health,www.globalimpactfoundation1720.foundation,contact@globalimpactfoundation1720.foundation,Medium,Partnership
1721,Global Impact Foundation 1721,UK,Environment,Disaster Relief,www.globalimpactfoundation1721.org,contact@globalimpactfoundation1721.foundation,Medium,Funding
1722,Global Impact Foundation 1722,Germany,Human Rights,Community Health,www.globalimpactfoundation1722.global,contact@globalimpactfoundation1722.global,Low,Partnership
1723,Global Impact Foundation 1723,Australia,Child Welfare,Community Health,www.globalimpactfoundation1723.foundation,contact@globalimpactfoundation1723.ngo,High,Pilot Testing
1724,Global Impact Foundation 1724,South Africa,Education,Skill Development,www.globalimpactfoundation1724.ngo,contact@globalimpactfoundation1724.org,High,Funding
1725,Global Impact Foundation 1725,Australia,Poverty Relief,Policy Advocacy,www.globalimpactfoundation1725.ngo,contact@globalimpactfoundation1725.ngo,Medium,Pilot Testing
1726,Global Impact Foundation 1726,USA,Women Empowerment,Rural Development,www.globalimpactfoundation1726.ngo,contact@globalimpactfoundation1726.foundation,Medium,Partnership
1727,Global Impact Foundation 1727,South Africa,Health,Skill Development,www.globalimpactfoundation1727.ngo,contact@globalimpactfoundation1727.foundation,Low,Partnership
1728,Global Impact Foundation 1728,Brazil,Human Rights,Disaster Relief,www.globalimpactfoundation1728.foundation,contact@globalimpactfoundation1728.ngo,Medium,Partnership
1729,Global Impact Foundation 1729,UAE,Human Rights,Rural Development,www.globalimpactfoundation1729.global,contact@globalimpactfoundation1729.global,Low,Funding
1730,Global Impact Foundation 1730,UK,Education,Urban Support,www.globalimpactfoundation1730.ngo,contact@globalimpactfoundation1730.foundation,Medium,Outreach
1731,Global Impact Foundation 1731,UK,Education,Rural Development,www.globalimpactfoundation1731.global,contact@globalimpactfoundation1731.foundation,High,Pilot Testing
1732,Global Impact Foundation 1732,South Africa,Women Empowerment,Disaster Relief,www.globalimpactfoundation1732.foundation,contact@globalimpactfoundation1732.global,High,Partnership
1733,Global Impact Foundation 1733,UAE,Child Welfare,Rural Development,www.globalimpactfoundation1733.org,contact@globalimpactfoundation1733.foundation,Low,Pilot Testing
1734,Global Impact Foundation 1734,South Africa,Health,Disaster Relief,www.globalimpactfoundation1734.org,contact@globalimpactfoundation1734.ngo,Medium,Pilot Testing
1735,Global Impact Foundation 1735,Kenya,Health,Skill Development,www.globalimpactfoundation1735.global,contact@globalimpactfoundation1735.org,Medium,Pilot Testing
1736,Global Impact Foundation 1736,India,Environment,Disaster Relief,www.globalimpactfoundation1736.ngo,contact@globalimpactfoundation1736.ngo,High,Pilot Testing
1737,Global Impact Foundation 1737,UK,Child Welfare,Urban Support,www.globalimpactfoundation1737.foundation,contact@globalimpactfoundation1737.foundation,Low,Pilot Testing
1738,Global Impact Foundation 1738,Canada,Education,Urban Support,www.globalimpactfoundation1738.ngo,contact@globalimpactfoundation1738.global,High,Partnership
1739,Global Impact Foundation 1739,India,Women Empowerment,Policy Advocacy,www.globalimpactfoundation1739.ngo,contact@globalimpactfoundation1739.foundation,Medium,Outreach
1740,Global Impact Foundation 1740,Brazil,Human Rights,Rural Development,www.globalimpactfoundation1740.org,contact@globalimpactfoundation1740.foundation,Low,Pilot Testing
1741,Global Impact Foundation 1741,Kenya,Education,Disaster Relief,www.globalimpactfoundation1741.foundation,contact@globalimpactfoundation1741.org,Low,Pilot Testing
1742,Global Impact Foundation 1742,UK,Poverty Relief,Disaster Relief,www.globalimpactfoundation1742.foundation,contact@globalimpactfoundation1742.foundation,Low,Pilot Testing
1743,Global Impact Foundation 1743,USA,Health,Policy Advocacy,www.globalimpactfoundation1743.global,contact@globalimpactfoundation1743.ngo,Medium,Partnership
1744,Global Impact Foundation 1744,UK,Education,Community Health,www.globalimpactfoundation1744.foundation,contact@globalimpactfoundation1744.global,Medium,Outreach
1745,Global Impact Foundation 1745,Kenya,Environment,Rural Development,www.globalimpactfoundation1745.ngo,contact@globalimpactfoundation1745.foundation,Low,Pilot Testing
1746,Global Impact Foundation 1746,USA,Child Welfare,Policy Advocacy,www.globalimpactfoundation1746.global,contact@globalimpactfoundation1746.global,Low,Funding
1747,Global Impact Foundation 1747,Canada,Child Welfare,Disaster Relief,www.globalimpactfoundation1747.org,contact@globalimpactfoundation1747.org,Low,Pilot Testing
1748,Global Impact Foundation 1748,Germany,Environment,Community Health,www.globalimpactfoundation1748.global,contact@globalimpactfoundation1748.ngo,Low,Outreach
1749,Global Impact Foundation 1749,USA,Environment,Rural Development,www.globalimpactfoundation1749.foundation,contact@globalimpactfoundation1749.foundation,Low,Pilot Testing
1750,Global Impact Foundation 1750,Kenya,Health,Community Health,www.globalimpactfoundation1750.global,contact@globalimpactfoundation1750.ngo,Medium,Pilot Testing
1751,Global Impact Foundation 1751,India,Environment,Urban Support,www.globalimpactfoundation1751.global,contact@globalimpactfoundation1751.foundation,Medium,Pilot Testing
1752,Global Impact Foundation 1752,South Africa,Women Empowerment,Rural Development,www.globalimpactfoundation1752.ngo,contact@globalimpactfoundation1752.global,High,Funding
1753,Global Impact Foundation 1753,Kenya,Environment,Skill Development,www.globalimpactfoundation1753.ngo,contact@globalimpactfoundation1753.global,Low,Outreach
1754,Global Impact Foundation 1754,Australia,Child Welfare,Policy Advocacy,www.globalimpactfoundation1754.global,contact@globalimpactfoundation1754.foundation,Low,Funding
1755,Global Impact Foundation 1755,Canada,Human Rights,Rural Development,www.globalimpactfoundation1755.org,contact@globalimpactfoundation1755.global,High,Outreach
1756,Global Impact Foundation 1756,Brazil,Women Empowerment,Disaster Relief,www.globalimpactfoundation1756.ngo,contact@globalimpactfoundation1756.global,Medium,Outreach
1757,Global Impact Foundation 1757,Canada,Women Empowerment,Policy Advocacy,www.globalimpactfoundation1757.foundation,contact@globalimpactfoundation1757.org,High,Pilot Testing
1758,Global Impact Foundation 1758,India,Poverty Relief,Rural Development,www.globalimpactfoundation1758.foundation,contact@globalimpactfoundation1758.ngo,Low,Partnership
1759,Global Impact Foundation 1759,Australia,Poverty Relief,Disaster Relief,www.globalimpactfoundation1759.org,contact@globalimpactfoundation1759.org,Medium,Outreach
1760,Global Impact Foundation 1760,Germany,Poverty Relief,Skill Development,www.globalimpactfoundation1760.ngo,contact@globalimpactfoundation1760.foundation,High,Pilot Testing
1761,Global Impact Foundation 1761,Kenya,Environment,Community Health,www.globalimpactfoundation1761.ngo,contact@globalimpactfoundation1761.org,Medium,Partnership
1762,Global Impact Foundation 1762,Brazil,Child Welfare,Community Health,www.globalimpactfoundation1762.ngo,contact@globalimpactfoundation1762.org,Medium,Partnership
1763,Global Impact Foundation 1763,Canada,Education,Skill Development,www.globalimpactfoundation1763.foundation,contact@globalimpactfoundation1763.global,Low,Partnership
1764,Global Impact Foundation 1764,USA,Health,Community Health,www.globalimpactfoundation1764.ngo,contact@globalimpactfoundation1764.global,Low,Partnership
1765,Global Impact Foundation 1765,South Africa,Child Welfare,Policy Advocacy,www.globalimpactfoundation1765.foundation,contact@globalimpactfoundation1765.global,High,Funding
1766,Global Impact Foundation 1766,Australia,Child Welfare,Disaster Relief,www.globalimpactfoundation1766.global,contact@globalimpactfoundation1766.foundation,Medium,Pilot Testing
1767,Global Impact Foundation 1767,Kenya,Environment,Policy Advocacy,www.globalimpactfoundation1767.foundation,contact@globalimpactfoundation1767.foundation,High,Outreach
1768,Global Impact Foundation 1768,USA,Women Empowerment,Urban Support,www.globalimpactfoundation1768.ngo,contact@globalimpactfoundation1768.ngo,Medium,Outreach
1769,Global Impact Foundation 1769,USA,Poverty Relief,Urban Support,www.globalimpactfoundation1769.ngo,contact@globalimpactfoundation1769.org,High,Pilot Testing
1770,Global Impact Foundation 1770,UAE,Health,Community Health,www.globalimpactfoundation1770.foundation,contact@globalimpactfoundation1770.global,High,Pilot Testing
1771,Global Impact Foundation 1771,India,Child Welfare,Disaster Relief,www.globalimpactfoundation1771.global,contact@globalimpactfoundation1771.global,Medium,Funding
1772,Global Impact Foundation 1772,Brazil,Human Rights,Skill Development,www.globalimpactfoundation1772.global,contact@globalimpactfoundation1772.ngo,Low,Pilot Testing
1773,Global Impact Foundation 1773,UK,Child Welfare,Policy Advocacy,www.globalimpactfoundation1773.org,contact@globalimpactfoundation1773.ngo,Medium,Funding
1774,Global Impact Foundation 1774,India,Poverty Relief,Community Health,www.globalimpactfoundation1774.ngo,contact@globalimpactfoundation1774.foundation,High,Partnership
1775,Global Impact Foundation 1775,Germany,Women Empowerment,Urban Support,www.globalimpactfoundation1775.foundation,contact@globalimpactfoundation1775.global,Low,Pilot Testing
1776,Global Impact Foundation 1776,Kenya,Environment,Policy Advocacy,www.globalimpactfoundation1776.org,contact@globalimpactfoundation1776.foundation,High,Partnership
1777,Global Impact Foundation 1777,Australia,Health,Urban Support,www.globalimpactfoundation1777.org,contact@globalimpactfoundation1777.org,Low,Outreach
1778,Global Impact Foundation 1778,Kenya,Women Empowerment,Rural Development,www.globalimpactfoundation1778.foundation,contact@globalimpactfoundation1778.ngo,High,Pilot Testing
1779,Global Impact Foundation 1779,UK,Poverty Relief,Skill Development,www.globalimpactfoundation1779.global,contact@globalimpactfoundation1779.foundation,Low,Partnership
1780,Global Impact Foundation 1780,Canada,Education,Community Health,www.globalimpactfoundation1780.global,contact@globalimpactfoundation1780.org,Low,Funding
1781,Global Impact Foundation 1781,Brazil,Education,Policy Advocacy,www.globalimpactfoundation1781.global,contact@globalimpactfoundation1781.global,High,Outreach
1782,Global Impact Foundation 1782,Canada,Health,Skill Development,www.globalimpactfoundation1782.ngo,contact@globalimpactfoundation1782.foundation,Medium,Partnership
1783,Global Impact Foundation 1783,UAE,Environment,Policy Advocacy,www.globalimpactfoundation1783.global,contact@globalimpactfoundation1783.org,High,Funding
1784,Global Impact Foundation 1784,South Africa,Women Empowerment,Policy Advocacy,www.globalimpactfoundation1784.global,contact@globalimpactfoundation1784.ngo,Medium,Outreach
1785,Global Impact Foundation 1785,Australia,Education,Disaster Relief,www.globalimpactfoundation1785.global,contact@globalimpactfoundation1785.foundation,Low,Outreach
1786,Global Impact Foundation 1786,Brazil,Education,Urban Support,www.globalimpactfoundation1786.foundation,contact@globalimpactfoundation1786.global,High,Funding
1787,Global Impact Foundation 1787,Germany,Education,Rural Development,www.globalimpactfoundation1787.foundation,contact@globalimpactfoundation1787.global,Low,Funding
1788,Global Impact Foundation 1788,UAE,Women Empowerment,Community Health,www.globalimpactfoundation1788.foundation,contact@globalimpactfoundation1788.foundation,Low,Partnership
1789,Global Impact Foundation 1789,UAE,Health,Urban Support,www.globalimpactfoundation1789.org,contact@globalimpactfoundation1789.org,High,Outreach
1790,Global Impact Foundation 1790,Brazil,Child Welfare,Rural Development,www.globalimpactfoundation1790.foundation,contact@globalimpactfoundation1790.ngo,High,Partnership
1791,Global Impact Foundation 1791,USA,Women Empowerment,Urban Support,www.globalimpactfoundation1791.ngo,contact@globalimpactfoundation1791.ngo,High,Outreach
1792,Global Impact Foundation 1792,Australia,Health,Community Health,www.globalimpactfoundation1792.org,contact@globalimpactfoundation1792.global,Medium,Partnership
1793,Global Impact Foundation 1793,India,Education,Skill Development,www.globalimpactfoundation1793.global,contact@globalimpactfoundation1793.ngo,Medium,Outreach
1794,Global Impact Foundation 1794,Germany,Human Rights,Community Health,www.globalimpactfoundation1794.foundation,contact@globalimpactfoundation1794.global,High,Outreach
1795,Global Impact Foundation 1795,UAE,Health,Community Health,www.globalimpactfoundation1795.foundation,contact@globalimpactfoundation1795.org,High,Outreach
1796,Global Impact Foundation 1796,USA,Child Welfare,Policy Advocacy,www.globalimpactfoundation1796.global,contact@globalimpactfoundation1796.global,High,Outreach
1797,Global Impact Foundation 1797,UK,Human Rights,Policy Advocacy,www.globalimpactfoundation1797.ngo,contact@globalimpactfoundation1797.ngo,Low,Funding
1798,Global Impact Foundation 1798,Brazil,Child Welfare,Skill Development,www.globalimpactfoundation1798.foundation,contact@globalimpactfoundation1798.org,Medium,Pilot Testing
1799,Global Impact Foundation 1799,Brazil,Education,Policy Advocacy,www.globalimpactfoundation1799.foundation,contact@globalimpactfoundation1799.foundation,Low,Outreach
1800,Global Impact Foundation 1800,UK,Poverty Relief,Community Health,www.globalimpactfoundation1800.org,contact@globalimpactfoundation1800.foundation,Low,Pilot Testing
1801,Global Impact Foundation 1801,Australia,Women Empowerment,Rural Development,www.globalimpactfoundation1801.ngo,contact@globalimpactfoundation1801.ngo,Low,Pilot Testing
1802,Global Impact Foundation 1802,Brazil,Human Rights,Rural Development,www.globalimpactfoundation1802.org,contact@globalimpactfoundation1802.org,Medium,Partnership
1803,Global Impact Foundation 1803,Germany,Poverty Relief,Rural Development,www.globalimpactfoundation1803.foundation,contact@globalimpactfoundation1803.org,Low,Pilot Testing
1804,Global Impact Foundation 1804,South Africa,Human Rights,Rural Development,www.globalimpactfoundation1804.org,contact@globalimpactfoundation1804.ngo,Medium,Partnership
1805,Global Impact Foundation 1805,USA,Child Welfare,Disaster Relief,www.globalimpactfoundation1805.org,contact@globalimpactfoundation1805.global,Medium,Partnership
1806,Global Impact Foundation 1806,Kenya,Education,Skill Development,www.globalimpactfoundation1806.foundation,contact@globalimpactfoundation1806.ngo,High,Outreach
1807,Global Impact Foundation 1807,UAE,Poverty Relief,Rural Development,www.globalimpactfoundation1807.foundation,contact@globalimpactfoundation1807.ngo,High,Pilot Testing
1808,Global Impact Foundation 1808,UAE,Health,Skill Development,www.globalimpactfoundation1808.global,contact@globalimpactfoundation1808.global,Medium,Partnership
1809,Global Impact Foundation 1809,UK,Child Welfare,Skill Development,www.globalimpactfoundation1809.foundation,contact@globalimpactfoundation1809.org,Low,Funding
1810,Global Impact Foundation 1810,South Africa,Child Welfare,Urban Support,www.globalimpactfoundation1810.org,contact@globalimpactfoundation1810.foundation,High,Funding
1811,Global Impact Foundation 1811,UAE,Human Rights,Skill Development,www.globalimpactfoundation1811.org,contact@globalimpactfoundation1811.foundation,Low,Partnership
1812,Global Impact Foundation 1812,Germany,Poverty Relief,Skill Development,www.globalimpactfoundation1812.ngo,contact@globalimpactfoundation1812.org,High,Pilot Testing
1813,Global Impact Foundation 1813,Kenya,Child Welfare,Rural Development,www.globalimpactfoundation1813.global,contact@globalimpactfoundation1813.ngo,Medium,Pilot Testing
1814,Global Impact Foundation 1814,UAE,Environment,Disaster Relief,www.globalimpactfoundation1814.ngo,contact@globalimpactfoundation1814.ngo,High,Pilot Testing
1815,Global Impact Foundation 1815,Brazil,Poverty Relief,Community Health,www.globalimpactfoundation1815.global,contact@globalimpactfoundation1815.ngo,Low,Outreach
1816,Global Impact Foundation 1816,Germany,Human Rights,Skill Development,www.globalimpactfoundation1816.global,contact@globalimpactfoundation1816.foundation,Low,Pilot Testing
1817,Global Impact Foundation 1817,Canada,Poverty Relief,Skill Development,www.globalimpactfoundation1817.foundation,contact@globalimpactfoundation1817.global,High,Partnership
1818,Global Impact Foundation 1818,Kenya,Child Welfare,Community Health,www.globalimpactfoundation1818.foundation,contact@globalimpactfoundation1818.global,High,Funding
1819,Global Impact Foundation 1819,UAE,Environment,Urban Support,www.globalimpactfoundation1819.foundation,contact@globalimpactfoundation1819.global,High,Outreach
1820,Global Impact Foundation 1820,UK,Health,Policy Advocacy,www.globalimpactfoundation1820.ngo,contact@globalimpactfoundation1820.ngo,Medium,Partnership
1821,Global Impact Foundation 1821,Canada,Environment,Community Health,www.globalimpactfoundation1821.org,contact@globalimpactfoundation1821.org,High,Pilot Testing
1822,Global Impact Foundation 1822,UAE,Poverty Relief,Skill Development,www.globalimpactfoundation1822.org,contact@globalimpactfoundation1822.global,Low,Pilot Testing
1823,Global Impact Foundation 1823,Brazil,Poverty Relief,Urban Support,www.globalimpactfoundation1823.global,contact@globalimpactfoundation1823.global,Low,Pilot Testing
1824,Global Impact Foundation 1824,Germany,Human Rights,Policy Advocacy,www.globalimpactfoundation1824.org,contact@globalimpactfoundation1824.org,Low,Partnership
1825,Global Impact Foundation 1825,Australia,Human Rights,Policy Advocacy,www.globalimpactfoundation1825.global,contact@globalimpactfoundation1825.foundation,Medium,Funding
1826,Global Impact Foundation 1826,India,Environment,Skill Development,www.globalimpactfoundation1826.global,contact@globalimpactfoundation1826.foundation,Low,Outreach
1827,Global Impact Foundation 1827,Canada,Human Rights,Urban Support,www.globalimpactfoundation1827.foundation,contact@globalimpactfoundation1827.foundation,Low,Outreach
1828,Global Impact Foundation 1828,South Africa,Poverty Relief,Policy Advocacy,www.globalimpactfoundation1828.foundation,contact@globalimpactfoundation1828.global,Medium,Outreach
1829,Global Impact Foundation 1829,Germany,Child Welfare,Skill Development,www.globalimpactfoundation1829.org,contact@globalimpactfoundation1829.foundation,High,Funding
1830,Global Impact Foundation 1830,Brazil,Women Empowerment,Rural Development,www.globalimpactfoundation1830.ngo,contact@globalimpactfoundation1830.global,Medium,Pilot Testing
1831,Global Impact Foundation 1831,Germany,Health,Policy Advocacy,www.globalimpactfoundation1831.foundation,contact@globalimpactfoundation1831.org,Medium,Outreach
1832,Global Impact Foundation 1832,Kenya,Education,Community Health,www.globalimpactfoundation1832.global,contact@globalimpactfoundation1832.org,Medium,Partnership
1833,Global Impact Foundation 1833,Canada,Poverty Relief,Policy Advocacy,www.globalimpactfoundation1833.org,contact@globalimpactfoundation1833.foundation,High,Outreach
1834,Global Impact Foundation 1834,UAE,Education,Community Health,www.globalimpactfoundation1834.org,contact@globalimpactfoundation1834.org,Low,Pilot Testing
1835,Global Impact Foundation 1835,UK,Education,Urban Support,www.globalimpactfoundation1835.global,contact@globalimpactfoundation1835.ngo,High,Partnership
1836,Global Impact Foundation 1836,Canada,Health,Urban Support,www.globalimpactfoundation1836.org,contact@globalimpactfoundation1836.ngo,Medium,Pilot Testing
1837,Global Impact Foundation 1837,UK,Education,Rural Development,www.globalimpactfoundation1837.global,contact@globalimpactfoundation1837.global,Medium,Pilot Testing
1838,Global Impact Foundation 1838,Australia,Environment,Policy Advocacy,www.globalimpactfoundation1838.global,contact@globalimpactfoundation1838.ngo,Medium,Pilot Testing
1839,Global Impact Foundation 1839,USA,Environment,Skill Development,www.globalimpactfoundation1839.org,contact@globalimpactfoundation1839.foundation,Medium,Pilot Testing
1840,Global Impact Foundation 1840,USA,Health,Skill Development,www.globalimpactfoundation1840.ngo,contact@globalimpactfoundation1840.org,Medium,Pilot Testing
1841,Global Impact Foundation 1841,Brazil,Child Welfare,Community Health,www.globalimpactfoundation1841.org,contact@globalimpactfoundation1841.foundation,High,Pilot Testing
1842,Global Impact Foundation 1842,Australia,Education,Urban Support,www.globalimpactfoundation1842.ngo,contact@globalimpactfoundation1842.global,Medium,Funding
1843,Global Impact Foundation 1843,Australia,Environment,Policy Advocacy,www.globalimpactfoundation1843.global,contact@globalimpactfoundation1843.org,High,Pilot Testing
1844,Global Impact Foundation 1844,Germany,Child Welfare,Urban Support,www.globalimpactfoundation1844.global,contact@globalimpactfoundation1844.ngo,Low,Pilot Testing
1845,Global Impact Foundation 1845,USA,Women Empowerment,Policy Advocacy,www.globalimpactfoundation1845.foundation,contact@globalimpactfoundation1845.global,High,Outreach
1846,Global Impact Foundation 1846,Brazil,Poverty Relief,Rural Development,www.globalimpactfoundation1846.global,contact@globalimpactfoundation1846.global,Medium,Outreach
1847,Global Impact Foundation 1847,India,Poverty Relief,Disaster Relief,www.globalimpactfoundation1847.org,contact@globalimpactfoundation1847.ngo,Low,Partnership
1848,Global Impact Foundation 1848,USA,Child Welfare,Urban Support,www.globalimpactfoundation1848.ngo,contact@globalimpactfoundation1848.org,High,Partnership
1849,Global Impact Foundation 1849,Canada,Poverty Relief,Community Health,www.globalimpactfoundation1849.global,contact@globalimpactfoundation1849.ngo,High,Funding
1850,Global Impact Foundation 1850,Australia,Women Empowerment,Policy Advocacy,www.globalimpactfoundation1850.org,contact@globalimpactfoundation1850.foundation,Medium,Outreach
1851,Global Impact Foundation 1851,UAE,Health,Policy Advocacy,www.globalimpactfoundation1851.ngo,contact@globalimpactfoundation1851.global,High,Funding
1852,Global Impact Foundation 1852,UK,Education,Community Health,www.globalimpactfoundation1852.foundation,contact@globalimpactfoundation1852.org,High,Outreach
1853,Global Impact Foundation 1853,Australia,Education,Skill Development,www.globalimpactfoundation1853.foundation,contact@globalimpactfoundation1853.ngo,Low,Outreach
1854,Global Impact Foundation 1854,Canada,Human Rights,Community Health,www.globalimpactfoundation1854.org,contact@globalimpactfoundation1854.ngo,Medium,Funding
1855,Global Impact Foundation 1855,India,Poverty Relief,Urban Support,www.globalimpactfoundation1855.foundation,contact@globalimpactfoundation1855.org,High,Pilot Testing
1856,Global Impact Foundation 1856,Australia,Education,Community Health,www.globalimpactfoundation1856.foundation,contact@globalimpactfoundation1856.global,High,Outreach
1857,Global Impact Foundation 1857,Canada,Education,Skill Development,www.globalimpactfoundation1857.org,contact@globalimpactfoundation1857.ngo,Low,Outreach
1858,Global Impact Foundation 1858,Brazil,Poverty Relief,Skill Development,www.globalimpactfoundation1858.global,contact@globalimpactfoundation1858.ngo,Low,Pilot Testing
1859,Global Impact Foundation 1859,UAE,Child Welfare,Rural Development,www.globalimpactfoundation1859.ngo,contact@globalimpactfoundation1859.ngo,Medium,Pilot Testing
1860,Global Impact Foundation 1860,UK,Human Rights,Urban Support,www.globalimpactfoundation1860.ngo,contact@globalimpactfoundation1860.ngo,Medium,Funding
1861,Global Impact Foundation 1861,South Africa,Health,Disaster Relief,www.globalimpactfoundation1861.foundation,contact@globalimpactfoundation1861.global,High,Pilot Testing
1862,Global Impact Foundation 1862,UK,Women Empowerment,Community Health,www.globalimpactfoundation1862.foundation,contact@globalimpactfoundation1862.org,Low,Partnership
1863,Global Impact Foundation 1863,UK,Human Rights,Community Health,www.globalimpactfoundation1863.foundation,contact@globalimpactfoundation1863.global,Medium,Funding
1864,Global Impact Foundation 1864,UAE,Human Rights,Urban Support,www.globalimpactfoundation1864.foundation,contact@globalimpactfoundation1864.org,High,Partnership
1865,Global Impact Foundation 1865,Germany,Child Welfare,Community Health,www.globalimpactfoundation1865.org,contact@globalimpactfoundation1865.global,Medium,Funding
1866,Global Impact Foundation 1866,Germany,Human Rights,Policy Advocacy,www.globalimpactfoundation1866.global,contact@globalimpactfoundation1866.global,Medium,Partnership
1867,Global Impact Foundation 1867,UAE,Education,Urban Support,www.globalimpactfoundation1867.foundation,contact@globalimpactfoundation1867.global,Low,Pilot Testing
1868,Global Impact Foundation 1868,Canada,Child Welfare,Community Health,www.globalimpactfoundation1868.foundation,contact@globalimpactfoundation1868.org,Low,Pilot Testing
1869,Global Impact Foundation 1869,India,Education,Skill Development,www.globalimpactfoundation1869.ngo,contact@globalimpactfoundation1869.foundation,Medium,Pilot Testing
1870,Global Impact Foundation 1870,USA,Environment,Rural Development,www.globalimpactfoundation1870.ngo,contact@globalimpactfoundation1870.ngo,High,Partnership
1871,Global Impact Foundation 1871,Kenya,Women Empowerment,Rural Development,www.globalimpactfoundation1871.foundation,contact@globalimpactfoundation1871.org,Medium,Funding
1872,Global Impact Foundation 1872,Australia,Human Rights,Rural Development,www.globalimpactfoundation1872.ngo,contact@globalimpactfoundation1872.ngo,High,Partnership
1873,Global Impact Foundation 1873,India,Environment,Skill Development,www.globalimpactfoundation1873.ngo,contact@globalimpactfoundation1873.org,Low,Outreach
1874,Global Impact Foundation 1874,UAE,Child Welfare,Disaster Relief,www.globalimpactfoundation1874.org,contact@globalimpactfoundation1874.global,High,Funding
1875,Global Impact Foundation 1875,Brazil,Environment,Disaster Relief,www.globalimpactfoundation1875.org,contact@globalimpactfoundation1875.global,Medium,Funding
1876,Global Impact Foundation 1876,Germany,Education,Disaster Relief,www.globalimpactfoundation1876.global,contact@globalimpactfoundation1876.global,Low,Partnership
1877,Global Impact Foundation 1877,Kenya,Women Empowerment,Community Health,www.globalimpactfoundation1877.foundation,contact@globalimpactfoundation1877.ngo,Low,Funding
1878,Global Impact Foundation 1878,South Africa,Education,Disaster Relief,www.globalimpactfoundation1878.global,contact@globalimpactfoundation1878.global,Medium,Partnership
1879,Global Impact Foundation 1879,Brazil,Poverty Relief,Policy Advocacy,www.globalimpactfoundation1879.org,contact@globalimpactfoundation1879.ngo,Low,Outreach
1880,Global Impact Foundation 1880,Kenya,Poverty Relief,Community Health,www.globalimpactfoundation1880.ngo,contact@globalimpactfoundation1880.global,High,Funding
1881,Global Impact Foundation 1881,Australia,Poverty Relief,Policy Advocacy,www.globalimpactfoundation1881.ngo,contact@globalimpactfoundation1881.org,Low,Funding
1882,Global Impact Foundation 1882,Canada,Environment,Disaster Relief,www.globalimpactfoundation1882.foundation,contact@globalimpactfoundation1882.org,Medium,Outreach
1883,Global Impact Foundation 1883,Canada,Child Welfare,Policy Advocacy,www.globalimpactfoundation1883.global,contact@globalimpactfoundation1883.global,High,Pilot Testing
1884,Global Impact Foundation 1884,Germany,Poverty Relief,Policy Advocacy,www.globalimpactfoundation1884.ngo,contact@globalimpactfoundation1884.org,High,Funding
1885,Global Impact Foundation 1885,Germany,Women Empowerment,Urban Support,www.globalimpactfoundation1885.foundation,contact@globalimpactfoundation1885.global,High,Partnership
1886,Global Impact Foundation 1886,Australia,Women Empowerment,Rural Development,www.globalimpactfoundation1886.foundation,contact@globalimpactfoundation1886.foundation,High,Outreach
1887,Global Impact Foundation 1887,Canada,Child Welfare,Community Health,www.globalimpactfoundation1887.org,contact@globalimpactfoundation1887.org,Medium,Outreach
1888,Global Impact Foundation 1888,Australia,Education,Urban Support,www.globalimpactfoundation1888.global,contact@globalimpactfoundation1888.foundation,Low,Pilot Testing
1889,Global Impact Foundation 1889,UAE,Education,Community Health,www.globalimpactfoundation1889.global,contact@globalimpactfoundation1889.org,Low,Funding
1890,Global Impact Foundation 1890,UK,Environment,Skill Development,www.globalimpactfoundation1890.ngo,contact@globalimpactfoundation1890.ngo,High,Outreach
1891,Global Impact Foundation 1891,South Africa,Child Welfare,Urban Support,www.globalimpactfoundation1891.ngo,contact@globalimpactfoundation1891.org,Low,Funding
1892,Global Impact Foundation 1892,Canada,Education,Urban Support,www.globalimpactfoundation1892.foundation,contact@globalimpactfoundation1892.ngo,Low,Funding
1893,Global Impact Foundation 1893,USA,Women Empowerment,Skill Development,www.globalimpactfoundation1893.foundation,contact@globalimpactfoundation1893.org,High,Outreach
1894,Global Impact Foundation 1894,Australia,Poverty Relief,Policy Advocacy,www.globalimpactfoundation1894.ngo,contact@globalimpactfoundation1894.org,Low,Partnership
1895,Global Impact Foundation 1895,Kenya,Poverty Relief,Disaster Relief,www.globalimpactfoundation1895.foundation,contact@globalimpactfoundation1895.ngo,High,Outreach
1896,Global Impact Foundation 1896,India,Women Empowerment,Policy Advocacy,www.globalimpactfoundation1896.global,contact@globalimpactfoundation1896.foundation,Low,Outreach
1897,Global Impact Foundation 1897,USA,Child Welfare,Community Health,www.globalimpactfoundation1897.foundation,contact@globalimpactfoundation1897.global,Low,Outreach
1898,Global Impact Foundation 1898,Australia,Health,Rural Development,www.globalimpactfoundation1898.foundation,contact@globalimpactfoundation1898.org,High,Outreach
1899,Global Impact Foundation 1899,Kenya,Human Rights,Skill Development,www.globalimpactfoundation1899.org,contact@globalimpactfoundation1899.foundation,Medium,Partnership
1900,Global Impact Foundation 1900,UAE,Child Welfare,Policy Advocacy,www.globalimpactfoundation1900.global,contact@globalimpactfoundation1900.global,High,Pilot Testing
1901,Global Impact Foundation 1901,South Africa,Education,Disaster Relief,www.globalimpactfoundation1901.org,contact@globalimpactfoundation1901.global,High,Partnership
1902,Global Impact Foundation 1902,India,Poverty Relief,Disaster Relief,www.globalimpactfoundation1902.foundation,contact@globalimpactfoundation1902.org,Medium,Pilot Testing
1903,Global Impact Foundation 1903,Australia,Women Empowerment,Urban Support,www.globalimpactfoundation1903.org,contact@globalimpactfoundation1903.ngo,Low,Funding
1904,Global Impact Foundation 1904,Kenya,Women Empowerment,Disaster Relief,www.globalimpactfoundation1904.org,contact@globalimpactfoundation1904.foundation,Medium,Pilot Testing
1905,Global Impact Foundation 1905,USA,Human Rights,Policy Advocacy,www.globalimpactfoundation1905.ngo,contact@globalimpactfoundation1905.ngo,High,Pilot Testing
1906,Global Impact Foundation 1906,USA,Education,Rural Development,www.globalimpactfoundation1906.org,contact@globalimpactfoundation1906.global,Medium,Funding
1907,Global Impact Foundation 1907,UK,Poverty Relief,Community Health,www.globalimpactfoundation1907.foundation,contact@globalimpactfoundation1907.global,Medium,Funding
1908,Global Impact Foundation 1908,USA,Education,Community Health,www.globalimpactfoundation1908.foundation,contact@globalimpactfoundation1908.org,Medium,Partnership
1909,Global Impact Foundation 1909,South Africa,Child Welfare,Urban Support,www.globalimpactfoundation1909.org,contact@globalimpactfoundation1909.org,High,Funding
1910,Global Impact Foundation 1910,Canada,Poverty Relief,Disaster Relief,www.globalimpactfoundation1910.foundation,contact@globalimpactfoundation1910.org,Low,Pilot Testing
1911,Global Impact Foundation 1911,India,Education,Rural Development,www.globalimpactfoundation1911.ngo,contact@globalimpactfoundation1911.ngo,Medium,Pilot Testing
1912,Global Impact Foundation 1912,USA,Child Welfare,Rural Development,www.globalimpactfoundation1912.ngo,contact@globalimpactfoundation1912.global,Medium,Outreach
1913,Global Impact Foundation 1913,UAE,Poverty Relief,Community Health,www.globalimpactfoundation1913.org,contact@globalimpactfoundation1913.org,Medium,Funding
1914,Global Impact Foundation 1914,Germany,Environment,Community Health,www.globalimpactfoundation1914.global,contact@globalimpactfoundation1914.global,Low,Partnership
1915,Global Impact Foundation 1915,Kenya,Education,Rural Development,www.globalimpactfoundation1915.org,contact@globalimpactfoundation1915.org,High,Pilot Testing
1916,Global Impact Foundation 1916,Germany,Environment,Policy Advocacy,www.globalimpactfoundation1916.foundation,contact@globalimpactfoundation1916.foundation,High,Partnership
1917,Global Impact Foundation 1917,Germany,Human Rights,Rural Development,www.globalimpactfoundation1917.global,contact@globalimpactfoundation1917.ngo,High,Funding
1918,Global Impact Foundation 1918,Brazil,Environment,Policy Advocacy,www.globalimpactfoundation1918.org,contact@globalimpactfoundation1918.foundation,Low,Funding
1919,Global Impact Foundation 1919,South Africa,Women Empowerment,Policy Advocacy,www.globalimpactfoundation1919.global,contact@globalimpactfoundation1919.ngo,Low,Outreach
1920,Global Impact Foundation 1920,Australia,Women Empowerment,Community Health,www.globalimpactfoundation1920.foundation,contact@globalimpactfoundation1920.org,Medium,Funding
1921,Global Impact Foundation 1921,UK,Environment,Community Health,www.globalimpactfoundation1921.global,contact@globalimpactfoundation1921.ngo,Medium,Funding
1922,Global Impact Foundation 1922,Brazil,Child Welfare,Skill Development,www.globalimpactfoundation1922.foundation,contact@globalimpactfoundation1922.global,High,Outreach
1923,Global Impact Foundation 1923,Brazil,Child Welfare,Policy Advocacy,www.globalimpactfoundation1923.global,contact@globalimpactfoundation1923.ngo,Medium,Partnership
1924,Global Impact Foundation 1924,South Africa,Human Rights,Disaster Relief,www.globalimpactfoundation1924.org,contact@globalimpactfoundation1924.ngo,Low,Funding
1925,Global Impact Foundation 1925,Kenya,Women Empowerment,Disaster Relief,www.globalimpactfoundation1925.global,contact@globalimpactfoundation1925.global,Medium,Pilot Testing
1926,Global Impact Foundation 1926,India,Education,Skill Development,www.globalimpactfoundation1926.global,contact@globalimpactfoundation1926.foundation,Medium,Pilot Testing
1927,Global Impact Foundation 1927,Brazil,Education,Policy Advocacy,www.globalimpactfoundation1927.ngo,contact@globalimpactfoundation1927.global,Low,Partnership
1928,Global Impact Foundation 1928,South Africa,Health,Community Health,www.globalimpactfoundation1928.org,contact@globalimpactfoundation1928.org,Low,Funding
1929,Global Impact Foundation 1929,UK,Education,Community Health,www.globalimpactfoundation1929.ngo,contact@globalimpactfoundation1929.global,Low,Pilot Testing
1930,Global Impact Foundation 1930,Germany,Poverty Relief,Skill Development,www.globalimpactfoundation1930.ngo,contact@globalimpactfoundation1930.ngo,High,Funding
1931,Global Impact Foundation 1931,Brazil,Health,Community Health,www.globalimpactfoundation1931.foundation,contact@globalimpactfoundation1931.org,Low,Partnership
1932,Global Impact Foundation 1932,Germany,Education,Skill Development,www.globalimpactfoundation1932.global,contact@globalimpactfoundation1932.foundation,Low,Partnership
1933,Global Impact Foundation 1933,Canada,Education,Rural Development,www.globalimpactfoundation1933.foundation,contact@globalimpactfoundation1933.ngo,High,Funding
1934,Global Impact Foundation 1934,Canada,Women Empowerment,Skill Development,www.globalimpactfoundation1934.ngo,contact@globalimpactfoundation1934.global,High,Outreach
1935,Global Impact Foundation 1935,UAE,Poverty Relief,Rural Development,www.globalimpactfoundation1935.org,contact@globalimpactfoundation1935.foundation,Low,Pilot Testing
1936,Global Impact Foundation 1936,USA,Health,Skill Development,www.globalimpactfoundation1936.ngo,contact@globalimpactfoundation1936.foundation,Low,Outreach
1937,Global Impact Foundation 1937,UK,Human Rights,Urban Support,www.globalimpactfoundation1937.org,contact@globalimpactfoundation1937.org,High,Outreach
1938,Global Impact Foundation 1938,UAE,Child Welfare,Disaster Relief,www.globalimpactfoundation1938.global,contact@globalimpactfoundation1938.global,High,Funding
1939,Global Impact Foundation 1939,USA,Health,Policy Advocacy,www.globalimpactfoundation1939.org,contact@globalimpactfoundation1939.foundation,High,Pilot Testing
1940,Global Impact Foundation 1940,UAE,Women Empowerment,Urban Support,www.globalimpactfoundation1940.ngo,contact@globalimpactfoundation1940.global,Low,Pilot Testing
1941,Global Impact Foundation 1941,UK,Human Rights,Urban Support,www.globalimpactfoundation1941.foundation,contact@globalimpactfoundation1941.global,Medium,Partnership
1942,Global Impact Foundation 1942,Kenya,Women Empowerment,Rural Development,www.globalimpactfoundation1942.ngo,contact@globalimpactfoundation1942.foundation,Low,Funding
1943,Global Impact Foundation 1943,Brazil,Environment,Urban Support,www.globalimpactfoundation1943.ngo,contact@globalimpactfoundation1943.foundation,Low,Partnership
1944,Global Impact Foundation 1944,UAE,Poverty Relief,Rural Development,www.globalimpactfoundation1944.global,contact@globalimpactfoundation1944.ngo,Medium,Funding
1945,Global Impact Foundation 1945,Brazil,Education,Policy Advocacy,www.globalimpactfoundation1945.org,contact@globalimpactfoundation1945.global,Medium,Partnership
1946,Global Impact Foundation 1946,India,Women Empowerment,Rural Development,www.globalimpactfoundation1946.org,contact@globalimpactfoundation1946.org,Low,Outreach
1947,Global Impact Foundation 1947,Germany,Child Welfare,Skill Development,www.globalimpactfoundation1947.ngo,contact@globalimpactfoundation1947.org,High,Funding
1948,Global Impact Foundation 1948,Brazil,Education,Skill Development,www.globalimpactfoundation1948.global,contact@globalimpactfoundation1948.org,Low,Outreach
1949,Global Impact Foundation 1949,UK,Human Rights,Rural Development,www.globalimpactfoundation1949.global,contact@globalimpactfoundation1949.org,Medium,Pilot Testing
1950,Global Impact Foundation 1950,Germany,Health,Policy Advocacy,www.globalimpactfoundation1950.ngo,contact@globalimpactfoundation1950.org,High,Funding
1951,Global Impact Foundation 1951,Brazil,Environment,Skill Development,www.globalimpactfoundation1951.org,contact@globalimpactfoundation1951.foundation,Low,Pilot Testing
1952,Global Impact Foundation 1952,South Africa,Child Welfare,Policy Advocacy,www.globalimpactfoundation1952.global,contact@globalimpactfoundation1952.ngo,Medium,Partnership
1953,Global Impact Foundation 1953,UAE,Child Welfare,Policy Advocacy,www.globalimpactfoundation1953.foundation,contact@globalimpactfoundation1953.ngo,Low,Partnership
1954,Global Impact Foundation 1954,South Africa,Health,Skill Development,www.globalimpactfoundation1954.foundation,contact@globalimpactfoundation1954.ngo,Low,Funding
1955,Global Impact Foundation 1955,Kenya,Environment,Policy Advocacy,www.globalimpactfoundation1955.org,contact@globalimpactfoundation1955.ngo,Medium,Funding
1956,Global Impact Foundation 1956,Kenya,Human Rights,Disaster Relief,www.globalimpactfoundation1956.ngo,contact@globalimpactfoundation1956.foundation,Low,Partnership
1957,Global Impact Foundation 1957,Canada,Education,Policy Advocacy,www.globalimpactfoundation1957.ngo,contact@globalimpactfoundation1957.ngo,Low,Partnership
1958,Global Impact Foundation 1958,Germany,Education,Community Health,www.globalimpactfoundation1958.ngo,contact@globalimpactfoundation1958.ngo,High,Outreach
1959,Global Impact Foundation 1959,Germany,Poverty Relief,Community Health,www.globalimpactfoundation1959.ngo,contact@globalimpactfoundation1959.org,High,Funding
1960,Global Impact Foundation 1960,Kenya,Health,Rural Development,www.globalimpactfoundation1960.org,contact@globalimpactfoundation1960.ngo,Medium,Partnership
1961,Global Impact Foundation 1961,UK,Women Empowerment,Skill Development,www.globalimpactfoundation1961.foundation,contact@globalimpactfoundation1961.org,High,Partnership
1962,Global Impact Foundation 1962,UK,Health,Rural Development,www.globalimpactfoundation1962.org,contact@globalimpactfoundation1962.foundation,High,Partnership
1963,Global Impact Foundation 1963,Brazil,Women Empowerment,Skill Development,www.globalimpactfoundation1963.global,contact@globalimpactfoundation1963.org,High,Partnership
1964,Global Impact Foundation 1964,Brazil,Environment,Urban Support,www.globalimpactfoundation1964.ngo,contact@globalimpactfoundation1964.org,Medium,Outreach
1965,Global Impact Foundation 1965,UAE,Poverty Relief,Community Health,www.globalimpactfoundation1965.foundation,contact@globalimpactfoundation1965.ngo,Low,Partnership
1966,Global Impact Foundation 1966,UAE,Human Rights,Disaster Relief,www.globalimpactfoundation1966.global,contact@globalimpactfoundation1966.ngo,Medium,Funding
1967,Global Impact Foundation 1967,UAE,Health,Urban Support,www.globalimpactfoundation1967.ngo,contact@globalimpactfoundation1967.global,High,Funding
1968,Global Impact Foundation 1968,UAE,Child Welfare,Skill Development,www.globalimpactfoundation1968.org,contact@globalimpactfoundation1968.foundation,Low,Pilot Testing
1969,Global Impact Foundation 1969,Canada,Health,Rural Development,www.globalimpactfoundation1969.foundation,contact@globalimpactfoundation1969.global,High,Pilot Testing
1970,Global Impact Foundation 1970,Canada,Human Rights,Policy Advocacy,www.globalimpactfoundation1970.foundation,contact@globalimpactfoundation1970.foundation,Medium,Pilot Testing
1971,Global Impact Foundation 1971,Canada,Child Welfare,Policy Advocacy,www.globalimpactfoundation1971.global,contact@globalimpactfoundation1971.foundation,High,Funding
1972,Global Impact Foundation 1972,UAE,Education,Rural Development,www.globalimpactfoundation1972.global,contact@globalimpactfoundation1972.foundation,Low,Outreach
1973,Global Impact Foundation 1973,South Africa,Health,Disaster Relief,www.globalimpactfoundation1973.ngo,contact@globalimpactfoundation1973.ngo,High,Outreach
1974,Global Impact Foundation 1974,Canada,Environment,Disaster Relief,www.globalimpactfoundation1974.org,contact@globalimpactfoundation1974.global,Medium,Outreach
1975,Global Impact Foundation 1975,Canada,Poverty Relief,Urban Support,www.globalimpactfoundation1975.foundation,contact@globalimpactfoundation1975.foundation,Low,Partnership
1976,Global Impact Foundation 1976,USA,Human Rights,Disaster Relief,www.globalimpactfoundation1976.org,contact@globalimpactfoundation1976.ngo,Low,Outreach
1977,Global Impact Foundation 1977,Australia,Education,Skill Development,www.globalimpactfoundation1977.global,contact@globalimpactfoundation1977.org,Medium,Pilot Testing
1978,Global Impact Foundation 1978,India,Poverty Relief,Policy Advocacy,www.globalimpactfoundation1978.ngo,contact@globalimpactfoundation1978.global,Medium,Outreach
1979,Global Impact Foundation 1979,South Africa,Women Empowerment,Policy Advocacy,www.globalimpactfoundation1979.foundation,contact@globalimpactfoundation1979.foundation,Low,Pilot Testing
1980,Global Impact Foundation 1980,Australia,Women Empowerment,Policy Advocacy,www.globalimpactfoundation1980.ngo,contact@globalimpactfoundation1980.foundation,High,Pilot Testing
1981,Global Impact Foundation 1981,UK,Health,Community Health,www.globalimpactfoundation1981.ngo,contact@globalimpactfoundation1981.global,Medium,Outreach
1982,Global Impact Foundation 1982,Kenya,Women Empowerment,Community Health,www.globalimpactfoundation1982.foundation,contact@globalimpactfoundation1982.foundation,High,Pilot Testing
1983,Global Impact Foundation 1983,South Africa,Health,Rural Development,www.globalimpactfoundation1983.org,contact@globalimpactfoundation1983.ngo,Medium,Partnership
1984,Global Impact Foundation 1984,Kenya,Health,Policy Advocacy,www.globalimpactfoundation1984.foundation,contact@globalimpactfoundation1984.ngo,Medium,Outreach
1985,Global Impact Foundation 1985,India,Human Rights,Disaster Relief,www.globalimpactfoundation1985.org,contact@globalimpactfoundation1985.foundation,Medium,Funding
1986,Global Impact Foundation 1986,Germany,Women Empowerment,Skill Development,www.globalimpactfoundation1986.org,contact@globalimpactfoundation1986.foundation,High,Pilot Testing
1987,Global Impact Foundation 1987,USA,Child Welfare,Rural Development,www.globalimpactfoundation1987.foundation,contact@globalimpactfoundation1987.org,Low,Outreach
1988,Global Impact Foundation 1988,South Africa,Child Welfare,Skill Development,www.globalimpactfoundation1988.global,contact@globalimpactfoundation1988.foundation,Medium,Funding
1989,Global Impact Foundation 1989,South Africa,Health,Disaster Relief,www.globalimpactfoundation1989.org,contact@globalimpactfoundation1989.global,High,Outreach
1990,Global Impact Foundation 1990,Canada,Human Rights,Urban Support,www.globalimpactfoundation1990.foundation,contact@globalimpactfoundation1990.org,Medium,Outreach
1991,Global Impact Foundation 1991,Brazil,Women Empowerment,Community Health,www.globalimpactfoundation1991.ngo,contact@globalimpactfoundation1991.foundation,Low,Pilot Testing
1992,Global Impact Foundation 1992,Brazil,Environment,Urban Support,www.globalimpactfoundation1992.ngo,contact@globalimpactfoundation1992.foundation,High,Pilot Testing
1993,Global Impact Foundation 1993,USA,Human Rights,Policy Advocacy,www.globalimpactfoundation1993.org,contact@globalimpactfoundation1993.foundation,Medium,Funding
1994,Global Impact Foundation 1994,USA,Education,Urban Support,www.globalimpactfoundation1994.ngo,contact@globalimpactfoundation1994.global,Medium,Pilot Testing
1995,Global Impact Foundation 1995,Brazil,Health,Disaster Relief,www.globalimpactfoundation1995.foundation,contact@globalimpactfoundation1995.global,Medium,Outreach
1996,Global Impact Foundation 1996,UK,Health,Policy Advocacy,www.globalimpactfoundation1996.foundation,contact@globalimpactfoundation1996.ngo,Medium,Outreach
1997,Global Impact Foundation 1997,Kenya,Health,Skill Development,www.globalimpactfoundation1997.foundation,contact@globalimpactfoundation1997.ngo,Medium,Funding
1998,Global Impact Foundation 1998,Kenya,Women Empowerment,Disaster Relief,www.globalimpactfoundation1998.global,contact@globalimpactfoundation1998.foundation,Medium,Funding
1999,Global Impact Foundation 1999,Germany,Women Empowerment,Rural Development,www.globalimpactfoundation1999.ngo,contact@globalimpactfoundation1999.foundation,Low,Funding
2000,Global Impact Foundation 2000,Kenya,Women Empowerment,Policy Advocacy,www.globalimpactfoundation2000.ngo,contact@globalimpactfoundation2000.global,High,Pilot Testing
2001,Global Impact Foundation 2001,UAE,Women Empowerment,Community Health,www.globalimpactfoundation2001.foundation,contact@globalimpactfoundation2001.ngo,High,Pilot Testing
2002,Global Impact Foundation 2002,Australia,Human Rights,Disaster Relief,www.globalimpactfoundation2002.org,contact@globalimpactfoundation2002.global,High,Funding
2003,Global Impact Foundation 2003,UAE,Child Welfare,Community Health,www.globalimpactfoundation2003.ngo,contact@globalimpactfoundation2003.foundation,Low,Outreach
2004,Global Impact Foundation 2004,India,Environment,Urban Support,www.globalimpactfoundation2004.org,contact@globalimpactfoundation2004.ngo,High,Pilot Testing
2005,Global Impact Foundation 2005,Canada,Women Empowerment,Disaster Relief,www.globalimpactfoundation2005.ngo,contact@globalimpactfoundation2005.ngo,Medium,Outreach
2006,Global Impact Foundation 2006,India,Poverty Relief,Community Health,www.globalimpactfoundation2006.foundation,contact@globalimpactfoundation2006.foundation,Low,Partnership
2007,Global Impact Foundation 2007,India,Health,Policy Advocacy,www.globalimpactfoundation2007.ngo,contact@globalimpactfoundation2007.ngo,Low,Pilot Testing
2008,Global Impact Foundation 2008,Australia,Environment,Disaster Relief,www.globalimpactfoundation2008.foundation,contact@globalimpactfoundation2008.global,Low,Pilot Testing
2009,Global Impact Foundation 2009,India,Education,Rural Development,www.globalimpactfoundation2009.foundation,contact@globalimpactfoundation2009.foundation,High,Pilot Testing
2010,Global Impact Foundation 2010,UK,Education,Urban Support,www.globalimpactfoundation2010.foundation,contact@globalimpactfoundation2010.foundation,Medium,Outreach
2011,Global Impact Foundation 2011,South Africa,Environment,Community Health,www.globalimpactfoundation2011.global,contact@globalimpactfoundation2011.foundation,Medium,Pilot Testing
2012,Global Impact Foundation 2012,Kenya,Women Empowerment,Skill Development,www.globalimpactfoundation2012.ngo,contact@globalimpactfoundation2012.ngo,Medium,Pilot Testing
2013,Global Impact Foundation 2013,USA,Education,Urban Support,www.globalimpactfoundation2013.foundation,contact@globalimpactfoundation2013.ngo,High,Outreach
2014,Global Impact Foundation 2014,South Africa,Education,Skill Development,www.globalimpactfoundation2014.foundation,contact@globalimpactfoundation2014.org,Medium,Funding
2015,Global Impact Foundation 2015,UK,Education,Disaster Relief,www.globalimpactfoundation2015.global,contact@globalimpactfoundation2015.global,Low,Partnership
2016,Global Impact Foundation 2016,Kenya,Environment,Rural Development,www.globalimpactfoundation2016.ngo,contact@globalimpactfoundation2016.org,Medium,Partnership
2017,Global Impact Foundation 2017,India,Health,Skill Development,www.globalimpactfoundation2017.ngo,contact@globalimpactfoundation2017.global,Medium,Outreach
2018,Global Impact Foundation 2018,USA,Child Welfare,Rural Development,www.globalimpactfoundation2018.org,contact@globalimpactfoundation2018.foundation,Medium,Outreach
2019,Global Impact Foundation 2019,South Africa,Health,Skill Development,www.globalimpactfoundation2019.foundation,contact@globalimpactfoundation2019.ngo,Low,Pilot Testing
2020,Global Impact Foundation 2020,Canada,Child Welfare,Rural Development,www.globalimpactfoundation2020.foundation,contact@globalimpactfoundation2020.org,High,Outreach
2021,Global Impact Foundation 2021,USA,Education,Rural Development,www.globalimpactfoundation2021.global,contact@globalimpactfoundation2021.foundation,Medium,Pilot Testing
2022,Global Impact Foundation 2022,Kenya,Environment,Rural Development,www.globalimpactfoundation2022.global,contact@globalimpactfoundation2022.ngo,Medium,Pilot Testing
2023,Global Impact Foundation 2023,Canada,Environment,Community Health,www.globalimpactfoundation2023.global,contact@globalimpactfoundation2023.global,Low,Partnership
2024,Global Impact Foundation 2024,UAE,Environment,Rural Development,www.globalimpactfoundation2024.ngo,contact@globalimpactfoundation2024.global,Low,Funding
2025,Global Impact Foundation 2025,UK,Child Welfare,Disaster Relief,www.globalimpactfoundation2025.global,contact@globalimpactfoundation2025.foundation,High,Outreach
2026,Global Impact Foundation 2026,Australia,Environment,Disaster Relief,www.globalimpactfoundation2026.org,contact@globalimpactfoundation2026.foundation,Low,Pilot Testing
2027,Global Impact Foundation 2027,Australia,Health,Community Health,www.globalimpactfoundation2027.org,contact@globalimpactfoundation2027.foundation,High,Partnership
2028,Global Impact Foundation 2028,USA,Environment,Community Health,www.globalimpactfoundation2028.org,contact@globalimpactfoundation2028.foundation,High,Pilot Testing
2029,Global Impact Foundation 2029,Kenya,Environment,Urban Support,www.globalimpactfoundation2029.ngo,contact@globalimpactfoundation2029.global,Medium,Outreach
2030,Global Impact Foundation 2030,Brazil,Human Rights,Urban Support,www.globalimpactfoundation2030.ngo,contact@globalimpactfoundation2030.foundation,Medium,Partnership
2031,Global Impact Foundation 2031,Canada,Poverty Relief,Skill Development,www.globalimpactfoundation2031.foundation,contact@globalimpactfoundation2031.ngo,High,Partnership
2032,Global Impact Foundation 2032,Australia,Women Empowerment,Policy Advocacy,www.globalimpactfoundation2032.global,contact@globalimpactfoundation2032.foundation,Low,Pilot Testing
2033,Global Impact Foundation 2033,India,Human Rights,Urban Support,www.globalimpactfoundation2033.org,contact@globalimpactfoundation2033.org,Medium,Outreach
2034,Global Impact Foundation 2034,Canada,Environment,Urban Support,www.globalimpactfoundation2034.global,contact@globalimpactfoundation2034.org,High,Funding
2035,Global Impact Foundation 2035,India,Women Empowerment,Community Health,www.globalimpactfoundation2035.ngo,contact@globalimpactfoundation2035.global,Medium,Outreach
2036,Global Impact Foundation 2036,UK,Human Rights,Urban Support,www.globalimpactfoundation2036.org,contact@globalimpactfoundation2036.ngo,High,Pilot Testing
2037,Global Impact Foundation 2037,India,Environment,Community Health,www.globalimpactfoundation2037.global,contact@globalimpactfoundation2037.global,Low,Pilot Testing
2038,Global Impact Foundation 2038,Kenya,Human Rights,Skill Development,www.globalimpactfoundation2038.global,contact@globalimpactfoundation2038.ngo,Low,Pilot Testing
2039,Global Impact Foundation 2039,Australia,Human Rights,Urban Support,www.globalimpactfoundation2039.global,contact@globalimpactfoundation2039.foundation,Medium,Outreach
2040,Global Impact Foundation 2040,Canada,Human Rights,Disaster Relief,www.globalimpactfoundation2040.foundation,contact@globalimpactfoundation2040.global,Low,Funding
2041,Global Impact Foundation 2041,USA,Environment,Policy Advocacy,www.globalimpactfoundation2041.global,contact@globalimpactfoundation2041.foundation,Medium,Funding
2042,Global Impact Foundation 2042,USA,Environment,Rural Development,www.globalimpactfoundation2042.ngo,contact@globalimpactfoundation2042.foundation,Low,Funding
2043,Global Impact Foundation 2043,USA,Health,Policy Advocacy,www.globalimpactfoundation2043.foundation,contact@globalimpactfoundation2043.global,Medium,Pilot Testing
2044,Global Impact Foundation 2044,Kenya,Women Empowerment,Community Health,www.globalimpactfoundation2044.global,contact@globalimpactfoundation2044.org,Low,Outreach
2045,Global Impact Foundation 2045,Brazil,Poverty Relief,Policy Advocacy,www.globalimpactfoundation2045.global,contact@globalimpactfoundation2045.ngo,Low,Outreach
2046,Global Impact Foundation 2046,India,Child Welfare,Community Health,www.globalimpactfoundation2046.org,contact@globalimpactfoundation2046.org,Medium,Outreach
2047,Global Impact Foundation 2047,South Africa,Health,Community Health,www.globalimpactfoundation2047.org,contact@globalimpactfoundation2047.ngo,Medium,Partnership
2048,Global Impact Foundation 2048,UAE,Child Welfare,Skill Development,www.globalimpactfoundation2048.ngo,contact@globalimpactfoundation2048.ngo,High,Outreach
2049,Global Impact Foundation 2049,Germany,Health,Disaster Relief,www.globalimpactfoundation2049.global,contact@globalimpactfoundation2049.ngo,Medium,Partnership
2050,Global Impact Foundation 2050,South Africa,Child Welfare,Policy Advocacy,www.globalimpactfoundation2050.foundation,contact@globalimpactfoundation2050.org,Low,Outreach
2051,Global Impact Foundation 2051,USA,Poverty Relief,Rural Development,www.globalimpactfoundation2051.global,contact@globalimpactfoundation2051.foundation,Medium,Outreach
2052,Global Impact Foundation 2052,South Africa,Human Rights,Skill Development,www.globalimpactfoundation2052.foundation,contact@globalimpactfoundation2052.org,Medium,Outreach
2053,Global Impact Foundation 2053,Canada,Education,Community Health,www.globalimpactfoundation2053.global,contact@globalimpactfoundation2053.global,Medium,Partnership
2054,Global Impact Foundation 2054,South Africa,Women Empowerment,Policy Advocacy,www.globalimpactfoundation2054.org,contact@globalimpactfoundation2054.org,High,Partnership
2055,Global Impact Foundation 2055,Kenya,Poverty Relief,Disaster Relief,www.globalimpactfoundation2055.ngo,contact@globalimpactfoundation2055.foundation,Medium,Partnership
2056,Global Impact Foundation 2056,Germany,Education,Rural Development,www.globalimpactfoundation2056.foundation,contact@globalimpactfoundation2056.foundation,High,Pilot Testing
2057,Global Impact Foundation 2057,Brazil,Poverty Relief,Skill Development,www.globalimpactfoundation2057.global,contact@globalimpactfoundation2057.global,Low,Funding
2058,Global Impact Foundation 2058,India,Human Rights,Skill Development,www.globalimpactfoundation2058.foundation,contact@globalimpactfoundation2058.org,Low,Partnership
2059,Global Impact Foundation 2059,Canada,Child Welfare,Rural Development,www.globalimpactfoundation2059.ngo,contact@globalimpactfoundation2059.global,High,Partnership
2060,Global Impact Foundation 2060,India,Child Welfare,Policy Advocacy,www.globalimpactfoundation2060.org,contact@globalimpactfoundation2060.global,Low,Funding
2061,Global Impact Foundation 2061,Germany,Child Welfare,Policy Advocacy,www.globalimpactfoundation2061.foundation,contact@globalimpactfoundation2061.org,Medium,Outreach
2062,Global Impact Foundation 2062,Kenya,Child Welfare,Rural Development,www.globalimpactfoundation2062.ngo,contact@globalimpactfoundation2062.ngo,Low,Funding
2063,Global Impact Foundation 2063,India,Health,Urban Support,www.globalimpactfoundation2063.global,contact@globalimpactfoundation2063.org,Medium,Funding
2064,Global Impact Foundation 2064,South Africa,Child Welfare,Community Health,www.globalimpactfoundation2064.global,contact@globalimpactfoundation2064.org,High,Outreach
2065,Global Impact Foundation 2065,Canada,Environment,Community Health,www.globalimpactfoundation2065.global,contact@globalimpactfoundation2065.foundation,High,Partnership
2066,Global Impact Foundation 2066,UK,Human Rights,Urban Support,www.globalimpactfoundation2066.foundation,contact@globalimpactfoundation2066.ngo,High,Outreach
2067,Global Impact Foundation 2067,Germany,Poverty Relief,Rural Development,www.globalimpactfoundation2067.org,contact@globalimpactfoundation2067.ngo,Low,Partnership
2068,Global Impact Foundation 2068,Australia,Health,Urban Support,www.globalimpactfoundation2068.global,contact@globalimpactfoundation2068.global,Low,Pilot Testing
2069,Global Impact Foundation 2069,UK,Poverty Relief,Urban Support,www.globalimpactfoundation2069.ngo,contact@globalimpactfoundation2069.org,Low,Pilot Testing
2070,Global Impact Foundation 2070,Kenya,Human Rights,Urban Support,www.globalimpactfoundation2070.foundation,contact@globalimpactfoundation2070.ngo,Medium,Partnership
2071,Global Impact Foundation 2071,USA,Child Welfare,Rural Development,www.globalimpactfoundation2071.org,contact@globalimpactfoundation2071.foundation,Low,Funding
2072,Global Impact Foundation 2072,Canada,Child Welfare,Rural Development,www.globalimpactfoundation2072.ngo,contact@globalimpactfoundation2072.org,Medium,Outreach
2073,Global Impact Foundation 2073,India,Education,Disaster Relief,www.globalimpactfoundation2073.foundation,contact@globalimpactfoundation2073.foundation,High,Partnership
2074,Global Impact Foundation 2074,South Africa,Education,Rural Development,www.globalimpactfoundation2074.org,contact@globalimpactfoundation2074.ngo,Low,Partnership
2075,Global Impact Foundation 2075,Canada,Poverty Relief,Community Health,www.globalimpactfoundation2075.foundation,contact@globalimpactfoundation2075.ngo,Medium,Pilot Testing
2076,Global Impact Foundation 2076,Germany,Education,Urban Support,www.globalimpactfoundation2076.org,contact@globalimpactfoundation2076.foundation,Low,Pilot Testing
2077,Global Impact Foundation 2077,UAE,Human Rights,Skill Development,www.globalimpactfoundation2077.org,contact@globalimpactfoundation2077.foundation,Low,Partnership
2078,Global Impact Foundation 2078,UAE,Women Empowerment,Skill Development,www.globalimpactfoundation2078.ngo,contact@globalimpactfoundation2078.ngo,High,Outreach
2079,Global Impact Foundation 2079,Kenya,Human Rights,Community Health,www.globalimpactfoundation2079.foundation,contact@globalimpactfoundation2079.org,Medium,Pilot Testing
2080,Global Impact Foundation 2080,Australia,Environment,Urban Support,www.globalimpactfoundation2080.org,contact@globalimpactfoundation2080.foundation,Low,Pilot Testing
2081,Global Impact Foundation 2081,UAE,Human Rights,Rural Development,www.globalimpactfoundation2081.foundation,contact@globalimpactfoundation2081.foundation,Low,Pilot Testing
2082,Global Impact Foundation 2082,South Africa,Health,Skill Development,www.globalimpactfoundation2082.org,contact@globalimpactfoundation2082.org,Low,Pilot Testing
2083,Global Impact Foundation 2083,Germany,Education,Urban Support,www.globalimpactfoundation2083.org,contact@globalimpactfoundation2083.global,High,Partnership
2084,Global Impact Foundation 2084,India,Women Empowerment,Policy Advocacy,www.globalimpactfoundation2084.global,contact@globalimpactfoundation2084.ngo,Medium,Funding
2085,Global Impact Foundation 2085,Brazil,Women Empowerment,Policy Advocacy,www.globalimpactfoundation2085.ngo,contact@globalimpactfoundation2085.ngo,High,Partnership
2086,Global Impact Foundation 2086,India,Women Empowerment,Disaster Relief,www.globalimpactfoundation2086.org,contact@globalimpactfoundation2086.global,Medium,Funding
2087,Global Impact Foundation 2087,Australia,Health,Disaster Relief,www.globalimpactfoundation2087.foundation,contact@globalimpactfoundation2087.global,Medium,Funding
2088,Global Impact Foundation 2088,India,Education,Urban Support,www.globalimpactfoundation2088.org,contact@globalimpactfoundation2088.foundation,Low,Pilot Testing
2089,Global Impact Foundation 2089,Australia,Women Empowerment,Skill Development,www.globalimpactfoundation2089.foundation,contact@globalimpactfoundation2089.ngo,Low,Funding
2090,Global Impact Foundation 2090,Kenya,Health,Urban Support,www.globalimpactfoundation2090.ngo,contact@globalimpactfoundation2090.ngo,Medium,Pilot Testing
2091,Global Impact Foundation 2091,Germany,Education,Skill Development,www.globalimpactfoundation2091.foundation,contact@globalimpactfoundation2091.ngo,High,Pilot Testing
2092,Global Impact Foundation 2092,Germany,Education,Policy Advocacy,www.globalimpactfoundation2092.global,contact@globalimpactfoundation2092.foundation,High,Funding
2093,Global Impact Foundation 2093,India,Environment,Skill Development,www.globalimpactfoundation2093.foundation,contact@globalimpactfoundation2093.ngo,High,Pilot Testing
2094,Global Impact Foundation 2094,Kenya,Child Welfare,Disaster Relief,www.globalimpactfoundation2094.ngo,contact@globalimpactfoundation2094.ngo,Medium,Outreach
2095,Global Impact Foundation 2095,Germany,Poverty Relief,Urban Support,www.globalimpactfoundation2095.org,contact@globalimpactfoundation2095.foundation,High,Partnership
2096,Global Impact Foundation 2096,Australia,Poverty Relief,Skill Development,www.globalimpactfoundation2096.ngo,contact@globalimpactfoundation2096.foundation,Medium,Pilot Testing
2097,Global Impact Foundation 2097,South Africa,Education,Skill Development,www.globalimpactfoundation2097.global,contact@globalimpactfoundation2097.org,Low,Outreach
2098,Global Impact Foundation 2098,UAE,Child Welfare,Skill Development,www.globalimpactfoundation2098.org,contact@globalimpactfoundation2098.org,Low,Partnership
2099,Global Impact Foundation 2099,UK,Education,Rural Development,www.globalimpactfoundation2099.global,contact@globalimpactfoundation2099.org,Low,Pilot Testing
2100,Global Impact Foundation 2100,Brazil,Education,Community Health,www.globalimpactfoundation2100.global,contact@globalimpactfoundation2100.ngo,High,Partnership
2101,Global Impact Foundation 2101,Australia,Child Welfare,Skill Development,www.globalimpactfoundation2101.ngo,contact@globalimpactfoundation2101.ngo,Medium,Funding
2102,Global Impact Foundation 2102,UK,Environment,Disaster Relief,www.globalimpactfoundation2102.org,contact@globalimpactfoundation2102.ngo,High,Partnership
2103,Global Impact Foundation 2103,UK,Environment,Community Health,www.globalimpactfoundation2103.ngo,contact@globalimpactfoundation2103.org,Low,Outreach
2104,Global Impact Foundation 2104,Germany,Human Rights,Rural Development,www.globalimpactfoundation2104.foundation,contact@globalimpactfoundation2104.org,High,Funding
2105,Global Impact Foundation 2105,India,Women Empowerment,Skill Development,www.globalimpactfoundation2105.ngo,contact@globalimpactfoundation2105.ngo,High,Funding
2106,Global Impact Foundation 2106,UK,Child Welfare,Skill Development,www.globalimpactfoundation2106.global,contact@globalimpactfoundation2106.global,Medium,Outreach
2107,Global Impact Foundation 2107,Germany,Environment,Disaster Relief,www.globalimpactfoundation2107.ngo,contact@globalimpactfoundation2107.global,Medium,Outreach
2108,Global Impact Foundation 2108,UAE,Child Welfare,Rural Development,www.globalimpactfoundation2108.foundation,contact@globalimpactfoundation2108.ngo,High,Funding
2109,Global Impact Foundation 2109,USA,Poverty Relief,Disaster Relief,www.globalimpactfoundation2109.foundation,contact@globalimpactfoundation2109.org,Low,Pilot Testing
2110,Global Impact Foundation 2110,UAE,Child Welfare,Urban Support,www.globalimpactfoundation2110.foundation,contact@globalimpactfoundation2110.foundation,Low,Partnership
2111,Global Impact Foundation 2111,Canada,Human Rights,Disaster Relief,www.globalimpactfoundation2111.ngo,contact@globalimpactfoundation2111.global,Medium,Pilot Testing
2112,Global Impact Foundation 2112,South Africa,Health,Rural Development,www.globalimpactfoundation2112.global,contact@globalimpactfoundation2112.ngo,Medium,Partnership
2113,Global Impact Foundation 2113,South Africa,Women Empowerment,Rural Development,www.globalimpactfoundation2113.org,contact@globalimpactfoundation2113.foundation,Low,Partnership
2114,Global Impact Foundation 2114,Brazil,Environment,Skill Development,www.globalimpactfoundation2114.global,contact@globalimpactfoundation2114.global,Low,Pilot Testing
2115,Global Impact Foundation 2115,UAE,Women Empowerment,Community Health,www.globalimpactfoundation2115.global,contact@globalimpactfoundation2115.global,Medium,Funding
2116,Global Impact Foundation 2116,UK,Education,Rural Development,www.globalimpactfoundation2116.foundation,contact@globalimpactfoundation2116.org,Medium,Pilot Testing
2117,Global Impact Foundation 2117,Canada,Health,Rural Development,www.globalimpactfoundation2117.foundation,contact@globalimpactfoundation2117.global,Low,Pilot Testing
2118,Global Impact Foundation 2118,UK,Environment,Disaster Relief,www.globalimpactfoundation2118.global,contact@globalimpactfoundation2118.ngo,High,Partnership
2119,Global Impact Foundation 2119,Canada,Education,Urban Support,www.globalimpactfoundation2119.ngo,contact@globalimpactfoundation2119.global,High,Pilot Testing
2120,Global Impact Foundation 2120,Germany,Education,Rural Development,www.globalimpactfoundation2120.org,contact@globalimpactfoundation2120.global,High,Outreach
2121,Global Impact Foundation 2121,USA,Health,Urban Support,www.globalimpactfoundation2121.foundation,contact@globalimpactfoundation2121.foundation,Medium,Outreach
2122,Global Impact Foundation 2122,Brazil,Women Empowerment,Community Health,www.globalimpactfoundation2122.ngo,contact@globalimpactfoundation2122.org,High,Partnership
2123,Global Impact Foundation 2123,Australia,Environment,Policy Advocacy,www.globalimpactfoundation2123.global,contact@globalimpactfoundation2123.foundation,Medium,Pilot Testing
2124,Global Impact Foundation 2124,UK,Women Empowerment,Rural Development,www.globalimpactfoundation2124.ngo,contact@globalimpactfoundation2124.org,Medium,Funding
2125,Global Impact Foundation 2125,UK,Environment,Policy Advocacy,www.globalimpactfoundation2125.foundation,contact@globalimpactfoundation2125.global,High,Pilot Testing
2126,Global Impact Foundation 2126,South Africa,Education,Skill Development,www.globalimpactfoundation2126.global,contact@globalimpactfoundation2126.ngo,Low,Partnership
2127,Global Impact Foundation 2127,India,Human Rights,Community Health,www.globalimpactfoundation2127.foundation,contact@globalimpactfoundation2127.global,High,Funding
2128,Global Impact Foundation 2128,Germany,Women Empowerment,Urban Support,www.globalimpactfoundation2128.ngo,contact@globalimpactfoundation2128.org,Medium,Pilot Testing
2129,Global Impact Foundation 2129,UAE,Poverty Relief,Rural Development,www.globalimpactfoundation2129.foundation,contact@globalimpactfoundation2129.foundation,Low,Funding
2130,Global Impact Foundation 2130,Australia,Poverty Relief,Skill Development,www.globalimpactfoundation2130.foundation,contact@globalimpactfoundation2130.foundation,Low,Pilot Testing
2131,Global Impact Foundation 2131,Germany,Child Welfare,Policy Advocacy,www.globalimpactfoundation2131.foundation,contact@globalimpactfoundation2131.foundation,Medium,Outreach
2132,Global Impact Foundation 2132,Kenya,Environment,Disaster Relief,www.globalimpactfoundation2132.global,contact@globalimpactfoundation2132.org,Medium,Funding
2133,Global Impact Foundation 2133,USA,Environment,Policy Advocacy,www.globalimpactfoundation2133.foundation,contact@globalimpactfoundation2133.ngo,High,Pilot Testing
2134,Global Impact Foundation 2134,UK,Women Empowerment,Rural Development,www.globalimpactfoundation2134.org,contact@globalimpactfoundation2134.org,High,Outreach
2135,Global Impact Foundation 2135,Canada,Poverty Relief,Rural Development,www.globalimpactfoundation2135.ngo,contact@globalimpactfoundation2135.foundation,Medium,Funding
2136,Global Impact Foundation 2136,Brazil,Women Empowerment,Skill Development,www.globalimpactfoundation2136.ngo,contact@globalimpactfoundation2136.org,High,Pilot Testing
2137,Global Impact Foundation 2137,Canada,Women Empowerment,Rural Development,www.globalimpactfoundation2137.foundation,contact@globalimpactfoundation2137.foundation,Low,Outreach
2138,Global Impact Foundation 2138,Kenya,Health,Rural Development,www.globalimpactfoundation2138.ngo,contact@globalimpactfoundation2138.ngo,Low,Pilot Testing
2139,Global Impact Foundation 2139,UK,Child Welfare,Disaster Relief,www.globalimpactfoundation2139.org,contact@globalimpactfoundation2139.org,Medium,Pilot Testing
2140,Global Impact Foundation 2140,India,Women Empowerment,Community Health,www.globalimpactfoundation2140.foundation,contact@globalimpactfoundation2140.foundation,Medium,Outreach
2141,Global Impact Foundation 2141,Brazil,Child Welfare,Urban Support,www.globalimpactfoundation2141.global,contact@globalimpactfoundation2141.ngo,Medium,Outreach
2142,Global Impact Foundation 2142,Australia,Human Rights,Skill Development,www.globalimpactfoundation2142.org,contact@globalimpactfoundation2142.foundation,High,Pilot Testing
2143,Global Impact Foundation 2143,Australia,Education,Community Health,www.globalimpactfoundation2143.global,contact@globalimpactfoundation2143.org,Low,Partnership
2144,Global Impact Foundation 2144,Germany,Child Welfare,Community Health,www.globalimpactfoundation2144.org,contact@globalimpactfoundation2144.org,Medium,Pilot Testing
2145,Global Impact Foundation 2145,South Africa,Health,Urban Support,www.globalimpactfoundation2145.ngo,contact@globalimpactfoundation2145.org,Low,Partnership
2146,Global Impact Foundation 2146,South Africa,Human Rights,Skill Development,www.globalimpactfoundation2146.org,contact@globalimpactfoundation2146.org,Low,Outreach
2147,Global Impact Foundation 2147,South Africa,Poverty Relief,Skill Development,www.globalimpactfoundation2147.global,contact@globalimpactfoundation2147.org,Medium,Outreach
2148,Global Impact Foundation 2148,India,Women Empowerment,Disaster Relief,www.globalimpactfoundation2148.foundation,contact@globalimpactfoundation2148.global,High,Funding
2149,Global Impact Foundation 2149,USA,Poverty Relief,Policy Advocacy,www.globalimpactfoundation2149.foundation,contact@globalimpactfoundation2149.foundation,Medium,Pilot Testing
2150,Global Impact Foundation 2150,Canada,Environment,Disaster Relief,www.globalimpactfoundation2150.foundation,contact@globalimpactfoundation2150.ngo,High,Funding
2151,Global Impact Foundation 2151,UK,Human Rights,Skill Development,www.globalimpactfoundation2151.foundation,contact@globalimpactfoundation2151.org,Low,Pilot Testing
2152,Global Impact Foundation 2152,India,Child Welfare,Policy Advocacy,www.globalimpactfoundation2152.foundation,contact@globalimpactfoundation2152.org,High,Funding
2153,Global Impact Foundation 2153,India,Child Welfare,Skill Development,www.globalimpactfoundation2153.ngo,contact@globalimpactfoundation2153.org,Medium,Funding
2154,Global Impact Foundation 2154,Canada,Child Welfare,Urban Support,www.globalimpactfoundation2154.foundation,contact@globalimpactfoundation2154.ngo,Medium,Outreach
2155,Global Impact Foundation 2155,Canada,Women Empowerment,Skill Development,www.globalimpactfoundation2155.org,contact@globalimpactfoundation2155.foundation,Low,Funding
2156,Global Impact Foundation 2156,UAE,Women Empowerment,Policy Advocacy,www.globalimpactfoundation2156.global,contact@globalimpactfoundation2156.ngo,High,Outreach
2157,Global Impact Foundation 2157,UAE,Poverty Relief,Skill Development,www.globalimpactfoundation2157.org,contact@globalimpactfoundation2157.global,High,Funding
2158,Global Impact Foundation 2158,Australia,Child Welfare,Rural Development,www.globalimpactfoundation2158.ngo,contact@globalimpactfoundation2158.org,Low,Pilot Testing
2159,Global Impact Foundation 2159,UAE,Women Empowerment,Urban Support,www.globalimpactfoundation2159.org,contact@globalimpactfoundation2159.ngo,High,Pilot Testing
2160,Global Impact Foundation 2160,South Africa,Health,Policy Advocacy,www.globalimpactfoundation2160.ngo,contact@globalimpactfoundation2160.org,Low,Outreach
2161,Global Impact Foundation 2161,Kenya,Education,Rural Development,www.globalimpactfoundation2161.ngo,contact@globalimpactfoundation2161.org,Medium,Outreach
2162,Global Impact Foundation 2162,UAE,Education,Disaster Relief,www.globalimpactfoundation2162.org,contact@globalimpactfoundation2162.org,Medium,Outreach
2163,Global Impact Foundation 2163,USA,Poverty Relief,Policy Advocacy,www.globalimpactfoundation2163.ngo,contact@globalimpactfoundation2163.ngo,High,Outreach
2164,Global Impact Foundation 2164,UK,Women Empowerment,Disaster Relief,www.globalimpactfoundation2164.ngo,contact@globalimpactfoundation2164.global,High,Funding
2165,Global Impact Foundation 2165,UK,Women Empowerment,Community Health,www.globalimpactfoundation2165.foundation,contact@globalimpactfoundation2165.foundation,Medium,Funding
2166,Global Impact Foundation 2166,Kenya,Women Empowerment,Disaster Relief,www.globalimpactfoundation2166.org,contact@globalimpactfoundation2166.org,Low,Outreach
2167,Global Impact Foundation 2167,Canada,Women Empowerment,Disaster Relief,www.globalimpactfoundation2167.ngo,contact@globalimpactfoundation2167.org,Low,Pilot Testing
2168,Global Impact Foundation 2168,Canada,Environment,Rural Development,www.globalimpactfoundation2168.org,contact@globalimpactfoundation2168.foundation,Low,Pilot Testing
2169,Global Impact Foundation 2169,Brazil,Environment,Skill Development,www.globalimpactfoundation2169.org,contact@globalimpactfoundation2169.org,High,Pilot Testing
2170,Global Impact Foundation 2170,Kenya,Human Rights,Policy Advocacy,www.globalimpactfoundation2170.ngo,contact@globalimpactfoundation2170.org,Low,Pilot Testing
2171,Global Impact Foundation 2171,Brazil,Education,Skill Development,www.globalimpactfoundation2171.ngo,contact@globalimpactfoundation2171.ngo,High,Outreach
2172,Global Impact Foundation 2172,Germany,Poverty Relief,Community Health,www.globalimpactfoundation2172.org,contact@globalimpactfoundation2172.ngo,High,Partnership
2173,Global Impact Foundation 2173,Kenya,Women Empowerment,Urban Support,www.globalimpactfoundation2173.org,contact@globalimpactfoundation2173.ngo,Medium,Pilot Testing
2174,Global Impact Foundation 2174,Brazil,Health,Policy Advocacy,www.globalimpactfoundation2174.org,contact@globalimpactfoundation2174.global,Low,Funding
2175,Global Impact Foundation 2175,USA,Human Rights,Disaster Relief,www.globalimpactfoundation2175.global,contact@globalimpactfoundation2175.org,Low,Outreach
2176,Global Impact Foundation 2176,India,Human Rights,Skill Development,www.globalimpactfoundation2176.foundation,contact@globalimpactfoundation2176.ngo,High,Outreach
2177,Global Impact Foundation 2177,South Africa,Environment,Community Health,www.globalimpactfoundation2177.foundation,contact@globalimpactfoundation2177.ngo,Low,Pilot Testing
2178,Global Impact Foundation 2178,USA,Education,Urban Support,www.globalimpactfoundation2178.foundation,contact@globalimpactfoundation2178.global,Low,Partnership
2179,Global Impact Foundation 2179,Germany,Education,Rural Development,www.globalimpactfoundation2179.global,contact@globalimpactfoundation2179.foundation,High,Funding
2180,Global Impact Foundation 2180,Australia,Environment,Rural Development,www.globalimpactfoundation2180.ngo,contact@globalimpactfoundation2180.org,Low,Funding
2181,Global Impact Foundation 2181,Brazil,Education,Community Health,www.globalimpactfoundation2181.org,contact@globalimpactfoundation2181.ngo,High,Outreach
2182,Global Impact Foundation 2182,UAE,Human Rights,Policy Advocacy,www.globalimpactfoundation2182.org,contact@globalimpactfoundation2182.global,Medium,Pilot Testing
2183,Global Impact Foundation 2183,Canada,Women Empowerment,Policy Advocacy,www.globalimpactfoundation2183.foundation,contact@globalimpactfoundation2183.global,High,Partnership
2184,Global Impact Foundation 2184,South Africa,Environment,Community Health,www.globalimpactfoundation2184.ngo,contact@globalimpactfoundation2184.foundation,Medium,Outreach
2185,Global Impact Foundation 2185,South Africa,Poverty Relief,Skill Development,www.globalimpactfoundation2185.foundation,contact@globalimpactfoundation2185.ngo,Low,Partnership
2186,Global Impact Foundation 2186,UK,Human Rights,Urban Support,www.globalimpactfoundation2186.ngo,contact@globalimpactfoundation2186.ngo,Medium,Outreach
2187,Global Impact Foundation 2187,India,Human Rights,Urban Support,www.globalimpactfoundation2187.foundation,contact@globalimpactfoundation2187.org,Low,Pilot Testing
2188,Global Impact Foundation 2188,India,Education,Disaster Relief,www.globalimpactfoundation2188.org,contact@globalimpactfoundation2188.ngo,Medium,Pilot Testing
2189,Global Impact Foundation 2189,India,Poverty Relief,Disaster Relief,www.globalimpactfoundation2189.org,contact@globalimpactfoundation2189.ngo,High,Partnership
2190,Global Impact Foundation 2190,India,Environment,Urban Support,www.globalimpactfoundation2190.global,contact@globalimpactfoundation2190.global,Low,Outreach
2191,Global Impact Foundation 2191,UK,Women Empowerment,Urban Support,www.globalimpactfoundation2191.org,contact@globalimpactfoundation2191.ngo,Low,Outreach
2192,Global Impact Foundation 2192,Kenya,Health,Rural Development,www.globalimpactfoundation2192.ngo,contact@globalimpactfoundation2192.org,Medium,Partnership
2193,Global Impact Foundation 2193,USA,Health,Urban Support,www.globalimpactfoundation2193.global,contact@globalimpactfoundation2193.global,Low,Funding
2194,Global Impact Foundation 2194,South Africa,Poverty Relief,Disaster Relief,www.globalimpactfoundation2194.org,contact@globalimpactfoundation2194.org,High,Partnership
2195,Global Impact Foundation 2195,South Africa,Child Welfare,Urban Support,www.globalimpactfoundation2195.global,contact@globalimpactfoundation2195.org,Medium,Partnership
2196,Global Impact Foundation 2196,UAE,Child Welfare,Policy Advocacy,www.globalimpactfoundation2196.ngo,contact@globalimpactfoundation2196.foundation,High,Partnership
2197,Global Impact Foundation 2197,India,Women Empowerment,Disaster Relief,www.globalimpactfoundation2197.foundation,contact@globalimpactfoundation2197.global,High,Funding
2198,Global Impact Foundation 2198,India,Poverty Relief,Skill Development,www.globalimpactfoundation2198.global,contact@globalimpactfoundation2198.org,Low,Outreach
2199,Global Impact Foundation 2199,USA,Human Rights,Disaster Relief,www.globalimpactfoundation2199.org,contact@globalimpactfoundation2199.org,Medium,Pilot Testing
2200,Global Impact Foundation 2200,UAE,Environment,Rural Development,www.globalimpactfoundation2200.global,contact@globalimpactfoundation2200.ngo,Medium,Partnership
2201,Global Impact Foundation 2201,Germany,Human Rights,Skill Development,www.globalimpactfoundation2201.global,contact@globalimpactfoundation2201.foundation,Medium,Funding
2202,Global Impact Foundation 2202,Kenya,Women Empowerment,Policy Advocacy,www.globalimpactfoundation2202.org,contact@globalimpactfoundation2202.foundation,Medium,Funding
2203,Global Impact Foundation 2203,UAE,Education,Skill Development,www.globalimpactfoundation2203.foundation,contact@globalimpactfoundation2203.ngo,Low,Partnership
2204,Global Impact Foundation 2204,Australia,Poverty Relief,Rural Development,www.globalimpactfoundation2204.foundation,contact@globalimpactfoundation2204.global,High,Pilot Testing
2205,Global Impact Foundation 2205,USA,Human Rights,Skill Development,www.globalimpactfoundation2205.org,contact@globalimpactfoundation2205.foundation,High,Pilot Testing
2206,Global Impact Foundation 2206,Canada,Human Rights,Urban Support,www.globalimpactfoundation2206.foundation,contact@globalimpactfoundation2206.ngo,Low,Funding
2207,Global Impact Foundation 2207,UK,Education,Policy Advocacy,www.globalimpactfoundation2207.foundation,contact@globalimpactfoundation2207.org,Medium,Partnership
2208,Global Impact Foundation 2208,South Africa,Health,Policy Advocacy,www.globalimpactfoundation2208.foundation,contact@globalimpactfoundation2208.foundation,High,Partnership
2209,Global Impact Foundation 2209,India,Environment,Urban Support,www.globalimpactfoundation2209.global,contact@globalimpactfoundation2209.ngo,Low,Outreach
2210,Global Impact Foundation 2210,Australia,Environment,Disaster Relief,www.globalimpactfoundation2210.foundation,contact@globalimpactfoundation2210.foundation,High,Funding
2211,Global Impact Foundation 2211,UAE,Women Empowerment,Community Health,www.globalimpactfoundation2211.global,contact@globalimpactfoundation2211.global,Medium,Funding
2212,Global Impact Foundation 2212,Canada,Human Rights,Disaster Relief,www.globalimpactfoundation2212.foundation,contact@globalimpactfoundation2212.global,Medium,Outreach
2213,Global Impact Foundation 2213,Kenya,Poverty Relief,Rural Development,www.globalimpactfoundation2213.org,contact@globalimpactfoundation2213.org,Medium,Pilot Testing
2214,Global Impact Foundation 2214,India,Human Rights,Rural Development,www.globalimpactfoundation2214.foundation,contact@globalimpactfoundation2214.global,High,Partnership
2215,Global Impact Foundation 2215,Kenya,Education,Skill Development,www.globalimpactfoundation2215.ngo,contact@globalimpactfoundation2215.ngo,Low,Funding
2216,Global Impact Foundation 2216,Kenya,Environment,Rural Development,www.globalimpactfoundation2216.global,contact@globalimpactfoundation2216.global,High,Outreach
2217,Global Impact Foundation 2217,UAE,Education,Rural Development,www.globalimpactfoundation2217.foundation,contact@globalimpactfoundation2217.foundation,Medium,Partnership
2218,Global Impact Foundation 2218,USA,Child Welfare,Disaster Relief,www.globalimpactfoundation2218.foundation,contact@globalimpactfoundation2218.foundation,Low,Partnership
2219,Global Impact Foundation 2219,USA,Education,Policy Advocacy,www.globalimpactfoundation2219.org,contact@globalimpactfoundation2219.global,Medium,Outreach
2220,Global Impact Foundation 2220,Germany,Education,Skill Development,www.globalimpactfoundation2220.foundation,contact@globalimpactfoundation2220.global,Low,Pilot Testing
2221,Global Impact Foundation 2221,South Africa,Women Empowerment,Disaster Relief,www.globalimpactfoundation2221.org,contact@globalimpactfoundation2221.ngo,High,Funding
2222,Global Impact Foundation 2222,Australia,Poverty Relief,Disaster Relief,www.globalimpactfoundation2222.ngo,contact@globalimpactfoundation2222.org,Medium,Partnership
2223,Global Impact Foundation 2223,Brazil,Women Empowerment,Rural Development,www.globalimpactfoundation2223.org,contact@globalimpactfoundation2223.foundation,Medium,Pilot Testing
2224,Global Impact Foundation 2224,Australia,Poverty Relief,Urban Support,www.globalimpactfoundation2224.org,contact@globalimpactfoundation2224.org,Low,Partnership
2225,Global Impact Foundation 2225,Australia,Human Rights,Disaster Relief,www.globalimpactfoundation2225.global,contact@globalimpactfoundation2225.org,Low,Partnership
2226,Global Impact Foundation 2226,UAE,Health,Skill Development,www.globalimpactfoundation2226.foundation,contact@globalimpactfoundation2226.org,Low,Partnership
2227,Global Impact Foundation 2227,Canada,Education,Rural Development,www.globalimpactfoundation2227.org,contact@globalimpactfoundation2227.ngo,Low,Pilot Testing
2228,Global Impact Foundation 2228,UK,Child Welfare,Disaster Relief,www.globalimpactfoundation2228.foundation,contact@globalimpactfoundation2228.foundation,Medium,Outreach
2229,Global Impact Foundation 2229,South Africa,Health,Rural Development,www.globalimpactfoundation2229.global,contact@globalimpactfoundation2229.org,Low,Funding
2230,Global Impact Foundation 2230,UAE,Environment,Skill Development,www.globalimpactfoundation2230.global,contact@globalimpactfoundation2230.org,Low,Pilot Testing
2231,Global Impact Foundation 2231,Kenya,Poverty Relief,Community Health,www.globalimpactfoundation2231.ngo,contact@globalimpactfoundation2231.global,High,Funding
2232,Global Impact Foundation 2232,India,Health,Disaster Relief,www.globalimpactfoundation2232.ngo,contact@globalimpactfoundation2232.foundation,Low,Partnership
2233,Global Impact Foundation 2233,USA,Child Welfare,Disaster Relief,www.globalimpactfoundation2233.global,contact@globalimpactfoundation2233.global,Low,Funding
2234,Global Impact Foundation 2234,Kenya,Poverty Relief,Urban Support,www.globalimpactfoundation2234.global,contact@globalimpactfoundation2234.foundation,High,Funding
2235,Global Impact Foundation 2235,UK,Child Welfare,Policy Advocacy,www.globalimpactfoundation2235.org,contact@globalimpactfoundation2235.global,Medium,Outreach
2236,Global Impact Foundation 2236,UAE,Environment,Skill Development,www.globalimpactfoundation2236.org,contact@globalimpactfoundation2236.org,Low,Funding
2237,Global Impact Foundation 2237,Canada,Poverty Relief,Rural Development,www.globalimpactfoundation2237.foundation,contact@globalimpactfoundation2237.ngo,High,Pilot Testing
2238,Global Impact Foundation 2238,Kenya,Health,Disaster Relief,www.globalimpactfoundation2238.global,contact@globalimpactfoundation2238.ngo,High,Funding
2239,Global Impact Foundation 2239,UK,Child Welfare,Urban Support,www.globalimpactfoundation2239.org,contact@globalimpactfoundation2239.foundation,High,Partnership
2240,Global Impact Foundation 2240,Germany,Education,Rural Development,www.globalimpactfoundation2240.foundation,contact@globalimpactfoundation2240.ngo,Medium,Outreach
2241,Global Impact Foundation 2241,USA,Health,Policy Advocacy,www.globalimpactfoundation2241.org,contact@globalimpactfoundation2241.foundation,High,Outreach
2242,Global Impact Foundation 2242,UK,Education,Skill Development,www.globalimpactfoundation2242.ngo,contact@globalimpactfoundation2242.ngo,High,Outreach
2243,Global Impact Foundation 2243,Germany,Education,Disaster Relief,www.globalimpactfoundation2243.ngo,contact@globalimpactfoundation2243.org,Low,Partnership
2244,Global Impact Foundation 2244,Kenya,Women Empowerment,Community Health,www.globalimpactfoundation2244.ngo,contact@globalimpactfoundation2244.org,Low,Outreach
2245,Global Impact Foundation 2245,USA,Education,Disaster Relief,www.globalimpactfoundation2245.global,contact@globalimpactfoundation2245.org,High,Partnership
2246,Global Impact Foundation 2246,India,Women Empowerment,Policy Advocacy,www.globalimpactfoundation2246.foundation,contact@globalimpactfoundation2246.foundation,Medium,Funding
2247,Global Impact Foundation 2247,Australia,Child Welfare,Policy Advocacy,www.globalimpactfoundation2247.foundation,contact@globalimpactfoundation2247.org,Medium,Partnership
2248,Global Impact Foundation 2248,Australia,Poverty Relief,Urban Support,www.globalimpactfoundation2248.ngo,contact@globalimpactfoundation2248.global,Medium,Partnership
2249,Global Impact Foundation 2249,Brazil,Women Empowerment,Community Health,www.globalimpactfoundation2249.ngo,contact@globalimpactfoundation2249.ngo,Low,Funding
2250,Global Impact Foundation 2250,UK,Women Empowerment,Rural Development,www.globalimpactfoundation2250.ngo,contact@globalimpactfoundation2250.foundation,High,Pilot Testing
2251,Global Impact Foundation 2251,USA,Human Rights,Disaster Relief,www.globalimpactfoundation2251.foundation,contact@globalimpactfoundation2251.org,Medium,Funding
2252,Global Impact Foundation 2252,Kenya,Women Empowerment,Skill Development,www.globalimpactfoundation2252.foundation,contact@globalimpactfoundation2252.org,High,Funding
2253,Global Impact Foundation 2253,South Africa,Human Rights,Urban Support,www.globalimpactfoundation2253.org,contact@globalimpactfoundation2253.foundation,High,Pilot Testing
2254,Global Impact Foundation 2254,UK,Education,Policy Advocacy,www.globalimpactfoundation2254.global,contact@globalimpactfoundation2254.ngo,High,Outreach
2255,Global Impact Foundation 2255,Germany,Human Rights,Urban Support,www.globalimpactfoundation2255.ngo,contact@globalimpactfoundation2255.global,Low,Outreach
2256,Global Impact Foundation 2256,Canada,Human Rights,Rural Development,www.globalimpactfoundation2256.ngo,contact@globalimpactfoundation2256.global,High,Partnership
2257,Global Impact Foundation 2257,Australia,Health,Disaster Relief,www.globalimpactfoundation2257.foundation,contact@globalimpactfoundation2257.foundation,Low,Pilot Testing
2258,Global Impact Foundation 2258,UAE,Human Rights,Disaster Relief,www.globalimpactfoundation2258.foundation,contact@globalimpactfoundation2258.ngo,High,Partnership
2259,Global Impact Foundation 2259,USA,Education,Disaster Relief,www.globalimpactfoundation2259.foundation,contact@globalimpactfoundation2259.org,Low,Outreach
2260,Global Impact Foundation 2260,UAE,Poverty Relief,Policy Advocacy,www.globalimpactfoundation2260.global,contact@globalimpactfoundation2260.org,High,Funding
2261,Global Impact Foundation 2261,Australia,Health,Disaster Relief,www.globalimpactfoundation2261.global,contact@globalimpactfoundation2261.org,High,Funding
2262,Global Impact Foundation 2262,Australia,Health,Policy Advocacy,www.globalimpactfoundation2262.foundation,contact@globalimpactfoundation2262.foundation,Low,Funding
2263,Global Impact Foundation 2263,USA,Environment,Policy Advocacy,www.globalimpactfoundation2263.org,contact@globalimpactfoundation2263.foundation,High,Partnership
2264,Global Impact Foundation 2264,USA,Health,Skill Development,www.globalimpactfoundation2264.global,contact@globalimpactfoundation2264.ngo,Medium,Pilot Testing
2265,Global Impact Foundation 2265,Canada,Education,Skill Development,www.globalimpactfoundation2265.ngo,contact@globalimpactfoundation2265.org,Medium,Pilot Testing
2266,Global Impact Foundation 2266,Brazil,Child Welfare,Skill Development,www.globalimpactfoundation2266.ngo,contact@globalimpactfoundation2266.foundation,Medium,Pilot Testing
2267,Global Impact Foundation 2267,South Africa,Education,Rural Development,www.globalimpactfoundation2267.ngo,contact@globalimpactfoundation2267.foundation,Medium,Pilot Testing
2268,Global Impact Foundation 2268,Brazil,Education,Policy Advocacy,www.globalimpactfoundation2268.global,contact@globalimpactfoundation2268.global,High,Pilot Testing
2269,Global Impact Foundation 2269,South Africa,Health,Rural Development,www.globalimpactfoundation2269.ngo,contact@globalimpactfoundation2269.ngo,Medium,Pilot Testing
2270,Global Impact Foundation 2270,Germany,Child Welfare,Skill Development,www.globalimpactfoundation2270.ngo,contact@globalimpactfoundation2270.global,Low,Outreach
2271,Global Impact Foundation 2271,UK,Human Rights,Urban Support,www.globalimpactfoundation2271.foundation,contact@globalimpactfoundation2271.ngo,High,Partnership
2272,Global Impact Foundation 2272,Germany,Health,Community Health,www.globalimpactfoundation2272.foundation,contact@globalimpactfoundation2272.global,High,Outreach
2273,Global Impact Foundation 2273,India,Women Empowerment,Urban Support,www.globalimpactfoundation2273.foundation,contact@globalimpactfoundation2273.org,Low,Outreach
2274,Global Impact Foundation 2274,Brazil,Human Rights,Urban Support,www.globalimpactfoundation2274.global,contact@globalimpactfoundation2274.org,Medium,Partnership
2275,Global Impact Foundation 2275,India,Child Welfare,Skill Development,www.globalimpactfoundation2275.foundation,contact@globalimpactfoundation2275.foundation,High,Partnership
2276,Global Impact Foundation 2276,USA,Child Welfare,Skill Development,www.globalimpactfoundation2276.foundation,contact@globalimpactfoundation2276.foundation,Low,Outreach
2277,Global Impact Foundation 2277,Australia,Poverty Relief,Skill Development,www.globalimpactfoundation2277.foundation,contact@globalimpactfoundation2277.global,Medium,Outreach
2278,Global Impact Foundation 2278,Australia,Environment,Policy Advocacy,www.globalimpactfoundation2278.foundation,contact@globalimpactfoundation2278.ngo,High,Partnership
2279,Global Impact Foundation 2279,Germany,Health,Community Health,www.globalimpactfoundation2279.ngo,contact@globalimpactfoundation2279.global,Medium,Pilot Testing
2280,Global Impact Foundation 2280,Australia,Education,Urban Support,www.globalimpactfoundation2280.ngo,contact@globalimpactfoundation2280.ngo,Low,Outreach
2281,Global Impact Foundation 2281,Brazil,Poverty Relief,Community Health,www.globalimpactfoundation2281.ngo,contact@globalimpactfoundation2281.global,Medium,Funding
2282,Global Impact Foundation 2282,UAE,Child Welfare,Policy Advocacy,www.globalimpactfoundation2282.org,contact@globalimpactfoundation2282.foundation,Low,Partnership
2283,Global Impact Foundation 2283,Canada,Environment,Rural Development,www.globalimpactfoundation2283.global,contact@globalimpactfoundation2283.org,Medium,Funding
2284,Global Impact Foundation 2284,UAE,Human Rights,Rural Development,www.globalimpactfoundation2284.org,contact@globalimpactfoundation2284.foundation,Medium,Pilot Testing
2285,Global Impact Foundation 2285,South Africa,Health,Skill Development,www.globalimpactfoundation2285.global,contact@globalimpactfoundation2285.foundation,Low,Partnership
2286,Global Impact Foundation 2286,South Africa,Poverty Relief,Skill Development,www.globalimpactfoundation2286.foundation,contact@globalimpactfoundation2286.global,High,Funding
2287,Global Impact Foundation 2287,Kenya,Child Welfare,Skill Development,www.globalimpactfoundation2287.global,contact@globalimpactfoundation2287.org,Low,Outreach
2288,Global Impact Foundation 2288,USA,Poverty Relief,Rural Development,www.globalimpactfoundation2288.org,contact@globalimpactfoundation2288.global,Low,Funding
2289,Global Impact Foundation 2289,Germany,Child Welfare,Rural Development,www.globalimpactfoundation2289.org,contact@globalimpactfoundation2289.ngo,High,Funding
2290,Global Impact Foundation 2290,UK,Child Welfare,Urban Support,www.globalimpactfoundation2290.foundation,contact@globalimpactfoundation2290.ngo,Medium,Pilot Testing
2291,Global Impact Foundation 2291,Canada,Child Welfare,Rural Development,www.globalimpactfoundation2291.org,contact@globalimpactfoundation2291.foundation,High,Outreach
2292,Global Impact Foundation 2292,Australia,Poverty Relief,Skill Development,www.globalimpactfoundation2292.ngo,contact@globalimpactfoundation2292.foundation,Low,Outreach
2293,Global Impact Foundation 2293,Australia,Women Empowerment,Disaster Relief,www.globalimpactfoundation2293.org,contact@globalimpactfoundation2293.global,High,Pilot Testing
2294,Global Impact Foundation 2294,UK,Human Rights,Community Health,www.globalimpactfoundation2294.ngo,contact@globalimpactfoundation2294.foundation,High,Pilot Testing
2295,Global Impact Foundation 2295,South Africa,Women Empowerment,Community Health,www.globalimpactfoundation2295.foundation,contact@globalimpactfoundation2295.foundation,High,Funding
2296,Global Impact Foundation 2296,Australia,Environment,Rural Development,www.globalimpactfoundation2296.ngo,contact@globalimpactfoundation2296.ngo,Medium,Outreach
2297,Global Impact Foundation 2297,Germany,Education,Skill Development,www.globalimpactfoundation2297.org,contact@globalimpactfoundation2297.org,High,Funding
2298,Global Impact Foundation 2298,Germany,Human Rights,Skill Development,www.globalimpactfoundation2298.foundation,contact@globalimpactfoundation2298.foundation,Medium,Pilot Testing
2299,Global Impact Foundation 2299,India,Women Empowerment,Skill Development,www.globalimpactfoundation2299.foundation,contact@globalimpactfoundation2299.ngo,High,Partnership
2300,Global Impact Foundation 2300,Kenya,Child Welfare,Rural Development,www.globalimpactfoundation2300.global,contact@globalimpactfoundation2300.global,Low,Partnership
2301,Global Impact Foundation 2301,Brazil,Women Empowerment,Disaster Relief,www.globalimpactfoundation2301.ngo,contact@globalimpactfoundation2301.ngo,High,Partnership
2302,Global Impact Foundation 2302,India,Education,Policy Advocacy,www.globalimpactfoundation2302.global,contact@globalimpactfoundation2302.ngo,Low,Funding
2303,Global Impact Foundation 2303,UAE,Women Empowerment,Disaster Relief,www.globalimpactfoundation2303.org,contact@globalimpactfoundation2303.foundation,High,Partnership
2304,Global Impact Foundation 2304,UK,Women Empowerment,Community Health,www.globalimpactfoundation2304.foundation,contact@globalimpactfoundation2304.ngo,Medium,Funding
2305,Global Impact Foundation 2305,India,Poverty Relief,Policy Advocacy,www.globalimpactfoundation2305.ngo,contact@globalimpactfoundation2305.global,Low,Funding
2306,Global Impact Foundation 2306,Australia,Child Welfare,Rural Development,www.globalimpactfoundation2306.org,contact@globalimpactfoundation2306.ngo,Low,Funding
2307,Global Impact Foundation 2307,India,Child Welfare,Disaster Relief,www.globalimpactfoundation2307.org,contact@globalimpactfoundation2307.global,Medium,Funding
2308,Global Impact Foundation 2308,UK,Poverty Relief,Disaster Relief,www.globalimpactfoundation2308.ngo,contact@globalimpactfoundation2308.ngo,Medium,Outreach
2309,Global Impact Foundation 2309,India,Women Empowerment,Skill Development,www.globalimpactfoundation2309.foundation,contact@globalimpactfoundation2309.ngo,High,Funding
2310,Global Impact Foundation 2310,UAE,Women Empowerment,Community Health,www.globalimpactfoundation2310.org,contact@globalimpactfoundation2310.global,Medium,Partnership
2311,Global Impact Foundation 2311,Kenya,Poverty Relief,Disaster Relief,www.globalimpactfoundation2311.ngo,contact@globalimpactfoundation2311.ngo,Medium,Outreach
2312,Global Impact Foundation 2312,Australia,Women Empowerment,Rural Development,www.globalimpactfoundation2312.global,contact@globalimpactfoundation2312.org,Low,Partnership
2313,Global Impact Foundation 2313,UAE,Child Welfare,Skill Development,www.globalimpactfoundation2313.org,contact@globalimpactfoundation2313.ngo,Low,Partnership
2314,Global Impact Foundation 2314,UAE,Environment,Skill Development,www.globalimpactfoundation2314.ngo,contact@globalimpactfoundation2314.foundation,Low,Partnership
2315,Global Impact Foundation 2315,USA,Child Welfare,Skill Development,www.globalimpactfoundation2315.ngo,contact@globalimpactfoundation2315.foundation,High,Outreach
2316,Global Impact Foundation 2316,Germany,Health,Urban Support,www.globalimpactfoundation2316.global,contact@globalimpactfoundation2316.org,Medium,Funding
2317,Global Impact Foundation 2317,South Africa,Women Empowerment,Community Health,www.globalimpactfoundation2317.global,contact@globalimpactfoundation2317.org,High,Funding
2318,Global Impact Foundation 2318,UK,Education,Urban Support,www.globalimpactfoundation2318.ngo,contact@globalimpactfoundation2318.foundation,Medium,Funding
2319,Global Impact Foundation 2319,UAE,Education,Disaster Relief,www.globalimpactfoundation2319.global,contact@globalimpactfoundation2319.org,High,Outreach
2320,Global Impact Foundation 2320,UK,Education,Community Health,www.globalimpactfoundation2320.foundation,contact@globalimpactfoundation2320.global,High,Partnership
2321,Global Impact Foundation 2321,Canada,Women Empowerment,Rural Development,www.globalimpactfoundation2321.foundation,contact@globalimpactfoundation2321.ngo,High,Outreach
2322,Global Impact Foundation 2322,UAE,Child Welfare,Policy Advocacy,www.globalimpactfoundation2322.global,contact@globalimpactfoundation2322.org,Medium,Funding
2323,Global Impact Foundation 2323,India,Environment,Community Health,www.globalimpactfoundation2323.global,contact@globalimpactfoundation2323.org,Low,Funding
2324,Global Impact Foundation 2324,Canada,Health,Urban Support,www.globalimpactfoundation2324.global,contact@globalimpactfoundation2324.ngo,High,Funding
2325,Global Impact Foundation 2325,Germany,Health,Rural Development,www.globalimpactfoundation2325.global,contact@globalimpactfoundation2325.foundation,Medium,Funding
2326,Global Impact Foundation 2326,India,Education,Rural Development,www.globalimpactfoundation2326.ngo,contact@globalimpactfoundation2326.foundation,Low,Outreach
2327,Global Impact Foundation 2327,Canada,Women Empowerment,Disaster Relief,www.globalimpactfoundation2327.org,contact@globalimpactfoundation2327.ngo,High,Partnership
2328,Global Impact Foundation 2328,USA,Education,Skill Development,www.globalimpactfoundation2328.org,contact@globalimpactfoundation2328.global,High,Outreach
2329,Global Impact Foundation 2329,Canada,Education,Urban Support,www.globalimpactfoundation2329.ngo,contact@globalimpactfoundation2329.global,High,Funding
2330,Global Impact Foundation 2330,UAE,Health,Policy Advocacy,www.globalimpactfoundation2330.org,contact@globalimpactfoundation2330.org,Low,Pilot Testing
2331,Global Impact Foundation 2331,Germany,Women Empowerment,Rural Development,www.globalimpactfoundation2331.ngo,contact@globalimpactfoundation2331.ngo,Medium,Partnership
2332,Global Impact Foundation 2332,Kenya,Education,Policy Advocacy,www.globalimpactfoundation2332.org,contact@globalimpactfoundation2332.ngo,High,Pilot Testing
2333,Global Impact Foundation 2333,Brazil,Human Rights,Rural Development,www.globalimpactfoundation2333.global,contact@globalimpactfoundation2333.global,Medium,Partnership
2334,Global Impact Foundation 2334,UAE,Poverty Relief,Community Health,www.globalimpactfoundation2334.org,contact@globalimpactfoundation2334.foundation,Medium,Partnership
2335,Global Impact Foundation 2335,South Africa,Child Welfare,Urban Support,www.globalimpactfoundation2335.ngo,contact@globalimpactfoundation2335.global,High,Partnership
2336,Global Impact Foundation 2336,USA,Education,Urban Support,www.globalimpactfoundation2336.foundation,contact@globalimpactfoundation2336.global,High,Outreach
2337,Global Impact Foundation 2337,Kenya,Education,Urban Support,www.globalimpactfoundation2337.ngo,contact@globalimpactfoundation2337.global,High,Partnership
2338,Global Impact Foundation 2338,Germany,Education,Urban Support,www.globalimpactfoundation2338.ngo,contact@globalimpactfoundation2338.foundation,Medium,Pilot Testing
2339,Global Impact Foundation 2339,Australia,Poverty Relief,Skill Development,www.globalimpactfoundation2339.ngo,contact@globalimpactfoundation2339.ngo,Medium,Pilot Testing
2340,Global Impact Foundation 2340,USA,Health,Policy Advocacy,www.globalimpactfoundation2340.ngo,contact@globalimpactfoundation2340.ngo,High,Funding
2341,Global Impact Foundation 2341,UK,Human Rights,Policy Advocacy,www.globalimpactfoundation2341.org,contact@globalimpactfoundation2341.ngo,Low,Pilot Testing
2342,Global Impact Foundation 2342,Germany,Human Rights,Skill Development,www.globalimpactfoundation2342.foundation,contact@globalimpactfoundation2342.global,Medium,Outreach
2343,Global Impact Foundation 2343,Australia,Human Rights,Disaster Relief,www.globalimpactfoundation2343.org,contact@globalimpactfoundation2343.foundation,Low,Outreach
2344,Global Impact Foundation 2344,Canada,Women Empowerment,Community Health,www.globalimpactfoundation2344.org,contact@globalimpactfoundation2344.foundation,Low,Outreach
2345,Global Impact Foundation 2345,Germany,Poverty Relief,Policy Advocacy,www.globalimpactfoundation2345.org,contact@globalimpactfoundation2345.foundation,High,Partnership
2346,Global Impact Foundation 2346,Germany,Child Welfare,Policy Advocacy,www.globalimpactfoundation2346.org,contact@globalimpactfoundation2346.global,Low,Partnership
2347,Global Impact Foundation 2347,UK,Women Empowerment,Community Health,www.globalimpactfoundation2347.org,contact@globalimpactfoundation2347.org,Medium,Funding
2348,Global Impact Foundation 2348,Australia,Human Rights,Community Health,www.globalimpactfoundation2348.foundation,contact@globalimpactfoundation2348.global,Medium,Pilot Testing
2349,Global Impact Foundation 2349,Kenya,Environment,Skill Development,www.globalimpactfoundation2349.ngo,contact@globalimpactfoundation2349.foundation,Medium,Outreach
2350,Global Impact Foundation 2350,India,Child Welfare,Rural Development,www.globalimpactfoundation2350.org,contact@globalimpactfoundation2350.foundation,Low,Partnership
2351,Global Impact Foundation 2351,Canada,Child Welfare,Urban Support,www.globalimpactfoundation2351.ngo,contact@globalimpactfoundation2351.foundation,Low,Partnership
2352,Global Impact Foundation 2352,UK,Education,Community Health,www.globalimpactfoundation2352.global,contact@globalimpactfoundation2352.foundation,Medium,Pilot Testing
2353,Global Impact Foundation 2353,Brazil,Women Empowerment,Policy Advocacy,www.globalimpactfoundation2353.global,contact@globalimpactfoundation2353.foundation,Medium,Funding
2354,Global Impact Foundation 2354,Kenya,Poverty Relief,Urban Support,www.globalimpactfoundation2354.ngo,contact@globalimpactfoundation2354.foundation,Low,Funding
2355,Global Impact Foundation 2355,UK,Women Empowerment,Urban Support,www.globalimpactfoundation2355.global,contact@globalimpactfoundation2355.global,High,Pilot Testing
2356,Global Impact Foundation 2356,South Africa,Health,Policy Advocacy,www.globalimpactfoundation2356.ngo,contact@globalimpactfoundation2356.foundation,High,Funding
2357,Global Impact Foundation 2357,Canada,Environment,Disaster Relief,www.globalimpactfoundation2357.foundation,contact@globalimpactfoundation2357.foundation,Low,Outreach
2358,Global Impact Foundation 2358,Australia,Human Rights,Skill Development,www.globalimpactfoundation2358.ngo,contact@globalimpactfoundation2358.global,Medium,Pilot Testing
2359,Global Impact Foundation 2359,UAE,Child Welfare,Disaster Relief,www.globalimpactfoundation2359.org,contact@globalimpactfoundation2359.org,Medium,Funding
2360,Global Impact Foundation 2360,UK,Education,Community Health,www.globalimpactfoundation2360.ngo,contact@globalimpactfoundation2360.ngo,Medium,Pilot Testing
2361,Global Impact Foundation 2361,South Africa,Human Rights,Policy Advocacy,www.globalimpactfoundation2361.ngo,contact@globalimpactfoundation2361.foundation,High,Outreach
2362,Global Impact Foundation 2362,Brazil,Women Empowerment,Urban Support,www.globalimpactfoundation2362.org,contact@globalimpactfoundation2362.org,High,Funding
2363,Global Impact Foundation 2363,Canada,Health,Urban Support,www.globalimpactfoundation2363.org,contact@globalimpactfoundation2363.org,Low,Pilot Testing
2364,Global Impact Foundation 2364,South Africa,Environment,Rural Development,www.globalimpactfoundation2364.foundation,contact@globalimpactfoundation2364.global,High,Funding
2365,Global Impact Foundation 2365,Canada,Poverty Relief,Rural Development,www.globalimpactfoundation2365.global,contact@globalimpactfoundation2365.foundation,Low,Outreach
2366,Global Impact Foundation 2366,South Africa,Environment,Urban Support,www.globalimpactfoundation2366.foundation,contact@globalimpactfoundation2366.ngo,Low,Partnership
2367,Global Impact Foundation 2367,Germany,Women Empowerment,Rural Development,www.globalimpactfoundation2367.ngo,contact@globalimpactfoundation2367.org,Medium,Funding
2368,Global Impact Foundation 2368,Germany,Health,Disaster Relief,www.globalimpactfoundation2368.global,contact@globalimpactfoundation2368.ngo,Low,Pilot Testing
2369,Global Impact Foundation 2369,UK,Health,Rural Development,www.globalimpactfoundation2369.global,contact@globalimpactfoundation2369.foundation,Medium,Pilot Testing
2370,Global Impact Foundation 2370,USA,Education,Urban Support,www.globalimpactfoundation2370.ngo,contact@globalimpactfoundation2370.ngo,Medium,Partnership
2371,Global Impact Foundation 2371,Australia,Environment,Skill Development,www.globalimpactfoundation2371.foundation,contact@globalimpactfoundation2371.org,Medium,Pilot Testing
2372,Global Impact Foundation 2372,Brazil,Health,Community Health,www.globalimpactfoundation2372.ngo,contact@globalimpactfoundation2372.foundation,Medium,Pilot Testing
2373,Global Impact Foundation 2373,South Africa,Child Welfare,Urban Support,www.globalimpactfoundation2373.global,contact@globalimpactfoundation2373.global,Low,Outreach
2374,Global Impact Foundation 2374,UAE,Women Empowerment,Urban Support,www.globalimpactfoundation2374.org,contact@globalimpactfoundation2374.ngo,Low,Pilot Testing
2375,Global Impact Foundation 2375,UAE,Health,Rural Development,www.globalimpactfoundation2375.global,contact@globalimpactfoundation2375.org,Medium,Partnership
2376,Global Impact Foundation 2376,Brazil,Health,Rural Development,www.globalimpactfoundation2376.org,contact@globalimpactfoundation2376.foundation,High,Outreach
2377,Global Impact Foundation 2377,UK,Child Welfare,Policy Advocacy,www.globalimpactfoundation2377.global,contact@globalimpactfoundation2377.ngo,High,Funding
2378,Global Impact Foundation 2378,Kenya,Health,Policy Advocacy,www.globalimpactfoundation2378.org,contact@globalimpactfoundation2378.ngo,High,Funding
2379,Global Impact Foundation 2379,Brazil,Health,Disaster Relief,www.globalimpactfoundation2379.org,contact@globalimpactfoundation2379.ngo,Low,Outreach
2380,Global Impact Foundation 2380,Brazil,Human Rights,Disaster Relief,www.globalimpactfoundation2380.org,contact@globalimpactfoundation2380.foundation,Medium,Funding
2381,Global Impact Foundation 2381,Australia,Women Empowerment,Community Health,www.globalimpactfoundation2381.global,contact@globalimpactfoundation2381.foundation,Low,Outreach
2382,Global Impact Foundation 2382,Germany,Women Empowerment,Policy Advocacy,www.globalimpactfoundation2382.global,contact@globalimpactfoundation2382.global,Medium,Pilot Testing
2383,Global Impact Foundation 2383,Kenya,Human Rights,Rural Development,www.globalimpactfoundation2383.foundation,contact@globalimpactfoundation2383.global,High,Outreach
2384,Global Impact Foundation 2384,UK,Education,Community Health,www.globalimpactfoundation2384.global,contact@globalimpactfoundation2384.ngo,Low,Pilot Testing
2385,Global Impact Foundation 2385,Canada,Health,Skill Development,www.globalimpactfoundation2385.foundation,contact@globalimpactfoundation2385.global,High,Partnership
2386,Global Impact Foundation 2386,Germany,Education,Community Health,www.globalimpactfoundation2386.global,contact@globalimpactfoundation2386.global,Low,Partnership
2387,Global Impact Foundation 2387,India,Environment,Rural Development,www.globalimpactfoundation2387.org,contact@globalimpactfoundation2387.global,Low,Pilot Testing
2388,Global Impact Foundation 2388,Canada,Education,Skill Development,www.globalimpactfoundation2388.global,contact@globalimpactfoundation2388.global,Medium,Partnership
2389,Global Impact Foundation 2389,South Africa,Environment,Community Health,www.globalimpactfoundation2389.org,contact@globalimpactfoundation2389.ngo,High,Pilot Testing
2390,Global Impact Foundation 2390,Canada,Education,Rural Development,www.globalimpactfoundation2390.org,contact@globalimpactfoundation2390.global,High,Partnership
2391,Global Impact Foundation 2391,Brazil,Environment,Urban Support,www.globalimpactfoundation2391.ngo,contact@globalimpactfoundation2391.ngo,Medium,Outreach
2392,Global Impact Foundation 2392,South Africa,Poverty Relief,Disaster Relief,www.globalimpactfoundation2392.global,contact@globalimpactfoundation2392.ngo,Low,Funding
2393,Global Impact Foundation 2393,Germany,Health,Skill Development,www.globalimpactfoundation2393.global,contact@globalimpactfoundation2393.org,High,Outreach
2394,Global Impact Foundation 2394,UK,Environment,Urban Support,www.globalimpactfoundation2394.ngo,contact@globalimpactfoundation2394.global,High,Pilot Testing
2395,Global Impact Foundation 2395,Germany,Child Welfare,Policy Advocacy,www.globalimpactfoundation2395.foundation,contact@globalimpactfoundation2395.ngo,Low,Partnership
2396,Global Impact Foundation 2396,Germany,Poverty Relief,Community Health,www.globalimpactfoundation2396.ngo,contact@globalimpactfoundation2396.ngo,Medium,Outreach
2397,Global Impact Foundation 2397,USA,Health,Policy Advocacy,www.globalimpactfoundation2397.org,contact@globalimpactfoundation2397.org,Low,Pilot Testing
2398,Global Impact Foundation 2398,UK,Environment,Community Health,www.globalimpactfoundation2398.global,contact@globalimpactfoundation2398.foundation,Medium,Partnership
2399,Global Impact Foundation 2399,India,Women Empowerment,Policy Advocacy,www.globalimpactfoundation2399.global,contact@globalimpactfoundation2399.global,Medium,Funding
2400,Global Impact Foundation 2400,Germany,Women Empowerment,Rural Development,www.globalimpactfoundation2400.foundation,contact@globalimpactfoundation2400.global,Low,Funding
2401,Global Impact Foundation 2401,South Africa,Child Welfare,Skill Development,www.globalimpactfoundation2401.org,contact@globalimpactfoundation2401.global,Low,Outreach
2402,Global Impact Foundation 2402,India,Women Empowerment,Urban Support,www.globalimpactfoundation2402.org,contact@globalimpactfoundation2402.foundation,Low,Outreach
2403,Global Impact Foundation 2403,India,Poverty Relief,Community Health,www.globalimpactfoundation2403.org,contact@globalimpactfoundation2403.foundation,Low,Outreach
2404,Global Impact Foundation 2404,Brazil,Women Empowerment,Skill Development,www.globalimpactfoundation2404.ngo,contact@globalimpactfoundation2404.foundation,Medium,Partnership
2405,Global Impact Foundation 2405,India,Environment,Policy Advocacy,www.globalimpactfoundation2405.ngo,contact@globalimpactfoundation2405.org,Medium,Outreach
2406,Global Impact Foundation 2406,Kenya,Women Empowerment,Community Health,www.globalimpactfoundation2406.global,contact@globalimpactfoundation2406.foundation,High,Partnership
2407,Global Impact Foundation 2407,India,Environment,Policy Advocacy,www.globalimpactfoundation2407.foundation,contact@globalimpactfoundation2407.foundation,Low,Partnership
2408,Global Impact Foundation 2408,Brazil,Human Rights,Community Health,www.globalimpactfoundation2408.global,contact@globalimpactfoundation2408.foundation,High,Pilot Testing
2409,Global Impact Foundation 2409,South Africa,Women Empowerment,Disaster Relief,www.globalimpactfoundation2409.ngo,contact@globalimpactfoundation2409.ngo,Medium,Outreach
2410,Global Impact Foundation 2410,USA,Women Empowerment,Rural Development,www.globalimpactfoundation2410.global,contact@globalimpactfoundation2410.ngo,Medium,Outreach
2411,Global Impact Foundation 2411,USA,Child Welfare,Skill Development,www.globalimpactfoundation2411.org,contact@globalimpactfoundation2411.org,High,Partnership
2412,Global Impact Foundation 2412,Brazil,Health,Disaster Relief,www.globalimpactfoundation2412.global,contact@globalimpactfoundation2412.ngo,Low,Pilot Testing
2413,Global Impact Foundation 2413,Brazil,Health,Urban Support,www.globalimpactfoundation2413.org,contact@globalimpactfoundation2413.foundation,High,Outreach
2414,Global Impact Foundation 2414,USA,Environment,Urban Support,www.globalimpactfoundation2414.ngo,contact@globalimpactfoundation2414.ngo,Medium,Funding
2415,Global Impact Foundation 2415,Brazil,Health,Rural Development,www.globalimpactfoundation2415.foundation,contact@globalimpactfoundation2415.global,Medium,Pilot Testing
2416,Global Impact Foundation 2416,Germany,Health,Urban Support,www.globalimpactfoundation2416.org,contact@globalimpactfoundation2416.org,Low,Partnership
2417,Global Impact Foundation 2417,India,Education,Community Health,www.globalimpactfoundation2417.foundation,contact@globalimpactfoundation2417.ngo,Medium,Partnership
2418,Global Impact Foundation 2418,Germany,Human Rights,Disaster Relief,www.globalimpactfoundation2418.global,contact@globalimpactfoundation2418.foundation,High,Funding
2419,Global Impact Foundation 2419,Germany,Human Rights,Disaster Relief,www.globalimpactfoundation2419.ngo,contact@globalimpactfoundation2419.foundation,High,Partnership
2420,Global Impact Foundation 2420,Canada,Child Welfare,Skill Development,www.globalimpactfoundation2420.global,contact@globalimpactfoundation2420.global,High,Pilot Testing
2421,Global Impact Foundation 2421,Kenya,Child Welfare,Community Health,www.globalimpactfoundation2421.foundation,contact@globalimpactfoundation2421.foundation,Low,Funding
2422,Global Impact Foundation 2422,India,Women Empowerment,Disaster Relief,www.globalimpactfoundation2422.org,contact@globalimpactfoundation2422.global,Medium,Outreach
2423,Global Impact Foundation 2423,Australia,Child Welfare,Skill Development,www.globalimpactfoundation2423.foundation,contact@globalimpactfoundation2423.org,Low,Pilot Testing
2424,Global Impact Foundation 2424,Brazil,Health,Community Health,www.globalimpactfoundation2424.foundation,contact@globalimpactfoundation2424.global,Medium,Pilot Testing
2425,Global Impact Foundation 2425,Canada,Environment,Community Health,www.globalimpactfoundation2425.foundation,contact@globalimpactfoundation2425.org,Low,Pilot Testing
2426,Global Impact Foundation 2426,Australia,Environment,Rural Development,www.globalimpactfoundation2426.org,contact@globalimpactfoundation2426.org,Low,Partnership
2427,Global Impact Foundation 2427,USA,Health,Policy Advocacy,www.globalimpactfoundation2427.global,contact@globalimpactfoundation2427.global,High,Pilot Testing
2428,Global Impact Foundation 2428,South Africa,Education,Rural Development,www.globalimpactfoundation2428.org,contact@globalimpactfoundation2428.org,Low,Partnership
2429,Global Impact Foundation 2429,UK,Poverty Relief,Skill Development,www.globalimpactfoundation2429.global,contact@globalimpactfoundation2429.org,Medium,Outreach
2430,Global Impact Foundation 2430,UK,Human Rights,Urban Support,www.globalimpactfoundation2430.org,contact@globalimpactfoundation2430.org,High,Outreach
2431,Global Impact Foundation 2431,UK,Poverty Relief,Urban Support,www.globalimpactfoundation2431.global,contact@globalimpactfoundation2431.org,Low,Partnership
2432,Global Impact Foundation 2432,UK,Health,Rural Development,www.globalimpactfoundation2432.foundation,contact@globalimpactfoundation2432.org,Medium,Funding
2433,Global Impact Foundation 2433,USA,Health,Community Health,www.globalimpactfoundation2433.global,contact@globalimpactfoundation2433.ngo,Low,Pilot Testing
2434,Global Impact Foundation 2434,India,Child Welfare,Rural Development,www.globalimpactfoundation2434.foundation,contact@globalimpactfoundation2434.foundation,High,Pilot Testing
2435,Global Impact Foundation 2435,Canada,Child Welfare,Disaster Relief,www.globalimpactfoundation2435.foundation,contact@globalimpactfoundation2435.foundation,High,Partnership
2436,Global Impact Foundation 2436,UAE,Women Empowerment,Skill Development,www.globalimpactfoundation2436.global,contact@globalimpactfoundation2436.org,Low,Pilot Testing
2437,Global Impact Foundation 2437,Brazil,Environment,Rural Development,www.globalimpactfoundation2437.foundation,contact@globalimpactfoundation2437.org,Low,Outreach
2438,Global Impact Foundation 2438,USA,Human Rights,Rural Development,www.globalimpactfoundation2438.global,contact@globalimpactfoundation2438.foundation,Low,Partnership
2439,Global Impact Foundation 2439,Canada,Health,Policy Advocacy,www.globalimpactfoundation2439.foundation,contact@globalimpactfoundation2439.global,High,Pilot Testing
2440,Global Impact Foundation 2440,Brazil,Environment,Disaster Relief,www.globalimpactfoundation2440.ngo,contact@globalimpactfoundation2440.global,Low,Pilot Testing
2441,Global Impact Foundation 2441,Canada,Health,Skill Development,www.globalimpactfoundation2441.global,contact@globalimpactfoundation2441.global,Medium,Outreach
2442,Global Impact Foundation 2442,Germany,Women Empowerment,Urban Support,www.globalimpactfoundation2442.org,contact@globalimpactfoundation2442.foundation,Medium,Funding
2443,Global Impact Foundation 2443,Brazil,Poverty Relief,Community Health,www.globalimpactfoundation2443.foundation,contact@globalimpactfoundation2443.ngo,Medium,Partnership
2444,Global Impact Foundation 2444,UAE,Environment,Community Health,www.globalimpactfoundation2444.foundation,contact@globalimpactfoundation2444.org,Low,Outreach
2445,Global Impact Foundation 2445,UAE,Education,Urban Support,www.globalimpactfoundation2445.global,contact@globalimpactfoundation2445.foundation,Medium,Outreach
2446,Global Impact Foundation 2446,UK,Environment,Rural Development,www.globalimpactfoundation2446.global,contact@globalimpactfoundation2446.ngo,Low,Funding
2447,Global Impact Foundation 2447,UAE,Poverty Relief,Skill Development,www.globalimpactfoundation2447.org,contact@globalimpactfoundation2447.org,Low,Funding
2448,Global Impact Foundation 2448,Kenya,Health,Skill Development,www.globalimpactfoundation2448.foundation,contact@globalimpactfoundation2448.ngo,Medium,Partnership
2449,Global Impact Foundation 2449,Germany,Poverty Relief,Community Health,www.globalimpactfoundation2449.foundation,contact@globalimpactfoundation2449.ngo,High,Partnership
2450,Global Impact Foundation 2450,Brazil,Poverty Relief,Disaster Relief,www.globalimpactfoundation2450.ngo,contact@globalimpactfoundation2450.ngo,Medium,Pilot Testing
2451,Global Impact Foundation 2451,Australia,Human Rights,Skill Development,www.globalimpactfoundation2451.org,contact@globalimpactfoundation2451.foundation,High,Pilot Testing
2452,Global Impact Foundation 2452,Australia,Health,Urban Support,www.globalimpactfoundation2452.org,contact@globalimpactfoundation2452.foundation,Medium,Pilot Testing
2453,Global Impact Foundation 2453,Germany,Child Welfare,Skill Development,www.globalimpactfoundation2453.global,contact@globalimpactfoundation2453.ngo,High,Pilot Testing
2454,Global Impact Foundation 2454,USA,Environment,Skill Development,www.globalimpactfoundation2454.ngo,contact@globalimpactfoundation2454.ngo,Medium,Outreach
2455,Global Impact Foundation 2455,Brazil,Education,Urban Support,www.globalimpactfoundation2455.ngo,contact@globalimpactfoundation2455.org,Low,Partnership
2456,Global Impact Foundation 2456,Australia,Women Empowerment,Urban Support,www.globalimpactfoundation2456.ngo,contact@globalimpactfoundation2456.ngo,Low,Funding
2457,Global Impact Foundation 2457,Germany,Education,Rural Development,www.globalimpactfoundation2457.foundation,contact@globalimpactfoundation2457.ngo,High,Pilot Testing
2458,Global Impact Foundation 2458,India,Poverty Relief,Urban Support,www.globalimpactfoundation2458.org,contact@globalimpactfoundation2458.ngo,Medium,Funding
2459,Global Impact Foundation 2459,Australia,Health,Urban Support,www.globalimpactfoundation2459.global,contact@globalimpactfoundation2459.foundation,High,Funding
2460,Global Impact Foundation 2460,Kenya,Women Empowerment,Urban Support,www.globalimpactfoundation2460.global,contact@globalimpactfoundation2460.ngo,Medium,Partnership
2461,Global Impact Foundation 2461,Brazil,Child Welfare,Rural Development,www.globalimpactfoundation2461.global,contact@globalimpactfoundation2461.org,High,Partnership
2462,Global Impact Foundation 2462,Kenya,Education,Community Health,www.globalimpactfoundation2462.ngo,contact@globalimpactfoundation2462.org,Low,Funding
2463,Global Impact Foundation 2463,Canada,Poverty Relief,Skill Development,www.globalimpactfoundation2463.global,contact@globalimpactfoundation2463.foundation,High,Partnership
2464,Global Impact Foundation 2464,UAE,Poverty Relief,Rural Development,www.globalimpactfoundation2464.global,contact@globalimpactfoundation2464.ngo,Medium,Partnership
2465,Global Impact Foundation 2465,Australia,Women Empowerment,Skill Development,www.globalimpactfoundation2465.global,contact@globalimpactfoundation2465.foundation,High,Partnership
2466,Global Impact Foundation 2466,Australia,Women Empowerment,Skill Development,www.globalimpactfoundation2466.org,contact@globalimpactfoundation2466.ngo,High,Pilot Testing
2467,Global Impact Foundation 2467,Australia,Poverty Relief,Community Health,www.globalimpactfoundation2467.org,contact@globalimpactfoundation2467.ngo,High,Funding
2468,Global Impact Foundation 2468,Australia,Environment,Community Health,www.globalimpactfoundation2468.ngo,contact@globalimpactfoundation2468.ngo,Low,Funding
2469,Global Impact Foundation 2469,UAE,Women Empowerment,Disaster Relief,www.globalimpactfoundation2469.foundation,contact@globalimpactfoundation2469.foundation,Low,Funding
2470,Global Impact Foundation 2470,Canada,Environment,Disaster Relief,www.globalimpactfoundation2470.foundation,contact@globalimpactfoundation2470.global,Medium,Outreach
2471,Global Impact Foundation 2471,Germany,Education,Community Health,www.globalimpactfoundation2471.global,contact@globalimpactfoundation2471.org,Low,Funding
2472,Global Impact Foundation 2472,Germany,Human Rights,Disaster Relief,www.globalimpactfoundation2472.ngo,contact@globalimpactfoundation2472.global,Medium,Partnership
2473,Global Impact Foundation 2473,USA,Human Rights,Policy Advocacy,www.globalimpactfoundation2473.org,contact@globalimpactfoundation2473.foundation,High,Pilot Testing
2474,Global Impact Foundation 2474,Kenya,Child Welfare,Policy Advocacy,www.globalimpactfoundation2474.foundation,contact@globalimpactfoundation2474.global,Low,Outreach
2475,Global Impact Foundation 2475,Germany,Poverty Relief,Urban Support,www.globalimpactfoundation2475.org,contact@globalimpactfoundation2475.org,High,Pilot Testing
2476,Global Impact Foundation 2476,South Africa,Environment,Rural Development,www.globalimpactfoundation2476.global,contact@globalimpactfoundation2476.ngo,Medium,Partnership
2477,Global Impact Foundation 2477,Germany,Human Rights,Urban Support,www.globalimpactfoundation2477.ngo,contact@globalimpactfoundation2477.global,High,Outreach
2478,Global Impact Foundation 2478,Kenya,Child Welfare,Skill Development,www.globalimpactfoundation2478.ngo,contact@globalimpactfoundation2478.global,High,Pilot Testing
2479,Global Impact Foundation 2479,Germany,Human Rights,Urban Support,www.globalimpactfoundation2479.foundation,contact@globalimpactfoundation2479.org,High,Funding
2480,Global Impact Foundation 2480,UK,Child Welfare,Policy Advocacy,www.globalimpactfoundation2480.foundation,contact@globalimpactfoundation2480.org,Medium,Funding
2481,Global Impact Foundation 2481,South Africa,Human Rights,Policy Advocacy,www.globalimpactfoundation2481.global,contact@globalimpactfoundation2481.ngo,Medium,Outreach
2482,Global Impact Foundation 2482,Australia,Environment,Community Health,www.globalimpactfoundation2482.ngo,contact@globalimpactfoundation2482.global,Low,Partnership
2483,Global Impact Foundation 2483,Germany,Education,Policy Advocacy,www.globalimpactfoundation2483.foundation,contact@globalimpactfoundation2483.global,Medium,Pilot Testing
2484,Global Impact Foundation 2484,South Africa,Women Empowerment,Urban Support,www.globalimpactfoundation2484.global,contact@globalimpactfoundation2484.global,Low,Partnership
2485,Global Impact Foundation 2485,Brazil,Environment,Skill Development,www.globalimpactfoundation2485.org,contact@globalimpactfoundation2485.ngo,High,Partnership
2486,Global Impact Foundation 2486,Germany,Health,Rural Development,www.globalimpactfoundation2486.global,contact@globalimpactfoundation2486.org,Medium,Pilot Testing
2487,Global Impact Foundation 2487,South Africa,Environment,Urban Support,www.globalimpactfoundation2487.foundation,contact@globalimpactfoundation2487.org,Low,Pilot Testing
2488,Global Impact Foundation 2488,Canada,Human Rights,Disaster Relief,www.globalimpactfoundation2488.org,contact@globalimpactfoundation2488.global,High,Partnership
2489,Global Impact Foundation 2489,Germany,Health,Rural Development,www.globalimpactfoundation2489.global,contact@globalimpactfoundation2489.ngo,Low,Funding
2490,Global Impact Foundation 2490,Australia,Education,Policy Advocacy,www.globalimpactfoundation2490.ngo,contact@globalimpactfoundation2490.global,Medium,Funding
2491,Global Impact Foundation 2491,Germany,Health,Skill Development,www.globalimpactfoundation2491.global,contact@globalimpactfoundation2491.org,Medium,Partnership
2492,Global Impact Foundation 2492,Canada,Environment,Policy Advocacy,www.globalimpactfoundation2492.global,contact@globalimpactfoundation2492.ngo,Low,Funding
2493,Global Impact Foundation 2493,USA,Human Rights,Community Health,www.globalimpactfoundation2493.org,contact@globalimpactfoundation2493.global,Low,Partnership
2494,Global Impact Foundation 2494,Brazil,Environment,Rural Development,www.globalimpactfoundation2494.global,contact@globalimpactfoundation2494.global,Medium,Partnership
2495,Global Impact Foundation 2495,South Africa,Health,Rural Development,www.globalimpactfoundation2495.foundation,contact@globalimpactfoundation2495.foundation,High,Pilot Testing
2496,Global Impact Foundation 2496,Brazil,Education,Rural Development,www.globalimpactfoundation2496.org,contact@globalimpactfoundation2496.global,High,Outreach
2497,Global Impact Foundation 2497,South Africa,Health,Rural Development,www.globalimpactfoundation2497.foundation,contact@globalimpactfoundation2497.ngo,Medium,Funding
2498,Global Impact Foundation 2498,Australia,Women Empowerment,Skill Development,www.globalimpactfoundation2498.global,contact@globalimpactfoundation2498.foundation,Medium,Outreach
2499,Global Impact Foundation 2499,Canada,Environment,Policy Advocacy,www.globalimpactfoundation2499.foundation,contact@globalimpactfoundation2499.foundation,Low,Partnership
2500,Global Impact Foundation 2500,South Africa,Health,Policy Advocacy,www.globalimpactfoundation2500.global,contact@globalimpactfoundation2500.ngo,High,Partnership
2501,Global Impact Foundation 2501,Australia,Environment,Urban Support,www.globalimpactfoundation2501.global,contact@globalimpactfoundation2501.ngo,Medium,Funding
2502,Global Impact Foundation 2502,Canada,Poverty Relief,Disaster Relief,www.globalimpactfoundation2502.global,contact@globalimpactfoundation2502.foundation,High,Funding
2503,Global Impact Foundation 2503,Germany,Environment,Rural Development,www.globalimpactfoundation2503.ngo,contact@globalimpactfoundation2503.org,High,Funding
2504,Global Impact Foundation 2504,USA,Health,Policy Advocacy,www.globalimpactfoundation2504.org,contact@globalimpactfoundation2504.foundation,Medium,Funding
2505,Global Impact Foundation 2505,India,Education,Community Health,www.globalimpactfoundation2505.foundation,contact@globalimpactfoundation2505.ngo,Medium,Partnership
2506,Global Impact Foundation 2506,Canada,Education,Policy Advocacy,www.globalimpactfoundation2506.global,contact@globalimpactfoundation2506.ngo,Low,Partnership
2507,Global Impact Foundation 2507,Australia,Education,Urban Support,www.globalimpactfoundation2507.foundation,contact@globalimpactfoundation2507.foundation,Medium,Partnership
2508,Global Impact Foundation 2508,Brazil,Education,Rural Development,www.globalimpactfoundation2508.ngo,contact@globalimpactfoundation2508.global,High,Partnership
2509,Global Impact Foundation 2509,India,Environment,Rural Development,www.globalimpactfoundation2509.org,contact@globalimpactfoundation2509.global,High,Outreach
2510,Global Impact Foundation 2510,Germany,Human Rights,Policy Advocacy,www.globalimpactfoundation2510.org,contact@globalimpactfoundation2510.org,High,Outreach
2511,Global Impact Foundation 2511,South Africa,Women Empowerment,Policy Advocacy,www.globalimpactfoundation2511.ngo,contact@globalimpactfoundation2511.org,High,Outreach
2512,Global Impact Foundation 2512,South Africa,Environment,Disaster Relief,www.globalimpactfoundation2512.foundation,contact@globalimpactfoundation2512.org,High,Partnership
2513,Global Impact Foundation 2513,Kenya,Women Empowerment,Disaster Relief,www.globalimpactfoundation2513.global,contact@globalimpactfoundation2513.org,Medium,Pilot Testing
2514,Global Impact Foundation 2514,USA,Environment,Skill Development,www.globalimpactfoundation2514.foundation,contact@globalimpactfoundation2514.foundation,Low,Pilot Testing
2515,Global Impact Foundation 2515,Kenya,Child Welfare,Urban Support,www.globalimpactfoundation2515.global,contact@globalimpactfoundation2515.foundation,Medium,Partnership
2516,Global Impact Foundation 2516,Brazil,Poverty Relief,Skill Development,www.globalimpactfoundation2516.org,contact@globalimpactfoundation2516.org,High,Pilot Testing
2517,Global Impact Foundation 2517,India,Women Empowerment,Rural Development,www.globalimpactfoundation2517.ngo,contact@globalimpactfoundation2517.global,Low,Partnership
2518,Global Impact Foundation 2518,UK,Women Empowerment,Urban Support,www.globalimpactfoundation2518.ngo,contact@globalimpactfoundation2518.global,Medium,Outreach
2519,Global Impact Foundation 2519,Germany,Education,Community Health,www.globalimpactfoundation2519.foundation,contact@globalimpactfoundation2519.org,Medium,Outreach
2520,Global Impact Foundation 2520,Australia,Child Welfare,Policy Advocacy,www.globalimpactfoundation2520.global,contact@globalimpactfoundation2520.org,Low,Outreach
2521,Global Impact Foundation 2521,USA,Poverty Relief,Skill Development,www.globalimpactfoundation2521.ngo,contact@globalimpactfoundation2521.org,Low,Funding
2522,Global Impact Foundation 2522,Brazil,Women Empowerment,Disaster Relief,www.globalimpactfoundation2522.foundation,contact@globalimpactfoundation2522.ngo,High,Funding
2523,Global Impact Foundation 2523,Australia,Education,Urban Support,www.globalimpactfoundation2523.org,contact@globalimpactfoundation2523.org,Low,Funding
2524,Global Impact Foundation 2524,Australia,Education,Rural Development,www.globalimpactfoundation2524.ngo,contact@globalimpactfoundation2524.global,Medium,Partnership
2525,Global Impact Foundation 2525,UAE,Child Welfare,Disaster Relief,www.globalimpactfoundation2525.foundation,contact@globalimpactfoundation2525.ngo,Medium,Funding
2526,Global Impact Foundation 2526,UAE,Poverty Relief,Policy Advocacy,www.globalimpactfoundation2526.foundation,contact@globalimpactfoundation2526.ngo,Low,Partnership
2527,Global Impact Foundation 2527,South Africa,Health,Urban Support,www.globalimpactfoundation2527.foundation,contact@globalimpactfoundation2527.foundation,Low,Pilot Testing
2528,Global Impact Foundation 2528,UAE,Education,Community Health,www.globalimpactfoundation2528.global,contact@globalimpactfoundation2528.global,Medium,Pilot Testing
2529,Global Impact Foundation 2529,Australia,Poverty Relief,Skill Development,www.globalimpactfoundation2529.global,contact@globalimpactfoundation2529.global,High,Partnership
2530,Global Impact Foundation 2530,South Africa,Child Welfare,Policy Advocacy,www.globalimpactfoundation2530.foundation,contact@globalimpactfoundation2530.foundation,High,Funding
2531,Global Impact Foundation 2531,Canada,Health,Community Health,www.globalimpactfoundation2531.foundation,contact@globalimpactfoundation2531.org,Medium,Partnership
2532,Global Impact Foundation 2532,UK,Poverty Relief,Urban Support,www.globalimpactfoundation2532.foundation,contact@globalimpactfoundation2532.ngo,Medium,Partnership
2533,Global Impact Foundation 2533,USA,Women Empowerment,Policy Advocacy,www.globalimpactfoundation2533.org,contact@globalimpactfoundation2533.foundation,Low,Pilot Testing
2534,Global Impact Foundation 2534,USA,Education,Rural Development,www.globalimpactfoundation2534.ngo,contact@globalimpactfoundation2534.ngo,Medium,Funding
2535,Global Impact Foundation 2535,Brazil,Child Welfare,Urban Support,www.globalimpactfoundation2535.global,contact@globalimpactfoundation2535.org,Low,Pilot Testing
2536,Global Impact Foundation 2536,Australia,Environment,Skill Development,www.globalimpactfoundation2536.global,contact@globalimpactfoundation2536.ngo,High,Outreach
2537,Global Impact Foundation 2537,USA,Poverty Relief,Skill Development,www.globalimpactfoundation2537.org,contact@globalimpactfoundation2537.global,Low,Outreach
2538,Global Impact Foundation 2538,UK,Child Welfare,Policy Advocacy,www.globalimpactfoundation2538.global,contact@globalimpactfoundation2538.global,Low,Funding
2539,Global Impact Foundation 2539,Germany,Education,Disaster Relief,www.globalimpactfoundation2539.global,contact@globalimpactfoundation2539.foundation,High,Funding
2540,Global Impact Foundation 2540,Canada,Human Rights,Community Health,www.globalimpactfoundation2540.org,contact@globalimpactfoundation2540.foundation,Low,Outreach
2541,Global Impact Foundation 2541,Kenya,Child Welfare,Urban Support,www.globalimpactfoundation2541.org,contact@globalimpactfoundation2541.org,Medium,Pilot Testing
2542,Global Impact Foundation 2542,Kenya,Poverty Relief,Policy Advocacy,www.globalimpactfoundation2542.ngo,contact@globalimpactfoundation2542.global,High,Funding
2543,Global Impact Foundation 2543,USA,Human Rights,Policy Advocacy,www.globalimpactfoundation2543.global,contact@globalimpactfoundation2543.global,Low,Partnership
2544,Global Impact Foundation 2544,UAE,Child Welfare,Policy Advocacy,www.globalimpactfoundation2544.org,contact@globalimpactfoundation2544.foundation,Low,Pilot Testing
2545,Global Impact Foundation 2545,Kenya,Human Rights,Skill Development,www.globalimpactfoundation2545.foundation,contact@globalimpactfoundation2545.foundation,High,Funding
2546,Global Impact Foundation 2546,India,Poverty Relief,Urban Support,www.globalimpactfoundation2546.org,contact@globalimpactfoundation2546.org,High,Funding
2547,Global Impact Foundation 2547,USA,Child Welfare,Skill Development,www.globalimpactfoundation2547.global,contact@globalimpactfoundation2547.ngo,Low,Pilot Testing
2548,Global Impact Foundation 2548,South Africa,Child Welfare,Urban Support,www.globalimpactfoundation2548.ngo,contact@globalimpactfoundation2548.org,Medium,Partnership
2549,Global Impact Foundation 2549,Canada,Education,Disaster Relief,www.globalimpactfoundation2549.ngo,contact@globalimpactfoundation2549.org,High,Partnership
2550,Global Impact Foundation 2550,Canada,Child Welfare,Policy Advocacy,www.globalimpactfoundation2550.foundation,contact@globalimpactfoundation2550.foundation,Medium,Outreach
2551,Global Impact Foundation 2551,USA,Child Welfare,Policy Advocacy,www.globalimpactfoundation2551.foundation,contact@globalimpactfoundation2551.ngo,Low,Partnership
2552,Global Impact Foundation 2552,Brazil,Education,Community Health,www.globalimpactfoundation2552.org,contact@globalimpactfoundation2552.org,Medium,Funding
2553,Global Impact Foundation 2553,Brazil,Environment,Community Health,www.globalimpactfoundation2553.global,contact@globalimpactfoundation2553.foundation,Medium,Outreach
2554,Global Impact Foundation 2554,Kenya,Education,Policy Advocacy,www.globalimpactfoundation2554.global,contact@globalimpactfoundation2554.ngo,Medium,Outreach
2555,Global Impact Foundation 2555,Canada,Environment,Urban Support,www.globalimpactfoundation2555.global,contact@globalimpactfoundation2555.foundation,Low,Funding
2556,Global Impact Foundation 2556,South Africa,Poverty Relief,Disaster Relief,www.globalimpactfoundation2556.ngo,contact@globalimpactfoundation2556.global,Low,Pilot Testing
2557,Global Impact Foundation 2557,Canada,Poverty Relief,Rural Development,www.globalimpactfoundation2557.foundation,contact@globalimpactfoundation2557.foundation,High,Funding
2558,Global Impact Foundation 2558,Australia,Health,Disaster Relief,www.globalimpactfoundation2558.global,contact@globalimpactfoundation2558.org,High,Pilot Testing
2559,Global Impact Foundation 2559,Brazil,Environment,Policy Advocacy,www.globalimpactfoundation2559.foundation,contact@globalimpactfoundation2559.org,Medium,Partnership
2560,Global Impact Foundation 2560,UAE,Child Welfare,Urban Support,www.globalimpactfoundation2560.ngo,contact@globalimpactfoundation2560.ngo,Medium,Outreach
2561,Global Impact Foundation 2561,Kenya,Poverty Relief,Urban Support,www.globalimpactfoundation2561.org,contact@globalimpactfoundation2561.org,High,Outreach
2562,Global Impact Foundation 2562,Canada,Human Rights,Skill Development,www.globalimpactfoundation2562.foundation,contact@globalimpactfoundation2562.foundation,Low,Outreach
2563,Global Impact Foundation 2563,South Africa,Health,Policy Advocacy,www.globalimpactfoundation2563.ngo,contact@globalimpactfoundation2563.global,Low,Pilot Testing
2564,Global Impact Foundation 2564,South Africa,Environment,Urban Support,www.globalimpactfoundation2564.org,contact@globalimpactfoundation2564.foundation,Medium,Outreach
2565,Global Impact Foundation 2565,Canada,Health,Disaster Relief,www.globalimpactfoundation2565.ngo,contact@globalimpactfoundation2565.foundation,High,Pilot Testing
2566,Global Impact Foundation 2566,India,Health,Skill Development,www.globalimpactfoundation2566.org,contact@globalimpactfoundation2566.ngo,High,Funding
2567,Global Impact Foundation 2567,India,Poverty Relief,Urban Support,www.globalimpactfoundation2567.ngo,contact@globalimpactfoundation2567.ngo,Low,Pilot Testing
2568,Global Impact Foundation 2568,Kenya,Women Empowerment,Disaster Relief,www.globalimpactfoundation2568.ngo,contact@globalimpactfoundation2568.global,High,Partnership
2569,Global Impact Foundation 2569,Canada,Poverty Relief,Policy Advocacy,www.globalimpactfoundation2569.global,contact@globalimpactfoundation2569.ngo,Medium,Pilot Testing
2570,Global Impact Foundation 2570,Australia,Poverty Relief,Skill Development,www.globalimpactfoundation2570.org,contact@globalimpactfoundation2570.org,High,Partnership
2571,Global Impact Foundation 2571,UK,Environment,Urban Support,www.globalimpactfoundation2571.org,contact@globalimpactfoundation2571.foundation,Low,Outreach
2572,Global Impact Foundation 2572,India,Poverty Relief,Policy Advocacy,www.globalimpactfoundation2572.org,contact@globalimpactfoundation2572.org,Low,Partnership
2573,Global Impact Foundation 2573,USA,Education,Skill Development,www.globalimpactfoundation2573.foundation,contact@globalimpactfoundation2573.org,High,Pilot Testing
2574,Global Impact Foundation 2574,Brazil,Poverty Relief,Urban Support,www.globalimpactfoundation2574.foundation,contact@globalimpactfoundation2574.org,Low,Partnership
2575,Global Impact Foundation 2575,UK,Health,Urban Support,www.globalimpactfoundation2575.foundation,contact@globalimpactfoundation2575.foundation,High,Outreach
2576,Global Impact Foundation 2576,India,Human Rights,Rural Development,www.globalimpactfoundation2576.ngo,contact@globalimpactfoundation2576.ngo,Medium,Partnership
2577,Global Impact Foundation 2577,UAE,Health,Urban Support,www.globalimpactfoundation2577.org,contact@globalimpactfoundation2577.ngo,High,Partnership
2578,Global Impact Foundation 2578,India,Poverty Relief,Urban Support,www.globalimpactfoundation2578.foundation,contact@globalimpactfoundation2578.ngo,Low,Outreach
2579,Global Impact Foundation 2579,Canada,Women Empowerment,Disaster Relief,www.globalimpactfoundation2579.org,contact@globalimpactfoundation2579.foundation,High,Outreach
2580,Global Impact Foundation 2580,South Africa,Poverty Relief,Urban Support,www.globalimpactfoundation2580.foundation,contact@globalimpactfoundation2580.ngo,High,Pilot Testing
2581,Global Impact Foundation 2581,USA,Environment,Disaster Relief,www.globalimpactfoundation2581.ngo,contact@globalimpactfoundation2581.global,Low,Outreach
2582,Global Impact Foundation 2582,Germany,Education,Skill Development,www.globalimpactfoundation2582.org,contact@globalimpactfoundation2582.foundation,Medium,Pilot Testing
2583,Global Impact Foundation 2583,Australia,Education,Disaster Relief,www.globalimpactfoundation2583.ngo,contact@globalimpactfoundation2583.global,High,Funding
2584,Global Impact Foundation 2584,South Africa,Environment,Community Health,www.globalimpactfoundation2584.org,contact@globalimpactfoundation2584.foundation,Low,Partnership
2585,Global Impact Foundation 2585,UK,Environment,Skill Development,www.globalimpactfoundation2585.global,contact@globalimpactfoundation2585.org,High,Funding
2586,Global Impact Foundation 2586,South Africa,Women Empowerment,Policy Advocacy,www.globalimpactfoundation2586.global,contact@globalimpactfoundation2586.org,Medium,Partnership
2587,Global Impact Foundation 2587,Kenya,Education,Community Health,www.globalimpactfoundation2587.org,contact@globalimpactfoundation2587.org,Medium,Outreach
2588,Global Impact Foundation 2588,India,Child Welfare,Rural Development,www.globalimpactfoundation2588.global,contact@globalimpactfoundation2588.foundation,Low,Funding
2589,Global Impact Foundation 2589,India,Human Rights,Skill Development,www.globalimpactfoundation2589.foundation,contact@globalimpactfoundation2589.ngo,High,Outreach
2590,Global Impact Foundation 2590,India,Women Empowerment,Disaster Relief,www.globalimpactfoundation2590.ngo,contact@globalimpactfoundation2590.foundation,High,Funding
2591,Global Impact Foundation 2591,Brazil,Health,Community Health,www.globalimpactfoundation2591.foundation,contact@globalimpactfoundation2591.ngo,Medium,Pilot Testing
2592,Global Impact Foundation 2592,Germany,Poverty Relief,Urban Support,www.globalimpactfoundation2592.foundation,contact@globalimpactfoundation2592.global,High,Funding
2593,Global Impact Foundation 2593,Germany,Child Welfare,Skill Development,www.globalimpactfoundation2593.org,contact@globalimpactfoundation2593.org,Low,Outreach
2594,Global Impact Foundation 2594,UAE,Education,Urban Support,www.globalimpactfoundation2594.ngo,contact@globalimpactfoundation2594.org,Medium,Pilot Testing
2595,Global Impact Foundation 2595,South Africa,Child Welfare,Policy Advocacy,www.globalimpactfoundation2595.global,contact@globalimpactfoundation2595.global,Medium,Pilot Testing
2596,Global Impact Foundation 2596,Brazil,Poverty Relief,Policy Advocacy,www.globalimpactfoundation2596.global,contact@globalimpactfoundation2596.global,Medium,Partnership
2597,Global Impact Foundation 2597,Canada,Poverty Relief,Community Health,www.globalimpactfoundation2597.ngo,contact@globalimpactfoundation2597.ngo,High,Funding
2598,Global Impact Foundation 2598,UAE,Women Empowerment,Urban Support,www.globalimpactfoundation2598.foundation,contact@globalimpactfoundation2598.ngo,Low,Funding
2599,Global Impact Foundation 2599,Germany,Child Welfare,Skill Development,www.globalimpactfoundation2599.foundation,contact@globalimpactfoundation2599.foundation,Low,Funding
2600,Global Impact Foundation 2600,USA,Health,Community Health,www.globalimpactfoundation2600.foundation,contact@globalimpactfoundation2600.org,Low,Outreach
2601,Global Impact Foundation 2601,Kenya,Health,Disaster Relief,www.globalimpactfoundation2601.global,contact@globalimpactfoundation2601.ngo,High,Partnership
2602,Global Impact Foundation 2602,UAE,Poverty Relief,Skill Development,www.globalimpactfoundation2602.org,contact@globalimpactfoundation2602.ngo,Low,Funding
2603,Global Impact Foundation 2603,Australia,Environment,Skill Development,www.globalimpactfoundation2603.global,contact@globalimpactfoundation2603.ngo,Medium,Funding
2604,Global Impact Foundation 2604,Kenya,Education,Disaster Relief,www.globalimpactfoundation2604.global,contact@globalimpactfoundation2604.ngo,Medium,Partnership
2605,Global Impact Foundation 2605,Brazil,Child Welfare,Disaster Relief,www.globalimpactfoundation2605.foundation,contact@globalimpactfoundation2605.ngo,Low,Funding
2606,Global Impact Foundation 2606,India,Poverty Relief,Community Health,www.globalimpactfoundation2606.ngo,contact@globalimpactfoundation2606.global,Low,Outreach
2607,Global Impact Foundation 2607,UAE,Poverty Relief,Community Health,www.globalimpactfoundation2607.global,contact@globalimpactfoundation2607.ngo,Low,Outreach
2608,Global Impact Foundation 2608,South Africa,Environment,Urban Support,www.globalimpactfoundation2608.ngo,contact@globalimpactfoundation2608.ngo,Medium,Partnership
2609,Global Impact Foundation 2609,UK,Poverty Relief,Community Health,www.globalimpactfoundation2609.foundation,contact@globalimpactfoundation2609.ngo,Medium,Outreach
2610,Global Impact Foundation 2610,Canada,Child Welfare,Policy Advocacy,www.globalimpactfoundation2610.foundation,contact@globalimpactfoundation2610.foundation,Medium,Funding
2611,Global Impact Foundation 2611,UK,Poverty Relief,Skill Development,www.globalimpactfoundation2611.org,contact@globalimpactfoundation2611.foundation,High,Outreach
2612,Global Impact Foundation 2612,Brazil,Poverty Relief,Policy Advocacy,www.globalimpactfoundation2612.ngo,contact@globalimpactfoundation2612.global,Medium,Pilot Testing
2613,Global Impact Foundation 2613,Germany,Education,Disaster Relief,www.globalimpactfoundation2613.ngo,contact@globalimpactfoundation2613.org,Medium,Outreach
2614,Global Impact Foundation 2614,Australia,Child Welfare,Community Health,www.globalimpactfoundation2614.foundation,contact@globalimpactfoundation2614.org,Medium,Pilot Testing
2615,Global Impact Foundation 2615,India,Women Empowerment,Urban Support,www.globalimpactfoundation2615.foundation,contact@globalimpactfoundation2615.global,Low,Partnership
2616,Global Impact Foundation 2616,Australia,Environment,Skill Development,www.globalimpactfoundation2616.ngo,contact@globalimpactfoundation2616.org,High,Pilot Testing
2617,Global Impact Foundation 2617,UK,Education,Skill Development,www.globalimpactfoundation2617.foundation,contact@globalimpactfoundation2617.org,Medium,Pilot Testing
2618,Global Impact Foundation 2618,South Africa,Health,Rural Development,www.globalimpactfoundation2618.org,contact@globalimpactfoundation2618.global,High,Partnership
2619,Global Impact Foundation 2619,Canada,Education,Policy Advocacy,www.globalimpactfoundation2619.ngo,contact@globalimpactfoundation2619.global,Medium,Pilot Testing
2620,Global Impact Foundation 2620,Brazil,Poverty Relief,Skill Development,www.globalimpactfoundation2620.global,contact@globalimpactfoundation2620.foundation,High,Outreach
2621,Global Impact Foundation 2621,Brazil,Health,Policy Advocacy,www.globalimpactfoundation2621.foundation,contact@globalimpactfoundation2621.foundation,Low,Partnership
2622,Global Impact Foundation 2622,Kenya,Women Empowerment,Rural Development,www.globalimpactfoundation2622.global,contact@globalimpactfoundation2622.ngo,Medium,Partnership
2623,Global Impact Foundation 2623,Kenya,Education,Rural Development,www.globalimpactfoundation2623.global,contact@globalimpactfoundation2623.ngo,Low,Outreach
2624,Global Impact Foundation 2624,UK,Child Welfare,Disaster Relief,www.globalimpactfoundation2624.ngo,contact@globalimpactfoundation2624.foundation,Medium,Partnership
2625,Global Impact Foundation 2625,Canada,Environment,Urban Support,www.globalimpactfoundation2625.foundation,contact@globalimpactfoundation2625.org,Low,Funding
2626,Global Impact Foundation 2626,India,Human Rights,Rural Development,www.globalimpactfoundation2626.ngo,contact@globalimpactfoundation2626.global,High,Pilot Testing
2627,Global Impact Foundation 2627,Germany,Poverty Relief,Urban Support,www.globalimpactfoundation2627.foundation,contact@globalimpactfoundation2627.foundation,High,Partnership
2628,Global Impact Foundation 2628,UAE,Human Rights,Policy Advocacy,www.globalimpactfoundation2628.ngo,contact@globalimpactfoundation2628.foundation,High,Partnership
2629,Global Impact Foundation 2629,Australia,Human Rights,Skill Development,www.globalimpactfoundation2629.ngo,contact@globalimpactfoundation2629.ngo,High,Partnership
2630,Global Impact Foundation 2630,UAE,Poverty Relief,Policy Advocacy,www.globalimpactfoundation2630.org,contact@globalimpactfoundation2630.foundation,Low,Outreach
2631,Global Impact Foundation 2631,Canada,Women Empowerment,Disaster Relief,www.globalimpactfoundation2631.foundation,contact@globalimpactfoundation2631.org,Low,Outreach
2632,Global Impact Foundation 2632,India,Environment,Community Health,www.globalimpactfoundation2632.org,contact@globalimpactfoundation2632.ngo,High,Pilot Testing
2633,Global Impact Foundation 2633,Australia,Health,Policy Advocacy,www.globalimpactfoundation2633.org,contact@globalimpactfoundation2633.global,High,Partnership
2634,Global Impact Foundation 2634,USA,Health,Urban Support,www.globalimpactfoundation2634.org,contact@globalimpactfoundation2634.global,Medium,Partnership
2635,Global Impact Foundation 2635,South Africa,Education,Skill Development,www.globalimpactfoundation2635.org,contact@globalimpactfoundation2635.global,Low,Partnership
2636,Global Impact Foundation 2636,UK,Women Empowerment,Disaster Relief,www.globalimpactfoundation2636.org,contact@globalimpactfoundation2636.global,Low,Pilot Testing
2637,Global Impact Foundation 2637,Canada,Human Rights,Disaster Relief,www.globalimpactfoundation2637.foundation,contact@globalimpactfoundation2637.foundation,Low,Outreach
2638,Global Impact Foundation 2638,Canada,Health,Rural Development,www.globalimpactfoundation2638.ngo,contact@globalimpactfoundation2638.foundation,Medium,Funding
2639,Global Impact Foundation 2639,Brazil,Poverty Relief,Urban Support,www.globalimpactfoundation2639.foundation,contact@globalimpactfoundation2639.org,High,Funding
2640,Global Impact Foundation 2640,Germany,Education,Urban Support,www.globalimpactfoundation2640.org,contact@globalimpactfoundation2640.global,Low,Pilot Testing
2641,Global Impact Foundation 2641,UK,Environment,Community Health,www.globalimpactfoundation2641.foundation,contact@globalimpactfoundation2641.ngo,Low,Funding
2642,Global Impact Foundation 2642,India,Child Welfare,Skill Development,www.globalimpactfoundation2642.foundation,contact@globalimpactfoundation2642.global,Low,Funding
2643,Global Impact Foundation 2643,Brazil,Education,Skill Development,www.globalimpactfoundation2643.ngo,contact@globalimpactfoundation2643.ngo,Low,Pilot Testing
2644,Global Impact Foundation 2644,India,Environment,Skill Development,www.globalimpactfoundation2644.org,contact@globalimpactfoundation2644.org,Low,Pilot Testing
2645,Global Impact Foundation 2645,UAE,Human Rights,Policy Advocacy,www.globalimpactfoundation2645.foundation,contact@globalimpactfoundation2645.global,Low,Outreach
2646,Global Impact Foundation 2646,Kenya,Environment,Skill Development,www.globalimpactfoundation2646.global,contact@globalimpactfoundation2646.ngo,High,Partnership
2647,Global Impact Foundation 2647,USA,Poverty Relief,Policy Advocacy,www.globalimpactfoundation2647.global,contact@globalimpactfoundation2647.global,Medium,Pilot Testing
2648,Global Impact Foundation 2648,USA,Women Empowerment,Disaster Relief,www.globalimpactfoundation2648.global,contact@globalimpactfoundation2648.ngo,Low,Pilot Testing
2649,Global Impact Foundation 2649,UAE,Poverty Relief,Policy Advocacy,www.globalimpactfoundation2649.org,contact@globalimpactfoundation2649.ngo,Low,Pilot Testing
2650,Global Impact Foundation 2650,UK,Education,Rural Development,www.globalimpactfoundation2650.global,contact@globalimpactfoundation2650.ngo,Medium,Partnership
2651,Global Impact Foundation 2651,Canada,Human Rights,Urban Support,www.globalimpactfoundation2651.foundation,contact@globalimpactfoundation2651.foundation,Low,Pilot Testing
2652,Global Impact Foundation 2652,India,Poverty Relief,Policy Advocacy,www.globalimpactfoundation2652.ngo,contact@globalimpactfoundation2652.foundation,High,Outreach
2653,Global Impact Foundation 2653,India,Human Rights,Rural Development,www.globalimpactfoundation2653.foundation,contact@globalimpactfoundation2653.org,High,Pilot Testing
2654,Global Impact Foundation 2654,USA,Human Rights,Skill Development,www.globalimpactfoundation2654.foundation,contact@globalimpactfoundation2654.ngo,Low,Funding
2655,Global Impact Foundation 2655,South Africa,Health,Skill Development,www.globalimpactfoundation2655.foundation,contact@globalimpactfoundation2655.foundation,Low,Partnership
2656,Global Impact Foundation 2656,Brazil,Human Rights,Community Health,www.globalimpactfoundation2656.global,contact@globalimpactfoundation2656.foundation,High,Partnership
2657,Global Impact Foundation 2657,Australia,Women Empowerment,Disaster Relief,www.globalimpactfoundation2657.ngo,contact@globalimpactfoundation2657.ngo,High,Funding
2658,Global Impact Foundation 2658,South Africa,Education,Urban Support,www.globalimpactfoundation2658.org,contact@globalimpactfoundation2658.org,High,Pilot Testing
2659,Global Impact Foundation 2659,Germany,Human Rights,Rural Development,www.globalimpactfoundation2659.global,contact@globalimpactfoundation2659.ngo,High,Partnership
2660,Global Impact Foundation 2660,Brazil,Human Rights,Urban Support,www.globalimpactfoundation2660.foundation,contact@globalimpactfoundation2660.global,Low,Outreach
2661,Global Impact Foundation 2661,UK,Human Rights,Urban Support,www.globalimpactfoundation2661.foundation,contact@globalimpactfoundation2661.org,Medium,Funding
2662,Global Impact Foundation 2662,Germany,Women Empowerment,Policy Advocacy,www.globalimpactfoundation2662.ngo,contact@globalimpactfoundation2662.global,Low,Pilot Testing
2663,Global Impact Foundation 2663,India,Child Welfare,Rural Development,www.globalimpactfoundation2663.org,contact@globalimpactfoundation2663.global,High,Pilot Testing
2664,Global Impact Foundation 2664,India,Education,Urban Support,www.globalimpactfoundation2664.org,contact@globalimpactfoundation2664.foundation,Medium,Outreach
2665,Global Impact Foundation 2665,South Africa,Child Welfare,Community Health,www.globalimpactfoundation2665.ngo,contact@globalimpactfoundation2665.ngo,Medium,Pilot Testing
2666,Global Impact Foundation 2666,Canada,Health,Skill Development,www.globalimpactfoundation2666.org,contact@globalimpactfoundation2666.foundation,High,Funding
2667,Global Impact Foundation 2667,Canada,Environment,Rural Development,www.globalimpactfoundation2667.org,contact@globalimpactfoundation2667.ngo,Low,Funding
2668,Global Impact Foundation 2668,Kenya,Health,Disaster Relief,www.globalimpactfoundation2668.ngo,contact@globalimpactfoundation2668.foundation,Low,Pilot Testing
2669,Global Impact Foundation 2669,Canada,Education,Skill Development,www.globalimpactfoundation2669.global,contact@globalimpactfoundation2669.global,Medium,Funding
2670,Global Impact Foundation 2670,Kenya,Human Rights,Policy Advocacy,www.globalimpactfoundation2670.foundation,contact@globalimpactfoundation2670.org,High,Funding
2671,Global Impact Foundation 2671,Canada,Education,Policy Advocacy,www.globalimpactfoundation2671.org,contact@globalimpactfoundation2671.foundation,Low,Partnership
2672,Global Impact Foundation 2672,South Africa,Human Rights,Policy Advocacy,www.globalimpactfoundation2672.org,contact@globalimpactfoundation2672.global,High,Outreach
2673,Global Impact Foundation 2673,UK,Environment,Rural Development,www.globalimpactfoundation2673.global,contact@globalimpactfoundation2673.ngo,Low,Partnership
2674,Global Impact Foundation 2674,UK,Health,Rural Development,www.globalimpactfoundation2674.ngo,contact@globalimpactfoundation2674.org,Low,Outreach
2675,Global Impact Foundation 2675,India,Women Empowerment,Community Health,www.globalimpactfoundation2675.org,contact@globalimpactfoundation2675.org,Medium,Partnership
2676,Global Impact Foundation 2676,South Africa,Human Rights,Disaster Relief,www.globalimpactfoundation2676.global,contact@globalimpactfoundation2676.ngo,Low,Partnership
2677,Global Impact Foundation 2677,USA,Child Welfare,Skill Development,www.globalimpactfoundation2677.org,contact@globalimpactfoundation2677.global,Low,Outreach
2678,Global Impact Foundation 2678,UK,Poverty Relief,Community Health,www.globalimpactfoundation2678.foundation,contact@globalimpactfoundation2678.ngo,High,Funding
2679,Global Impact Foundation 2679,Kenya,Child Welfare,Rural Development,www.globalimpactfoundation2679.foundation,contact@globalimpactfoundation2679.org,High,Outreach
2680,Global Impact Foundation 2680,USA,Women Empowerment,Disaster Relief,www.globalimpactfoundation2680.ngo,contact@globalimpactfoundation2680.org,Medium,Partnership
2681,Global Impact Foundation 2681,Brazil,Environment,Community Health,www.globalimpactfoundation2681.foundation,contact@globalimpactfoundation2681.foundation,Low,Outreach
2682,Global Impact Foundation 2682,UK,Education,Skill Development,www.globalimpactfoundation2682.foundation,contact@globalimpactfoundation2682.org,Low,Funding
2683,Global Impact Foundation 2683,Australia,Environment,Rural Development,www.globalimpactfoundation2683.org,contact@globalimpactfoundation2683.org,Low,Funding
2684,Global Impact Foundation 2684,Germany,Women Empowerment,Policy Advocacy,www.globalimpactfoundation2684.ngo,contact@globalimpactfoundation2684.ngo,High,Pilot Testing
2685,Global Impact Foundation 2685,Kenya,Child Welfare,Policy Advocacy,www.globalimpactfoundation2685.org,contact@globalimpactfoundation2685.global,Medium,Funding
2686,Global Impact Foundation 2686,UK,Health,Rural Development,www.globalimpactfoundation2686.org,contact@globalimpactfoundation2686.foundation,Low,Funding
2687,Global Impact Foundation 2687,Brazil,Women Empowerment,Disaster Relief,www.globalimpactfoundation2687.global,contact@globalimpactfoundation2687.foundation,Low,Pilot Testing
2688,Global Impact Foundation 2688,Australia,Women Empowerment,Skill Development,www.globalimpactfoundation2688.global,contact@globalimpactfoundation2688.global,Low,Funding
2689,Global Impact Foundation 2689,Brazil,Poverty Relief,Disaster Relief,www.globalimpactfoundation2689.global,contact@globalimpactfoundation2689.org,Low,Pilot Testing
2690,Global Impact Foundation 2690,Kenya,Education,Policy Advocacy,www.globalimpactfoundation2690.org,contact@globalimpactfoundation2690.global,Low,Pilot Testing
2691,Global Impact Foundation 2691,South Africa,Environment,Policy Advocacy,www.globalimpactfoundation2691.global,contact@globalimpactfoundation2691.org,Medium,Partnership
2692,Global Impact Foundation 2692,India,Environment,Rural Development,www.globalimpactfoundation2692.global,contact@globalimpactfoundation2692.global,High,Pilot Testing
2693,Global Impact Foundation 2693,South Africa,Poverty Relief,Community Health,www.globalimpactfoundation2693.global,contact@globalimpactfoundation2693.org,High,Outreach
2694,Global Impact Foundation 2694,Brazil,Education,Community Health,www.globalimpactfoundation2694.foundation,contact@globalimpactfoundation2694.ngo,High,Funding
2695,Global Impact Foundation 2695,Canada,Education,Disaster Relief,www.globalimpactfoundation2695.ngo,contact@globalimpactfoundation2695.ngo,High,Outreach
2696,Global Impact Foundation 2696,USA,Health,Disaster Relief,www.globalimpactfoundation2696.ngo,contact@globalimpactfoundation2696.org,High,Funding
2697,Global Impact Foundation 2697,UK,Women Empowerment,Policy Advocacy,www.globalimpactfoundation2697.org,contact@globalimpactfoundation2697.org,Medium,Funding
2698,Global Impact Foundation 2698,Brazil,Environment,Community Health,www.globalimpactfoundation2698.org,contact@globalimpactfoundation2698.org,High,Pilot Testing
2699,Global Impact Foundation 2699,Brazil,Environment,Urban Support,www.globalimpactfoundation2699.global,contact@globalimpactfoundation2699.foundation,High,Outreach
2700,Global Impact Foundation 2700,UAE,Human Rights,Disaster Relief,www.globalimpactfoundation2700.foundation,contact@globalimpactfoundation2700.ngo,High,Partnership
2701,Global Impact Foundation 2701,Brazil,Poverty Relief,Community Health,www.globalimpactfoundation2701.global,contact@globalimpactfoundation2701.org,Medium,Partnership
2702,Global Impact Foundation 2702,Germany,Health,Policy Advocacy,www.globalimpactfoundation2702.org,contact@globalimpactfoundation2702.global,Low,Pilot Testing
2703,Global Impact Foundation 2703,UAE,Child Welfare,Urban Support,www.globalimpactfoundation2703.org,contact@globalimpactfoundation2703.global,High,Pilot Testing
2704,Global Impact Foundation 2704,South Africa,Child Welfare,Community Health,www.globalimpactfoundation2704.ngo,contact@globalimpactfoundation2704.foundation,Medium,Pilot Testing
2705,Global Impact Foundation 2705,South Africa,Poverty Relief,Disaster Relief,www.globalimpactfoundation2705.ngo,contact@globalimpactfoundation2705.foundation,High,Partnership
2706,Global Impact Foundation 2706,UK,Human Rights,Rural Development,www.globalimpactfoundation2706.global,contact@globalimpactfoundation2706.foundation,Low,Pilot Testing
2707,Global Impact Foundation 2707,Canada,Environment,Urban Support,www.globalimpactfoundation2707.ngo,contact@globalimpactfoundation2707.ngo,Low,Funding
2708,Global Impact Foundation 2708,UK,Human Rights,Urban Support,www.globalimpactfoundation2708.org,contact@globalimpactfoundation2708.ngo,Low,Funding
2709,Global Impact Foundation 2709,Canada,Health,Skill Development,www.globalimpactfoundation2709.org,contact@globalimpactfoundation2709.org,Low,Partnership
2710,Global Impact Foundation 2710,South Africa,Women Empowerment,Rural Development,www.globalimpactfoundation2710.org,contact@globalimpactfoundation2710.ngo,High,Funding
2711,Global Impact Foundation 2711,Australia,Women Empowerment,Urban Support,www.globalimpactfoundation2711.foundation,contact@globalimpactfoundation2711.org,Medium,Partnership
2712,Global Impact Foundation 2712,UK,Education,Disaster Relief,www.globalimpactfoundation2712.ngo,contact@globalimpactfoundation2712.foundation,Low,Partnership
2713,Global Impact Foundation 2713,Canada,Education,Skill Development,www.globalimpactfoundation2713.global,contact@globalimpactfoundation2713.org,High,Funding
2714,Global Impact Foundation 2714,Kenya,Education,Rural Development,www.globalimpactfoundation2714.org,contact@globalimpactfoundation2714.org,Low,Pilot Testing
2715,Global Impact Foundation 2715,India,Education,Rural Development,www.globalimpactfoundation2715.org,contact@globalimpactfoundation2715.ngo,Low,Funding
2716,Global Impact Foundation 2716,UAE,Human Rights,Urban Support,www.globalimpactfoundation2716.foundation,contact@globalimpactfoundation2716.foundation,Low,Partnership
2717,Global Impact Foundation 2717,UAE,Poverty Relief,Rural Development,www.globalimpactfoundation2717.org,contact@globalimpactfoundation2717.global,Low,Outreach
2718,Global Impact Foundation 2718,Germany,Education,Community Health,www.globalimpactfoundation2718.global,contact@globalimpactfoundation2718.org,High,Funding
2719,Global Impact Foundation 2719,USA,Education,Rural Development,www.globalimpactfoundation2719.foundation,contact@globalimpactfoundation2719.ngo,Low,Funding
2720,Global Impact Foundation 2720,India,Women Empowerment,Skill Development,www.globalimpactfoundation2720.org,contact@globalimpactfoundation2720.global,High,Pilot Testing
2721,Global Impact Foundation 2721,Germany,Child Welfare,Community Health,www.globalimpactfoundation2721.global,contact@globalimpactfoundation2721.global,Medium,Partnership
2722,Global Impact Foundation 2722,Germany,Women Empowerment,Community Health,www.globalimpactfoundation2722.org,contact@globalimpactfoundation2722.foundation,Medium,Pilot Testing
2723,Global Impact Foundation 2723,Brazil,Health,Urban Support,www.globalimpactfoundation2723.ngo,contact@globalimpactfoundation2723.global,Low,Funding
2724,Global Impact Foundation 2724,Canada,Poverty Relief,Skill Development,www.globalimpactfoundation2724.foundation,contact@globalimpactfoundation2724.org,Low,Outreach
2725,Global Impact Foundation 2725,Brazil,Health,Community Health,www.globalimpactfoundation2725.org,contact@globalimpactfoundation2725.org,High,Partnership
2726,Global Impact Foundation 2726,UK,Human Rights,Disaster Relief,www.globalimpactfoundation2726.foundation,contact@globalimpactfoundation2726.global,Medium,Pilot Testing
2727,Global Impact Foundation 2727,Brazil,Poverty Relief,Urban Support,www.globalimpactfoundation2727.foundation,contact@globalimpactfoundation2727.global,Low,Outreach
2728,Global Impact Foundation 2728,UAE,Education,Rural Development,www.globalimpactfoundation2728.ngo,contact@globalimpactfoundation2728.ngo,Medium,Funding
2729,Global Impact Foundation 2729,Brazil,Education,Community Health,www.globalimpactfoundation2729.ngo,contact@globalimpactfoundation2729.ngo,Low,Outreach
2730,Global Impact Foundation 2730,India,Women Empowerment,Policy Advocacy,www.globalimpactfoundation2730.global,contact@globalimpactfoundation2730.org,High,Pilot Testing
2731,Global Impact Foundation 2731,USA,Poverty Relief,Skill Development,www.globalimpactfoundation2731.global,contact@globalimpactfoundation2731.global,High,Pilot Testing
2732,Global Impact Foundation 2732,UK,Child Welfare,Urban Support,www.globalimpactfoundation2732.org,contact@globalimpactfoundation2732.global,High,Outreach
2733,Global Impact Foundation 2733,UAE,Women Empowerment,Rural Development,www.globalimpactfoundation2733.org,contact@globalimpactfoundation2733.foundation,Medium,Partnership
2734,Global Impact Foundation 2734,India,Human Rights,Policy Advocacy,www.globalimpactfoundation2734.foundation,contact@globalimpactfoundation2734.foundation,Medium,Pilot Testing
2735,Global Impact Foundation 2735,Brazil,Women Empowerment,Rural Development,www.globalimpactfoundation2735.ngo,contact@globalimpactfoundation2735.ngo,Medium,Pilot Testing
2736,Global Impact Foundation 2736,South Africa,Environment,Community Health,www.globalimpactfoundation2736.foundation,contact@globalimpactfoundation2736.org,Medium,Funding
2737,Global Impact Foundation 2737,UAE,Women Empowerment,Policy Advocacy,www.globalimpactfoundation2737.ngo,contact@globalimpactfoundation2737.foundation,Medium,Partnership
2738,Global Impact Foundation 2738,Brazil,Human Rights,Community Health,www.globalimpactfoundation2738.ngo,contact@globalimpactfoundation2738.foundation,Low,Funding
2739,Global Impact Foundation 2739,Brazil,Education,Disaster Relief,www.globalimpactfoundation2739.ngo,contact@globalimpactfoundation2739.org,Low,Pilot Testing
2740,Global Impact Foundation 2740,Kenya,Health,Community Health,www.globalimpactfoundation2740.org,contact@globalimpactfoundation2740.ngo,High,Pilot Testing
2741,Global Impact Foundation 2741,Germany,Human Rights,Rural Development,www.globalimpactfoundation2741.foundation,contact@globalimpactfoundation2741.ngo,Medium,Outreach
2742,Global Impact Foundation 2742,UAE,Women Empowerment,Skill Development,www.globalimpactfoundation2742.global,contact@globalimpactfoundation2742.org,High,Outreach
2743,Global Impact Foundation 2743,USA,Human Rights,Disaster Relief,www.globalimpactfoundation2743.foundation,contact@globalimpactfoundation2743.org,Medium,Funding
2744,Global Impact Foundation 2744,UAE,Women Empowerment,Community Health,www.globalimpactfoundation2744.foundation,contact@globalimpactfoundation2744.foundation,Medium,Pilot Testing
2745,Global Impact Foundation 2745,Brazil,Health,Policy Advocacy,www.globalimpactfoundation2745.global,contact@globalimpactfoundation2745.global,Medium,Pilot Testing
2746,Global Impact Foundation 2746,Canada,Human Rights,Community Health,www.globalimpactfoundation2746.global,contact@globalimpactfoundation2746.org,Low,Outreach
2747,Global Impact Foundation 2747,South Africa,Women Empowerment,Skill Development,www.globalimpactfoundation2747.org,contact@globalimpactfoundation2747.global,High,Partnership
2748,Global Impact Foundation 2748,Australia,Women Empowerment,Rural Development,www.globalimpactfoundation2748.org,contact@globalimpactfoundation2748.foundation,High,Pilot Testing
2749,Global Impact Foundation 2749,USA,Child Welfare,Urban Support,www.globalimpactfoundation2749.global,contact@globalimpactfoundation2749.foundation,Medium,Partnership
2750,Global Impact Foundation 2750,Brazil,Education,Skill Development,www.globalimpactfoundation2750.org,contact@globalimpactfoundation2750.org,Medium,Partnership
2751,Global Impact Foundation 2751,UAE,Education,Policy Advocacy,www.globalimpactfoundation2751.global,contact@globalimpactfoundation2751.ngo,Low,Funding
2752,Global Impact Foundation 2752,India,Education,Policy Advocacy,www.globalimpactfoundation2752.ngo,contact@globalimpactfoundation2752.org,Low,Pilot Testing
2753,Global Impact Foundation 2753,UK,Environment,Disaster Relief,www.globalimpactfoundation2753.foundation,contact@globalimpactfoundation2753.org,Low,Partnership
2754,Global Impact Foundation 2754,Germany,Human Rights,Rural Development,www.globalimpactfoundation2754.global,contact@globalimpactfoundation2754.global,High,Partnership
2755,Global Impact Foundation 2755,Brazil,Child Welfare,Community Health,www.globalimpactfoundation2755.global,contact@globalimpactfoundation2755.global,High,Partnership
2756,Global Impact Foundation 2756,Kenya,Education,Rural Development,www.globalimpactfoundation2756.global,contact@globalimpactfoundation2756.foundation,Medium,Outreach
2757,Global Impact Foundation 2757,Canada,Health,Policy Advocacy,www.globalimpactfoundation2757.ngo,contact@globalimpactfoundation2757.org,High,Funding
2758,Global Impact Foundation 2758,Canada,Women Empowerment,Policy Advocacy,www.globalimpactfoundation2758.org,contact@globalimpactfoundation2758.global,Low,Outreach
2759,Global Impact Foundation 2759,UAE,Poverty Relief,Rural Development,www.globalimpactfoundation2759.foundation,contact@globalimpactfoundation2759.ngo,Low,Funding
2760,Global Impact Foundation 2760,Germany,Education,Skill Development,www.globalimpactfoundation2760.org,contact@globalimpactfoundation2760.global,Medium,Partnership
2761,Global Impact Foundation 2761,Canada,Women Empowerment,Skill Development,www.globalimpactfoundation2761.ngo,contact@globalimpactfoundation2761.global,Medium,Partnership
2762,Global Impact Foundation 2762,Kenya,Poverty Relief,Community Health,www.globalimpactfoundation2762.org,contact@globalimpactfoundation2762.ngo,Medium,Pilot Testing
2763,Global Impact Foundation 2763,India,Health,Disaster Relief,www.globalimpactfoundation2763.global,contact@globalimpactfoundation2763.foundation,Medium,Partnership
2764,Global Impact Foundation 2764,UK,Education,Rural Development,www.globalimpactfoundation2764.ngo,contact@globalimpactfoundation2764.ngo,High,Pilot Testing
2765,Global Impact Foundation 2765,UAE,Health,Rural Development,www.globalimpactfoundation2765.org,contact@globalimpactfoundation2765.org,Medium,Pilot Testing
2766,Global Impact Foundation 2766,UK,Health,Policy Advocacy,www.globalimpactfoundation2766.foundation,contact@globalimpactfoundation2766.foundation,Medium,Pilot Testing
2767,Global Impact Foundation 2767,UK,Poverty Relief,Skill Development,www.globalimpactfoundation2767.foundation,contact@globalimpactfoundation2767.global,Medium,Partnership
2768,Global Impact Foundation 2768,South Africa,Health,Skill Development,www.globalimpactfoundation2768.foundation,contact@globalimpactfoundation2768.global,Low,Partnership
2769,Global Impact Foundation 2769,India,Health,Urban Support,www.globalimpactfoundation2769.org,contact@globalimpactfoundation2769.ngo,High,Outreach
2770,Global Impact Foundation 2770,UAE,Education,Rural Development,www.globalimpactfoundation2770.ngo,contact@globalimpactfoundation2770.ngo,Medium,Partnership
2771,Global Impact Foundation 2771,India,Human Rights,Skill Development,www.globalimpactfoundation2771.foundation,contact@globalimpactfoundation2771.global,Medium,Outreach
2772,Global Impact Foundation 2772,Brazil,Child Welfare,Policy Advocacy,www.globalimpactfoundation2772.foundation,contact@globalimpactfoundation2772.ngo,High,Funding
2773,Global Impact Foundation 2773,UK,Poverty Relief,Community Health,www.globalimpactfoundation2773.ngo,contact@globalimpactfoundation2773.foundation,High,Outreach
2774,Global Impact Foundation 2774,India,Environment,Urban Support,www.globalimpactfoundation2774.org,contact@globalimpactfoundation2774.global,Low,Pilot Testing
2775,Global Impact Foundation 2775,UAE,Women Empowerment,Skill Development,www.globalimpactfoundation2775.global,contact@globalimpactfoundation2775.global,High,Pilot Testing
2776,Global Impact Foundation 2776,Canada,Child Welfare,Skill Development,www.globalimpactfoundation2776.global,contact@globalimpactfoundation2776.global,High,Funding
2777,Global Impact Foundation 2777,USA,Education,Community Health,www.globalimpactfoundation2777.ngo,contact@globalimpactfoundation2777.global,Medium,Pilot Testing
2778,Global Impact Foundation 2778,USA,Human Rights,Disaster Relief,www.globalimpactfoundation2778.ngo,contact@globalimpactfoundation2778.global,Low,Partnership
2779,Global Impact Foundation 2779,Kenya,Child Welfare,Community Health,www.globalimpactfoundation2779.ngo,contact@globalimpactfoundation2779.org,Low,Partnership
2780,Global Impact Foundation 2780,UAE,Human Rights,Disaster Relief,www.globalimpactfoundation2780.foundation,contact@globalimpactfoundation2780.global,Medium,Pilot Testing
2781,Global Impact Foundation 2781,Brazil,Education,Disaster Relief,www.globalimpactfoundation2781.global,contact@globalimpactfoundation2781.ngo,Medium,Partnership
2782,Global Impact Foundation 2782,UAE,Child Welfare,Community Health,www.globalimpactfoundation2782.org,contact@globalimpactfoundation2782.foundation,Low,Outreach
2783,Global Impact Foundation 2783,UAE,Human Rights,Community Health,www.globalimpactfoundation2783.org,contact@globalimpactfoundation2783.foundation,Medium,Outreach
2784,Global Impact Foundation 2784,India,Poverty Relief,Skill Development,www.globalimpactfoundation2784.foundation,contact@globalimpactfoundation2784.ngo,Medium,Pilot Testing
2785,Global Impact Foundation 2785,UAE,Child Welfare,Policy Advocacy,www.globalimpactfoundation2785.global,contact@globalimpactfoundation2785.global,Low,Outreach
2786,Global Impact Foundation 2786,UK,Education,Policy Advocacy,www.globalimpactfoundation2786.org,contact@globalimpactfoundation2786.foundation,Medium,Funding
2787,Global Impact Foundation 2787,USA,Environment,Rural Development,www.globalimpactfoundation2787.global,contact@globalimpactfoundation2787.ngo,Medium,Funding
2788,Global Impact Foundation 2788,South Africa,Environment,Community Health,www.globalimpactfoundation2788.ngo,contact@globalimpactfoundation2788.org,Medium,Funding
2789,Global Impact Foundation 2789,South Africa,Environment,Community Health,www.globalimpactfoundation2789.ngo,contact@globalimpactfoundation2789.ngo,Medium,Partnership
2790,Global Impact Foundation 2790,South Africa,Poverty Relief,Urban Support,www.globalimpactfoundation2790.foundation,contact@globalimpactfoundation2790.org,High,Funding
2791,Global Impact Foundation 2791,India,Environment,Skill Development,www.globalimpactfoundation2791.global,contact@globalimpactfoundation2791.foundation,Medium,Funding
2792,Global Impact Foundation 2792,Germany,Education,Rural Development,www.globalimpactfoundation2792.global,contact@globalimpactfoundation2792.org,Low,Funding
2793,Global Impact Foundation 2793,Canada,Education,Community Health,www.globalimpactfoundation2793.global,contact@globalimpactfoundation2793.ngo,Medium,Outreach
2794,Global Impact Foundation 2794,India,Environment,Rural Development,www.globalimpactfoundation2794.global,contact@globalimpactfoundation2794.foundation,High,Partnership
2795,Global Impact Foundation 2795,Brazil,Poverty Relief,Policy Advocacy,www.globalimpactfoundation2795.foundation,contact@globalimpactfoundation2795.ngo,High,Outreach
2796,Global Impact Foundation 2796,UAE,Poverty Relief,Urban Support,www.globalimpactfoundation2796.ngo,contact@globalimpactfoundation2796.foundation,High,Funding
2797,Global Impact Foundation 2797,India,Women Empowerment,Rural Development,www.globalimpactfoundation2797.org,contact@globalimpactfoundation2797.ngo,Medium,Outreach
2798,Global Impact Foundation 2798,Brazil,Human Rights,Policy Advocacy,www.globalimpactfoundation2798.org,contact@globalimpactfoundation2798.global,High,Funding
2799,Global Impact Foundation 2799,Canada,Education,Rural Development,www.globalimpactfoundation2799.org,contact@globalimpactfoundation2799.org,Medium,Pilot Testing
2800,Global Impact Foundation 2800,UAE,Women Empowerment,Community Health,www.globalimpactfoundation2800.ngo,contact@globalimpactfoundation2800.org,High,Partnership
2801,Global Impact Foundation 2801,Germany,Poverty Relief,Community Health,www.globalimpactfoundation2801.global,contact@globalimpactfoundation2801.org,Low,Pilot Testing
2802,Global Impact Foundation 2802,UK,Human Rights,Community Health,www.globalimpactfoundation2802.ngo,contact@globalimpactfoundation2802.foundation,Low,Outreach
2803,Global Impact Foundation 2803,India,Human Rights,Rural Development,www.globalimpactfoundation2803.foundation,contact@globalimpactfoundation2803.foundation,Low,Funding
2804,Global Impact Foundation 2804,UK,Health,Community Health,www.globalimpactfoundation2804.foundation,contact@globalimpactfoundation2804.org,Medium,Partnership
2805,Global Impact Foundation 2805,Kenya,Women Empowerment,Skill Development,www.globalimpactfoundation2805.global,contact@globalimpactfoundation2805.org,High,Partnership
2806,Global Impact Foundation 2806,Germany,Human Rights,Urban Support,www.globalimpactfoundation2806.org,contact@globalimpactfoundation2806.org,Low,Partnership
2807,Global Impact Foundation 2807,Australia,Environment,Policy Advocacy,www.globalimpactfoundation2807.foundation,contact@globalimpactfoundation2807.global,Low,Pilot Testing
2808,Global Impact Foundation 2808,India,Poverty Relief,Skill Development,www.globalimpactfoundation2808.org,contact@globalimpactfoundation2808.org,High,Pilot Testing
2809,Global Impact Foundation 2809,Canada,Human Rights,Disaster Relief,www.globalimpactfoundation2809.foundation,contact@globalimpactfoundation2809.global,High,Pilot Testing
2810,Global Impact Foundation 2810,Brazil,Human Rights,Community Health,www.globalimpactfoundation2810.ngo,contact@globalimpactfoundation2810.org,High,Partnership
2811,Global Impact Foundation 2811,Germany,Human Rights,Urban Support,www.globalimpactfoundation2811.global,contact@globalimpactfoundation2811.foundation,Low,Outreach
2812,Global Impact Foundation 2812,India,Child Welfare,Urban Support,www.globalimpactfoundation2812.ngo,contact@globalimpactfoundation2812.org,Medium,Outreach
2813,Global Impact Foundation 2813,USA,Child Welfare,Policy Advocacy,www.globalimpactfoundation2813.ngo,contact@globalimpactfoundation2813.ngo,Medium,Pilot Testing
2814,Global Impact Foundation 2814,Australia,Environment,Skill Development,www.globalimpactfoundation2814.ngo,contact@globalimpactfoundation2814.global,Medium,Funding
2815,Global Impact Foundation 2815,Kenya,Health,Urban Support,www.globalimpactfoundation2815.ngo,contact@globalimpactfoundation2815.org,Low,Partnership
2816,Global Impact Foundation 2816,South Africa,Human Rights,Community Health,www.globalimpactfoundation2816.global,contact@globalimpactfoundation2816.global,Medium,Outreach
2817,Global Impact Foundation 2817,USA,Child Welfare,Policy Advocacy,www.globalimpactfoundation2817.org,contact@globalimpactfoundation2817.foundation,Low,Partnership
2818,Global Impact Foundation 2818,Brazil,Women Empowerment,Urban Support,www.globalimpactfoundation2818.global,contact@globalimpactfoundation2818.foundation,Low,Pilot Testing
2819,Global Impact Foundation 2819,Kenya,Human Rights,Policy Advocacy,www.globalimpactfoundation2819.org,contact@globalimpactfoundation2819.global,Medium,Funding
2820,Global Impact Foundation 2820,UAE,Poverty Relief,Urban Support,www.globalimpactfoundation2820.org,contact@globalimpactfoundation2820.org,Low,Funding
2821,Global Impact Foundation 2821,Germany,Child Welfare,Skill Development,www.globalimpactfoundation2821.foundation,contact@globalimpactfoundation2821.ngo,Low,Funding
2822,Global Impact Foundation 2822,India,Education,Rural Development,www.globalimpactfoundation2822.global,contact@globalimpactfoundation2822.ngo,Medium,Outreach
2823,Global Impact Foundation 2823,UAE,Human Rights,Policy Advocacy,www.globalimpactfoundation2823.foundation,contact@globalimpactfoundation2823.ngo,Low,Pilot Testing
2824,Global Impact Foundation 2824,UK,Environment,Urban Support,www.globalimpactfoundation2824.ngo,contact@globalimpactfoundation2824.global,Low,Partnership
2825,Global Impact Foundation 2825,South Africa,Child Welfare,Skill Development,www.globalimpactfoundation2825.global,contact@globalimpactfoundation2825.org,High,Funding
2826,Global Impact Foundation 2826,Canada,Women Empowerment,Policy Advocacy,www.globalimpactfoundation2826.org,contact@globalimpactfoundation2826.org,High,Pilot Testing
2827,Global Impact Foundation 2827,Kenya,Education,Policy Advocacy,www.globalimpactfoundation2827.global,contact@globalimpactfoundation2827.org,High,Pilot Testing
2828,Global Impact Foundation 2828,UK,Child Welfare,Skill Development,www.globalimpactfoundation2828.org,contact@globalimpactfoundation2828.ngo,Low,Outreach
2829,Global Impact Foundation 2829,UAE,Women Empowerment,Skill Development,www.globalimpactfoundation2829.org,contact@globalimpactfoundation2829.global,Low,Funding
2830,Global Impact Foundation 2830,Kenya,Child Welfare,Community Health,www.globalimpactfoundation2830.org,contact@globalimpactfoundation2830.foundation,High,Outreach
2831,Global Impact Foundation 2831,USA,Child Welfare,Rural Development,www.globalimpactfoundation2831.global,contact@globalimpactfoundation2831.global,High,Funding
2832,Global Impact Foundation 2832,Canada,Child Welfare,Policy Advocacy,www.globalimpactfoundation2832.ngo,contact@globalimpactfoundation2832.org,Low,Partnership
2833,Global Impact Foundation 2833,Kenya,Education,Community Health,www.globalimpactfoundation2833.global,contact@globalimpactfoundation2833.ngo,High,Pilot Testing
2834,Global Impact Foundation 2834,Brazil,Environment,Disaster Relief,www.globalimpactfoundation2834.global,contact@globalimpactfoundation2834.global,Low,Pilot Testing
2835,Global Impact Foundation 2835,Canada,Human Rights,Rural Development,www.globalimpactfoundation2835.foundation,contact@globalimpactfoundation2835.ngo,High,Funding
2836,Global Impact Foundation 2836,USA,Education,Policy Advocacy,www.globalimpactfoundation2836.ngo,contact@globalimpactfoundation2836.foundation,High,Pilot Testing
2837,Global Impact Foundation 2837,Kenya,Health,Disaster Relief,www.globalimpactfoundation2837.org,contact@globalimpactfoundation2837.foundation,Medium,Outreach
2838,Global Impact Foundation 2838,UK,Poverty Relief,Skill Development,www.globalimpactfoundation2838.org,contact@globalimpactfoundation2838.global,Medium,Funding
2839,Global Impact Foundation 2839,UAE,Poverty Relief,Skill Development,www.globalimpactfoundation2839.foundation,contact@globalimpactfoundation2839.foundation,Medium,Funding
2840,Global Impact Foundation 2840,Canada,Child Welfare,Policy Advocacy,www.globalimpactfoundation2840.org,contact@globalimpactfoundation2840.ngo,High,Pilot Testing
2841,Global Impact Foundation 2841,UAE,Human Rights,Policy Advocacy,www.globalimpactfoundation2841.foundation,contact@globalimpactfoundation2841.org,Low,Pilot Testing
2842,Global Impact Foundation 2842,Germany,Health,Policy Advocacy,www.globalimpactfoundation2842.ngo,contact@globalimpactfoundation2842.ngo,High,Funding
2843,Global Impact Foundation 2843,South Africa,Health,Policy Advocacy,www.globalimpactfoundation2843.org,contact@globalimpactfoundation2843.org,High,Outreach
2844,Global Impact Foundation 2844,Kenya,Human Rights,Community Health,www.globalimpactfoundation2844.global,contact@globalimpactfoundation2844.global,Medium,Funding
2845,Global Impact Foundation 2845,Australia,Health,Urban Support,www.globalimpactfoundation2845.global,contact@globalimpactfoundation2845.org,Low,Pilot Testing
2846,Global Impact Foundation 2846,India,Human Rights,Community Health,www.globalimpactfoundation2846.ngo,contact@globalimpactfoundation2846.global,Medium,Outreach
2847,Global Impact Foundation 2847,UAE,Environment,Rural Development,www.globalimpactfoundation2847.foundation,contact@globalimpactfoundation2847.ngo,Low,Partnership
2848,Global Impact Foundation 2848,Australia,Environment,Disaster Relief,www.globalimpactfoundation2848.org,contact@globalimpactfoundation2848.foundation,Low,Outreach
2849,Global Impact Foundation 2849,Australia,Environment,Community Health,www.globalimpactfoundation2849.org,contact@globalimpactfoundation2849.global,Medium,Outreach
2850,Global Impact Foundation 2850,South Africa,Poverty Relief,Rural Development,www.globalimpactfoundation2850.ngo,contact@globalimpactfoundation2850.org,High,Outreach
2851,Global Impact Foundation 2851,South Africa,Human Rights,Policy Advocacy,www.globalimpactfoundation2851.global,contact@globalimpactfoundation2851.org,High,Pilot Testing
2852,Global Impact Foundation 2852,India,Poverty Relief,Policy Advocacy,www.globalimpactfoundation2852.ngo,contact@globalimpactfoundation2852.global,High,Partnership
2853,Global Impact Foundation 2853,UAE,Environment,Skill Development,www.globalimpactfoundation2853.org,contact@globalimpactfoundation2853.global,High,Outreach
2854,Global Impact Foundation 2854,Brazil,Health,Urban Support,www.globalimpactfoundation2854.foundation,contact@globalimpactfoundation2854.global,High,Funding
2855,Global Impact Foundation 2855,South Africa,Poverty Relief,Skill Development,www.globalimpactfoundation2855.foundation,contact@globalimpactfoundation2855.ngo,Medium,Outreach
2856,Global Impact Foundation 2856,Canada,Poverty Relief,Policy Advocacy,www.globalimpactfoundation2856.ngo,contact@globalimpactfoundation2856.global,Low,Funding
2857,Global Impact Foundation 2857,Germany,Women Empowerment,Rural Development,www.globalimpactfoundation2857.global,contact@globalimpactfoundation2857.foundation,High,Funding
2858,Global Impact Foundation 2858,UK,Child Welfare,Disaster Relief,www.globalimpactfoundation2858.foundation,contact@globalimpactfoundation2858.foundation,High,Partnership
2859,Global Impact Foundation 2859,South Africa,Human Rights,Disaster Relief,www.globalimpactfoundation2859.global,contact@globalimpactfoundation2859.global,Low,Outreach
2860,Global Impact Foundation 2860,South Africa,Health,Policy Advocacy,www.globalimpactfoundation2860.org,contact@globalimpactfoundation2860.foundation,Low,Outreach
2861,Global Impact Foundation 2861,Germany,Women Empowerment,Rural Development,www.globalimpactfoundation2861.org,contact@globalimpactfoundation2861.foundation,Medium,Outreach
2862,Global Impact Foundation 2862,Germany,Education,Rural Development,www.globalimpactfoundation2862.global,contact@globalimpactfoundation2862.global,High,Funding
2863,Global Impact Foundation 2863,UK,Human Rights,Disaster Relief,www.globalimpactfoundation2863.foundation,contact@globalimpactfoundation2863.global,Medium,Funding
2864,Global Impact Foundation 2864,Kenya,Environment,Disaster Relief,www.globalimpactfoundation2864.org,contact@globalimpactfoundation2864.foundation,Low,Pilot Testing
2865,Global Impact Foundation 2865,Germany,Health,Skill Development,www.globalimpactfoundation2865.ngo,contact@globalimpactfoundation2865.ngo,Medium,Funding
2866,Global Impact Foundation 2866,Australia,Poverty Relief,Policy Advocacy,www.globalimpactfoundation2866.org,contact@globalimpactfoundation2866.global,Low,Funding
2867,Global Impact Foundation 2867,Brazil,Health,Urban Support,www.globalimpactfoundation2867.global,contact@globalimpactfoundation2867.global,Low,Pilot Testing
2868,Global Impact Foundation 2868,UK,Health,Policy Advocacy,www.globalimpactfoundation2868.org,contact@globalimpactfoundation2868.org,Medium,Outreach
2869,Global Impact Foundation 2869,USA,Child Welfare,Community Health,www.globalimpactfoundation2869.foundation,contact@globalimpactfoundation2869.global,Low,Partnership
2870,Global Impact Foundation 2870,Australia,Child Welfare,Rural Development,www.globalimpactfoundation2870.org,contact@globalimpactfoundation2870.global,Medium,Outreach
2871,Global Impact Foundation 2871,India,Poverty Relief,Disaster Relief,www.globalimpactfoundation2871.global,contact@globalimpactfoundation2871.org,High,Partnership
2872,Global Impact Foundation 2872,Australia,Poverty Relief,Disaster Relief,www.globalimpactfoundation2872.foundation,contact@globalimpactfoundation2872.foundation,Low,Partnership
2873,Global Impact Foundation 2873,South Africa,Women Empowerment,Community Health,www.globalimpactfoundation2873.global,contact@globalimpactfoundation2873.ngo,High,Pilot Testing
2874,Global Impact Foundation 2874,Brazil,Education,Policy Advocacy,www.globalimpactfoundation2874.ngo,contact@globalimpactfoundation2874.org,Medium,Outreach
2875,Global Impact Foundation 2875,South Africa,Women Empowerment,Urban Support,www.globalimpactfoundation2875.org,contact@globalimpactfoundation2875.foundation,Low,Funding
2876,Global Impact Foundation 2876,India,Women Empowerment,Skill Development,www.globalimpactfoundation2876.global,contact@globalimpactfoundation2876.foundation,Medium,Partnership
2877,Global Impact Foundation 2877,South Africa,Education,Urban Support,www.globalimpactfoundation2877.org,contact@globalimpactfoundation2877.foundation,Medium,Partnership
2878,Global Impact Foundation 2878,Germany,Health,Community Health,www.globalimpactfoundation2878.org,contact@globalimpactfoundation2878.foundation,Low,Outreach
2879,Global Impact Foundation 2879,Canada,Human Rights,Community Health,www.globalimpactfoundation2879.ngo,contact@globalimpactfoundation2879.org,Low,Partnership
2880,Global Impact Foundation 2880,UAE,Education,Community Health,www.globalimpactfoundation2880.global,contact@globalimpactfoundation2880.org,High,Outreach
2881,Global Impact Foundation 2881,Canada,Health,Rural Development,www.globalimpactfoundation2881.ngo,contact@globalimpactfoundation2881.org,Low,Funding
2882,Global Impact Foundation 2882,Australia,Child Welfare,Urban Support,www.globalimpactfoundation2882.org,contact@globalimpactfoundation2882.ngo,Low,Outreach
2883,Global Impact Foundation 2883,Canada,Education,Community Health,www.globalimpactfoundation2883.ngo,contact@globalimpactfoundation2883.foundation,High,Partnership
2884,Global Impact Foundation 2884,UAE,Environment,Community Health,www.globalimpactfoundation2884.org,contact@globalimpactfoundation2884.org,Medium,Funding
2885,Global Impact Foundation 2885,India,Child Welfare,Urban Support,www.globalimpactfoundation2885.global,contact@globalimpactfoundation2885.org,Medium,Outreach
2886,Global Impact Foundation 2886,Kenya,Human Rights,Community Health,www.globalimpactfoundation2886.foundation,contact@globalimpactfoundation2886.foundation,High,Pilot Testing
2887,Global Impact Foundation 2887,Australia,Environment,Urban Support,www.globalimpactfoundation2887.ngo,contact@globalimpactfoundation2887.global,High,Outreach
2888,Global Impact Foundation 2888,South Africa,Child Welfare,Urban Support,www.globalimpactfoundation2888.ngo,contact@globalimpactfoundation2888.ngo,High,Partnership
2889,Global Impact Foundation 2889,Germany,Child Welfare,Community Health,www.globalimpactfoundation2889.global,contact@globalimpactfoundation2889.foundation,High,Outreach
2890,Global Impact Foundation 2890,USA,Poverty Relief,Urban Support,www.globalimpactfoundation2890.org,contact@globalimpactfoundation2890.org,Medium,Pilot Testing
2891,Global Impact Foundation 2891,Germany,Environment,Community Health,www.globalimpactfoundation2891.ngo,contact@globalimpactfoundation2891.ngo,High,Outreach
2892,Global Impact Foundation 2892,UAE,Health,Rural Development,www.globalimpactfoundation2892.org,contact@globalimpactfoundation2892.ngo,High,Funding
2893,Global Impact Foundation 2893,Australia,Poverty Relief,Disaster Relief,www.globalimpactfoundation2893.ngo,contact@globalimpactfoundation2893.foundation,Low,Partnership
2894,Global Impact Foundation 2894,Germany,Environment,Policy Advocacy,www.globalimpactfoundation2894.global,contact@globalimpactfoundation2894.foundation,Medium,Partnership
2895,Global Impact Foundation 2895,USA,Women Empowerment,Policy Advocacy,www.globalimpactfoundation2895.org,contact@globalimpactfoundation2895.org,High,Partnership
2896,Global Impact Foundation 2896,South Africa,Child Welfare,Skill Development,www.globalimpactfoundation2896.org,contact@globalimpactfoundation2896.foundation,High,Pilot Testing
2897,Global Impact Foundation 2897,India,Human Rights,Rural Development,www.globalimpactfoundation2897.ngo,contact@globalimpactfoundation2897.global,Low,Pilot Testing
2898,Global Impact Foundation 2898,Kenya,Education,Policy Advocacy,www.globalimpactfoundation2898.global,contact@globalimpactfoundation2898.org,Low,Funding
2899,Global Impact Foundation 2899,USA,Education,Urban Support,www.globalimpactfoundation2899.global,contact@globalimpactfoundation2899.ngo,High,Partnership
2900,Global Impact Foundation 2900,Australia,Health,Urban Support,www.globalimpactfoundation2900.foundation,contact@globalimpactfoundation2900.global,Medium,Pilot Testing
2901,Global Impact Foundation 2901,Kenya,Health,Disaster Relief,www.globalimpactfoundation2901.foundation,contact@globalimpactfoundation2901.foundation,Medium,Outreach
2902,Global Impact Foundation 2902,UK,Women Empowerment,Policy Advocacy,www.globalimpactfoundation2902.org,contact@globalimpactfoundation2902.ngo,Low,Pilot Testing
2903,Global Impact Foundation 2903,USA,Human Rights,Rural Development,www.globalimpactfoundation2903.global,contact@globalimpactfoundation2903.foundation,Medium,Outreach
2904,Global Impact Foundation 2904,Australia,Women Empowerment,Community Health,www.globalimpactfoundation2904.org,contact@globalimpactfoundation2904.ngo,High,Partnership
2905,Global Impact Foundation 2905,South Africa,Health,Skill Development,www.globalimpactfoundation2905.org,contact@globalimpactfoundation2905.org,Low,Partnership
2906,Global Impact Foundation 2906,Germany,Human Rights,Policy Advocacy,www.globalimpactfoundation2906.foundation,contact@globalimpactfoundation2906.global,High,Outreach
2907,Global Impact Foundation 2907,Kenya,Child Welfare,Community Health,www.globalimpactfoundation2907.global,contact@globalimpactfoundation2907.ngo,Medium,Funding
2908,Global Impact Foundation 2908,UK,Education,Rural Development,www.globalimpactfoundation2908.ngo,contact@globalimpactfoundation2908.org,Low,Funding
2909,Global Impact Foundation 2909,USA,Poverty Relief,Skill Development,www.globalimpactfoundation2909.global,contact@globalimpactfoundation2909.global,Low,Funding
2910,Global Impact Foundation 2910,South Africa,Environment,Skill Development,www.globalimpactfoundation2910.ngo,contact@globalimpactfoundation2910.org,High,Funding
2911,Global Impact Foundation 2911,UK,Women Empowerment,Policy Advocacy,www.globalimpactfoundation2911.ngo,contact@globalimpactfoundation2911.global,Low,Partnership
2912,Global Impact Foundation 2912,UK,Child Welfare,Rural Development,www.globalimpactfoundation2912.ngo,contact@globalimpactfoundation2912.foundation,Medium,Partnership
2913,Global Impact Foundation 2913,UK,Poverty Relief,Disaster Relief,www.globalimpactfoundation2913.global,contact@globalimpactfoundation2913.global,High,Outreach
2914,Global Impact Foundation 2914,Canada,Environment,Skill Development,www.globalimpactfoundation2914.org,contact@globalimpactfoundation2914.ngo,High,Funding
2915,Global Impact Foundation 2915,Australia,Women Empowerment,Urban Support,www.globalimpactfoundation2915.ngo,contact@globalimpactfoundation2915.org,High,Funding
2916,Global Impact Foundation 2916,Australia,Human Rights,Disaster Relief,www.globalimpactfoundation2916.foundation,contact@globalimpactfoundation2916.foundation,Medium,Partnership
2917,Global Impact Foundation 2917,Kenya,Child Welfare,Urban Support,www.globalimpactfoundation2917.org,contact@globalimpactfoundation2917.foundation,High,Partnership
2918,Global Impact Foundation 2918,Canada,Poverty Relief,Rural Development,www.globalimpactfoundation2918.foundation,contact@globalimpactfoundation2918.global,High,Pilot Testing
2919,Global Impact Foundation 2919,Australia,Human Rights,Policy Advocacy,www.globalimpactfoundation2919.foundation,contact@globalimpactfoundation2919.org,Medium,Partnership
2920,Global Impact Foundation 2920,Kenya,Human Rights,Disaster Relief,www.globalimpactfoundation2920.foundation,contact@globalimpactfoundation2920.foundation,Medium,Outreach
2921,Global Impact Foundation 2921,South Africa,Health,Disaster Relief,www.globalimpactfoundation2921.org,contact@globalimpactfoundation2921.foundation,High,Partnership
2922,Global Impact Foundation 2922,South Africa,Child Welfare,Rural Development,www.globalimpactfoundation2922.org,contact@globalimpactfoundation2922.global,High,Partnership
2923,Global Impact Foundation 2923,Australia,Health,Disaster Relief,www.globalimpactfoundation2923.global,contact@globalimpactfoundation2923.foundation,High,Funding
2924,Global Impact Foundation 2924,Australia,Education,Community Health,www.globalimpactfoundation2924.ngo,contact@globalimpactfoundation2924.foundation,Low,Funding
2925,Global Impact Foundation 2925,Germany,Child Welfare,Community Health,www.globalimpactfoundation2925.ngo,contact@globalimpactfoundation2925.org,High,Outreach
2926,Global Impact Foundation 2926,Kenya,Human Rights,Disaster Relief,www.globalimpactfoundation2926.global,contact@globalimpactfoundation2926.org,Medium,Partnership
2927,Global Impact Foundation 2927,Germany,Health,Skill Development,www.globalimpactfoundation2927.global,contact@globalimpactfoundation2927.org,High,Funding
2928,Global Impact Foundation 2928,Canada,Poverty Relief,Disaster Relief,www.globalimpactfoundation2928.ngo,contact@globalimpactfoundation2928.global,Medium,Funding
2929,Global Impact Foundation 2929,Kenya,Child Welfare,Policy Advocacy,www.globalimpactfoundation2929.org,contact@globalimpactfoundation2929.global,Medium,Outreach
2930,Global Impact Foundation 2930,India,Child Welfare,Disaster Relief,www.globalimpactfoundation2930.foundation,contact@globalimpactfoundation2930.ngo,Medium,Funding
2931,Global Impact Foundation 2931,Brazil,Women Empowerment,Urban Support,www.globalimpactfoundation2931.org,contact@globalimpactfoundation2931.global,Low,Funding
2932,Global Impact Foundation 2932,UAE,Education,Urban Support,www.globalimpactfoundation2932.ngo,contact@globalimpactfoundation2932.ngo,Low,Outreach
2933,Global Impact Foundation 2933,South Africa,Human Rights,Community Health,www.globalimpactfoundation2933.ngo,contact@globalimpactfoundation2933.global,High,Pilot Testing
2934,Global Impact Foundation 2934,Australia,Health,Skill Development,www.globalimpactfoundation2934.org,contact@globalimpactfoundation2934.global,High,Funding
2935,Global Impact Foundation 2935,Kenya,Poverty Relief,Urban Support,www.globalimpactfoundation2935.global,contact@globalimpactfoundation2935.global,Low,Pilot Testing
2936,Global Impact Foundation 2936,UK,Women Empowerment,Urban Support,www.globalimpactfoundation2936.global,contact@globalimpactfoundation2936.foundation,Low,Funding
2937,Global Impact Foundation 2937,Germany,Human Rights,Disaster Relief,www.globalimpactfoundation2937.foundation,contact@globalimpactfoundation2937.global,Low,Pilot Testing
2938,Global Impact Foundation 2938,India,Health,Urban Support,www.globalimpactfoundation2938.foundation,contact@globalimpactfoundation2938.org,Medium,Outreach
2939,Global Impact Foundation 2939,Kenya,Environment,Urban Support,www.globalimpactfoundation2939.foundation,contact@globalimpactfoundation2939.org,High,Pilot Testing
2940,Global Impact Foundation 2940,UAE,Education,Urban Support,www.globalimpactfoundation2940.foundation,contact@globalimpactfoundation2940.global,Medium,Funding
2941,Global Impact Foundation 2941,UK,Environment,Community Health,www.globalimpactfoundation2941.foundation,contact@globalimpactfoundation2941.global,Low,Outreach
2942,Global Impact Foundation 2942,UAE,Child Welfare,Policy Advocacy,www.globalimpactfoundation2942.global,contact@globalimpactfoundation2942.foundation,Low,Outreach
2943,Global Impact Foundation 2943,South Africa,Women Empowerment,Policy Advocacy,www.globalimpactfoundation2943.org,contact@globalimpactfoundation2943.global,Medium,Outreach
2944,Global Impact Foundation 2944,Kenya,Health,Urban Support,www.globalimpactfoundation2944.global,contact@globalimpactfoundation2944.org,Medium,Pilot Testing
2945,Global Impact Foundation 2945,Canada,Child Welfare,Policy Advocacy,www.globalimpactfoundation2945.ngo,contact@globalimpactfoundation2945.ngo,High,Funding
2946,Global Impact Foundation 2946,UAE,Environment,Skill Development,www.globalimpactfoundation2946.foundation,contact@globalimpactfoundation2946.org,Medium,Outreach
2947,Global Impact Foundation 2947,Canada,Women Empowerment,Skill Development,www.globalimpactfoundation2947.global,contact@globalimpactfoundation2947.global,High,Partnership
2948,Global Impact Foundation 2948,South Africa,Poverty Relief,Rural Development,www.globalimpactfoundation2948.ngo,contact@globalimpactfoundation2948.org,Low,Partnership
2949,Global Impact Foundation 2949,Kenya,Human Rights,Skill Development,www.globalimpactfoundation2949.foundation,contact@globalimpactfoundation2949.foundation,Medium,Partnership
2950,Global Impact Foundation 2950,USA,Women Empowerment,Policy Advocacy,www.globalimpactfoundation2950.ngo,contact@globalimpactfoundation2950.org,High,Partnership
2951,Global Impact Foundation 2951,Canada,Health,Community Health,www.globalimpactfoundation2951.ngo,contact@globalimpactfoundation2951.foundation,Low,Partnership
2952,Global Impact Foundation 2952,Canada,Poverty Relief,Disaster Relief,www.globalimpactfoundation2952.ngo,contact@globalimpactfoundation2952.global,High,Partnership
2953,Global Impact Foundation 2953,Germany,Education,Rural Development,www.globalimpactfoundation2953.ngo,contact@globalimpactfoundation2953.org,Medium,Pilot Testing
2954,Global Impact Foundation 2954,South Africa,Education,Rural Development,www.globalimpactfoundation2954.global,contact@globalimpactfoundation2954.org,High,Outreach
2955,Global Impact Foundation 2955,Kenya,Human Rights,Community Health,www.globalimpactfoundation2955.ngo,contact@globalimpactfoundation2955.global,Medium,Outreach
2956,Global Impact Foundation 2956,South Africa,Child Welfare,Rural Development,www.globalimpactfoundation2956.org,contact@globalimpactfoundation2956.ngo,Low,Outreach
2957,Global Impact Foundation 2957,UAE,Poverty Relief,Urban Support,www.globalimpactfoundation2957.global,contact@globalimpactfoundation2957.org,High,Partnership
2958,Global Impact Foundation 2958,UAE,Health,Policy Advocacy,www.globalimpactfoundation2958.foundation,contact@globalimpactfoundation2958.ngo,Low,Funding
2959,Global Impact Foundation 2959,India,Education,Rural Development,www.globalimpactfoundation2959.org,contact@globalimpactfoundation2959.foundation,Low,Partnership
2960,Global Impact Foundation 2960,Germany,Human Rights,Urban Support,www.globalimpactfoundation2960.global,contact@globalimpactfoundation2960.global,High,Outreach
2961,Global Impact Foundation 2961,Brazil,Human Rights,Rural Development,www.globalimpactfoundation2961.global,contact@globalimpactfoundation2961.foundation,Medium,Partnership
2962,Global Impact Foundation 2962,UK,Education,Policy Advocacy,www.globalimpactfoundation2962.ngo,contact@globalimpactfoundation2962.org,Low,Partnership
2963,Global Impact Foundation 2963,UK,Education,Skill Development,www.globalimpactfoundation2963.global,contact@globalimpactfoundation2963.ngo,Low,Partnership
2964,Global Impact Foundation 2964,USA,Health,Community Health,www.globalimpactfoundation2964.org,contact@globalimpactfoundation2964.foundation,Low,Funding
2965,Global Impact Foundation 2965,India,Poverty Relief,Urban Support,www.globalimpactfoundation2965.foundation,contact@globalimpactfoundation2965.ngo,Medium,Outreach
2966,Global Impact Foundation 2966,Australia,Human Rights,Policy Advocacy,www.globalimpactfoundation2966.org,contact@globalimpactfoundation2966.org,Medium,Funding
2967,Global Impact Foundation 2967,Australia,Human Rights,Policy Advocacy,www.globalimpactfoundation2967.foundation,contact@globalimpactfoundation2967.global,High,Pilot Testing
2968,Global Impact Foundation 2968,UK,Health,Skill Development,www.globalimpactfoundation2968.org,contact@globalimpactfoundation2968.foundation,Medium,Pilot Testing
2969,Global Impact Foundation 2969,South Africa,Environment,Rural Development,www.globalimpactfoundation2969.global,contact@globalimpactfoundation2969.org,High,Pilot Testing
2970,Global Impact Foundation 2970,India,Child Welfare,Skill Development,www.globalimpactfoundation2970.org,contact@globalimpactfoundation2970.global,Medium,Partnership
2971,Global Impact Foundation 2971,South Africa,Child Welfare,Policy Advocacy,www.globalimpactfoundation2971.global,contact@globalimpactfoundation2971.foundation,High,Pilot Testing
2972,Global Impact Foundation 2972,Canada,Education,Skill Development,www.globalimpactfoundation2972.foundation,contact@globalimpactfoundation2972.foundation,High,Outreach
2973,Global Impact Foundation 2973,South Africa,Health,Skill Development,www.globalimpactfoundation2973.foundation,contact@globalimpactfoundation2973.global,High,Funding
2974,Global Impact Foundation 2974,Canada,Health,Urban Support,www.globalimpactfoundation2974.global,contact@globalimpactfoundation2974.org,Medium,Outreach
2975,Global Impact Foundation 2975,Australia,Women Empowerment,Community Health,www.globalimpactfoundation2975.global,contact@globalimpactfoundation2975.global,Low,Pilot Testing
2976,Global Impact Foundation 2976,Australia,Human Rights,Policy Advocacy,www.globalimpactfoundation2976.ngo,contact@globalimpactfoundation2976.foundation,Low,Funding
2977,Global Impact Foundation 2977,Australia,Health,Skill Development,www.globalimpactfoundation2977.foundation,contact@globalimpactfoundation2977.global,High,Funding
2978,Global Impact Foundation 2978,India,Human Rights,Urban Support,www.globalimpactfoundation2978.global,contact@globalimpactfoundation2978.org,Medium,Outreach
2979,Global Impact Foundation 2979,USA,Women Empowerment,Skill Development,www.globalimpactfoundation2979.ngo,contact@globalimpactfoundation2979.foundation,Low,Funding
2980,Global Impact Foundation 2980,Kenya,Environment,Policy Advocacy,www.globalimpactfoundation2980.global,contact@globalimpactfoundation2980.ngo,Low,Funding
2981,Global Impact Foundation 2981,India,Child Welfare,Disaster Relief,www.globalimpactfoundation2981.global,contact@globalimpactfoundation2981.foundation,High,Pilot Testing
2982,Global Impact Foundation 2982,Kenya,Education,Policy Advocacy,www.globalimpactfoundation2982.foundation,contact@globalimpactfoundation2982.global,Low,Outreach
2983,Global Impact Foundation 2983,UK,Human Rights,Disaster Relief,www.globalimpactfoundation2983.org,contact@globalimpactfoundation2983.org,Low,Funding
2984,Global Impact Foundation 2984,India,Human Rights,Skill Development,www.globalimpactfoundation2984.ngo,contact@globalimpactfoundation2984.foundation,Low,Partnership
2985,Global Impact Foundation 2985,South Africa,Education,Urban Support,www.globalimpactfoundation2985.ngo,contact@globalimpactfoundation2985.org,Medium,Funding
2986,Global Impact Foundation 2986,Canada,Human Rights,Rural Development,www.globalimpactfoundation2986.org,contact@globalimpactfoundation2986.ngo,High,Funding
2987,Global Impact Foundation 2987,Kenya,Education,Disaster Relief,www.globalimpactfoundation2987.foundation,contact@globalimpactfoundation2987.foundation,Low,Pilot Testing
2988,Global Impact Foundation 2988,India,Human Rights,Urban Support,www.globalimpactfoundation2988.org,contact@globalimpactfoundation2988.foundation,High,Pilot Testing
2989,Global Impact Foundation 2989,Germany,Women Empowerment,Urban Support,www.globalimpactfoundation2989.ngo,contact@globalimpactfoundation2989.foundation,Medium,Pilot Testing
2990,Global Impact Foundation 2990,Canada,Human Rights,Community Health,www.globalimpactfoundation2990.foundation,contact@globalimpactfoundation2990.global,High,Pilot Testing
2991,Global Impact Foundation 2991,Kenya,Health,Urban Support,www.globalimpactfoundation2991.org,contact@globalimpactfoundation2991.foundation,Low,Funding
2992,Global Impact Foundation 2992,Australia,Health,Rural Development,www.globalimpactfoundation2992.foundation,contact@globalimpactfoundation2992.ngo,High,Outreach
2993,Global Impact Foundation 2993,Brazil,Education,Skill Development,www.globalimpactfoundation2993.foundation,contact@globalimpactfoundation2993.global,Low,Pilot Testing
2994,Global Impact Foundation 2994,UK,Environment,Policy Advocacy,www.globalimpactfoundation2994.org,contact@globalimpactfoundation2994.ngo,Medium,Partnership
2995,Global Impact Foundation 2995,India,Environment,Community Health,www.globalimpactfoundation2995.ngo,contact@globalimpactfoundation2995.global,Low,Funding
2996,Global Impact Foundation 2996,South Africa,Environment,Disaster Relief,www.globalimpactfoundation2996.org,contact@globalimpactfoundation2996.ngo,Low,Outreach
2997,Global Impact Foundation 2997,Germany,Women Empowerment,Skill Development,www.globalimpactfoundation2997.org,contact@globalimpactfoundation2997.ngo,Low,Pilot Testing
2998,Global Impact Foundation 2998,UAE,Poverty Relief,Policy Advocacy,www.globalimpactfoundation2998.org,contact@globalimpactfoundation2998.org,High,Pilot Testing
2999,Global Impact Foundation 2999,Brazil,Human Rights,Policy Advocacy,www.globalimpactfoundation2999.global,contact@globalimpactfoundation2999.global,High,Funding
3000,Global Impact Foundation 3000,UK,Poverty Relief,Policy Advocacy,www.globalimpactfoundation3000.foundation,contact@globalimpactfoundation3000.global,Medium,Pilot Testing
3001,Global Impact Foundation 3001,USA,Education,Disaster Relief,www.globalimpactfoundation3001.ngo,contact@globalimpactfoundation3001.org,Low,Funding
3002,Global Impact Foundation 3002,UK,Poverty Relief,Urban Support,www.globalimpactfoundation3002.ngo,contact@globalimpactfoundation3002.foundation,Medium,Pilot Testing
3003,Global Impact Foundation 3003,USA,Human Rights,Disaster Relief,www.globalimpactfoundation3003.foundation,contact@globalimpactfoundation3003.ngo,Medium,Pilot Testing
3004,Global Impact Foundation 3004,USA,Human Rights,Policy Advocacy,www.globalimpactfoundation3004.global,contact@globalimpactfoundation3004.org,High,Outreach
3005,Global Impact Foundation 3005,Canada,Education,Disaster Relief,www.globalimpactfoundation3005.org,contact@globalimpactfoundation3005.ngo,Low,Outreach
3006,Global Impact Foundation 3006,Brazil,Human Rights,Urban Support,www.globalimpactfoundation3006.ngo,contact@globalimpactfoundation3006.org,Low,Partnership
3007,Global Impact Foundation 3007,Australia,Health,Community Health,www.globalimpactfoundation3007.ngo,contact@globalimpactfoundation3007.org,Medium,Outreach
3008,Global Impact Foundation 3008,South Africa,Health,Disaster Relief,www.globalimpactfoundation3008.global,contact@globalimpactfoundation3008.org,Low,Outreach
3009,Global Impact Foundation 3009,India,Health,Skill Development,www.globalimpactfoundation3009.ngo,contact@globalimpactfoundation3009.global,High,Pilot Testing
3010,Global Impact Foundation 3010,Brazil,Child Welfare,Urban Support,www.globalimpactfoundation3010.foundation,contact@globalimpactfoundation3010.global,Low,Funding
3011,Global Impact Foundation 3011,Canada,Health,Policy Advocacy,www.globalimpactfoundation3011.global,contact@globalimpactfoundation3011.org,High,Funding
3012,Global Impact Foundation 3012,UK,Women Empowerment,Community Health,www.globalimpactfoundation3012.global,contact@globalimpactfoundation3012.global,High,Pilot Testing
3013,Global Impact Foundation 3013,Kenya,Environment,Urban Support,www.globalimpactfoundation3013.ngo,contact@globalimpactfoundation3013.org,High,Funding
3014,Global Impact Foundation 3014,Australia,Education,Rural Development,www.globalimpactfoundation3014.org,contact@globalimpactfoundation3014.foundation,Medium,Partnership
3015,Global Impact Foundation 3015,UK,Poverty Relief,Community Health,www.globalimpactfoundation3015.ngo,contact@globalimpactfoundation3015.foundation,Medium,Partnership
3016,Global Impact Foundation 3016,South Africa,Women Empowerment,Skill Development,www.globalimpactfoundation3016.foundation,contact@globalimpactfoundation3016.org,Medium,Outreach
3017,Global Impact Foundation 3017,Canada,Environment,Community Health,www.globalimpactfoundation3017.ngo,contact@globalimpactfoundation3017.global,High,Funding
3018,Global Impact Foundation 3018,India,Education,Community Health,www.globalimpactfoundation3018.global,contact@globalimpactfoundation3018.global,Low,Funding
3019,Global Impact Foundation 3019,Brazil,Child Welfare,Urban Support,www.globalimpactfoundation3019.global,contact@globalimpactfoundation3019.foundation,Medium,Pilot Testing
3020,Global Impact Foundation 3020,Australia,Women Empowerment,Urban Support,www.globalimpactfoundation3020.ngo,contact@globalimpactfoundation3020.ngo,Low,Pilot Testing
3021,Global Impact Foundation 3021,India,Education,Skill Development,www.globalimpactfoundation3021.foundation,contact@globalimpactfoundation3021.org,Medium,Funding
3022,Global Impact Foundation 3022,Germany,Women Empowerment,Disaster Relief,www.globalimpactfoundation3022.ngo,contact@globalimpactfoundation3022.global,High,Pilot Testing
3023,Global Impact Foundation 3023,UK,Education,Disaster Relief,www.globalimpactfoundation3023.org,contact@globalimpactfoundation3023.ngo,High,Funding
3024,Global Impact Foundation 3024,Germany,Human Rights,Urban Support,www.globalimpactfoundation3024.ngo,contact@globalimpactfoundation3024.org,Low,Partnership
3025,Global Impact Foundation 3025,Kenya,Human Rights,Rural Development,www.globalimpactfoundation3025.global,contact@globalimpactfoundation3025.org,Low,Pilot Testing
3026,Global Impact Foundation 3026,Kenya,Child Welfare,Disaster Relief,www.globalimpactfoundation3026.org,contact@globalimpactfoundation3026.global,Medium,Funding
3027,Global Impact Foundation 3027,India,Health,Community Health,www.globalimpactfoundation3027.global,contact@globalimpactfoundation3027.org,Low,Outreach
3028,Global Impact Foundation 3028,South Africa,Education,Rural Development,www.globalimpactfoundation3028.ngo,contact@globalimpactfoundation3028.global,Medium,Pilot Testing
3029,Global Impact Foundation 3029,UK,Human Rights,Rural Development,www.globalimpactfoundation3029.ngo,contact@globalimpactfoundation3029.foundation,Low,Funding
3030,Global Impact Foundation 3030,South Africa,Women Empowerment,Community Health,www.globalimpactfoundation3030.foundation,contact@globalimpactfoundation3030.ngo,High,Funding
3031,Global Impact Foundation 3031,USA,Health,Disaster Relief,www.globalimpactfoundation3031.global,contact@globalimpactfoundation3031.org,Low,Outreach
3032,Global Impact Foundation 3032,Kenya,Poverty Relief,Disaster Relief,www.globalimpactfoundation3032.foundation,contact@globalimpactfoundation3032.global,Low,Funding
3033,Global Impact Foundation 3033,South Africa,Child Welfare,Policy Advocacy,www.globalimpactfoundation3033.global,contact@globalimpactfoundation3033.ngo,Medium,Pilot Testing
3034,Global Impact Foundation 3034,Australia,Education,Policy Advocacy,www.globalimpactfoundation3034.ngo,contact@globalimpactfoundation3034.foundation,High,Pilot Testing
3035,Global Impact Foundation 3035,UK,Poverty Relief,Urban Support,www.globalimpactfoundation3035.org,contact@globalimpactfoundation3035.org,Low,Outreach
3036,Global Impact Foundation 3036,South Africa,Child Welfare,Urban Support,www.globalimpactfoundation3036.global,contact@globalimpactfoundation3036.global,Low,Pilot Testing
3037,Global Impact Foundation 3037,Kenya,Human Rights,Rural Development,www.globalimpactfoundation3037.org,contact@globalimpactfoundation3037.foundation,Low,Partnership
3038,Global Impact Foundation 3038,Brazil,Child Welfare,Urban Support,www.globalimpactfoundation3038.org,contact@globalimpactfoundation3038.foundation,Low,Funding
3039,Global Impact Foundation 3039,Brazil,Health,Disaster Relief,www.globalimpactfoundation3039.org,contact@globalimpactfoundation3039.org,Medium,Funding
3040,Global Impact Foundation 3040,Australia,Women Empowerment,Community Health,www.globalimpactfoundation3040.global,contact@globalimpactfoundation3040.foundation,Low,Outreach
3041,Global Impact Foundation 3041,Australia,Child Welfare,Disaster Relief,www.globalimpactfoundation3041.global,contact@globalimpactfoundation3041.org,Medium,Pilot Testing
3042,Global Impact Foundation 3042,USA,Environment,Disaster Relief,www.globalimpactfoundation3042.global,contact@globalimpactfoundation3042.org,Medium,Partnership
3043,Global Impact Foundation 3043,Germany,Human Rights,Disaster Relief,www.globalimpactfoundation3043.org,contact@globalimpactfoundation3043.ngo,High,Partnership
3044,Global Impact Foundation 3044,UK,Environment,Urban Support,www.globalimpactfoundation3044.ngo,contact@globalimpactfoundation3044.ngo,Medium,Funding
3045,Global Impact Foundation 3045,Germany,Health,Disaster Relief,www.globalimpactfoundation3045.ngo,contact@globalimpactfoundation3045.org,Low,Outreach
3046,Global Impact Foundation 3046,Australia,Education,Community Health,www.globalimpactfoundation3046.ngo,contact@globalimpactfoundation3046.foundation,Low,Partnership
3047,Global Impact Foundation 3047,Kenya,Education,Skill Development,www.globalimpactfoundation3047.foundation,contact@globalimpactfoundation3047.org,Medium,Funding
3048,Global Impact Foundation 3048,Canada,Health,Disaster Relief,www.globalimpactfoundation3048.foundation,contact@globalimpactfoundation3048.org,Low,Outreach
3049,Global Impact Foundation 3049,Germany,Poverty Relief,Disaster Relief,www.globalimpactfoundation3049.ngo,contact@globalimpactfoundation3049.global,Low,Partnership
3050,Global Impact Foundation 3050,South Africa,Health,Disaster Relief,www.globalimpactfoundation3050.global,contact@globalimpactfoundation3050.ngo,Low,Funding
3051,Global Impact Foundation 3051,Australia,Environment,Rural Development,www.globalimpactfoundation3051.ngo,contact@globalimpactfoundation3051.org,Medium,Pilot Testing
3052,Global Impact Foundation 3052,Germany,Human Rights,Rural Development,www.globalimpactfoundation3052.org,contact@globalimpactfoundation3052.ngo,High,Outreach
3053,Global Impact Foundation 3053,India,Education,Community Health,www.globalimpactfoundation3053.foundation,contact@globalimpactfoundation3053.foundation,High,Outreach
3054,Global Impact Foundation 3054,Canada,Human Rights,Skill Development,www.globalimpactfoundation3054.org,contact@globalimpactfoundation3054.global,Low,Partnership
3055,Global Impact Foundation 3055,Australia,Women Empowerment,Policy Advocacy,www.globalimpactfoundation3055.foundation,contact@globalimpactfoundation3055.org,High,Partnership
3056,Global Impact Foundation 3056,Australia,Human Rights,Policy Advocacy,www.globalimpactfoundation3056.org,contact@globalimpactfoundation3056.global,High,Partnership
3057,Global Impact Foundation 3057,Germany,Human Rights,Policy Advocacy,www.globalimpactfoundation3057.ngo,contact@globalimpactfoundation3057.ngo,Low,Partnership
3058,Global Impact Foundation 3058,Germany,Women Empowerment,Rural Development,www.globalimpactfoundation3058.foundation,contact@globalimpactfoundation3058.global,Medium,Pilot Testing
3059,Global Impact Foundation 3059,Germany,Child Welfare,Urban Support,www.globalimpactfoundation3059.foundation,contact@globalimpactfoundation3059.org,Low,Funding
3060,Global Impact Foundation 3060,Australia,Women Empowerment,Urban Support,www.globalimpactfoundation3060.global,contact@globalimpactfoundation3060.org,Low,Funding
3061,Global Impact Foundation 3061,Kenya,Health,Urban Support,www.globalimpactfoundation3061.org,contact@globalimpactfoundation3061.foundation,High,Partnership
3062,Global Impact Foundation 3062,India,Poverty Relief,Community Health,www.globalimpactfoundation3062.org,contact@globalimpactfoundation3062.org,Low,Partnership
3063,Global Impact Foundation 3063,Germany,Poverty Relief,Urban Support,www.globalimpactfoundation3063.global,contact@globalimpactfoundation3063.ngo,Medium,Outreach
3064,Global Impact Foundation 3064,South Africa,Human Rights,Policy Advocacy,www.globalimpactfoundation3064.foundation,contact@globalimpactfoundation3064.global,Low,Outreach
3065,Global Impact Foundation 3065,South Africa,Education,Skill Development,www.globalimpactfoundation3065.ngo,contact@globalimpactfoundation3065.global,High,Pilot Testing
3066,Global Impact Foundation 3066,Kenya,Women Empowerment,Urban Support,www.globalimpactfoundation3066.ngo,contact@globalimpactfoundation3066.org,Low,Partnership
3067,Global Impact Foundation 3067,Brazil,Poverty Relief,Rural Development,www.globalimpactfoundation3067.ngo,contact@globalimpactfoundation3067.global,Medium,Funding
3068,Global Impact Foundation 3068,UK,Poverty Relief,Disaster Relief,www.globalimpactfoundation3068.org,contact@globalimpactfoundation3068.ngo,High,Pilot Testing
3069,Global Impact Foundation 3069,USA,Human Rights,Community Health,www.globalimpactfoundation3069.global,contact@globalimpactfoundation3069.org,Low,Partnership
3070,Global Impact Foundation 3070,UAE,Child Welfare,Community Health,www.globalimpactfoundation3070.org,contact@globalimpactfoundation3070.global,High,Partnership
3071,Global Impact Foundation 3071,South Africa,Women Empowerment,Rural Development,www.globalimpactfoundation3071.ngo,contact@globalimpactfoundation3071.foundation,Low,Funding
3072,Global Impact Foundation 3072,UAE,Environment,Community Health,www.globalimpactfoundation3072.global,contact@globalimpactfoundation3072.foundation,Medium,Pilot Testing
3073,Global Impact Foundation 3073,Canada,Human Rights,Policy Advocacy,www.globalimpactfoundation3073.global,contact@globalimpactfoundation3073.ngo,Medium,Funding
3074,Global Impact Foundation 3074,Germany,Women Empowerment,Urban Support,www.globalimpactfoundation3074.global,contact@globalimpactfoundation3074.ngo,Low,Partnership
3075,Global Impact Foundation 3075,South Africa,Child Welfare,Policy Advocacy,www.globalimpactfoundation3075.global,contact@globalimpactfoundation3075.global,Medium,Funding
3076,Global Impact Foundation 3076,Kenya,Human Rights,Community Health,www.globalimpactfoundation3076.org,contact@globalimpactfoundation3076.global,Low,Outreach
3077,Global Impact Foundation 3077,Australia,Women Empowerment,Rural Development,www.globalimpactfoundation3077.global,contact@globalimpactfoundation3077.foundation,Medium,Funding
3078,Global Impact Foundation 3078,Australia,Human Rights,Policy Advocacy,www.globalimpactfoundation3078.ngo,contact@globalimpactfoundation3078.org,High,Funding
3079,Global Impact Foundation 3079,Germany,Women Empowerment,Skill Development,www.globalimpactfoundation3079.foundation,contact@globalimpactfoundation3079.org,Low,Partnership
3080,Global Impact Foundation 3080,Germany,Human Rights,Skill Development,www.globalimpactfoundation3080.org,contact@globalimpactfoundation3080.org,High,Outreach
3081,Global Impact Foundation 3081,UAE,Poverty Relief,Policy Advocacy,www.globalimpactfoundation3081.ngo,contact@globalimpactfoundation3081.ngo,High,Outreach
3082,Global Impact Foundation 3082,USA,Women Empowerment,Rural Development,www.globalimpactfoundation3082.org,contact@globalimpactfoundation3082.global,Low,Partnership
3083,Global Impact Foundation 3083,USA,Health,Policy Advocacy,www.globalimpactfoundation3083.org,contact@globalimpactfoundation3083.foundation,High,Funding
3084,Global Impact Foundation 3084,Canada,Child Welfare,Policy Advocacy,www.globalimpactfoundation3084.foundation,contact@globalimpactfoundation3084.foundation,Low,Outreach
3085,Global Impact Foundation 3085,India,Education,Policy Advocacy,www.globalimpactfoundation3085.global,contact@globalimpactfoundation3085.ngo,Medium,Outreach
3086,Global Impact Foundation 3086,Australia,Human Rights,Community Health,www.globalimpactfoundation3086.ngo,contact@globalimpactfoundation3086.org,Medium,Pilot Testing
3087,Global Impact Foundation 3087,UAE,Education,Rural Development,www.globalimpactfoundation3087.ngo,contact@globalimpactfoundation3087.ngo,High,Outreach
3088,Global Impact Foundation 3088,Brazil,Education,Community Health,www.globalimpactfoundation3088.org,contact@globalimpactfoundation3088.global,High,Outreach
3089,Global Impact Foundation 3089,Australia,Education,Community Health,www.globalimpactfoundation3089.global,contact@globalimpactfoundation3089.global,Low,Outreach
3090,Global Impact Foundation 3090,USA,Health,Disaster Relief,www.globalimpactfoundation3090.org,contact@globalimpactfoundation3090.global,Low,Outreach
3091,Global Impact Foundation 3091,Germany,Child Welfare,Community Health,www.globalimpactfoundation3091.org,contact@globalimpactfoundation3091.global,Medium,Pilot Testing
3092,Global Impact Foundation 3092,UAE,Environment,Disaster Relief,www.globalimpactfoundation3092.foundation,contact@globalimpactfoundation3092.global,Low,Outreach
3093,Global Impact Foundation 3093,South Africa,Poverty Relief,Rural Development,www.globalimpactfoundation3093.global,contact@globalimpactfoundation3093.foundation,Medium,Partnership
3094,Global Impact Foundation 3094,Canada,Education,Skill Development,www.globalimpactfoundation3094.org,contact@globalimpactfoundation3094.global,Medium,Pilot Testing
3095,Global Impact Foundation 3095,USA,Health,Disaster Relief,www.globalimpactfoundation3095.foundation,contact@globalimpactfoundation3095.global,High,Funding
3096,Global Impact Foundation 3096,Germany,Poverty Relief,Disaster Relief,www.globalimpactfoundation3096.org,contact@globalimpactfoundation3096.ngo,Medium,Partnership
3097,Global Impact Foundation 3097,Kenya,Human Rights,Skill Development,www.globalimpactfoundation3097.foundation,contact@globalimpactfoundation3097.ngo,Low,Funding
3098,Global Impact Foundation 3098,UK,Environment,Urban Support,www.globalimpactfoundation3098.ngo,contact@globalimpactfoundation3098.org,Low,Funding
3099,Global Impact Foundation 3099,UK,Poverty Relief,Skill Development,www.globalimpactfoundation3099.global,contact@globalimpactfoundation3099.global,High,Funding
3100,Global Impact Foundation 3100,Germany,Environment,Policy Advocacy,www.globalimpactfoundation3100.foundation,contact@globalimpactfoundation3100.foundation,High,Partnership
3101,Global Impact Foundation 3101,Kenya,Human Rights,Disaster Relief,www.globalimpactfoundation3101.global,contact@globalimpactfoundation3101.global,High,Pilot Testing
3102,Global Impact Foundation 3102,Kenya,Poverty Relief,Skill Development,www.globalimpactfoundation3102.org,contact@globalimpactfoundation3102.org,Medium,Pilot Testing
3103,Global Impact Foundation 3103,Germany,Poverty Relief,Policy Advocacy,www.globalimpactfoundation3103.global,contact@globalimpactfoundation3103.ngo,Medium,Partnership
3104,Global Impact Foundation 3104,Germany,Education,Urban Support,www.globalimpactfoundation3104.foundation,contact@globalimpactfoundation3104.org,High,Outreach
3105,Global Impact Foundation 3105,India,Human Rights,Community Health,www.globalimpactfoundation3105.ngo,contact@globalimpactfoundation3105.global,Low,Funding
3106,Global Impact Foundation 3106,UAE,Poverty Relief,Skill Development,www.globalimpactfoundation3106.org,contact@globalimpactfoundation3106.ngo,Low,Pilot Testing
3107,Global Impact Foundation 3107,UK,Environment,Community Health,www.globalimpactfoundation3107.org,contact@globalimpactfoundation3107.foundation,High,Funding
3108,Global Impact Foundation 3108,Australia,Child Welfare,Rural Development,www.globalimpactfoundation3108.foundation,contact@globalimpactfoundation3108.ngo,Low,Funding
3109,Global Impact Foundation 3109,Brazil,Environment,Skill Development,www.globalimpactfoundation3109.global,contact@globalimpactfoundation3109.foundation,Low,Partnership
3110,Global Impact Foundation 3110,Canada,Women Empowerment,Skill Development,www.globalimpactfoundation3110.global,contact@globalimpactfoundation3110.ngo,High,Partnership
3111,Global Impact Foundation 3111,Australia,Child Welfare,Rural Development,www.globalimpactfoundation3111.foundation,contact@globalimpactfoundation3111.ngo,Low,Partnership
3112,Global Impact Foundation 3112,Canada,Poverty Relief,Disaster Relief,www.globalimpactfoundation3112.foundation,contact@globalimpactfoundation3112.foundation,High,Outreach
3113,Global Impact Foundation 3113,India,Women Empowerment,Disaster Relief,www.globalimpactfoundation3113.org,contact@globalimpactfoundation3113.org,High,Pilot Testing
3114,Global Impact Foundation 3114,South Africa,Child Welfare,Skill Development,www.globalimpactfoundation3114.foundation,contact@globalimpactfoundation3114.org,Medium,Partnership
3115,Global Impact Foundation 3115,Brazil,Child Welfare,Community Health,www.globalimpactfoundation3115.ngo,contact@globalimpactfoundation3115.global,High,Outreach
3116,Global Impact Foundation 3116,Kenya,Education,Community Health,www.globalimpactfoundation3116.org,contact@globalimpactfoundation3116.global,Low,Partnership
3117,Global Impact Foundation 3117,USA,Women Empowerment,Community Health,www.globalimpactfoundation3117.ngo,contact@globalimpactfoundation3117.global,High,Outreach
3118,Global Impact Foundation 3118,Brazil,Women Empowerment,Rural Development,www.globalimpactfoundation3118.org,contact@globalimpactfoundation3118.foundation,Medium,Pilot Testing
3119,Global Impact Foundation 3119,South Africa,Environment,Community Health,www.globalimpactfoundation3119.global,contact@globalimpactfoundation3119.ngo,High,Funding
3120,Global Impact Foundation 3120,India,Environment,Urban Support,www.globalimpactfoundation3120.ngo,contact@globalimpactfoundation3120.org,High,Funding
3121,Global Impact Foundation 3121,UAE,Health,Skill Development,www.globalimpactfoundation3121.global,contact@globalimpactfoundation3121.org,High,Funding
3122,Global Impact Foundation 3122,Kenya,Poverty Relief,Disaster Relief,www.globalimpactfoundation3122.ngo,contact@globalimpactfoundation3122.org,High,Pilot Testing
3123,Global Impact Foundation 3123,USA,Women Empowerment,Policy Advocacy,www.globalimpactfoundation3123.ngo,contact@globalimpactfoundation3123.global,Low,Outreach
3124,Global Impact Foundation 3124,Australia,Women Empowerment,Urban Support,www.globalimpactfoundation3124.org,contact@globalimpactfoundation3124.ngo,Medium,Funding
3125,Global Impact Foundation 3125,South Africa,Education,Disaster Relief,www.globalimpactfoundation3125.foundation,contact@globalimpactfoundation3125.ngo,Medium,Pilot Testing
3126,Global Impact Foundation 3126,Canada,Environment,Skill Development,www.globalimpactfoundation3126.ngo,contact@globalimpactfoundation3126.global,Medium,Partnership
3127,Global Impact Foundation 3127,Kenya,Poverty Relief,Skill Development,www.globalimpactfoundation3127.foundation,contact@globalimpactfoundation3127.org,High,Partnership
3128,Global Impact Foundation 3128,USA,Human Rights,Rural Development,www.globalimpactfoundation3128.ngo,contact@globalimpactfoundation3128.global,Medium,Outreach
3129,Global Impact Foundation 3129,Brazil,Environment,Community Health,www.globalimpactfoundation3129.global,contact@globalimpactfoundation3129.org,Medium,Funding
3130,Global Impact Foundation 3130,South Africa,Women Empowerment,Community Health,www.globalimpactfoundation3130.org,contact@globalimpactfoundation3130.org,Low,Pilot Testing
3131,Global Impact Foundation 3131,South Africa,Women Empowerment,Urban Support,www.globalimpactfoundation3131.org,contact@globalimpactfoundation3131.ngo,Medium,Funding
3132,Global Impact Foundation 3132,Kenya,Women Empowerment,Urban Support,www.globalimpactfoundation3132.global,contact@globalimpactfoundation3132.global,Low,Pilot Testing
3133,Global Impact Foundation 3133,Canada,Child Welfare,Rural Development,www.globalimpactfoundation3133.foundation,contact@globalimpactfoundation3133.org,High,Pilot Testing
3134,Global Impact Foundation 3134,USA,Women Empowerment,Disaster Relief,www.globalimpactfoundation3134.foundation,contact@globalimpactfoundation3134.global,Medium,Outreach
3135,Global Impact Foundation 3135,Brazil,Education,Disaster Relief,www.globalimpactfoundation3135.global,contact@globalimpactfoundation3135.ngo,High,Partnership
3136,Global Impact Foundation 3136,Australia,Human Rights,Skill Development,www.globalimpactfoundation3136.ngo,contact@globalimpactfoundation3136.org,Low,Funding
3137,Global Impact Foundation 3137,Kenya,Education,Policy Advocacy,www.globalimpactfoundation3137.ngo,contact@globalimpactfoundation3137.ngo,Low,Partnership
3138,Global Impact Foundation 3138,USA,Women Empowerment,Skill Development,www.globalimpactfoundation3138.ngo,contact@globalimpactfoundation3138.org,High,Partnership
3139,Global Impact Foundation 3139,USA,Human Rights,Disaster Relief,www.globalimpactfoundation3139.global,contact@globalimpactfoundation3139.global,Medium,Outreach
3140,Global Impact Foundation 3140,Kenya,Education,Skill Development,www.globalimpactfoundation3140.global,contact@globalimpactfoundation3140.ngo,High,Partnership
3141,Global Impact Foundation 3141,South Africa,Education,Disaster Relief,www.globalimpactfoundation3141.ngo,contact@globalimpactfoundation3141.foundation,High,Partnership
3142,Global Impact Foundation 3142,Kenya,Environment,Community Health,www.globalimpactfoundation3142.ngo,contact@globalimpactfoundation3142.org,Low,Partnership
3143,Global Impact Foundation 3143,Germany,Women Empowerment,Policy Advocacy,www.globalimpactfoundation3143.global,contact@globalimpactfoundation3143.global,High,Outreach
3144,Global Impact Foundation 3144,India,Child Welfare,Disaster Relief,www.globalimpactfoundation3144.foundation,contact@globalimpactfoundation3144.ngo,Medium,Outreach
3145,Global Impact Foundation 3145,UK,Human Rights,Rural Development,www.globalimpactfoundation3145.foundation,contact@globalimpactfoundation3145.foundation,Medium,Pilot Testing
3146,Global Impact Foundation 3146,Germany,Health,Urban Support,www.globalimpactfoundation3146.org,contact@globalimpactfoundation3146.ngo,Medium,Pilot Testing
3147,Global Impact Foundation 3147,UK,Poverty Relief,Community Health,www.globalimpactfoundation3147.ngo,contact@globalimpactfoundation3147.ngo,High,Pilot Testing
3148,Global Impact Foundation 3148,Brazil,Women Empowerment,Skill Development,www.globalimpactfoundation3148.foundation,contact@globalimpactfoundation3148.foundation,Low,Pilot Testing
3149,Global Impact Foundation 3149,USA,Child Welfare,Community Health,www.globalimpactfoundation3149.foundation,contact@globalimpactfoundation3149.org,High,Funding
3150,Global Impact Foundation 3150,Germany,Women Empowerment,Disaster Relief,www.globalimpactfoundation3150.foundation,contact@globalimpactfoundation3150.org,Low,Outreach
3151,Global Impact Foundation 3151,UAE,Education,Urban Support,www.globalimpactfoundation3151.org,contact@globalimpactfoundation3151.ngo,High,Outreach
3152,Global Impact Foundation 3152,UAE,Child Welfare,Urban Support,www.globalimpactfoundation3152.ngo,contact@globalimpactfoundation3152.global,Low,Pilot Testing
3153,Global Impact Foundation 3153,UK,Poverty Relief,Disaster Relief,www.globalimpactfoundation3153.global,contact@globalimpactfoundation3153.global,High,Partnership
3154,Global Impact Foundation 3154,USA,Poverty Relief,Skill Development,www.globalimpactfoundation3154.ngo,contact@globalimpactfoundation3154.foundation,Low,Partnership
3155,Global Impact Foundation 3155,Kenya,Child Welfare,Disaster Relief,www.globalimpactfoundation3155.org,contact@globalimpactfoundation3155.foundation,High,Outreach
3156,Global Impact Foundation 3156,Brazil,Environment,Rural Development,www.globalimpactfoundation3156.foundation,contact@globalimpactfoundation3156.global,Medium,Partnership
3157,Global Impact Foundation 3157,Brazil,Education,Rural Development,www.globalimpactfoundation3157.org,contact@globalimpactfoundation3157.ngo,Medium,Outreach
3158,Global Impact Foundation 3158,India,Education,Rural Development,www.globalimpactfoundation3158.org,contact@globalimpactfoundation3158.org,Medium,Pilot Testing
3159,Global Impact Foundation 3159,USA,Poverty Relief,Policy Advocacy,www.globalimpactfoundation3159.foundation,contact@globalimpactfoundation3159.foundation,Medium,Partnership
3160,Global Impact Foundation 3160,UAE,Environment,Skill Development,www.globalimpactfoundation3160.foundation,contact@globalimpactfoundation3160.org,Medium,Outreach
3161,Global Impact Foundation 3161,UAE,Child Welfare,Disaster Relief,www.globalimpactfoundation3161.org,contact@globalimpactfoundation3161.global,Low,Outreach
3162,Global Impact Foundation 3162,Canada,Environment,Policy Advocacy,www.globalimpactfoundation3162.org,contact@globalimpactfoundation3162.org,Low,Outreach
3163,Global Impact Foundation 3163,USA,Poverty Relief,Urban Support,www.globalimpactfoundation3163.org,contact@globalimpactfoundation3163.global,Low,Outreach
3164,Global Impact Foundation 3164,Germany,Poverty Relief,Disaster Relief,www.globalimpactfoundation3164.global,contact@globalimpactfoundation3164.ngo,Medium,Partnership
3165,Global Impact Foundation 3165,USA,Education,Rural Development,www.globalimpactfoundation3165.ngo,contact@globalimpactfoundation3165.global,Medium,Funding
3166,Global Impact Foundation 3166,India,Health,Community Health,www.globalimpactfoundation3166.global,contact@globalimpactfoundation3166.foundation,Medium,Funding
3167,Global Impact Foundation 3167,Canada,Health,Disaster Relief,www.globalimpactfoundation3167.ngo,contact@globalimpactfoundation3167.org,High,Partnership
3168,Global Impact Foundation 3168,Brazil,Poverty Relief,Urban Support,www.globalimpactfoundation3168.foundation,contact@globalimpactfoundation3168.ngo,Medium,Partnership
3169,Global Impact Foundation 3169,UK,Health,Urban Support,www.globalimpactfoundation3169.ngo,contact@globalimpactfoundation3169.ngo,Low,Partnership
3170,Global Impact Foundation 3170,Brazil,Health,Urban Support,www.globalimpactfoundation3170.org,contact@globalimpactfoundation3170.ngo,Medium,Funding
3171,Global Impact Foundation 3171,Brazil,Women Empowerment,Community Health,www.globalimpactfoundation3171.org,contact@globalimpactfoundation3171.global,High,Pilot Testing
3172,Global Impact Foundation 3172,Brazil,Education,Community Health,www.globalimpactfoundation3172.org,contact@globalimpactfoundation3172.ngo,Medium,Funding
3173,Global Impact Foundation 3173,Australia,Women Empowerment,Rural Development,www.globalimpactfoundation3173.global,contact@globalimpactfoundation3173.global,Low,Pilot Testing
3174,Global Impact Foundation 3174,Kenya,Child Welfare,Urban Support,www.globalimpactfoundation3174.ngo,contact@globalimpactfoundation3174.foundation,High,Funding
3175,Global Impact Foundation 3175,South Africa,Human Rights,Rural Development,www.globalimpactfoundation3175.global,contact@globalimpactfoundation3175.ngo,Low,Funding
3176,Global Impact Foundation 3176,USA,Women Empowerment,Rural Development,www.globalimpactfoundation3176.foundation,contact@globalimpactfoundation3176.ngo,Medium,Pilot Testing
3177,Global Impact Foundation 3177,Germany,Poverty Relief,Disaster Relief,www.globalimpactfoundation3177.foundation,contact@globalimpactfoundation3177.ngo,Low,Partnership
3178,Global Impact Foundation 3178,South Africa,Child Welfare,Skill Development,www.globalimpactfoundation3178.org,contact@globalimpactfoundation3178.org,Low,Funding
3179,Global Impact Foundation 3179,South Africa,Environment,Policy Advocacy,www.globalimpactfoundation3179.foundation,contact@globalimpactfoundation3179.org,Low,Pilot Testing
3180,Global Impact Foundation 3180,India,Child Welfare,Rural Development,www.globalimpactfoundation3180.foundation,contact@globalimpactfoundation3180.foundation,Low,Funding
3181,Global Impact Foundation 3181,Brazil,Poverty Relief,Rural Development,www.globalimpactfoundation3181.org,contact@globalimpactfoundation3181.ngo,Medium,Partnership
3182,Global Impact Foundation 3182,Canada,Women Empowerment,Disaster Relief,www.globalimpactfoundation3182.org,contact@globalimpactfoundation3182.org,Medium,Outreach
3183,Global Impact Foundation 3183,Canada,Women Empowerment,Disaster Relief,www.globalimpactfoundation3183.global,contact@globalimpactfoundation3183.global,Medium,Pilot Testing
3184,Global Impact Foundation 3184,Germany,Health,Rural Development,www.globalimpactfoundation3184.foundation,contact@globalimpactfoundation3184.foundation,Medium,Pilot Testing
3185,Global Impact Foundation 3185,Kenya,Environment,Skill Development,www.globalimpactfoundation3185.ngo,contact@globalimpactfoundation3185.org,High,Outreach
3186,Global Impact Foundation 3186,India,Health,Skill Development,www.globalimpactfoundation3186.ngo,contact@globalimpactfoundation3186.global,Medium,Outreach
3187,Global Impact Foundation 3187,Germany,Environment,Skill Development,www.globalimpactfoundation3187.global,contact@globalimpactfoundation3187.foundation,Low,Outreach
3188,Global Impact Foundation 3188,South Africa,Education,Community Health,www.globalimpactfoundation3188.foundation,contact@globalimpactfoundation3188.ngo,Low,Outreach
3189,Global Impact Foundation 3189,USA,Education,Disaster Relief,www.globalimpactfoundation3189.foundation,contact@globalimpactfoundation3189.global,Low,Partnership
3190,Global Impact Foundation 3190,USA,Human Rights,Community Health,www.globalimpactfoundation3190.org,contact@globalimpactfoundation3190.global,Medium,Pilot Testing
3191,Global Impact Foundation 3191,UAE,Women Empowerment,Urban Support,www.globalimpactfoundation3191.global,contact@globalimpactfoundation3191.foundation,Low,Outreach
3192,Global Impact Foundation 3192,Canada,Environment,Rural Development,www.globalimpactfoundation3192.org,contact@globalimpactfoundation3192.foundation,Low,Funding
3193,Global Impact Foundation 3193,Kenya,Human Rights,Disaster Relief,www.globalimpactfoundation3193.org,contact@globalimpactfoundation3193.org,High,Funding
3194,Global Impact Foundation 3194,USA,Women Empowerment,Policy Advocacy,www.globalimpactfoundation3194.foundation,contact@globalimpactfoundation3194.global,High,Outreach
3195,Global Impact Foundation 3195,Kenya,Human Rights,Skill Development,www.globalimpactfoundation3195.org,contact@globalimpactfoundation3195.global,Low,Partnership
3196,Global Impact Foundation 3196,India,Health,Disaster Relief,www.globalimpactfoundation3196.ngo,contact@globalimpactfoundation3196.org,High,Pilot Testing
3197,Global Impact Foundation 3197,UK,Human Rights,Community Health,www.globalimpactfoundation3197.foundation,contact@globalimpactfoundation3197.ngo,Low,Funding
3198,Global Impact Foundation 3198,Canada,Human Rights,Disaster Relief,www.globalimpactfoundation3198.ngo,contact@globalimpactfoundation3198.ngo,Medium,Partnership
3199,Global Impact Foundation 3199,Germany,Education,Skill Development,www.globalimpactfoundation3199.org,contact@globalimpactfoundation3199.org,Low,Funding
3200,Global Impact Foundation 3200,Germany,Human Rights,Urban Support,www.globalimpactfoundation3200.global,contact@globalimpactfoundation3200.foundation,Low,Funding
3201,Global Impact Foundation 3201,UK,Human Rights,Policy Advocacy,www.globalimpactfoundation3201.global,contact@globalimpactfoundation3201.foundation,Low,Pilot Testing
3202,Global Impact Foundation 3202,USA,Child Welfare,Disaster Relief,www.globalimpactfoundation3202.org,contact@globalimpactfoundation3202.global,Medium,Partnership
3203,Global Impact Foundation 3203,UK,Women Empowerment,Community Health,www.globalimpactfoundation3203.org,contact@globalimpactfoundation3203.ngo,Low,Pilot Testing
3204,Global Impact Foundation 3204,UAE,Human Rights,Policy Advocacy,www.globalimpactfoundation3204.ngo,contact@globalimpactfoundation3204.foundation,Low,Pilot Testing
3205,Global Impact Foundation 3205,Kenya,Education,Policy Advocacy,www.globalimpactfoundation3205.org,contact@globalimpactfoundation3205.foundation,High,Pilot Testing
3206,Global Impact Foundation 3206,India,Education,Rural Development,www.globalimpactfoundation3206.org,contact@globalimpactfoundation3206.ngo,Medium,Outreach
3207,Global Impact Foundation 3207,India,Health,Rural Development,www.globalimpactfoundation3207.ngo,contact@globalimpactfoundation3207.global,High,Pilot Testing
3208,Global Impact Foundation 3208,USA,Environment,Urban Support,www.globalimpactfoundation3208.ngo,contact@globalimpactfoundation3208.org,Low,Pilot Testing
3209,Global Impact Foundation 3209,UK,Child Welfare,Policy Advocacy,www.globalimpactfoundation3209.ngo,contact@globalimpactfoundation3209.foundation,Medium,Partnership
3210,Global Impact Foundation 3210,Kenya,Environment,Skill Development,www.globalimpactfoundation3210.foundation,contact@globalimpactfoundation3210.org,Medium,Pilot Testing
3211,Global Impact Foundation 3211,Australia,Poverty Relief,Disaster Relief,www.globalimpactfoundation3211.global,contact@globalimpactfoundation3211.foundation,Medium,Outreach
3212,Global Impact Foundation 3212,Kenya,Health,Community Health,www.globalimpactfoundation3212.org,contact@globalimpactfoundation3212.global,Medium,Funding
3213,Global Impact Foundation 3213,India,Women Empowerment,Policy Advocacy,www.globalimpactfoundation3213.org,contact@globalimpactfoundation3213.global,High,Outreach
3214,Global Impact Foundation 3214,Australia,Health,Urban Support,www.globalimpactfoundation3214.global,contact@globalimpactfoundation3214.org,Medium,Pilot Testing
3215,Global Impact Foundation 3215,Brazil,Human Rights,Policy Advocacy,www.globalimpactfoundation3215.org,contact@globalimpactfoundation3215.org,High,Funding
3216,Global Impact Foundation 3216,UK,Child Welfare,Urban Support,www.globalimpactfoundation3216.global,contact@globalimpactfoundation3216.global,High,Pilot Testing
3217,Global Impact Foundation 3217,India,Education,Urban Support,www.globalimpactfoundation3217.ngo,contact@globalimpactfoundation3217.foundation,Low,Pilot Testing
3218,Global Impact Foundation 3218,India,Environment,Policy Advocacy,www.globalimpactfoundation3218.global,contact@globalimpactfoundation3218.global,Medium,Funding
3219,Global Impact Foundation 3219,UAE,Environment,Community Health,www.globalimpactfoundation3219.ngo,contact@globalimpactfoundation3219.global,High,Partnership
3220,Global Impact Foundation 3220,South Africa,Poverty Relief,Policy Advocacy,www.globalimpactfoundation3220.foundation,contact@globalimpactfoundation3220.global,Medium,Funding
3221,Global Impact Foundation 3221,Brazil,Child Welfare,Rural Development,www.globalimpactfoundation3221.foundation,contact@globalimpactfoundation3221.org,High,Pilot Testing
3222,Global Impact Foundation 3222,Canada,Poverty Relief,Disaster Relief,www.globalimpactfoundation3222.org,contact@globalimpactfoundation3222.org,High,Funding
3223,Global Impact Foundation 3223,UK,Human Rights,Disaster Relief,www.globalimpactfoundation3223.foundation,contact@globalimpactfoundation3223.foundation,Low,Pilot Testing
3224,Global Impact Foundation 3224,USA,Women Empowerment,Disaster Relief,www.globalimpactfoundation3224.global,contact@globalimpactfoundation3224.org,Medium,Pilot Testing
3225,Global Impact Foundation 3225,Australia,Health,Rural Development,www.globalimpactfoundation3225.org,contact@globalimpactfoundation3225.global,Medium,Partnership
3226,Global Impact Foundation 3226,UAE,Environment,Disaster Relief,www.globalimpactfoundation3226.foundation,contact@globalimpactfoundation3226.foundation,High,Outreach
3227,Global Impact Foundation 3227,Kenya,Human Rights,Urban Support,www.globalimpactfoundation3227.org,contact@globalimpactfoundation3227.global,Low,Partnership
3228,Global Impact Foundation 3228,USA,Poverty Relief,Rural Development,www.globalimpactfoundation3228.ngo,contact@globalimpactfoundation3228.ngo,High,Pilot Testing
3229,Global Impact Foundation 3229,Canada,Poverty Relief,Urban Support,www.globalimpactfoundation3229.ngo,contact@globalimpactfoundation3229.org,High,Funding
3230,Global Impact Foundation 3230,Canada,Child Welfare,Urban Support,www.globalimpactfoundation3230.global,contact@globalimpactfoundation3230.foundation,High,Funding
3231,Global Impact Foundation 3231,Canada,Health,Policy Advocacy,www.globalimpactfoundation3231.org,contact@globalimpactfoundation3231.global,Medium,Partnership
3232,Global Impact Foundation 3232,Brazil,Child Welfare,Community Health,www.globalimpactfoundation3232.foundation,contact@globalimpactfoundation3232.global,Medium,Funding
3233,Global Impact Foundation 3233,UAE,Child Welfare,Community Health,www.globalimpactfoundation3233.global,contact@globalimpactfoundation3233.org,High,Pilot Testing
3234,Global Impact Foundation 3234,South Africa,Women Empowerment,Policy Advocacy,www.globalimpactfoundation3234.ngo,contact@globalimpactfoundation3234.org,Low,Outreach
3235,Global Impact Foundation 3235,Canada,Child Welfare,Community Health,www.globalimpactfoundation3235.ngo,contact@globalimpactfoundation3235.org,High,Partnership
3236,Global Impact Foundation 3236,Brazil,Education,Policy Advocacy,www.globalimpactfoundation3236.ngo,contact@globalimpactfoundation3236.org,Medium,Outreach
3237,Global Impact Foundation 3237,Germany,Child Welfare,Policy Advocacy,www.globalimpactfoundation3237.foundation,contact@globalimpactfoundation3237.org,High,Outreach
3238,Global Impact Foundation 3238,South Africa,Child Welfare,Skill Development,www.globalimpactfoundation3238.foundation,contact@globalimpactfoundation3238.global,Medium,Partnership
3239,Global Impact Foundation 3239,Australia,Poverty Relief,Rural Development,www.globalimpactfoundation3239.foundation,contact@globalimpactfoundation3239.org,High,Outreach
3240,Global Impact Foundation 3240,Kenya,Women Empowerment,Community Health,www.globalimpactfoundation3240.org,contact@globalimpactfoundation3240.foundation,Low,Funding
3241,Global Impact Foundation 3241,Australia,Human Rights,Policy Advocacy,www.globalimpactfoundation3241.foundation,contact@globalimpactfoundation3241.ngo,Low,Partnership
3242,Global Impact Foundation 3242,Germany,Poverty Relief,Community Health,www.globalimpactfoundation3242.ngo,contact@globalimpactfoundation3242.org,Medium,Funding
3243,Global Impact Foundation 3243,Brazil,Education,Skill Development,www.globalimpactfoundation3243.foundation,contact@globalimpactfoundation3243.ngo,Medium,Pilot Testing
3244,Global Impact Foundation 3244,South Africa,Environment,Urban Support,www.globalimpactfoundation3244.global,contact@globalimpactfoundation3244.ngo,High,Partnership
3245,Global Impact Foundation 3245,Brazil,Health,Rural Development,www.globalimpactfoundation3245.org,contact@globalimpactfoundation3245.global,High,Funding
3246,Global Impact Foundation 3246,USA,Women Empowerment,Community Health,www.globalimpactfoundation3246.global,contact@globalimpactfoundation3246.ngo,High,Outreach
3247,Global Impact Foundation 3247,South Africa,Poverty Relief,Rural Development,www.globalimpactfoundation3247.org,contact@globalimpactfoundation3247.ngo,High,Funding
3248,Global Impact Foundation 3248,UAE,Environment,Disaster Relief,www.globalimpactfoundation3248.ngo,contact@globalimpactfoundation3248.global,Medium,Partnership
3249,Global Impact Foundation 3249,UAE,Poverty Relief,Policy Advocacy,www.globalimpactfoundation3249.global,contact@globalimpactfoundation3249.foundation,Medium,Funding
3250,Global Impact Foundation 3250,India,Poverty Relief,Community Health,www.globalimpactfoundation3250.global,contact@globalimpactfoundation3250.foundation,Medium,Funding
3251,Global Impact Foundation 3251,Australia,Child Welfare,Rural Development,www.globalimpactfoundation3251.org,contact@globalimpactfoundation3251.ngo,Medium,Funding
3252,Global Impact Foundation 3252,UAE,Education,Urban Support,www.globalimpactfoundation3252.ngo,contact@globalimpactfoundation3252.global,Medium,Outreach
3253,Global Impact Foundation 3253,USA,Human Rights,Disaster Relief,www.globalimpactfoundation3253.global,contact@globalimpactfoundation3253.global,Low,Partnership
3254,Global Impact Foundation 3254,Brazil,Women Empowerment,Disaster Relief,www.globalimpactfoundation3254.global,contact@globalimpactfoundation3254.ngo,Medium,Outreach
3255,Global Impact Foundation 3255,Canada,Women Empowerment,Rural Development,www.globalimpactfoundation3255.org,contact@globalimpactfoundation3255.ngo,Low,Pilot Testing
3256,Global Impact Foundation 3256,USA,Women Empowerment,Disaster Relief,www.globalimpactfoundation3256.ngo,contact@globalimpactfoundation3256.ngo,Medium,Funding
3257,Global Impact Foundation 3257,India,Education,Skill Development,www.globalimpactfoundation3257.org,contact@globalimpactfoundation3257.org,Low,Partnership
3258,Global Impact Foundation 3258,Germany,Health,Rural Development,www.globalimpactfoundation3258.foundation,contact@globalimpactfoundation3258.ngo,Medium,Partnership
3259,Global Impact Foundation 3259,Kenya,Health,Rural Development,www.globalimpactfoundation3259.foundation,contact@globalimpactfoundation3259.global,Low,Outreach
3260,Global Impact Foundation 3260,Australia,Human Rights,Skill Development,www.globalimpactfoundation3260.global,contact@globalimpactfoundation3260.foundation,Low,Partnership
3261,Global Impact Foundation 3261,USA,Education,Policy Advocacy,www.globalimpactfoundation3261.ngo,contact@globalimpactfoundation3261.org,Low,Funding
3262,Global Impact Foundation 3262,South Africa,Child Welfare,Urban Support,www.globalimpactfoundation3262.ngo,contact@globalimpactfoundation3262.ngo,High,Pilot Testing
3263,Global Impact Foundation 3263,Germany,Health,Urban Support,www.globalimpactfoundation3263.ngo,contact@globalimpactfoundation3263.global,Low,Funding
3264,Global Impact Foundation 3264,Germany,Child Welfare,Urban Support,www.globalimpactfoundation3264.org,contact@globalimpactfoundation3264.foundation,Low,Outreach
3265,Global Impact Foundation 3265,Australia,Human Rights,Rural Development,www.globalimpactfoundation3265.foundation,contact@globalimpactfoundation3265.org,Low,Partnership
3266,Global Impact Foundation 3266,India,Health,Disaster Relief,www.globalimpactfoundation3266.org,contact@globalimpactfoundation3266.org,Low,Partnership
3267,Global Impact Foundation 3267,Brazil,Women Empowerment,Disaster Relief,www.globalimpactfoundation3267.org,contact@globalimpactfoundation3267.ngo,High,Partnership
3268,Global Impact Foundation 3268,Germany,Poverty Relief,Community Health,www.globalimpactfoundation3268.foundation,contact@globalimpactfoundation3268.ngo,Low,Outreach
3269,Global Impact Foundation 3269,India,Poverty Relief,Disaster Relief,www.globalimpactfoundation3269.org,contact@globalimpactfoundation3269.ngo,Low,Partnership
3270,Global Impact Foundation 3270,Kenya,Poverty Relief,Community Health,www.globalimpactfoundation3270.org,contact@globalimpactfoundation3270.global,High,Partnership
3271,Global Impact Foundation 3271,Germany,Education,Community Health,www.globalimpactfoundation3271.global,contact@globalimpactfoundation3271.ngo,High,Partnership
3272,Global Impact Foundation 3272,India,Health,Skill Development,www.globalimpactfoundation3272.ngo,contact@globalimpactfoundation3272.global,Low,Funding
3273,Global Impact Foundation 3273,Kenya,Women Empowerment,Urban Support,www.globalimpactfoundation3273.org,contact@globalimpactfoundation3273.ngo,Low,Outreach
3274,Global Impact Foundation 3274,UAE,Poverty Relief,Urban Support,www.globalimpactfoundation3274.foundation,contact@globalimpactfoundation3274.global,Low,Pilot Testing
3275,Global Impact Foundation 3275,South Africa,Poverty Relief,Rural Development,www.globalimpactfoundation3275.foundation,contact@globalimpactfoundation3275.global,Low,Outreach
3276,Global Impact Foundation 3276,UAE,Health,Policy Advocacy,www.globalimpactfoundation3276.ngo,contact@globalimpactfoundation3276.ngo,Medium,Partnership
3277,Global Impact Foundation 3277,Germany,Environment,Urban Support,www.globalimpactfoundation3277.global,contact@globalimpactfoundation3277.org,Low,Outreach
3278,Global Impact Foundation 3278,Canada,Education,Rural Development,www.globalimpactfoundation3278.global,contact@globalimpactfoundation3278.global,Medium,Funding
3279,Global Impact Foundation 3279,Kenya,Environment,Skill Development,www.globalimpactfoundation3279.global,contact@globalimpactfoundation3279.global,High,Partnership
3280,Global Impact Foundation 3280,UK,Women Empowerment,Disaster Relief,www.globalimpactfoundation3280.org,contact@globalimpactfoundation3280.org,Low,Pilot Testing
3281,Global Impact Foundation 3281,India,Poverty Relief,Disaster Relief,www.globalimpactfoundation3281.global,contact@globalimpactfoundation3281.org,Medium,Funding
3282,Global Impact Foundation 3282,Australia,Education,Policy Advocacy,www.globalimpactfoundation3282.ngo,contact@globalimpactfoundation3282.foundation,High,Outreach
3283,Global Impact Foundation 3283,UK,Environment,Rural Development,www.globalimpactfoundation3283.org,contact@globalimpactfoundation3283.global,Low,Pilot Testing
3284,Global Impact Foundation 3284,South Africa,Education,Disaster Relief,www.globalimpactfoundation3284.global,contact@globalimpactfoundation3284.foundation,High,Partnership
3285,Global Impact Foundation 3285,Brazil,Child Welfare,Policy Advocacy,www.globalimpactfoundation3285.foundation,contact@globalimpactfoundation3285.foundation,High,Partnership
3286,Global Impact Foundation 3286,Brazil,Human Rights,Disaster Relief,www.globalimpactfoundation3286.ngo,contact@globalimpactfoundation3286.foundation,Low,Outreach
3287,Global Impact Foundation 3287,Canada,Poverty Relief,Urban Support,www.globalimpactfoundation3287.ngo,contact@globalimpactfoundation3287.global,Medium,Outreach
3288,Global Impact Foundation 3288,South Africa,Human Rights,Policy Advocacy,www.globalimpactfoundation3288.global,contact@globalimpactfoundation3288.ngo,Medium,Partnership
3289,Global Impact Foundation 3289,UAE,Child Welfare,Rural Development,www.globalimpactfoundation3289.org,contact@globalimpactfoundation3289.ngo,High,Outreach
3290,Global Impact Foundation 3290,Canada,Poverty Relief,Skill Development,www.globalimpactfoundation3290.global,contact@globalimpactfoundation3290.foundation,Low,Pilot Testing
3291,Global Impact Foundation 3291,India,Poverty Relief,Skill Development,www.globalimpactfoundation3291.ngo,contact@globalimpactfoundation3291.global,Medium,Outreach
3292,Global Impact Foundation 3292,UAE,Health,Disaster Relief,www.globalimpactfoundation3292.org,contact@globalimpactfoundation3292.ngo,Medium,Funding
3293,Global Impact Foundation 3293,Germany,Poverty Relief,Policy Advocacy,www.globalimpactfoundation3293.ngo,contact@globalimpactfoundation3293.org,Low,Outreach
3294,Global Impact Foundation 3294,Germany,Environment,Disaster Relief,www.globalimpactfoundation3294.org,contact@globalimpactfoundation3294.foundation,Medium,Funding
3295,Global Impact Foundation 3295,USA,Health,Policy Advocacy,www.globalimpactfoundation3295.ngo,contact@globalimpactfoundation3295.global,Low,Partnership
3296,Global Impact Foundation 3296,Brazil,Women Empowerment,Community Health,www.globalimpactfoundation3296.org,contact@globalimpactfoundation3296.org,Medium,Outreach
3297,Global Impact Foundation 3297,UAE,Environment,Community Health,www.globalimpactfoundation3297.ngo,contact@globalimpactfoundation3297.org,Low,Partnership
3298,Global Impact Foundation 3298,UAE,Health,Rural Development,www.globalimpactfoundation3298.foundation,contact@globalimpactfoundation3298.org,High,Outreach
3299,Global Impact Foundation 3299,Australia,Health,Rural Development,www.globalimpactfoundation3299.org,contact@globalimpactfoundation3299.global,Medium,Partnership
3300,Global Impact Foundation 3300,Kenya,Environment,Policy Advocacy,www.globalimpactfoundation3300.org,contact@globalimpactfoundation3300.foundation,High,Partnership
3301,Global Impact Foundation 3301,Australia,Women Empowerment,Disaster Relief,www.globalimpactfoundation3301.org,contact@globalimpactfoundation3301.org,High,Pilot Testing
3302,Global Impact Foundation 3302,India,Health,Rural Development,www.globalimpactfoundation3302.ngo,contact@globalimpactfoundation3302.org,High,Pilot Testing
3303,Global Impact Foundation 3303,South Africa,Education,Urban Support,www.globalimpactfoundation3303.global,contact@globalimpactfoundation3303.ngo,Medium,Partnership
3304,Global Impact Foundation 3304,UK,Education,Community Health,www.globalimpactfoundation3304.org,contact@globalimpactfoundation3304.ngo,High,Partnership
3305,Global Impact Foundation 3305,India,Women Empowerment,Rural Development,www.globalimpactfoundation3305.foundation,contact@globalimpactfoundation3305.global,High,Outreach
3306,Global Impact Foundation 3306,India,Human Rights,Rural Development,www.globalimpactfoundation3306.global,contact@globalimpactfoundation3306.ngo,High,Pilot Testing
3307,Global Impact Foundation 3307,USA,Women Empowerment,Community Health,www.globalimpactfoundation3307.foundation,contact@globalimpactfoundation3307.ngo,High,Funding
3308,Global Impact Foundation 3308,South Africa,Environment,Rural Development,www.globalimpactfoundation3308.ngo,contact@globalimpactfoundation3308.org,Low,Partnership
3309,Global Impact Foundation 3309,USA,Education,Skill Development,www.globalimpactfoundation3309.org,contact@globalimpactfoundation3309.org,Medium,Pilot Testing
3310,Global Impact Foundation 3310,South Africa,Child Welfare,Rural Development,www.globalimpactfoundation3310.ngo,contact@globalimpactfoundation3310.ngo,High,Outreach
3311,Global Impact Foundation 3311,UK,Poverty Relief,Policy Advocacy,www.globalimpactfoundation3311.global,contact@globalimpactfoundation3311.ngo,Low,Outreach
3312,Global Impact Foundation 3312,UAE,Women Empowerment,Disaster Relief,www.globalimpactfoundation3312.ngo,contact@globalimpactfoundation3312.foundation,High,Partnership
3313,Global Impact Foundation 3313,South Africa,Education,Community Health,www.globalimpactfoundation3313.global,contact@globalimpactfoundation3313.foundation,High,Pilot Testing
3314,Global Impact Foundation 3314,Australia,Women Empowerment,Community Health,www.globalimpactfoundation3314.ngo,contact@globalimpactfoundation3314.global,Low,Partnership
3315,Global Impact Foundation 3315,Kenya,Education,Disaster Relief,www.globalimpactfoundation3315.ngo,contact@globalimpactfoundation3315.ngo,Medium,Pilot Testing
3316,Global Impact Foundation 3316,India,Education,Skill Development,www.globalimpactfoundation3316.ngo,contact@globalimpactfoundation3316.ngo,Low,Pilot Testing
3317,Global Impact Foundation 3317,UK,Health,Skill Development,www.globalimpactfoundation3317.org,contact@globalimpactfoundation3317.ngo,Medium,Outreach
3318,Global Impact Foundation 3318,UAE,Health,Community Health,www.globalimpactfoundation3318.ngo,contact@globalimpactfoundation3318.ngo,Medium,Funding
3319,Global Impact Foundation 3319,Australia,Women Empowerment,Urban Support,www.globalimpactfoundation3319.global,contact@globalimpactfoundation3319.foundation,Low,Partnership
3320,Global Impact Foundation 3320,Kenya,Environment,Rural Development,www.globalimpactfoundation3320.org,contact@globalimpactfoundation3320.org,High,Partnership
3321,Global Impact Foundation 3321,Kenya,Poverty Relief,Disaster Relief,www.globalimpactfoundation3321.global,contact@globalimpactfoundation3321.ngo,High,Outreach
3322,Global Impact Foundation 3322,Kenya,Poverty Relief,Disaster Relief,www.globalimpactfoundation3322.ngo,contact@globalimpactfoundation3322.org,Low,Outreach
3323,Global Impact Foundation 3323,UK,Education,Rural Development,www.globalimpactfoundation3323.org,contact@globalimpactfoundation3323.foundation,Low,Funding
3324,Global Impact Foundation 3324,Kenya,Child Welfare,Community Health,www.globalimpactfoundation3324.foundation,contact@globalimpactfoundation3324.global,Medium,Outreach
3325,Global Impact Foundation 3325,India,Environment,Policy Advocacy,www.globalimpactfoundation3325.ngo,contact@globalimpactfoundation3325.global,Medium,Pilot Testing
3326,Global Impact Foundation 3326,Kenya,Poverty Relief,Urban Support,www.globalimpactfoundation3326.ngo,contact@globalimpactfoundation3326.foundation,High,Partnership
3327,Global Impact Foundation 3327,Australia,Child Welfare,Urban Support,www.globalimpactfoundation3327.org,contact@globalimpactfoundation3327.foundation,Medium,Funding
3328,Global Impact Foundation 3328,USA,Education,Policy Advocacy,www.globalimpactfoundation3328.global,contact@globalimpactfoundation3328.ngo,Medium,Pilot Testing
3329,Global Impact Foundation 3329,Kenya,Human Rights,Community Health,www.globalimpactfoundation3329.global,contact@globalimpactfoundation3329.foundation,Medium,Outreach
3330,Global Impact Foundation 3330,South Africa,Women Empowerment,Skill Development,www.globalimpactfoundation3330.global,contact@globalimpactfoundation3330.global,High,Funding
3331,Global Impact Foundation 3331,Kenya,Human Rights,Community Health,www.globalimpactfoundation3331.org,contact@globalimpactfoundation3331.global,Low,Pilot Testing
3332,Global Impact Foundation 3332,USA,Child Welfare,Policy Advocacy,www.globalimpactfoundation3332.org,contact@globalimpactfoundation3332.ngo,Low,Pilot Testing
3333,Global Impact Foundation 3333,India,Education,Skill Development,www.globalimpactfoundation3333.global,contact@globalimpactfoundation3333.foundation,High,Outreach
3334,Global Impact Foundation 3334,Brazil,Education,Rural Development,www.globalimpactfoundation3334.ngo,contact@globalimpactfoundation3334.global,Low,Partnership
3335,Global Impact Foundation 3335,Kenya,Poverty Relief,Disaster Relief,www.globalimpactfoundation3335.ngo,contact@globalimpactfoundation3335.foundation,Low,Partnership
3336,Global Impact Foundation 3336,UAE,Education,Policy Advocacy,www.globalimpactfoundation3336.org,contact@globalimpactfoundation3336.foundation,High,Pilot Testing
3337,Global Impact Foundation 3337,Brazil,Education,Policy Advocacy,www.globalimpactfoundation3337.global,contact@globalimpactfoundation3337.ngo,High,Funding
3338,Global Impact Foundation 3338,Canada,Women Empowerment,Skill Development,www.globalimpactfoundation3338.org,contact@globalimpactfoundation3338.ngo,Low,Partnership
3339,Global Impact Foundation 3339,India,Women Empowerment,Urban Support,www.globalimpactfoundation3339.global,contact@globalimpactfoundation3339.foundation,Low,Pilot Testing
3340,Global Impact Foundation 3340,UK,Environment,Rural Development,www.globalimpactfoundation3340.global,contact@globalimpactfoundation3340.global,Low,Partnership
3341,Global Impact Foundation 3341,Canada,Environment,Policy Advocacy,www.globalimpactfoundation3341.global,contact@globalimpactfoundation3341.foundation,Medium,Funding
3342,Global Impact Foundation 3342,India,Child Welfare,Rural Development,www.globalimpactfoundation3342.ngo,contact@globalimpactfoundation3342.org,Medium,Partnership
3343,Global Impact Foundation 3343,Australia,Environment,Community Health,www.globalimpactfoundation3343.ngo,contact@globalimpactfoundation3343.ngo,Medium,Partnership
3344,Global Impact Foundation 3344,USA,Education,Rural Development,www.globalimpactfoundation3344.foundation,contact@globalimpactfoundation3344.foundation,Medium,Outreach
3345,Global Impact Foundation 3345,Kenya,Poverty Relief,Disaster Relief,www.globalimpactfoundation3345.foundation,contact@globalimpactfoundation3345.org,Low,Outreach
3346,Global Impact Foundation 3346,UK,Health,Urban Support,www.globalimpactfoundation3346.ngo,contact@globalimpactfoundation3346.org,Low,Outreach
3347,Global Impact Foundation 3347,Brazil,Women Empowerment,Rural Development,www.globalimpactfoundation3347.global,contact@globalimpactfoundation3347.global,High,Funding
3348,Global Impact Foundation 3348,Australia,Education,Skill Development,www.globalimpactfoundation3348.ngo,contact@globalimpactfoundation3348.ngo,Low,Partnership
3349,Global Impact Foundation 3349,Kenya,Women Empowerment,Policy Advocacy,www.globalimpactfoundation3349.global,contact@globalimpactfoundation3349.foundation,Low,Outreach
3350,Global Impact Foundation 3350,Canada,Human Rights,Urban Support,www.globalimpactfoundation3350.ngo,contact@globalimpactfoundation3350.foundation,Medium,Pilot Testing
3351,Global Impact Foundation 3351,South Africa,Education,Rural Development,www.globalimpactfoundation3351.org,contact@globalimpactfoundation3351.global,Medium,Pilot Testing
3352,Global Impact Foundation 3352,Kenya,Environment,Disaster Relief,www.globalimpactfoundation3352.foundation,contact@globalimpactfoundation3352.foundation,Low,Funding
3353,Global Impact Foundation 3353,Australia,Human Rights,Rural Development,www.globalimpactfoundation3353.org,contact@globalimpactfoundation3353.org,Low,Funding
3354,Global Impact Foundation 3354,Australia,Human Rights,Community Health,www.globalimpactfoundation3354.foundation,contact@globalimpactfoundation3354.org,Medium,Outreach
3355,Global Impact Foundation 3355,Brazil,Poverty Relief,Rural Development,www.globalimpactfoundation3355.global,contact@globalimpactfoundation3355.foundation,High,Funding
3356,Global Impact Foundation 3356,USA,Child Welfare,Skill Development,www.globalimpactfoundation3356.foundation,contact@globalimpactfoundation3356.foundation,High,Outreach
3357,Global Impact Foundation 3357,Germany,Child Welfare,Community Health,www.globalimpactfoundation3357.ngo,contact@globalimpactfoundation3357.org,Medium,Partnership
3358,Global Impact Foundation 3358,Canada,Environment,Urban Support,www.globalimpactfoundation3358.global,contact@globalimpactfoundation3358.ngo,Low,Pilot Testing
3359,Global Impact Foundation 3359,Germany,Human Rights,Urban Support,www.globalimpactfoundation3359.global,contact@globalimpactfoundation3359.ngo,Low,Funding
3360,Global Impact Foundation 3360,Canada,Education,Skill Development,www.globalimpactfoundation3360.org,contact@globalimpactfoundation3360.ngo,High,Partnership
3361,Global Impact Foundation 3361,Germany,Women Empowerment,Rural Development,www.globalimpactfoundation3361.ngo,contact@globalimpactfoundation3361.ngo,High,Partnership
3362,Global Impact Foundation 3362,Australia,Child Welfare,Rural Development,www.globalimpactfoundation3362.ngo,contact@globalimpactfoundation3362.ngo,High,Funding
3363,Global Impact Foundation 3363,Canada,Poverty Relief,Policy Advocacy,www.globalimpactfoundation3363.ngo,contact@globalimpactfoundation3363.global,Medium,Partnership
3364,Global Impact Foundation 3364,South Africa,Women Empowerment,Rural Development,www.globalimpactfoundation3364.org,contact@globalimpactfoundation3364.org,High,Outreach
3365,Global Impact Foundation 3365,USA,Health,Policy Advocacy,www.globalimpactfoundation3365.foundation,contact@globalimpactfoundation3365.foundation,Medium,Outreach
3366,Global Impact Foundation 3366,India,Poverty Relief,Disaster Relief,www.globalimpactfoundation3366.org,contact@globalimpactfoundation3366.global,High,Outreach
3367,Global Impact Foundation 3367,USA,Human Rights,Rural Development,www.globalimpactfoundation3367.ngo,contact@globalimpactfoundation3367.foundation,Medium,Partnership
3368,Global Impact Foundation 3368,India,Child Welfare,Disaster Relief,www.globalimpactfoundation3368.ngo,contact@globalimpactfoundation3368.ngo,Medium,Pilot Testing
3369,Global Impact Foundation 3369,India,Education,Policy Advocacy,www.globalimpactfoundation3369.org,contact@globalimpactfoundation3369.global,Medium,Funding
3370,Global Impact Foundation 3370,USA,Human Rights,Skill Development,www.globalimpactfoundation3370.global,contact@globalimpactfoundation3370.foundation,Medium,Funding
3371,Global Impact Foundation 3371,South Africa,Child Welfare,Rural Development,www.globalimpactfoundation3371.ngo,contact@globalimpactfoundation3371.foundation,Medium,Partnership
3372,Global Impact Foundation 3372,Canada,Education,Policy Advocacy,www.globalimpactfoundation3372.global,contact@globalimpactfoundation3372.foundation,Medium,Pilot Testing
3373,Global Impact Foundation 3373,Canada,Human Rights,Rural Development,www.globalimpactfoundation3373.org,contact@globalimpactfoundation3373.foundation,Low,Funding
3374,Global Impact Foundation 3374,UAE,Education,Skill Development,www.globalimpactfoundation3374.ngo,contact@globalimpactfoundation3374.foundation,High,Outreach
3375,Global Impact Foundation 3375,Australia,Women Empowerment,Urban Support,www.globalimpactfoundation3375.org,contact@globalimpactfoundation3375.org,High,Pilot Testing
3376,Global Impact Foundation 3376,UK,Women Empowerment,Urban Support,www.globalimpactfoundation3376.global,contact@globalimpactfoundation3376.foundation,High,Funding
3377,Global Impact Foundation 3377,UK,Women Empowerment,Urban Support,www.globalimpactfoundation3377.org,contact@globalimpactfoundation3377.foundation,Low,Partnership
3378,Global Impact Foundation 3378,South Africa,Education,Policy Advocacy,www.globalimpactfoundation3378.org,contact@globalimpactfoundation3378.foundation,Medium,Funding
3379,Global Impact Foundation 3379,India,Environment,Community Health,www.globalimpactfoundation3379.org,contact@globalimpactfoundation3379.org,Low,Funding
3380,Global Impact Foundation 3380,Australia,Child Welfare,Rural Development,www.globalimpactfoundation3380.ngo,contact@globalimpactfoundation3380.ngo,High,Outreach
3381,Global Impact Foundation 3381,South Africa,Education,Disaster Relief,www.globalimpactfoundation3381.org,contact@globalimpactfoundation3381.global,High,Partnership
3382,Global Impact Foundation 3382,UK,Education,Disaster Relief,www.globalimpactfoundation3382.foundation,contact@globalimpactfoundation3382.ngo,Medium,Outreach
3383,Global Impact Foundation 3383,UK,Women Empowerment,Community Health,www.globalimpactfoundation3383.org,contact@globalimpactfoundation3383.global,High,Funding
3384,Global Impact Foundation 3384,Australia,Human Rights,Skill Development,www.globalimpactfoundation3384.org,contact@globalimpactfoundation3384.org,Medium,Outreach
3385,Global Impact Foundation 3385,UK,Education,Community Health,www.globalimpactfoundation3385.org,contact@globalimpactfoundation3385.global,Low,Outreach
3386,Global Impact Foundation 3386,Brazil,Education,Disaster Relief,www.globalimpactfoundation3386.foundation,contact@globalimpactfoundation3386.org,Medium,Partnership
3387,Global Impact Foundation 3387,USA,Poverty Relief,Policy Advocacy,www.globalimpactfoundation3387.global,contact@globalimpactfoundation3387.org,Low,Outreach
3388,Global Impact Foundation 3388,Brazil,Human Rights,Rural Development,www.globalimpactfoundation3388.global,contact@globalimpactfoundation3388.global,High,Partnership
3389,Global Impact Foundation 3389,Brazil,Environment,Disaster Relief,www.globalimpactfoundation3389.foundation,contact@globalimpactfoundation3389.org,Medium,Pilot Testing
3390,Global Impact Foundation 3390,Brazil,Education,Urban Support,www.globalimpactfoundation3390.foundation,contact@globalimpactfoundation3390.org,Low,Pilot Testing
3391,Global Impact Foundation 3391,Canada,Education,Policy Advocacy,www.globalimpactfoundation3391.global,contact@globalimpactfoundation3391.ngo,Low,Funding
3392,Global Impact Foundation 3392,South Africa,Human Rights,Disaster Relief,www.globalimpactfoundation3392.global,contact@globalimpactfoundation3392.org,Low,Partnership
3393,Global Impact Foundation 3393,Canada,Health,Skill Development,www.globalimpactfoundation3393.global,contact@globalimpactfoundation3393.global,Medium,Funding
3394,Global Impact Foundation 3394,Australia,Women Empowerment,Skill Development,www.globalimpactfoundation3394.org,contact@globalimpactfoundation3394.global,High,Funding
3395,Global Impact Foundation 3395,Brazil,Environment,Urban Support,www.globalimpactfoundation3395.foundation,contact@globalimpactfoundation3395.ngo,Low,Pilot Testing
3396,Global Impact Foundation 3396,USA,Human Rights,Urban Support,www.globalimpactfoundation3396.ngo,contact@globalimpactfoundation3396.foundation,Medium,Funding
3397,Global Impact Foundation 3397,Germany,Women Empowerment,Skill Development,www.globalimpactfoundation3397.foundation,contact@globalimpactfoundation3397.org,High,Partnership
3398,Global Impact Foundation 3398,UAE,Women Empowerment,Policy Advocacy,www.globalimpactfoundation3398.org,contact@globalimpactfoundation3398.ngo,Low,Outreach
3399,Global Impact Foundation 3399,Germany,Poverty Relief,Skill Development,www.globalimpactfoundation3399.org,contact@globalimpactfoundation3399.global,Medium,Pilot Testing
3400,Global Impact Foundation 3400,India,Education,Community Health,www.globalimpactfoundation3400.ngo,contact@globalimpactfoundation3400.global,Medium,Funding
3401,Global Impact Foundation 3401,Kenya,Health,Policy Advocacy,www.globalimpactfoundation3401.global,contact@globalimpactfoundation3401.global,High,Partnership
3402,Global Impact Foundation 3402,Germany,Child Welfare,Urban Support,www.globalimpactfoundation3402.ngo,contact@globalimpactfoundation3402.ngo,High,Partnership
3403,Global Impact Foundation 3403,India,Women Empowerment,Skill Development,www.globalimpactfoundation3403.ngo,contact@globalimpactfoundation3403.org,Medium,Outreach
3404,Global Impact Foundation 3404,UAE,Human Rights,Urban Support,www.globalimpactfoundation3404.org,contact@globalimpactfoundation3404.org,Medium,Pilot Testing
3405,Global Impact Foundation 3405,Australia,Environment,Skill Development,www.globalimpactfoundation3405.foundation,contact@globalimpactfoundation3405.global,Medium,Pilot Testing
3406,Global Impact Foundation 3406,Kenya,Human Rights,Urban Support,www.globalimpactfoundation3406.ngo,contact@globalimpactfoundation3406.global,Medium,Partnership
3407,Global Impact Foundation 3407,Canada,Human Rights,Community Health,www.globalimpactfoundation3407.global,contact@globalimpactfoundation3407.org,Low,Partnership
3408,Global Impact Foundation 3408,Kenya,Education,Policy Advocacy,www.globalimpactfoundation3408.ngo,contact@globalimpactfoundation3408.foundation,High,Funding
3409,Global Impact Foundation 3409,Kenya,Education,Disaster Relief,www.globalimpactfoundation3409.org,contact@globalimpactfoundation3409.foundation,Medium,Outreach
3410,Global Impact Foundation 3410,UK,Health,Community Health,www.globalimpactfoundation3410.org,contact@globalimpactfoundation3410.ngo,Medium,Outreach
3411,Global Impact Foundation 3411,India,Poverty Relief,Disaster Relief,www.globalimpactfoundation3411.foundation,contact@globalimpactfoundation3411.org,High,Funding
3412,Global Impact Foundation 3412,USA,Child Welfare,Rural Development,www.globalimpactfoundation3412.ngo,contact@globalimpactfoundation3412.foundation,Low,Pilot Testing
3413,Global Impact Foundation 3413,UAE,Environment,Disaster Relief,www.globalimpactfoundation3413.ngo,contact@globalimpactfoundation3413.foundation,High,Outreach
3414,Global Impact Foundation 3414,UK,Environment,Rural Development,www.globalimpactfoundation3414.org,contact@globalimpactfoundation3414.foundation,High,Pilot Testing
3415,Global Impact Foundation 3415,Australia,Women Empowerment,Community Health,www.globalimpactfoundation3415.org,contact@globalimpactfoundation3415.ngo,Medium,Pilot Testing
3416,Global Impact Foundation 3416,Brazil,Education,Rural Development,www.globalimpactfoundation3416.global,contact@globalimpactfoundation3416.global,Medium,Pilot Testing
3417,Global Impact Foundation 3417,UK,Child Welfare,Policy Advocacy,www.globalimpactfoundation3417.global,contact@globalimpactfoundation3417.foundation,High,Pilot Testing
3418,Global Impact Foundation 3418,South Africa,Environment,Rural Development,www.globalimpactfoundation3418.foundation,contact@globalimpactfoundation3418.foundation,Medium,Funding
3419,Global Impact Foundation 3419,USA,Environment,Disaster Relief,www.globalimpactfoundation3419.foundation,contact@globalimpactfoundation3419.ngo,High,Funding
3420,Global Impact Foundation 3420,Germany,Poverty Relief,Urban Support,www.globalimpactfoundation3420.foundation,contact@globalimpactfoundation3420.ngo,Low,Pilot Testing
3421,Global Impact Foundation 3421,UK,Environment,Rural Development,www.globalimpactfoundation3421.ngo,contact@globalimpactfoundation3421.ngo,Medium,Pilot Testing
3422,Global Impact Foundation 3422,Canada,Women Empowerment,Disaster Relief,www.globalimpactfoundation3422.foundation,contact@globalimpactfoundation3422.foundation,Medium,Funding
3423,Global Impact Foundation 3423,Kenya,Health,Urban Support,www.globalimpactfoundation3423.global,contact@globalimpactfoundation3423.foundation,High,Pilot Testing
3424,Global Impact Foundation 3424,South Africa,Environment,Urban Support,www.globalimpactfoundation3424.org,contact@globalimpactfoundation3424.foundation,Medium,Outreach
3425,Global Impact Foundation 3425,USA,Human Rights,Skill Development,www.globalimpactfoundation3425.ngo,contact@globalimpactfoundation3425.ngo,Medium,Funding
3426,Global Impact Foundation 3426,UAE,Environment,Policy Advocacy,www.globalimpactfoundation3426.ngo,contact@globalimpactfoundation3426.global,High,Funding
3427,Global Impact Foundation 3427,India,Health,Urban Support,www.globalimpactfoundation3427.org,contact@globalimpactfoundation3427.global,Medium,Funding
3428,Global Impact Foundation 3428,Germany,Health,Rural Development,www.globalimpactfoundation3428.global,contact@globalimpactfoundation3428.ngo,Medium,Outreach
3429,Global Impact Foundation 3429,UK,Human Rights,Disaster Relief,www.globalimpactfoundation3429.foundation,contact@globalimpactfoundation3429.global,Medium,Outreach
3430,Global Impact Foundation 3430,USA,Women Empowerment,Policy Advocacy,www.globalimpactfoundation3430.global,contact@globalimpactfoundation3430.org,Medium,Pilot Testing
3431,Global Impact Foundation 3431,USA,Human Rights,Urban Support,www.globalimpactfoundation3431.ngo,contact@globalimpactfoundation3431.ngo,Low,Pilot Testing
3432,Global Impact Foundation 3432,USA,Poverty Relief,Policy Advocacy,www.globalimpactfoundation3432.org,contact@globalimpactfoundation3432.global,Medium,Pilot Testing
3433,Global Impact Foundation 3433,Brazil,Environment,Policy Advocacy,www.globalimpactfoundation3433.global,contact@globalimpactfoundation3433.org,Low,Funding
3434,Global Impact Foundation 3434,Germany,Child Welfare,Rural Development,www.globalimpactfoundation3434.global,contact@globalimpactfoundation3434.ngo,High,Funding
3435,Global Impact Foundation 3435,India,Human Rights,Rural Development,www.globalimpactfoundation3435.foundation,contact@globalimpactfoundation3435.ngo,High,Pilot Testing
3436,Global Impact Foundation 3436,Canada,Women Empowerment,Disaster Relief,www.globalimpactfoundation3436.global,contact@globalimpactfoundation3436.ngo,Low,Funding
3437,Global Impact Foundation 3437,Brazil,Environment,Urban Support,www.globalimpactfoundation3437.ngo,contact@globalimpactfoundation3437.org,Low,Pilot Testing
3438,Global Impact Foundation 3438,Germany,Women Empowerment,Skill Development,www.globalimpactfoundation3438.org,contact@globalimpactfoundation3438.org,Medium,Funding
3439,Global Impact Foundation 3439,South Africa,Education,Disaster Relief,www.globalimpactfoundation3439.global,contact@globalimpactfoundation3439.global,Medium,Outreach
3440,Global Impact Foundation 3440,Canada,Poverty Relief,Community Health,www.globalimpactfoundation3440.ngo,contact@globalimpactfoundation3440.ngo,Low,Outreach
3441,Global Impact Foundation 3441,India,Human Rights,Skill Development,www.globalimpactfoundation3441.ngo,contact@globalimpactfoundation3441.org,Medium,Pilot Testing
3442,Global Impact Foundation 3442,South Africa,Environment,Skill Development,www.globalimpactfoundation3442.org,contact@globalimpactfoundation3442.ngo,High,Funding
3443,Global Impact Foundation 3443,UK,Education,Skill Development,www.globalimpactfoundation3443.global,contact@globalimpactfoundation3443.global,High,Funding
3444,Global Impact Foundation 3444,USA,Health,Policy Advocacy,www.globalimpactfoundation3444.ngo,contact@globalimpactfoundation3444.foundation,Low,Pilot Testing
3445,Global Impact Foundation 3445,UK,Women Empowerment,Urban Support,www.globalimpactfoundation3445.foundation,contact@globalimpactfoundation3445.global,Medium,Partnership
3446,Global Impact Foundation 3446,Brazil,Human Rights,Skill Development,www.globalimpactfoundation3446.org,contact@globalimpactfoundation3446.ngo,Low,Outreach
3447,Global Impact Foundation 3447,India,Women Empowerment,Rural Development,www.globalimpactfoundation3447.global,contact@globalimpactfoundation3447.global,High,Pilot Testing
3448,Global Impact Foundation 3448,Australia,Child Welfare,Disaster Relief,www.globalimpactfoundation3448.ngo,contact@globalimpactfoundation3448.global,Medium,Pilot Testing
3449,Global Impact Foundation 3449,UAE,Child Welfare,Community Health,www.globalimpactfoundation3449.foundation,contact@globalimpactfoundation3449.org,Low,Pilot Testing
3450,Global Impact Foundation 3450,Brazil,Health,Urban Support,www.globalimpactfoundation3450.org,contact@globalimpactfoundation3450.foundation,Medium,Funding
3451,Global Impact Foundation 3451,Brazil,Poverty Relief,Community Health,www.globalimpactfoundation3451.ngo,contact@globalimpactfoundation3451.foundation,Medium,Outreach
3452,Global Impact Foundation 3452,Australia,Environment,Urban Support,www.globalimpactfoundation3452.foundation,contact@globalimpactfoundation3452.global,High,Funding
3453,Global Impact Foundation 3453,Germany,Education,Skill Development,www.globalimpactfoundation3453.global,contact@globalimpactfoundation3453.ngo,Medium,Outreach
3454,Global Impact Foundation 3454,UAE,Education,Skill Development,www.globalimpactfoundation3454.org,contact@globalimpactfoundation3454.org,Medium,Funding
3455,Global Impact Foundation 3455,Brazil,Health,Community Health,www.globalimpactfoundation3455.foundation,contact@globalimpactfoundation3455.org,Low,Outreach
3456,Global Impact Foundation 3456,UAE,Education,Policy Advocacy,www.globalimpactfoundation3456.org,contact@globalimpactfoundation3456.foundation,Medium,Pilot Testing
3457,Global Impact Foundation 3457,South Africa,Child Welfare,Rural Development,www.globalimpactfoundation3457.global,contact@globalimpactfoundation3457.foundation,Low,Partnership
3458,Global Impact Foundation 3458,USA,Human Rights,Disaster Relief,www.globalimpactfoundation3458.foundation,contact@globalimpactfoundation3458.foundation,High,Outreach
3459,Global Impact Foundation 3459,Canada,Health,Skill Development,www.globalimpactfoundation3459.foundation,contact@globalimpactfoundation3459.org,Medium,Partnership
3460,Global Impact Foundation 3460,USA,Education,Policy Advocacy,www.globalimpactfoundation3460.org,contact@globalimpactfoundation3460.foundation,Medium,Partnership
3461,Global Impact Foundation 3461,USA,Environment,Policy Advocacy,www.globalimpactfoundation3461.global,contact@globalimpactfoundation3461.org,High,Outreach
3462,Global Impact Foundation 3462,Germany,Environment,Disaster Relief,www.globalimpactfoundation3462.global,contact@globalimpactfoundation3462.ngo,Medium,Outreach
3463,Global Impact Foundation 3463,Australia,Education,Disaster Relief,www.globalimpactfoundation3463.global,contact@globalimpactfoundation3463.foundation,Medium,Partnership
3464,Global Impact Foundation 3464,USA,Environment,Policy Advocacy,www.globalimpactfoundation3464.global,contact@globalimpactfoundation3464.org,Low,Partnership
3465,Global Impact Foundation 3465,USA,Environment,Disaster Relief,www.globalimpactfoundation3465.global,contact@globalimpactfoundation3465.org,Low,Partnership
3466,Global Impact Foundation 3466,South Africa,Human Rights,Rural Development,www.globalimpactfoundation3466.ngo,contact@globalimpactfoundation3466.foundation,High,Funding
3467,Global Impact Foundation 3467,Kenya,Human Rights,Disaster Relief,www.globalimpactfoundation3467.global,contact@globalimpactfoundation3467.org,Medium,Funding
3468,Global Impact Foundation 3468,Australia,Women Empowerment,Skill Development,www.globalimpactfoundation3468.org,contact@globalimpactfoundation3468.foundation,Medium,Pilot Testing
3469,Global Impact Foundation 3469,UAE,Poverty Relief,Rural Development,www.globalimpactfoundation3469.org,contact@globalimpactfoundation3469.org,Medium,Pilot Testing
3470,Global Impact Foundation 3470,Brazil,Education,Skill Development,www.globalimpactfoundation3470.global,contact@globalimpactfoundation3470.org,Low,Outreach
3471,Global Impact Foundation 3471,Brazil,Poverty Relief,Community Health,www.globalimpactfoundation3471.ngo,contact@globalimpactfoundation3471.foundation,Medium,Partnership
3472,Global Impact Foundation 3472,South Africa,Health,Community Health,www.globalimpactfoundation3472.ngo,contact@globalimpactfoundation3472.global,Medium,Pilot Testing
3473,Global Impact Foundation 3473,Canada,Education,Disaster Relief,www.globalimpactfoundation3473.org,contact@globalimpactfoundation3473.global,Low,Pilot Testing
3474,Global Impact Foundation 3474,Canada,Child Welfare,Policy Advocacy,www.globalimpactfoundation3474.org,contact@globalimpactfoundation3474.org,Low,Outreach
3475,Global Impact Foundation 3475,Kenya,Child Welfare,Community Health,www.globalimpactfoundation3475.ngo,contact@globalimpactfoundation3475.global,Medium,Pilot Testing
3476,Global Impact Foundation 3476,Australia,Environment,Urban Support,www.globalimpactfoundation3476.foundation,contact@globalimpactfoundation3476.org,High,Outreach
3477,Global Impact Foundation 3477,USA,Health,Skill Development,www.globalimpactfoundation3477.foundation,contact@globalimpactfoundation3477.org,Medium,Outreach
3478,Global Impact Foundation 3478,Kenya,Poverty Relief,Urban Support,www.globalimpactfoundation3478.global,contact@globalimpactfoundation3478.org,Low,Partnership
3479,Global Impact Foundation 3479,Canada,Women Empowerment,Skill Development,www.globalimpactfoundation3479.org,contact@globalimpactfoundation3479.foundation,Medium,Funding
3480,Global Impact Foundation 3480,UK,Environment,Policy Advocacy,www.globalimpactfoundation3480.org,contact@globalimpactfoundation3480.ngo,High,Pilot Testing
3481,Global Impact Foundation 3481,Brazil,Education,Policy Advocacy,www.globalimpactfoundation3481.global,contact@globalimpactfoundation3481.org,Medium,Outreach
3482,Global Impact Foundation 3482,UK,Environment,Community Health,www.globalimpactfoundation3482.ngo,contact@globalimpactfoundation3482.ngo,Medium,Pilot Testing
3483,Global Impact Foundation 3483,Australia,Health,Urban Support,www.globalimpactfoundation3483.org,contact@globalimpactfoundation3483.ngo,High,Outreach
3484,Global Impact Foundation 3484,Canada,Health,Community Health,www.globalimpactfoundation3484.org,contact@globalimpactfoundation3484.foundation,High,Partnership
3485,Global Impact Foundation 3485,Canada,Child Welfare,Policy Advocacy,www.globalimpactfoundation3485.org,contact@globalimpactfoundation3485.global,Medium,Outreach
3486,Global Impact Foundation 3486,UK,Child Welfare,Policy Advocacy,www.globalimpactfoundation3486.foundation,contact@globalimpactfoundation3486.foundation,Medium,Funding
3487,Global Impact Foundation 3487,Australia,Human Rights,Community Health,www.globalimpactfoundation3487.org,contact@globalimpactfoundation3487.ngo,Medium,Funding
3488,Global Impact Foundation 3488,UAE,Poverty Relief,Policy Advocacy,www.globalimpactfoundation3488.foundation,contact@globalimpactfoundation3488.ngo,High,Outreach
3489,Global Impact Foundation 3489,UAE,Education,Skill Development,www.globalimpactfoundation3489.org,contact@globalimpactfoundation3489.global,Medium,Partnership
3490,Global Impact Foundation 3490,Brazil,Women Empowerment,Rural Development,www.globalimpactfoundation3490.org,contact@globalimpactfoundation3490.org,Medium,Funding
3491,Global Impact Foundation 3491,Kenya,Women Empowerment,Urban Support,www.globalimpactfoundation3491.foundation,contact@globalimpactfoundation3491.org,High,Partnership
3492,Global Impact Foundation 3492,UK,Poverty Relief,Disaster Relief,www.globalimpactfoundation3492.foundation,contact@globalimpactfoundation3492.foundation,High,Partnership
3493,Global Impact Foundation 3493,USA,Poverty Relief,Community Health,www.globalimpactfoundation3493.foundation,contact@globalimpactfoundation3493.foundation,High,Outreach
3494,Global Impact Foundation 3494,UK,Child Welfare,Community Health,www.globalimpactfoundation3494.foundation,contact@globalimpactfoundation3494.foundation,Low,Partnership
3495,Global Impact Foundation 3495,Canada,Education,Community Health,www.globalimpactfoundation3495.foundation,contact@globalimpactfoundation3495.global,Medium,Pilot Testing
3496,Global Impact Foundation 3496,Australia,Human Rights,Policy Advocacy,www.globalimpactfoundation3496.ngo,contact@globalimpactfoundation3496.org,Medium,Funding
3497,Global Impact Foundation 3497,UK,Human Rights,Skill Development,www.globalimpactfoundation3497.foundation,contact@globalimpactfoundation3497.foundation,Medium,Partnership
3498,Global Impact Foundation 3498,UK,Education,Urban Support,www.globalimpactfoundation3498.global,contact@globalimpactfoundation3498.global,Low,Pilot Testing
3499,Global Impact Foundation 3499,South Africa,Environment,Urban Support,www.globalimpactfoundation3499.org,contact@globalimpactfoundation3499.org,Medium,Pilot Testing
3500,Global Impact Foundation 3500,UK,Human Rights,Urban Support,www.globalimpactfoundation3500.global,contact@globalimpactfoundation3500.org,Medium,Pilot Testing
3501,Global Impact Foundation 3501,USA,Poverty Relief,Skill Development,www.globalimpactfoundation3501.org,contact@globalimpactfoundation3501.ngo,High,Partnership
3502,Global Impact Foundation 3502,South Africa,Poverty Relief,Policy Advocacy,www.globalimpactfoundation3502.global,contact@globalimpactfoundation3502.ngo,Medium,Outreach
3503,Global Impact Foundation 3503,UK,Health,Disaster Relief,www.globalimpactfoundation3503.global,contact@globalimpactfoundation3503.global,Low,Partnership
3504,Global Impact Foundation 3504,UK,Human Rights,Policy Advocacy,www.globalimpactfoundation3504.global,contact@globalimpactfoundation3504.global,High,Funding
3505,Global Impact Foundation 3505,Kenya,Education,Community Health,www.globalimpactfoundation3505.global,contact@globalimpactfoundation3505.foundation,Low,Pilot Testing
3506,Global Impact Foundation 3506,UAE,Environment,Community Health,www.globalimpactfoundation3506.org,contact@globalimpactfoundation3506.global,Low,Pilot Testing
3507,Global Impact Foundation 3507,India,Education,Rural Development,www.globalimpactfoundation3507.foundation,contact@globalimpactfoundation3507.global,Medium,Pilot Testing
3508,Global Impact Foundation 3508,Brazil,Poverty Relief,Disaster Relief,www.globalimpactfoundation3508.foundation,contact@globalimpactfoundation3508.global,High,Partnership
3509,Global Impact Foundation 3509,Canada,Education,Disaster Relief,www.globalimpactfoundation3509.global,contact@globalimpactfoundation3509.ngo,High,Partnership
3510,Global Impact Foundation 3510,South Africa,Education,Rural Development,www.globalimpactfoundation3510.ngo,contact@globalimpactfoundation3510.foundation,Medium,Funding
3511,Global Impact Foundation 3511,Australia,Poverty Relief,Rural Development,www.globalimpactfoundation3511.ngo,contact@globalimpactfoundation3511.global,Low,Outreach
3512,Global Impact Foundation 3512,UAE,Education,Disaster Relief,www.globalimpactfoundation3512.org,contact@globalimpactfoundation3512.foundation,High,Funding
3513,Global Impact Foundation 3513,South Africa,Environment,Community Health,www.globalimpactfoundation3513.ngo,contact@globalimpactfoundation3513.foundation,Medium,Funding
3514,Global Impact Foundation 3514,South Africa,Education,Disaster Relief,www.globalimpactfoundation3514.foundation,contact@globalimpactfoundation3514.global,Low,Partnership
3515,Global Impact Foundation 3515,USA,Health,Skill Development,www.globalimpactfoundation3515.foundation,contact@globalimpactfoundation3515.global,Low,Funding
3516,Global Impact Foundation 3516,Brazil,Environment,Rural Development,www.globalimpactfoundation3516.foundation,contact@globalimpactfoundation3516.global,High,Funding
3517,Global Impact Foundation 3517,USA,Environment,Community Health,www.globalimpactfoundation3517.foundation,contact@globalimpactfoundation3517.foundation,Medium,Outreach
3518,Global Impact Foundation 3518,Australia,Women Empowerment,Disaster Relief,www.globalimpactfoundation3518.org,contact@globalimpactfoundation3518.global,Low,Pilot Testing
3519,Global Impact Foundation 3519,South Africa,Health,Disaster Relief,www.globalimpactfoundation3519.global,contact@globalimpactfoundation3519.global,High,Funding
3520,Global Impact Foundation 3520,Australia,Child Welfare,Policy Advocacy,www.globalimpactfoundation3520.global,contact@globalimpactfoundation3520.org,Medium,Outreach
3521,Global Impact Foundation 3521,Australia,Environment,Policy Advocacy,www.globalimpactfoundation3521.org,contact@globalimpactfoundation3521.org,High,Funding
3522,Global Impact Foundation 3522,USA,Education,Community Health,www.globalimpactfoundation3522.ngo,contact@globalimpactfoundation3522.org,Medium,Funding
3523,Global Impact Foundation 3523,Kenya,Environment,Rural Development,www.globalimpactfoundation3523.foundation,contact@globalimpactfoundation3523.ngo,High,Outreach
3524,Global Impact Foundation 3524,Brazil,Poverty Relief,Policy Advocacy,www.globalimpactfoundation3524.foundation,contact@globalimpactfoundation3524.foundation,Medium,Funding
3525,Global Impact Foundation 3525,Germany,Women Empowerment,Community Health,www.globalimpactfoundation3525.org,contact@globalimpactfoundation3525.ngo,Low,Partnership
3526,Global Impact Foundation 3526,Australia,Women Empowerment,Skill Development,www.globalimpactfoundation3526.org,contact@globalimpactfoundation3526.foundation,Low,Partnership
3527,Global Impact Foundation 3527,Germany,Education,Disaster Relief,www.globalimpactfoundation3527.global,contact@globalimpactfoundation3527.foundation,Medium,Outreach
3528,Global Impact Foundation 3528,Brazil,Environment,Skill Development,www.globalimpactfoundation3528.ngo,contact@globalimpactfoundation3528.global,Medium,Funding
3529,Global Impact Foundation 3529,Canada,Human Rights,Urban Support,www.globalimpactfoundation3529.foundation,contact@globalimpactfoundation3529.global,Low,Pilot Testing
3530,Global Impact Foundation 3530,Germany,Education,Urban Support,www.globalimpactfoundation3530.ngo,contact@globalimpactfoundation3530.ngo,Medium,Pilot Testing
3531,Global Impact Foundation 3531,Germany,Poverty Relief,Policy Advocacy,www.globalimpactfoundation3531.foundation,contact@globalimpactfoundation3531.ngo,High,Funding
3532,Global Impact Foundation 3532,UAE,Environment,Skill Development,www.globalimpactfoundation3532.global,contact@globalimpactfoundation3532.global,High,Funding
3533,Global Impact Foundation 3533,Brazil,Child Welfare,Rural Development,www.globalimpactfoundation3533.org,contact@globalimpactfoundation3533.global,Medium,Funding
3534,Global Impact Foundation 3534,Brazil,Health,Disaster Relief,www.globalimpactfoundation3534.global,contact@globalimpactfoundation3534.org,High,Funding
3535,Global Impact Foundation 3535,Australia,Women Empowerment,Rural Development,www.globalimpactfoundation3535.global,contact@globalimpactfoundation3535.global,Low,Funding
3536,Global Impact Foundation 3536,South Africa,Human Rights,Rural Development,www.globalimpactfoundation3536.ngo,contact@globalimpactfoundation3536.ngo,High,Pilot Testing
3537,Global Impact Foundation 3537,Australia,Environment,Community Health,www.globalimpactfoundation3537.global,contact@globalimpactfoundation3537.ngo,High,Partnership
3538,Global Impact Foundation 3538,UK,Women Empowerment,Disaster Relief,www.globalimpactfoundation3538.org,contact@globalimpactfoundation3538.ngo,High,Outreach
3539,Global Impact Foundation 3539,South Africa,Women Empowerment,Skill Development,www.globalimpactfoundation3539.foundation,contact@globalimpactfoundation3539.ngo,Low,Outreach
3540,Global Impact Foundation 3540,Australia,Education,Skill Development,www.globalimpactfoundation3540.ngo,contact@globalimpactfoundation3540.global,Low,Pilot Testing
3541,Global Impact Foundation 3541,South Africa,Women Empowerment,Skill Development,www.globalimpactfoundation3541.foundation,contact@globalimpactfoundation3541.ngo,High,Partnership
3542,Global Impact Foundation 3542,India,Women Empowerment,Skill Development,www.globalimpactfoundation3542.ngo,contact@globalimpactfoundation3542.global,Low,Outreach
3543,Global Impact Foundation 3543,South Africa,Education,Rural Development,www.globalimpactfoundation3543.global,contact@globalimpactfoundation3543.ngo,Medium,Partnership
3544,Global Impact Foundation 3544,Kenya,Human Rights,Disaster Relief,www.globalimpactfoundation3544.org,contact@globalimpactfoundation3544.org,High,Funding
3545,Global Impact Foundation 3545,Brazil,Poverty Relief,Urban Support,www.globalimpactfoundation3545.org,contact@globalimpactfoundation3545.org,Low,Pilot Testing
3546,Global Impact Foundation 3546,UK,Women Empowerment,Disaster Relief,www.globalimpactfoundation3546.ngo,contact@globalimpactfoundation3546.ngo,Medium,Partnership
3547,Global Impact Foundation 3547,India,Women Empowerment,Community Health,www.globalimpactfoundation3547.org,contact@globalimpactfoundation3547.global,High,Partnership
3548,Global Impact Foundation 3548,Australia,Human Rights,Policy Advocacy,www.globalimpactfoundation3548.global,contact@globalimpactfoundation3548.org,Medium,Partnership
3549,Global Impact Foundation 3549,Germany,Education,Skill Development,www.globalimpactfoundation3549.org,contact@globalimpactfoundation3549.ngo,Low,Partnership
3550,Global Impact Foundation 3550,India,Environment,Skill Development,www.globalimpactfoundation3550.foundation,contact@globalimpactfoundation3550.foundation,Medium,Outreach
3551,Global Impact Foundation 3551,USA,Environment,Urban Support,www.globalimpactfoundation3551.ngo,contact@globalimpactfoundation3551.foundation,Low,Pilot Testing
3552,Global Impact Foundation 3552,USA,Education,Urban Support,www.globalimpactfoundation3552.org,contact@globalimpactfoundation3552.org,Low,Funding
3553,Global Impact Foundation 3553,UAE,Poverty Relief,Urban Support,www.globalimpactfoundation3553.org,contact@globalimpactfoundation3553.ngo,Medium,Partnership
3554,Global Impact Foundation 3554,Australia,Poverty Relief,Rural Development,www.globalimpactfoundation3554.global,contact@globalimpactfoundation3554.org,High,Pilot Testing
3555,Global Impact Foundation 3555,Australia,Education,Disaster Relief,www.globalimpactfoundation3555.foundation,contact@globalimpactfoundation3555.global,Low,Pilot Testing
3556,Global Impact Foundation 3556,USA,Environment,Skill Development,www.globalimpactfoundation3556.foundation,contact@globalimpactfoundation3556.foundation,High,Outreach
3557,Global Impact Foundation 3557,USA,Environment,Policy Advocacy,www.globalimpactfoundation3557.org,contact@globalimpactfoundation3557.foundation,Medium,Pilot Testing
3558,Global Impact Foundation 3558,Australia,Women Empowerment,Community Health,www.globalimpactfoundation3558.org,contact@globalimpactfoundation3558.global,High,Funding
3559,Global Impact Foundation 3559,South Africa,Child Welfare,Community Health,www.globalimpactfoundation3559.foundation,contact@globalimpactfoundation3559.foundation,High,Pilot Testing
3560,Global Impact Foundation 3560,USA,Environment,Urban Support,www.globalimpactfoundation3560.foundation,contact@globalimpactfoundation3560.ngo,High,Pilot Testing
3561,Global Impact Foundation 3561,USA,Child Welfare,Disaster Relief,www.globalimpactfoundation3561.global,contact@globalimpactfoundation3561.org,High,Pilot Testing
3562,Global Impact Foundation 3562,Canada,Poverty Relief,Urban Support,www.globalimpactfoundation3562.ngo,contact@globalimpactfoundation3562.global,Medium,Partnership
3563,Global Impact Foundation 3563,UAE,Poverty Relief,Urban Support,www.globalimpactfoundation3563.org,contact@globalimpactfoundation3563.foundation,Low,Pilot Testing
3564,Global Impact Foundation 3564,Germany,Women Empowerment,Rural Development,www.globalimpactfoundation3564.global,contact@globalimpactfoundation3564.foundation,Low,Pilot Testing
3565,Global Impact Foundation 3565,UK,Poverty Relief,Skill Development,www.globalimpactfoundation3565.global,contact@globalimpactfoundation3565.org,Low,Funding
3566,Global Impact Foundation 3566,Canada,Child Welfare,Rural Development,www.globalimpactfoundation3566.ngo,contact@globalimpactfoundation3566.org,Medium,Funding
3567,Global Impact Foundation 3567,UAE,Education,Urban Support,www.globalimpactfoundation3567.foundation,contact@globalimpactfoundation3567.ngo,High,Funding
3568,Global Impact Foundation 3568,Germany,Environment,Skill Development,www.globalimpactfoundation3568.ngo,contact@globalimpactfoundation3568.global,Medium,Pilot Testing
3569,Global Impact Foundation 3569,Australia,Women Empowerment,Disaster Relief,www.globalimpactfoundation3569.foundation,contact@globalimpactfoundation3569.org,Low,Pilot Testing
3570,Global Impact Foundation 3570,UK,Child Welfare,Urban Support,www.globalimpactfoundation3570.foundation,contact@globalimpactfoundation3570.foundation,Medium,Outreach
3571,Global Impact Foundation 3571,India,Poverty Relief,Policy Advocacy,www.globalimpactfoundation3571.ngo,contact@globalimpactfoundation3571.ngo,Low,Pilot Testing
3572,Global Impact Foundation 3572,UK,Child Welfare,Disaster Relief,www.globalimpactfoundation3572.org,contact@globalimpactfoundation3572.global,High,Pilot Testing
3573,Global Impact Foundation 3573,Kenya,Poverty Relief,Urban Support,www.globalimpactfoundation3573.ngo,contact@globalimpactfoundation3573.global,High,Outreach
3574,Global Impact Foundation 3574,India,Environment,Skill Development,www.globalimpactfoundation3574.foundation,contact@globalimpactfoundation3574.global,Low,Pilot Testing
3575,Global Impact Foundation 3575,Canada,Women Empowerment,Skill Development,www.globalimpactfoundation3575.ngo,contact@globalimpactfoundation3575.ngo,Low,Funding
3576,Global Impact Foundation 3576,Brazil,Women Empowerment,Urban Support,www.globalimpactfoundation3576.ngo,contact@globalimpactfoundation3576.foundation,Medium,Partnership
3577,Global Impact Foundation 3577,UAE,Human Rights,Skill Development,www.globalimpactfoundation3577.foundation,contact@globalimpactfoundation3577.foundation,Low,Funding
3578,Global Impact Foundation 3578,USA,Health,Skill Development,www.globalimpactfoundation3578.global,contact@globalimpactfoundation3578.global,Low,Funding
3579,Global Impact Foundation 3579,India,Environment,Policy Advocacy,www.globalimpactfoundation3579.org,contact@globalimpactfoundation3579.global,Medium,Outreach
3580,Global Impact Foundation 3580,UAE,Education,Disaster Relief,www.globalimpactfoundation3580.ngo,contact@globalimpactfoundation3580.org,Medium,Funding
3581,Global Impact Foundation 3581,UK,Women Empowerment,Urban Support,www.globalimpactfoundation3581.ngo,contact@globalimpactfoundation3581.foundation,Medium,Partnership
3582,Global Impact Foundation 3582,South Africa,Education,Disaster Relief,www.globalimpactfoundation3582.org,contact@globalimpactfoundation3582.ngo,Low,Funding
3583,Global Impact Foundation 3583,UAE,Education,Policy Advocacy,www.globalimpactfoundation3583.foundation,contact@globalimpactfoundation3583.org,Medium,Outreach
3584,Global Impact Foundation 3584,Germany,Child Welfare,Policy Advocacy,www.globalimpactfoundation3584.foundation,contact@globalimpactfoundation3584.foundation,Medium,Funding
3585,Global Impact Foundation 3585,South Africa,Human Rights,Community Health,www.globalimpactfoundation3585.global,contact@globalimpactfoundation3585.org,High,Outreach
3586,Global Impact Foundation 3586,UK,Child Welfare,Skill Development,www.globalimpactfoundation3586.global,contact@globalimpactfoundation3586.org,Medium,Funding
3587,Global Impact Foundation 3587,UAE,Child Welfare,Skill Development,www.globalimpactfoundation3587.ngo,contact@globalimpactfoundation3587.foundation,High,Pilot Testing
3588,Global Impact Foundation 3588,Australia,Poverty Relief,Community Health,www.globalimpactfoundation3588.ngo,contact@globalimpactfoundation3588.org,Medium,Pilot Testing
3589,Global Impact Foundation 3589,Kenya,Women Empowerment,Community Health,www.globalimpactfoundation3589.foundation,contact@globalimpactfoundation3589.foundation,Low,Funding
3590,Global Impact Foundation 3590,South Africa,Poverty Relief,Skill Development,www.globalimpactfoundation3590.org,contact@globalimpactfoundation3590.ngo,Medium,Outreach
3591,Global Impact Foundation 3591,Canada,Health,Rural Development,www.globalimpactfoundation3591.org,contact@globalimpactfoundation3591.ngo,High,Pilot Testing
3592,Global Impact Foundation 3592,South Africa,Poverty Relief,Urban Support,www.globalimpactfoundation3592.global,contact@globalimpactfoundation3592.ngo,Medium,Partnership
3593,Global Impact Foundation 3593,India,Child Welfare,Urban Support,www.globalimpactfoundation3593.global,contact@globalimpactfoundation3593.ngo,Low,Partnership
3594,Global Impact Foundation 3594,UK,Child Welfare,Disaster Relief,www.globalimpactfoundation3594.foundation,contact@globalimpactfoundation3594.global,Low,Funding
3595,Global Impact Foundation 3595,Kenya,Women Empowerment,Disaster Relief,www.globalimpactfoundation3595.org,contact@globalimpactfoundation3595.global,Low,Outreach
3596,Global Impact Foundation 3596,Australia,Women Empowerment,Rural Development,www.globalimpactfoundation3596.foundation,contact@globalimpactfoundation3596.global,Low,Outreach
3597,Global Impact Foundation 3597,UAE,Education,Urban Support,www.globalimpactfoundation3597.foundation,contact@globalimpactfoundation3597.global,Low,Funding
3598,Global Impact Foundation 3598,Brazil,Environment,Urban Support,www.globalimpactfoundation3598.global,contact@globalimpactfoundation3598.foundation,Medium,Funding
3599,Global Impact Foundation 3599,UAE,Child Welfare,Skill Development,www.globalimpactfoundation3599.org,contact@globalimpactfoundation3599.org,Medium,Funding
3600,Global Impact Foundation 3600,USA,Environment,Community Health,www.globalimpactfoundation3600.foundation,contact@globalimpactfoundation3600.global,Medium,Partnership
3601,Global Impact Foundation 3601,USA,Human Rights,Urban Support,www.globalimpactfoundation3601.global,contact@globalimpactfoundation3601.global,High,Outreach
3602,Global Impact Foundation 3602,Canada,Poverty Relief,Urban Support,www.globalimpactfoundation3602.ngo,contact@globalimpactfoundation3602.ngo,Low,Outreach
3603,Global Impact Foundation 3603,Canada,Health,Skill Development,www.globalimpactfoundation3603.foundation,contact@globalimpactfoundation3603.global,Low,Outreach
3604,Global Impact Foundation 3604,Kenya,Environment,Skill Development,www.globalimpactfoundation3604.foundation,contact@globalimpactfoundation3604.global,High,Pilot Testing
3605,Global Impact Foundation 3605,Brazil,Environment,Community Health,www.globalimpactfoundation3605.foundation,contact@globalimpactfoundation3605.org,Low,Outreach
3606,Global Impact Foundation 3606,India,Women Empowerment,Community Health,www.globalimpactfoundation3606.foundation,contact@globalimpactfoundation3606.ngo,High,Partnership
3607,Global Impact Foundation 3607,UAE,Education,Disaster Relief,www.globalimpactfoundation3607.ngo,contact@globalimpactfoundation3607.org,High,Pilot Testing
3608,Global Impact Foundation 3608,Germany,Human Rights,Community Health,www.globalimpactfoundation3608.ngo,contact@globalimpactfoundation3608.foundation,High,Partnership
3609,Global Impact Foundation 3609,South Africa,Child Welfare,Rural Development,www.globalimpactfoundation3609.org,contact@globalimpactfoundation3609.ngo,Medium,Pilot Testing
3610,Global Impact Foundation 3610,Germany,Environment,Rural Development,www.globalimpactfoundation3610.ngo,contact@globalimpactfoundation3610.ngo,Medium,Outreach
3611,Global Impact Foundation 3611,UAE,Women Empowerment,Urban Support,www.globalimpactfoundation3611.org,contact@globalimpactfoundation3611.global,Low,Funding
3612,Global Impact Foundation 3612,USA,Education,Urban Support,www.globalimpactfoundation3612.ngo,contact@globalimpactfoundation3612.foundation,Low,Funding
3613,Global Impact Foundation 3613,UAE,Health,Skill Development,www.globalimpactfoundation3613.global,contact@globalimpactfoundation3613.foundation,High,Funding
3614,Global Impact Foundation 3614,Kenya,Poverty Relief,Community Health,www.globalimpactfoundation3614.ngo,contact@globalimpactfoundation3614.global,Low,Pilot Testing
3615,Global Impact Foundation 3615,Canada,Poverty Relief,Policy Advocacy,www.globalimpactfoundation3615.foundation,contact@globalimpactfoundation3615.global,Medium,Outreach
3616,Global Impact Foundation 3616,Australia,Environment,Community Health,www.globalimpactfoundation3616.foundation,contact@globalimpactfoundation3616.foundation,Low,Funding
3617,Global Impact Foundation 3617,USA,Poverty Relief,Policy Advocacy,www.globalimpactfoundation3617.global,contact@globalimpactfoundation3617.org,Low,Funding
3618,Global Impact Foundation 3618,Germany,Women Empowerment,Skill Development,www.globalimpactfoundation3618.org,contact@globalimpactfoundation3618.global,High,Funding
3619,Global Impact Foundation 3619,Australia,Health,Urban Support,www.globalimpactfoundation3619.foundation,contact@globalimpactfoundation3619.foundation,Low,Partnership
3620,Global Impact Foundation 3620,USA,Human Rights,Policy Advocacy,www.globalimpactfoundation3620.foundation,contact@globalimpactfoundation3620.ngo,Low,Pilot Testing
3621,Global Impact Foundation 3621,UK,Education,Community Health,www.globalimpactfoundation3621.foundation,contact@globalimpactfoundation3621.foundation,Medium,Outreach
3622,Global Impact Foundation 3622,UAE,Education,Urban Support,www.globalimpactfoundation3622.foundation,contact@globalimpactfoundation3622.ngo,Medium,Pilot Testing
3623,Global Impact Foundation 3623,Brazil,Human Rights,Skill Development,www.globalimpactfoundation3623.foundation,contact@globalimpactfoundation3623.ngo,High,Partnership
3624,Global Impact Foundation 3624,Australia,Education,Urban Support,www.globalimpactfoundation3624.org,contact@globalimpactfoundation3624.foundation,High,Outreach
3625,Global Impact Foundation 3625,Kenya,Poverty Relief,Skill Development,www.globalimpactfoundation3625.foundation,contact@globalimpactfoundation3625.global,High,Pilot Testing
3626,Global Impact Foundation 3626,Canada,Human Rights,Community Health,www.globalimpactfoundation3626.org,contact@globalimpactfoundation3626.ngo,Low,Pilot Testing
3627,Global Impact Foundation 3627,Australia,Women Empowerment,Disaster Relief,www.globalimpactfoundation3627.foundation,contact@globalimpactfoundation3627.org,Medium,Outreach
3628,Global Impact Foundation 3628,USA,Human Rights,Urban Support,www.globalimpactfoundation3628.foundation,contact@globalimpactfoundation3628.global,Medium,Outreach
3629,Global Impact Foundation 3629,India,Health,Urban Support,www.globalimpactfoundation3629.ngo,contact@globalimpactfoundation3629.org,Low,Funding
3630,Global Impact Foundation 3630,India,Child Welfare,Community Health,www.globalimpactfoundation3630.foundation,contact@globalimpactfoundation3630.ngo,Low,Funding
3631,Global Impact Foundation 3631,South Africa,Child Welfare,Skill Development,www.globalimpactfoundation3631.org,contact@globalimpactfoundation3631.ngo,High,Partnership
3632,Global Impact Foundation 3632,Australia,Health,Rural Development,www.globalimpactfoundation3632.foundation,contact@globalimpactfoundation3632.org,Medium,Partnership
3633,Global Impact Foundation 3633,Kenya,Education,Rural Development,www.globalimpactfoundation3633.global,contact@globalimpactfoundation3633.org,Low,Funding
3634,Global Impact Foundation 3634,South Africa,Environment,Skill Development,www.globalimpactfoundation3634.global,contact@globalimpactfoundation3634.ngo,Low,Funding
3635,Global Impact Foundation 3635,Australia,Child Welfare,Urban Support,www.globalimpactfoundation3635.global,contact@globalimpactfoundation3635.global,Low,Pilot Testing
3636,Global Impact Foundation 3636,USA,Human Rights,Disaster Relief,www.globalimpactfoundation3636.org,contact@globalimpactfoundation3636.foundation,Low,Outreach
3637,Global Impact Foundation 3637,India,Child Welfare,Rural Development,www.globalimpactfoundation3637.ngo,contact@globalimpactfoundation3637.ngo,Medium,Funding
3638,Global Impact Foundation 3638,UAE,Women Empowerment,Community Health,www.globalimpactfoundation3638.ngo,contact@globalimpactfoundation3638.foundation,Low,Outreach
3639,Global Impact Foundation 3639,Canada,Health,Community Health,www.globalimpactfoundation3639.org,contact@globalimpactfoundation3639.ngo,High,Pilot Testing
3640,Global Impact Foundation 3640,India,Poverty Relief,Community Health,www.globalimpactfoundation3640.foundation,contact@globalimpactfoundation3640.ngo,Low,Partnership
3641,Global Impact Foundation 3641,USA,Women Empowerment,Policy Advocacy,www.globalimpactfoundation3641.global,contact@globalimpactfoundation3641.org,Medium,Outreach
3642,Global Impact Foundation 3642,Kenya,Child Welfare,Community Health,www.globalimpactfoundation3642.foundation,contact@globalimpactfoundation3642.global,Low,Outreach
3643,Global Impact Foundation 3643,South Africa,Child Welfare,Policy Advocacy,www.globalimpactfoundation3643.ngo,contact@globalimpactfoundation3643.org,Low,Funding
3644,Global Impact Foundation 3644,Kenya,Women Empowerment,Urban Support,www.globalimpactfoundation3644.global,contact@globalimpactfoundation3644.global,Low,Pilot Testing
3645,Global Impact Foundation 3645,UAE,Women Empowerment,Policy Advocacy,www.globalimpactfoundation3645.foundation,contact@globalimpactfoundation3645.ngo,High,Pilot Testing
3646,Global Impact Foundation 3646,Kenya,Women Empowerment,Community Health,www.globalimpactfoundation3646.global,contact@globalimpactfoundation3646.global,High,Pilot Testing
3647,Global Impact Foundation 3647,India,Human Rights,Skill Development,www.globalimpactfoundation3647.org,contact@globalimpactfoundation3647.org,High,Funding
3648,Global Impact Foundation 3648,Kenya,Women Empowerment,Skill Development,www.globalimpactfoundation3648.foundation,contact@globalimpactfoundation3648.foundation,Medium,Funding
3649,Global Impact Foundation 3649,South Africa,Women Empowerment,Community Health,www.globalimpactfoundation3649.ngo,contact@globalimpactfoundation3649.org,High,Funding
3650,Global Impact Foundation 3650,Australia,Poverty Relief,Policy Advocacy,www.globalimpactfoundation3650.global,contact@globalimpactfoundation3650.ngo,Low,Pilot Testing
3651,Global Impact Foundation 3651,Australia,Poverty Relief,Rural Development,www.globalimpactfoundation3651.org,contact@globalimpactfoundation3651.ngo,Medium,Pilot Testing
3652,Global Impact Foundation 3652,UAE,Child Welfare,Disaster Relief,www.globalimpactfoundation3652.ngo,contact@globalimpactfoundation3652.org,Low,Partnership
3653,Global Impact Foundation 3653,UK,Health,Policy Advocacy,www.globalimpactfoundation3653.foundation,contact@globalimpactfoundation3653.foundation,High,Funding
3654,Global Impact Foundation 3654,UAE,Women Empowerment,Community Health,www.globalimpactfoundation3654.global,contact@globalimpactfoundation3654.global,Low,Partnership
3655,Global Impact Foundation 3655,UK,Health,Disaster Relief,www.globalimpactfoundation3655.org,contact@globalimpactfoundation3655.global,High,Outreach
3656,Global Impact Foundation 3656,Brazil,Poverty Relief,Community Health,www.globalimpactfoundation3656.ngo,contact@globalimpactfoundation3656.org,Low,Funding
3657,Global Impact Foundation 3657,UK,Environment,Rural Development,www.globalimpactfoundation3657.global,contact@globalimpactfoundation3657.ngo,Low,Pilot Testing
3658,Global Impact Foundation 3658,South Africa,Education,Disaster Relief,www.globalimpactfoundation3658.ngo,contact@globalimpactfoundation3658.foundation,Medium,Partnership
3659,Global Impact Foundation 3659,UK,Women Empowerment,Urban Support,www.globalimpactfoundation3659.org,contact@globalimpactfoundation3659.global,Low,Pilot Testing
3660,Global Impact Foundation 3660,UAE,Education,Community Health,www.globalimpactfoundation3660.foundation,contact@globalimpactfoundation3660.global,High,Outreach
3661,Global Impact Foundation 3661,Brazil,Health,Skill Development,www.globalimpactfoundation3661.foundation,contact@globalimpactfoundation3661.foundation,Low,Pilot Testing
3662,Global Impact Foundation 3662,India,Poverty Relief,Urban Support,www.globalimpactfoundation3662.foundation,contact@globalimpactfoundation3662.foundation,Medium,Pilot Testing
3663,Global Impact Foundation 3663,Germany,Child Welfare,Community Health,www.globalimpactfoundation3663.org,contact@globalimpactfoundation3663.org,Low,Partnership
3664,Global Impact Foundation 3664,Kenya,Poverty Relief,Rural Development,www.globalimpactfoundation3664.global,contact@globalimpactfoundation3664.global,Medium,Partnership
3665,Global Impact Foundation 3665,India,Environment,Rural Development,www.globalimpactfoundation3665.ngo,contact@globalimpactfoundation3665.foundation,High,Pilot Testing
3666,Global Impact Foundation 3666,Kenya,Health,Urban Support,www.globalimpactfoundation3666.global,contact@globalimpactfoundation3666.global,High,Pilot Testing
3667,Global Impact Foundation 3667,UAE,Women Empowerment,Policy Advocacy,www.globalimpactfoundation3667.org,contact@globalimpactfoundation3667.global,Medium,Outreach
3668,Global Impact Foundation 3668,USA,Health,Skill Development,www.globalimpactfoundation3668.ngo,contact@globalimpactfoundation3668.global,High,Outreach
3669,Global Impact Foundation 3669,UAE,Human Rights,Skill Development,www.globalimpactfoundation3669.ngo,contact@globalimpactfoundation3669.org,High,Pilot Testing
3670,Global Impact Foundation 3670,UAE,Environment,Rural Development,www.globalimpactfoundation3670.foundation,contact@globalimpactfoundation3670.foundation,High,Pilot Testing
3671,Global Impact Foundation 3671,India,Human Rights,Urban Support,www.globalimpactfoundation3671.global,contact@globalimpactfoundation3671.org,Low,Funding
3672,Global Impact Foundation 3672,Germany,Environment,Skill Development,www.globalimpactfoundation3672.foundation,contact@globalimpactfoundation3672.global,Low,Outreach
3673,Global Impact Foundation 3673,South Africa,Poverty Relief,Community Health,www.globalimpactfoundation3673.ngo,contact@globalimpactfoundation3673.global,Low,Pilot Testing
3674,Global Impact Foundation 3674,Brazil,Women Empowerment,Skill Development,www.globalimpactfoundation3674.global,contact@globalimpactfoundation3674.ngo,Medium,Funding
3675,Global Impact Foundation 3675,USA,Child Welfare,Policy Advocacy,www.globalimpactfoundation3675.org,contact@globalimpactfoundation3675.ngo,Medium,Partnership
3676,Global Impact Foundation 3676,Canada,Human Rights,Rural Development,www.globalimpactfoundation3676.foundation,contact@globalimpactfoundation3676.org,High,Pilot Testing
3677,Global Impact Foundation 3677,Australia,Women Empowerment,Rural Development,www.globalimpactfoundation3677.ngo,contact@globalimpactfoundation3677.ngo,Medium,Partnership
3678,Global Impact Foundation 3678,USA,Education,Disaster Relief,www.globalimpactfoundation3678.ngo,contact@globalimpactfoundation3678.ngo,High,Partnership
3679,Global Impact Foundation 3679,UK,Poverty Relief,Community Health,www.globalimpactfoundation3679.ngo,contact@globalimpactfoundation3679.ngo,Low,Outreach
3680,Global Impact Foundation 3680,UAE,Health,Policy Advocacy,www.globalimpactfoundation3680.ngo,contact@globalimpactfoundation3680.ngo,Low,Outreach
3681,Global Impact Foundation 3681,UK,Women Empowerment,Disaster Relief,www.globalimpactfoundation3681.foundation,contact@globalimpactfoundation3681.foundation,High,Outreach
3682,Global Impact Foundation 3682,UAE,Education,Community Health,www.globalimpactfoundation3682.org,contact@globalimpactfoundation3682.foundation,Medium,Pilot Testing
3683,Global Impact Foundation 3683,Canada,Education,Policy Advocacy,www.globalimpactfoundation3683.ngo,contact@globalimpactfoundation3683.global,Low,Pilot Testing
3684,Global Impact Foundation 3684,Brazil,Human Rights,Disaster Relief,www.globalimpactfoundation3684.global,contact@globalimpactfoundation3684.foundation,Low,Pilot Testing
3685,Global Impact Foundation 3685,UAE,Child Welfare,Disaster Relief,www.globalimpactfoundation3685.org,contact@globalimpactfoundation3685.global,Medium,Funding
3686,Global Impact Foundation 3686,Germany,Education,Rural Development,www.globalimpactfoundation3686.ngo,contact@globalimpactfoundation3686.org,Medium,Outreach
3687,Global Impact Foundation 3687,Germany,Education,Disaster Relief,www.globalimpactfoundation3687.ngo,contact@globalimpactfoundation3687.global,Low,Partnership
3688,Global Impact Foundation 3688,Kenya,Health,Rural Development,www.globalimpactfoundation3688.foundation,contact@globalimpactfoundation3688.org,Low,Pilot Testing
3689,Global Impact Foundation 3689,USA,Child Welfare,Policy Advocacy,www.globalimpactfoundation3689.org,contact@globalimpactfoundation3689.ngo,Low,Funding
3690,Global Impact Foundation 3690,India,Health,Rural Development,www.globalimpactfoundation3690.foundation,contact@globalimpactfoundation3690.foundation,Medium,Funding
3691,Global Impact Foundation 3691,Australia,Child Welfare,Policy Advocacy,www.globalimpactfoundation3691.ngo,contact@globalimpactfoundation3691.org,High,Pilot Testing
3692,Global Impact Foundation 3692,UK,Poverty Relief,Urban Support,www.globalimpactfoundation3692.org,contact@globalimpactfoundation3692.foundation,Medium,Partnership
3693,Global Impact Foundation 3693,Germany,Health,Urban Support,www.globalimpactfoundation3693.global,contact@globalimpactfoundation3693.foundation,High,Pilot Testing
3694,Global Impact Foundation 3694,Canada,Environment,Urban Support,www.globalimpactfoundation3694.org,contact@globalimpactfoundation3694.global,Medium,Pilot Testing
3695,Global Impact Foundation 3695,USA,Human Rights,Skill Development,www.globalimpactfoundation3695.org,contact@globalimpactfoundation3695.ngo,High,Outreach
3696,Global Impact Foundation 3696,UK,Women Empowerment,Urban Support,www.globalimpactfoundation3696.org,contact@globalimpactfoundation3696.org,Medium,Partnership
3697,Global Impact Foundation 3697,Australia,Human Rights,Policy Advocacy,www.globalimpactfoundation3697.org,contact@globalimpactfoundation3697.org,Low,Outreach
3698,Global Impact Foundation 3698,Germany,Child Welfare,Urban Support,www.globalimpactfoundation3698.org,contact@globalimpactfoundation3698.ngo,High,Pilot Testing
3699,Global Impact Foundation 3699,South Africa,Education,Rural Development,www.globalimpactfoundation3699.foundation,contact@globalimpactfoundation3699.global,Medium,Outreach
3700,Global Impact Foundation 3700,Kenya,Poverty Relief,Community Health,www.globalimpactfoundation3700.ngo,contact@globalimpactfoundation3700.org,Medium,Funding
3701,Global Impact Foundation 3701,Brazil,Human Rights,Urban Support,www.globalimpactfoundation3701.org,contact@globalimpactfoundation3701.global,Low,Funding
3702,Global Impact Foundation 3702,India,Human Rights,Skill Development,www.globalimpactfoundation3702.foundation,contact@globalimpactfoundation3702.ngo,High,Outreach
3703,Global Impact Foundation 3703,South Africa,Poverty Relief,Urban Support,www.globalimpactfoundation3703.foundation,contact@globalimpactfoundation3703.ngo,Medium,Outreach
3704,Global Impact Foundation 3704,India,Education,Rural Development,www.globalimpactfoundation3704.org,contact@globalimpactfoundation3704.ngo,Medium,Funding
3705,Global Impact Foundation 3705,Canada,Women Empowerment,Skill Development,www.globalimpactfoundation3705.foundation,contact@globalimpactfoundation3705.org,Low,Outreach
3706,Global Impact Foundation 3706,UAE,Environment,Community Health,www.globalimpactfoundation3706.ngo,contact@globalimpactfoundation3706.ngo,Medium,Funding
3707,Global Impact Foundation 3707,UAE,Child Welfare,Disaster Relief,www.globalimpactfoundation3707.org,contact@globalimpactfoundation3707.foundation,Low,Partnership
3708,Global Impact Foundation 3708,Kenya,Environment,Policy Advocacy,www.globalimpactfoundation3708.global,contact@globalimpactfoundation3708.global,Medium,Outreach
3709,Global Impact Foundation 3709,USA,Education,Skill Development,www.globalimpactfoundation3709.foundation,contact@globalimpactfoundation3709.org,High,Outreach
3710,Global Impact Foundation 3710,UK,Human Rights,Policy Advocacy,www.globalimpactfoundation3710.org,contact@globalimpactfoundation3710.foundation,Medium,Partnership
3711,Global Impact Foundation 3711,Brazil,Poverty Relief,Urban Support,www.globalimpactfoundation3711.org,contact@globalimpactfoundation3711.org,Medium,Partnership
3712,Global Impact Foundation 3712,USA,Human Rights,Community Health,www.globalimpactfoundation3712.global,contact@globalimpactfoundation3712.ngo,High,Outreach
3713,Global Impact Foundation 3713,Kenya,Child Welfare,Disaster Relief,www.globalimpactfoundation3713.foundation,contact@globalimpactfoundation3713.foundation,Low,Partnership
3714,Global Impact Foundation 3714,UAE,Child Welfare,Rural Development,www.globalimpactfoundation3714.global,contact@globalimpactfoundation3714.ngo,Low,Partnership
3715,Global Impact Foundation 3715,Australia,Human Rights,Community Health,www.globalimpactfoundation3715.org,contact@globalimpactfoundation3715.org,Low,Partnership
3716,Global Impact Foundation 3716,Brazil,Health,Skill Development,www.globalimpactfoundation3716.ngo,contact@globalimpactfoundation3716.org,Low,Partnership
3717,Global Impact Foundation 3717,USA,Health,Urban Support,www.globalimpactfoundation3717.org,contact@globalimpactfoundation3717.org,Medium,Funding
3718,Global Impact Foundation 3718,Kenya,Human Rights,Community Health,www.globalimpactfoundation3718.org,contact@globalimpactfoundation3718.global,High,Outreach
3719,Global Impact Foundation 3719,Canada,Environment,Skill Development,www.globalimpactfoundation3719.ngo,contact@globalimpactfoundation3719.global,Medium,Partnership
3720,Global Impact Foundation 3720,Australia,Women Empowerment,Policy Advocacy,www.globalimpactfoundation3720.global,contact@globalimpactfoundation3720.foundation,High,Pilot Testing
3721,Global Impact Foundation 3721,India,Human Rights,Disaster Relief,www.globalimpactfoundation3721.org,contact@globalimpactfoundation3721.foundation,Medium,Funding
3722,Global Impact Foundation 3722,South Africa,Education,Urban Support,www.globalimpactfoundation3722.ngo,contact@globalimpactfoundation3722.foundation,Medium,Funding
3723,Global Impact Foundation 3723,Brazil,Human Rights,Rural Development,www.globalimpactfoundation3723.ngo,contact@globalimpactfoundation3723.foundation,High,Pilot Testing
3724,Global Impact Foundation 3724,Brazil,Human Rights,Urban Support,www.globalimpactfoundation3724.global,contact@globalimpactfoundation3724.org,Medium,Pilot Testing
3725,Global Impact Foundation 3725,UK,Environment,Rural Development,www.globalimpactfoundation3725.ngo,contact@globalimpactfoundation3725.foundation,Low,Funding
3726,Global Impact Foundation 3726,India,Human Rights,Rural Development,www.globalimpactfoundation3726.global,contact@globalimpactfoundation3726.global,Medium,Outreach
3727,Global Impact Foundation 3727,Kenya,Women Empowerment,Policy Advocacy,www.globalimpactfoundation3727.foundation,contact@globalimpactfoundation3727.global,High,Outreach
3728,Global Impact Foundation 3728,Canada,Environment,Policy Advocacy,www.globalimpactfoundation3728.ngo,contact@globalimpactfoundation3728.ngo,High,Pilot Testing
3729,Global Impact Foundation 3729,Brazil,Environment,Community Health,www.globalimpactfoundation3729.org,contact@globalimpactfoundation3729.global,Low,Partnership
3730,Global Impact Foundation 3730,UK,Human Rights,Skill Development,www.globalimpactfoundation3730.foundation,contact@globalimpactfoundation3730.foundation,Low,Partnership
3731,Global Impact Foundation 3731,UAE,Women Empowerment,Policy Advocacy,www.globalimpactfoundation3731.ngo,contact@globalimpactfoundation3731.foundation,High,Outreach
3732,Global Impact Foundation 3732,Brazil,Human Rights,Policy Advocacy,www.globalimpactfoundation3732.org,contact@globalimpactfoundation3732.org,High,Partnership
3733,Global Impact Foundation 3733,Australia,Human Rights,Community Health,www.globalimpactfoundation3733.global,contact@globalimpactfoundation3733.global,Low,Funding
3734,Global Impact Foundation 3734,Canada,Poverty Relief,Community Health,www.globalimpactfoundation3734.ngo,contact@globalimpactfoundation3734.global,High,Outreach
3735,Global Impact Foundation 3735,South Africa,Poverty Relief,Policy Advocacy,www.globalimpactfoundation3735.org,contact@globalimpactfoundation3735.org,Low,Pilot Testing
3736,Global Impact Foundation 3736,South Africa,Human Rights,Rural Development,www.globalimpactfoundation3736.foundation,contact@globalimpactfoundation3736.ngo,High,Pilot Testing
3737,Global Impact Foundation 3737,Canada,Health,Community Health,www.globalimpactfoundation3737.ngo,contact@globalimpactfoundation3737.ngo,Low,Pilot Testing
3738,Global Impact Foundation 3738,Germany,Child Welfare,Policy Advocacy,www.globalimpactfoundation3738.foundation,contact@globalimpactfoundation3738.foundation,High,Partnership
3739,Global Impact Foundation 3739,Germany,Education,Disaster Relief,www.globalimpactfoundation3739.foundation,contact@globalimpactfoundation3739.ngo,Low,Partnership
3740,Global Impact Foundation 3740,UAE,Environment,Disaster Relief,www.globalimpactfoundation3740.org,contact@globalimpactfoundation3740.foundation,Medium,Outreach
3741,Global Impact Foundation 3741,UK,Women Empowerment,Urban Support,www.globalimpactfoundation3741.foundation,contact@globalimpactfoundation3741.org,Medium,Funding
3742,Global Impact Foundation 3742,UAE,Human Rights,Community Health,www.globalimpactfoundation3742.org,contact@globalimpactfoundation3742.foundation,Low,Partnership
3743,Global Impact Foundation 3743,Germany,Environment,Policy Advocacy,www.globalimpactfoundation3743.global,contact@globalimpactfoundation3743.foundation,Low,Partnership
3744,Global Impact Foundation 3744,Kenya,Child Welfare,Urban Support,www.globalimpactfoundation3744.ngo,contact@globalimpactfoundation3744.global,Low,Outreach
3745,Global Impact Foundation 3745,USA,Education,Policy Advocacy,www.globalimpactfoundation3745.org,contact@globalimpactfoundation3745.ngo,High,Partnership
3746,Global Impact Foundation 3746,Germany,Environment,Urban Support,www.globalimpactfoundation3746.global,contact@globalimpactfoundation3746.foundation,High,Pilot Testing
3747,Global Impact Foundation 3747,Germany,Environment,Policy Advocacy,www.globalimpactfoundation3747.global,contact@globalimpactfoundation3747.global,High,Pilot Testing
3748,Global Impact Foundation 3748,Kenya,Poverty Relief,Rural Development,www.globalimpactfoundation3748.foundation,contact@globalimpactfoundation3748.org,Medium,Partnership
3749,Global Impact Foundation 3749,South Africa,Poverty Relief,Skill Development,www.globalimpactfoundation3749.global,contact@globalimpactfoundation3749.ngo,Low,Partnership
3750,Global Impact Foundation 3750,UK,Health,Skill Development,www.globalimpactfoundation3750.foundation,contact@globalimpactfoundation3750.global,Medium,Outreach
3751,Global Impact Foundation 3751,USA,Health,Disaster Relief,www.globalimpactfoundation3751.ngo,contact@globalimpactfoundation3751.ngo,Medium,Partnership
3752,Global Impact Foundation 3752,Australia,Women Empowerment,Disaster Relief,www.globalimpactfoundation3752.global,contact@globalimpactfoundation3752.foundation,Medium,Funding
3753,Global Impact Foundation 3753,Germany,Poverty Relief,Skill Development,www.globalimpactfoundation3753.ngo,contact@globalimpactfoundation3753.foundation,Medium,Outreach
3754,Global Impact Foundation 3754,South Africa,Health,Urban Support,www.globalimpactfoundation3754.ngo,contact@globalimpactfoundation3754.foundation,Medium,Outreach
3755,Global Impact Foundation 3755,Kenya,Human Rights,Policy Advocacy,www.globalimpactfoundation3755.foundation,contact@globalimpactfoundation3755.org,High,Pilot Testing
3756,Global Impact Foundation 3756,USA,Health,Rural Development,www.globalimpactfoundation3756.ngo,contact@globalimpactfoundation3756.org,Low,Partnership
3757,Global Impact Foundation 3757,USA,Environment,Rural Development,www.globalimpactfoundation3757.org,contact@globalimpactfoundation3757.foundation,High,Outreach
3758,Global Impact Foundation 3758,USA,Health,Urban Support,www.globalimpactfoundation3758.org,contact@globalimpactfoundation3758.ngo,High,Partnership
3759,Global Impact Foundation 3759,Germany,Women Empowerment,Policy Advocacy,www.globalimpactfoundation3759.org,contact@globalimpactfoundation3759.foundation,Low,Partnership
3760,Global Impact Foundation 3760,Canada,Poverty Relief,Skill Development,www.globalimpactfoundation3760.ngo,contact@globalimpactfoundation3760.org,High,Partnership
3761,Global Impact Foundation 3761,Australia,Women Empowerment,Urban Support,www.globalimpactfoundation3761.foundation,contact@globalimpactfoundation3761.ngo,Low,Partnership
3762,Global Impact Foundation 3762,Germany,Health,Policy Advocacy,www.globalimpactfoundation3762.org,contact@globalimpactfoundation3762.foundation,Low,Pilot Testing
3763,Global Impact Foundation 3763,Brazil,Women Empowerment,Disaster Relief,www.globalimpactfoundation3763.global,contact@globalimpactfoundation3763.foundation,Medium,Funding
3764,Global Impact Foundation 3764,Kenya,Human Rights,Disaster Relief,www.globalimpactfoundation3764.ngo,contact@globalimpactfoundation3764.global,Low,Pilot Testing
3765,Global Impact Foundation 3765,Germany,Health,Disaster Relief,www.globalimpactfoundation3765.ngo,contact@globalimpactfoundation3765.ngo,Low,Funding
3766,Global Impact Foundation 3766,UAE,Health,Policy Advocacy,www.globalimpactfoundation3766.ngo,contact@globalimpactfoundation3766.global,Low,Pilot Testing
3767,Global Impact Foundation 3767,Australia,Health,Skill Development,www.globalimpactfoundation3767.global,contact@globalimpactfoundation3767.foundation,Low,Pilot Testing
3768,Global Impact Foundation 3768,USA,Women Empowerment,Community Health,www.globalimpactfoundation3768.global,contact@globalimpactfoundation3768.foundation,Medium,Partnership
3769,Global Impact Foundation 3769,Canada,Environment,Urban Support,www.globalimpactfoundation3769.foundation,contact@globalimpactfoundation3769.ngo,Low,Pilot Testing
3770,Global Impact Foundation 3770,Kenya,Environment,Community Health,www.globalimpactfoundation3770.ngo,contact@globalimpactfoundation3770.global,High,Pilot Testing
3771,Global Impact Foundation 3771,Brazil,Environment,Skill Development,www.globalimpactfoundation3771.foundation,contact@globalimpactfoundation3771.foundation,Medium,Partnership
3772,Global Impact Foundation 3772,Kenya,Health,Policy Advocacy,www.globalimpactfoundation3772.org,contact@globalimpactfoundation3772.global,Medium,Partnership
3773,Global Impact Foundation 3773,South Africa,Poverty Relief,Skill Development,www.globalimpactfoundation3773.global,contact@globalimpactfoundation3773.org,High,Partnership
3774,Global Impact Foundation 3774,Germany,Education,Community Health,www.globalimpactfoundation3774.global,contact@globalimpactfoundation3774.ngo,Medium,Pilot Testing
3775,Global Impact Foundation 3775,Germany,Child Welfare,Urban Support,www.globalimpactfoundation3775.org,contact@globalimpactfoundation3775.ngo,High,Outreach
3776,Global Impact Foundation 3776,South Africa,Women Empowerment,Policy Advocacy,www.globalimpactfoundation3776.ngo,contact@globalimpactfoundation3776.global,Medium,Outreach
3777,Global Impact Foundation 3777,UK,Child Welfare,Disaster Relief,www.globalimpactfoundation3777.org,contact@globalimpactfoundation3777.ngo,Medium,Pilot Testing
3778,Global Impact Foundation 3778,South Africa,Poverty Relief,Urban Support,www.globalimpactfoundation3778.ngo,contact@globalimpactfoundation3778.ngo,High,Partnership
3779,Global Impact Foundation 3779,Germany,Poverty Relief,Disaster Relief,www.globalimpactfoundation3779.global,contact@globalimpactfoundation3779.org,Low,Partnership
3780,Global Impact Foundation 3780,UAE,Human Rights,Community Health,www.globalimpactfoundation3780.ngo,contact@globalimpactfoundation3780.org,Low,Partnership
3781,Global Impact Foundation 3781,Brazil,Environment,Rural Development,www.globalimpactfoundation3781.foundation,contact@globalimpactfoundation3781.ngo,Low,Outreach
3782,Global Impact Foundation 3782,Germany,Poverty Relief,Disaster Relief,www.globalimpactfoundation3782.ngo,contact@globalimpactfoundation3782.foundation,Low,Partnership
3783,Global Impact Foundation 3783,UAE,Child Welfare,Skill Development,www.globalimpactfoundation3783.foundation,contact@globalimpactfoundation3783.org,Low,Funding
3784,Global Impact Foundation 3784,UAE,Environment,Rural Development,www.globalimpactfoundation3784.global,contact@globalimpactfoundation3784.foundation,Medium,Outreach
3785,Global Impact Foundation 3785,Canada,Environment,Community Health,www.globalimpactfoundation3785.org,contact@globalimpactfoundation3785.global,High,Funding
3786,Global Impact Foundation 3786,Brazil,Child Welfare,Rural Development,www.globalimpactfoundation3786.global,contact@globalimpactfoundation3786.ngo,Low,Partnership
3787,Global Impact Foundation 3787,South Africa,Poverty Relief,Policy Advocacy,www.globalimpactfoundation3787.org,contact@globalimpactfoundation3787.ngo,High,Pilot Testing
3788,Global Impact Foundation 3788,South Africa,Environment,Skill Development,www.globalimpactfoundation3788.org,contact@globalimpactfoundation3788.org,Medium,Partnership
3789,Global Impact Foundation 3789,USA,Human Rights,Policy Advocacy,www.globalimpactfoundation3789.ngo,contact@globalimpactfoundation3789.global,Medium,Funding
3790,Global Impact Foundation 3790,Canada,Health,Policy Advocacy,www.globalimpactfoundation3790.foundation,contact@globalimpactfoundation3790.global,Low,Outreach
3791,Global Impact Foundation 3791,Brazil,Women Empowerment,Rural Development,www.globalimpactfoundation3791.foundation,contact@globalimpactfoundation3791.global,Medium,Funding
3792,Global Impact Foundation 3792,South Africa,Poverty Relief,Urban Support,www.globalimpactfoundation3792.global,contact@globalimpactfoundation3792.ngo,High,Funding
3793,Global Impact Foundation 3793,Germany,Child Welfare,Rural Development,www.globalimpactfoundation3793.org,contact@globalimpactfoundation3793.global,Low,Outreach
3794,Global Impact Foundation 3794,UK,Child Welfare,Rural Development,www.globalimpactfoundation3794.foundation,contact@globalimpactfoundation3794.ngo,Medium,Pilot Testing
3795,Global Impact Foundation 3795,UAE,Child Welfare,Rural Development,www.globalimpactfoundation3795.global,contact@globalimpactfoundation3795.global,Medium,Partnership
3796,Global Impact Foundation 3796,UK,Poverty Relief,Disaster Relief,www.globalimpactfoundation3796.foundation,contact@globalimpactfoundation3796.global,Medium,Outreach
3797,Global Impact Foundation 3797,UAE,Women Empowerment,Urban Support,www.globalimpactfoundation3797.org,contact@globalimpactfoundation3797.foundation,High,Pilot Testing
3798,Global Impact Foundation 3798,South Africa,Women Empowerment,Urban Support,www.globalimpactfoundation3798.foundation,contact@globalimpactfoundation3798.ngo,High,Outreach
3799,Global Impact Foundation 3799,USA,Women Empowerment,Policy Advocacy,www.globalimpactfoundation3799.global,contact@globalimpactfoundation3799.org,Low,Partnership
3800,Global Impact Foundation 3800,Kenya,Human Rights,Community Health,www.globalimpactfoundation3800.org,contact@globalimpactfoundation3800.org,Low,Pilot Testing
3801,Global Impact Foundation 3801,Brazil,Child Welfare,Skill Development,www.globalimpactfoundation3801.ngo,contact@globalimpactfoundation3801.foundation,Medium,Funding
3802,Global Impact Foundation 3802,Kenya,Human Rights,Skill Development,www.globalimpactfoundation3802.org,contact@globalimpactfoundation3802.foundation,Low,Funding
3803,Global Impact Foundation 3803,Australia,Women Empowerment,Skill Development,www.globalimpactfoundation3803.ngo,contact@globalimpactfoundation3803.global,High,Funding
3804,Global Impact Foundation 3804,South Africa,Human Rights,Skill Development,www.globalimpactfoundation3804.ngo,contact@globalimpactfoundation3804.global,Low,Funding
3805,Global Impact Foundation 3805,UK,Poverty Relief,Disaster Relief,www.globalimpactfoundation3805.global,contact@globalimpactfoundation3805.org,Medium,Funding
3806,Global Impact Foundation 3806,UAE,Women Empowerment,Skill Development,www.globalimpactfoundation3806.foundation,contact@globalimpactfoundation3806.foundation,Medium,Outreach
3807,Global Impact Foundation 3807,UAE,Women Empowerment,Disaster Relief,www.globalimpactfoundation3807.org,contact@globalimpactfoundation3807.org,Medium,Pilot Testing
3808,Global Impact Foundation 3808,Australia,Poverty Relief,Disaster Relief,www.globalimpactfoundation3808.ngo,contact@globalimpactfoundation3808.org,High,Partnership
3809,Global Impact Foundation 3809,Germany,Environment,Rural Development,www.globalimpactfoundation3809.org,contact@globalimpactfoundation3809.foundation,Low,Funding
3810,Global Impact Foundation 3810,USA,Poverty Relief,Policy Advocacy,www.globalimpactfoundation3810.foundation,contact@globalimpactfoundation3810.org,Low,Outreach
3811,Global Impact Foundation 3811,Kenya,Human Rights,Disaster Relief,www.globalimpactfoundation3811.org,contact@globalimpactfoundation3811.foundation,Low,Funding
3812,Global Impact Foundation 3812,UK,Child Welfare,Policy Advocacy,www.globalimpactfoundation3812.global,contact@globalimpactfoundation3812.org,Medium,Funding
3813,Global Impact Foundation 3813,USA,Poverty Relief,Community Health,www.globalimpactfoundation3813.org,contact@globalimpactfoundation3813.org,High,Partnership
3814,Global Impact Foundation 3814,UK,Education,Skill Development,www.globalimpactfoundation3814.global,contact@globalimpactfoundation3814.foundation,Medium,Funding
3815,Global Impact Foundation 3815,Kenya,Education,Urban Support,www.globalimpactfoundation3815.global,contact@globalimpactfoundation3815.global,High,Outreach
3816,Global Impact Foundation 3816,UAE,Human Rights,Rural Development,www.globalimpactfoundation3816.foundation,contact@globalimpactfoundation3816.global,Medium,Pilot Testing
3817,Global Impact Foundation 3817,Australia,Health,Policy Advocacy,www.globalimpactfoundation3817.foundation,contact@globalimpactfoundation3817.foundation,Medium,Outreach
3818,Global Impact Foundation 3818,India,Child Welfare,Skill Development,www.globalimpactfoundation3818.global,contact@globalimpactfoundation3818.org,Low,Outreach
3819,Global Impact Foundation 3819,Germany,Health,Policy Advocacy,www.globalimpactfoundation3819.org,contact@globalimpactfoundation3819.org,Medium,Funding
3820,Global Impact Foundation 3820,Kenya,Environment,Skill Development,www.globalimpactfoundation3820.ngo,contact@globalimpactfoundation3820.global,Medium,Partnership
3821,Global Impact Foundation 3821,Germany,Health,Community Health,www.globalimpactfoundation3821.org,contact@globalimpactfoundation3821.foundation,Medium,Outreach
3822,Global Impact Foundation 3822,Brazil,Poverty Relief,Disaster Relief,www.globalimpactfoundation3822.foundation,contact@globalimpactfoundation3822.ngo,High,Pilot Testing
3823,Global Impact Foundation 3823,UAE,Child Welfare,Community Health,www.globalimpactfoundation3823.global,contact@globalimpactfoundation3823.org,Medium,Partnership
3824,Global Impact Foundation 3824,Australia,Poverty Relief,Disaster Relief,www.globalimpactfoundation3824.foundation,contact@globalimpactfoundation3824.foundation,Medium,Funding
3825,Global Impact Foundation 3825,UAE,Poverty Relief,Skill Development,www.globalimpactfoundation3825.foundation,contact@globalimpactfoundation3825.org,Medium,Partnership
3826,Global Impact Foundation 3826,USA,Environment,Disaster Relief,www.globalimpactfoundation3826.org,contact@globalimpactfoundation3826.foundation,Low,Outreach
3827,Global Impact Foundation 3827,Kenya,Health,Policy Advocacy,www.globalimpactfoundation3827.global,contact@globalimpactfoundation3827.foundation,Low,Partnership
3828,Global Impact Foundation 3828,Canada,Women Empowerment,Skill Development,www.globalimpactfoundation3828.ngo,contact@globalimpactfoundation3828.global,High,Outreach
3829,Global Impact Foundation 3829,South Africa,Child Welfare,Disaster Relief,www.globalimpactfoundation3829.org,contact@globalimpactfoundation3829.foundation,High,Partnership
3830,Global Impact Foundation 3830,Kenya,Poverty Relief,Community Health,www.globalimpactfoundation3830.ngo,contact@globalimpactfoundation3830.foundation,Low,Funding
3831,Global Impact Foundation 3831,UK,Environment,Policy Advocacy,www.globalimpactfoundation3831.ngo,contact@globalimpactfoundation3831.foundation,Low,Funding
3832,Global Impact Foundation 3832,USA,Women Empowerment,Community Health,www.globalimpactfoundation3832.foundation,contact@globalimpactfoundation3832.global,Medium,Funding
3833,Global Impact Foundation 3833,Canada,Health,Urban Support,www.globalimpactfoundation3833.org,contact@globalimpactfoundation3833.org,Medium,Outreach
3834,Global Impact Foundation 3834,Kenya,Human Rights,Disaster Relief,www.globalimpactfoundation3834.foundation,contact@globalimpactfoundation3834.global,Medium,Pilot Testing
3835,Global Impact Foundation 3835,USA,Health,Disaster Relief,www.globalimpactfoundation3835.org,contact@globalimpactfoundation3835.ngo,High,Funding
3836,Global Impact Foundation 3836,UK,Human Rights,Community Health,www.globalimpactfoundation3836.global,contact@globalimpactfoundation3836.foundation,Low,Funding
3837,Global Impact Foundation 3837,India,Poverty Relief,Skill Development,www.globalimpactfoundation3837.org,contact@globalimpactfoundation3837.foundation,Low,Partnership
3838,Global Impact Foundation 3838,Kenya,Child Welfare,Policy Advocacy,www.globalimpactfoundation3838.global,contact@globalimpactfoundation3838.ngo,Medium,Funding
3839,Global Impact Foundation 3839,UK,Women Empowerment,Skill Development,www.globalimpactfoundation3839.foundation,contact@globalimpactfoundation3839.global,High,Funding
3840,Global Impact Foundation 3840,South Africa,Education,Policy Advocacy,www.globalimpactfoundation3840.org,contact@globalimpactfoundation3840.ngo,Low,Funding
3841,Global Impact Foundation 3841,Kenya,Child Welfare,Community Health,www.globalimpactfoundation3841.global,contact@globalimpactfoundation3841.org,High,Funding
3842,Global Impact Foundation 3842,Canada,Human Rights,Community Health,www.globalimpactfoundation3842.org,contact@globalimpactfoundation3842.ngo,Low,Outreach
3843,Global Impact Foundation 3843,Australia,Education,Urban Support,www.globalimpactfoundation3843.ngo,contact@globalimpactfoundation3843.ngo,High,Funding
3844,Global Impact Foundation 3844,Germany,Environment,Community Health,www.globalimpactfoundation3844.foundation,contact@globalimpactfoundation3844.org,High,Pilot Testing
3845,Global Impact Foundation 3845,USA,Human Rights,Community Health,www.globalimpactfoundation3845.foundation,contact@globalimpactfoundation3845.org,Medium,Funding
3846,Global Impact Foundation 3846,South Africa,Child Welfare,Urban Support,www.globalimpactfoundation3846.ngo,contact@globalimpactfoundation3846.foundation,High,Pilot Testing
3847,Global Impact Foundation 3847,India,Women Empowerment,Community Health,www.globalimpactfoundation3847.ngo,contact@globalimpactfoundation3847.foundation,Medium,Outreach
3848,Global Impact Foundation 3848,Brazil,Child Welfare,Rural Development,www.globalimpactfoundation3848.foundation,contact@globalimpactfoundation3848.foundation,High,Pilot Testing
3849,Global Impact Foundation 3849,India,Health,Skill Development,www.globalimpactfoundation3849.global,contact@globalimpactfoundation3849.foundation,Low,Funding
3850,Global Impact Foundation 3850,India,Women Empowerment,Rural Development,www.globalimpactfoundation3850.org,contact@globalimpactfoundation3850.global,Low,Outreach
3851,Global Impact Foundation 3851,Brazil,Environment,Rural Development,www.globalimpactfoundation3851.foundation,contact@globalimpactfoundation3851.ngo,Medium,Funding
3852,Global Impact Foundation 3852,Germany,Poverty Relief,Disaster Relief,www.globalimpactfoundation3852.org,contact@globalimpactfoundation3852.foundation,Medium,Funding
3853,Global Impact Foundation 3853,Canada,Child Welfare,Urban Support,www.globalimpactfoundation3853.ngo,contact@globalimpactfoundation3853.foundation,Medium,Outreach
3854,Global Impact Foundation 3854,Germany,Child Welfare,Skill Development,www.globalimpactfoundation3854.global,contact@globalimpactfoundation3854.ngo,High,Partnership
3855,Global Impact Foundation 3855,UK,Poverty Relief,Community Health,www.globalimpactfoundation3855.ngo,contact@globalimpactfoundation3855.ngo,Low,Outreach
3856,Global Impact Foundation 3856,Germany,Education,Disaster Relief,www.globalimpactfoundation3856.org,contact@globalimpactfoundation3856.ngo,High,Pilot Testing
3857,Global Impact Foundation 3857,UK,Human Rights,Rural Development,www.globalimpactfoundation3857.org,contact@globalimpactfoundation3857.org,Medium,Outreach
3858,Global Impact Foundation 3858,India,Human Rights,Rural Development,www.globalimpactfoundation3858.global,contact@globalimpactfoundation3858.global,High,Partnership
3859,Global Impact Foundation 3859,Australia,Environment,Disaster Relief,www.globalimpactfoundation3859.ngo,contact@globalimpactfoundation3859.global,Low,Outreach
3860,Global Impact Foundation 3860,Germany,Child Welfare,Community Health,www.globalimpactfoundation3860.global,contact@globalimpactfoundation3860.org,High,Pilot Testing
3861,Global Impact Foundation 3861,Brazil,Environment,Community Health,www.globalimpactfoundation3861.foundation,contact@globalimpactfoundation3861.org,High,Funding
3862,Global Impact Foundation 3862,Kenya,Environment,Disaster Relief,www.globalimpactfoundation3862.ngo,contact@globalimpactfoundation3862.foundation,High,Partnership
3863,Global Impact Foundation 3863,Germany,Women Empowerment,Rural Development,www.globalimpactfoundation3863.global,contact@globalimpactfoundation3863.org,Low,Pilot Testing
3864,Global Impact Foundation 3864,Australia,Child Welfare,Skill Development,www.globalimpactfoundation3864.ngo,contact@globalimpactfoundation3864.global,Medium,Pilot Testing
3865,Global Impact Foundation 3865,Brazil,Poverty Relief,Rural Development,www.globalimpactfoundation3865.global,contact@globalimpactfoundation3865.ngo,High,Partnership
3866,Global Impact Foundation 3866,India,Child Welfare,Skill Development,www.globalimpactfoundation3866.global,contact@globalimpactfoundation3866.foundation,High,Funding
3867,Global Impact Foundation 3867,UK,Health,Rural Development,www.globalimpactfoundation3867.foundation,contact@globalimpactfoundation3867.ngo,Medium,Partnership
3868,Global Impact Foundation 3868,UK,Women Empowerment,Rural Development,www.globalimpactfoundation3868.org,contact@globalimpactfoundation3868.foundation,Low,Funding
3869,Global Impact Foundation 3869,USA,Health,Urban Support,www.globalimpactfoundation3869.org,contact@globalimpactfoundation3869.ngo,Medium,Funding
3870,Global Impact Foundation 3870,Australia,Health,Disaster Relief,www.globalimpactfoundation3870.global,contact@globalimpactfoundation3870.ngo,Medium,Pilot Testing
3871,Global Impact Foundation 3871,South Africa,Child Welfare,Community Health,www.globalimpactfoundation3871.foundation,contact@globalimpactfoundation3871.ngo,High,Partnership
3872,Global Impact Foundation 3872,Australia,Education,Urban Support,www.globalimpactfoundation3872.ngo,contact@globalimpactfoundation3872.global,Medium,Outreach
3873,Global Impact Foundation 3873,Kenya,Education,Rural Development,www.globalimpactfoundation3873.ngo,contact@globalimpactfoundation3873.foundation,Low,Pilot Testing
3874,Global Impact Foundation 3874,UAE,Poverty Relief,Disaster Relief,www.globalimpactfoundation3874.org,contact@globalimpactfoundation3874.global,Medium,Partnership
3875,Global Impact Foundation 3875,Germany,Environment,Rural Development,www.globalimpactfoundation3875.global,contact@globalimpactfoundation3875.foundation,Medium,Partnership
3876,Global Impact Foundation 3876,Germany,Education,Disaster Relief,www.globalimpactfoundation3876.foundation,contact@globalimpactfoundation3876.global,Low,Funding
3877,Global Impact Foundation 3877,Kenya,Human Rights,Policy Advocacy,www.globalimpactfoundation3877.foundation,contact@globalimpactfoundation3877.org,Medium,Partnership
3878,Global Impact Foundation 3878,UK,Women Empowerment,Policy Advocacy,www.globalimpactfoundation3878.global,contact@globalimpactfoundation3878.org,Medium,Outreach
3879,Global Impact Foundation 3879,India,Women Empowerment,Rural Development,www.globalimpactfoundation3879.org,contact@globalimpactfoundation3879.foundation,Medium,Partnership
3880,Global Impact Foundation 3880,Brazil,Health,Rural Development,www.globalimpactfoundation3880.org,contact@globalimpactfoundation3880.global,Low,Partnership
3881,Global Impact Foundation 3881,Kenya,Environment,Community Health,www.globalimpactfoundation3881.ngo,contact@globalimpactfoundation3881.org,Low,Partnership
3882,Global Impact Foundation 3882,Brazil,Human Rights,Community Health,www.globalimpactfoundation3882.org,contact@globalimpactfoundation3882.global,High,Outreach
3883,Global Impact Foundation 3883,USA,Environment,Skill Development,www.globalimpactfoundation3883.foundation,contact@globalimpactfoundation3883.global,Low,Outreach
3884,Global Impact Foundation 3884,Kenya,Human Rights,Policy Advocacy,www.globalimpactfoundation3884.global,contact@globalimpactfoundation3884.global,High,Pilot Testing
3885,Global Impact Foundation 3885,UK,Poverty Relief,Skill Development,www.globalimpactfoundation3885.ngo,contact@globalimpactfoundation3885.ngo,Low,Funding
3886,Global Impact Foundation 3886,Germany,Poverty Relief,Disaster Relief,www.globalimpactfoundation3886.global,contact@globalimpactfoundation3886.foundation,High,Partnership
3887,Global Impact Foundation 3887,Brazil,Child Welfare,Skill Development,www.globalimpactfoundation3887.foundation,contact@globalimpactfoundation3887.global,Low,Pilot Testing
3888,Global Impact Foundation 3888,Kenya,Child Welfare,Disaster Relief,www.globalimpactfoundation3888.global,contact@globalimpactfoundation3888.org,High,Funding
3889,Global Impact Foundation 3889,Germany,Women Empowerment,Skill Development,www.globalimpactfoundation3889.org,contact@globalimpactfoundation3889.foundation,Low,Outreach
3890,Global Impact Foundation 3890,Kenya,Child Welfare,Community Health,www.globalimpactfoundation3890.ngo,contact@globalimpactfoundation3890.foundation,High,Partnership
3891,Global Impact Foundation 3891,South Africa,Child Welfare,Community Health,www.globalimpactfoundation3891.ngo,contact@globalimpactfoundation3891.foundation,Low,Funding
3892,Global Impact Foundation 3892,Australia,Women Empowerment,Community Health,www.globalimpactfoundation3892.foundation,contact@globalimpactfoundation3892.foundation,High,Funding
3893,Global Impact Foundation 3893,Canada,Education,Disaster Relief,www.globalimpactfoundation3893.global,contact@globalimpactfoundation3893.ngo,High,Partnership
3894,Global Impact Foundation 3894,Germany,Environment,Skill Development,www.globalimpactfoundation3894.global,contact@globalimpactfoundation3894.org,Medium,Funding
3895,Global Impact Foundation 3895,Germany,Human Rights,Disaster Relief,www.globalimpactfoundation3895.ngo,contact@globalimpactfoundation3895.org,Low,Funding
3896,Global Impact Foundation 3896,Australia,Environment,Community Health,www.globalimpactfoundation3896.ngo,contact@globalimpactfoundation3896.foundation,Low,Pilot Testing
3897,Global Impact Foundation 3897,South Africa,Child Welfare,Skill Development,www.globalimpactfoundation3897.ngo,contact@globalimpactfoundation3897.org,Low,Outreach
3898,Global Impact Foundation 3898,India,Human Rights,Community Health,www.globalimpactfoundation3898.ngo,contact@globalimpactfoundation3898.foundation,Medium,Outreach
3899,Global Impact Foundation 3899,Canada,Environment,Skill Development,www.globalimpactfoundation3899.ngo,contact@globalimpactfoundation3899.org,Medium,Outreach
3900,Global Impact Foundation 3900,South Africa,Environment,Disaster Relief,www.globalimpactfoundation3900.org,contact@globalimpactfoundation3900.global,High,Outreach
3901,Global Impact Foundation 3901,South Africa,Child Welfare,Disaster Relief,www.globalimpactfoundation3901.org,contact@globalimpactfoundation3901.foundation,High,Outreach
3902,Global Impact Foundation 3902,Kenya,Health,Rural Development,www.globalimpactfoundation3902.org,contact@globalimpactfoundation3902.org,Low,Funding
3903,Global Impact Foundation 3903,Germany,Human Rights,Policy Advocacy,www.globalimpactfoundation3903.global,contact@globalimpactfoundation3903.foundation,High,Partnership
3904,Global Impact Foundation 3904,Australia,Environment,Rural Development,www.globalimpactfoundation3904.global,contact@globalimpactfoundation3904.ngo,High,Outreach
3905,Global Impact Foundation 3905,Australia,Human Rights,Skill Development,www.globalimpactfoundation3905.org,contact@globalimpactfoundation3905.global,Medium,Outreach
3906,Global Impact Foundation 3906,Brazil,Women Empowerment,Disaster Relief,www.globalimpactfoundation3906.org,contact@globalimpactfoundation3906.foundation,Low,Pilot Testing
3907,Global Impact Foundation 3907,Brazil,Education,Rural Development,www.globalimpactfoundation3907.global,contact@globalimpactfoundation3907.ngo,Low,Partnership
3908,Global Impact Foundation 3908,Australia,Health,Community Health,www.globalimpactfoundation3908.foundation,contact@globalimpactfoundation3908.global,High,Outreach
3909,Global Impact Foundation 3909,UAE,Health,Community Health,www.globalimpactfoundation3909.global,contact@globalimpactfoundation3909.foundation,Medium,Outreach
3910,Global Impact Foundation 3910,Canada,Health,Urban Support,www.globalimpactfoundation3910.org,contact@globalimpactfoundation3910.global,Low,Outreach
3911,Global Impact Foundation 3911,Canada,Women Empowerment,Rural Development,www.globalimpactfoundation3911.global,contact@globalimpactfoundation3911.global,Low,Outreach
3912,Global Impact Foundation 3912,Kenya,Environment,Urban Support,www.globalimpactfoundation3912.global,contact@globalimpactfoundation3912.ngo,High,Funding
3913,Global Impact Foundation 3913,UAE,Child Welfare,Rural Development,www.globalimpactfoundation3913.org,contact@globalimpactfoundation3913.ngo,Medium,Partnership
3914,Global Impact Foundation 3914,Brazil,Environment,Policy Advocacy,www.globalimpactfoundation3914.ngo,contact@globalimpactfoundation3914.org,Low,Pilot Testing
3915,Global Impact Foundation 3915,USA,Human Rights,Urban Support,www.globalimpactfoundation3915.foundation,contact@globalimpactfoundation3915.global,Medium,Outreach
3916,Global Impact Foundation 3916,South Africa,Poverty Relief,Community Health,www.globalimpactfoundation3916.org,contact@globalimpactfoundation3916.global,High,Partnership
3917,Global Impact Foundation 3917,UK,Child Welfare,Disaster Relief,www.globalimpactfoundation3917.foundation,contact@globalimpactfoundation3917.org,Low,Outreach
3918,Global Impact Foundation 3918,UK,Environment,Skill Development,www.globalimpactfoundation3918.foundation,contact@globalimpactfoundation3918.foundation,Low,Partnership
3919,Global Impact Foundation 3919,Canada,Women Empowerment,Community Health,www.globalimpactfoundation3919.org,contact@globalimpactfoundation3919.global,Medium,Pilot Testing
3920,Global Impact Foundation 3920,UK,Education,Community Health,www.globalimpactfoundation3920.foundation,contact@globalimpactfoundation3920.org,High,Funding
3921,Global Impact Foundation 3921,UAE,Child Welfare,Skill Development,www.globalimpactfoundation3921.org,contact@globalimpactfoundation3921.org,Low,Partnership
3922,Global Impact Foundation 3922,USA,Women Empowerment,Urban Support,www.globalimpactfoundation3922.ngo,contact@globalimpactfoundation3922.org,Medium,Partnership
3923,Global Impact Foundation 3923,UK,Women Empowerment,Skill Development,www.globalimpactfoundation3923.org,contact@globalimpactfoundation3923.ngo,High,Pilot Testing
3924,Global Impact Foundation 3924,South Africa,Environment,Disaster Relief,www.globalimpactfoundation3924.ngo,contact@globalimpactfoundation3924.org,High,Funding
3925,Global Impact Foundation 3925,South Africa,Child Welfare,Policy Advocacy,www.globalimpactfoundation3925.ngo,contact@globalimpactfoundation3925.org,Low,Partnership
3926,Global Impact Foundation 3926,Canada,Child Welfare,Rural Development,www.globalimpactfoundation3926.org,contact@globalimpactfoundation3926.ngo,High,Funding
3927,Global Impact Foundation 3927,Germany,Environment,Community Health,www.globalimpactfoundation3927.global,contact@globalimpactfoundation3927.global,High,Partnership
3928,Global Impact Foundation 3928,Germany,Human Rights,Skill Development,www.globalimpactfoundation3928.foundation,contact@globalimpactfoundation3928.global,Medium,Pilot Testing
3929,Global Impact Foundation 3929,Australia,Women Empowerment,Skill Development,www.globalimpactfoundation3929.ngo,contact@globalimpactfoundation3929.org,Low,Pilot Testing
3930,Global Impact Foundation 3930,Brazil,Health,Disaster Relief,www.globalimpactfoundation3930.global,contact@globalimpactfoundation3930.foundation,Low,Partnership
3931,Global Impact Foundation 3931,South Africa,Environment,Rural Development,www.globalimpactfoundation3931.global,contact@globalimpactfoundation3931.global,High,Funding
3932,Global Impact Foundation 3932,USA,Environment,Rural Development,www.globalimpactfoundation3932.org,contact@globalimpactfoundation3932.global,Low,Partnership
3933,Global Impact Foundation 3933,UK,Human Rights,Policy Advocacy,www.globalimpactfoundation3933.org,contact@globalimpactfoundation3933.ngo,Medium,Outreach
3934,Global Impact Foundation 3934,UK,Health,Policy Advocacy,www.globalimpactfoundation3934.foundation,contact@globalimpactfoundation3934.ngo,Medium,Partnership
3935,Global Impact Foundation 3935,Germany,Education,Rural Development,www.globalimpactfoundation3935.org,contact@globalimpactfoundation3935.ngo,High,Funding
3936,Global Impact Foundation 3936,Canada,Environment,Skill Development,www.globalimpactfoundation3936.global,contact@globalimpactfoundation3936.org,Low,Partnership
3937,Global Impact Foundation 3937,Australia,Child Welfare,Urban Support,www.globalimpactfoundation3937.org,contact@globalimpactfoundation3937.global,Medium,Partnership
3938,Global Impact Foundation 3938,Brazil,Poverty Relief,Community Health,www.globalimpactfoundation3938.global,contact@globalimpactfoundation3938.org,High,Outreach
3939,Global Impact Foundation 3939,Brazil,Poverty Relief,Rural Development,www.globalimpactfoundation3939.global,contact@globalimpactfoundation3939.global,Medium,Outreach
3940,Global Impact Foundation 3940,Kenya,Women Empowerment,Community Health,www.globalimpactfoundation3940.ngo,contact@globalimpactfoundation3940.foundation,Medium,Outreach
3941,Global Impact Foundation 3941,USA,Child Welfare,Urban Support,www.globalimpactfoundation3941.foundation,contact@globalimpactfoundation3941.foundation,Medium,Partnership
3942,Global Impact Foundation 3942,Kenya,Health,Skill Development,www.globalimpactfoundation3942.global,contact@globalimpactfoundation3942.foundation,Low,Pilot Testing
3943,Global Impact Foundation 3943,UAE,Child Welfare,Policy Advocacy,www.globalimpactfoundation3943.ngo,contact@globalimpactfoundation3943.org,Low,Funding
3944,Global Impact Foundation 3944,UAE,Environment,Community Health,www.globalimpactfoundation3944.foundation,contact@globalimpactfoundation3944.global,Medium,Funding
3945,Global Impact Foundation 3945,India,Poverty Relief,Community Health,www.globalimpactfoundation3945.global,contact@globalimpactfoundation3945.ngo,Medium,Funding
3946,Global Impact Foundation 3946,Brazil,Child Welfare,Urban Support,www.globalimpactfoundation3946.org,contact@globalimpactfoundation3946.foundation,Medium,Pilot Testing
3947,Global Impact Foundation 3947,Germany,Health,Skill Development,www.globalimpactfoundation3947.ngo,contact@globalimpactfoundation3947.org,Low,Pilot Testing
3948,Global Impact Foundation 3948,UAE,Women Empowerment,Disaster Relief,www.globalimpactfoundation3948.ngo,contact@globalimpactfoundation3948.foundation,High,Funding
3949,Global Impact Foundation 3949,UK,Health,Disaster Relief,www.globalimpactfoundation3949.foundation,contact@globalimpactfoundation3949.ngo,Medium,Outreach
3950,Global Impact Foundation 3950,UAE,Women Empowerment,Urban Support,www.globalimpactfoundation3950.foundation,contact@globalimpactfoundation3950.org,Low,Funding
3951,Global Impact Foundation 3951,UK,Health,Skill Development,www.globalimpactfoundation3951.global,contact@globalimpactfoundation3951.foundation,Medium,Outreach
3952,Global Impact Foundation 3952,India,Poverty Relief,Rural Development,www.globalimpactfoundation3952.ngo,contact@globalimpactfoundation3952.ngo,High,Partnership
3953,Global Impact Foundation 3953,India,Environment,Community Health,www.globalimpactfoundation3953.global,contact@globalimpactfoundation3953.global,Medium,Partnership
3954,Global Impact Foundation 3954,Kenya,Human Rights,Policy Advocacy,www.globalimpactfoundation3954.foundation,contact@globalimpactfoundation3954.foundation,High,Funding
3955,Global Impact Foundation 3955,Kenya,Women Empowerment,Policy Advocacy,www.globalimpactfoundation3955.foundation,contact@globalimpactfoundation3955.global,Medium,Funding
3956,Global Impact Foundation 3956,UAE,Women Empowerment,Skill Development,www.globalimpactfoundation3956.ngo,contact@globalimpactfoundation3956.global,Low,Pilot Testing
3957,Global Impact Foundation 3957,UAE,Human Rights,Skill Development,www.globalimpactfoundation3957.global,contact@globalimpactfoundation3957.ngo,High,Funding
3958,Global Impact Foundation 3958,UAE,Women Empowerment,Community Health,www.globalimpactfoundation3958.ngo,contact@globalimpactfoundation3958.foundation,Medium,Outreach
3959,Global Impact Foundation 3959,UK,Poverty Relief,Skill Development,www.globalimpactfoundation3959.org,contact@globalimpactfoundation3959.foundation,Low,Funding
3960,Global Impact Foundation 3960,Kenya,Women Empowerment,Rural Development,www.globalimpactfoundation3960.foundation,contact@globalimpactfoundation3960.ngo,Low,Funding
3961,Global Impact Foundation 3961,Kenya,Health,Rural Development,www.globalimpactfoundation3961.ngo,contact@globalimpactfoundation3961.org,High,Funding
3962,Global Impact Foundation 3962,Kenya,Poverty Relief,Urban Support,www.globalimpactfoundation3962.org,contact@globalimpactfoundation3962.foundation,Medium,Outreach
3963,Global Impact Foundation 3963,India,Women Empowerment,Disaster Relief,www.globalimpactfoundation3963.org,contact@globalimpactfoundation3963.global,High,Pilot Testing
3964,Global Impact Foundation 3964,USA,Environment,Skill Development,www.globalimpactfoundation3964.global,contact@globalimpactfoundation3964.foundation,Medium,Partnership
3965,Global Impact Foundation 3965,India,Health,Urban Support,www.globalimpactfoundation3965.global,contact@globalimpactfoundation3965.global,Medium,Partnership
3966,Global Impact Foundation 3966,Germany,Health,Disaster Relief,www.globalimpactfoundation3966.ngo,contact@globalimpactfoundation3966.foundation,Low,Pilot Testing
3967,Global Impact Foundation 3967,Canada,Human Rights,Skill Development,www.globalimpactfoundation3967.ngo,contact@globalimpactfoundation3967.org,Medium,Funding
3968,Global Impact Foundation 3968,Australia,Child Welfare,Community Health,www.globalimpactfoundation3968.ngo,contact@globalimpactfoundation3968.ngo,High,Partnership
3969,Global Impact Foundation 3969,USA,Child Welfare,Disaster Relief,www.globalimpactfoundation3969.org,contact@globalimpactfoundation3969.global,Medium,Pilot Testing
3970,Global Impact Foundation 3970,Canada,Women Empowerment,Policy Advocacy,www.globalimpactfoundation3970.foundation,contact@globalimpactfoundation3970.foundation,High,Outreach
3971,Global Impact Foundation 3971,UAE,Poverty Relief,Disaster Relief,www.globalimpactfoundation3971.foundation,contact@globalimpactfoundation3971.org,Medium,Partnership
3972,Global Impact Foundation 3972,India,Environment,Disaster Relief,www.globalimpactfoundation3972.ngo,contact@globalimpactfoundation3972.global,Medium,Outreach
3973,Global Impact Foundation 3973,South Africa,Environment,Rural Development,www.globalimpactfoundation3973.global,contact@globalimpactfoundation3973.ngo,Medium,Partnership
3974,Global Impact Foundation 3974,UAE,Health,Rural Development,www.globalimpactfoundation3974.ngo,contact@globalimpactfoundation3974.ngo,High,Pilot Testing
3975,Global Impact Foundation 3975,UAE,Women Empowerment,Skill Development,www.globalimpactfoundation3975.global,contact@globalimpactfoundation3975.global,Medium,Pilot Testing
3976,Global Impact Foundation 3976,Kenya,Health,Community Health,www.globalimpactfoundation3976.ngo,contact@globalimpactfoundation3976.org,Medium,Partnership
3977,Global Impact Foundation 3977,Germany,Health,Rural Development,www.globalimpactfoundation3977.foundation,contact@globalimpactfoundation3977.foundation,High,Partnership
3978,Global Impact Foundation 3978,Brazil,Human Rights,Disaster Relief,www.globalimpactfoundation3978.foundation,contact@globalimpactfoundation3978.org,High,Funding
3979,Global Impact Foundation 3979,USA,Poverty Relief,Policy Advocacy,www.globalimpactfoundation3979.global,contact@globalimpactfoundation3979.global,High,Outreach
3980,Global Impact Foundation 3980,South Africa,Health,Policy Advocacy,www.globalimpactfoundation3980.global,contact@globalimpactfoundation3980.global,Medium,Funding
3981,Global Impact Foundation 3981,Canada,Poverty Relief,Rural Development,www.globalimpactfoundation3981.ngo,contact@globalimpactfoundation3981.foundation,Low,Outreach
3982,Global Impact Foundation 3982,USA,Environment,Disaster Relief,www.globalimpactfoundation3982.org,contact@globalimpactfoundation3982.global,Medium,Partnership
3983,Global Impact Foundation 3983,India,Human Rights,Urban Support,www.globalimpactfoundation3983.ngo,contact@globalimpactfoundation3983.ngo,Low,Outreach
3984,Global Impact Foundation 3984,UAE,Child Welfare,Urban Support,www.globalimpactfoundation3984.ngo,contact@globalimpactfoundation3984.org,Medium,Partnership
3985,Global Impact Foundation 3985,Brazil,Education,Skill Development,www.globalimpactfoundation3985.foundation,contact@globalimpactfoundation3985.global,High,Outreach
3986,Global Impact Foundation 3986,Germany,Health,Disaster Relief,www.globalimpactfoundation3986.ngo,contact@globalimpactfoundation3986.ngo,Low,Pilot Testing
3987,Global Impact Foundation 3987,South Africa,Education,Disaster Relief,www.globalimpactfoundation3987.org,contact@globalimpactfoundation3987.org,High,Partnership
3988,Global Impact Foundation 3988,India,Health,Policy Advocacy,www.globalimpactfoundation3988.global,contact@globalimpactfoundation3988.global,Low,Outreach
3989,Global Impact Foundation 3989,Kenya,Poverty Relief,Urban Support,www.globalimpactfoundation3989.global,contact@globalimpactfoundation3989.global,High,Pilot Testing
3990,Global Impact Foundation 3990,South Africa,Women Empowerment,Urban Support,www.globalimpactfoundation3990.org,contact@globalimpactfoundation3990.foundation,Medium,Partnership
3991,Global Impact Foundation 3991,India,Education,Policy Advocacy,www.globalimpactfoundation3991.global,contact@globalimpactfoundation3991.foundation,Medium,Partnership
3992,Global Impact Foundation 3992,UAE,Poverty Relief,Urban Support,www.globalimpactfoundation3992.global,contact@globalimpactfoundation3992.foundation,Medium,Pilot Testing
3993,Global Impact Foundation 3993,Kenya,Poverty Relief,Urban Support,www.globalimpactfoundation3993.global,contact@globalimpactfoundation3993.org,Low,Pilot Testing
3994,Global Impact Foundation 3994,UAE,Health,Urban Support,www.globalimpactfoundation3994.global,contact@globalimpactfoundation3994.global,High,Partnership
3995,Global Impact Foundation 3995,India,Child Welfare,Rural Development,www.globalimpactfoundation3995.foundation,contact@globalimpactfoundation3995.ngo,High,Outreach
3996,Global Impact Foundation 3996,UK,Poverty Relief,Policy Advocacy,www.globalimpactfoundation3996.foundation,contact@globalimpactfoundation3996.foundation,High,Pilot Testing
3997,Global Impact Foundation 3997,India,Women Empowerment,Rural Development,www.globalimpactfoundation3997.foundation,contact@globalimpactfoundation3997.global,High,Outreach
3998,Global Impact Foundation 3998,USA,Child Welfare,Community Health,www.globalimpactfoundation3998.ngo,contact@globalimpactfoundation3998.foundation,Low,Pilot Testing
3999,Global Impact Foundation 3999,USA,Child Welfare,Skill Development,www.globalimpactfoundation3999.ngo,contact@globalimpactfoundation3999.org,High,Pilot Testing
4000,Global Impact Foundation 4000,India,Education,Policy Advocacy,www.globalimpactfoundation4000.org,contact@globalimpactfoundation4000.foundation,Low,Outreach
4001,Global Impact Foundation 4001,Germany,Environment,Rural Development,www.globalimpactfoundation4001.ngo,contact@globalimpactfoundation4001.ngo,Medium,Pilot Testing
4002,Global Impact Foundation 4002,India,Education,Rural Development,www.globalimpactfoundation4002.foundation,contact@globalimpactfoundation4002.org,Low,Pilot Testing
4003,Global Impact Foundation 4003,Brazil,Poverty Relief,Disaster Relief,www.globalimpactfoundation4003.global,contact@globalimpactfoundation4003.global,Low,Funding
4004,Global Impact Foundation 4004,Canada,Poverty Relief,Urban Support,www.globalimpactfoundation4004.foundation,contact@globalimpactfoundation4004.ngo,High,Pilot Testing
4005,Global Impact Foundation 4005,Kenya,Child Welfare,Skill Development,www.globalimpactfoundation4005.foundation,contact@globalimpactfoundation4005.ngo,High,Pilot Testing
4006,Global Impact Foundation 4006,Brazil,Poverty Relief,Policy Advocacy,www.globalimpactfoundation4006.global,contact@globalimpactfoundation4006.foundation,High,Pilot Testing
4007,Global Impact Foundation 4007,Germany,Health,Rural Development,www.globalimpactfoundation4007.org,contact@globalimpactfoundation4007.foundation,High,Outreach
4008,Global Impact Foundation 4008,Kenya,Poverty Relief,Skill Development,www.globalimpactfoundation4008.foundation,contact@globalimpactfoundation4008.ngo,Medium,Partnership
4009,Global Impact Foundation 4009,India,Poverty Relief,Community Health,www.globalimpactfoundation4009.ngo,contact@globalimpactfoundation4009.ngo,High,Partnership
4010,Global Impact Foundation 4010,UK,Poverty Relief,Policy Advocacy,www.globalimpactfoundation4010.foundation,contact@globalimpactfoundation4010.global,Medium,Partnership
4011,Global Impact Foundation 4011,USA,Child Welfare,Disaster Relief,www.globalimpactfoundation4011.ngo,contact@globalimpactfoundation4011.ngo,Low,Partnership
4012,Global Impact Foundation 4012,USA,Health,Community Health,www.globalimpactfoundation4012.org,contact@globalimpactfoundation4012.ngo,High,Funding
4013,Global Impact Foundation 4013,Canada,Poverty Relief,Urban Support,www.globalimpactfoundation4013.global,contact@globalimpactfoundation4013.org,Medium,Pilot Testing
4014,Global Impact Foundation 4014,Germany,Poverty Relief,Policy Advocacy,www.globalimpactfoundation4014.ngo,contact@globalimpactfoundation4014.org,High,Pilot Testing
4015,Global Impact Foundation 4015,UAE,Environment,Disaster Relief,www.globalimpactfoundation4015.org,contact@globalimpactfoundation4015.ngo,Low,Partnership
4016,Global Impact Foundation 4016,South Africa,Health,Community Health,www.globalimpactfoundation4016.ngo,contact@globalimpactfoundation4016.ngo,Medium,Partnership
4017,Global Impact Foundation 4017,Brazil,Environment,Policy Advocacy,www.globalimpactfoundation4017.org,contact@globalimpactfoundation4017.foundation,Low,Funding
4018,Global Impact Foundation 4018,Germany,Women Empowerment,Rural Development,www.globalimpactfoundation4018.foundation,contact@globalimpactfoundation4018.global,Low,Outreach
4019,Global Impact Foundation 4019,Kenya,Health,Skill Development,www.globalimpactfoundation4019.foundation,contact@globalimpactfoundation4019.ngo,Medium,Partnership
4020,Global Impact Foundation 4020,UK,Human Rights,Disaster Relief,www.globalimpactfoundation4020.ngo,contact@globalimpactfoundation4020.global,Low,Outreach
4021,Global Impact Foundation 4021,Germany,Education,Urban Support,www.globalimpactfoundation4021.foundation,contact@globalimpactfoundation4021.foundation,High,Pilot Testing
4022,Global Impact Foundation 4022,UK,Human Rights,Disaster Relief,www.globalimpactfoundation4022.foundation,contact@globalimpactfoundation4022.global,Medium,Outreach
4023,Global Impact Foundation 4023,Canada,Women Empowerment,Skill Development,www.globalimpactfoundation4023.ngo,contact@globalimpactfoundation4023.org,Low,Partnership
4024,Global Impact Foundation 4024,Kenya,Environment,Community Health,www.globalimpactfoundation4024.ngo,contact@globalimpactfoundation4024.ngo,Low,Pilot Testing
4025,Global Impact Foundation 4025,Germany,Poverty Relief,Urban Support,www.globalimpactfoundation4025.ngo,contact@globalimpactfoundation4025.foundation,Medium,Funding
4026,Global Impact Foundation 4026,India,Child Welfare,Community Health,www.globalimpactfoundation4026.ngo,contact@globalimpactfoundation4026.foundation,Medium,Funding
4027,Global Impact Foundation 4027,UAE,Education,Skill Development,www.globalimpactfoundation4027.org,contact@globalimpactfoundation4027.org,High,Outreach
4028,Global Impact Foundation 4028,India,Child Welfare,Rural Development,www.globalimpactfoundation4028.ngo,contact@globalimpactfoundation4028.org,Medium,Pilot Testing
4029,Global Impact Foundation 4029,Germany,Human Rights,Policy Advocacy,www.globalimpactfoundation4029.ngo,contact@globalimpactfoundation4029.foundation,Low,Pilot Testing
4030,Global Impact Foundation 4030,USA,Environment,Disaster Relief,www.globalimpactfoundation4030.org,contact@globalimpactfoundation4030.ngo,Low,Outreach
4031,Global Impact Foundation 4031,India,Poverty Relief,Community Health,www.globalimpactfoundation4031.org,contact@globalimpactfoundation4031.org,High,Outreach
4032,Global Impact Foundation 4032,UK,Human Rights,Policy Advocacy,www.globalimpactfoundation4032.ngo,contact@globalimpactfoundation4032.global,High,Funding
4033,Global Impact Foundation 4033,Kenya,Child Welfare,Community Health,www.globalimpactfoundation4033.global,contact@globalimpactfoundation4033.foundation,Medium,Funding
4034,Global Impact Foundation 4034,South Africa,Health,Rural Development,www.globalimpactfoundation4034.ngo,contact@globalimpactfoundation4034.foundation,Medium,Funding
4035,Global Impact Foundation 4035,Australia,Human Rights,Community Health,www.globalimpactfoundation4035.ngo,contact@globalimpactfoundation4035.global,Medium,Outreach
4036,Global Impact Foundation 4036,Brazil,Women Empowerment,Policy Advocacy,www.globalimpactfoundation4036.ngo,contact@globalimpactfoundation4036.ngo,Medium,Pilot Testing
4037,Global Impact Foundation 4037,Canada,Environment,Urban Support,www.globalimpactfoundation4037.global,contact@globalimpactfoundation4037.global,Low,Funding
4038,Global Impact Foundation 4038,Germany,Health,Urban Support,www.globalimpactfoundation4038.foundation,contact@globalimpactfoundation4038.foundation,Medium,Partnership
4039,Global Impact Foundation 4039,Kenya,Health,Policy Advocacy,www.globalimpactfoundation4039.ngo,contact@globalimpactfoundation4039.global,Low,Partnership
4040,Global Impact Foundation 4040,Brazil,Human Rights,Policy Advocacy,www.globalimpactfoundation4040.org,contact@globalimpactfoundation4040.foundation,High,Pilot Testing
4041,Global Impact Foundation 4041,UAE,Poverty Relief,Disaster Relief,www.globalimpactfoundation4041.org,contact@globalimpactfoundation4041.org,Low,Funding
4042,Global Impact Foundation 4042,Canada,Education,Disaster Relief,www.globalimpactfoundation4042.org,contact@globalimpactfoundation4042.foundation,Low,Partnership
4043,Global Impact Foundation 4043,USA,Environment,Skill Development,www.globalimpactfoundation4043.global,contact@globalimpactfoundation4043.global,High,Pilot Testing
4044,Global Impact Foundation 4044,Canada,Human Rights,Skill Development,www.globalimpactfoundation4044.global,contact@globalimpactfoundation4044.foundation,Low,Pilot Testing
4045,Global Impact Foundation 4045,Kenya,Women Empowerment,Rural Development,www.globalimpactfoundation4045.ngo,contact@globalimpactfoundation4045.org,High,Outreach
4046,Global Impact Foundation 4046,South Africa,Poverty Relief,Community Health,www.globalimpactfoundation4046.foundation,contact@globalimpactfoundation4046.ngo,Low,Pilot Testing
4047,Global Impact Foundation 4047,Brazil,Health,Urban Support,www.globalimpactfoundation4047.foundation,contact@globalimpactfoundation4047.ngo,Low,Partnership
4048,Global Impact Foundation 4048,South Africa,Education,Policy Advocacy,www.globalimpactfoundation4048.ngo,contact@globalimpactfoundation4048.foundation,Low,Funding
4049,Global Impact Foundation 4049,USA,Women Empowerment,Urban Support,www.globalimpactfoundation4049.foundation,contact@globalimpactfoundation4049.foundation,Medium,Partnership
4050,Global Impact Foundation 4050,India,Environment,Rural Development,www.globalimpactfoundation4050.foundation,contact@globalimpactfoundation4050.org,Medium,Funding
4051,Global Impact Foundation 4051,Canada,Health,Disaster Relief,www.globalimpactfoundation4051.org,contact@globalimpactfoundation4051.foundation,Low,Partnership
4052,Global Impact Foundation 4052,Kenya,Health,Skill Development,www.globalimpactfoundation4052.org,contact@globalimpactfoundation4052.global,Medium,Outreach
4053,Global Impact Foundation 4053,Brazil,Child Welfare,Skill Development,www.globalimpactfoundation4053.org,contact@globalimpactfoundation4053.ngo,Medium,Pilot Testing
4054,Global Impact Foundation 4054,UK,Child Welfare,Urban Support,www.globalimpactfoundation4054.global,contact@globalimpactfoundation4054.ngo,High,Pilot Testing
4055,Global Impact Foundation 4055,Brazil,Human Rights,Community Health,www.globalimpactfoundation4055.global,contact@globalimpactfoundation4055.global,Low,Funding
4056,Global Impact Foundation 4056,UK,Women Empowerment,Urban Support,www.globalimpactfoundation4056.global,contact@globalimpactfoundation4056.org,Low,Pilot Testing
4057,Global Impact Foundation 4057,Canada,Poverty Relief,Urban Support,www.globalimpactfoundation4057.org,contact@globalimpactfoundation4057.global,Low,Outreach
4058,Global Impact Foundation 4058,Australia,Education,Skill Development,www.globalimpactfoundation4058.ngo,contact@globalimpactfoundation4058.ngo,Medium,Funding
4059,Global Impact Foundation 4059,Brazil,Environment,Policy Advocacy,www.globalimpactfoundation4059.global,contact@globalimpactfoundation4059.ngo,Medium,Pilot Testing
4060,Global Impact Foundation 4060,Canada,Poverty Relief,Disaster Relief,www.globalimpactfoundation4060.org,contact@globalimpactfoundation4060.org,High,Outreach
4061,Global Impact Foundation 4061,Canada,Poverty Relief,Rural Development,www.globalimpactfoundation4061.global,contact@globalimpactfoundation4061.foundation,Medium,Funding
4062,Global Impact Foundation 4062,South Africa,Environment,Disaster Relief,www.globalimpactfoundation4062.org,contact@globalimpactfoundation4062.org,Low,Funding
4063,Global Impact Foundation 4063,UK,Health,Skill Development,www.globalimpactfoundation4063.global,contact@globalimpactfoundation4063.ngo,High,Funding
4064,Global Impact Foundation 4064,Brazil,Human Rights,Community Health,www.globalimpactfoundation4064.global,contact@globalimpactfoundation4064.ngo,High,Pilot Testing
4065,Global Impact Foundation 4065,Brazil,Human Rights,Policy Advocacy,www.globalimpactfoundation4065.ngo,contact@globalimpactfoundation4065.global,High,Outreach
4066,Global Impact Foundation 4066,Canada,Health,Policy Advocacy,www.globalimpactfoundation4066.org,contact@globalimpactfoundation4066.ngo,Low,Outreach
4067,Global Impact Foundation 4067,India,Human Rights,Community Health,www.globalimpactfoundation4067.global,contact@globalimpactfoundation4067.org,High,Pilot Testing
4068,Global Impact Foundation 4068,Germany,Poverty Relief,Disaster Relief,www.globalimpactfoundation4068.foundation,contact@globalimpactfoundation4068.ngo,High,Outreach
4069,Global Impact Foundation 4069,Kenya,Human Rights,Rural Development,www.globalimpactfoundation4069.ngo,contact@globalimpactfoundation4069.foundation,High,Outreach
4070,Global Impact Foundation 4070,Brazil,Environment,Policy Advocacy,www.globalimpactfoundation4070.org,contact@globalimpactfoundation4070.ngo,High,Outreach
4071,Global Impact Foundation 4071,UAE,Education,Rural Development,www.globalimpactfoundation4071.ngo,contact@globalimpactfoundation4071.global,High,Partnership
4072,Global Impact Foundation 4072,UK,Poverty Relief,Policy Advocacy,www.globalimpactfoundation4072.ngo,contact@globalimpactfoundation4072.org,High,Partnership
4073,Global Impact Foundation 4073,India,Women Empowerment,Urban Support,www.globalimpactfoundation4073.ngo,contact@globalimpactfoundation4073.global,Medium,Funding
4074,Global Impact Foundation 4074,Australia,Health,Disaster Relief,www.globalimpactfoundation4074.global,contact@globalimpactfoundation4074.ngo,Medium,Pilot Testing
4075,Global Impact Foundation 4075,UK,Human Rights,Disaster Relief,www.globalimpactfoundation4075.foundation,contact@globalimpactfoundation4075.ngo,Medium,Outreach
4076,Global Impact Foundation 4076,Australia,Education,Disaster Relief,www.globalimpactfoundation4076.global,contact@globalimpactfoundation4076.foundation,Low,Outreach
4077,Global Impact Foundation 4077,Canada,Health,Skill Development,www.globalimpactfoundation4077.ngo,contact@globalimpactfoundation4077.ngo,Low,Pilot Testing
4078,Global Impact Foundation 4078,India,Women Empowerment,Rural Development,www.globalimpactfoundation4078.global,contact@globalimpactfoundation4078.global,Low,Partnership
4079,Global Impact Foundation 4079,UAE,Women Empowerment,Disaster Relief,www.globalimpactfoundation4079.foundation,contact@globalimpactfoundation4079.global,High,Partnership
4080,Global Impact Foundation 4080,South Africa,Education,Rural Development,www.globalimpactfoundation4080.ngo,contact@globalimpactfoundation4080.foundation,Low,Partnership
4081,Global Impact Foundation 4081,USA,Human Rights,Skill Development,www.globalimpactfoundation4081.org,contact@globalimpactfoundation4081.foundation,High,Partnership
4082,Global Impact Foundation 4082,South Africa,Poverty Relief,Skill Development,www.globalimpactfoundation4082.foundation,contact@globalimpactfoundation4082.org,High,Pilot Testing
4083,Global Impact Foundation 4083,South Africa,Human Rights,Disaster Relief,www.globalimpactfoundation4083.foundation,contact@globalimpactfoundation4083.ngo,Low,Pilot Testing
4084,Global Impact Foundation 4084,Kenya,Poverty Relief,Policy Advocacy,www.globalimpactfoundation4084.ngo,contact@globalimpactfoundation4084.org,Low,Partnership
4085,Global Impact Foundation 4085,Brazil,Education,Community Health,www.globalimpactfoundation4085.ngo,contact@globalimpactfoundation4085.foundation,Low,Funding
4086,Global Impact Foundation 4086,Brazil,Environment,Skill Development,www.globalimpactfoundation4086.org,contact@globalimpactfoundation4086.global,Low,Funding
4087,Global Impact Foundation 4087,Canada,Women Empowerment,Policy Advocacy,www.globalimpactfoundation4087.global,contact@globalimpactfoundation4087.global,High,Funding
4088,Global Impact Foundation 4088,Canada,Child Welfare,Policy Advocacy,www.globalimpactfoundation4088.foundation,contact@globalimpactfoundation4088.global,High,Pilot Testing
4089,Global Impact Foundation 4089,UAE,Poverty Relief,Urban Support,www.globalimpactfoundation4089.org,contact@globalimpactfoundation4089.foundation,Medium,Funding
4090,Global Impact Foundation 4090,UAE,Environment,Policy Advocacy,www.globalimpactfoundation4090.ngo,contact@globalimpactfoundation4090.org,Medium,Funding
4091,Global Impact Foundation 4091,Germany,Women Empowerment,Disaster Relief,www.globalimpactfoundation4091.global,contact@globalimpactfoundation4091.ngo,Medium,Outreach
4092,Global Impact Foundation 4092,South Africa,Women Empowerment,Urban Support,www.globalimpactfoundation4092.org,contact@globalimpactfoundation4092.global,Low,Partnership
4093,Global Impact Foundation 4093,Germany,Poverty Relief,Rural Development,www.globalimpactfoundation4093.ngo,contact@globalimpactfoundation4093.global,High,Funding
4094,Global Impact Foundation 4094,Brazil,Environment,Urban Support,www.globalimpactfoundation4094.org,contact@globalimpactfoundation4094.org,Medium,Partnership
4095,Global Impact Foundation 4095,Kenya,Human Rights,Urban Support,www.globalimpactfoundation4095.foundation,contact@globalimpactfoundation4095.ngo,Low,Funding
4096,Global Impact Foundation 4096,Canada,Poverty Relief,Rural Development,www.globalimpactfoundation4096.ngo,contact@globalimpactfoundation4096.global,Low,Pilot Testing
4097,Global Impact Foundation 4097,Kenya,Education,Skill Development,www.globalimpactfoundation4097.foundation,contact@globalimpactfoundation4097.foundation,Low,Outreach
4098,Global Impact Foundation 4098,USA,Human Rights,Urban Support,www.globalimpactfoundation4098.global,contact@globalimpactfoundation4098.global,High,Pilot Testing
4099,Global Impact Foundation 4099,India,Child Welfare,Skill Development,www.globalimpactfoundation4099.org,contact@globalimpactfoundation4099.foundation,Medium,Pilot Testing
4100,Global Impact Foundation 4100,UK,Human Rights,Community Health,www.globalimpactfoundation4100.ngo,contact@globalimpactfoundation4100.ngo,High,Pilot Testing
4101,Global Impact Foundation 4101,Brazil,Education,Urban Support,www.globalimpactfoundation4101.ngo,contact@globalimpactfoundation4101.global,Low,Outreach
4102,Global Impact Foundation 4102,Germany,Women Empowerment,Disaster Relief,www.globalimpactfoundation4102.global,contact@globalimpactfoundation4102.global,High,Pilot Testing
4103,Global Impact Foundation 4103,Brazil,Environment,Urban Support,www.globalimpactfoundation4103.org,contact@globalimpactfoundation4103.org,Medium,Partnership
4104,Global Impact Foundation 4104,Brazil,Poverty Relief,Rural Development,www.globalimpactfoundation4104.foundation,contact@globalimpactfoundation4104.ngo,High,Outreach
4105,Global Impact Foundation 4105,UK,Human Rights,Policy Advocacy,www.globalimpactfoundation4105.foundation,contact@globalimpactfoundation4105.org,Medium,Outreach
4106,Global Impact Foundation 4106,Kenya,Health,Policy Advocacy,www.globalimpactfoundation4106.foundation,contact@globalimpactfoundation4106.foundation,High,Funding
4107,Global Impact Foundation 4107,UAE,Poverty Relief,Skill Development,www.globalimpactfoundation4107.global,contact@globalimpactfoundation4107.foundation,High,Outreach
4108,Global Impact Foundation 4108,UK,Child Welfare,Policy Advocacy,www.globalimpactfoundation4108.org,contact@globalimpactfoundation4108.foundation,Low,Funding
4109,Global Impact Foundation 4109,Canada,Poverty Relief,Urban Support,www.globalimpactfoundation4109.ngo,contact@globalimpactfoundation4109.org,Low,Pilot Testing
4110,Global Impact Foundation 4110,USA,Environment,Rural Development,www.globalimpactfoundation4110.org,contact@globalimpactfoundation4110.global,High,Pilot Testing
4111,Global Impact Foundation 4111,Australia,Child Welfare,Skill Development,www.globalimpactfoundation4111.ngo,contact@globalimpactfoundation4111.org,Medium,Funding
4112,Global Impact Foundation 4112,South Africa,Education,Urban Support,www.globalimpactfoundation4112.ngo,contact@globalimpactfoundation4112.foundation,Low,Funding
4113,Global Impact Foundation 4113,Australia,Child Welfare,Community Health,www.globalimpactfoundation4113.org,contact@globalimpactfoundation4113.foundation,Medium,Partnership
4114,Global Impact Foundation 4114,South Africa,Child Welfare,Skill Development,www.globalimpactfoundation4114.org,contact@globalimpactfoundation4114.org,High,Outreach
4115,Global Impact Foundation 4115,Kenya,Education,Urban Support,www.globalimpactfoundation4115.global,contact@globalimpactfoundation4115.ngo,High,Outreach
4116,Global Impact Foundation 4116,USA,Child Welfare,Community Health,www.globalimpactfoundation4116.global,contact@globalimpactfoundation4116.foundation,Medium,Partnership
4117,Global Impact Foundation 4117,UAE,Human Rights,Urban Support,www.globalimpactfoundation4117.org,contact@globalimpactfoundation4117.org,Medium,Partnership
4118,Global Impact Foundation 4118,Canada,Environment,Policy Advocacy,www.globalimpactfoundation4118.org,contact@globalimpactfoundation4118.ngo,Medium,Outreach
4119,Global Impact Foundation 4119,South Africa,Health,Urban Support,www.globalimpactfoundation4119.ngo,contact@globalimpactfoundation4119.org,Low,Funding
4120,Global Impact Foundation 4120,Germany,Women Empowerment,Disaster Relief,www.globalimpactfoundation4120.global,contact@globalimpactfoundation4120.foundation,Medium,Pilot Testing
4121,Global Impact Foundation 4121,Kenya,Women Empowerment,Policy Advocacy,www.globalimpactfoundation4121.org,contact@globalimpactfoundation4121.ngo,Medium,Funding
4122,Global Impact Foundation 4122,Canada,Child Welfare,Disaster Relief,www.globalimpactfoundation4122.global,contact@globalimpactfoundation4122.global,High,Pilot Testing
4123,Global Impact Foundation 4123,Canada,Human Rights,Policy Advocacy,www.globalimpactfoundation4123.foundation,contact@globalimpactfoundation4123.ngo,Low,Funding
4124,Global Impact Foundation 4124,UK,Child Welfare,Rural Development,www.globalimpactfoundation4124.global,contact@globalimpactfoundation4124.ngo,High,Funding
4125,Global Impact Foundation 4125,UK,Education,Policy Advocacy,www.globalimpactfoundation4125.foundation,contact@globalimpactfoundation4125.org,Medium,Funding
4126,Global Impact Foundation 4126,Brazil,Human Rights,Community Health,www.globalimpactfoundation4126.foundation,contact@globalimpactfoundation4126.org,High,Funding
4127,Global Impact Foundation 4127,Kenya,Education,Disaster Relief,www.globalimpactfoundation4127.foundation,contact@globalimpactfoundation4127.global,Medium,Pilot Testing
4128,Global Impact Foundation 4128,Canada,Human Rights,Rural Development,www.globalimpactfoundation4128.ngo,contact@globalimpactfoundation4128.foundation,Medium,Pilot Testing
4129,Global Impact Foundation 4129,Germany,Education,Skill Development,www.globalimpactfoundation4129.foundation,contact@globalimpactfoundation4129.global,Low,Partnership
4130,Global Impact Foundation 4130,USA,Health,Policy Advocacy,www.globalimpactfoundation4130.org,contact@globalimpactfoundation4130.global,Low,Partnership
4131,Global Impact Foundation 4131,India,Poverty Relief,Skill Development,www.globalimpactfoundation4131.global,contact@globalimpactfoundation4131.foundation,Medium,Partnership
4132,Global Impact Foundation 4132,Brazil,Women Empowerment,Policy Advocacy,www.globalimpactfoundation4132.ngo,contact@globalimpactfoundation4132.foundation,High,Pilot Testing
4133,Global Impact Foundation 4133,UAE,Environment,Policy Advocacy,www.globalimpactfoundation4133.ngo,contact@globalimpactfoundation4133.ngo,Medium,Pilot Testing
4134,Global Impact Foundation 4134,Canada,Poverty Relief,Community Health,www.globalimpactfoundation4134.foundation,contact@globalimpactfoundation4134.org,High,Partnership
4135,Global Impact Foundation 4135,UK,Women Empowerment,Rural Development,www.globalimpactfoundation4135.foundation,contact@globalimpactfoundation4135.global,High,Partnership
4136,Global Impact Foundation 4136,USA,Child Welfare,Urban Support,www.globalimpactfoundation4136.org,contact@globalimpactfoundation4136.ngo,Medium,Partnership
4137,Global Impact Foundation 4137,India,Poverty Relief,Urban Support,www.globalimpactfoundation4137.foundation,contact@globalimpactfoundation4137.org,Medium,Pilot Testing
4138,Global Impact Foundation 4138,India,Human Rights,Rural Development,www.globalimpactfoundation4138.foundation,contact@globalimpactfoundation4138.org,Medium,Pilot Testing
4139,Global Impact Foundation 4139,UK,Women Empowerment,Disaster Relief,www.globalimpactfoundation4139.global,contact@globalimpactfoundation4139.ngo,High,Outreach
4140,Global Impact Foundation 4140,UK,Child Welfare,Policy Advocacy,www.globalimpactfoundation4140.org,contact@globalimpactfoundation4140.ngo,High,Partnership
4141,Global Impact Foundation 4141,USA,Child Welfare,Disaster Relief,www.globalimpactfoundation4141.global,contact@globalimpactfoundation4141.global,High,Partnership
4142,Global Impact Foundation 4142,Kenya,Women Empowerment,Rural Development,www.globalimpactfoundation4142.global,contact@globalimpactfoundation4142.org,Medium,Funding
4143,Global Impact Foundation 4143,Kenya,Human Rights,Urban Support,www.globalimpactfoundation4143.ngo,contact@globalimpactfoundation4143.global,Medium,Funding
4144,Global Impact Foundation 4144,UK,Health,Rural Development,www.globalimpactfoundation4144.foundation,contact@globalimpactfoundation4144.global,Low,Pilot Testing
4145,Global Impact Foundation 4145,Australia,Education,Rural Development,www.globalimpactfoundation4145.foundation,contact@globalimpactfoundation4145.ngo,High,Partnership
4146,Global Impact Foundation 4146,Australia,Poverty Relief,Community Health,www.globalimpactfoundation4146.ngo,contact@globalimpactfoundation4146.ngo,High,Funding
4147,Global Impact Foundation 4147,India,Education,Disaster Relief,www.globalimpactfoundation4147.global,contact@globalimpactfoundation4147.org,Low,Pilot Testing
4148,Global Impact Foundation 4148,UK,Environment,Urban Support,www.globalimpactfoundation4148.global,contact@globalimpactfoundation4148.foundation,Medium,Funding
4149,Global Impact Foundation 4149,USA,Child Welfare,Urban Support,www.globalimpactfoundation4149.foundation,contact@globalimpactfoundation4149.foundation,Medium,Outreach
4150,Global Impact Foundation 4150,USA,Child Welfare,Skill Development,www.globalimpactfoundation4150.ngo,contact@globalimpactfoundation4150.global,Low,Funding
4151,Global Impact Foundation 4151,South Africa,Environment,Disaster Relief,www.globalimpactfoundation4151.ngo,contact@globalimpactfoundation4151.global,Medium,Outreach
4152,Global Impact Foundation 4152,Brazil,Health,Rural Development,www.globalimpactfoundation4152.global,contact@globalimpactfoundation4152.foundation,Low,Funding
4153,Global Impact Foundation 4153,UAE,Women Empowerment,Rural Development,www.globalimpactfoundation4153.org,contact@globalimpactfoundation4153.ngo,Low,Outreach
4154,Global Impact Foundation 4154,Kenya,Health,Disaster Relief,www.globalimpactfoundation4154.global,contact@globalimpactfoundation4154.ngo,Medium,Outreach
4155,Global Impact Foundation 4155,Australia,Poverty Relief,Rural Development,www.globalimpactfoundation4155.org,contact@globalimpactfoundation4155.org,Low,Outreach
4156,Global Impact Foundation 4156,Germany,Child Welfare,Urban Support,www.globalimpactfoundation4156.global,contact@globalimpactfoundation4156.foundation,Medium,Outreach
4157,Global Impact Foundation 4157,Brazil,Human Rights,Policy Advocacy,www.globalimpactfoundation4157.foundation,contact@globalimpactfoundation4157.org,Low,Funding
4158,Global Impact Foundation 4158,India,Poverty Relief,Urban Support,www.globalimpactfoundation4158.global,contact@globalimpactfoundation4158.global,High,Funding
4159,Global Impact Foundation 4159,South Africa,Human Rights,Skill Development,www.globalimpactfoundation4159.foundation,contact@globalimpactfoundation4159.foundation,Low,Outreach
4160,Global Impact Foundation 4160,UK,Poverty Relief,Skill Development,www.globalimpactfoundation4160.foundation,contact@globalimpactfoundation4160.foundation,Low,Outreach
4161,Global Impact Foundation 4161,USA,Health,Policy Advocacy,www.globalimpactfoundation4161.org,contact@globalimpactfoundation4161.global,Medium,Pilot Testing
4162,Global Impact Foundation 4162,Australia,Women Empowerment,Policy Advocacy,www.globalimpactfoundation4162.ngo,contact@globalimpactfoundation4162.ngo,High,Outreach
4163,Global Impact Foundation 4163,Germany,Health,Urban Support,www.globalimpactfoundation4163.foundation,contact@globalimpactfoundation4163.foundation,Low,Outreach
4164,Global Impact Foundation 4164,South Africa,Environment,Policy Advocacy,www.globalimpactfoundation4164.global,contact@globalimpactfoundation4164.foundation,Medium,Outreach
4165,Global Impact Foundation 4165,UAE,Women Empowerment,Community Health,www.globalimpactfoundation4165.foundation,contact@globalimpactfoundation4165.global,Medium,Pilot Testing
4166,Global Impact Foundation 4166,India,Environment,Rural Development,www.globalimpactfoundation4166.foundation,contact@globalimpactfoundation4166.ngo,High,Pilot Testing
4167,Global Impact Foundation 4167,Germany,Poverty Relief,Disaster Relief,www.globalimpactfoundation4167.foundation,contact@globalimpactfoundation4167.org,Low,Partnership
4168,Global Impact Foundation 4168,South Africa,Health,Disaster Relief,www.globalimpactfoundation4168.foundation,contact@globalimpactfoundation4168.org,High,Partnership
4169,Global Impact Foundation 4169,Germany,Child Welfare,Rural Development,www.globalimpactfoundation4169.foundation,contact@globalimpactfoundation4169.org,Medium,Partnership
4170,Global Impact Foundation 4170,Australia,Health,Disaster Relief,www.globalimpactfoundation4170.global,contact@globalimpactfoundation4170.global,Medium,Funding
4171,Global Impact Foundation 4171,India,Environment,Rural Development,www.globalimpactfoundation4171.foundation,contact@globalimpactfoundation4171.global,High,Funding
4172,Global Impact Foundation 4172,Brazil,Women Empowerment,Policy Advocacy,www.globalimpactfoundation4172.global,contact@globalimpactfoundation4172.org,Low,Partnership
4173,Global Impact Foundation 4173,USA,Education,Rural Development,www.globalimpactfoundation4173.foundation,contact@globalimpactfoundation4173.ngo,Medium,Pilot Testing
4174,Global Impact Foundation 4174,USA,Poverty Relief,Urban Support,www.globalimpactfoundation4174.org,contact@globalimpactfoundation4174.global,High,Outreach
4175,Global Impact Foundation 4175,Germany,Education,Urban Support,www.globalimpactfoundation4175.ngo,contact@globalimpactfoundation4175.org,Low,Pilot Testing
4176,Global Impact Foundation 4176,Brazil,Health,Rural Development,www.globalimpactfoundation4176.foundation,contact@globalimpactfoundation4176.foundation,Low,Outreach
4177,Global Impact Foundation 4177,USA,Human Rights,Policy Advocacy,www.globalimpactfoundation4177.foundation,contact@globalimpactfoundation4177.foundation,Medium,Pilot Testing
4178,Global Impact Foundation 4178,UK,Health,Community Health,www.globalimpactfoundation4178.global,contact@globalimpactfoundation4178.ngo,Low,Pilot Testing
4179,Global Impact Foundation 4179,Brazil,Human Rights,Disaster Relief,www.globalimpactfoundation4179.ngo,contact@globalimpactfoundation4179.global,High,Funding
4180,Global Impact Foundation 4180,India,Education,Policy Advocacy,www.globalimpactfoundation4180.foundation,contact@globalimpactfoundation4180.ngo,Medium,Pilot Testing
4181,Global Impact Foundation 4181,India,Child Welfare,Urban Support,www.globalimpactfoundation4181.org,contact@globalimpactfoundation4181.global,High,Pilot Testing
4182,Global Impact Foundation 4182,Australia,Poverty Relief,Urban Support,www.globalimpactfoundation4182.ngo,contact@globalimpactfoundation4182.global,High,Partnership
4183,Global Impact Foundation 4183,USA,Child Welfare,Skill Development,www.globalimpactfoundation4183.global,contact@globalimpactfoundation4183.global,High,Pilot Testing
4184,Global Impact Foundation 4184,India,Health,Urban Support,www.globalimpactfoundation4184.org,contact@globalimpactfoundation4184.org,High,Pilot Testing
4185,Global Impact Foundation 4185,Canada,Health,Skill Development,www.globalimpactfoundation4185.global,contact@globalimpactfoundation4185.global,Low,Pilot Testing
4186,Global Impact Foundation 4186,USA,Education,Community Health,www.globalimpactfoundation4186.global,contact@globalimpactfoundation4186.ngo,High,Partnership
4187,Global Impact Foundation 4187,Brazil,Poverty Relief,Rural Development,www.globalimpactfoundation4187.global,contact@globalimpactfoundation4187.foundation,High,Partnership
4188,Global Impact Foundation 4188,Kenya,Poverty Relief,Skill Development,www.globalimpactfoundation4188.ngo,contact@globalimpactfoundation4188.ngo,High,Funding
4189,Global Impact Foundation 4189,UAE,Health,Disaster Relief,www.globalimpactfoundation4189.ngo,contact@globalimpactfoundation4189.global,Low,Partnership
4190,Global Impact Foundation 4190,Kenya,Child Welfare,Policy Advocacy,www.globalimpactfoundation4190.ngo,contact@globalimpactfoundation4190.global,High,Pilot Testing
4191,Global Impact Foundation 4191,Germany,Environment,Rural Development,www.globalimpactfoundation4191.org,contact@globalimpactfoundation4191.global,Medium,Pilot Testing
4192,Global Impact Foundation 4192,India,Education,Rural Development,www.globalimpactfoundation4192.global,contact@globalimpactfoundation4192.org,High,Funding
4193,Global Impact Foundation 4193,Australia,Education,Urban Support,www.globalimpactfoundation4193.foundation,contact@globalimpactfoundation4193.ngo,Low,Pilot Testing
4194,Global Impact Foundation 4194,Canada,Women Empowerment,Urban Support,www.globalimpactfoundation4194.global,contact@globalimpactfoundation4194.foundation,High,Funding
4195,Global Impact Foundation 4195,Brazil,Human Rights,Community Health,www.globalimpactfoundation4195.foundation,contact@globalimpactfoundation4195.foundation,High,Outreach
4196,Global Impact Foundation 4196,Canada,Poverty Relief,Community Health,www.globalimpactfoundation4196.ngo,contact@globalimpactfoundation4196.org,Low,Funding
4197,Global Impact Foundation 4197,Canada,Environment,Skill Development,www.globalimpactfoundation4197.ngo,contact@globalimpactfoundation4197.ngo,High,Funding
4198,Global Impact Foundation 4198,USA,Women Empowerment,Rural Development,www.globalimpactfoundation4198.foundation,contact@globalimpactfoundation4198.foundation,Low,Partnership
4199,Global Impact Foundation 4199,Australia,Health,Policy Advocacy,www.globalimpactfoundation4199.foundation,contact@globalimpactfoundation4199.global,Low,Pilot Testing
4200,Global Impact Foundation 4200,Brazil,Human Rights,Community Health,www.globalimpactfoundation4200.ngo,contact@globalimpactfoundation4200.foundation,High,Outreach
4201,Global Impact Foundation 4201,UK,Child Welfare,Community Health,www.globalimpactfoundation4201.foundation,contact@globalimpactfoundation4201.org,Low,Pilot Testing
4202,Global Impact Foundation 4202,Canada,Poverty Relief,Skill Development,www.globalimpactfoundation4202.global,contact@globalimpactfoundation4202.org,Low,Funding
4203,Global Impact Foundation 4203,Brazil,Poverty Relief,Urban Support,www.globalimpactfoundation4203.ngo,contact@globalimpactfoundation4203.global,Low,Partnership
4204,Global Impact Foundation 4204,Canada,Human Rights,Disaster Relief,www.globalimpactfoundation4204.ngo,contact@globalimpactfoundation4204.ngo,Low,Outreach
4205,Global Impact Foundation 4205,India,Poverty Relief,Urban Support,www.globalimpactfoundation4205.org,contact@globalimpactfoundation4205.org,High,Partnership
4206,Global Impact Foundation 4206,South Africa,Child Welfare,Rural Development,www.globalimpactfoundation4206.org,contact@globalimpactfoundation4206.org,Medium,Outreach
4207,Global Impact Foundation 4207,UAE,Health,Urban Support,www.globalimpactfoundation4207.ngo,contact@globalimpactfoundation4207.ngo,Low,Outreach
4208,Global Impact Foundation 4208,Australia,Child Welfare,Skill Development,www.globalimpactfoundation4208.global,contact@globalimpactfoundation4208.org,Medium,Partnership
4209,Global Impact Foundation 4209,Kenya,Poverty Relief,Policy Advocacy,www.globalimpactfoundation4209.org,contact@globalimpactfoundation4209.ngo,High,Outreach
4210,Global Impact Foundation 4210,UAE,Child Welfare,Community Health,www.globalimpactfoundation4210.global,contact@globalimpactfoundation4210.ngo,Medium,Outreach
4211,Global Impact Foundation 4211,UK,Human Rights,Policy Advocacy,www.globalimpactfoundation4211.ngo,contact@globalimpactfoundation4211.foundation,Medium,Funding
4212,Global Impact Foundation 4212,Canada,Child Welfare,Rural Development,www.globalimpactfoundation4212.global,contact@globalimpactfoundation4212.ngo,Medium,Pilot Testing
4213,Global Impact Foundation 4213,Brazil,Human Rights,Community Health,www.globalimpactfoundation4213.global,contact@globalimpactfoundation4213.ngo,High,Pilot Testing
4214,Global Impact Foundation 4214,South Africa,Women Empowerment,Skill Development,www.globalimpactfoundation4214.org,contact@globalimpactfoundation4214.global,High,Funding
4215,Global Impact Foundation 4215,UK,Child Welfare,Skill Development,www.globalimpactfoundation4215.global,contact@globalimpactfoundation4215.ngo,Low,Outreach
4216,Global Impact Foundation 4216,UK,Health,Urban Support,www.globalimpactfoundation4216.org,contact@globalimpactfoundation4216.ngo,Low,Funding
4217,Global Impact Foundation 4217,Australia,Child Welfare,Policy Advocacy,www.globalimpactfoundation4217.global,contact@globalimpactfoundation4217.ngo,High,Partnership
4218,Global Impact Foundation 4218,Germany,Women Empowerment,Rural Development,www.globalimpactfoundation4218.global,contact@globalimpactfoundation4218.ngo,Medium,Partnership
4219,Global Impact Foundation 4219,UAE,Poverty Relief,Community Health,www.globalimpactfoundation4219.global,contact@globalimpactfoundation4219.ngo,Medium,Funding
4220,Global Impact Foundation 4220,India,Human Rights,Skill Development,www.globalimpactfoundation4220.ngo,contact@globalimpactfoundation4220.global,Medium,Outreach
4221,Global Impact Foundation 4221,South Africa,Health,Disaster Relief,www.globalimpactfoundation4221.ngo,contact@globalimpactfoundation4221.foundation,Low,Pilot Testing
4222,Global Impact Foundation 4222,UAE,Women Empowerment,Urban Support,www.globalimpactfoundation4222.global,contact@globalimpactfoundation4222.ngo,High,Funding
4223,Global Impact Foundation 4223,Kenya,Education,Urban Support,www.globalimpactfoundation4223.foundation,contact@globalimpactfoundation4223.ngo,High,Partnership
4224,Global Impact Foundation 4224,UAE,Health,Disaster Relief,www.globalimpactfoundation4224.global,contact@globalimpactfoundation4224.foundation,High,Outreach
4225,Global Impact Foundation 4225,Brazil,Health,Rural Development,www.globalimpactfoundation4225.global,contact@globalimpactfoundation4225.ngo,Medium,Funding
4226,Global Impact Foundation 4226,Kenya,Human Rights,Community Health,www.globalimpactfoundation4226.foundation,contact@globalimpactfoundation4226.foundation,Low,Funding
4227,Global Impact Foundation 4227,Kenya,Women Empowerment,Disaster Relief,www.globalimpactfoundation4227.org,contact@globalimpactfoundation4227.global,High,Outreach
4228,Global Impact Foundation 4228,UK,Environment,Rural Development,www.globalimpactfoundation4228.org,contact@globalimpactfoundation4228.org,Low,Pilot Testing
4229,Global Impact Foundation 4229,UAE,Poverty Relief,Rural Development,www.globalimpactfoundation4229.global,contact@globalimpactfoundation4229.ngo,Low,Outreach
4230,Global Impact Foundation 4230,Brazil,Child Welfare,Disaster Relief,www.globalimpactfoundation4230.ngo,contact@globalimpactfoundation4230.ngo,Medium,Pilot Testing
4231,Global Impact Foundation 4231,Australia,Women Empowerment,Policy Advocacy,www.globalimpactfoundation4231.foundation,contact@globalimpactfoundation4231.org,Low,Partnership
4232,Global Impact Foundation 4232,Kenya,Poverty Relief,Rural Development,www.globalimpactfoundation4232.ngo,contact@globalimpactfoundation4232.foundation,High,Pilot Testing
4233,Global Impact Foundation 4233,UAE,Environment,Community Health,www.globalimpactfoundation4233.org,contact@globalimpactfoundation4233.foundation,Medium,Partnership
4234,Global Impact Foundation 4234,UK,Environment,Disaster Relief,www.globalimpactfoundation4234.org,contact@globalimpactfoundation4234.foundation,Medium,Pilot Testing
4235,Global Impact Foundation 4235,Canada,Health,Rural Development,www.globalimpactfoundation4235.foundation,contact@globalimpactfoundation4235.org,Low,Outreach
4236,Global Impact Foundation 4236,UK,Poverty Relief,Community Health,www.globalimpactfoundation4236.global,contact@globalimpactfoundation4236.ngo,High,Funding
4237,Global Impact Foundation 4237,Kenya,Poverty Relief,Community Health,www.globalimpactfoundation4237.global,contact@globalimpactfoundation4237.ngo,Medium,Funding
4238,Global Impact Foundation 4238,UK,Education,Urban Support,www.globalimpactfoundation4238.global,contact@globalimpactfoundation4238.foundation,Low,Partnership
4239,Global Impact Foundation 4239,UK,Health,Rural Development,www.globalimpactfoundation4239.foundation,contact@globalimpactfoundation4239.org,Low,Partnership
4240,Global Impact Foundation 4240,UK,Child Welfare,Community Health,www.globalimpactfoundation4240.foundation,contact@globalimpactfoundation4240.global,High,Funding
4241,Global Impact Foundation 4241,USA,Child Welfare,Rural Development,www.globalimpactfoundation4241.ngo,contact@globalimpactfoundation4241.org,High,Pilot Testing
4242,Global Impact Foundation 4242,Australia,Education,Disaster Relief,www.globalimpactfoundation4242.org,contact@globalimpactfoundation4242.global,Low,Pilot Testing
4243,Global Impact Foundation 4243,South Africa,Human Rights,Community Health,www.globalimpactfoundation4243.global,contact@globalimpactfoundation4243.foundation,High,Pilot Testing
4244,Global Impact Foundation 4244,Brazil,Education,Policy Advocacy,www.globalimpactfoundation4244.org,contact@globalimpactfoundation4244.org,Low,Pilot Testing
4245,Global Impact Foundation 4245,Germany,Health,Skill Development,www.globalimpactfoundation4245.foundation,contact@globalimpactfoundation4245.global,High,Pilot Testing
4246,Global Impact Foundation 4246,Brazil,Environment,Skill Development,www.globalimpactfoundation4246.ngo,contact@globalimpactfoundation4246.org,High,Partnership
4247,Global Impact Foundation 4247,Kenya,Environment,Urban Support,www.globalimpactfoundation4247.org,contact@globalimpactfoundation4247.foundation,Low,Outreach
4248,Global Impact Foundation 4248,South Africa,Environment,Disaster Relief,www.globalimpactfoundation4248.ngo,contact@globalimpactfoundation4248.foundation,High,Funding
4249,Global Impact Foundation 4249,USA,Poverty Relief,Policy Advocacy,www.globalimpactfoundation4249.foundation,contact@globalimpactfoundation4249.global,Medium,Outreach
4250,Global Impact Foundation 4250,Canada,Education,Urban Support,www.globalimpactfoundation4250.ngo,contact@globalimpactfoundation4250.org,Medium,Outreach
4251,Global Impact Foundation 4251,UK,Health,Rural Development,www.globalimpactfoundation4251.foundation,contact@globalimpactfoundation4251.global,High,Pilot Testing
4252,Global Impact Foundation 4252,Canada,Education,Skill Development,www.globalimpactfoundation4252.global,contact@globalimpactfoundation4252.global,Low,Partnership
4253,Global Impact Foundation 4253,Canada,Women Empowerment,Skill Development,www.globalimpactfoundation4253.foundation,contact@globalimpactfoundation4253.global,High,Partnership
4254,Global Impact Foundation 4254,Australia,Education,Policy Advocacy,www.globalimpactfoundation4254.org,contact@globalimpactfoundation4254.org,High,Funding
4255,Global Impact Foundation 4255,Canada,Poverty Relief,Policy Advocacy,www.globalimpactfoundation4255.global,contact@globalimpactfoundation4255.global,Medium,Pilot Testing
4256,Global Impact Foundation 4256,India,Environment,Policy Advocacy,www.globalimpactfoundation4256.global,contact@globalimpactfoundation4256.org,Medium,Pilot Testing
4257,Global Impact Foundation 4257,Germany,Environment,Policy Advocacy,www.globalimpactfoundation4257.ngo,contact@globalimpactfoundation4257.ngo,Low,Funding
4258,Global Impact Foundation 4258,UK,Women Empowerment,Policy Advocacy,www.globalimpactfoundation4258.ngo,contact@globalimpactfoundation4258.global,Low,Partnership
4259,Global Impact Foundation 4259,India,Education,Skill Development,www.globalimpactfoundation4259.org,contact@globalimpactfoundation4259.org,High,Pilot Testing
4260,Global Impact Foundation 4260,Germany,Environment,Policy Advocacy,www.globalimpactfoundation4260.global,contact@globalimpactfoundation4260.foundation,Medium,Pilot Testing
4261,Global Impact Foundation 4261,India,Poverty Relief,Policy Advocacy,www.globalimpactfoundation4261.global,contact@globalimpactfoundation4261.ngo,Medium,Funding
4262,Global Impact Foundation 4262,India,Environment,Disaster Relief,www.globalimpactfoundation4262.global,contact@globalimpactfoundation4262.org,Low,Funding
4263,Global Impact Foundation 4263,Germany,Poverty Relief,Community Health,www.globalimpactfoundation4263.org,contact@globalimpactfoundation4263.foundation,High,Outreach
4264,Global Impact Foundation 4264,Kenya,Child Welfare,Policy Advocacy,www.globalimpactfoundation4264.global,contact@globalimpactfoundation4264.global,Low,Outreach
4265,Global Impact Foundation 4265,India,Human Rights,Policy Advocacy,www.globalimpactfoundation4265.global,contact@globalimpactfoundation4265.ngo,High,Pilot Testing
4266,Global Impact Foundation 4266,Kenya,Human Rights,Community Health,www.globalimpactfoundation4266.ngo,contact@globalimpactfoundation4266.org,Medium,Partnership
4267,Global Impact Foundation 4267,USA,Environment,Urban Support,www.globalimpactfoundation4267.global,contact@globalimpactfoundation4267.ngo,High,Pilot Testing
4268,Global Impact Foundation 4268,South Africa,Child Welfare,Disaster Relief,www.globalimpactfoundation4268.global,contact@globalimpactfoundation4268.global,Low,Funding
4269,Global Impact Foundation 4269,UAE,Environment,Disaster Relief,www.globalimpactfoundation4269.ngo,contact@globalimpactfoundation4269.org,Medium,Outreach
4270,Global Impact Foundation 4270,UAE,Women Empowerment,Community Health,www.globalimpactfoundation4270.ngo,contact@globalimpactfoundation4270.ngo,Medium,Partnership
4271,Global Impact Foundation 4271,South Africa,Poverty Relief,Community Health,www.globalimpactfoundation4271.global,contact@globalimpactfoundation4271.org,Low,Outreach
4272,Global Impact Foundation 4272,USA,Environment,Skill Development,www.globalimpactfoundation4272.org,contact@globalimpactfoundation4272.global,Low,Partnership
4273,Global Impact Foundation 4273,USA,Education,Skill Development,www.globalimpactfoundation4273.org,contact@globalimpactfoundation4273.foundation,Medium,Funding
4274,Global Impact Foundation 4274,Canada,Child Welfare,Rural Development,www.globalimpactfoundation4274.foundation,contact@globalimpactfoundation4274.ngo,High,Outreach
4275,Global Impact Foundation 4275,Australia,Education,Rural Development,www.globalimpactfoundation4275.ngo,contact@globalimpactfoundation4275.global,High,Pilot Testing
4276,Global Impact Foundation 4276,Kenya,Environment,Disaster Relief,www.globalimpactfoundation4276.global,contact@globalimpactfoundation4276.global,Low,Funding
4277,Global Impact Foundation 4277,Brazil,Education,Skill Development,www.globalimpactfoundation4277.global,contact@globalimpactfoundation4277.ngo,High,Outreach
4278,Global Impact Foundation 4278,UK,Health,Policy Advocacy,www.globalimpactfoundation4278.org,contact@globalimpactfoundation4278.ngo,Low,Outreach
4279,Global Impact Foundation 4279,Canada,Environment,Policy Advocacy,www.globalimpactfoundation4279.global,contact@globalimpactfoundation4279.global,High,Partnership
4280,Global Impact Foundation 4280,UK,Health,Skill Development,www.globalimpactfoundation4280.foundation,contact@globalimpactfoundation4280.org,Low,Funding
4281,Global Impact Foundation 4281,Brazil,Human Rights,Rural Development,www.globalimpactfoundation4281.ngo,contact@globalimpactfoundation4281.foundation,Low,Outreach
4282,Global Impact Foundation 4282,India,Poverty Relief,Disaster Relief,www.globalimpactfoundation4282.org,contact@globalimpactfoundation4282.ngo,Low,Outreach
4283,Global Impact Foundation 4283,Kenya,Child Welfare,Community Health,www.globalimpactfoundation4283.foundation,contact@globalimpactfoundation4283.org,Low,Pilot Testing
4284,Global Impact Foundation 4284,Brazil,Child Welfare,Skill Development,www.globalimpactfoundation4284.global,contact@globalimpactfoundation4284.ngo,High,Funding
4285,Global Impact Foundation 4285,USA,Health,Policy Advocacy,www.globalimpactfoundation4285.org,contact@globalimpactfoundation4285.org,Medium,Partnership
4286,Global Impact Foundation 4286,Brazil,Poverty Relief,Community Health,www.globalimpactfoundation4286.global,contact@globalimpactfoundation4286.global,Medium,Partnership
4287,Global Impact Foundation 4287,UK,Human Rights,Rural Development,www.globalimpactfoundation4287.global,contact@globalimpactfoundation4287.global,Low,Outreach
4288,Global Impact Foundation 4288,Canada,Poverty Relief,Urban Support,www.globalimpactfoundation4288.org,contact@globalimpactfoundation4288.org,Medium,Funding
4289,Global Impact Foundation 4289,Canada,Health,Skill Development,www.globalimpactfoundation4289.global,contact@globalimpactfoundation4289.foundation,High,Pilot Testing
4290,Global Impact Foundation 4290,USA,Human Rights,Skill Development,www.globalimpactfoundation4290.ngo,contact@globalimpactfoundation4290.ngo,Medium,Partnership
4291,Global Impact Foundation 4291,UK,Education,Urban Support,www.globalimpactfoundation4291.ngo,contact@globalimpactfoundation4291.org,Medium,Partnership
4292,Global Impact Foundation 4292,UK,Human Rights,Urban Support,www.globalimpactfoundation4292.global,contact@globalimpactfoundation4292.org,Low,Outreach
4293,Global Impact Foundation 4293,UAE,Women Empowerment,Urban Support,www.globalimpactfoundation4293.foundation,contact@globalimpactfoundation4293.org,Low,Partnership
4294,Global Impact Foundation 4294,UK,Human Rights,Community Health,www.globalimpactfoundation4294.global,contact@globalimpactfoundation4294.global,High,Partnership
4295,Global Impact Foundation 4295,India,Human Rights,Policy Advocacy,www.globalimpactfoundation4295.foundation,contact@globalimpactfoundation4295.foundation,High,Funding
4296,Global Impact Foundation 4296,South Africa,Human Rights,Community Health,www.globalimpactfoundation4296.ngo,contact@globalimpactfoundation4296.org,High,Funding
4297,Global Impact Foundation 4297,South Africa,Health,Disaster Relief,www.globalimpactfoundation4297.ngo,contact@globalimpactfoundation4297.global,Medium,Outreach
4298,Global Impact Foundation 4298,Australia,Poverty Relief,Policy Advocacy,www.globalimpactfoundation4298.ngo,contact@globalimpactfoundation4298.global,Low,Funding
4299,Global Impact Foundation 4299,India,Poverty Relief,Skill Development,www.globalimpactfoundation4299.org,contact@globalimpactfoundation4299.ngo,High,Partnership
4300,Global Impact Foundation 4300,Kenya,Child Welfare,Skill Development,www.globalimpactfoundation4300.global,contact@globalimpactfoundation4300.org,Low,Pilot Testing
4301,Global Impact Foundation 4301,UK,Women Empowerment,Community Health,www.globalimpactfoundation4301.foundation,contact@globalimpactfoundation4301.org,High,Partnership
4302,Global Impact Foundation 4302,USA,Health,Rural Development,www.globalimpactfoundation4302.global,contact@globalimpactfoundation4302.ngo,Low,Outreach
4303,Global Impact Foundation 4303,Kenya,Environment,Disaster Relief,www.globalimpactfoundation4303.foundation,contact@globalimpactfoundation4303.foundation,Medium,Pilot Testing
4304,Global Impact Foundation 4304,South Africa,Women Empowerment,Skill Development,www.globalimpactfoundation4304.global,contact@globalimpactfoundation4304.foundation,Low,Partnership
4305,Global Impact Foundation 4305,Canada,Poverty Relief,Urban Support,www.globalimpactfoundation4305.org,contact@globalimpactfoundation4305.global,Medium,Outreach
4306,Global Impact Foundation 4306,Kenya,Child Welfare,Skill Development,www.globalimpactfoundation4306.global,contact@globalimpactfoundation4306.ngo,Low,Outreach
4307,Global Impact Foundation 4307,Canada,Education,Policy Advocacy,www.globalimpactfoundation4307.org,contact@globalimpactfoundation4307.foundation,Low,Funding
4308,Global Impact Foundation 4308,USA,Health,Skill Development,www.globalimpactfoundation4308.org,contact@globalimpactfoundation4308.org,Medium,Funding
4309,Global Impact Foundation 4309,USA,Human Rights,Skill Development,www.globalimpactfoundation4309.foundation,contact@globalimpactfoundation4309.ngo,Low,Pilot Testing
4310,Global Impact Foundation 4310,Canada,Health,Urban Support,www.globalimpactfoundation4310.foundation,contact@globalimpactfoundation4310.foundation,Low,Funding
4311,Global Impact Foundation 4311,Canada,Women Empowerment,Rural Development,www.globalimpactfoundation4311.foundation,contact@globalimpactfoundation4311.foundation,High,Partnership
4312,Global Impact Foundation 4312,Brazil,Health,Community Health,www.globalimpactfoundation4312.org,contact@globalimpactfoundation4312.global,Medium,Funding
4313,Global Impact Foundation 4313,Germany,Education,Community Health,www.globalimpactfoundation4313.global,contact@globalimpactfoundation4313.org,High,Pilot Testing
4314,Global Impact Foundation 4314,Kenya,Health,Skill Development,www.globalimpactfoundation4314.ngo,contact@globalimpactfoundation4314.foundation,Medium,Partnership
4315,Global Impact Foundation 4315,UAE,Education,Disaster Relief,www.globalimpactfoundation4315.ngo,contact@globalimpactfoundation4315.foundation,High,Partnership
4316,Global Impact Foundation 4316,South Africa,Child Welfare,Disaster Relief,www.globalimpactfoundation4316.ngo,contact@globalimpactfoundation4316.ngo,Medium,Outreach
4317,Global Impact Foundation 4317,UAE,Health,Disaster Relief,www.globalimpactfoundation4317.foundation,contact@globalimpactfoundation4317.global,Medium,Funding
4318,Global Impact Foundation 4318,Canada,Environment,Skill Development,www.globalimpactfoundation4318.ngo,contact@globalimpactfoundation4318.foundation,Medium,Pilot Testing
4319,Global Impact Foundation 4319,Brazil,Poverty Relief,Urban Support,www.globalimpactfoundation4319.org,contact@globalimpactfoundation4319.foundation,Low,Partnership
4320,Global Impact Foundation 4320,Brazil,Child Welfare,Disaster Relief,www.globalimpactfoundation4320.foundation,contact@globalimpactfoundation4320.global,Medium,Pilot Testing
4321,Global Impact Foundation 4321,Kenya,Education,Urban Support,www.globalimpactfoundation4321.global,contact@globalimpactfoundation4321.ngo,Low,Funding
4322,Global Impact Foundation 4322,UAE,Child Welfare,Policy Advocacy,www.globalimpactfoundation4322.foundation,contact@globalimpactfoundation4322.global,Low,Partnership
4323,Global Impact Foundation 4323,Brazil,Environment,Community Health,www.globalimpactfoundation4323.global,contact@globalimpactfoundation4323.org,Low,Funding
4324,Global Impact Foundation 4324,India,Poverty Relief,Rural Development,www.globalimpactfoundation4324.foundation,contact@globalimpactfoundation4324.org,Low,Funding
4325,Global Impact Foundation 4325,Brazil,Human Rights,Policy Advocacy,www.globalimpactfoundation4325.foundation,contact@globalimpactfoundation4325.global,Low,Funding
4326,Global Impact Foundation 4326,Australia,Child Welfare,Disaster Relief,www.globalimpactfoundation4326.global,contact@globalimpactfoundation4326.foundation,Medium,Partnership
4327,Global Impact Foundation 4327,UAE,Poverty Relief,Urban Support,www.globalimpactfoundation4327.org,contact@globalimpactfoundation4327.ngo,Medium,Funding
4328,Global Impact Foundation 4328,Australia,Health,Policy Advocacy,www.globalimpactfoundation4328.ngo,contact@globalimpactfoundation4328.org,Low,Pilot Testing
4329,Global Impact Foundation 4329,Australia,Health,Policy Advocacy,www.globalimpactfoundation4329.global,contact@globalimpactfoundation4329.foundation,Low,Pilot Testing
4330,Global Impact Foundation 4330,UAE,Education,Skill Development,www.globalimpactfoundation4330.global,contact@globalimpactfoundation4330.org,Low,Outreach
4331,Global Impact Foundation 4331,UAE,Environment,Rural Development,www.globalimpactfoundation4331.foundation,contact@globalimpactfoundation4331.foundation,High,Funding
4332,Global Impact Foundation 4332,Australia,Health,Policy Advocacy,www.globalimpactfoundation4332.foundation,contact@globalimpactfoundation4332.org,Medium,Partnership
4333,Global Impact Foundation 4333,Brazil,Child Welfare,Urban Support,www.globalimpactfoundation4333.org,contact@globalimpactfoundation4333.global,High,Partnership
4334,Global Impact Foundation 4334,India,Environment,Urban Support,www.globalimpactfoundation4334.ngo,contact@globalimpactfoundation4334.global,High,Funding
4335,Global Impact Foundation 4335,Canada,Health,Disaster Relief,www.globalimpactfoundation4335.ngo,contact@globalimpactfoundation4335.foundation,Low,Partnership
4336,Global Impact Foundation 4336,Canada,Poverty Relief,Disaster Relief,www.globalimpactfoundation4336.foundation,contact@globalimpactfoundation4336.org,Low,Partnership
4337,Global Impact Foundation 4337,Canada,Poverty Relief,Urban Support,www.globalimpactfoundation4337.ngo,contact@globalimpactfoundation4337.org,Medium,Pilot Testing
4338,Global Impact Foundation 4338,UAE,Women Empowerment,Policy Advocacy,www.globalimpactfoundation4338.org,contact@globalimpactfoundation4338.org,High,Funding
4339,Global Impact Foundation 4339,Canada,Health,Disaster Relief,www.globalimpactfoundation4339.foundation,contact@globalimpactfoundation4339.org,Medium,Funding
4340,Global Impact Foundation 4340,USA,Education,Rural Development,www.globalimpactfoundation4340.org,contact@globalimpactfoundation4340.foundation,Low,Outreach
4341,Global Impact Foundation 4341,India,Child Welfare,Rural Development,www.globalimpactfoundation4341.global,contact@globalimpactfoundation4341.org,High,Pilot Testing
4342,Global Impact Foundation 4342,India,Child Welfare,Community Health,www.globalimpactfoundation4342.global,contact@globalimpactfoundation4342.ngo,Medium,Pilot Testing
4343,Global Impact Foundation 4343,Brazil,Environment,Disaster Relief,www.globalimpactfoundation4343.org,contact@globalimpactfoundation4343.org,High,Partnership
4344,Global Impact Foundation 4344,Germany,Women Empowerment,Rural Development,www.globalimpactfoundation4344.org,contact@globalimpactfoundation4344.foundation,High,Funding
4345,Global Impact Foundation 4345,Canada,Human Rights,Policy Advocacy,www.globalimpactfoundation4345.foundation,contact@globalimpactfoundation4345.org,High,Partnership
4346,Global Impact Foundation 4346,UAE,Child Welfare,Policy Advocacy,www.globalimpactfoundation4346.ngo,contact@globalimpactfoundation4346.org,Low,Funding
4347,Global Impact Foundation 4347,Australia,Child Welfare,Skill Development,www.globalimpactfoundation4347.org,contact@globalimpactfoundation4347.global,High,Funding
4348,Global Impact Foundation 4348,South Africa,Poverty Relief,Disaster Relief,www.globalimpactfoundation4348.org,contact@globalimpactfoundation4348.org,High,Funding
4349,Global Impact Foundation 4349,UAE,Child Welfare,Community Health,www.globalimpactfoundation4349.foundation,contact@globalimpactfoundation4349.global,Medium,Funding
4350,Global Impact Foundation 4350,Canada,Poverty Relief,Policy Advocacy,www.globalimpactfoundation4350.org,contact@globalimpactfoundation4350.global,Low,Partnership
4351,Global Impact Foundation 4351,India,Health,Community Health,www.globalimpactfoundation4351.global,contact@globalimpactfoundation4351.org,High,Funding
4352,Global Impact Foundation 4352,USA,Human Rights,Urban Support,www.globalimpactfoundation4352.foundation,contact@globalimpactfoundation4352.org,Low,Pilot Testing
4353,Global Impact Foundation 4353,India,Education,Disaster Relief,www.globalimpactfoundation4353.global,contact@globalimpactfoundation4353.org,Medium,Pilot Testing
4354,Global Impact Foundation 4354,Canada,Women Empowerment,Community Health,www.globalimpactfoundation4354.ngo,contact@globalimpactfoundation4354.org,Medium,Partnership
4355,Global Impact Foundation 4355,UK,Poverty Relief,Urban Support,www.globalimpactfoundation4355.ngo,contact@globalimpactfoundation4355.global,Medium,Pilot Testing
4356,Global Impact Foundation 4356,Canada,Poverty Relief,Policy Advocacy,www.globalimpactfoundation4356.org,contact@globalimpactfoundation4356.global,Medium,Outreach
4357,Global Impact Foundation 4357,Canada,Human Rights,Skill Development,www.globalimpactfoundation4357.ngo,contact@globalimpactfoundation4357.org,High,Pilot Testing
4358,Global Impact Foundation 4358,Canada,Human Rights,Policy Advocacy,www.globalimpactfoundation4358.ngo,contact@globalimpactfoundation4358.global,Low,Pilot Testing
4359,Global Impact Foundation 4359,India,Education,Skill Development,www.globalimpactfoundation4359.org,contact@globalimpactfoundation4359.org,Medium,Outreach
4360,Global Impact Foundation 4360,Kenya,Education,Urban Support,www.globalimpactfoundation4360.foundation,contact@globalimpactfoundation4360.ngo,High,Pilot Testing
4361,Global Impact Foundation 4361,India,Environment,Policy Advocacy,www.globalimpactfoundation4361.global,contact@globalimpactfoundation4361.ngo,High,Outreach
4362,Global Impact Foundation 4362,South Africa,Environment,Disaster Relief,www.globalimpactfoundation4362.org,contact@globalimpactfoundation4362.org,High,Pilot Testing
4363,Global Impact Foundation 4363,UAE,Women Empowerment,Skill Development,www.globalimpactfoundation4363.foundation,contact@globalimpactfoundation4363.foundation,High,Outreach
4364,Global Impact Foundation 4364,South Africa,Health,Community Health,www.globalimpactfoundation4364.global,contact@globalimpactfoundation4364.org,Medium,Funding
4365,Global Impact Foundation 4365,UAE,Environment,Policy Advocacy,www.globalimpactfoundation4365.foundation,contact@globalimpactfoundation4365.foundation,Medium,Outreach
4366,Global Impact Foundation 4366,UK,Poverty Relief,Disaster Relief,www.globalimpactfoundation4366.org,contact@globalimpactfoundation4366.foundation,Medium,Partnership
4367,Global Impact Foundation 4367,Australia,Environment,Skill Development,www.globalimpactfoundation4367.org,contact@globalimpactfoundation4367.org,Medium,Partnership
4368,Global Impact Foundation 4368,Brazil,Child Welfare,Rural Development,www.globalimpactfoundation4368.ngo,contact@globalimpactfoundation4368.foundation,Medium,Funding
4369,Global Impact Foundation 4369,Australia,Poverty Relief,Skill Development,www.globalimpactfoundation4369.global,contact@globalimpactfoundation4369.ngo,Medium,Funding
4370,Global Impact Foundation 4370,Australia,Poverty Relief,Community Health,www.globalimpactfoundation4370.org,contact@globalimpactfoundation4370.global,High,Outreach
4371,Global Impact Foundation 4371,UAE,Poverty Relief,Community Health,www.globalimpactfoundation4371.global,contact@globalimpactfoundation4371.ngo,Low,Outreach
4372,Global Impact Foundation 4372,South Africa,Health,Skill Development,www.globalimpactfoundation4372.foundation,contact@globalimpactfoundation4372.foundation,Medium,Outreach
4373,Global Impact Foundation 4373,UK,Women Empowerment,Rural Development,www.globalimpactfoundation4373.ngo,contact@globalimpactfoundation4373.ngo,Low,Outreach
4374,Global Impact Foundation 4374,Kenya,Child Welfare,Urban Support,www.globalimpactfoundation4374.global,contact@globalimpactfoundation4374.foundation,Medium,Outreach
4375,Global Impact Foundation 4375,South Africa,Women Empowerment,Policy Advocacy,www.globalimpactfoundation4375.ngo,contact@globalimpactfoundation4375.ngo,Low,Outreach
4376,Global Impact Foundation 4376,USA,Education,Rural Development,www.globalimpactfoundation4376.global,contact@globalimpactfoundation4376.org,Low,Funding
4377,Global Impact Foundation 4377,Germany,Health,Disaster Relief,www.globalimpactfoundation4377.ngo,contact@globalimpactfoundation4377.ngo,Medium,Funding
4378,Global Impact Foundation 4378,Germany,Health,Policy Advocacy,www.globalimpactfoundation4378.global,contact@globalimpactfoundation4378.foundation,High,Pilot Testing
4379,Global Impact Foundation 4379,South Africa,Environment,Rural Development,www.globalimpactfoundation4379.foundation,contact@globalimpactfoundation4379.foundation,Medium,Pilot Testing
4380,Global Impact Foundation 4380,Brazil,Environment,Rural Development,www.globalimpactfoundation4380.ngo,contact@globalimpactfoundation4380.ngo,Low,Funding
4381,Global Impact Foundation 4381,India,Health,Rural Development,www.globalimpactfoundation4381.org,contact@globalimpactfoundation4381.foundation,Medium,Funding
4382,Global Impact Foundation 4382,Australia,Health,Community Health,www.globalimpactfoundation4382.global,contact@globalimpactfoundation4382.foundation,High,Partnership
4383,Global Impact Foundation 4383,Canada,Environment,Rural Development,www.globalimpactfoundation4383.foundation,contact@globalimpactfoundation4383.global,Medium,Partnership
4384,Global Impact Foundation 4384,Brazil,Poverty Relief,Urban Support,www.globalimpactfoundation4384.foundation,contact@globalimpactfoundation4384.foundation,Low,Partnership
4385,Global Impact Foundation 4385,USA,Education,Rural Development,www.globalimpactfoundation4385.foundation,contact@globalimpactfoundation4385.foundation,Medium,Outreach
4386,Global Impact Foundation 4386,Kenya,Human Rights,Disaster Relief,www.globalimpactfoundation4386.org,contact@globalimpactfoundation4386.foundation,Medium,Funding
4387,Global Impact Foundation 4387,Kenya,Human Rights,Urban Support,www.globalimpactfoundation4387.foundation,contact@globalimpactfoundation4387.org,Medium,Outreach
4388,Global Impact Foundation 4388,UAE,Environment,Policy Advocacy,www.globalimpactfoundation4388.global,contact@globalimpactfoundation4388.foundation,Low,Outreach
4389,Global Impact Foundation 4389,UAE,Child Welfare,Urban Support,www.globalimpactfoundation4389.foundation,contact@globalimpactfoundation4389.foundation,Medium,Partnership
4390,Global Impact Foundation 4390,Kenya,Health,Policy Advocacy,www.globalimpactfoundation4390.foundation,contact@globalimpactfoundation4390.org,High,Partnership
4391,Global Impact Foundation 4391,Canada,Environment,Policy Advocacy,www.globalimpactfoundation4391.ngo,contact@globalimpactfoundation4391.ngo,Low,Outreach
4392,Global Impact Foundation 4392,UAE,Human Rights,Community Health,www.globalimpactfoundation4392.org,contact@globalimpactfoundation4392.org,Medium,Outreach
4393,Global Impact Foundation 4393,Canada,Education,Rural Development,www.globalimpactfoundation4393.org,contact@globalimpactfoundation4393.global,Medium,Partnership
4394,Global Impact Foundation 4394,Australia,Environment,Rural Development,www.globalimpactfoundation4394.ngo,contact@globalimpactfoundation4394.ngo,Low,Pilot Testing
4395,Global Impact Foundation 4395,UAE,Human Rights,Community Health,www.globalimpactfoundation4395.global,contact@globalimpactfoundation4395.foundation,Low,Funding
4396,Global Impact Foundation 4396,UK,Environment,Community Health,www.globalimpactfoundation4396.foundation,contact@globalimpactfoundation4396.ngo,Medium,Funding
4397,Global Impact Foundation 4397,Germany,Child Welfare,Disaster Relief,www.globalimpactfoundation4397.org,contact@globalimpactfoundation4397.ngo,High,Outreach
4398,Global Impact Foundation 4398,UAE,Women Empowerment,Community Health,www.globalimpactfoundation4398.ngo,contact@globalimpactfoundation4398.org,High,Funding
4399,Global Impact Foundation 4399,USA,Women Empowerment,Community Health,www.globalimpactfoundation4399.org,contact@globalimpactfoundation4399.ngo,Low,Pilot Testing
4400,Global Impact Foundation 4400,Canada,Child Welfare,Skill Development,www.globalimpactfoundation4400.org,contact@globalimpactfoundation4400.global,Low,Outreach
4401,Global Impact Foundation 4401,South Africa,Poverty Relief,Policy Advocacy,www.globalimpactfoundation4401.foundation,contact@globalimpactfoundation4401.foundation,Low,Partnership
4402,Global Impact Foundation 4402,USA,Poverty Relief,Policy Advocacy,www.globalimpactfoundation4402.foundation,contact@globalimpactfoundation4402.ngo,High,Pilot Testing
4403,Global Impact Foundation 4403,Germany,Environment,Community Health,www.globalimpactfoundation4403.global,contact@globalimpactfoundation4403.global,High,Funding
4404,Global Impact Foundation 4404,Germany,Poverty Relief,Policy Advocacy,www.globalimpactfoundation4404.ngo,contact@globalimpactfoundation4404.foundation,Low,Funding
4405,Global Impact Foundation 4405,Kenya,Health,Disaster Relief,www.globalimpactfoundation4405.global,contact@globalimpactfoundation4405.org,High,Partnership
4406,Global Impact Foundation 4406,Germany,Women Empowerment,Skill Development,www.globalimpactfoundation4406.ngo,contact@globalimpactfoundation4406.foundation,High,Outreach
4407,Global Impact Foundation 4407,USA,Education,Urban Support,www.globalimpactfoundation4407.foundation,contact@globalimpactfoundation4407.org,Low,Outreach
4408,Global Impact Foundation 4408,UK,Environment,Urban Support,www.globalimpactfoundation4408.global,contact@globalimpactfoundation4408.global,Medium,Partnership
4409,Global Impact Foundation 4409,USA,Environment,Disaster Relief,www.globalimpactfoundation4409.ngo,contact@globalimpactfoundation4409.org,High,Funding
4410,Global Impact Foundation 4410,UK,Health,Urban Support,www.globalimpactfoundation4410.foundation,contact@globalimpactfoundation4410.global,Low,Pilot Testing
4411,Global Impact Foundation 4411,Germany,Health,Rural Development,www.globalimpactfoundation4411.global,contact@globalimpactfoundation4411.global,Medium,Pilot Testing
4412,Global Impact Foundation 4412,India,Women Empowerment,Rural Development,www.globalimpactfoundation4412.global,contact@globalimpactfoundation4412.ngo,Medium,Partnership
4413,Global Impact Foundation 4413,UK,Women Empowerment,Community Health,www.globalimpactfoundation4413.global,contact@globalimpactfoundation4413.org,High,Outreach
4414,Global Impact Foundation 4414,UAE,Poverty Relief,Community Health,www.globalimpactfoundation4414.global,contact@globalimpactfoundation4414.global,Medium,Partnership
4415,Global Impact Foundation 4415,Kenya,Health,Urban Support,www.globalimpactfoundation4415.foundation,contact@globalimpactfoundation4415.global,Medium,Pilot Testing
4416,Global Impact Foundation 4416,South Africa,Education,Skill Development,www.globalimpactfoundation4416.org,contact@globalimpactfoundation4416.ngo,Medium,Outreach
4417,Global Impact Foundation 4417,Canada,Women Empowerment,Disaster Relief,www.globalimpactfoundation4417.ngo,contact@globalimpactfoundation4417.ngo,Low,Partnership
4418,Global Impact Foundation 4418,USA,Human Rights,Rural Development,www.globalimpactfoundation4418.org,contact@globalimpactfoundation4418.ngo,Low,Pilot Testing
4419,Global Impact Foundation 4419,USA,Human Rights,Policy Advocacy,www.globalimpactfoundation4419.foundation,contact@globalimpactfoundation4419.global,Medium,Partnership
4420,Global Impact Foundation 4420,India,Human Rights,Community Health,www.globalimpactfoundation4420.ngo,contact@globalimpactfoundation4420.global,Medium,Pilot Testing
4421,Global Impact Foundation 4421,India,Child Welfare,Policy Advocacy,www.globalimpactfoundation4421.global,contact@globalimpactfoundation4421.ngo,Low,Partnership
4422,Global Impact Foundation 4422,Australia,Women Empowerment,Urban Support,www.globalimpactfoundation4422.ngo,contact@globalimpactfoundation4422.foundation,Medium,Funding
4423,Global Impact Foundation 4423,Kenya,Poverty Relief,Community Health,www.globalimpactfoundation4423.global,contact@globalimpactfoundation4423.foundation,Medium,Pilot Testing
4424,Global Impact Foundation 4424,India,Health,Urban Support,www.globalimpactfoundation4424.foundation,contact@globalimpactfoundation4424.foundation,High,Outreach
4425,Global Impact Foundation 4425,Kenya,Child Welfare,Community Health,www.globalimpactfoundation4425.global,contact@globalimpactfoundation4425.ngo,Medium,Funding
4426,Global Impact Foundation 4426,USA,Human Rights,Community Health,www.globalimpactfoundation4426.org,contact@globalimpactfoundation4426.foundation,High,Funding
4427,Global Impact Foundation 4427,UK,Human Rights,Disaster Relief,www.globalimpactfoundation4427.global,contact@globalimpactfoundation4427.global,Medium,Pilot Testing
4428,Global Impact Foundation 4428,Germany,Health,Community Health,www.globalimpactfoundation4428.org,contact@globalimpactfoundation4428.global,Medium,Partnership
4429,Global Impact Foundation 4429,USA,Poverty Relief,Urban Support,www.globalimpactfoundation4429.foundation,contact@globalimpactfoundation4429.global,Medium,Pilot Testing
4430,Global Impact Foundation 4430,Brazil,Environment,Urban Support,www.globalimpactfoundation4430.global,contact@globalimpactfoundation4430.ngo,High,Pilot Testing
4431,Global Impact Foundation 4431,Kenya,Environment,Skill Development,www.globalimpactfoundation4431.org,contact@globalimpactfoundation4431.global,Low,Pilot Testing
4432,Global Impact Foundation 4432,USA,Human Rights,Policy Advocacy,www.globalimpactfoundation4432.global,contact@globalimpactfoundation4432.ngo,High,Partnership
4433,Global Impact Foundation 4433,South Africa,Human Rights,Urban Support,www.globalimpactfoundation4433.foundation,contact@globalimpactfoundation4433.ngo,Medium,Pilot Testing
4434,Global Impact Foundation 4434,UK,Child Welfare,Rural Development,www.globalimpactfoundation4434.org,contact@globalimpactfoundation4434.ngo,Low,Outreach
4435,Global Impact Foundation 4435,Canada,Human Rights,Disaster Relief,www.globalimpactfoundation4435.org,contact@globalimpactfoundation4435.ngo,Low,Outreach
4436,Global Impact Foundation 4436,Kenya,Environment,Disaster Relief,www.globalimpactfoundation4436.org,contact@globalimpactfoundation4436.ngo,Medium,Outreach
4437,Global Impact Foundation 4437,South Africa,Health,Rural Development,www.globalimpactfoundation4437.foundation,contact@globalimpactfoundation4437.global,Medium,Pilot Testing
4438,Global Impact Foundation 4438,UAE,Child Welfare,Urban Support,www.globalimpactfoundation4438.org,contact@globalimpactfoundation4438.org,Low,Funding
4439,Global Impact Foundation 4439,UK,Education,Disaster Relief,www.globalimpactfoundation4439.ngo,contact@globalimpactfoundation4439.global,Low,Outreach
4440,Global Impact Foundation 4440,UK,Human Rights,Disaster Relief,www.globalimpactfoundation4440.foundation,contact@globalimpactfoundation4440.org,Medium,Funding
4441,Global Impact Foundation 4441,Canada,Education,Disaster Relief,www.globalimpactfoundation4441.ngo,contact@globalimpactfoundation4441.global,High,Pilot Testing
4442,Global Impact Foundation 4442,Canada,Health,Skill Development,www.globalimpactfoundation4442.foundation,contact@globalimpactfoundation4442.org,Medium,Outreach
4443,Global Impact Foundation 4443,Australia,Environment,Disaster Relief,www.globalimpactfoundation4443.global,contact@globalimpactfoundation4443.ngo,Medium,Pilot Testing
4444,Global Impact Foundation 4444,UK,Health,Rural Development,www.globalimpactfoundation4444.org,contact@globalimpactfoundation4444.ngo,Low,Outreach
4445,Global Impact Foundation 4445,Australia,Women Empowerment,Disaster Relief,www.globalimpactfoundation4445.foundation,contact@globalimpactfoundation4445.ngo,High,Outreach
4446,Global Impact Foundation 4446,UK,Women Empowerment,Community Health,www.globalimpactfoundation4446.foundation,contact@globalimpactfoundation4446.global,Low,Funding
4447,Global Impact Foundation 4447,India,Health,Rural Development,www.globalimpactfoundation4447.org,contact@globalimpactfoundation4447.foundation,High,Partnership
4448,Global Impact Foundation 4448,South Africa,Environment,Community Health,www.globalimpactfoundation4448.global,contact@globalimpactfoundation4448.global,High,Funding
4449,Global Impact Foundation 4449,Germany,Human Rights,Skill Development,www.globalimpactfoundation4449.org,contact@globalimpactfoundation4449.global,Medium,Partnership
4450,Global Impact Foundation 4450,UAE,Health,Urban Support,www.globalimpactfoundation4450.org,contact@globalimpactfoundation4450.ngo,Medium,Partnership
4451,Global Impact Foundation 4451,India,Human Rights,Urban Support,www.globalimpactfoundation4451.foundation,contact@globalimpactfoundation4451.ngo,Medium,Pilot Testing
4452,Global Impact Foundation 4452,Australia,Human Rights,Disaster Relief,www.globalimpactfoundation4452.foundation,contact@globalimpactfoundation4452.global,Low,Pilot Testing
4453,Global Impact Foundation 4453,USA,Human Rights,Skill Development,www.globalimpactfoundation4453.global,contact@globalimpactfoundation4453.foundation,Medium,Funding
4454,Global Impact Foundation 4454,South Africa,Women Empowerment,Urban Support,www.globalimpactfoundation4454.foundation,contact@globalimpactfoundation4454.foundation,Medium,Funding
4455,Global Impact Foundation 4455,Germany,Education,Skill Development,www.globalimpactfoundation4455.ngo,contact@globalimpactfoundation4455.ngo,Low,Pilot Testing
4456,Global Impact Foundation 4456,Brazil,Environment,Urban Support,www.globalimpactfoundation4456.org,contact@globalimpactfoundation4456.ngo,Low,Pilot Testing
4457,Global Impact Foundation 4457,Australia,Human Rights,Disaster Relief,www.globalimpactfoundation4457.global,contact@globalimpactfoundation4457.foundation,Medium,Pilot Testing
4458,Global Impact Foundation 4458,Kenya,Child Welfare,Policy Advocacy,www.globalimpactfoundation4458.ngo,contact@globalimpactfoundation4458.ngo,Low,Pilot Testing
4459,Global Impact Foundation 4459,Canada,Women Empowerment,Disaster Relief,www.globalimpactfoundation4459.global,contact@globalimpactfoundation4459.foundation,Medium,Funding
4460,Global Impact Foundation 4460,UK,Education,Urban Support,www.globalimpactfoundation4460.foundation,contact@globalimpactfoundation4460.global,Low,Partnership
4461,Global Impact Foundation 4461,USA,Education,Rural Development,www.globalimpactfoundation4461.foundation,contact@globalimpactfoundation4461.foundation,Low,Partnership
4462,Global Impact Foundation 4462,USA,Poverty Relief,Rural Development,www.globalimpactfoundation4462.global,contact@globalimpactfoundation4462.ngo,High,Outreach
4463,Global Impact Foundation 4463,USA,Health,Rural Development,www.globalimpactfoundation4463.foundation,contact@globalimpactfoundation4463.org,Medium,Outreach
4464,Global Impact Foundation 4464,Kenya,Human Rights,Community Health,www.globalimpactfoundation4464.foundation,contact@globalimpactfoundation4464.global,Medium,Partnership
4465,Global Impact Foundation 4465,USA,Child Welfare,Rural Development,www.globalimpactfoundation4465.global,contact@globalimpactfoundation4465.foundation,Medium,Outreach
4466,Global Impact Foundation 4466,Kenya,Environment,Rural Development,www.globalimpactfoundation4466.global,contact@globalimpactfoundation4466.ngo,Medium,Pilot Testing
4467,Global Impact Foundation 4467,South Africa,Environment,Disaster Relief,www.globalimpactfoundation4467.ngo,contact@globalimpactfoundation4467.foundation,Medium,Funding
4468,Global Impact Foundation 4468,Canada,Education,Disaster Relief,www.globalimpactfoundation4468.ngo,contact@globalimpactfoundation4468.ngo,Medium,Pilot Testing
4469,Global Impact Foundation 4469,India,Education,Community Health,www.globalimpactfoundation4469.foundation,contact@globalimpactfoundation4469.global,High,Pilot Testing
4470,Global Impact Foundation 4470,Kenya,Human Rights,Skill Development,www.globalimpactfoundation4470.global,contact@globalimpactfoundation4470.org,High,Funding
4471,Global Impact Foundation 4471,South Africa,Education,Disaster Relief,www.globalimpactfoundation4471.foundation,contact@globalimpactfoundation4471.global,Low,Partnership
4472,Global Impact Foundation 4472,Australia,Education,Policy Advocacy,www.globalimpactfoundation4472.org,contact@globalimpactfoundation4472.ngo,Low,Funding
4473,Global Impact Foundation 4473,Canada,Human Rights,Skill Development,www.globalimpactfoundation4473.global,contact@globalimpactfoundation4473.global,Low,Outreach
4474,Global Impact Foundation 4474,UAE,Health,Urban Support,www.globalimpactfoundation4474.global,contact@globalimpactfoundation4474.org,Medium,Partnership
4475,Global Impact Foundation 4475,UK,Environment,Skill Development,www.globalimpactfoundation4475.foundation,contact@globalimpactfoundation4475.org,Medium,Partnership
4476,Global Impact Foundation 4476,Kenya,Poverty Relief,Policy Advocacy,www.globalimpactfoundation4476.global,contact@globalimpactfoundation4476.ngo,Low,Funding
4477,Global Impact Foundation 4477,UAE,Poverty Relief,Community Health,www.globalimpactfoundation4477.org,contact@globalimpactfoundation4477.ngo,Medium,Partnership
4478,Global Impact Foundation 4478,UK,Environment,Rural Development,www.globalimpactfoundation4478.ngo,contact@globalimpactfoundation4478.foundation,Medium,Pilot Testing
4479,Global Impact Foundation 4479,USA,Child Welfare,Rural Development,www.globalimpactfoundation4479.org,contact@globalimpactfoundation4479.org,High,Outreach
4480,Global Impact Foundation 4480,Kenya,Education,Community Health,www.globalimpactfoundation4480.org,contact@globalimpactfoundation4480.global,Low,Outreach
4481,Global Impact Foundation 4481,UAE,Environment,Disaster Relief,www.globalimpactfoundation4481.org,contact@globalimpactfoundation4481.ngo,High,Pilot Testing
4482,Global Impact Foundation 4482,Canada,Women Empowerment,Disaster Relief,www.globalimpactfoundation4482.foundation,contact@globalimpactfoundation4482.foundation,Medium,Partnership
4483,Global Impact Foundation 4483,USA,Education,Skill Development,www.globalimpactfoundation4483.foundation,contact@globalimpactfoundation4483.ngo,Medium,Partnership
4484,Global Impact Foundation 4484,Germany,Education,Urban Support,www.globalimpactfoundation4484.org,contact@globalimpactfoundation4484.foundation,High,Funding
4485,Global Impact Foundation 4485,USA,Education,Policy Advocacy,www.globalimpactfoundation4485.ngo,contact@globalimpactfoundation4485.org,High,Pilot Testing
4486,Global Impact Foundation 4486,India,Health,Urban Support,www.globalimpactfoundation4486.ngo,contact@globalimpactfoundation4486.org,High,Partnership
4487,Global Impact Foundation 4487,Australia,Health,Urban Support,www.globalimpactfoundation4487.ngo,contact@globalimpactfoundation4487.ngo,High,Funding
4488,Global Impact Foundation 4488,Canada,Poverty Relief,Urban Support,www.globalimpactfoundation4488.ngo,contact@globalimpactfoundation4488.ngo,High,Outreach
4489,Global Impact Foundation 4489,South Africa,Poverty Relief,Urban Support,www.globalimpactfoundation4489.foundation,contact@globalimpactfoundation4489.org,Low,Funding
4490,Global Impact Foundation 4490,Kenya,Education,Rural Development,www.globalimpactfoundation4490.global,contact@globalimpactfoundation4490.foundation,Low,Funding
4491,Global Impact Foundation 4491,India,Child Welfare,Disaster Relief,www.globalimpactfoundation4491.ngo,contact@globalimpactfoundation4491.org,High,Outreach
4492,Global Impact Foundation 4492,UAE,Education,Disaster Relief,www.globalimpactfoundation4492.org,contact@globalimpactfoundation4492.global,Medium,Partnership
4493,Global Impact Foundation 4493,Brazil,Poverty Relief,Policy Advocacy,www.globalimpactfoundation4493.org,contact@globalimpactfoundation4493.ngo,High,Funding
4494,Global Impact Foundation 4494,Kenya,Environment,Policy Advocacy,www.globalimpactfoundation4494.ngo,contact@globalimpactfoundation4494.foundation,Low,Pilot Testing
4495,Global Impact Foundation 4495,India,Education,Rural Development,www.globalimpactfoundation4495.foundation,contact@globalimpactfoundation4495.global,Medium,Partnership
4496,Global Impact Foundation 4496,South Africa,Environment,Skill Development,www.globalimpactfoundation4496.foundation,contact@globalimpactfoundation4496.org,Low,Partnership
4497,Global Impact Foundation 4497,UAE,Poverty Relief,Rural Development,www.globalimpactfoundation4497.foundation,contact@globalimpactfoundation4497.global,Medium,Outreach
4498,Global Impact Foundation 4498,Australia,Education,Policy Advocacy,www.globalimpactfoundation4498.org,contact@globalimpactfoundation4498.foundation,Medium,Funding
4499,Global Impact Foundation 4499,Australia,Environment,Policy Advocacy,www.globalimpactfoundation4499.org,contact@globalimpactfoundation4499.org,Medium,Partnership
4500,Global Impact Foundation 4500,Canada,Women Empowerment,Skill Development,www.globalimpactfoundation4500.global,contact@globalimpactfoundation4500.foundation,Medium,Pilot Testing
4501,Global Impact Foundation 4501,Canada,Environment,Skill Development,www.globalimpactfoundation4501.foundation,contact@globalimpactfoundation4501.global,Low,Pilot Testing
4502,Global Impact Foundation 4502,UK,Health,Community Health,www.globalimpactfoundation4502.ngo,contact@globalimpactfoundation4502.ngo,Medium,Pilot Testing
4503,Global Impact Foundation 4503,Australia,Environment,Rural Development,www.globalimpactfoundation4503.ngo,contact@globalimpactfoundation4503.global,High,Outreach
4504,Global Impact Foundation 4504,Canada,Environment,Disaster Relief,www.globalimpactfoundation4504.org,contact@globalimpactfoundation4504.foundation,Medium,Outreach
4505,Global Impact Foundation 4505,Australia,Poverty Relief,Rural Development,www.globalimpactfoundation4505.global,contact@globalimpactfoundation4505.ngo,High,Partnership
4506,Global Impact Foundation 4506,Germany,Child Welfare,Community Health,www.globalimpactfoundation4506.org,contact@globalimpactfoundation4506.ngo,High,Funding
4507,Global Impact Foundation 4507,UAE,Environment,Urban Support,www.globalimpactfoundation4507.org,contact@globalimpactfoundation4507.global,Low,Partnership
4508,Global Impact Foundation 4508,Kenya,Women Empowerment,Policy Advocacy,www.globalimpactfoundation4508.global,contact@globalimpactfoundation4508.global,Low,Pilot Testing
4509,Global Impact Foundation 4509,South Africa,Health,Rural Development,www.globalimpactfoundation4509.foundation,contact@globalimpactfoundation4509.global,Low,Outreach
4510,Global Impact Foundation 4510,Canada,Women Empowerment,Disaster Relief,www.globalimpactfoundation4510.global,contact@globalimpactfoundation4510.org,Medium,Funding
4511,Global Impact Foundation 4511,India,Poverty Relief,Disaster Relief,www.globalimpactfoundation4511.global,contact@globalimpactfoundation4511.global,Low,Pilot Testing
4512,Global Impact Foundation 4512,India,Health,Disaster Relief,www.globalimpactfoundation4512.ngo,contact@globalimpactfoundation4512.global,High,Pilot Testing
4513,Global Impact Foundation 4513,Germany,Health,Disaster Relief,www.globalimpactfoundation4513.ngo,contact@globalimpactfoundation4513.org,Medium,Outreach
4514,Global Impact Foundation 4514,Kenya,Human Rights,Skill Development,www.globalimpactfoundation4514.org,contact@globalimpactfoundation4514.global,High,Pilot Testing
4515,Global Impact Foundation 4515,UK,Poverty Relief,Skill Development,www.globalimpactfoundation4515.foundation,contact@globalimpactfoundation4515.global,Medium,Outreach
4516,Global Impact Foundation 4516,Canada,Human Rights,Urban Support,www.globalimpactfoundation4516.ngo,contact@globalimpactfoundation4516.org,Low,Outreach
4517,Global Impact Foundation 4517,Germany,Education,Disaster Relief,www.globalimpactfoundation4517.global,contact@globalimpactfoundation4517.global,Medium,Pilot Testing
4518,Global Impact Foundation 4518,USA,Poverty Relief,Rural Development,www.globalimpactfoundation4518.org,contact@globalimpactfoundation4518.ngo,Medium,Partnership
4519,Global Impact Foundation 4519,India,Child Welfare,Rural Development,www.globalimpactfoundation4519.foundation,contact@globalimpactfoundation4519.ngo,Medium,Partnership
4520,Global Impact Foundation 4520,South Africa,Poverty Relief,Policy Advocacy,www.globalimpactfoundation4520.ngo,contact@globalimpactfoundation4520.ngo,Low,Pilot Testing
4521,Global Impact Foundation 4521,Canada,Child Welfare,Skill Development,www.globalimpactfoundation4521.foundation,contact@globalimpactfoundation4521.global,Low,Partnership
4522,Global Impact Foundation 4522,South Africa,Health,Policy Advocacy,www.globalimpactfoundation4522.org,contact@globalimpactfoundation4522.org,High,Outreach
4523,Global Impact Foundation 4523,South Africa,Child Welfare,Urban Support,www.globalimpactfoundation4523.org,contact@globalimpactfoundation4523.foundation,Low,Outreach
4524,Global Impact Foundation 4524,USA,Health,Community Health,www.globalimpactfoundation4524.foundation,contact@globalimpactfoundation4524.foundation,Medium,Funding
4525,Global Impact Foundation 4525,Brazil,Education,Policy Advocacy,www.globalimpactfoundation4525.ngo,contact@globalimpactfoundation4525.ngo,Low,Pilot Testing
4526,Global Impact Foundation 4526,USA,Child Welfare,Urban Support,www.globalimpactfoundation4526.org,contact@globalimpactfoundation4526.global,High,Funding
4527,Global Impact Foundation 4527,Canada,Women Empowerment,Policy Advocacy,www.globalimpactfoundation4527.org,contact@globalimpactfoundation4527.foundation,Low,Pilot Testing
4528,Global Impact Foundation 4528,Australia,Health,Disaster Relief,www.globalimpactfoundation4528.global,contact@globalimpactfoundation4528.global,High,Funding
4529,Global Impact Foundation 4529,UK,Poverty Relief,Policy Advocacy,www.globalimpactfoundation4529.ngo,contact@globalimpactfoundation4529.global,Medium,Funding
4530,Global Impact Foundation 4530,Australia,Poverty Relief,Community Health,www.globalimpactfoundation4530.foundation,contact@globalimpactfoundation4530.org,Medium,Partnership
4531,Global Impact Foundation 4531,USA,Poverty Relief,Urban Support,www.globalimpactfoundation4531.ngo,contact@globalimpactfoundation4531.ngo,Low,Funding
4532,Global Impact Foundation 4532,South Africa,Poverty Relief,Policy Advocacy,www.globalimpactfoundation4532.global,contact@globalimpactfoundation4532.org,High,Partnership
4533,Global Impact Foundation 4533,Canada,Education,Urban Support,www.globalimpactfoundation4533.ngo,contact@globalimpactfoundation4533.global,High,Funding
4534,Global Impact Foundation 4534,UAE,Poverty Relief,Rural Development,www.globalimpactfoundation4534.global,contact@globalimpactfoundation4534.foundation,High,Pilot Testing
4535,Global Impact Foundation 4535,Kenya,Education,Rural Development,www.globalimpactfoundation4535.ngo,contact@globalimpactfoundation4535.foundation,High,Outreach
4536,Global Impact Foundation 4536,Australia,Environment,Community Health,www.globalimpactfoundation4536.global,contact@globalimpactfoundation4536.ngo,Medium,Pilot Testing
4537,Global Impact Foundation 4537,UAE,Women Empowerment,Community Health,www.globalimpactfoundation4537.global,contact@globalimpactfoundation4537.org,Medium,Pilot Testing
4538,Global Impact Foundation 4538,Australia,Health,Disaster Relief,www.globalimpactfoundation4538.global,contact@globalimpactfoundation4538.org,Medium,Pilot Testing
4539,Global Impact Foundation 4539,Kenya,Child Welfare,Community Health,www.globalimpactfoundation4539.global,contact@globalimpactfoundation4539.global,High,Outreach
4540,Global Impact Foundation 4540,Brazil,Environment,Policy Advocacy,www.globalimpactfoundation4540.org,contact@globalimpactfoundation4540.global,High,Funding
4541,Global Impact Foundation 4541,Germany,Women Empowerment,Policy Advocacy,www.globalimpactfoundation4541.global,contact@globalimpactfoundation4541.global,Medium,Outreach
4542,Global Impact Foundation 4542,USA,Human Rights,Skill Development,www.globalimpactfoundation4542.global,contact@globalimpactfoundation4542.global,Low,Pilot Testing
4543,Global Impact Foundation 4543,Canada,Education,Community Health,www.globalimpactfoundation4543.global,contact@globalimpactfoundation4543.global,Low,Funding
4544,Global Impact Foundation 4544,Brazil,Women Empowerment,Skill Development,www.globalimpactfoundation4544.org,contact@globalimpactfoundation4544.ngo,Low,Funding
4545,Global Impact Foundation 4545,Germany,Human Rights,Community Health,www.globalimpactfoundation4545.foundation,contact@globalimpactfoundation4545.global,Low,Outreach
4546,Global Impact Foundation 4546,Germany,Education,Disaster Relief,www.globalimpactfoundation4546.org,contact@globalimpactfoundation4546.org,High,Pilot Testing
4547,Global Impact Foundation 4547,USA,Health,Disaster Relief,www.globalimpactfoundation4547.foundation,contact@globalimpactfoundation4547.org,High,Partnership
4548,Global Impact Foundation 4548,Australia,Poverty Relief,Disaster Relief,www.globalimpactfoundation4548.foundation,contact@globalimpactfoundation4548.foundation,Low,Outreach
4549,Global Impact Foundation 4549,Brazil,Education,Policy Advocacy,www.globalimpactfoundation4549.global,contact@globalimpactfoundation4549.org,High,Outreach
4550,Global Impact Foundation 4550,India,Environment,Skill Development,www.globalimpactfoundation4550.foundation,contact@globalimpactfoundation4550.org,Low,Partnership
4551,Global Impact Foundation 4551,UAE,Poverty Relief,Urban Support,www.globalimpactfoundation4551.foundation,contact@globalimpactfoundation4551.global,Low,Funding
4552,Global Impact Foundation 4552,South Africa,Human Rights,Disaster Relief,www.globalimpactfoundation4552.ngo,contact@globalimpactfoundation4552.ngo,Medium,Pilot Testing
4553,Global Impact Foundation 4553,South Africa,Health,Policy Advocacy,www.globalimpactfoundation4553.org,contact@globalimpactfoundation4553.foundation,Medium,Partnership
4554,Global Impact Foundation 4554,India,Poverty Relief,Community Health,www.globalimpactfoundation4554.global,contact@globalimpactfoundation4554.ngo,High,Outreach
4555,Global Impact Foundation 4555,USA,Education,Urban Support,www.globalimpactfoundation4555.global,contact@globalimpactfoundation4555.global,Medium,Partnership
4556,Global Impact Foundation 4556,India,Poverty Relief,Skill Development,www.globalimpactfoundation4556.global,contact@globalimpactfoundation4556.ngo,Low,Funding
4557,Global Impact Foundation 4557,USA,Environment,Rural Development,www.globalimpactfoundation4557.global,contact@globalimpactfoundation4557.global,Medium,Funding
4558,Global Impact Foundation 4558,USA,Education,Policy Advocacy,www.globalimpactfoundation4558.ngo,contact@globalimpactfoundation4558.org,High,Pilot Testing
4559,Global Impact Foundation 4559,Canada,Child Welfare,Disaster Relief,www.globalimpactfoundation4559.global,contact@globalimpactfoundation4559.foundation,Medium,Outreach
4560,Global Impact Foundation 4560,South Africa,Child Welfare,Rural Development,www.globalimpactfoundation4560.org,contact@globalimpactfoundation4560.foundation,High,Pilot Testing
4561,Global Impact Foundation 4561,Germany,Child Welfare,Policy Advocacy,www.globalimpactfoundation4561.org,contact@globalimpactfoundation4561.ngo,Medium,Partnership
4562,Global Impact Foundation 4562,USA,Poverty Relief,Policy Advocacy,www.globalimpactfoundation4562.ngo,contact@globalimpactfoundation4562.foundation,Low,Partnership
4563,Global Impact Foundation 4563,Brazil,Poverty Relief,Rural Development,www.globalimpactfoundation4563.global,contact@globalimpactfoundation4563.ngo,High,Funding
4564,Global Impact Foundation 4564,India,Education,Rural Development,www.globalimpactfoundation4564.org,contact@globalimpactfoundation4564.ngo,Medium,Partnership
4565,Global Impact Foundation 4565,India,Health,Policy Advocacy,www.globalimpactfoundation4565.ngo,contact@globalimpactfoundation4565.ngo,Medium,Funding
4566,Global Impact Foundation 4566,UK,Environment,Urban Support,www.globalimpactfoundation4566.global,contact@globalimpactfoundation4566.ngo,Medium,Funding
4567,Global Impact Foundation 4567,Brazil,Environment,Disaster Relief,www.globalimpactfoundation4567.global,contact@globalimpactfoundation4567.ngo,High,Pilot Testing
4568,Global Impact Foundation 4568,UK,Women Empowerment,Skill Development,www.globalimpactfoundation4568.ngo,contact@globalimpactfoundation4568.ngo,Medium,Partnership
4569,Global Impact Foundation 4569,Germany,Women Empowerment,Policy Advocacy,www.globalimpactfoundation4569.ngo,contact@globalimpactfoundation4569.global,Medium,Funding
4570,Global Impact Foundation 4570,USA,Poverty Relief,Urban Support,www.globalimpactfoundation4570.global,contact@globalimpactfoundation4570.foundation,High,Partnership
4571,Global Impact Foundation 4571,Germany,Women Empowerment,Urban Support,www.globalimpactfoundation4571.ngo,contact@globalimpactfoundation4571.global,Low,Pilot Testing
4572,Global Impact Foundation 4572,Australia,Environment,Policy Advocacy,www.globalimpactfoundation4572.global,contact@globalimpactfoundation4572.foundation,Medium,Outreach
4573,Global Impact Foundation 4573,UAE,Environment,Disaster Relief,www.globalimpactfoundation4573.foundation,contact@globalimpactfoundation4573.foundation,High,Funding
4574,Global Impact Foundation 4574,Germany,Education,Policy Advocacy,www.globalimpactfoundation4574.ngo,contact@globalimpactfoundation4574.global,Low,Pilot Testing
4575,Global Impact Foundation 4575,Kenya,Poverty Relief,Policy Advocacy,www.globalimpactfoundation4575.ngo,contact@globalimpactfoundation4575.global,High,Pilot Testing
4576,Global Impact Foundation 4576,UAE,Environment,Community Health,www.globalimpactfoundation4576.ngo,contact@globalimpactfoundation4576.foundation,High,Funding
4577,Global Impact Foundation 4577,USA,Human Rights,Community Health,www.globalimpactfoundation4577.ngo,contact@globalimpactfoundation4577.org,High,Partnership
4578,Global Impact Foundation 4578,Brazil,Health,Policy Advocacy,www.globalimpactfoundation4578.global,contact@globalimpactfoundation4578.org,High,Partnership
4579,Global Impact Foundation 4579,Kenya,Health,Urban Support,www.globalimpactfoundation4579.ngo,contact@globalimpactfoundation4579.foundation,High,Outreach
4580,Global Impact Foundation 4580,USA,Health,Community Health,www.globalimpactfoundation4580.global,contact@globalimpactfoundation4580.global,Low,Funding
4581,Global Impact Foundation 4581,India,Environment,Rural Development,www.globalimpactfoundation4581.ngo,contact@globalimpactfoundation4581.ngo,Low,Outreach
4582,Global Impact Foundation 4582,Brazil,Human Rights,Policy Advocacy,www.globalimpactfoundation4582.global,contact@globalimpactfoundation4582.org,High,Funding
4583,Global Impact Foundation 4583,Germany,Human Rights,Rural Development,www.globalimpactfoundation4583.ngo,contact@globalimpactfoundation4583.ngo,High,Partnership
4584,Global Impact Foundation 4584,UK,Poverty Relief,Community Health,www.globalimpactfoundation4584.ngo,contact@globalimpactfoundation4584.org,High,Outreach
4585,Global Impact Foundation 4585,UK,Education,Community Health,www.globalimpactfoundation4585.foundation,contact@globalimpactfoundation4585.ngo,High,Funding
4586,Global Impact Foundation 4586,South Africa,Poverty Relief,Rural Development,www.globalimpactfoundation4586.global,contact@globalimpactfoundation4586.ngo,High,Funding
4587,Global Impact Foundation 4587,South Africa,Health,Community Health,www.globalimpactfoundation4587.global,contact@globalimpactfoundation4587.ngo,Medium,Partnership
4588,Global Impact Foundation 4588,UAE,Environment,Urban Support,www.globalimpactfoundation4588.foundation,contact@globalimpactfoundation4588.org,High,Partnership
4589,Global Impact Foundation 4589,USA,Environment,Rural Development,www.globalimpactfoundation4589.ngo,contact@globalimpactfoundation4589.org,Low,Outreach
4590,Global Impact Foundation 4590,India,Women Empowerment,Skill Development,www.globalimpactfoundation4590.foundation,contact@globalimpactfoundation4590.ngo,Low,Outreach
4591,Global Impact Foundation 4591,India,Women Empowerment,Community Health,www.globalimpactfoundation4591.org,contact@globalimpactfoundation4591.foundation,Low,Partnership
4592,Global Impact Foundation 4592,USA,Child Welfare,Rural Development,www.globalimpactfoundation4592.ngo,contact@globalimpactfoundation4592.global,High,Pilot Testing
4593,Global Impact Foundation 4593,UAE,Child Welfare,Rural Development,www.globalimpactfoundation4593.ngo,contact@globalimpactfoundation4593.foundation,Low,Partnership
4594,Global Impact Foundation 4594,UAE,Poverty Relief,Policy Advocacy,www.globalimpactfoundation4594.org,contact@globalimpactfoundation4594.global,Low,Funding
4595,Global Impact Foundation 4595,Kenya,Child Welfare,Disaster Relief,www.globalimpactfoundation4595.global,contact@globalimpactfoundation4595.org,Low,Partnership
4596,Global Impact Foundation 4596,India,Women Empowerment,Community Health,www.globalimpactfoundation4596.foundation,contact@globalimpactfoundation4596.ngo,Medium,Funding
4597,Global Impact Foundation 4597,South Africa,Environment,Rural Development,www.globalimpactfoundation4597.ngo,contact@globalimpactfoundation4597.global,High,Pilot Testing
4598,Global Impact Foundation 4598,Canada,Environment,Policy Advocacy,www.globalimpactfoundation4598.org,contact@globalimpactfoundation4598.org,Medium,Outreach
4599,Global Impact Foundation 4599,Australia,Child Welfare,Skill Development,www.globalimpactfoundation4599.ngo,contact@globalimpactfoundation4599.global,Low,Funding
4600,Global Impact Foundation 4600,South Africa,Environment,Urban Support,www.globalimpactfoundation4600.org,contact@globalimpactfoundation4600.foundation,Low,Pilot Testing
4601,Global Impact Foundation 4601,South Africa,Human Rights,Skill Development,www.globalimpactfoundation4601.foundation,contact@globalimpactfoundation4601.ngo,Medium,Pilot Testing
4602,Global Impact Foundation 4602,India,Health,Rural Development,www.globalimpactfoundation4602.ngo,contact@globalimpactfoundation4602.org,Medium,Funding
4603,Global Impact Foundation 4603,UAE,Poverty Relief,Rural Development,www.globalimpactfoundation4603.ngo,contact@globalimpactfoundation4603.ngo,Medium,Pilot Testing
4604,Global Impact Foundation 4604,UK,Poverty Relief,Policy Advocacy,www.globalimpactfoundation4604.foundation,contact@globalimpactfoundation4604.ngo,Low,Outreach
4605,Global Impact Foundation 4605,India,Education,Community Health,www.globalimpactfoundation4605.global,contact@globalimpactfoundation4605.ngo,Medium,Partnership
4606,Global Impact Foundation 4606,Germany,Human Rights,Urban Support,www.globalimpactfoundation4606.ngo,contact@globalimpactfoundation4606.ngo,Medium,Partnership
4607,Global Impact Foundation 4607,South Africa,Women Empowerment,Community Health,www.globalimpactfoundation4607.org,contact@globalimpactfoundation4607.ngo,Medium,Pilot Testing
4608,Global Impact Foundation 4608,UAE,Health,Disaster Relief,www.globalimpactfoundation4608.ngo,contact@globalimpactfoundation4608.org,High,Partnership
4609,Global Impact Foundation 4609,USA,Health,Rural Development,www.globalimpactfoundation4609.foundation,contact@globalimpactfoundation4609.org,Medium,Outreach
4610,Global Impact Foundation 4610,Canada,Women Empowerment,Rural Development,www.globalimpactfoundation4610.org,contact@globalimpactfoundation4610.foundation,Medium,Pilot Testing
4611,Global Impact Foundation 4611,USA,Education,Skill Development,www.globalimpactfoundation4611.ngo,contact@globalimpactfoundation4611.global,Medium,Partnership
4612,Global Impact Foundation 4612,UK,Health,Community Health,www.globalimpactfoundation4612.foundation,contact@globalimpactfoundation4612.foundation,Medium,Outreach
4613,Global Impact Foundation 4613,Canada,Health,Policy Advocacy,www.globalimpactfoundation4613.global,contact@globalimpactfoundation4613.ngo,Low,Funding
4614,Global Impact Foundation 4614,Kenya,Child Welfare,Rural Development,www.globalimpactfoundation4614.org,contact@globalimpactfoundation4614.global,Low,Funding
4615,Global Impact Foundation 4615,South Africa,Child Welfare,Skill Development,www.globalimpactfoundation4615.foundation,contact@globalimpactfoundation4615.global,High,Funding
4616,Global Impact Foundation 4616,Australia,Poverty Relief,Policy Advocacy,www.globalimpactfoundation4616.global,contact@globalimpactfoundation4616.foundation,Low,Pilot Testing
4617,Global Impact Foundation 4617,India,Women Empowerment,Rural Development,www.globalimpactfoundation4617.ngo,contact@globalimpactfoundation4617.foundation,High,Funding
4618,Global Impact Foundation 4618,UAE,Environment,Community Health,www.globalimpactfoundation4618.ngo,contact@globalimpactfoundation4618.foundation,Medium,Funding
4619,Global Impact Foundation 4619,South Africa,Women Empowerment,Community Health,www.globalimpactfoundation4619.org,contact@globalimpactfoundation4619.foundation,Medium,Outreach
4620,Global Impact Foundation 4620,South Africa,Poverty Relief,Skill Development,www.globalimpactfoundation4620.ngo,contact@globalimpactfoundation4620.global,Low,Pilot Testing
4621,Global Impact Foundation 4621,Brazil,Health,Skill Development,www.globalimpactfoundation4621.org,contact@globalimpactfoundation4621.org,Low,Funding
4622,Global Impact Foundation 4622,South Africa,Education,Urban Support,www.globalimpactfoundation4622.ngo,contact@globalimpactfoundation4622.global,Medium,Funding
4623,Global Impact Foundation 4623,UK,Education,Policy Advocacy,www.globalimpactfoundation4623.org,contact@globalimpactfoundation4623.foundation,Low,Partnership
4624,Global Impact Foundation 4624,Brazil,Women Empowerment,Community Health,www.globalimpactfoundation4624.org,contact@globalimpactfoundation4624.ngo,Medium,Outreach
4625,Global Impact Foundation 4625,UAE,Child Welfare,Disaster Relief,www.globalimpactfoundation4625.org,contact@globalimpactfoundation4625.ngo,High,Funding
4626,Global Impact Foundation 4626,Brazil,Education,Skill Development,www.globalimpactfoundation4626.foundation,contact@globalimpactfoundation4626.global,High,Outreach
4627,Global Impact Foundation 4627,India,Environment,Urban Support,www.globalimpactfoundation4627.org,contact@globalimpactfoundation4627.global,Medium,Partnership
4628,Global Impact Foundation 4628,Kenya,Environment,Urban Support,www.globalimpactfoundation4628.global,contact@globalimpactfoundation4628.ngo,Medium,Outreach
4629,Global Impact Foundation 4629,UK,Education,Urban Support,www.globalimpactfoundation4629.global,contact@globalimpactfoundation4629.ngo,Medium,Outreach
4630,Global Impact Foundation 4630,USA,Women Empowerment,Disaster Relief,www.globalimpactfoundation4630.foundation,contact@globalimpactfoundation4630.ngo,High,Pilot Testing
4631,Global Impact Foundation 4631,South Africa,Environment,Urban Support,www.globalimpactfoundation4631.org,contact@globalimpactfoundation4631.ngo,Low,Partnership
4632,Global Impact Foundation 4632,Kenya,Health,Rural Development,www.globalimpactfoundation4632.org,contact@globalimpactfoundation4632.global,High,Funding
4633,Global Impact Foundation 4633,Germany,Environment,Rural Development,www.globalimpactfoundation4633.foundation,contact@globalimpactfoundation4633.org,High,Pilot Testing
4634,Global Impact Foundation 4634,Australia,Education,Rural Development,www.globalimpactfoundation4634.ngo,contact@globalimpactfoundation4634.foundation,Low,Outreach
4635,Global Impact Foundation 4635,Germany,Environment,Rural Development,www.globalimpactfoundation4635.org,contact@globalimpactfoundation4635.ngo,High,Partnership
4636,Global Impact Foundation 4636,Kenya,Poverty Relief,Rural Development,www.globalimpactfoundation4636.foundation,contact@globalimpactfoundation4636.global,Low,Partnership
4637,Global Impact Foundation 4637,UK,Women Empowerment,Skill Development,www.globalimpactfoundation4637.global,contact@globalimpactfoundation4637.ngo,Medium,Outreach
4638,Global Impact Foundation 4638,USA,Poverty Relief,Rural Development,www.globalimpactfoundation4638.foundation,contact@globalimpactfoundation4638.org,High,Pilot Testing
4639,Global Impact Foundation 4639,Australia,Child Welfare,Urban Support,www.globalimpactfoundation4639.org,contact@globalimpactfoundation4639.global,Medium,Outreach
4640,Global Impact Foundation 4640,Brazil,Human Rights,Policy Advocacy,www.globalimpactfoundation4640.foundation,contact@globalimpactfoundation4640.foundation,Medium,Pilot Testing
4641,Global Impact Foundation 4641,Germany,Women Empowerment,Urban Support,www.globalimpactfoundation4641.ngo,contact@globalimpactfoundation4641.global,High,Partnership
4642,Global Impact Foundation 4642,South Africa,Health,Skill Development,www.globalimpactfoundation4642.ngo,contact@globalimpactfoundation4642.org,Low,Funding
4643,Global Impact Foundation 4643,UAE,Child Welfare,Skill Development,www.globalimpactfoundation4643.foundation,contact@globalimpactfoundation4643.foundation,Low,Pilot Testing
4644,Global Impact Foundation 4644,USA,Education,Skill Development,www.globalimpactfoundation4644.org,contact@globalimpactfoundation4644.org,Medium,Partnership
4645,Global Impact Foundation 4645,UAE,Environment,Urban Support,www.globalimpactfoundation4645.foundation,contact@globalimpactfoundation4645.global,Medium,Outreach
4646,Global Impact Foundation 4646,UAE,Health,Skill Development,www.globalimpactfoundation4646.global,contact@globalimpactfoundation4646.ngo,Low,Outreach
4647,Global Impact Foundation 4647,UK,Women Empowerment,Community Health,www.globalimpactfoundation4647.foundation,contact@globalimpactfoundation4647.org,Medium,Outreach
4648,Global Impact Foundation 4648,Australia,Health,Policy Advocacy,www.globalimpactfoundation4648.foundation,contact@globalimpactfoundation4648.foundation,Medium,Pilot Testing
4649,Global Impact Foundation 4649,Australia,Health,Urban Support,www.globalimpactfoundation4649.org,contact@globalimpactfoundation4649.ngo,Low,Funding
4650,Global Impact Foundation 4650,South Africa,Health,Rural Development,www.globalimpactfoundation4650.foundation,contact@globalimpactfoundation4650.org,High,Funding
4651,Global Impact Foundation 4651,Brazil,Child Welfare,Policy Advocacy,www.globalimpactfoundation4651.org,contact@globalimpactfoundation4651.org,Low,Pilot Testing
4652,Global Impact Foundation 4652,Germany,Poverty Relief,Urban Support,www.globalimpactfoundation4652.org,contact@globalimpactfoundation4652.org,High,Partnership
4653,Global Impact Foundation 4653,South Africa,Environment,Disaster Relief,www.globalimpactfoundation4653.foundation,contact@globalimpactfoundation4653.org,Low,Outreach
4654,Global Impact Foundation 4654,UAE,Poverty Relief,Skill Development,www.globalimpactfoundation4654.org,contact@globalimpactfoundation4654.ngo,Low,Partnership
4655,Global Impact Foundation 4655,USA,Health,Skill Development,www.globalimpactfoundation4655.foundation,contact@globalimpactfoundation4655.foundation,Medium,Partnership
4656,Global Impact Foundation 4656,Canada,Health,Rural Development,www.globalimpactfoundation4656.foundation,contact@globalimpactfoundation4656.ngo,Low,Outreach
4657,Global Impact Foundation 4657,South Africa,Human Rights,Community Health,www.globalimpactfoundation4657.org,contact@globalimpactfoundation4657.global,Medium,Funding
4658,Global Impact Foundation 4658,Canada,Women Empowerment,Urban Support,www.globalimpactfoundation4658.foundation,contact@globalimpactfoundation4658.foundation,Medium,Outreach
4659,Global Impact Foundation 4659,Germany,Education,Disaster Relief,www.globalimpactfoundation4659.foundation,contact@globalimpactfoundation4659.global,Medium,Partnership
4660,Global Impact Foundation 4660,Kenya,Education,Policy Advocacy,www.globalimpactfoundation4660.foundation,contact@globalimpactfoundation4660.global,Low,Partnership
4661,Global Impact Foundation 4661,Brazil,Women Empowerment,Urban Support,www.globalimpactfoundation4661.org,contact@globalimpactfoundation4661.global,Low,Pilot Testing
4662,Global Impact Foundation 4662,Australia,Human Rights,Skill Development,www.globalimpactfoundation4662.foundation,contact@globalimpactfoundation4662.org,Low,Funding
4663,Global Impact Foundation 4663,UAE,Health,Disaster Relief,www.globalimpactfoundation4663.org,contact@globalimpactfoundation4663.global,Medium,Funding
4664,Global Impact Foundation 4664,UK,Education,Skill Development,www.globalimpactfoundation4664.ngo,contact@globalimpactfoundation4664.ngo,Medium,Funding
4665,Global Impact Foundation 4665,Kenya,Human Rights,Disaster Relief,www.globalimpactfoundation4665.foundation,contact@globalimpactfoundation4665.ngo,Low,Partnership
4666,Global Impact Foundation 4666,Kenya,Health,Disaster Relief,www.globalimpactfoundation4666.foundation,contact@globalimpactfoundation4666.ngo,Medium,Outreach
4667,Global Impact Foundation 4667,South Africa,Child Welfare,Policy Advocacy,www.globalimpactfoundation4667.org,contact@globalimpactfoundation4667.ngo,Medium,Funding
4668,Global Impact Foundation 4668,UAE,Health,Skill Development,www.globalimpactfoundation4668.ngo,contact@globalimpactfoundation4668.foundation,Medium,Pilot Testing
4669,Global Impact Foundation 4669,Australia,Human Rights,Rural Development,www.globalimpactfoundation4669.org,contact@globalimpactfoundation4669.org,Low,Funding
4670,Global Impact Foundation 4670,USA,Environment,Skill Development,www.globalimpactfoundation4670.global,contact@globalimpactfoundation4670.foundation,Low,Partnership
4671,Global Impact Foundation 4671,UK,Health,Skill Development,www.globalimpactfoundation4671.global,contact@globalimpactfoundation4671.global,High,Funding
4672,Global Impact Foundation 4672,South Africa,Education,Urban Support,www.globalimpactfoundation4672.foundation,contact@globalimpactfoundation4672.ngo,Medium,Pilot Testing
4673,Global Impact Foundation 4673,Kenya,Health,Disaster Relief,www.globalimpactfoundation4673.global,contact@globalimpactfoundation4673.org,Low,Funding
4674,Global Impact Foundation 4674,UAE,Environment,Urban Support,www.globalimpactfoundation4674.global,contact@globalimpactfoundation4674.org,High,Funding
4675,Global Impact Foundation 4675,Canada,Health,Disaster Relief,www.globalimpactfoundation4675.org,contact@globalimpactfoundation4675.org,High,Partnership
4676,Global Impact Foundation 4676,Brazil,Environment,Disaster Relief,www.globalimpactfoundation4676.foundation,contact@globalimpactfoundation4676.org,Low,Funding
4677,Global Impact Foundation 4677,South Africa,Education,Urban Support,www.globalimpactfoundation4677.org,contact@globalimpactfoundation4677.global,High,Funding
4678,Global Impact Foundation 4678,UAE,Human Rights,Disaster Relief,www.globalimpactfoundation4678.org,contact@globalimpactfoundation4678.ngo,High,Partnership
4679,Global Impact Foundation 4679,Brazil,Health,Skill Development,www.globalimpactfoundation4679.global,contact@globalimpactfoundation4679.global,High,Outreach
4680,Global Impact Foundation 4680,UK,Child Welfare,Rural Development,www.globalimpactfoundation4680.ngo,contact@globalimpactfoundation4680.foundation,Medium,Partnership
4681,Global Impact Foundation 4681,USA,Human Rights,Rural Development,www.globalimpactfoundation4681.foundation,contact@globalimpactfoundation4681.foundation,Low,Outreach
4682,Global Impact Foundation 4682,UAE,Education,Community Health,www.globalimpactfoundation4682.foundation,contact@globalimpactfoundation4682.ngo,Low,Outreach
4683,Global Impact Foundation 4683,Australia,Health,Community Health,www.globalimpactfoundation4683.foundation,contact@globalimpactfoundation4683.ngo,Low,Pilot Testing
4684,Global Impact Foundation 4684,UK,Poverty Relief,Policy Advocacy,www.globalimpactfoundation4684.global,contact@globalimpactfoundation4684.org,Low,Pilot Testing
4685,Global Impact Foundation 4685,UK,Human Rights,Urban Support,www.globalimpactfoundation4685.ngo,contact@globalimpactfoundation4685.foundation,Low,Outreach
4686,Global Impact Foundation 4686,South Africa,Women Empowerment,Rural Development,www.globalimpactfoundation4686.global,contact@globalimpactfoundation4686.ngo,High,Funding
4687,Global Impact Foundation 4687,UAE,Women Empowerment,Urban Support,www.globalimpactfoundation4687.foundation,contact@globalimpactfoundation4687.ngo,Medium,Funding
4688,Global Impact Foundation 4688,South Africa,Child Welfare,Policy Advocacy,www.globalimpactfoundation4688.ngo,contact@globalimpactfoundation4688.global,Medium,Funding
4689,Global Impact Foundation 4689,Kenya,Child Welfare,Urban Support,www.globalimpactfoundation4689.global,contact@globalimpactfoundation4689.ngo,Medium,Pilot Testing
4690,Global Impact Foundation 4690,Germany,Poverty Relief,Policy Advocacy,www.globalimpactfoundation4690.foundation,contact@globalimpactfoundation4690.ngo,Medium,Outreach
4691,Global Impact Foundation 4691,UK,Child Welfare,Rural Development,www.globalimpactfoundation4691.global,contact@globalimpactfoundation4691.org,High,Partnership
4692,Global Impact Foundation 4692,USA,Education,Community Health,www.globalimpactfoundation4692.global,contact@globalimpactfoundation4692.foundation,High,Outreach
4693,Global Impact Foundation 4693,Germany,Poverty Relief,Policy Advocacy,www.globalimpactfoundation4693.global,contact@globalimpactfoundation4693.global,Low,Funding
4694,Global Impact Foundation 4694,India,Child Welfare,Rural Development,www.globalimpactfoundation4694.foundation,contact@globalimpactfoundation4694.global,High,Funding
4695,Global Impact Foundation 4695,South Africa,Poverty Relief,Urban Support,www.globalimpactfoundation4695.foundation,contact@globalimpactfoundation4695.org,High,Partnership
4696,Global Impact Foundation 4696,UK,Education,Policy Advocacy,www.globalimpactfoundation4696.global,contact@globalimpactfoundation4696.foundation,Medium,Partnership
4697,Global Impact Foundation 4697,Germany,Poverty Relief,Community Health,www.globalimpactfoundation4697.org,contact@globalimpactfoundation4697.global,Medium,Funding
4698,Global Impact Foundation 4698,UK,Environment,Urban Support,www.globalimpactfoundation4698.org,contact@globalimpactfoundation4698.global,High,Outreach
4699,Global Impact Foundation 4699,Germany,Human Rights,Skill Development,www.globalimpactfoundation4699.foundation,contact@globalimpactfoundation4699.ngo,High,Outreach
4700,Global Impact Foundation 4700,UK,Human Rights,Rural Development,www.globalimpactfoundation4700.global,contact@globalimpactfoundation4700.org,Medium,Pilot Testing
4701,Global Impact Foundation 4701,UK,Education,Disaster Relief,www.globalimpactfoundation4701.global,contact@globalimpactfoundation4701.global,Medium,Partnership
4702,Global Impact Foundation 4702,UK,Child Welfare,Community Health,www.globalimpactfoundation4702.ngo,contact@globalimpactfoundation4702.foundation,Low,Outreach
4703,Global Impact Foundation 4703,Brazil,Human Rights,Policy Advocacy,www.globalimpactfoundation4703.ngo,contact@globalimpactfoundation4703.foundation,High,Pilot Testing
4704,Global Impact Foundation 4704,India,Environment,Urban Support,www.globalimpactfoundation4704.foundation,contact@globalimpactfoundation4704.global,High,Outreach
4705,Global Impact Foundation 4705,Canada,Health,Urban Support,www.globalimpactfoundation4705.foundation,contact@globalimpactfoundation4705.foundation,Medium,Pilot Testing
4706,Global Impact Foundation 4706,UK,Poverty Relief,Skill Development,www.globalimpactfoundation4706.global,contact@globalimpactfoundation4706.global,Medium,Partnership
4707,Global Impact Foundation 4707,Germany,Child Welfare,Skill Development,www.globalimpactfoundation4707.ngo,contact@globalimpactfoundation4707.foundation,Low,Pilot Testing
4708,Global Impact Foundation 4708,Australia,Poverty Relief,Urban Support,www.globalimpactfoundation4708.org,contact@globalimpactfoundation4708.org,High,Partnership
4709,Global Impact Foundation 4709,India,Poverty Relief,Rural Development,www.globalimpactfoundation4709.global,contact@globalimpactfoundation4709.foundation,Medium,Partnership
4710,Global Impact Foundation 4710,South Africa,Child Welfare,Policy Advocacy,www.globalimpactfoundation4710.ngo,contact@globalimpactfoundation4710.global,Low,Outreach
4711,Global Impact Foundation 4711,Australia,Environment,Policy Advocacy,www.globalimpactfoundation4711.global,contact@globalimpactfoundation4711.foundation,Medium,Partnership
4712,Global Impact Foundation 4712,UAE,Health,Disaster Relief,www.globalimpactfoundation4712.ngo,contact@globalimpactfoundation4712.ngo,Low,Pilot Testing
4713,Global Impact Foundation 4713,USA,Human Rights,Rural Development,www.globalimpactfoundation4713.foundation,contact@globalimpactfoundation4713.org,Medium,Partnership
4714,Global Impact Foundation 4714,South Africa,Human Rights,Disaster Relief,www.globalimpactfoundation4714.org,contact@globalimpactfoundation4714.foundation,Medium,Outreach
4715,Global Impact Foundation 4715,Australia,Human Rights,Community Health,www.globalimpactfoundation4715.foundation,contact@globalimpactfoundation4715.global,Medium,Funding
4716,Global Impact Foundation 4716,USA,Human Rights,Skill Development,www.globalimpactfoundation4716.org,contact@globalimpactfoundation4716.global,Medium,Funding
4717,Global Impact Foundation 4717,Brazil,Human Rights,Community Health,www.globalimpactfoundation4717.global,contact@globalimpactfoundation4717.org,High,Outreach
4718,Global Impact Foundation 4718,UAE,Health,Disaster Relief,www.globalimpactfoundation4718.ngo,contact@globalimpactfoundation4718.foundation,Low,Outreach
4719,Global Impact Foundation 4719,South Africa,Health,Policy Advocacy,www.globalimpactfoundation4719.global,contact@globalimpactfoundation4719.org,Low,Funding
4720,Global Impact Foundation 4720,Canada,Poverty Relief,Community Health,www.globalimpactfoundation4720.org,contact@globalimpactfoundation4720.org,High,Partnership
4721,Global Impact Foundation 4721,Kenya,Human Rights,Policy Advocacy,www.globalimpactfoundation4721.foundation,contact@globalimpactfoundation4721.ngo,Medium,Outreach
4722,Global Impact Foundation 4722,UK,Health,Policy Advocacy,www.globalimpactfoundation4722.global,contact@globalimpactfoundation4722.ngo,Medium,Pilot Testing
4723,Global Impact Foundation 4723,UAE,Women Empowerment,Urban Support,www.globalimpactfoundation4723.ngo,contact@globalimpactfoundation4723.org,High,Pilot Testing
4724,Global Impact Foundation 4724,UAE,Education,Rural Development,www.globalimpactfoundation4724.foundation,contact@globalimpactfoundation4724.org,Low,Partnership
4725,Global Impact Foundation 4725,UAE,Human Rights,Rural Development,www.globalimpactfoundation4725.foundation,contact@globalimpactfoundation4725.foundation,Low,Partnership
4726,Global Impact Foundation 4726,Australia,Education,Disaster Relief,www.globalimpactfoundation4726.global,contact@globalimpactfoundation4726.foundation,High,Funding
4727,Global Impact Foundation 4727,Canada,Child Welfare,Rural Development,www.globalimpactfoundation4727.org,contact@globalimpactfoundation4727.org,Low,Outreach
4728,Global Impact Foundation 4728,Canada,Human Rights,Policy Advocacy,www.globalimpactfoundation4728.global,contact@globalimpactfoundation4728.ngo,Low,Outreach
4729,Global Impact Foundation 4729,Germany,Education,Rural Development,www.globalimpactfoundation4729.ngo,contact@globalimpactfoundation4729.org,High,Outreach
4730,Global Impact Foundation 4730,India,Education,Urban Support,www.globalimpactfoundation4730.foundation,contact@globalimpactfoundation4730.org,Low,Outreach
4731,Global Impact Foundation 4731,Brazil,Environment,Disaster Relief,www.globalimpactfoundation4731.org,contact@globalimpactfoundation4731.global,High,Funding
4732,Global Impact Foundation 4732,Germany,Poverty Relief,Policy Advocacy,www.globalimpactfoundation4732.ngo,contact@globalimpactfoundation4732.global,Low,Partnership
4733,Global Impact Foundation 4733,USA,Child Welfare,Skill Development,www.globalimpactfoundation4733.global,contact@globalimpactfoundation4733.global,Low,Outreach
4734,Global Impact Foundation 4734,Germany,Human Rights,Rural Development,www.globalimpactfoundation4734.org,contact@globalimpactfoundation4734.org,High,Partnership
4735,Global Impact Foundation 4735,Canada,Poverty Relief,Skill Development,www.globalimpactfoundation4735.ngo,contact@globalimpactfoundation4735.ngo,Low,Partnership
4736,Global Impact Foundation 4736,South Africa,Health,Disaster Relief,www.globalimpactfoundation4736.global,contact@globalimpactfoundation4736.org,Medium,Funding
4737,Global Impact Foundation 4737,Germany,Education,Community Health,www.globalimpactfoundation4737.foundation,contact@globalimpactfoundation4737.global,Medium,Partnership
4738,Global Impact Foundation 4738,Kenya,Human Rights,Community Health,www.globalimpactfoundation4738.foundation,contact@globalimpactfoundation4738.global,Low,Outreach
4739,Global Impact Foundation 4739,USA,Child Welfare,Urban Support,www.globalimpactfoundation4739.foundation,contact@globalimpactfoundation4739.org,Medium,Funding
4740,Global Impact Foundation 4740,Brazil,Women Empowerment,Disaster Relief,www.globalimpactfoundation4740.org,contact@globalimpactfoundation4740.global,Low,Funding
4741,Global Impact Foundation 4741,South Africa,Health,Policy Advocacy,www.globalimpactfoundation4741.org,contact@globalimpactfoundation4741.foundation,Low,Pilot Testing
4742,Global Impact Foundation 4742,UAE,Child Welfare,Skill Development,www.globalimpactfoundation4742.global,contact@globalimpactfoundation4742.ngo,Low,Partnership
4743,Global Impact Foundation 4743,Kenya,Human Rights,Disaster Relief,www.globalimpactfoundation4743.ngo,contact@globalimpactfoundation4743.global,Medium,Partnership
4744,Global Impact Foundation 4744,India,Poverty Relief,Policy Advocacy,www.globalimpactfoundation4744.global,contact@globalimpactfoundation4744.foundation,Medium,Pilot Testing
4745,Global Impact Foundation 4745,Brazil,Women Empowerment,Community Health,www.globalimpactfoundation4745.org,contact@globalimpactfoundation4745.org,High,Outreach
4746,Global Impact Foundation 4746,India,Health,Skill Development,www.globalimpactfoundation4746.foundation,contact@globalimpactfoundation4746.ngo,High,Outreach
4747,Global Impact Foundation 4747,India,Human Rights,Community Health,www.globalimpactfoundation4747.global,contact@globalimpactfoundation4747.foundation,High,Funding
4748,Global Impact Foundation 4748,Canada,Women Empowerment,Skill Development,www.globalimpactfoundation4748.global,contact@globalimpactfoundation4748.ngo,High,Pilot Testing
4749,Global Impact Foundation 4749,India,Women Empowerment,Urban Support,www.globalimpactfoundation4749.global,contact@globalimpactfoundation4749.org,High,Partnership
4750,Global Impact Foundation 4750,Australia,Education,Policy Advocacy,www.globalimpactfoundation4750.ngo,contact@globalimpactfoundation4750.global,Low,Pilot Testing
4751,Global Impact Foundation 4751,UK,Human Rights,Community Health,www.globalimpactfoundation4751.global,contact@globalimpactfoundation4751.foundation,Low,Funding
4752,Global Impact Foundation 4752,India,Child Welfare,Policy Advocacy,www.globalimpactfoundation4752.ngo,contact@globalimpactfoundation4752.global,Low,Funding
4753,Global Impact Foundation 4753,Brazil,Environment,Skill Development,www.globalimpactfoundation4753.ngo,contact@globalimpactfoundation4753.org,High,Partnership
4754,Global Impact Foundation 4754,Brazil,Education,Rural Development,www.globalimpactfoundation4754.ngo,contact@globalimpactfoundation4754.global,Low,Outreach
4755,Global Impact Foundation 4755,Australia,Human Rights,Community Health,www.globalimpactfoundation4755.org,contact@globalimpactfoundation4755.ngo,High,Funding
4756,Global Impact Foundation 4756,UK,Education,Urban Support,www.globalimpactfoundation4756.ngo,contact@globalimpactfoundation4756.foundation,High,Pilot Testing
4757,Global Impact Foundation 4757,UAE,Environment,Policy Advocacy,www.globalimpactfoundation4757.global,contact@globalimpactfoundation4757.global,Low,Funding
4758,Global Impact Foundation 4758,USA,Women Empowerment,Skill Development,www.globalimpactfoundation4758.org,contact@globalimpactfoundation4758.global,Low,Partnership
4759,Global Impact Foundation 4759,UK,Health,Skill Development,www.globalimpactfoundation4759.org,contact@globalimpactfoundation4759.ngo,Low,Pilot Testing
4760,Global Impact Foundation 4760,India,Child Welfare,Rural Development,www.globalimpactfoundation4760.org,contact@globalimpactfoundation4760.ngo,Medium,Pilot Testing
4761,Global Impact Foundation 4761,South Africa,Human Rights,Rural Development,www.globalimpactfoundation4761.org,contact@globalimpactfoundation4761.ngo,High,Funding
4762,Global Impact Foundation 4762,Canada,Women Empowerment,Rural Development,www.globalimpactfoundation4762.foundation,contact@globalimpactfoundation4762.global,High,Funding
4763,Global Impact Foundation 4763,UAE,Human Rights,Urban Support,www.globalimpactfoundation4763.ngo,contact@globalimpactfoundation4763.global,Medium,Outreach
4764,Global Impact Foundation 4764,South Africa,Human Rights,Rural Development,www.globalimpactfoundation4764.global,contact@globalimpactfoundation4764.org,Medium,Outreach
4765,Global Impact Foundation 4765,Canada,Education,Policy Advocacy,www.globalimpactfoundation4765.ngo,contact@globalimpactfoundation4765.foundation,High,Partnership
4766,Global Impact Foundation 4766,Australia,Health,Urban Support,www.globalimpactfoundation4766.foundation,contact@globalimpactfoundation4766.foundation,Low,Outreach
4767,Global Impact Foundation 4767,India,Education,Rural Development,www.globalimpactfoundation4767.ngo,contact@globalimpactfoundation4767.org,Low,Pilot Testing
4768,Global Impact Foundation 4768,South Africa,Women Empowerment,Urban Support,www.globalimpactfoundation4768.ngo,contact@globalimpactfoundation4768.global,Medium,Partnership
4769,Global Impact Foundation 4769,USA,Poverty Relief,Skill Development,www.globalimpactfoundation4769.foundation,contact@globalimpactfoundation4769.ngo,Medium,Partnership
4770,Global Impact Foundation 4770,South Africa,Health,Skill Development,www.globalimpactfoundation4770.org,contact@globalimpactfoundation4770.foundation,High,Partnership
4771,Global Impact Foundation 4771,Canada,Women Empowerment,Disaster Relief,www.globalimpactfoundation4771.org,contact@globalimpactfoundation4771.ngo,Medium,Outreach
4772,Global Impact Foundation 4772,Canada,Child Welfare,Skill Development,www.globalimpactfoundation4772.foundation,contact@globalimpactfoundation4772.global,High,Funding
4773,Global Impact Foundation 4773,Brazil,Poverty Relief,Rural Development,www.globalimpactfoundation4773.org,contact@globalimpactfoundation4773.org,Medium,Funding
4774,Global Impact Foundation 4774,South Africa,Child Welfare,Policy Advocacy,www.globalimpactfoundation4774.ngo,contact@globalimpactfoundation4774.org,High,Partnership
4775,Global Impact Foundation 4775,UK,Women Empowerment,Disaster Relief,www.globalimpactfoundation4775.ngo,contact@globalimpactfoundation4775.foundation,Medium,Partnership
4776,Global Impact Foundation 4776,Kenya,Women Empowerment,Rural Development,www.globalimpactfoundation4776.ngo,contact@globalimpactfoundation4776.global,Low,Funding
4777,Global Impact Foundation 4777,Australia,Education,Policy Advocacy,www.globalimpactfoundation4777.global,contact@globalimpactfoundation4777.org,Medium,Outreach
4778,Global Impact Foundation 4778,India,Health,Policy Advocacy,www.globalimpactfoundation4778.ngo,contact@globalimpactfoundation4778.foundation,Low,Partnership
4779,Global Impact Foundation 4779,Australia,Poverty Relief,Rural Development,www.globalimpactfoundation4779.ngo,contact@globalimpactfoundation4779.org,Low,Pilot Testing
4780,Global Impact Foundation 4780,Germany,Child Welfare,Rural Development,www.globalimpactfoundation4780.org,contact@globalimpactfoundation4780.ngo,Low,Funding
4781,Global Impact Foundation 4781,UAE,Child Welfare,Disaster Relief,www.globalimpactfoundation4781.org,contact@globalimpactfoundation4781.org,High,Partnership
4782,Global Impact Foundation 4782,UK,Women Empowerment,Urban Support,www.globalimpactfoundation4782.org,contact@globalimpactfoundation4782.ngo,Low,Funding
4783,Global Impact Foundation 4783,UAE,Education,Community Health,www.globalimpactfoundation4783.foundation,contact@globalimpactfoundation4783.org,Medium,Outreach
4784,Global Impact Foundation 4784,Canada,Human Rights,Urban Support,www.globalimpactfoundation4784.global,contact@globalimpactfoundation4784.org,Medium,Outreach
4785,Global Impact Foundation 4785,Canada,Poverty Relief,Rural Development,www.globalimpactfoundation4785.global,contact@globalimpactfoundation4785.foundation,Low,Partnership
4786,Global Impact Foundation 4786,Brazil,Health,Policy Advocacy,www.globalimpactfoundation4786.foundation,contact@globalimpactfoundation4786.org,Medium,Pilot Testing
4787,Global Impact Foundation 4787,South Africa,Environment,Rural Development,www.globalimpactfoundation4787.ngo,contact@globalimpactfoundation4787.foundation,Low,Outreach
4788,Global Impact Foundation 4788,Australia,Poverty Relief,Disaster Relief,www.globalimpactfoundation4788.ngo,contact@globalimpactfoundation4788.org,High,Partnership
4789,Global Impact Foundation 4789,Germany,Women Empowerment,Disaster Relief,www.globalimpactfoundation4789.foundation,contact@globalimpactfoundation4789.foundation,Medium,Funding
4790,Global Impact Foundation 4790,Australia,Human Rights,Rural Development,www.globalimpactfoundation4790.foundation,contact@globalimpactfoundation4790.ngo,Medium,Outreach
4791,Global Impact Foundation 4791,Canada,Environment,Disaster Relief,www.globalimpactfoundation4791.foundation,contact@globalimpactfoundation4791.org,Low,Funding
4792,Global Impact Foundation 4792,UAE,Environment,Policy Advocacy,www.globalimpactfoundation4792.ngo,contact@globalimpactfoundation4792.global,Low,Pilot Testing
4793,Global Impact Foundation 4793,Germany,Women Empowerment,Rural Development,www.globalimpactfoundation4793.ngo,contact@globalimpactfoundation4793.org,High,Partnership
4794,Global Impact Foundation 4794,South Africa,Environment,Rural Development,www.globalimpactfoundation4794.global,contact@globalimpactfoundation4794.global,High,Funding
4795,Global Impact Foundation 4795,India,Education,Skill Development,www.globalimpactfoundation4795.global,contact@globalimpactfoundation4795.ngo,High,Partnership
4796,Global Impact Foundation 4796,UAE,Child Welfare,Skill Development,www.globalimpactfoundation4796.ngo,contact@globalimpactfoundation4796.foundation,High,Pilot Testing
4797,Global Impact Foundation 4797,UAE,Poverty Relief,Skill Development,www.globalimpactfoundation4797.org,contact@globalimpactfoundation4797.global,Medium,Partnership
4798,Global Impact Foundation 4798,Germany,Poverty Relief,Disaster Relief,www.globalimpactfoundation4798.foundation,contact@globalimpactfoundation4798.global,Low,Outreach
4799,Global Impact Foundation 4799,India,Education,Community Health,www.globalimpactfoundation4799.global,contact@globalimpactfoundation4799.org,Low,Partnership
4800,Global Impact Foundation 4800,South Africa,Environment,Rural Development,www.globalimpactfoundation4800.global,contact@globalimpactfoundation4800.ngo,High,Pilot Testing
4801,Global Impact Foundation 4801,Canada,Human Rights,Community Health,www.globalimpactfoundation4801.org,contact@globalimpactfoundation4801.org,Medium,Pilot Testing
4802,Global Impact Foundation 4802,Canada,Child Welfare,Disaster Relief,www.globalimpactfoundation4802.global,contact@globalimpactfoundation4802.ngo,Medium,Funding
4803,Global Impact Foundation 4803,Australia,Human Rights,Urban Support,www.globalimpactfoundation4803.global,contact@globalimpactfoundation4803.ngo,Medium,Funding
4804,Global Impact Foundation 4804,UK,Poverty Relief,Policy Advocacy,www.globalimpactfoundation4804.org,contact@globalimpactfoundation4804.foundation,Low,Partnership
4805,Global Impact Foundation 4805,UK,Poverty Relief,Rural Development,www.globalimpactfoundation4805.org,contact@globalimpactfoundation4805.global,Low,Partnership
4806,Global Impact Foundation 4806,Australia,Human Rights,Disaster Relief,www.globalimpactfoundation4806.org,contact@globalimpactfoundation4806.global,High,Outreach
4807,Global Impact Foundation 4807,India,Poverty Relief,Urban Support,www.globalimpactfoundation4807.global,contact@globalimpactfoundation4807.global,Low,Funding
4808,Global Impact Foundation 4808,Canada,Education,Rural Development,www.globalimpactfoundation4808.ngo,contact@globalimpactfoundation4808.org,Low,Funding
4809,Global Impact Foundation 4809,Brazil,Human Rights,Community Health,www.globalimpactfoundation4809.foundation,contact@globalimpactfoundation4809.org,Low,Outreach
4810,Global Impact Foundation 4810,USA,Child Welfare,Rural Development,www.globalimpactfoundation4810.ngo,contact@globalimpactfoundation4810.global,Medium,Funding
4811,Global Impact Foundation 4811,USA,Child Welfare,Skill Development,www.globalimpactfoundation4811.ngo,contact@globalimpactfoundation4811.ngo,Medium,Pilot Testing
4812,Global Impact Foundation 4812,South Africa,Women Empowerment,Policy Advocacy,www.globalimpactfoundation4812.global,contact@globalimpactfoundation4812.global,Medium,Partnership
4813,Global Impact Foundation 4813,Germany,Health,Urban Support,www.globalimpactfoundation4813.foundation,contact@globalimpactfoundation4813.ngo,Low,Outreach
4814,Global Impact Foundation 4814,Kenya,Environment,Urban Support,www.globalimpactfoundation4814.ngo,contact@globalimpactfoundation4814.global,High,Funding
4815,Global Impact Foundation 4815,South Africa,Poverty Relief,Skill Development,www.globalimpactfoundation4815.global,contact@globalimpactfoundation4815.ngo,High,Partnership
4816,Global Impact Foundation 4816,USA,Health,Disaster Relief,www.globalimpactfoundation4816.foundation,contact@globalimpactfoundation4816.ngo,High,Pilot Testing
4817,Global Impact Foundation 4817,USA,Women Empowerment,Community Health,www.globalimpactfoundation4817.org,contact@globalimpactfoundation4817.ngo,High,Partnership
4818,Global Impact Foundation 4818,USA,Education,Rural Development,www.globalimpactfoundation4818.ngo,contact@globalimpactfoundation4818.org,Medium,Outreach
4819,Global Impact Foundation 4819,South Africa,Environment,Policy Advocacy,www.globalimpactfoundation4819.foundation,contact@globalimpactfoundation4819.org,High,Pilot Testing
4820,Global Impact Foundation 4820,India,Human Rights,Skill Development,www.globalimpactfoundation4820.global,contact@globalimpactfoundation4820.org,Medium,Partnership
4821,Global Impact Foundation 4821,South Africa,Health,Urban Support,www.globalimpactfoundation4821.org,contact@globalimpactfoundation4821.foundation,Medium,Funding
4822,Global Impact Foundation 4822,Canada,Human Rights,Urban Support,www.globalimpactfoundation4822.foundation,contact@globalimpactfoundation4822.foundation,High,Outreach
4823,Global Impact Foundation 4823,Brazil,Human Rights,Urban Support,www.globalimpactfoundation4823.ngo,contact@globalimpactfoundation4823.org,Low,Outreach
4824,Global Impact Foundation 4824,USA,Environment,Policy Advocacy,www.globalimpactfoundation4824.foundation,contact@globalimpactfoundation4824.foundation,Low,Pilot Testing
4825,Global Impact Foundation 4825,India,Women Empowerment,Community Health,www.globalimpactfoundation4825.global,contact@globalimpactfoundation4825.ngo,High,Pilot Testing
4826,Global Impact Foundation 4826,USA,Health,Disaster Relief,www.globalimpactfoundation4826.ngo,contact@globalimpactfoundation4826.global,Medium,Partnership
4827,Global Impact Foundation 4827,Kenya,Education,Rural Development,www.globalimpactfoundation4827.foundation,contact@globalimpactfoundation4827.foundation,Low,Outreach
4828,Global Impact Foundation 4828,Brazil,Poverty Relief,Community Health,www.globalimpactfoundation4828.ngo,contact@globalimpactfoundation4828.global,High,Partnership
4829,Global Impact Foundation 4829,USA,Health,Skill Development,www.globalimpactfoundation4829.foundation,contact@globalimpactfoundation4829.org,Medium,Funding
4830,Global Impact Foundation 4830,UAE,Poverty Relief,Urban Support,www.globalimpactfoundation4830.ngo,contact@globalimpactfoundation4830.ngo,Medium,Funding
4831,Global Impact Foundation 4831,Brazil,Health,Community Health,www.globalimpactfoundation4831.foundation,contact@globalimpactfoundation4831.ngo,High,Partnership
4832,Global Impact Foundation 4832,Brazil,Poverty Relief,Policy Advocacy,www.globalimpactfoundation4832.foundation,contact@globalimpactfoundation4832.foundation,Medium,Outreach
4833,Global Impact Foundation 4833,South Africa,Human Rights,Policy Advocacy,www.globalimpactfoundation4833.org,contact@globalimpactfoundation4833.ngo,Medium,Partnership
4834,Global Impact Foundation 4834,Kenya,Child Welfare,Rural Development,www.globalimpactfoundation4834.org,contact@globalimpactfoundation4834.org,Medium,Funding
4835,Global Impact Foundation 4835,Brazil,Child Welfare,Skill Development,www.globalimpactfoundation4835.global,contact@globalimpactfoundation4835.org,High,Pilot Testing
4836,Global Impact Foundation 4836,Canada,Education,Community Health,www.globalimpactfoundation4836.ngo,contact@globalimpactfoundation4836.ngo,High,Pilot Testing
4837,Global Impact Foundation 4837,Australia,Human Rights,Rural Development,www.globalimpactfoundation4837.foundation,contact@globalimpactfoundation4837.global,Medium,Funding
4838,Global Impact Foundation 4838,Kenya,Education,Community Health,www.globalimpactfoundation4838.global,contact@globalimpactfoundation4838.ngo,Low,Pilot Testing
4839,Global Impact Foundation 4839,Brazil,Environment,Policy Advocacy,www.globalimpactfoundation4839.org,contact@globalimpactfoundation4839.global,High,Partnership
4840,Global Impact Foundation 4840,Kenya,Poverty Relief,Disaster Relief,www.globalimpactfoundation4840.global,contact@globalimpactfoundation4840.ngo,Low,Outreach
4841,Global Impact Foundation 4841,UAE,Women Empowerment,Skill Development,www.globalimpactfoundation4841.ngo,contact@globalimpactfoundation4841.global,Low,Funding
4842,Global Impact Foundation 4842,South Africa,Education,Skill Development,www.globalimpactfoundation4842.foundation,contact@globalimpactfoundation4842.foundation,Medium,Pilot Testing
4843,Global Impact Foundation 4843,UAE,Child Welfare,Urban Support,www.globalimpactfoundation4843.org,contact@globalimpactfoundation4843.global,Medium,Outreach
4844,Global Impact Foundation 4844,UK,Poverty Relief,Community Health,www.globalimpactfoundation4844.foundation,contact@globalimpactfoundation4844.org,Low,Funding
4845,Global Impact Foundation 4845,USA,Women Empowerment,Community Health,www.globalimpactfoundation4845.global,contact@globalimpactfoundation4845.org,Medium,Outreach
4846,Global Impact Foundation 4846,USA,Child Welfare,Disaster Relief,www.globalimpactfoundation4846.foundation,contact@globalimpactfoundation4846.org,Medium,Partnership
4847,Global Impact Foundation 4847,UK,Human Rights,Community Health,www.globalimpactfoundation4847.foundation,contact@globalimpactfoundation4847.foundation,High,Partnership
4848,Global Impact Foundation 4848,Kenya,Child Welfare,Disaster Relief,www.globalimpactfoundation4848.ngo,contact@globalimpactfoundation4848.ngo,Medium,Pilot Testing
4849,Global Impact Foundation 4849,Kenya,Human Rights,Disaster Relief,www.globalimpactfoundation4849.ngo,contact@globalimpactfoundation4849.foundation,Medium,Outreach
4850,Global Impact Foundation 4850,South Africa,Environment,Skill Development,www.globalimpactfoundation4850.global,contact@globalimpactfoundation4850.foundation,Medium,Pilot Testing
4851,Global Impact Foundation 4851,UK,Environment,Rural Development,www.globalimpactfoundation4851.ngo,contact@globalimpactfoundation4851.org,High,Funding
4852,Global Impact Foundation 4852,Australia,Health,Community Health,www.globalimpactfoundation4852.foundation,contact@globalimpactfoundation4852.foundation,Low,Pilot Testing
4853,Global Impact Foundation 4853,India,Women Empowerment,Rural Development,www.globalimpactfoundation4853.org,contact@globalimpactfoundation4853.global,Medium,Outreach
4854,Global Impact Foundation 4854,Canada,Environment,Rural Development,www.globalimpactfoundation4854.ngo,contact@globalimpactfoundation4854.ngo,High,Funding
4855,Global Impact Foundation 4855,Germany,Health,Policy Advocacy,www.globalimpactfoundation4855.org,contact@globalimpactfoundation4855.org,High,Outreach
4856,Global Impact Foundation 4856,Kenya,Poverty Relief,Rural Development,www.globalimpactfoundation4856.global,contact@globalimpactfoundation4856.org,Low,Outreach
4857,Global Impact Foundation 4857,Kenya,Education,Disaster Relief,www.globalimpactfoundation4857.org,contact@globalimpactfoundation4857.global,Low,Partnership
4858,Global Impact Foundation 4858,USA,Environment,Community Health,www.globalimpactfoundation4858.global,contact@globalimpactfoundation4858.ngo,Medium,Outreach
4859,Global Impact Foundation 4859,USA,Education,Urban Support,www.globalimpactfoundation4859.foundation,contact@globalimpactfoundation4859.global,High,Outreach
4860,Global Impact Foundation 4860,Canada,Environment,Community Health,www.globalimpactfoundation4860.foundation,contact@globalimpactfoundation4860.global,High,Outreach
4861,Global Impact Foundation 4861,Canada,Environment,Disaster Relief,www.globalimpactfoundation4861.foundation,contact@globalimpactfoundation4861.foundation,Medium,Partnership
4862,Global Impact Foundation 4862,South Africa,Child Welfare,Community Health,www.globalimpactfoundation4862.foundation,contact@globalimpactfoundation4862.global,High,Outreach
4863,Global Impact Foundation 4863,Brazil,Health,Urban Support,www.globalimpactfoundation4863.foundation,contact@globalimpactfoundation4863.org,High,Pilot Testing
4864,Global Impact Foundation 4864,Brazil,Women Empowerment,Urban Support,www.globalimpactfoundation4864.org,contact@globalimpactfoundation4864.org,High,Funding
4865,Global Impact Foundation 4865,UAE,Human Rights,Skill Development,www.globalimpactfoundation4865.ngo,contact@globalimpactfoundation4865.global,High,Funding
4866,Global Impact Foundation 4866,Australia,Environment,Skill Development,www.globalimpactfoundation4866.global,contact@globalimpactfoundation4866.org,Low,Pilot Testing
4867,Global Impact Foundation 4867,Kenya,Child Welfare,Skill Development,www.globalimpactfoundation4867.ngo,contact@globalimpactfoundation4867.global,Medium,Pilot Testing
4868,Global Impact Foundation 4868,Australia,Environment,Urban Support,www.globalimpactfoundation4868.global,contact@globalimpactfoundation4868.org,Medium,Funding
4869,Global Impact Foundation 4869,USA,Poverty Relief,Community Health,www.globalimpactfoundation4869.org,contact@globalimpactfoundation4869.ngo,Low,Partnership
4870,Global Impact Foundation 4870,Brazil,Health,Disaster Relief,www.globalimpactfoundation4870.global,contact@globalimpactfoundation4870.foundation,High,Pilot Testing
4871,Global Impact Foundation 4871,Canada,Human Rights,Urban Support,www.globalimpactfoundation4871.foundation,contact@globalimpactfoundation4871.ngo,High,Funding
4872,Global Impact Foundation 4872,Australia,Education,Urban Support,www.globalimpactfoundation4872.foundation,contact@globalimpactfoundation4872.org,High,Outreach
4873,Global Impact Foundation 4873,USA,Education,Community Health,www.globalimpactfoundation4873.ngo,contact@globalimpactfoundation4873.org,Low,Outreach
4874,Global Impact Foundation 4874,Germany,Women Empowerment,Disaster Relief,www.globalimpactfoundation4874.global,contact@globalimpactfoundation4874.org,High,Partnership
4875,Global Impact Foundation 4875,Brazil,Women Empowerment,Policy Advocacy,www.globalimpactfoundation4875.ngo,contact@globalimpactfoundation4875.org,Low,Pilot Testing
4876,Global Impact Foundation 4876,Canada,Child Welfare,Skill Development,www.globalimpactfoundation4876.foundation,contact@globalimpactfoundation4876.global,Medium,Outreach
4877,Global Impact Foundation 4877,UAE,Education,Rural Development,www.globalimpactfoundation4877.foundation,contact@globalimpactfoundation4877.foundation,Medium,Outreach
4878,Global Impact Foundation 4878,Germany,Women Empowerment,Community Health,www.globalimpactfoundation4878.ngo,contact@globalimpactfoundation4878.global,High,Pilot Testing
4879,Global Impact Foundation 4879,India,Women Empowerment,Policy Advocacy,www.globalimpactfoundation4879.foundation,contact@globalimpactfoundation4879.foundation,Medium,Partnership
4880,Global Impact Foundation 4880,Australia,Human Rights,Disaster Relief,www.globalimpactfoundation4880.global,contact@globalimpactfoundation4880.org,Medium,Outreach
4881,Global Impact Foundation 4881,Canada,Education,Urban Support,www.globalimpactfoundation4881.org,contact@globalimpactfoundation4881.org,High,Pilot Testing
4882,Global Impact Foundation 4882,USA,Education,Disaster Relief,www.globalimpactfoundation4882.org,contact@globalimpactfoundation4882.global,Low,Funding
4883,Global Impact Foundation 4883,USA,Human Rights,Rural Development,www.globalimpactfoundation4883.foundation,contact@globalimpactfoundation4883.ngo,Medium,Pilot Testing
4884,Global Impact Foundation 4884,Kenya,Child Welfare,Community Health,www.globalimpactfoundation4884.global,contact@globalimpactfoundation4884.global,Medium,Outreach
4885,Global Impact Foundation 4885,Australia,Women Empowerment,Disaster Relief,www.globalimpactfoundation4885.foundation,contact@globalimpactfoundation4885.global,Low,Funding
4886,Global Impact Foundation 4886,India,Women Empowerment,Disaster Relief,www.globalimpactfoundation4886.foundation,contact@globalimpactfoundation4886.foundation,High,Partnership
4887,Global Impact Foundation 4887,Australia,Women Empowerment,Urban Support,www.globalimpactfoundation4887.ngo,contact@globalimpactfoundation4887.foundation,Low,Pilot Testing
4888,Global Impact Foundation 4888,UAE,Environment,Urban Support,www.globalimpactfoundation4888.ngo,contact@globalimpactfoundation4888.ngo,Low,Partnership
4889,Global Impact Foundation 4889,Germany,Poverty Relief,Urban Support,www.globalimpactfoundation4889.ngo,contact@globalimpactfoundation4889.global,Medium,Partnership
4890,Global Impact Foundation 4890,Canada,Education,Disaster Relief,www.globalimpactfoundation4890.ngo,contact@globalimpactfoundation4890.org,Medium,Partnership
4891,Global Impact Foundation 4891,Germany,Environment,Policy Advocacy,www.globalimpactfoundation4891.global,contact@globalimpactfoundation4891.global,Medium,Partnership
4892,Global Impact Foundation 4892,Kenya,Education,Community Health,www.globalimpactfoundation4892.ngo,contact@globalimpactfoundation4892.org,High,Pilot Testing
4893,Global Impact Foundation 4893,Brazil,Poverty Relief,Disaster Relief,www.globalimpactfoundation4893.ngo,contact@globalimpactfoundation4893.org,Medium,Pilot Testing
4894,Global Impact Foundation 4894,Australia,Human Rights,Rural Development,www.globalimpactfoundation4894.foundation,contact@globalimpactfoundation4894.org,High,Partnership
4895,Global Impact Foundation 4895,USA,Education,Policy Advocacy,www.globalimpactfoundation4895.global,contact@globalimpactfoundation4895.ngo,Medium,Funding
4896,Global Impact Foundation 4896,UAE,Environment,Skill Development,www.globalimpactfoundation4896.global,contact@globalimpactfoundation4896.ngo,Low,Funding
4897,Global Impact Foundation 4897,Australia,Child Welfare,Rural Development,www.globalimpactfoundation4897.global,contact@globalimpactfoundation4897.ngo,High,Partnership
4898,Global Impact Foundation 4898,Brazil,Women Empowerment,Urban Support,www.globalimpactfoundation4898.ngo,contact@globalimpactfoundation4898.global,Medium,Pilot Testing
4899,Global Impact Foundation 4899,UAE,Health,Urban Support,www.globalimpactfoundation4899.ngo,contact@globalimpactfoundation4899.foundation,Medium,Partnership
4900,Global Impact Foundation 4900,UAE,Health,Community Health,www.globalimpactfoundation4900.foundation,contact@globalimpactfoundation4900.ngo,Low,Partnership
4901,Global Impact Foundation 4901,Australia,Health,Urban Support,www.globalimpactfoundation4901.org,contact@globalimpactfoundation4901.ngo,High,Partnership
4902,Global Impact Foundation 4902,South Africa,Environment,Urban Support,www.globalimpactfoundation4902.org,contact@globalimpactfoundation4902.foundation,Low,Funding
4903,Global Impact Foundation 4903,USA,Education,Rural Development,www.globalimpactfoundation4903.ngo,contact@globalimpactfoundation4903.foundation,Low,Partnership
4904,Global Impact Foundation 4904,Kenya,Child Welfare,Disaster Relief,www.globalimpactfoundation4904.global,contact@globalimpactfoundation4904.ngo,High,Outreach
4905,Global Impact Foundation 4905,UK,Human Rights,Disaster Relief,www.globalimpactfoundation4905.global,contact@globalimpactfoundation4905.org,Medium,Pilot Testing
4906,Global Impact Foundation 4906,Brazil,Health,Rural Development,www.globalimpactfoundation4906.global,contact@globalimpactfoundation4906.foundation,High,Outreach
4907,Global Impact Foundation 4907,Germany,Women Empowerment,Community Health,www.globalimpactfoundation4907.ngo,contact@globalimpactfoundation4907.ngo,Medium,Funding
4908,Global Impact Foundation 4908,Brazil,Poverty Relief,Urban Support,www.globalimpactfoundation4908.ngo,contact@globalimpactfoundation4908.org,Medium,Funding
4909,Global Impact Foundation 4909,South Africa,Environment,Disaster Relief,www.globalimpactfoundation4909.ngo,contact@globalimpactfoundation4909.foundation,Medium,Funding
4910,Global Impact Foundation 4910,UAE,Health,Urban Support,www.globalimpactfoundation4910.foundation,contact@globalimpactfoundation4910.ngo,Low,Pilot Testing
4911,Global Impact Foundation 4911,Brazil,Women Empowerment,Urban Support,www.globalimpactfoundation4911.foundation,contact@globalimpactfoundation4911.global,Low,Partnership
4912,Global Impact Foundation 4912,UK,Environment,Disaster Relief,www.globalimpactfoundation4912.foundation,contact@globalimpactfoundation4912.ngo,Low,Outreach
4913,Global Impact Foundation 4913,Kenya,Health,Rural Development,www.globalimpactfoundation4913.global,contact@globalimpactfoundation4913.ngo,High,Partnership
4914,Global Impact Foundation 4914,Canada,Women Empowerment,Skill Development,www.globalimpactfoundation4914.ngo,contact@globalimpactfoundation4914.ngo,High,Partnership
4915,Global Impact Foundation 4915,South Africa,Women Empowerment,Rural Development,www.globalimpactfoundation4915.ngo,contact@globalimpactfoundation4915.org,Low,Funding
4916,Global Impact Foundation 4916,USA,Human Rights,Urban Support,www.globalimpactfoundation4916.global,contact@globalimpactfoundation4916.foundation,High,Partnership
4917,Global Impact Foundation 4917,UAE,Poverty Relief,Policy Advocacy,www.globalimpactfoundation4917.foundation,contact@globalimpactfoundation4917.org,Medium,Partnership
4918,Global Impact Foundation 4918,Kenya,Human Rights,Community Health,www.globalimpactfoundation4918.org,contact@globalimpactfoundation4918.foundation,Low,Funding
4919,Global Impact Foundation 4919,Kenya,Health,Policy Advocacy,www.globalimpactfoundation4919.global,contact@globalimpactfoundation4919.foundation,Low,Partnership
4920,Global Impact Foundation 4920,USA,Education,Disaster Relief,www.globalimpactfoundation4920.foundation,contact@globalimpactfoundation4920.global,Low,Outreach
4921,Global Impact Foundation 4921,Australia,Human Rights,Policy Advocacy,www.globalimpactfoundation4921.ngo,contact@globalimpactfoundation4921.org,High,Partnership
4922,Global Impact Foundation 4922,Canada,Women Empowerment,Urban Support,www.globalimpactfoundation4922.org,contact@globalimpactfoundation4922.org,High,Outreach
4923,Global Impact Foundation 4923,Canada,Human Rights,Community Health,www.globalimpactfoundation4923.ngo,contact@globalimpactfoundation4923.global,High,Funding
4924,Global Impact Foundation 4924,Kenya,Human Rights,Rural Development,www.globalimpactfoundation4924.ngo,contact@globalimpactfoundation4924.ngo,High,Funding
4925,Global Impact Foundation 4925,Brazil,Child Welfare,Disaster Relief,www.globalimpactfoundation4925.ngo,contact@globalimpactfoundation4925.foundation,High,Pilot Testing
4926,Global Impact Foundation 4926,UK,Environment,Urban Support,www.globalimpactfoundation4926.ngo,contact@globalimpactfoundation4926.ngo,Medium,Outreach
4927,Global Impact Foundation 4927,India,Child Welfare,Urban Support,www.globalimpactfoundation4927.org,contact@globalimpactfoundation4927.org,High,Funding
4928,Global Impact Foundation 4928,South Africa,Poverty Relief,Disaster Relief,www.globalimpactfoundation4928.foundation,contact@globalimpactfoundation4928.org,Low,Outreach
4929,Global Impact Foundation 4929,Brazil,Human Rights,Community Health,www.globalimpactfoundation4929.org,contact@globalimpactfoundation4929.global,Low,Partnership
4930,Global Impact Foundation 4930,Canada,Child Welfare,Urban Support,www.globalimpactfoundation4930.ngo,contact@globalimpactfoundation4930.foundation,Low,Pilot Testing
4931,Global Impact Foundation 4931,India,Environment,Rural Development,www.globalimpactfoundation4931.foundation,contact@globalimpactfoundation4931.foundation,High,Partnership
4932,Global Impact Foundation 4932,Australia,Women Empowerment,Urban Support,www.globalimpactfoundation4932.global,contact@globalimpactfoundation4932.foundation,Medium,Pilot Testing
4933,Global Impact Foundation 4933,Germany,Education,Rural Development,www.globalimpactfoundation4933.foundation,contact@globalimpactfoundation4933.ngo,High,Pilot Testing
4934,Global Impact Foundation 4934,South Africa,Health,Disaster Relief,www.globalimpactfoundation4934.foundation,contact@globalimpactfoundation4934.ngo,High,Pilot Testing
4935,Global Impact Foundation 4935,Kenya,Environment,Policy Advocacy,www.globalimpactfoundation4935.ngo,contact@globalimpactfoundation4935.ngo,High,Pilot Testing
4936,Global Impact Foundation 4936,USA,Human Rights,Community Health,www.globalimpactfoundation4936.ngo,contact@globalimpactfoundation4936.global,Low,Partnership
4937,Global Impact Foundation 4937,Canada,Environment,Disaster Relief,www.globalimpactfoundation4937.org,contact@globalimpactfoundation4937.global,Low,Pilot Testing
4938,Global Impact Foundation 4938,USA,Human Rights,Policy Advocacy,www.globalimpactfoundation4938.global,contact@globalimpactfoundation4938.org,Low,Outreach
4939,Global Impact Foundation 4939,Canada,Poverty Relief,Urban Support,www.globalimpactfoundation4939.ngo,contact@globalimpactfoundation4939.foundation,Low,Partnership
4940,Global Impact Foundation 4940,UAE,Human Rights,Urban Support,www.globalimpactfoundation4940.ngo,contact@globalimpactfoundation4940.org,Medium,Pilot Testing
4941,Global Impact Foundation 4941,India,Poverty Relief,Rural Development,www.globalimpactfoundation4941.org,contact@globalimpactfoundation4941.foundation,Medium,Outreach
4942,Global Impact Foundation 4942,Australia,Child Welfare,Rural Development,www.globalimpactfoundation4942.global,contact@globalimpactfoundation4942.ngo,Medium,Partnership
4943,Global Impact Foundation 4943,Germany,Child Welfare,Policy Advocacy,www.globalimpactfoundation4943.global,contact@globalimpactfoundation4943.global,Low,Funding
4944,Global Impact Foundation 4944,Germany,Poverty Relief,Policy Advocacy,www.globalimpactfoundation4944.org,contact@globalimpactfoundation4944.ngo,Low,Pilot Testing
4945,Global Impact Foundation 4945,Australia,Health,Skill Development,www.globalimpactfoundation4945.foundation,contact@globalimpactfoundation4945.org,High,Partnership
4946,Global Impact Foundation 4946,UAE,Poverty Relief,Skill Development,www.globalimpactfoundation4946.org,contact@globalimpactfoundation4946.ngo,Low,Funding
4947,Global Impact Foundation 4947,UK,Human Rights,Disaster Relief,www.globalimpactfoundation4947.global,contact@globalimpactfoundation4947.global,Low,Funding
4948,Global Impact Foundation 4948,Brazil,Child Welfare,Disaster Relief,www.globalimpactfoundation4948.org,contact@globalimpactfoundation4948.foundation,Medium,Outreach
4949,Global Impact Foundation 4949,India,Child Welfare,Rural Development,www.globalimpactfoundation4949.ngo,contact@globalimpactfoundation4949.org,Medium,Partnership
4950,Global Impact Foundation 4950,UK,Human Rights,Skill Development,www.globalimpactfoundation4950.global,contact@globalimpactfoundation4950.org,Medium,Outreach
4951,Global Impact Foundation 4951,Brazil,Child Welfare,Community Health,www.globalimpactfoundation4951.ngo,contact@globalimpactfoundation4951.ngo,Medium,Partnership
4952,Global Impact Foundation 4952,UK,Women Empowerment,Rural Development,www.globalimpactfoundation4952.global,contact@globalimpactfoundation4952.global,Medium,Outreach
4953,Global Impact Foundation 4953,Canada,Education,Disaster Relief,www.globalimpactfoundation4953.foundation,contact@globalimpactfoundation4953.org,Medium,Pilot Testing
4954,Global Impact Foundation 4954,UK,Human Rights,Rural Development,www.globalimpactfoundation4954.global,contact@globalimpactfoundation4954.ngo,Low,Partnership
4955,Global Impact Foundation 4955,Brazil,Poverty Relief,Disaster Relief,www.globalimpactfoundation4955.foundation,contact@globalimpactfoundation4955.ngo,High,Partnership
4956,Global Impact Foundation 4956,UK,Poverty Relief,Community Health,www.globalimpactfoundation4956.ngo,contact@globalimpactfoundation4956.org,Medium,Partnership
4957,Global Impact Foundation 4957,India,Women Empowerment,Policy Advocacy,www.globalimpactfoundation4957.org,contact@globalimpactfoundation4957.ngo,High,Partnership
4958,Global Impact Foundation 4958,India,Environment,Skill Development,www.globalimpactfoundation4958.org,contact@globalimpactfoundation4958.org,Low,Partnership
4959,Global Impact Foundation 4959,Brazil,Education,Policy Advocacy,www.globalimpactfoundation4959.org,contact@globalimpactfoundation4959.global,High,Partnership
4960,Global Impact Foundation 4960,Australia,Environment,Rural Development,www.globalimpactfoundation4960.org,contact@globalimpactfoundation4960.foundation,Medium,Outreach
4961,Global Impact Foundation 4961,USA,Women Empowerment,Community Health,www.globalimpactfoundation4961.foundation,contact@globalimpactfoundation4961.global,High,Funding
4962,Global Impact Foundation 4962,South Africa,Women Empowerment,Policy Advocacy,www.globalimpactfoundation4962.org,contact@globalimpactfoundation4962.org,Low,Funding
4963,Global Impact Foundation 4963,Kenya,Women Empowerment,Community Health,www.globalimpactfoundation4963.foundation,contact@globalimpactfoundation4963.org,Low,Pilot Testing
4964,Global Impact Foundation 4964,UK,Human Rights,Urban Support,www.globalimpactfoundation4964.org,contact@globalimpactfoundation4964.foundation,Medium,Pilot Testing
4965,Global Impact Foundation 4965,UAE,Women Empowerment,Urban Support,www.globalimpactfoundation4965.foundation,contact@globalimpactfoundation4965.global,Medium,Pilot Testing
4966,Global Impact Foundation 4966,Brazil,Women Empowerment,Rural Development,www.globalimpactfoundation4966.org,contact@globalimpactfoundation4966.org,Low,Outreach
4967,Global Impact Foundation 4967,UAE,Poverty Relief,Urban Support,www.globalimpactfoundation4967.org,contact@globalimpactfoundation4967.org,Low,Pilot Testing
4968,Global Impact Foundation 4968,UAE,Health,Urban Support,www.globalimpactfoundation4968.global,contact@globalimpactfoundation4968.org,Medium,Partnership
4969,Global Impact Foundation 4969,Australia,Health,Skill Development,www.globalimpactfoundation4969.foundation,contact@globalimpactfoundation4969.org,Low,Partnership
4970,Global Impact Foundation 4970,USA,Poverty Relief,Community Health,www.globalimpactfoundation4970.foundation,contact@globalimpactfoundation4970.global,Medium,Partnership
4971,Global Impact Foundation 4971,USA,Environment,Disaster Relief,www.globalimpactfoundation4971.foundation,contact@globalimpactfoundation4971.org,Low,Outreach
4972,Global Impact Foundation 4972,Canada,Education,Policy Advocacy,www.globalimpactfoundation4972.org,contact@globalimpactfoundation4972.ngo,Low,Partnership
4973,Global Impact Foundation 4973,USA,Education,Skill Development,www.globalimpactfoundation4973.org,contact@globalimpactfoundation4973.global,High,Outreach
4974,Global Impact Foundation 4974,Canada,Environment,Community Health,www.globalimpactfoundation4974.ngo,contact@globalimpactfoundation4974.ngo,Low,Partnership
4975,Global Impact Foundation 4975,South Africa,Environment,Community Health,www.globalimpactfoundation4975.ngo,contact@globalimpactfoundation4975.org,High,Pilot Testing
4976,Global Impact Foundation 4976,Brazil,Poverty Relief,Policy Advocacy,www.globalimpactfoundation4976.foundation,contact@globalimpactfoundation4976.foundation,Medium,Outreach
4977,Global Impact Foundation 4977,Australia,Child Welfare,Policy Advocacy,www.globalimpactfoundation4977.foundation,contact@globalimpactfoundation4977.org,Low,Pilot Testing
4978,Global Impact Foundation 4978,Kenya,Poverty Relief,Policy Advocacy,www.globalimpactfoundation4978.foundation,contact@globalimpactfoundation4978.foundation,High,Funding
4979,Global Impact Foundation 4979,Germany,Environment,Policy Advocacy,www.globalimpactfoundation4979.global,contact@globalimpactfoundation4979.ngo,Low,Partnership
4980,Global Impact Foundation 4980,UK,Education,Community Health,www.globalimpactfoundation4980.ngo,contact@globalimpactfoundation4980.ngo,Medium,Pilot Testing
4981,Global Impact Foundation 4981,South Africa,Human Rights,Urban Support,www.globalimpactfoundation4981.ngo,contact@globalimpactfoundation4981.global,Medium,Outreach
4982,Global Impact Foundation 4982,Brazil,Poverty Relief,Skill Development,www.globalimpactfoundation4982.ngo,contact@globalimpactfoundation4982.foundation,Medium,Outreach
4983,Global Impact Foundation 4983,Canada,Child Welfare,Rural Development,www.globalimpactfoundation4983.org,contact@globalimpactfoundation4983.global,Medium,Partnership
4984,Global Impact Foundation 4984,Brazil,Education,Disaster Relief,www.globalimpactfoundation4984.foundation,contact@globalimpactfoundation4984.foundation,High,Pilot Testing
4985,Global Impact Foundation 4985,UK,Health,Urban Support,www.globalimpactfoundation4985.org,contact@globalimpactfoundation4985.ngo,Medium,Partnership
4986,Global Impact Foundation 4986,UK,Environment,Disaster Relief,www.globalimpactfoundation4986.foundation,contact@globalimpactfoundation4986.org,Low,Partnership
4987,Global Impact Foundation 4987,India,Health,Rural Development,www.globalimpactfoundation4987.global,contact@globalimpactfoundation4987.org,Medium,Pilot Testing
4988,Global Impact Foundation 4988,Canada,Poverty Relief,Urban Support,www.globalimpactfoundation4988.foundation,contact@globalimpactfoundation4988.org,Medium,Outreach
4989,Global Impact Foundation 4989,USA,Education,Urban Support,www.globalimpactfoundation4989.foundation,contact@globalimpactfoundation4989.foundation,High,Outreach
4990,Global Impact Foundation 4990,USA,Poverty Relief,Disaster Relief,www.globalimpactfoundation4990.global,contact@globalimpactfoundation4990.foundation,High,Outreach
4991,Global Impact Foundation 4991,Brazil,Environment,Disaster Relief,www.globalimpactfoundation4991.foundation,contact@globalimpactfoundation4991.global,High,Funding
4992,Global Impact Foundation 4992,South Africa,Child Welfare,Rural Development,www.globalimpactfoundation4992.ngo,contact@globalimpactfoundation4992.org,High,Outreach
4993,Global Impact Foundation 4993,USA,Child Welfare,Skill Development,www.globalimpactfoundation4993.ngo,contact@globalimpactfoundation4993.global,High,Pilot Testing
4994,Global Impact Foundation 4994,USA,Child Welfare,Rural Development,www.globalimpactfoundation4994.ngo,contact@globalimpactfoundation4994.org,Medium,Partnership
4995,Global Impact Foundation 4995,Australia,Human Rights,Disaster Relief,www.globalimpactfoundation4995.org,contact@globalimpactfoundation4995.ngo,Medium,Pilot Testing
4996,Global Impact Foundation 4996,USA,Human Rights,Disaster Relief,www.globalimpactfoundation4996.foundation,contact@globalimpactfoundation4996.org,High,Outreach
4997,Global Impact Foundation 4997,Kenya,Health,Urban Support,www.globalimpactfoundation4997.org,contact@globalimpactfoundation4997.global,Low,Partnership
4998,Global Impact Foundation 4998,Germany,Education,Community Health,www.globalimpactfoundation4998.ngo,contact@globalimpactfoundation4998.ngo,Medium,Partnership
4999,Global Impact Foundation 4999,UK,Human Rights,Skill Development,www.globalimpactfoundation4999.org,contact@globalimpactfoundation4999.org,Medium,Funding
5000,Global Impact Foundation 5000,Germany,Poverty Relief,Skill Development,www.globalimpactfoundation5000.global,contact@globalimpactfoundation5000.foundation,High,Partnership
