record_id,year,month,state,village_name,problem_type,cases,severity,population,affected_families,asha_workers,anc_registrations,immunization,institutional_deliveries,ngo_name,ngo_work
F49_REC00000,2017,Jul,Uttar Pradesh,Lucknow,Malaria,408,Low,498571,110793,147,217,996,1354,CARE India,"Women & child nutrition, sanitation & community health"
F49_REC00000,2017,Jul,Uttar Pradesh,Lucknow,Dengue,240,Low,498571,110793,147,217,996,1354,CARE India,"Women & child nutrition, sanitation & community health"
F49_REC00000,2017,Jul,Uttar Pradesh,Lucknow,TB,287,Low,498571,110793,147,217,996,1354,CARE India,"Women & child nutrition, sanitation & community health"
F49_REC00001,2019,Mar,Uttar Pradesh,Varanasi,Malaria,425,Low,391675,87038,194,1219,2563,769,Smile Foundation,"Mobile health units, education & livelihood for underserved communities"
F49_REC00001,2019,Mar,Uttar Pradesh,Varanasi,Dengue,302,Low,391675,87038,194,1219,2563,769,Smile Foundation,"Mobile health units, education & livelihood for underserved communities"
F49_REC00001,2019,Mar,Uttar Pradesh,Varanasi,TB,0,Low,391675,87038,194,1219,2563,769,Smile Foundation,"Mobile health units, education & livelihood for underserved communities"
F49_REC00002,2018,Mar,Karnataka,Bengaluru,Malaria,21,Medium,404521,89893,193,1808,2331,479,Doctors For You,Emergency medical relief & rural health camps
F49_REC00002,2018,Mar,Karnataka,Bengaluru,Dengue,338,Medium,404521,89893,193,1808,2331,479,Doctors For You,Emergency medical relief & rural health camps
F49_REC00002,2018,Mar,Karnataka,Bengaluru,TB,274,Medium,404521,89893,193,1808,2331,479,Doctors For You,Emergency medical relief & rural health camps
F49_REC00003,2019,Aug,West Bengal,Kolkata,Malaria,264,High,389233,86496,177,236,758,1122,Smile Foundation,"Mobile health units, education & livelihood for underserved communities"
F49_REC00003,2019,Aug,West Bengal,Kolkata,Dengue,226,High,389233,86496,177,236,758,1122,Smile Foundation,"Mobile health units, education & livelihood for underserved communities"
F49_REC00003,2019,Aug,West Bengal,Kolkata,TB,233,High,389233,86496,177,236,758,1122,Smile Foundation,"Mobile health units, education & livelihood for underserved communities"
F49_REC00004,2017,Sep,Tamil Nadu,Coimbatore,Malaria,284,High,347523,77227,100,777,2601,1353,Doctors For You,Emergency medical relief & rural health camps
F49_REC00004,2017,Sep,Tamil Nadu,Coimbatore,Dengue,243,High,347523,77227,100,777,2601,1353,Doctors For You,Emergency medical relief & rural health camps
F49_REC00004,2017,Sep,Tamil Nadu,Coimbatore,TB,143,High,347523,77227,100,777,2601,1353,Doctors For You,Emergency medical relief & rural health camps
F49_REC00005,2018,Mar,Gujarat,Ahmedabad,Malaria,335,Low,411042,91342,75,730,2241,1251,UNICEF India,"Child nutrition, immunization & maternal health programs"
F49_REC00005,2018,Mar,Gujarat,Ahmedabad,Dengue,116,Low,411042,91342,75,730,2241,1251,UNICEF India,"Child nutrition, immunization & maternal health programs"
F49_REC00005,2018,Mar,Gujarat,Ahmedabad,TB,74,Low,411042,91342,75,730,2241,1251,UNICEF India,"Child nutrition, immunization & maternal health programs"
F49_REC00006,2017,Feb,Maharashtra,Mumbai,Malaria,494,Low,225002,50000,368,995,2326,1220,HMIS,Health management information systems & data monitoring
F49_REC00006,2017,Feb,Maharashtra,Mumbai,Dengue,67,Low,225002,50000,368,995,2326,1220,HMIS,Health management information systems & data monitoring
F49_REC00006,2017,Feb,Maharashtra,Mumbai,TB,140,Low,225002,50000,368,995,2326,1220,HMIS,Health management information systems & data monitoring
F49_REC00007,2019,Jul,West Bengal,Siliguri,Malaria,227,Medium,356290,79175,144,1851,2308,1110,Smile Foundation,"Mobile health units, education & livelihood for underserved communities"
F49_REC00007,2019,Jul,West Bengal,Siliguri,Dengue,40,Medium,356290,79175,144,1851,2308,1110,Smile Foundation,"Mobile health units, education & livelihood for underserved communities"
F49_REC00007,2019,Jul,West Bengal,Siliguri,TB,256,Medium,356290,79175,144,1851,2308,1110,Smile Foundation,"Mobile health units, education & livelihood for underserved communities"
F49_REC00008,2019,Jun,Bihar,Gaya,Malaria,112,Low,363450,80766,235,1275,936,115,HMIS,Health management information systems & data monitoring
F49_REC00008,2019,Jun,Bihar,Gaya,Dengue,120,Low,363450,80766,235,1275,936,115,HMIS,Health management information systems & data monitoring
F49_REC00008,2019,Jun,Bihar,Gaya,TB,237,Low,363450,80766,235,1275,936,115,HMIS,Health management information systems & data monitoring
F49_REC00009,2020,Feb,Karnataka,Bengaluru,Malaria,185,High,493810,109735,272,1734,1942,152,WHO India,"Disease surveillance, immunization programs & policy advisory"
F49_REC00009,2020,Feb,Karnataka,Bengaluru,Dengue,191,High,493810,109735,272,1734,1942,152,WHO India,"Disease surveillance, immunization programs & policy advisory"
F49_REC00009,2020,Feb,Karnataka,Bengaluru,TB,253,High,493810,109735,272,1734,1942,152,WHO India,"Disease surveillance, immunization programs & policy advisory"
F49_REC00010,2019,Jun,Tamil Nadu,Chennai,Malaria,479,High,213228,47384,307,607,1230,441,WHO India,"Disease surveillance, immunization programs & policy advisory"
F49_REC00010,2019,Jun,Tamil Nadu,Chennai,Dengue,367,High,213228,47384,307,607,1230,441,WHO India,"Disease surveillance, immunization programs & policy advisory"
F49_REC00010,2019,Jun,Tamil Nadu,Chennai,TB,12,High,213228,47384,307,607,1230,441,WHO India,"Disease surveillance, immunization programs & policy advisory"
F49_REC00011,2019,Apr,Tamil Nadu,Chennai,Malaria,14,Low,429805,95512,303,918,359,1012,CARE India,"Women & child nutrition, sanitation & community health"
F49_REC00011,2019,Apr,Tamil Nadu,Chennai,Dengue,131,Low,429805,95512,303,918,359,1012,CARE India,"Women & child nutrition, sanitation & community health"
F49_REC00011,2019,Apr,Tamil Nadu,Chennai,TB,205,Low,429805,95512,303,918,359,1012,CARE India,"Women & child nutrition, sanitation & community health"
F49_REC00012,2020,Sep,Bihar,Patna,Malaria,472,Medium,79146,17588,91,461,806,659,Smile Foundation,"Mobile health units, education & livelihood for underserved communities"
F49_REC00012,2020,Sep,Bihar,Patna,Dengue,238,Medium,79146,17588,91,461,806,659,Smile Foundation,"Mobile health units, education & livelihood for underserved communities"
F49_REC00012,2020,Sep,Bihar,Patna,TB,276,Medium,79146,17588,91,461,806,659,Smile Foundation,"Mobile health units, education & livelihood for underserved communities"
F49_REC00013,2019,Apr,West Bengal,Howrah,Malaria,174,High,361787,80397,208,703,2725,830,UNICEF India,"Child nutrition, immunization & maternal health programs"
F49_REC00013,2019,Apr,West Bengal,Howrah,Dengue,49,High,361787,80397,208,703,2725,830,UNICEF India,"Child nutrition, immunization & maternal health programs"
F49_REC00013,2019,Apr,West Bengal,Howrah,TB,169,High,361787,80397,208,703,2725,830,UNICEF India,"Child nutrition, immunization & maternal health programs"
F49_REC00014,2020,Jul,Uttar Pradesh,Varanasi,Malaria,324,Low,471094,104687,357,999,2416,732,NHM,National Health Mission — primary healthcare & ASHA worker deployment
F49_REC00014,2020,Jul,Uttar Pradesh,Varanasi,Dengue,234,Low,471094,104687,357,999,2416,732,NHM,National Health Mission — primary healthcare & ASHA worker deployment
F49_REC00014,2020,Jul,Uttar Pradesh,Varanasi,TB,234,Low,471094,104687,357,999,2416,732,NHM,National Health Mission — primary healthcare & ASHA worker deployment
F49_REC00015,2017,Jan,Maharashtra,Mumbai,Malaria,100,Medium,341287,75841,192,368,1273,648,Doctors For You,Emergency medical relief & rural health camps
F49_REC00015,2017,Jan,Maharashtra,Mumbai,Dengue,86,Medium,341287,75841,192,368,1273,648,Doctors For You,Emergency medical relief & rural health camps
F49_REC00015,2017,Jan,Maharashtra,Mumbai,TB,254,Medium,341287,75841,192,368,1273,648,Doctors For You,Emergency medical relief & rural health camps
F49_REC00016,2019,Apr,Uttar Pradesh,Agra,Malaria,116,Medium,406638,90364,98,641,1889,152,Smile Foundation,"Mobile health units, education & livelihood for underserved communities"
F49_REC00016,2019,Apr,Uttar Pradesh,Agra,Dengue,269,Medium,406638,90364,98,641,1889,152,Smile Foundation,"Mobile health units, education & livelihood for underserved communities"
F49_REC00016,2019,Apr,Uttar Pradesh,Agra,TB,61,Medium,406638,90364,98,641,1889,152,Smile Foundation,"Mobile health units, education & livelihood for underserved communities"
F49_REC00017,2017,Jan,Bihar,Muzaffarpur,Malaria,477,High,249375,55416,262,1202,2840,286,NHM,National Health Mission — primary healthcare & ASHA worker deployment
F49_REC00017,2017,Jan,Bihar,Muzaffarpur,Dengue,249,High,249375,55416,262,1202,2840,286,NHM,National Health Mission — primary healthcare & ASHA worker deployment
F49_REC00017,2017,Jan,Bihar,Muzaffarpur,TB,100,High,249375,55416,262,1202,2840,286,NHM,National Health Mission — primary healthcare & ASHA worker deployment
F49_REC00018,2018,Jun,Tamil Nadu,Coimbatore,Malaria,137,Low,302001,67111,59,932,1293,424,Smile Foundation,"Mobile health units, education & livelihood for underserved communities"
F49_REC00018,2018,Jun,Tamil Nadu,Coimbatore,Dengue,237,Low,302001,67111,59,932,1293,424,Smile Foundation,"Mobile health units, education & livelihood for underserved communities"
F49_REC00018,2018,Jun,Tamil Nadu,Coimbatore,TB,239,Low,302001,67111,59,932,1293,424,Smile Foundation,"Mobile health units, education & livelihood for underserved communities"
F49_REC00019,2019,Mar,Gujarat,Vadodara,Malaria,189,High,384800,85511,287,336,2460,360,Doctors For You,Emergency medical relief & rural health camps
F49_REC00019,2019,Mar,Gujarat,Vadodara,Dengue,146,High,384800,85511,287,336,2460,360,Doctors For You,Emergency medical relief & rural health camps
F49_REC00019,2019,Mar,Gujarat,Vadodara,TB,231,High,384800,85511,287,336,2460,360,Doctors For You,Emergency medical relief & rural health camps
F49_REC00020,2019,Aug,Uttar Pradesh,Lucknow,Malaria,261,High,409358,90968,189,1550,1570,122,HMIS,Health management information systems & data monitoring
F49_REC00020,2019,Aug,Uttar Pradesh,Lucknow,Dengue,44,High,409358,90968,189,1550,1570,122,HMIS,Health management information systems & data monitoring
F49_REC00020,2019,Aug,Uttar Pradesh,Lucknow,TB,229,High,409358,90968,189,1550,1570,122,HMIS,Health management information systems & data monitoring
F49_REC00021,2018,Aug,Maharashtra,Nagpur,Malaria,490,Medium,97772,21727,339,1407,1590,737,NFHS,National health survey & maternal/child health data collection
F49_REC00021,2018,Aug,Maharashtra,Nagpur,Dengue,59,Medium,97772,21727,339,1407,1590,737,NFHS,National health survey & maternal/child health data collection
F49_REC00021,2018,Aug,Maharashtra,Nagpur,TB,25,Medium,97772,21727,339,1407,1590,737,NFHS,National health survey & maternal/child health data collection
F49_REC00022,2019,May,West Bengal,Kolkata,Malaria,52,Medium,256484,56996,252,1383,431,198,UNICEF India,"Child nutrition, immunization & maternal health programs"
F49_REC00022,2019,May,West Bengal,Kolkata,Dengue,167,Medium,256484,56996,252,1383,431,198,UNICEF India,"Child nutrition, immunization & maternal health programs"
F49_REC00022,2019,May,West Bengal,Kolkata,TB,276,Medium,256484,56996,252,1383,431,198,UNICEF India,"Child nutrition, immunization & maternal health programs"
F49_REC00023,2020,Mar,Karnataka,Bengaluru,Malaria,95,High,405191,90042,300,807,1342,1394,NFHS,National health survey & maternal/child health data collection
F49_REC00023,2020,Mar,Karnataka,Bengaluru,Dengue,254,High,405191,90042,300,807,1342,1394,NFHS,National health survey & maternal/child health data collection
F49_REC00023,2020,Mar,Karnataka,Bengaluru,TB,292,High,405191,90042,300,807,1342,1394,NFHS,National health survey & maternal/child health data collection
F49_REC00024,2019,Apr,Gujarat,Vadodara,Malaria,108,Medium,400130,88917,230,1117,295,993,Doctors For You,Emergency medical relief & rural health camps
F49_REC00024,2019,Apr,Gujarat,Vadodara,Dengue,297,Medium,400130,88917,230,1117,295,993,Doctors For You,Emergency medical relief & rural health camps
F49_REC00024,2019,Apr,Gujarat,Vadodara,TB,38,Medium,400130,88917,230,1117,295,993,Doctors For You,Emergency medical relief & rural health camps
F49_REC00025,2019,Apr,Bihar,Patna,Malaria,344,Low,212185,47152,179,1449,2862,340,NFHS,National health survey & maternal/child health data collection
F49_REC00025,2019,Apr,Bihar,Patna,Dengue,41,Low,212185,47152,179,1449,2862,340,NFHS,National health survey & maternal/child health data collection
F49_REC00025,2019,Apr,Bihar,Patna,TB,18,Low,212185,47152,179,1449,2862,340,NFHS,National health survey & maternal/child health data collection
F49_REC00026,2017,Aug,Karnataka,Bengaluru,Malaria,237,High,432673,96149,124,490,1679,1049,WHO India,"Disease surveillance, immunization programs & policy advisory"
F49_REC00026,2017,Aug,Karnataka,Bengaluru,Dengue,187,High,432673,96149,124,490,1679,1049,WHO India,"Disease surveillance, immunization programs & policy advisory"
F49_REC00026,2017,Aug,Karnataka,Bengaluru,TB,98,High,432673,96149,124,490,1679,1049,WHO India,"Disease surveillance, immunization programs & policy advisory"
F49_REC00027,2019,Mar,Gujarat,Vadodara,Malaria,52,Low,438014,97336,158,1280,2496,1038,Doctors For You,Emergency medical relief & rural health camps
F49_REC00027,2019,Mar,Gujarat,Vadodara,Dengue,363,Low,438014,97336,158,1280,2496,1038,Doctors For You,Emergency medical relief & rural health camps
F49_REC00027,2019,Mar,Gujarat,Vadodara,TB,34,Low,438014,97336,158,1280,2496,1038,Doctors For You,Emergency medical relief & rural health camps
F49_REC00028,2017,Sep,West Bengal,Howrah,Malaria,304,Medium,203457,45212,160,1516,2864,704,HMIS,Health management information systems & data monitoring
F49_REC00028,2017,Sep,West Bengal,Howrah,Dengue,260,Medium,203457,45212,160,1516,2864,704,HMIS,Health management information systems & data monitoring
F49_REC00028,2017,Sep,West Bengal,Howrah,TB,152,Medium,203457,45212,160,1516,2864,704,HMIS,Health management information systems & data monitoring
F49_REC00029,2018,May,Tamil Nadu,Coimbatore,Malaria,145,Medium,130689,29042,293,1495,1451,509,NFHS,National health survey & maternal/child health data collection
F49_REC00029,2018,May,Tamil Nadu,Coimbatore,Dengue,28,Medium,130689,29042,293,1495,1451,509,NFHS,National health survey & maternal/child health data collection
F49_REC00029,2018,May,Tamil Nadu,Coimbatore,TB,80,Medium,130689,29042,293,1495,1451,509,NFHS,National health survey & maternal/child health data collection
F49_REC00030,2019,Aug,Maharashtra,Nagpur,Malaria,163,Low,400120,88915,210,1279,241,1332,NHM,National Health Mission — primary healthcare & ASHA worker deployment
F49_REC00030,2019,Aug,Maharashtra,Nagpur,Dengue,324,Low,400120,88915,210,1279,241,1332,NHM,National Health Mission — primary healthcare & ASHA worker deployment
F49_REC00030,2019,Aug,Maharashtra,Nagpur,TB,90,Low,400120,88915,210,1279,241,1332,NHM,National Health Mission — primary healthcare & ASHA worker deployment
F49_REC00031,2018,Jan,Uttar Pradesh,Varanasi,Malaria,279,Low,286063,63569,144,907,1109,846,UNICEF India,"Child nutrition, immunization & maternal health programs"
F49_REC00031,2018,Jan,Uttar Pradesh,Varanasi,Dengue,279,Low,286063,63569,144,907,1109,846,UNICEF India,"Child nutrition, immunization & maternal health programs"
F49_REC00031,2018,Jan,Uttar Pradesh,Varanasi,TB,75,Low,286063,63569,144,907,1109,846,UNICEF India,"Child nutrition, immunization & maternal health programs"
F49_REC00032,2017,Aug,Bihar,Patna,Malaria,463,Medium,93410,20757,397,1719,719,175,WHO India,"Disease surveillance, immunization programs & policy advisory"
F49_REC00032,2017,Aug,Bihar,Patna,Dengue,337,Medium,93410,20757,397,1719,719,175,WHO India,"Disease surveillance, immunization programs & policy advisory"
F49_REC00032,2017,Aug,Bihar,Patna,TB,297,Medium,93410,20757,397,1719,719,175,WHO India,"Disease surveillance, immunization programs & policy advisory"
F49_REC00033,2019,May,Uttar Pradesh,Varanasi,Malaria,241,Low,379858,84412,133,1072,2416,1077,NHM,National Health Mission — primary healthcare & ASHA worker deployment
F49_REC00033,2019,May,Uttar Pradesh,Varanasi,Dengue,247,Low,379858,84412,133,1072,2416,1077,NHM,National Health Mission — primary healthcare & ASHA worker deployment
F49_REC00033,2019,May,Uttar Pradesh,Varanasi,TB,291,Low,379858,84412,133,1072,2416,1077,NHM,National Health Mission — primary healthcare & ASHA worker deployment
F49_REC00034,2018,Apr,Karnataka,Hubli,Malaria,380,High,308510,68557,72,823,2472,568,WHO India,"Disease surveillance, immunization programs & policy advisory"
F49_REC00034,2018,Apr,Karnataka,Hubli,Dengue,376,High,308510,68557,72,823,2472,568,WHO India,"Disease surveillance, immunization programs & policy advisory"
F49_REC00034,2018,Apr,Karnataka,Hubli,TB,19,High,308510,68557,72,823,2472,568,WHO India,"Disease surveillance, immunization programs & policy advisory"
F49_REC00035,2020,Apr,Uttar Pradesh,Lucknow,Malaria,32,High,402698,89488,251,318,849,376,WHO India,"Disease surveillance, immunization programs & policy advisory"
F49_REC00035,2020,Apr,Uttar Pradesh,Lucknow,Dengue,155,High,402698,89488,251,318,849,376,WHO India,"Disease surveillance, immunization programs & policy advisory"
F49_REC00035,2020,Apr,Uttar Pradesh,Lucknow,TB,275,High,402698,89488,251,318,849,376,WHO India,"Disease surveillance, immunization programs & policy advisory"
F49_REC00036,2020,Sep,Gujarat,Vadodara,Malaria,53,High,189141,42031,386,954,1539,262,Doctors For You,Emergency medical relief & rural health camps
F49_REC00036,2020,Sep,Gujarat,Vadodara,Dengue,83,High,189141,42031,386,954,1539,262,Doctors For You,Emergency medical relief & rural health camps
F49_REC00036,2020,Sep,Gujarat,Vadodara,TB,10,High,189141,42031,386,954,1539,262,Doctors For You,Emergency medical relief & rural health camps
F49_REC00037,2020,Aug,Karnataka,Mysuru,Malaria,38,Medium,468658,104146,171,166,2356,374,UNICEF India,"Child nutrition, immunization & maternal health programs"
F49_REC00037,2020,Aug,Karnataka,Mysuru,Dengue,336,Medium,468658,104146,171,166,2356,374,UNICEF India,"Child nutrition, immunization & maternal health programs"
F49_REC00037,2020,Aug,Karnataka,Mysuru,TB,108,Medium,468658,104146,171,166,2356,374,UNICEF India,"Child nutrition, immunization & maternal health programs"
F49_REC00038,2020,Apr,Bihar,Muzaffarpur,Malaria,444,Medium,361566,80348,338,552,2336,1160,NFHS,National health survey & maternal/child health data collection
F49_REC00038,2020,Apr,Bihar,Muzaffarpur,Dengue,298,Medium,361566,80348,338,552,2336,1160,NFHS,National health survey & maternal/child health data collection
F49_REC00038,2020,Apr,Bihar,Muzaffarpur,TB,88,Medium,361566,80348,338,552,2336,1160,NFHS,National health survey & maternal/child health data collection
F49_REC00039,2020,Apr,Bihar,Patna,Malaria,140,Medium,253452,56322,149,1844,1608,715,UNICEF India,"Child nutrition, immunization & maternal health programs"
F49_REC00039,2020,Apr,Bihar,Patna,Dengue,340,Medium,253452,56322,149,1844,1608,715,UNICEF India,"Child nutrition, immunization & maternal health programs"
F49_REC00039,2020,Apr,Bihar,Patna,TB,137,Medium,253452,56322,149,1844,1608,715,UNICEF India,"Child nutrition, immunization & maternal health programs"
F49_REC00040,2020,Jan,Maharashtra,Mumbai,Malaria,477,Medium,361756,80390,76,1918,2012,820,HMIS,Health management information systems & data monitoring
F49_REC00040,2020,Jan,Maharashtra,Mumbai,Dengue,283,Medium,361756,80390,76,1918,2012,820,HMIS,Health management information systems & data monitoring
F49_REC00040,2020,Jan,Maharashtra,Mumbai,TB,42,Medium,361756,80390,76,1918,2012,820,HMIS,Health management information systems & data monitoring
F49_REC00041,2018,Apr,Karnataka,Mysuru,Malaria,26,Low,115530,25673,115,1338,222,307,UNICEF India,"Child nutrition, immunization & maternal health programs"
F49_REC00041,2018,Apr,Karnataka,Mysuru,Dengue,54,Low,115530,25673,115,1338,222,307,UNICEF India,"Child nutrition, immunization & maternal health programs"
F49_REC00041,2018,Apr,Karnataka,Mysuru,TB,163,Low,115530,25673,115,1338,222,307,UNICEF India,"Child nutrition, immunization & maternal health programs"
F49_REC00042,2019,Sep,Bihar,Muzaffarpur,Malaria,484,High,51906,11534,312,1882,2134,471,NHM,National Health Mission — primary healthcare & ASHA worker deployment
F49_REC00042,2019,Sep,Bihar,Muzaffarpur,Dengue,259,High,51906,11534,312,1882,2134,471,NHM,National Health Mission — primary healthcare & ASHA worker deployment
F49_REC00042,2019,Sep,Bihar,Muzaffarpur,TB,11,High,51906,11534,312,1882,2134,471,NHM,National Health Mission — primary healthcare & ASHA worker deployment
F49_REC00043,2017,Aug,Uttar Pradesh,Agra,Malaria,318,High,139863,31080,238,327,737,434,Smile Foundation,"Mobile health units, education & livelihood for underserved communities"
F49_REC00043,2017,Aug,Uttar Pradesh,Agra,Dengue,259,High,139863,31080,238,327,737,434,Smile Foundation,"Mobile health units, education & livelihood for underserved communities"
F49_REC00043,2017,Aug,Uttar Pradesh,Agra,TB,47,High,139863,31080,238,327,737,434,Smile Foundation,"Mobile health units, education & livelihood for underserved communities"
F49_REC00044,2020,Aug,Gujarat,Surat,Malaria,287,Low,250469,55659,249,213,1576,1077,CARE India,"Women & child nutrition, sanitation & community health"
F49_REC00044,2020,Aug,Gujarat,Surat,Dengue,97,Low,250469,55659,249,213,1576,1077,CARE India,"Women & child nutrition, sanitation & community health"
F49_REC00044,2020,Aug,Gujarat,Surat,TB,299,Low,250469,55659,249,213,1576,1077,CARE India,"Women & child nutrition, sanitation & community health"
F49_REC00045,2018,Mar,Gujarat,Surat,Malaria,400,Low,385213,85602,72,1412,258,156,WHO India,"Disease surveillance, immunization programs & policy advisory"
F49_REC00045,2018,Mar,Gujarat,Surat,Dengue,349,Low,385213,85602,72,1412,258,156,WHO India,"Disease surveillance, immunization programs & policy advisory"
F49_REC00045,2018,Mar,Gujarat,Surat,TB,78,Low,385213,85602,72,1412,258,156,WHO India,"Disease surveillance, immunization programs & policy advisory"
F49_REC00046,2017,Mar,Karnataka,Bengaluru,Malaria,406,High,383782,85284,345,1865,2544,1124,Doctors For You,Emergency medical relief & rural health camps
F49_REC00046,2017,Mar,Karnataka,Bengaluru,Dengue,245,High,383782,85284,345,1865,2544,1124,Doctors For You,Emergency medical relief & rural health camps
F49_REC00046,2017,Mar,Karnataka,Bengaluru,TB,145,High,383782,85284,345,1865,2544,1124,Doctors For You,Emergency medical relief & rural health camps
F49_REC00047,2017,Sep,Karnataka,Hubli,Malaria,419,Low,175230,38940,177,904,1774,267,NHM,National Health Mission — primary healthcare & ASHA worker deployment
F49_REC00047,2017,Sep,Karnataka,Hubli,Dengue,215,Low,175230,38940,177,904,1774,267,NHM,National Health Mission — primary healthcare & ASHA worker deployment
F49_REC00047,2017,Sep,Karnataka,Hubli,TB,283,Low,175230,38940,177,904,1774,267,NHM,National Health Mission — primary healthcare & ASHA worker deployment
F49_REC00048,2017,Jun,Uttar Pradesh,Lucknow,Malaria,478,High,128015,28447,305,432,1667,1201,UNICEF India,"Child nutrition, immunization & maternal health programs"
F49_REC00048,2017,Jun,Uttar Pradesh,Lucknow,Dengue,234,High,128015,28447,305,432,1667,1201,UNICEF India,"Child nutrition, immunization & maternal health programs"
F49_REC00048,2017,Jun,Uttar Pradesh,Lucknow,TB,32,High,128015,28447,305,432,1667,1201,UNICEF India,"Child nutrition, immunization & maternal health programs"
F49_REC00049,2019,Aug,Uttar Pradesh,Agra,Malaria,150,Medium,145687,32374,96,222,1064,449,WHO India,"Disease surveillance, immunization programs & policy advisory"
F49_REC00049,2019,Aug,Uttar Pradesh,Agra,Dengue,92,Medium,145687,32374,96,222,1064,449,WHO India,"Disease surveillance, immunization programs & policy advisory"
F49_REC00049,2019,Aug,Uttar Pradesh,Agra,TB,271,Medium,145687,32374,96,222,1064,449,WHO India,"Disease surveillance, immunization programs & policy advisory"
F49_REC00050,2020,Feb,Karnataka,Hubli,Malaria,373,Low,224852,49967,144,805,2890,812,Smile Foundation,"Mobile health units, education & livelihood for underserved communities"
F49_REC00050,2020,Feb,Karnataka,Hubli,Dengue,118,Low,224852,49967,144,805,2890,812,Smile Foundation,"Mobile health units, education & livelihood for underserved communities"
F49_REC00050,2020,Feb,Karnataka,Hubli,TB,68,Low,224852,49967,144,805,2890,812,Smile Foundation,"Mobile health units, education & livelihood for underserved communities"
F49_REC00051,2019,Apr,Bihar,Patna,Malaria,340,Low,488492,108553,148,986,1820,255,NHM,National Health Mission — primary healthcare & ASHA worker deployment
F49_REC00051,2019,Apr,Bihar,Patna,Dengue,27,Low,488492,108553,148,986,1820,255,NHM,National Health Mission — primary healthcare & ASHA worker deployment
F49_REC00051,2019,Apr,Bihar,Patna,TB,275,Low,488492,108553,148,986,1820,255,NHM,National Health Mission — primary healthcare & ASHA worker deployment
F49_REC00052,2020,May,West Bengal,Kolkata,Malaria,74,Medium,442323,98294,299,187,1936,895,CARE India,"Women & child nutrition, sanitation & community health"
F49_REC00052,2020,May,West Bengal,Kolkata,Dengue,272,Medium,442323,98294,299,187,1936,895,CARE India,"Women & child nutrition, sanitation & community health"
F49_REC00052,2020,May,West Bengal,Kolkata,TB,82,Medium,442323,98294,299,187,1936,895,CARE India,"Women & child nutrition, sanitation & community health"
F49_REC00053,2018,Jul,Uttar Pradesh,Agra,Malaria,442,Medium,273102,60689,228,1382,1883,700,NFHS,National health survey & maternal/child health data collection
F49_REC00053,2018,Jul,Uttar Pradesh,Agra,Dengue,105,Medium,273102,60689,228,1382,1883,700,NFHS,National health survey & maternal/child health data collection
F49_REC00053,2018,Jul,Uttar Pradesh,Agra,TB,84,Medium,273102,60689,228,1382,1883,700,NFHS,National health survey & maternal/child health data collection
F49_REC00054,2018,May,West Bengal,Howrah,Malaria,51,Medium,413706,91934,353,1620,1719,1100,UNICEF India,"Child nutrition, immunization & maternal health programs"
F49_REC00054,2018,May,West Bengal,Howrah,Dengue,34,Medium,413706,91934,353,1620,1719,1100,UNICEF India,"Child nutrition, immunization & maternal health programs"
F49_REC00054,2018,May,West Bengal,Howrah,TB,279,Medium,413706,91934,353,1620,1719,1100,UNICEF India,"Child nutrition, immunization & maternal health programs"
F49_REC00055,2020,Sep,Bihar,Muzaffarpur,Malaria,141,High,251837,55963,321,812,823,1246,WHO India,"Disease surveillance, immunization programs & policy advisory"
F49_REC00055,2020,Sep,Bihar,Muzaffarpur,Dengue,116,High,251837,55963,321,812,823,1246,WHO India,"Disease surveillance, immunization programs & policy advisory"
F49_REC00055,2020,Sep,Bihar,Muzaffarpur,TB,299,High,251837,55963,321,812,823,1246,WHO India,"Disease surveillance, immunization programs & policy advisory"
F49_REC00056,2020,Jan,Karnataka,Hubli,Malaria,86,Medium,184379,40973,128,135,1578,408,WHO India,"Disease surveillance, immunization programs & policy advisory"
F49_REC00056,2020,Jan,Karnataka,Hubli,Dengue,228,Medium,184379,40973,128,135,1578,408,WHO India,"Disease surveillance, immunization programs & policy advisory"
F49_REC00056,2020,Jan,Karnataka,Hubli,TB,97,Medium,184379,40973,128,135,1578,408,WHO India,"Disease surveillance, immunization programs & policy advisory"
F49_REC00057,2019,Mar,Uttar Pradesh,Lucknow,Malaria,229,High,491787,109286,96,1604,2272,1091,HMIS,Health management information systems & data monitoring
F49_REC00057,2019,Mar,Uttar Pradesh,Lucknow,Dengue,81,High,491787,109286,96,1604,2272,1091,HMIS,Health management information systems & data monitoring
F49_REC00057,2019,Mar,Uttar Pradesh,Lucknow,TB,283,High,491787,109286,96,1604,2272,1091,HMIS,Health management information systems & data monitoring
F49_REC00058,2020,Apr,Tamil Nadu,Madurai,Malaria,235,Low,315488,70108,107,381,1318,1008,NHM,National Health Mission — primary healthcare & ASHA worker deployment
F49_REC00058,2020,Apr,Tamil Nadu,Madurai,Dengue,267,Low,315488,70108,107,381,1318,1008,NHM,National Health Mission — primary healthcare & ASHA worker deployment
F49_REC00058,2020,Apr,Tamil Nadu,Madurai,TB,174,Low,315488,70108,107,381,1318,1008,NHM,National Health Mission — primary healthcare & ASHA worker deployment
F49_REC00059,2019,Jan,Tamil Nadu,Madurai,Malaria,205,High,429694,95487,70,724,2329,82,UNICEF India,"Child nutrition, immunization & maternal health programs"
F49_REC00059,2019,Jan,Tamil Nadu,Madurai,Dengue,218,High,429694,95487,70,724,2329,82,UNICEF India,"Child nutrition, immunization & maternal health programs"
F49_REC00059,2019,Jan,Tamil Nadu,Madurai,TB,283,High,429694,95487,70,724,2329,82,UNICEF India,"Child nutrition, immunization & maternal health programs"
F49_REC00060,2017,Mar,Maharashtra,Nagpur,Malaria,218,Low,241146,53588,102,171,1149,1092,Doctors For You,Emergency medical relief & rural health camps
F49_REC00060,2017,Mar,Maharashtra,Nagpur,Dengue,140,Low,241146,53588,102,171,1149,1092,Doctors For You,Emergency medical relief & rural health camps
F49_REC00060,2017,Mar,Maharashtra,Nagpur,TB,166,Low,241146,53588,102,171,1149,1092,Doctors For You,Emergency medical relief & rural health camps
F49_REC00061,2017,Apr,Maharashtra,Pune,Malaria,58,High,437691,97264,273,226,1497,1133,Doctors For You,Emergency medical relief & rural health camps
F49_REC00061,2017,Apr,Maharashtra,Pune,Dengue,55,High,437691,97264,273,226,1497,1133,Doctors For You,Emergency medical relief & rural health camps
F49_REC00061,2017,Apr,Maharashtra,Pune,TB,26,High,437691,97264,273,226,1497,1133,Doctors For You,Emergency medical relief & rural health camps
F49_REC00062,2017,Jan,Karnataka,Hubli,Malaria,455,Medium,355933,79096,207,1856,1170,1416,UNICEF India,"Child nutrition, immunization & maternal health programs"
F49_REC00062,2017,Jan,Karnataka,Hubli,Dengue,78,Medium,355933,79096,207,1856,1170,1416,UNICEF India,"Child nutrition, immunization & maternal health programs"
F49_REC00062,2017,Jan,Karnataka,Hubli,TB,106,Medium,355933,79096,207,1856,1170,1416,UNICEF India,"Child nutrition, immunization & maternal health programs"
F49_REC00063,2018,Sep,Tamil Nadu,Madurai,Malaria,135,Medium,360511,80113,370,589,2239,504,CARE India,"Women & child nutrition, sanitation & community health"
F49_REC00063,2018,Sep,Tamil Nadu,Madurai,Dengue,338,Medium,360511,80113,370,589,2239,504,CARE India,"Women & child nutrition, sanitation & community health"
F49_REC00063,2018,Sep,Tamil Nadu,Madurai,TB,272,Medium,360511,80113,370,589,2239,504,CARE India,"Women & child nutrition, sanitation & community health"
F49_REC00064,2018,Jan,Maharashtra,Pune,Malaria,383,Medium,176034,39118,290,1359,2021,720,CARE India,"Women & child nutrition, sanitation & community health"
F49_REC00064,2018,Jan,Maharashtra,Pune,Dengue,239,Medium,176034,39118,290,1359,2021,720,CARE India,"Women & child nutrition, sanitation & community health"
F49_REC00064,2018,Jan,Maharashtra,Pune,TB,249,Medium,176034,39118,290,1359,2021,720,CARE India,"Women & child nutrition, sanitation & community health"
F49_REC00065,2017,Feb,Maharashtra,Pune,Malaria,448,Medium,154999,34444,353,1010,2670,549,HMIS,Health management information systems & data monitoring
F49_REC00065,2017,Feb,Maharashtra,Pune,Dengue,219,Medium,154999,34444,353,1010,2670,549,HMIS,Health management information systems & data monitoring
F49_REC00065,2017,Feb,Maharashtra,Pune,TB,224,Medium,154999,34444,353,1010,2670,549,HMIS,Health management information systems & data monitoring
F49_REC00066,2019,Aug,Uttar Pradesh,Lucknow,Malaria,356,High,218610,48580,182,1247,885,403,NFHS,National health survey & maternal/child health data collection
F49_REC00066,2019,Aug,Uttar Pradesh,Lucknow,Dengue,146,High,218610,48580,182,1247,885,403,NFHS,National health survey & maternal/child health data collection
F49_REC00066,2019,Aug,Uttar Pradesh,Lucknow,TB,274,High,218610,48580,182,1247,885,403,NFHS,National health survey & maternal/child health data collection
F49_REC00067,2018,Jul,Uttar Pradesh,Agra,Malaria,373,High,334311,74291,86,636,2458,230,CARE India,"Women & child nutrition, sanitation & community health"
F49_REC00067,2018,Jul,Uttar Pradesh,Agra,Dengue,270,High,334311,74291,86,636,2458,230,CARE India,"Women & child nutrition, sanitation & community health"
F49_REC00067,2018,Jul,Uttar Pradesh,Agra,TB,255,High,334311,74291,86,636,2458,230,CARE India,"Women & child nutrition, sanitation & community health"
F49_REC00068,2017,Jun,Karnataka,Hubli,Malaria,280,Medium,172113,38247,299,983,217,1159,CARE India,"Women & child nutrition, sanitation & community health"
F49_REC00068,2017,Jun,Karnataka,Hubli,Dengue,173,Medium,172113,38247,299,983,217,1159,CARE India,"Women & child nutrition, sanitation & community health"
F49_REC00068,2017,Jun,Karnataka,Hubli,TB,271,Medium,172113,38247,299,983,217,1159,CARE India,"Women & child nutrition, sanitation & community health"
F49_REC00069,2019,Sep,Gujarat,Surat,Malaria,170,High,330436,73430,381,239,305,736,WHO India,"Disease surveillance, immunization programs & policy advisory"
F49_REC00069,2019,Sep,Gujarat,Surat,Dengue,98,High,330436,73430,381,239,305,736,WHO India,"Disease surveillance, immunization programs & policy advisory"
F49_REC00069,2019,Sep,Gujarat,Surat,TB,196,High,330436,73430,381,239,305,736,WHO India,"Disease surveillance, immunization programs & policy advisory"
F49_REC00070,2020,May,Bihar,Muzaffarpur,Malaria,93,High,314692,69931,104,1283,589,876,UNICEF India,"Child nutrition, immunization & maternal health programs"
F49_REC00070,2020,May,Bihar,Muzaffarpur,Dengue,389,High,314692,69931,104,1283,589,876,UNICEF India,"Child nutrition, immunization & maternal health programs"
F49_REC00070,2020,May,Bihar,Muzaffarpur,TB,212,High,314692,69931,104,1283,589,876,UNICEF India,"Child nutrition, immunization & maternal health programs"
F49_REC00071,2017,Mar,Maharashtra,Nagpur,Malaria,153,Medium,158344,35187,393,460,1469,656,HMIS,Health management information systems & data monitoring
F49_REC00071,2017,Mar,Maharashtra,Nagpur,Dengue,353,Medium,158344,35187,393,460,1469,656,HMIS,Health management information systems & data monitoring
F49_REC00071,2017,Mar,Maharashtra,Nagpur,TB,229,Medium,158344,35187,393,460,1469,656,HMIS,Health management information systems & data monitoring
F49_REC00072,2020,Jan,Karnataka,Mysuru,Malaria,165,Low,85486,18996,270,132,2830,336,NHM,National Health Mission — primary healthcare & ASHA worker deployment
F49_REC00072,2020,Jan,Karnataka,Mysuru,Dengue,319,Low,85486,18996,270,132,2830,336,NHM,National Health Mission — primary healthcare & ASHA worker deployment
F49_REC00072,2020,Jan,Karnataka,Mysuru,TB,297,Low,85486,18996,270,132,2830,336,NHM,National Health Mission — primary healthcare & ASHA worker deployment
F49_REC00073,2017,Feb,Uttar Pradesh,Lucknow,Malaria,447,Low,476477,105883,106,666,2318,1390,Smile Foundation,"Mobile health units, education & livelihood for underserved communities"
F49_REC00073,2017,Feb,Uttar Pradesh,Lucknow,Dengue,310,Low,476477,105883,106,666,2318,1390,Smile Foundation,"Mobile health units, education & livelihood for underserved communities"
F49_REC00073,2017,Feb,Uttar Pradesh,Lucknow,TB,252,Low,476477,105883,106,666,2318,1390,Smile Foundation,"Mobile health units, education & livelihood for underserved communities"
F49_REC00074,2017,Jan,West Bengal,Howrah,Malaria,240,Medium,96785,21507,393,1377,2934,95,NHM,National Health Mission — primary healthcare & ASHA worker deployment
F49_REC00074,2017,Jan,West Bengal,Howrah,Dengue,56,Medium,96785,21507,393,1377,2934,95,NHM,National Health Mission — primary healthcare & ASHA worker deployment
F49_REC00074,2017,Jan,West Bengal,Howrah,TB,160,Medium,96785,21507,393,1377,2934,95,NHM,National Health Mission — primary healthcare & ASHA worker deployment
F49_REC00075,2017,May,Bihar,Muzaffarpur,Malaria,184,High,407995,90665,336,1876,1894,1175,Smile Foundation,"Mobile health units, education & livelihood for underserved communities"
F49_REC00075,2017,May,Bihar,Muzaffarpur,Dengue,114,High,407995,90665,336,1876,1894,1175,Smile Foundation,"Mobile health units, education & livelihood for underserved communities"
F49_REC00075,2017,May,Bihar,Muzaffarpur,TB,256,High,407995,90665,336,1876,1894,1175,Smile Foundation,"Mobile health units, education & livelihood for underserved communities"
F49_REC00076,2018,Mar,Karnataka,Mysuru,Malaria,416,Medium,346199,76933,184,1756,909,840,WHO India,"Disease surveillance, immunization programs & policy advisory"
F49_REC00076,2018,Mar,Karnataka,Mysuru,Dengue,156,Medium,346199,76933,184,1756,909,840,WHO India,"Disease surveillance, immunization programs & policy advisory"
F49_REC00076,2018,Mar,Karnataka,Mysuru,TB,292,Medium,346199,76933,184,1756,909,840,WHO India,"Disease surveillance, immunization programs & policy advisory"
F49_REC00077,2017,Jan,Maharashtra,Nagpur,Malaria,48,Medium,84949,18877,225,1419,1052,525,UNICEF India,"Child nutrition, immunization & maternal health programs"
F49_REC00077,2017,Jan,Maharashtra,Nagpur,Dengue,382,Medium,84949,18877,225,1419,1052,525,UNICEF India,"Child nutrition, immunization & maternal health programs"
F49_REC00077,2017,Jan,Maharashtra,Nagpur,TB,6,Medium,84949,18877,225,1419,1052,525,UNICEF India,"Child nutrition, immunization & maternal health programs"
F49_REC00078,2019,Aug,West Bengal,Howrah,Malaria,344,Medium,372903,82867,393,1725,1170,135,WHO India,"Disease surveillance, immunization programs & policy advisory"
F49_REC00078,2019,Aug,West Bengal,Howrah,Dengue,381,Medium,372903,82867,393,1725,1170,135,WHO India,"Disease surveillance, immunization programs & policy advisory"
F49_REC00078,2019,Aug,West Bengal,Howrah,TB,167,Medium,372903,82867,393,1725,1170,135,WHO India,"Disease surveillance, immunization programs & policy advisory"
F49_REC00079,2017,Jul,Gujarat,Surat,Malaria,287,Medium,315106,70023,224,857,2480,1387,Doctors For You,Emergency medical relief & rural health camps
F49_REC00079,2017,Jul,Gujarat,Surat,Dengue,153,Medium,315106,70023,224,857,2480,1387,Doctors For You,Emergency medical relief & rural health camps
F49_REC00079,2017,Jul,Gujarat,Surat,TB,201,Medium,315106,70023,224,857,2480,1387,Doctors For You,Emergency medical relief & rural health camps
F49_REC00080,2018,Feb,Uttar Pradesh,Varanasi,Malaria,325,Low,385333,85629,52,251,755,1452,NFHS,National health survey & maternal/child health data collection
F49_REC00080,2018,Feb,Uttar Pradesh,Varanasi,Dengue,268,Low,385333,85629,52,251,755,1452,NFHS,National health survey & maternal/child health data collection
F49_REC00080,2018,Feb,Uttar Pradesh,Varanasi,TB,24,Low,385333,85629,52,251,755,1452,NFHS,National health survey & maternal/child health data collection
F49_REC00081,2020,Aug,Gujarat,Vadodara,Malaria,174,Low,102703,22822,96,1050,1255,1500,Smile Foundation,"Mobile health units, education & livelihood for underserved communities"
F49_REC00081,2020,Aug,Gujarat,Vadodara,Dengue,205,Low,102703,22822,96,1050,1255,1500,Smile Foundation,"Mobile health units, education & livelihood for underserved communities"
F49_REC00081,2020,Aug,Gujarat,Vadodara,TB,73,Low,102703,22822,96,1050,1255,1500,Smile Foundation,"Mobile health units, education & livelihood for underserved communities"
F49_REC00082,2020,Jun,West Bengal,Siliguri,Malaria,328,High,186137,41363,294,992,1047,942,UNICEF India,"Child nutrition, immunization & maternal health programs"
F49_REC00082,2020,Jun,West Bengal,Siliguri,Dengue,98,High,186137,41363,294,992,1047,942,UNICEF India,"Child nutrition, immunization & maternal health programs"
F49_REC00082,2020,Jun,West Bengal,Siliguri,TB,243,High,186137,41363,294,992,1047,942,UNICEF India,"Child nutrition, immunization & maternal health programs"
F49_REC00083,2019,Jun,Bihar,Muzaffarpur,Malaria,141,Low,194385,43196,63,1947,1625,555,Doctors For You,Emergency medical relief & rural health camps
F49_REC00083,2019,Jun,Bihar,Muzaffarpur,Dengue,356,Low,194385,43196,63,1947,1625,555,Doctors For You,Emergency medical relief & rural health camps
F49_REC00083,2019,Jun,Bihar,Muzaffarpur,TB,110,Low,194385,43196,63,1947,1625,555,Doctors For You,Emergency medical relief & rural health camps
F49_REC00084,2020,Jun,Maharashtra,Nagpur,Malaria,149,Low,192197,42710,259,616,1321,616,WHO India,"Disease surveillance, immunization programs & policy advisory"
F49_REC00084,2020,Jun,Maharashtra,Nagpur,Dengue,365,Low,192197,42710,259,616,1321,616,WHO India,"Disease surveillance, immunization programs & policy advisory"
F49_REC00084,2020,Jun,Maharashtra,Nagpur,TB,105,Low,192197,42710,259,616,1321,616,WHO India,"Disease surveillance, immunization programs & policy advisory"
F49_REC00085,2018,Jul,Maharashtra,Nagpur,Malaria,11,Low,222864,49525,395,1201,2512,158,Doctors For You,Emergency medical relief & rural health camps
F49_REC00085,2018,Jul,Maharashtra,Nagpur,Dengue,189,Low,222864,49525,395,1201,2512,158,Doctors For You,Emergency medical relief & rural health camps
F49_REC00085,2018,Jul,Maharashtra,Nagpur,TB,215,Low,222864,49525,395,1201,2512,158,Doctors For You,Emergency medical relief & rural health camps
F49_REC00086,2019,Sep,Gujarat,Ahmedabad,Malaria,332,Low,173182,38484,311,1558,717,1237,NFHS,National health survey & maternal/child health data collection
F49_REC00086,2019,Sep,Gujarat,Ahmedabad,Dengue,130,Low,173182,38484,311,1558,717,1237,NFHS,National health survey & maternal/child health data collection
F49_REC00086,2019,Sep,Gujarat,Ahmedabad,TB,283,Low,173182,38484,311,1558,717,1237,NFHS,National health survey & maternal/child health data collection
F49_REC00087,2018,Feb,West Bengal,Kolkata,Malaria,460,High,309181,68706,357,562,1255,629,HMIS,Health management information systems & data monitoring
F49_REC00087,2018,Feb,West Bengal,Kolkata,Dengue,125,High,309181,68706,357,562,1255,629,HMIS,Health management information systems & data monitoring
F49_REC00087,2018,Feb,West Bengal,Kolkata,TB,24,High,309181,68706,357,562,1255,629,HMIS,Health management information systems & data monitoring
F49_REC00088,2020,Apr,Karnataka,Mysuru,Malaria,466,Medium,284155,63145,399,1948,2284,401,HMIS,Health management information systems & data monitoring
F49_REC00088,2020,Apr,Karnataka,Mysuru,Dengue,71,Medium,284155,63145,399,1948,2284,401,HMIS,Health management information systems & data monitoring
F49_REC00088,2020,Apr,Karnataka,Mysuru,TB,257,Medium,284155,63145,399,1948,2284,401,HMIS,Health management information systems & data monitoring
F49_REC00089,2020,Mar,Karnataka,Mysuru,Malaria,31,High,236195,52487,287,695,2733,1478,NFHS,National health survey & maternal/child health data collection
F49_REC00089,2020,Mar,Karnataka,Mysuru,Dengue,73,High,236195,52487,287,695,2733,1478,NFHS,National health survey & maternal/child health data collection
F49_REC00089,2020,Mar,Karnataka,Mysuru,TB,173,High,236195,52487,287,695,2733,1478,NFHS,National health survey & maternal/child health data collection
F49_REC00090,2018,Sep,Uttar Pradesh,Lucknow,Malaria,68,Medium,106954,23767,136,254,2265,366,WHO India,"Disease surveillance, immunization programs & policy advisory"
F49_REC00090,2018,Sep,Uttar Pradesh,Lucknow,Dengue,200,Medium,106954,23767,136,254,2265,366,WHO India,"Disease surveillance, immunization programs & policy advisory"
F49_REC00090,2018,Sep,Uttar Pradesh,Lucknow,TB,149,Medium,106954,23767,136,254,2265,366,WHO India,"Disease surveillance, immunization programs & policy advisory"
F49_REC00091,2018,Jan,West Bengal,Kolkata,Malaria,188,High,373607,83023,282,1696,565,1313,HMIS,Health management information systems & data monitoring
F49_REC00091,2018,Jan,West Bengal,Kolkata,Dengue,204,High,373607,83023,282,1696,565,1313,HMIS,Health management information systems & data monitoring
F49_REC00091,2018,Jan,West Bengal,Kolkata,TB,73,High,373607,83023,282,1696,565,1313,HMIS,Health management information systems & data monitoring
F49_REC00092,2019,Jul,Uttar Pradesh,Agra,Malaria,234,Low,103490,22997,179,1148,674,588,CARE India,"Women & child nutrition, sanitation & community health"
F49_REC00092,2019,Jul,Uttar Pradesh,Agra,Dengue,299,Low,103490,22997,179,1148,674,588,CARE India,"Women & child nutrition, sanitation & community health"
F49_REC00092,2019,Jul,Uttar Pradesh,Agra,TB,278,Low,103490,22997,179,1148,674,588,CARE India,"Women & child nutrition, sanitation & community health"
F49_REC00093,2019,Jun,Bihar,Muzaffarpur,Malaria,420,Medium,238340,52964,322,775,729,446,WHO India,"Disease surveillance, immunization programs & policy advisory"
F49_REC00093,2019,Jun,Bihar,Muzaffarpur,Dengue,312,Medium,238340,52964,322,775,729,446,WHO India,"Disease surveillance, immunization programs & policy advisory"
F49_REC00093,2019,Jun,Bihar,Muzaffarpur,TB,149,Medium,238340,52964,322,775,729,446,WHO India,"Disease surveillance, immunization programs & policy advisory"
F49_REC00094,2017,Mar,Uttar Pradesh,Lucknow,Malaria,212,Medium,399039,88675,193,314,2947,789,Smile Foundation,"Mobile health units, education & livelihood for underserved communities"
F49_REC00094,2017,Mar,Uttar Pradesh,Lucknow,Dengue,28,Medium,399039,88675,193,314,2947,789,Smile Foundation,"Mobile health units, education & livelihood for underserved communities"
F49_REC00094,2017,Mar,Uttar Pradesh,Lucknow,TB,83,Medium,399039,88675,193,314,2947,789,Smile Foundation,"Mobile health units, education & livelihood for underserved communities"
F49_REC00095,2019,Sep,Gujarat,Surat,Malaria,212,High,395117,87803,45,1627,426,1016,Doctors For You,Emergency medical relief & rural health camps
F49_REC00095,2019,Sep,Gujarat,Surat,Dengue,340,High,395117,87803,45,1627,426,1016,Doctors For You,Emergency medical relief & rural health camps
F49_REC00095,2019,Sep,Gujarat,Surat,TB,61,High,395117,87803,45,1627,426,1016,Doctors For You,Emergency medical relief & rural health camps
F49_REC00096,2017,Mar,Maharashtra,Nagpur,Malaria,305,Low,163367,36303,159,854,2338,1470,Smile Foundation,"Mobile health units, education & livelihood for underserved communities"
F49_REC00096,2017,Mar,Maharashtra,Nagpur,Dengue,304,Low,163367,36303,159,854,2338,1470,Smile Foundation,"Mobile health units, education & livelihood for underserved communities"
F49_REC00096,2017,Mar,Maharashtra,Nagpur,TB,236,Low,163367,36303,159,854,2338,1470,Smile Foundation,"Mobile health units, education & livelihood for underserved communities"
F49_REC00097,2017,Feb,Maharashtra,Mumbai,Malaria,489,Medium,209033,46451,269,1099,1101,353,Doctors For You,Emergency medical relief & rural health camps
F49_REC00097,2017,Feb,Maharashtra,Mumbai,Dengue,84,Medium,209033,46451,269,1099,1101,353,Doctors For You,Emergency medical relief & rural health camps
F49_REC00097,2017,Feb,Maharashtra,Mumbai,TB,74,Medium,209033,46451,269,1099,1101,353,Doctors For You,Emergency medical relief & rural health camps
F49_REC00098,2018,Aug,West Bengal,Siliguri,Malaria,379,High,485862,107969,228,1549,834,1104,WHO India,"Disease surveillance, immunization programs & policy advisory"
F49_REC00098,2018,Aug,West Bengal,Siliguri,Dengue,220,High,485862,107969,228,1549,834,1104,WHO India,"Disease surveillance, immunization programs & policy advisory"
F49_REC00098,2018,Aug,West Bengal,Siliguri,TB,240,High,485862,107969,228,1549,834,1104,WHO India,"Disease surveillance, immunization programs & policy advisory"
F49_REC00099,2020,Jun,West Bengal,Siliguri,Malaria,491,High,294509,65446,37,425,2202,754,Doctors For You,Emergency medical relief & rural health camps
F49_REC00099,2020,Jun,West Bengal,Siliguri,Dengue,241,High,294509,65446,37,425,2202,754,Doctors For You,Emergency medical relief & rural health camps
F49_REC00099,2020,Jun,West Bengal,Siliguri,TB,17,High,294509,65446,37,425,2202,754,Doctors For You,Emergency medical relief & rural health camps
F49_REC00100,2020,Sep,Karnataka,Mysuru,Malaria,224,Low,175799,39066,362,123,747,305,NHM,National Health Mission — primary healthcare & ASHA worker deployment
F49_REC00100,2020,Sep,Karnataka,Mysuru,Dengue,357,Low,175799,39066,362,123,747,305,NHM,National Health Mission — primary healthcare & ASHA worker deployment
F49_REC00100,2020,Sep,Karnataka,Mysuru,TB,297,Low,175799,39066,362,123,747,305,NHM,National Health Mission — primary healthcare & ASHA worker deployment
F49_REC00101,2018,Apr,Uttar Pradesh,Agra,Malaria,240,High,414899,92199,142,347,843,1295,WHO India,"Disease surveillance, immunization programs & policy advisory"
F49_REC00101,2018,Apr,Uttar Pradesh,Agra,Dengue,378,High,414899,92199,142,347,843,1295,WHO India,"Disease surveillance, immunization programs & policy advisory"
F49_REC00101,2018,Apr,Uttar Pradesh,Agra,TB,68,High,414899,92199,142,347,843,1295,WHO India,"Disease surveillance, immunization programs & policy advisory"
F49_REC00102,2018,Jun,Karnataka,Hubli,Malaria,74,Low,360954,80212,62,394,903,418,UNICEF India,"Child nutrition, immunization & maternal health programs"
F49_REC00102,2018,Jun,Karnataka,Hubli,Dengue,353,Low,360954,80212,62,394,903,418,UNICEF India,"Child nutrition, immunization & maternal health programs"
F49_REC00102,2018,Jun,Karnataka,Hubli,TB,273,Low,360954,80212,62,394,903,418,UNICEF India,"Child nutrition, immunization & maternal health programs"
F49_REC00103,2019,May,Uttar Pradesh,Lucknow,Malaria,200,High,306611,68135,344,799,400,719,NHM,National Health Mission — primary healthcare & ASHA worker deployment
F49_REC00103,2019,May,Uttar Pradesh,Lucknow,Dengue,203,High,306611,68135,344,799,400,719,NHM,National Health Mission — primary healthcare & ASHA worker deployment
F49_REC00103,2019,May,Uttar Pradesh,Lucknow,TB,176,High,306611,68135,344,799,400,719,NHM,National Health Mission — primary healthcare & ASHA worker deployment
F49_REC00104,2020,Apr,Maharashtra,Pune,Malaria,316,Low,333132,74029,302,262,3000,314,HMIS,Health management information systems & data monitoring
F49_REC00104,2020,Apr,Maharashtra,Pune,Dengue,140,Low,333132,74029,302,262,3000,314,HMIS,Health management information systems & data monitoring
F49_REC00104,2020,Apr,Maharashtra,Pune,TB,78,Low,333132,74029,302,262,3000,314,HMIS,Health management information systems & data monitoring
F49_REC00105,2018,Apr,Maharashtra,Pune,Malaria,410,Medium,360211,80046,322,513,2059,91,NHM,National Health Mission — primary healthcare & ASHA worker deployment
F49_REC00105,2018,Apr,Maharashtra,Pune,Dengue,317,Medium,360211,80046,322,513,2059,91,NHM,National Health Mission — primary healthcare & ASHA worker deployment
F49_REC00105,2018,Apr,Maharashtra,Pune,TB,2,Medium,360211,80046,322,513,2059,91,NHM,National Health Mission — primary healthcare & ASHA worker deployment
F49_REC00106,2017,Feb,West Bengal,Siliguri,Malaria,210,Low,423647,94143,327,1149,802,1199,NHM,National Health Mission — primary healthcare & ASHA worker deployment
F49_REC00106,2017,Feb,West Bengal,Siliguri,Dengue,310,Low,423647,94143,327,1149,802,1199,NHM,National Health Mission — primary healthcare & ASHA worker deployment
F49_REC00106,2017,Feb,West Bengal,Siliguri,TB,144,Low,423647,94143,327,1149,802,1199,NHM,National Health Mission — primary healthcare & ASHA worker deployment
F49_REC00107,2020,Jul,Uttar Pradesh,Lucknow,Malaria,58,Low,74897,16643,150,729,1578,308,NFHS,National health survey & maternal/child health data collection
F49_REC00107,2020,Jul,Uttar Pradesh,Lucknow,Dengue,167,Low,74897,16643,150,729,1578,308,NFHS,National health survey & maternal/child health data collection
F49_REC00107,2020,Jul,Uttar Pradesh,Lucknow,TB,157,Low,74897,16643,150,729,1578,308,NFHS,National health survey & maternal/child health data collection
F49_REC00108,2020,Jul,Bihar,Patna,Malaria,293,Low,82903,18422,394,1238,2499,287,NHM,National Health Mission — primary healthcare & ASHA worker deployment
F49_REC00108,2020,Jul,Bihar,Patna,Dengue,244,Low,82903,18422,394,1238,2499,287,NHM,National Health Mission — primary healthcare & ASHA worker deployment
F49_REC00108,2020,Jul,Bihar,Patna,TB,170,Low,82903,18422,394,1238,2499,287,NHM,National Health Mission — primary healthcare & ASHA worker deployment
F49_REC00109,2019,Mar,Uttar Pradesh,Varanasi,Malaria,141,Low,197817,43959,74,1378,1769,1091,CARE India,"Women & child nutrition, sanitation & community health"
F49_REC00109,2019,Mar,Uttar Pradesh,Varanasi,Dengue,123,Low,197817,43959,74,1378,1769,1091,CARE India,"Women & child nutrition, sanitation & community health"
F49_REC00109,2019,Mar,Uttar Pradesh,Varanasi,TB,164,Low,197817,43959,74,1378,1769,1091,CARE India,"Women & child nutrition, sanitation & community health"
F49_REC00110,2017,Aug,Bihar,Patna,Malaria,151,Low,488457,108546,308,1864,998,65,Smile Foundation,"Mobile health units, education & livelihood for underserved communities"
F49_REC00110,2017,Aug,Bihar,Patna,Dengue,107,Low,488457,108546,308,1864,998,65,Smile Foundation,"Mobile health units, education & livelihood for underserved communities"
F49_REC00110,2017,Aug,Bihar,Patna,TB,78,Low,488457,108546,308,1864,998,65,Smile Foundation,"Mobile health units, education & livelihood for underserved communities"
F49_REC00111,2019,Sep,West Bengal,Kolkata,Malaria,427,Medium,151887,33752,251,1445,379,1081,NHM,National Health Mission — primary healthcare & ASHA worker deployment
F49_REC00111,2019,Sep,West Bengal,Kolkata,Dengue,397,Medium,151887,33752,251,1445,379,1081,NHM,National Health Mission — primary healthcare & ASHA worker deployment
F49_REC00111,2019,Sep,West Bengal,Kolkata,TB,96,Medium,151887,33752,251,1445,379,1081,NHM,National Health Mission — primary healthcare & ASHA worker deployment
F49_REC00112,2019,May,Maharashtra,Pune,Malaria,371,Low,484186,107596,367,1419,2493,265,Doctors For You,Emergency medical relief & rural health camps
F49_REC00112,2019,May,Maharashtra,Pune,Dengue,398,Low,484186,107596,367,1419,2493,265,Doctors For You,Emergency medical relief & rural health camps
F49_REC00112,2019,May,Maharashtra,Pune,TB,98,Low,484186,107596,367,1419,2493,265,Doctors For You,Emergency medical relief & rural health camps
F49_REC00113,2019,Jun,Tamil Nadu,Chennai,Malaria,161,High,487093,108242,51,561,2813,829,HMIS,Health management information systems & data monitoring
F49_REC00113,2019,Jun,Tamil Nadu,Chennai,Dengue,186,High,487093,108242,51,561,2813,829,HMIS,Health management information systems & data monitoring
F49_REC00113,2019,Jun,Tamil Nadu,Chennai,TB,198,High,487093,108242,51,561,2813,829,HMIS,Health management information systems & data monitoring
F49_REC00114,2017,Apr,Bihar,Patna,Malaria,480,High,87604,19467,98,1797,2826,1471,CARE India,"Women & child nutrition, sanitation & community health"
F49_REC00114,2017,Apr,Bihar,Patna,Dengue,62,High,87604,19467,98,1797,2826,1471,CARE India,"Women & child nutrition, sanitation & community health"
F49_REC00114,2017,Apr,Bihar,Patna,TB,15,High,87604,19467,98,1797,2826,1471,CARE India,"Women & child nutrition, sanitation & community health"
F49_REC00115,2017,Mar,Maharashtra,Mumbai,Malaria,460,Medium,107986,23996,228,1552,1407,683,UNICEF India,"Child nutrition, immunization & maternal health programs"
F49_REC00115,2017,Mar,Maharashtra,Mumbai,Dengue,208,Medium,107986,23996,228,1552,1407,683,UNICEF India,"Child nutrition, immunization & maternal health programs"
F49_REC00115,2017,Mar,Maharashtra,Mumbai,TB,46,Medium,107986,23996,228,1552,1407,683,UNICEF India,"Child nutrition, immunization & maternal health programs"
F49_REC00116,2018,Mar,Bihar,Muzaffarpur,Malaria,437,Medium,286171,63593,337,394,1667,934,WHO India,"Disease surveillance, immunization programs & policy advisory"
F49_REC00116,2018,Mar,Bihar,Muzaffarpur,Dengue,61,Medium,286171,63593,337,394,1667,934,WHO India,"Disease surveillance, immunization programs & policy advisory"
F49_REC00116,2018,Mar,Bihar,Muzaffarpur,TB,109,Medium,286171,63593,337,394,1667,934,WHO India,"Disease surveillance, immunization programs & policy advisory"
F49_REC00117,2018,Mar,Karnataka,Bengaluru,Malaria,251,Low,457498,101666,308,1269,697,1439,Doctors For You,Emergency medical relief & rural health camps
F49_REC00117,2018,Mar,Karnataka,Bengaluru,Dengue,60,Low,457498,101666,308,1269,697,1439,Doctors For You,Emergency medical relief & rural health camps
F49_REC00117,2018,Mar,Karnataka,Bengaluru,TB,41,Low,457498,101666,308,1269,697,1439,Doctors For You,Emergency medical relief & rural health camps
F49_REC00118,2017,Jul,Uttar Pradesh,Varanasi,Malaria,143,High,67563,15014,243,1732,2952,1450,CARE India,"Women & child nutrition, sanitation & community health"
F49_REC00118,2017,Jul,Uttar Pradesh,Varanasi,Dengue,333,High,67563,15014,243,1732,2952,1450,CARE India,"Women & child nutrition, sanitation & community health"
F49_REC00118,2017,Jul,Uttar Pradesh,Varanasi,TB,33,High,67563,15014,243,1732,2952,1450,CARE India,"Women & child nutrition, sanitation & community health"
F49_REC00119,2019,Apr,Maharashtra,Mumbai,Malaria,168,High,228444,50765,106,408,2026,607,NFHS,National health survey & maternal/child health data collection
F49_REC00119,2019,Apr,Maharashtra,Mumbai,Dengue,248,High,228444,50765,106,408,2026,607,NFHS,National health survey & maternal/child health data collection
F49_REC00119,2019,Apr,Maharashtra,Mumbai,TB,49,High,228444,50765,106,408,2026,607,NFHS,National health survey & maternal/child health data collection
F49_REC00120,2017,Feb,Gujarat,Vadodara,Malaria,265,Low,88335,19630,242,1659,2124,1134,WHO India,"Disease surveillance, immunization programs & policy advisory"
F49_REC00120,2017,Feb,Gujarat,Vadodara,Dengue,175,Low,88335,19630,242,1659,2124,1134,WHO India,"Disease surveillance, immunization programs & policy advisory"
F49_REC00120,2017,Feb,Gujarat,Vadodara,TB,78,Low,88335,19630,242,1659,2124,1134,WHO India,"Disease surveillance, immunization programs & policy advisory"
F49_REC00121,2020,Aug,Gujarat,Vadodara,Malaria,196,Low,237706,52823,345,1930,2030,970,HMIS,Health management information systems & data monitoring
F49_REC00121,2020,Aug,Gujarat,Vadodara,Dengue,340,Low,237706,52823,345,1930,2030,970,HMIS,Health management information systems & data monitoring
F49_REC00121,2020,Aug,Gujarat,Vadodara,TB,106,Low,237706,52823,345,1930,2030,970,HMIS,Health management information systems & data monitoring
F49_REC00122,2019,Jan,Bihar,Gaya,Malaria,427,Low,220706,49045,195,836,1595,953,CARE India,"Women & child nutrition, sanitation & community health"
F49_REC00122,2019,Jan,Bihar,Gaya,Dengue,72,Low,220706,49045,195,836,1595,953,CARE India,"Women & child nutrition, sanitation & community health"
F49_REC00122,2019,Jan,Bihar,Gaya,TB,121,Low,220706,49045,195,836,1595,953,CARE India,"Women & child nutrition, sanitation & community health"
F49_REC00123,2017,Jan,Maharashtra,Pune,Malaria,149,High,267092,59353,376,1897,1873,626,UNICEF India,"Child nutrition, immunization & maternal health programs"
F49_REC00123,2017,Jan,Maharashtra,Pune,Dengue,7,High,267092,59353,376,1897,1873,626,UNICEF India,"Child nutrition, immunization & maternal health programs"
F49_REC00123,2017,Jan,Maharashtra,Pune,TB,151,High,267092,59353,376,1897,1873,626,UNICEF India,"Child nutrition, immunization & maternal health programs"
F49_REC00124,2020,Apr,Tamil Nadu,Madurai,Malaria,149,Low,68004,15112,260,1533,1577,806,UNICEF India,"Child nutrition, immunization & maternal health programs"
F49_REC00124,2020,Apr,Tamil Nadu,Madurai,Dengue,92,Low,68004,15112,260,1533,1577,806,UNICEF India,"Child nutrition, immunization & maternal health programs"
F49_REC00124,2020,Apr,Tamil Nadu,Madurai,TB,247,Low,68004,15112,260,1533,1577,806,UNICEF India,"Child nutrition, immunization & maternal health programs"
F49_REC00125,2020,Feb,Maharashtra,Nagpur,Malaria,51,Medium,372074,82683,352,1219,2600,953,Doctors For You,Emergency medical relief & rural health camps
F49_REC00125,2020,Feb,Maharashtra,Nagpur,Dengue,174,Medium,372074,82683,352,1219,2600,953,Doctors For You,Emergency medical relief & rural health camps
F49_REC00125,2020,Feb,Maharashtra,Nagpur,TB,15,Medium,372074,82683,352,1219,2600,953,Doctors For You,Emergency medical relief & rural health camps
F49_REC00126,2018,Jun,Gujarat,Surat,Malaria,353,Low,216126,48028,83,1481,275,1304,Doctors For You,Emergency medical relief & rural health camps
F49_REC00126,2018,Jun,Gujarat,Surat,Dengue,59,Low,216126,48028,83,1481,275,1304,Doctors For You,Emergency medical relief & rural health camps
F49_REC00126,2018,Jun,Gujarat,Surat,TB,193,Low,216126,48028,83,1481,275,1304,Doctors For You,Emergency medical relief & rural health camps
F49_REC00127,2019,Aug,Karnataka,Hubli,Malaria,251,High,182826,40628,186,1692,1997,668,WHO India,"Disease surveillance, immunization programs & policy advisory"
F49_REC00127,2019,Aug,Karnataka,Hubli,Dengue,120,High,182826,40628,186,1692,1997,668,WHO India,"Disease surveillance, immunization programs & policy advisory"
F49_REC00127,2019,Aug,Karnataka,Hubli,TB,39,High,182826,40628,186,1692,1997,668,WHO India,"Disease surveillance, immunization programs & policy advisory"
F49_REC00128,2020,Apr,Karnataka,Bengaluru,Malaria,169,Medium,356902,79311,67,749,977,805,HMIS,Health management information systems & data monitoring
F49_REC00128,2020,Apr,Karnataka,Bengaluru,Dengue,94,Medium,356902,79311,67,749,977,805,HMIS,Health management information systems & data monitoring
F49_REC00128,2020,Apr,Karnataka,Bengaluru,TB,34,Medium,356902,79311,67,749,977,805,HMIS,Health management information systems & data monitoring
F49_REC00129,2018,Mar,Tamil Nadu,Madurai,Malaria,499,Medium,226875,50416,348,1035,1228,272,HMIS,Health management information systems & data monitoring
F49_REC00129,2018,Mar,Tamil Nadu,Madurai,Dengue,165,Medium,226875,50416,348,1035,1228,272,HMIS,Health management information systems & data monitoring
F49_REC00129,2018,Mar,Tamil Nadu,Madurai,TB,234,Medium,226875,50416,348,1035,1228,272,HMIS,Health management information systems & data monitoring
F49_REC00130,2017,Feb,West Bengal,Kolkata,Malaria,330,High,368913,81980,78,773,289,425,Smile Foundation,"Mobile health units, education & livelihood for underserved communities"
F49_REC00130,2017,Feb,West Bengal,Kolkata,Dengue,91,High,368913,81980,78,773,289,425,Smile Foundation,"Mobile health units, education & livelihood for underserved communities"
F49_REC00130,2017,Feb,West Bengal,Kolkata,TB,180,High,368913,81980,78,773,289,425,Smile Foundation,"Mobile health units, education & livelihood for underserved communities"
F49_REC00131,2018,Mar,Gujarat,Vadodara,Malaria,355,Low,460933,102429,364,1430,652,1434,HMIS,Health management information systems & data monitoring
F49_REC00131,2018,Mar,Gujarat,Vadodara,Dengue,180,Low,460933,102429,364,1430,652,1434,HMIS,Health management information systems & data monitoring
F49_REC00131,2018,Mar,Gujarat,Vadodara,TB,147,Low,460933,102429,364,1430,652,1434,HMIS,Health management information systems & data monitoring
F49_REC00132,2018,Aug,Gujarat,Ahmedabad,Malaria,393,Low,379098,84244,287,1208,2561,1265,CARE India,"Women & child nutrition, sanitation & community health"
F49_REC00132,2018,Aug,Gujarat,Ahmedabad,Dengue,201,Low,379098,84244,287,1208,2561,1265,CARE India,"Women & child nutrition, sanitation & community health"
F49_REC00132,2018,Aug,Gujarat,Ahmedabad,TB,159,Low,379098,84244,287,1208,2561,1265,CARE India,"Women & child nutrition, sanitation & community health"
F49_REC00133,2017,Aug,Uttar Pradesh,Agra,Malaria,266,Low,204016,45336,213,263,1180,935,NHM,National Health Mission — primary healthcare & ASHA worker deployment
F49_REC00133,2017,Aug,Uttar Pradesh,Agra,Dengue,99,Low,204016,45336,213,263,1180,935,NHM,National Health Mission — primary healthcare & ASHA worker deployment
F49_REC00133,2017,Aug,Uttar Pradesh,Agra,TB,180,Low,204016,45336,213,263,1180,935,NHM,National Health Mission — primary healthcare & ASHA worker deployment
F49_REC00134,2020,Jul,Maharashtra,Mumbai,Malaria,269,Low,445515,99003,397,1172,1817,1393,HMIS,Health management information systems & data monitoring
F49_REC00134,2020,Jul,Maharashtra,Mumbai,Dengue,16,Low,445515,99003,397,1172,1817,1393,HMIS,Health management information systems & data monitoring
F49_REC00134,2020,Jul,Maharashtra,Mumbai,TB,177,Low,445515,99003,397,1172,1817,1393,HMIS,Health management information systems & data monitoring
F49_REC00135,2019,Jun,West Bengal,Howrah,Malaria,221,Low,168224,37383,99,1272,747,761,WHO India,"Disease surveillance, immunization programs & policy advisory"
F49_REC00135,2019,Jun,West Bengal,Howrah,Dengue,118,Low,168224,37383,99,1272,747,761,WHO India,"Disease surveillance, immunization programs & policy advisory"
F49_REC00135,2019,Jun,West Bengal,Howrah,TB,236,Low,168224,37383,99,1272,747,761,WHO India,"Disease surveillance, immunization programs & policy advisory"
F49_REC00136,2018,Aug,Maharashtra,Pune,Malaria,102,High,265895,59087,126,1265,2808,875,WHO India,"Disease surveillance, immunization programs & policy advisory"
F49_REC00136,2018,Aug,Maharashtra,Pune,Dengue,108,High,265895,59087,126,1265,2808,875,WHO India,"Disease surveillance, immunization programs & policy advisory"
F49_REC00136,2018,Aug,Maharashtra,Pune,TB,89,High,265895,59087,126,1265,2808,875,WHO India,"Disease surveillance, immunization programs & policy advisory"
F49_REC00137,2019,Mar,Tamil Nadu,Coimbatore,Malaria,203,High,493096,109576,180,883,1135,411,WHO India,"Disease surveillance, immunization programs & policy advisory"
F49_REC00137,2019,Mar,Tamil Nadu,Coimbatore,Dengue,305,High,493096,109576,180,883,1135,411,WHO India,"Disease surveillance, immunization programs & policy advisory"
F49_REC00137,2019,Mar,Tamil Nadu,Coimbatore,TB,61,High,493096,109576,180,883,1135,411,WHO India,"Disease surveillance, immunization programs & policy advisory"
F49_REC00138,2018,May,Tamil Nadu,Coimbatore,Malaria,492,Low,219737,48830,308,1688,838,716,HMIS,Health management information systems & data monitoring
F49_REC00138,2018,May,Tamil Nadu,Coimbatore,Dengue,113,Low,219737,48830,308,1688,838,716,HMIS,Health management information systems & data monitoring
F49_REC00138,2018,May,Tamil Nadu,Coimbatore,TB,195,Low,219737,48830,308,1688,838,716,HMIS,Health management information systems & data monitoring
F49_REC00139,2020,Mar,Gujarat,Surat,Malaria,220,Low,51560,11457,66,343,2350,272,CARE India,"Women & child nutrition, sanitation & community health"
F49_REC00139,2020,Mar,Gujarat,Surat,Dengue,287,Low,51560,11457,66,343,2350,272,CARE India,"Women & child nutrition, sanitation & community health"
F49_REC00139,2020,Mar,Gujarat,Surat,TB,174,Low,51560,11457,66,343,2350,272,CARE India,"Women & child nutrition, sanitation & community health"
F49_REC00140,2018,May,Maharashtra,Mumbai,Malaria,322,Low,124485,27663,131,1054,2071,1181,CARE India,"Women & child nutrition, sanitation & community health"
F49_REC00140,2018,May,Maharashtra,Mumbai,Dengue,76,Low,124485,27663,131,1054,2071,1181,CARE India,"Women & child nutrition, sanitation & community health"
F49_REC00140,2018,May,Maharashtra,Mumbai,TB,205,Low,124485,27663,131,1054,2071,1181,CARE India,"Women & child nutrition, sanitation & community health"
F49_REC00141,2017,Feb,Gujarat,Ahmedabad,Malaria,419,Medium,448490,99664,365,238,1394,582,CARE India,"Women & child nutrition, sanitation & community health"
F49_REC00141,2017,Feb,Gujarat,Ahmedabad,Dengue,308,Medium,448490,99664,365,238,1394,582,CARE India,"Women & child nutrition, sanitation & community health"
F49_REC00141,2017,Feb,Gujarat,Ahmedabad,TB,219,Medium,448490,99664,365,238,1394,582,CARE India,"Women & child nutrition, sanitation & community health"
F49_REC00142,2020,Jun,Gujarat,Ahmedabad,Malaria,402,Low,457232,101607,356,389,1817,508,NFHS,National health survey & maternal/child health data collection
F49_REC00142,2020,Jun,Gujarat,Ahmedabad,Dengue,265,Low,457232,101607,356,389,1817,508,NFHS,National health survey & maternal/child health data collection
F49_REC00142,2020,Jun,Gujarat,Ahmedabad,TB,291,Low,457232,101607,356,389,1817,508,NFHS,National health survey & maternal/child health data collection
F49_REC00143,2019,Jan,Gujarat,Surat,Malaria,400,Medium,390643,86809,40,1386,1209,1121,Smile Foundation,"Mobile health units, education & livelihood for underserved communities"
F49_REC00143,2019,Jan,Gujarat,Surat,Dengue,388,Medium,390643,86809,40,1386,1209,1121,Smile Foundation,"Mobile health units, education & livelihood for underserved communities"
F49_REC00143,2019,Jan,Gujarat,Surat,TB,232,Medium,390643,86809,40,1386,1209,1121,Smile Foundation,"Mobile health units, education & livelihood for underserved communities"
F49_REC00144,2017,Apr,Bihar,Patna,Malaria,407,Low,349447,77654,66,1808,2594,1040,Doctors For You,Emergency medical relief & rural health camps
F49_REC00144,2017,Apr,Bihar,Patna,Dengue,183,Low,349447,77654,66,1808,2594,1040,Doctors For You,Emergency medical relief & rural health camps
F49_REC00144,2017,Apr,Bihar,Patna,TB,13,Low,349447,77654,66,1808,2594,1040,Doctors For You,Emergency medical relief & rural health camps
F49_REC00145,2018,Jan,West Bengal,Siliguri,Malaria,1,Medium,134075,29794,157,787,1826,1402,WHO India,"Disease surveillance, immunization programs & policy advisory"
F49_REC00145,2018,Jan,West Bengal,Siliguri,Dengue,181,Medium,134075,29794,157,787,1826,1402,WHO India,"Disease surveillance, immunization programs & policy advisory"
F49_REC00145,2018,Jan,West Bengal,Siliguri,TB,198,Medium,134075,29794,157,787,1826,1402,WHO India,"Disease surveillance, immunization programs & policy advisory"
F49_REC00146,2019,Feb,West Bengal,Kolkata,Malaria,494,High,388068,86237,40,1572,2797,1061,CARE India,"Women & child nutrition, sanitation & community health"
F49_REC00146,2019,Feb,West Bengal,Kolkata,Dengue,152,High,388068,86237,40,1572,2797,1061,CARE India,"Women & child nutrition, sanitation & community health"
F49_REC00146,2019,Feb,West Bengal,Kolkata,TB,122,High,388068,86237,40,1572,2797,1061,CARE India,"Women & child nutrition, sanitation & community health"
F49_REC00147,2019,Jul,Karnataka,Bengaluru,Malaria,55,High,119829,26628,149,1046,2470,392,NHM,National Health Mission — primary healthcare & ASHA worker deployment
F49_REC00147,2019,Jul,Karnataka,Bengaluru,Dengue,142,High,119829,26628,149,1046,2470,392,NHM,National Health Mission — primary healthcare & ASHA worker deployment
F49_REC00147,2019,Jul,Karnataka,Bengaluru,TB,22,High,119829,26628,149,1046,2470,392,NHM,National Health Mission — primary healthcare & ASHA worker deployment
F49_REC00148,2017,Jan,Karnataka,Mysuru,Malaria,294,High,436149,96922,358,1679,2692,366,NHM,National Health Mission — primary healthcare & ASHA worker deployment
F49_REC00148,2017,Jan,Karnataka,Mysuru,Dengue,378,High,436149,96922,358,1679,2692,366,NHM,National Health Mission — primary healthcare & ASHA worker deployment
F49_REC00148,2017,Jan,Karnataka,Mysuru,TB,51,High,436149,96922,358,1679,2692,366,NHM,National Health Mission — primary healthcare & ASHA worker deployment
F49_REC00149,2019,May,Uttar Pradesh,Agra,Malaria,68,Low,99783,22174,35,1614,1102,1265,UNICEF India,"Child nutrition, immunization & maternal health programs"
F49_REC00149,2019,May,Uttar Pradesh,Agra,Dengue,148,Low,99783,22174,35,1614,1102,1265,UNICEF India,"Child nutrition, immunization & maternal health programs"
F49_REC00149,2019,May,Uttar Pradesh,Agra,TB,84,Low,99783,22174,35,1614,1102,1265,UNICEF India,"Child nutrition, immunization & maternal health programs"
F49_REC00150,2020,Aug,Bihar,Patna,Malaria,18,Medium,313188,69597,341,275,1100,781,CARE India,"Women & child nutrition, sanitation & community health"
F49_REC00150,2020,Aug,Bihar,Patna,Dengue,160,Medium,313188,69597,341,275,1100,781,CARE India,"Women & child nutrition, sanitation & community health"
F49_REC00150,2020,Aug,Bihar,Patna,TB,263,Medium,313188,69597,341,275,1100,781,CARE India,"Women & child nutrition, sanitation & community health"
F49_REC00151,2019,Sep,West Bengal,Kolkata,Malaria,57,Medium,233747,51943,368,571,2914,1061,UNICEF India,"Child nutrition, immunization & maternal health programs"
F49_REC00151,2019,Sep,West Bengal,Kolkata,Dengue,118,Medium,233747,51943,368,571,2914,1061,UNICEF India,"Child nutrition, immunization & maternal health programs"
F49_REC00151,2019,Sep,West Bengal,Kolkata,TB,15,Medium,233747,51943,368,571,2914,1061,UNICEF India,"Child nutrition, immunization & maternal health programs"
F49_REC00152,2020,Apr,West Bengal,Siliguri,Malaria,289,Low,66470,14771,259,1693,1305,1172,WHO India,"Disease surveillance, immunization programs & policy advisory"
F49_REC00152,2020,Apr,West Bengal,Siliguri,Dengue,274,Low,66470,14771,259,1693,1305,1172,WHO India,"Disease surveillance, immunization programs & policy advisory"
F49_REC00152,2020,Apr,West Bengal,Siliguri,TB,97,Low,66470,14771,259,1693,1305,1172,WHO India,"Disease surveillance, immunization programs & policy advisory"
F49_REC00153,2019,Feb,Uttar Pradesh,Lucknow,Malaria,416,Medium,137152,30478,292,1624,1539,719,NFHS,National health survey & maternal/child health data collection
F49_REC00153,2019,Feb,Uttar Pradesh,Lucknow,Dengue,252,Medium,137152,30478,292,1624,1539,719,NFHS,National health survey & maternal/child health data collection
F49_REC00153,2019,Feb,Uttar Pradesh,Lucknow,TB,244,Medium,137152,30478,292,1624,1539,719,NFHS,National health survey & maternal/child health data collection
F49_REC00154,2020,May,West Bengal,Siliguri,Malaria,315,Medium,244101,54244,282,1012,2137,1488,HMIS,Health management information systems & data monitoring
F49_REC00154,2020,May,West Bengal,Siliguri,Dengue,333,Medium,244101,54244,282,1012,2137,1488,HMIS,Health management information systems & data monitoring
F49_REC00154,2020,May,West Bengal,Siliguri,TB,79,Medium,244101,54244,282,1012,2137,1488,HMIS,Health management information systems & data monitoring
F49_REC00155,2019,Jan,Uttar Pradesh,Varanasi,Malaria,472,Medium,158987,35330,356,1426,1090,818,Smile Foundation,"Mobile health units, education & livelihood for underserved communities"
F49_REC00155,2019,Jan,Uttar Pradesh,Varanasi,Dengue,206,Medium,158987,35330,356,1426,1090,818,Smile Foundation,"Mobile health units, education & livelihood for underserved communities"
F49_REC00155,2019,Jan,Uttar Pradesh,Varanasi,TB,120,Medium,158987,35330,356,1426,1090,818,Smile Foundation,"Mobile health units, education & livelihood for underserved communities"
F49_REC00156,2020,Feb,Uttar Pradesh,Agra,Malaria,189,High,98686,21930,95,1386,2850,1026,NHM,National Health Mission — primary healthcare & ASHA worker deployment
F49_REC00156,2020,Feb,Uttar Pradesh,Agra,Dengue,398,High,98686,21930,95,1386,2850,1026,NHM,National Health Mission — primary healthcare & ASHA worker deployment
F49_REC00156,2020,Feb,Uttar Pradesh,Agra,TB,283,High,98686,21930,95,1386,2850,1026,NHM,National Health Mission — primary healthcare & ASHA worker deployment
F49_REC00157,2018,Jun,Maharashtra,Nagpur,Malaria,71,Medium,290457,64546,131,462,2066,810,Doctors For You,Emergency medical relief & rural health camps
F49_REC00157,2018,Jun,Maharashtra,Nagpur,Dengue,305,Medium,290457,64546,131,462,2066,810,Doctors For You,Emergency medical relief & rural health camps
F49_REC00157,2018,Jun,Maharashtra,Nagpur,TB,69,Medium,290457,64546,131,462,2066,810,Doctors For You,Emergency medical relief & rural health camps
F49_REC00158,2017,Mar,Tamil Nadu,Coimbatore,Malaria,317,High,160983,35774,207,1617,2232,339,WHO India,"Disease surveillance, immunization programs & policy advisory"
F49_REC00158,2017,Mar,Tamil Nadu,Coimbatore,Dengue,351,High,160983,35774,207,1617,2232,339,WHO India,"Disease surveillance, immunization programs & policy advisory"
F49_REC00158,2017,Mar,Tamil Nadu,Coimbatore,TB,22,High,160983,35774,207,1617,2232,339,WHO India,"Disease surveillance, immunization programs & policy advisory"
F49_REC00159,2020,Apr,Bihar,Gaya,Malaria,183,High,439093,97576,233,176,2194,367,HMIS,Health management information systems & data monitoring
F49_REC00159,2020,Apr,Bihar,Gaya,Dengue,142,High,439093,97576,233,176,2194,367,HMIS,Health management information systems & data monitoring
F49_REC00159,2020,Apr,Bihar,Gaya,TB,158,High,439093,97576,233,176,2194,367,HMIS,Health management information systems & data monitoring
F49_REC00160,2019,Feb,Gujarat,Ahmedabad,Malaria,359,High,311898,69310,257,568,2396,835,Doctors For You,Emergency medical relief & rural health camps
F49_REC00160,2019,Feb,Gujarat,Ahmedabad,Dengue,334,High,311898,69310,257,568,2396,835,Doctors For You,Emergency medical relief & rural health camps
F49_REC00160,2019,Feb,Gujarat,Ahmedabad,TB,142,High,311898,69310,257,568,2396,835,Doctors For You,Emergency medical relief & rural health camps
F49_REC00161,2018,Jul,Tamil Nadu,Chennai,Malaria,403,Low,342882,76196,115,926,701,991,CARE India,"Women & child nutrition, sanitation & community health"
F49_REC00161,2018,Jul,Tamil Nadu,Chennai,Dengue,107,Low,342882,76196,115,926,701,991,CARE India,"Women & child nutrition, sanitation & community health"
F49_REC00161,2018,Jul,Tamil Nadu,Chennai,TB,243,Low,342882,76196,115,926,701,991,CARE India,"Women & child nutrition, sanitation & community health"
F49_REC00162,2017,Apr,West Bengal,Siliguri,Malaria,432,Low,389869,86637,93,1844,200,95,NHM,National Health Mission — primary healthcare & ASHA worker deployment
F49_REC00162,2017,Apr,West Bengal,Siliguri,Dengue,245,Low,389869,86637,93,1844,200,95,NHM,National Health Mission — primary healthcare & ASHA worker deployment
F49_REC00162,2017,Apr,West Bengal,Siliguri,TB,22,Low,389869,86637,93,1844,200,95,NHM,National Health Mission — primary healthcare & ASHA worker deployment
F49_REC00163,2018,Jan,Uttar Pradesh,Lucknow,Malaria,205,Medium,67645,15032,50,1719,1637,269,CARE India,"Women & child nutrition, sanitation & community health"
F49_REC00163,2018,Jan,Uttar Pradesh,Lucknow,Dengue,337,Medium,67645,15032,50,1719,1637,269,CARE India,"Women & child nutrition, sanitation & community health"
F49_REC00163,2018,Jan,Uttar Pradesh,Lucknow,TB,44,Medium,67645,15032,50,1719,1637,269,CARE India,"Women & child nutrition, sanitation & community health"
F49_REC00164,2017,Jul,Maharashtra,Nagpur,Malaria,203,High,191277,42506,259,465,2289,1178,Doctors For You,Emergency medical relief & rural health camps
F49_REC00164,2017,Jul,Maharashtra,Nagpur,Dengue,247,High,191277,42506,259,465,2289,1178,Doctors For You,Emergency medical relief & rural health camps
F49_REC00164,2017,Jul,Maharashtra,Nagpur,TB,207,High,191277,42506,259,465,2289,1178,Doctors For You,Emergency medical relief & rural health camps
F49_REC00165,2017,Jan,Maharashtra,Nagpur,Malaria,287,Medium,69971,15549,279,1705,2181,1155,UNICEF India,"Child nutrition, immunization & maternal health programs"
F49_REC00165,2017,Jan,Maharashtra,Nagpur,Dengue,238,Medium,69971,15549,279,1705,2181,1155,UNICEF India,"Child nutrition, immunization & maternal health programs"
F49_REC00165,2017,Jan,Maharashtra,Nagpur,TB,79,Medium,69971,15549,279,1705,2181,1155,UNICEF India,"Child nutrition, immunization & maternal health programs"
F49_REC00166,2019,Aug,Uttar Pradesh,Varanasi,Malaria,403,Low,455987,101330,223,1491,1432,844,WHO India,"Disease surveillance, immunization programs & policy advisory"
F49_REC00166,2019,Aug,Uttar Pradesh,Varanasi,Dengue,42,Low,455987,101330,223,1491,1432,844,WHO India,"Disease surveillance, immunization programs & policy advisory"
F49_REC00166,2019,Aug,Uttar Pradesh,Varanasi,TB,232,Low,455987,101330,223,1491,1432,844,WHO India,"Disease surveillance, immunization programs & policy advisory"
F49_REC00167,2019,Sep,Bihar,Muzaffarpur,Malaria,68,Low,57111,12691,122,1825,2585,980,NHM,National Health Mission — primary healthcare & ASHA worker deployment
F49_REC00167,2019,Sep,Bihar,Muzaffarpur,Dengue,256,Low,57111,12691,122,1825,2585,980,NHM,National Health Mission — primary healthcare & ASHA worker deployment
F49_REC00167,2019,Sep,Bihar,Muzaffarpur,TB,288,Low,57111,12691,122,1825,2585,980,NHM,National Health Mission — primary healthcare & ASHA worker deployment
F49_REC00168,2019,Aug,West Bengal,Kolkata,Malaria,130,Medium,209874,46638,278,1396,2565,216,NFHS,National health survey & maternal/child health data collection
F49_REC00168,2019,Aug,West Bengal,Kolkata,Dengue,15,Medium,209874,46638,278,1396,2565,216,NFHS,National health survey & maternal/child health data collection
F49_REC00168,2019,Aug,West Bengal,Kolkata,TB,169,Medium,209874,46638,278,1396,2565,216,NFHS,National health survey & maternal/child health data collection
F49_REC00169,2019,May,West Bengal,Siliguri,Malaria,403,High,362602,80578,386,155,2518,358,WHO India,"Disease surveillance, immunization programs & policy advisory"
F49_REC00169,2019,May,West Bengal,Siliguri,Dengue,327,High,362602,80578,386,155,2518,358,WHO India,"Disease surveillance, immunization programs & policy advisory"
F49_REC00169,2019,May,West Bengal,Siliguri,TB,209,High,362602,80578,386,155,2518,358,WHO India,"Disease surveillance, immunization programs & policy advisory"
F49_REC00170,2018,May,Gujarat,Ahmedabad,Malaria,189,Medium,196455,43656,63,444,1506,1371,UNICEF India,"Child nutrition, immunization & maternal health programs"
F49_REC00170,2018,May,Gujarat,Ahmedabad,Dengue,375,Medium,196455,43656,63,444,1506,1371,UNICEF India,"Child nutrition, immunization & maternal health programs"
F49_REC00170,2018,May,Gujarat,Ahmedabad,TB,271,Medium,196455,43656,63,444,1506,1371,UNICEF India,"Child nutrition, immunization & maternal health programs"
F49_REC00171,2018,Jun,Karnataka,Mysuru,Malaria,0,Low,414200,92044,137,1253,2797,413,NFHS,National health survey & maternal/child health data collection
F49_REC00171,2018,Jun,Karnataka,Mysuru,Dengue,5,Low,414200,92044,137,1253,2797,413,NFHS,National health survey & maternal/child health data collection
F49_REC00171,2018,Jun,Karnataka,Mysuru,TB,203,Low,414200,92044,137,1253,2797,413,NFHS,National health survey & maternal/child health data collection
F49_REC00172,2020,May,Karnataka,Mysuru,Malaria,184,High,100833,22407,125,1031,2252,1201,CARE India,"Women & child nutrition, sanitation & community health"
F49_REC00172,2020,May,Karnataka,Mysuru,Dengue,35,High,100833,22407,125,1031,2252,1201,CARE India,"Women & child nutrition, sanitation & community health"
F49_REC00172,2020,May,Karnataka,Mysuru,TB,230,High,100833,22407,125,1031,2252,1201,CARE India,"Women & child nutrition, sanitation & community health"
F49_REC00173,2019,Feb,Gujarat,Surat,Malaria,210,Low,225685,50152,182,113,423,1034,UNICEF India,"Child nutrition, immunization & maternal health programs"
F49_REC00173,2019,Feb,Gujarat,Surat,Dengue,10,Low,225685,50152,182,113,423,1034,UNICEF India,"Child nutrition, immunization & maternal health programs"
F49_REC00173,2019,Feb,Gujarat,Surat,TB,280,Low,225685,50152,182,113,423,1034,UNICEF India,"Child nutrition, immunization & maternal health programs"
F49_REC00174,2020,Jun,Gujarat,Vadodara,Malaria,48,Low,444845,98854,117,471,527,514,Doctors For You,Emergency medical relief & rural health camps
F49_REC00174,2020,Jun,Gujarat,Vadodara,Dengue,275,Low,444845,98854,117,471,527,514,Doctors For You,Emergency medical relief & rural health camps
F49_REC00174,2020,Jun,Gujarat,Vadodara,TB,39,Low,444845,98854,117,471,527,514,Doctors For You,Emergency medical relief & rural health camps
F49_REC00175,2018,Aug,Karnataka,Bengaluru,Malaria,58,Medium,103673,23038,122,604,2726,304,UNICEF India,"Child nutrition, immunization & maternal health programs"
F49_REC00175,2018,Aug,Karnataka,Bengaluru,Dengue,152,Medium,103673,23038,122,604,2726,304,UNICEF India,"Child nutrition, immunization & maternal health programs"
F49_REC00175,2018,Aug,Karnataka,Bengaluru,TB,86,Medium,103673,23038,122,604,2726,304,UNICEF India,"Child nutrition, immunization & maternal health programs"
F49_REC00176,2020,Aug,Gujarat,Vadodara,Malaria,407,Medium,313813,69736,213,1212,1015,819,Doctors For You,Emergency medical relief & rural health camps
F49_REC00176,2020,Aug,Gujarat,Vadodara,Dengue,127,Medium,313813,69736,213,1212,1015,819,Doctors For You,Emergency medical relief & rural health camps
F49_REC00176,2020,Aug,Gujarat,Vadodara,TB,190,Medium,313813,69736,213,1212,1015,819,Doctors For You,Emergency medical relief & rural health camps
F49_REC00177,2020,May,Karnataka,Bengaluru,Malaria,64,High,460734,102385,77,1322,2844,1197,UNICEF India,"Child nutrition, immunization & maternal health programs"
F49_REC00177,2020,May,Karnataka,Bengaluru,Dengue,383,High,460734,102385,77,1322,2844,1197,UNICEF India,"Child nutrition, immunization & maternal health programs"
F49_REC00177,2020,May,Karnataka,Bengaluru,TB,40,High,460734,102385,77,1322,2844,1197,UNICEF India,"Child nutrition, immunization & maternal health programs"
F49_REC00178,2020,Feb,Karnataka,Hubli,Malaria,474,Medium,482136,107141,39,858,614,1366,UNICEF India,"Child nutrition, immunization & maternal health programs"
F49_REC00178,2020,Feb,Karnataka,Hubli,Dengue,155,Medium,482136,107141,39,858,614,1366,UNICEF India,"Child nutrition, immunization & maternal health programs"
F49_REC00178,2020,Feb,Karnataka,Hubli,TB,221,Medium,482136,107141,39,858,614,1366,UNICEF India,"Child nutrition, immunization & maternal health programs"
F49_REC00179,2017,Aug,Bihar,Patna,Malaria,460,Low,76513,17002,60,738,1805,160,CARE India,"Women & child nutrition, sanitation & community health"
F49_REC00179,2017,Aug,Bihar,Patna,Dengue,395,Low,76513,17002,60,738,1805,160,CARE India,"Women & child nutrition, sanitation & community health"
F49_REC00179,2017,Aug,Bihar,Patna,TB,72,Low,76513,17002,60,738,1805,160,CARE India,"Women & child nutrition, sanitation & community health"
F49_REC00180,2017,Jan,Uttar Pradesh,Varanasi,Malaria,223,Medium,443767,98614,175,1567,2080,1207,WHO India,"Disease surveillance, immunization programs & policy advisory"
F49_REC00180,2017,Jan,Uttar Pradesh,Varanasi,Dengue,345,Medium,443767,98614,175,1567,2080,1207,WHO India,"Disease surveillance, immunization programs & policy advisory"
F49_REC00180,2017,Jan,Uttar Pradesh,Varanasi,TB,76,Medium,443767,98614,175,1567,2080,1207,WHO India,"Disease surveillance, immunization programs & policy advisory"
F49_REC00181,2018,Jul,West Bengal,Howrah,Malaria,4,High,281594,62576,185,1636,1962,149,NHM,National Health Mission — primary healthcare & ASHA worker deployment
F49_REC00181,2018,Jul,West Bengal,Howrah,Dengue,183,High,281594,62576,185,1636,1962,149,NHM,National Health Mission — primary healthcare & ASHA worker deployment
F49_REC00181,2018,Jul,West Bengal,Howrah,TB,68,High,281594,62576,185,1636,1962,149,NHM,National Health Mission — primary healthcare & ASHA worker deployment
F49_REC00182,2019,Jan,Uttar Pradesh,Varanasi,Malaria,187,Low,117459,26102,116,820,608,604,UNICEF India,"Child nutrition, immunization & maternal health programs"
F49_REC00182,2019,Jan,Uttar Pradesh,Varanasi,Dengue,118,Low,117459,26102,116,820,608,604,UNICEF India,"Child nutrition, immunization & maternal health programs"
F49_REC00182,2019,Jan,Uttar Pradesh,Varanasi,TB,42,Low,117459,26102,116,820,608,604,UNICEF India,"Child nutrition, immunization & maternal health programs"
F49_REC00183,2018,Mar,Gujarat,Ahmedabad,Malaria,45,Low,364779,81062,80,1834,213,623,UNICEF India,"Child nutrition, immunization & maternal health programs"
F49_REC00183,2018,Mar,Gujarat,Ahmedabad,Dengue,361,Low,364779,81062,80,1834,213,623,UNICEF India,"Child nutrition, immunization & maternal health programs"
F49_REC00183,2018,Mar,Gujarat,Ahmedabad,TB,6,Low,364779,81062,80,1834,213,623,UNICEF India,"Child nutrition, immunization & maternal health programs"
F49_REC00184,2017,Jul,Gujarat,Ahmedabad,Malaria,6,High,181019,40226,138,564,1774,1346,NFHS,National health survey & maternal/child health data collection
F49_REC00184,2017,Jul,Gujarat,Ahmedabad,Dengue,63,High,181019,40226,138,564,1774,1346,NFHS,National health survey & maternal/child health data collection
F49_REC00184,2017,Jul,Gujarat,Ahmedabad,TB,91,High,181019,40226,138,564,1774,1346,NFHS,National health survey & maternal/child health data collection
F49_REC00185,2017,Aug,West Bengal,Siliguri,Malaria,269,High,337233,74940,235,457,1230,1158,CARE India,"Women & child nutrition, sanitation & community health"
F49_REC00185,2017,Aug,West Bengal,Siliguri,Dengue,186,High,337233,74940,235,457,1230,1158,CARE India,"Women & child nutrition, sanitation & community health"
F49_REC00185,2017,Aug,West Bengal,Siliguri,TB,184,High,337233,74940,235,457,1230,1158,CARE India,"Women & child nutrition, sanitation & community health"
F49_REC00186,2020,Sep,West Bengal,Howrah,Malaria,328,Medium,247019,54893,192,1161,1597,345,Doctors For You,Emergency medical relief & rural health camps
F49_REC00186,2020,Sep,West Bengal,Howrah,Dengue,281,Medium,247019,54893,192,1161,1597,345,Doctors For You,Emergency medical relief & rural health camps
F49_REC00186,2020,Sep,West Bengal,Howrah,TB,201,Medium,247019,54893,192,1161,1597,345,Doctors For You,Emergency medical relief & rural health camps
F49_REC00187,2020,Mar,Karnataka,Hubli,Malaria,173,Low,185226,41161,215,1315,2037,860,Doctors For You,Emergency medical relief & rural health camps
F49_REC00187,2020,Mar,Karnataka,Hubli,Dengue,215,Low,185226,41161,215,1315,2037,860,Doctors For You,Emergency medical relief & rural health camps
F49_REC00187,2020,Mar,Karnataka,Hubli,TB,178,Low,185226,41161,215,1315,2037,860,Doctors For You,Emergency medical relief & rural health camps
F49_REC00188,2020,Aug,Tamil Nadu,Coimbatore,Malaria,216,High,355153,78922,175,1997,2881,950,WHO India,"Disease surveillance, immunization programs & policy advisory"
F49_REC00188,2020,Aug,Tamil Nadu,Coimbatore,Dengue,229,High,355153,78922,175,1997,2881,950,WHO India,"Disease surveillance, immunization programs & policy advisory"
F49_REC00188,2020,Aug,Tamil Nadu,Coimbatore,TB,96,High,355153,78922,175,1997,2881,950,WHO India,"Disease surveillance, immunization programs & policy advisory"
F49_REC00189,2017,Aug,West Bengal,Howrah,Malaria,248,High,286412,63647,264,1997,2413,878,NFHS,National health survey & maternal/child health data collection
F49_REC00189,2017,Aug,West Bengal,Howrah,Dengue,137,High,286412,63647,264,1997,2413,878,NFHS,National health survey & maternal/child health data collection
F49_REC00189,2017,Aug,West Bengal,Howrah,TB,165,High,286412,63647,264,1997,2413,878,NFHS,National health survey & maternal/child health data collection
F49_REC00190,2020,Mar,Tamil Nadu,Madurai,Malaria,111,High,171224,38049,93,954,2791,732,CARE India,"Women & child nutrition, sanitation & community health"
F49_REC00190,2020,Mar,Tamil Nadu,Madurai,Dengue,134,High,171224,38049,93,954,2791,732,CARE India,"Women & child nutrition, sanitation & community health"
F49_REC00190,2020,Mar,Tamil Nadu,Madurai,TB,221,High,171224,38049,93,954,2791,732,CARE India,"Women & child nutrition, sanitation & community health"
F49_REC00191,2018,May,Gujarat,Surat,Malaria,110,High,363469,80770,353,745,275,576,CARE India,"Women & child nutrition, sanitation & community health"
F49_REC00191,2018,May,Gujarat,Surat,Dengue,39,High,363469,80770,353,745,275,576,CARE India,"Women & child nutrition, sanitation & community health"
F49_REC00191,2018,May,Gujarat,Surat,TB,119,High,363469,80770,353,745,275,576,CARE India,"Women & child nutrition, sanitation & community health"
F49_REC00192,2019,Jul,Karnataka,Mysuru,Malaria,74,High,58875,13083,380,448,2186,157,NHM,National Health Mission — primary healthcare & ASHA worker deployment
F49_REC00192,2019,Jul,Karnataka,Mysuru,Dengue,43,High,58875,13083,380,448,2186,157,NHM,National Health Mission — primary healthcare & ASHA worker deployment
F49_REC00192,2019,Jul,Karnataka,Mysuru,TB,16,High,58875,13083,380,448,2186,157,NHM,National Health Mission — primary healthcare & ASHA worker deployment
F49_REC00193,2020,Apr,Uttar Pradesh,Lucknow,Malaria,397,Medium,340343,75631,180,899,701,710,HMIS,Health management information systems & data monitoring
F49_REC00193,2020,Apr,Uttar Pradesh,Lucknow,Dengue,182,Medium,340343,75631,180,899,701,710,HMIS,Health management information systems & data monitoring
F49_REC00193,2020,Apr,Uttar Pradesh,Lucknow,TB,249,Medium,340343,75631,180,899,701,710,HMIS,Health management information systems & data monitoring
F49_REC00194,2019,Feb,Tamil Nadu,Chennai,Malaria,338,High,96822,21516,191,467,2788,1296,Smile Foundation,"Mobile health units, education & livelihood for underserved communities"
F49_REC00194,2019,Feb,Tamil Nadu,Chennai,Dengue,89,High,96822,21516,191,467,2788,1296,Smile Foundation,"Mobile health units, education & livelihood for underserved communities"
F49_REC00194,2019,Feb,Tamil Nadu,Chennai,TB,116,High,96822,21516,191,467,2788,1296,Smile Foundation,"Mobile health units, education & livelihood for underserved communities"
F49_REC00195,2017,Aug,Tamil Nadu,Coimbatore,Malaria,294,Medium,477005,106001,272,518,574,1479,Smile Foundation,"Mobile health units, education & livelihood for underserved communities"
F49_REC00195,2017,Aug,Tamil Nadu,Coimbatore,Dengue,382,Medium,477005,106001,272,518,574,1479,Smile Foundation,"Mobile health units, education & livelihood for underserved communities"
F49_REC00195,2017,Aug,Tamil Nadu,Coimbatore,TB,45,Medium,477005,106001,272,518,574,1479,Smile Foundation,"Mobile health units, education & livelihood for underserved communities"
F49_REC00196,2019,Jun,Tamil Nadu,Madurai,Malaria,383,Low,395335,87852,228,343,1456,1325,NFHS,National health survey & maternal/child health data collection
F49_REC00196,2019,Jun,Tamil Nadu,Madurai,Dengue,273,Low,395335,87852,228,343,1456,1325,NFHS,National health survey & maternal/child health data collection
F49_REC00196,2019,Jun,Tamil Nadu,Madurai,TB,204,Low,395335,87852,228,343,1456,1325,NFHS,National health survey & maternal/child health data collection
F49_REC00197,2017,Feb,West Bengal,Kolkata,Malaria,55,Medium,112638,25030,208,1069,601,249,NFHS,National health survey & maternal/child health data collection
F49_REC00197,2017,Feb,West Bengal,Kolkata,Dengue,322,Medium,112638,25030,208,1069,601,249,NFHS,National health survey & maternal/child health data collection
F49_REC00197,2017,Feb,West Bengal,Kolkata,TB,146,Medium,112638,25030,208,1069,601,249,NFHS,National health survey & maternal/child health data collection
F49_REC00198,2019,Mar,Karnataka,Mysuru,Malaria,74,High,141207,31379,273,826,2027,946,CARE India,"Women & child nutrition, sanitation & community health"
F49_REC00198,2019,Mar,Karnataka,Mysuru,Dengue,214,High,141207,31379,273,826,2027,946,CARE India,"Women & child nutrition, sanitation & community health"
F49_REC00198,2019,Mar,Karnataka,Mysuru,TB,96,High,141207,31379,273,826,2027,946,CARE India,"Women & child nutrition, sanitation & community health"
F49_REC00199,2020,Aug,Maharashtra,Mumbai,Malaria,140,Medium,413857,91968,273,1303,1438,1212,CARE India,"Women & child nutrition, sanitation & community health"
F49_REC00199,2020,Aug,Maharashtra,Mumbai,Dengue,156,Medium,413857,91968,273,1303,1438,1212,CARE India,"Women & child nutrition, sanitation & community health"
F49_REC00199,2020,Aug,Maharashtra,Mumbai,TB,43,Medium,413857,91968,273,1303,1438,1212,CARE India,"Women & child nutrition, sanitation & community health"
F50_REC00000,2021,Jun,Karnataka,Hubli,Malaria,235,High,415022,92227,206,530,1729,716,NHM,National Health Mission — primary healthcare & ASHA worker deployment
F50_REC00000,2021,Jun,Karnataka,Hubli,Dengue,291,High,415022,92227,206,530,1729,716,NHM,National Health Mission — primary healthcare & ASHA worker deployment
F50_REC00000,2021,Jun,Karnataka,Hubli,TB,64,High,415022,92227,206,530,1729,716,NHM,National Health Mission — primary healthcare & ASHA worker deployment
F50_REC00001,2023,Jan,Uttar Pradesh,Varanasi,Malaria,47,Low,393691,87486,217,1344,1063,161,Smile Foundation,"Mobile health units, education & livelihood for underserved communities"
F50_REC00001,2023,Jan,Uttar Pradesh,Varanasi,Dengue,148,Low,393691,87486,217,1344,1063,161,Smile Foundation,"Mobile health units, education & livelihood for underserved communities"
F50_REC00001,2023,Jan,Uttar Pradesh,Varanasi,TB,295,Low,393691,87486,217,1344,1063,161,Smile Foundation,"Mobile health units, education & livelihood for underserved communities"
F50_REC00002,2020,Aug,Bihar,Patna,Malaria,243,High,379183,84262,216,1210,721,1136,CARE India,"Women & child nutrition, sanitation & community health"
F50_REC00002,2020,Aug,Bihar,Patna,Dengue,399,High,379183,84262,216,1210,721,1136,CARE India,"Women & child nutrition, sanitation & community health"
F50_REC00002,2020,Aug,Bihar,Patna,TB,36,High,379183,84262,216,1210,721,1136,CARE India,"Women & child nutrition, sanitation & community health"
F50_REC00003,2021,May,Uttar Pradesh,Varanasi,Malaria,395,Low,91110,20246,317,749,513,146,Doctors For You,Emergency medical relief & rural health camps
F50_REC00003,2021,May,Uttar Pradesh,Varanasi,Dengue,358,Low,91110,20246,317,749,513,146,Doctors For You,Emergency medical relief & rural health camps
F50_REC00003,2021,May,Uttar Pradesh,Varanasi,TB,137,Low,91110,20246,317,749,513,146,Doctors For You,Emergency medical relief & rural health camps
F50_REC00004,2023,May,Bihar,Muzaffarpur,Malaria,229,Medium,247108,54912,239,1206,945,472,UNICEF India,"Child nutrition, immunization & maternal health programs"
F50_REC00004,2023,May,Bihar,Muzaffarpur,Dengue,240,Medium,247108,54912,239,1206,945,472,UNICEF India,"Child nutrition, immunization & maternal health programs"
F50_REC00004,2023,May,Bihar,Muzaffarpur,TB,21,Medium,247108,54912,239,1206,945,472,UNICEF India,"Child nutrition, immunization & maternal health programs"
F50_REC00005,2023,Jul,Tamil Nadu,Madurai,Malaria,76,Medium,305727,67939,396,509,1621,399,NFHS,National health survey & maternal/child health data collection
F50_REC00005,2023,Jul,Tamil Nadu,Madurai,Dengue,344,Medium,305727,67939,396,509,1621,399,NFHS,National health survey & maternal/child health data collection
F50_REC00005,2023,Jul,Tamil Nadu,Madurai,TB,83,Medium,305727,67939,396,509,1621,399,NFHS,National health survey & maternal/child health data collection
F50_REC00006,2021,Aug,Maharashtra,Mumbai,Malaria,385,Low,75691,16820,262,1901,2606,526,HMIS,Health management information systems & data monitoring
F50_REC00006,2021,Aug,Maharashtra,Mumbai,Dengue,25,Low,75691,16820,262,1901,2606,526,HMIS,Health management information systems & data monitoring
F50_REC00006,2021,Aug,Maharashtra,Mumbai,TB,175,Low,75691,16820,262,1901,2606,526,HMIS,Health management information systems & data monitoring
F50_REC00007,2022,Apr,Karnataka,Hubli,Malaria,156,Medium,220802,49067,60,700,2965,1050,WHO India,"Disease surveillance, immunization programs & policy advisory"
F50_REC00007,2022,Apr,Karnataka,Hubli,Dengue,70,Medium,220802,49067,60,700,2965,1050,WHO India,"Disease surveillance, immunization programs & policy advisory"
F50_REC00007,2022,Apr,Karnataka,Hubli,TB,163,Medium,220802,49067,60,700,2965,1050,WHO India,"Disease surveillance, immunization programs & policy advisory"
F50_REC00008,2023,Jan,Gujarat,Vadodara,Malaria,319,Medium,146242,32498,338,1068,1453,948,HMIS,Health management information systems & data monitoring
F50_REC00008,2023,Jan,Gujarat,Vadodara,Dengue,263,Medium,146242,32498,338,1068,1453,948,HMIS,Health management information systems & data monitoring
F50_REC00008,2023,Jan,Gujarat,Vadodara,TB,179,Medium,146242,32498,338,1068,1453,948,HMIS,Health management information systems & data monitoring
F50_REC00009,2022,Jan,Karnataka,Bengaluru,Malaria,148,Medium,192344,42743,213,1447,1065,496,NHM,National Health Mission — primary healthcare & ASHA worker deployment
F50_REC00009,2022,Jan,Karnataka,Bengaluru,Dengue,245,Medium,192344,42743,213,1447,1065,496,NHM,National Health Mission — primary healthcare & ASHA worker deployment
F50_REC00009,2022,Jan,Karnataka,Bengaluru,TB,150,Medium,192344,42743,213,1447,1065,496,NHM,National Health Mission — primary healthcare & ASHA worker deployment
F50_REC00010,2022,Jun,Tamil Nadu,Chennai,Malaria,89,Low,349868,77748,388,478,2346,249,NFHS,National health survey & maternal/child health data collection
F50_REC00010,2022,Jun,Tamil Nadu,Chennai,Dengue,308,Low,349868,77748,388,478,2346,249,NFHS,National health survey & maternal/child health data collection
F50_REC00010,2022,Jun,Tamil Nadu,Chennai,TB,13,Low,349868,77748,388,478,2346,249,NFHS,National health survey & maternal/child health data collection
F50_REC00011,2022,May,Bihar,Patna,Malaria,475,Medium,291956,64879,225,334,1732,164,Doctors For You,Emergency medical relief & rural health camps
F50_REC00011,2022,May,Bihar,Patna,Dengue,353,Medium,291956,64879,225,334,1732,164,Doctors For You,Emergency medical relief & rural health camps
F50_REC00011,2022,May,Bihar,Patna,TB,39,Medium,291956,64879,225,334,1732,164,Doctors For You,Emergency medical relief & rural health camps
F50_REC00012,2020,Sep,Maharashtra,Pune,Malaria,35,Low,475078,105572,66,1584,2290,1118,UNICEF India,"Child nutrition, immunization & maternal health programs"
F50_REC00012,2020,Sep,Maharashtra,Pune,Dengue,176,Low,475078,105572,66,1584,2290,1118,UNICEF India,"Child nutrition, immunization & maternal health programs"
F50_REC00012,2020,Sep,Maharashtra,Pune,TB,220,Low,475078,105572,66,1584,2290,1118,UNICEF India,"Child nutrition, immunization & maternal health programs"
F50_REC00013,2020,Sep,Karnataka,Hubli,Malaria,37,Low,393712,87491,215,353,2255,78,NFHS,National health survey & maternal/child health data collection
F50_REC00013,2020,Sep,Karnataka,Hubli,Dengue,288,Low,393712,87491,215,353,2255,78,NFHS,National health survey & maternal/child health data collection
F50_REC00013,2020,Sep,Karnataka,Hubli,TB,10,Low,393712,87491,215,353,2255,78,NFHS,National health survey & maternal/child health data collection
F50_REC00014,2021,May,Bihar,Muzaffarpur,Malaria,422,High,448011,99558,336,1423,1079,120,WHO India,"Disease surveillance, immunization programs & policy advisory"
F50_REC00014,2021,May,Bihar,Muzaffarpur,Dengue,188,High,448011,99558,336,1423,1079,120,WHO India,"Disease surveillance, immunization programs & policy advisory"
F50_REC00014,2021,May,Bihar,Muzaffarpur,TB,266,High,448011,99558,336,1423,1079,120,WHO India,"Disease surveillance, immunization programs & policy advisory"
F50_REC00015,2022,Feb,West Bengal,Howrah,Malaria,95,High,293006,65112,191,1628,758,439,CARE India,"Women & child nutrition, sanitation & community health"
F50_REC00015,2022,Feb,West Bengal,Howrah,Dengue,111,High,293006,65112,191,1628,758,439,CARE India,"Women & child nutrition, sanitation & community health"
F50_REC00015,2022,Feb,West Bengal,Howrah,TB,147,High,293006,65112,191,1628,758,439,CARE India,"Women & child nutrition, sanitation & community health"
F50_REC00016,2020,Mar,Maharashtra,Nagpur,Malaria,408,High,485079,107795,382,1828,1844,1273,WHO India,"Disease surveillance, immunization programs & policy advisory"
F50_REC00016,2020,Mar,Maharashtra,Nagpur,Dengue,44,High,485079,107795,382,1828,1844,1273,WHO India,"Disease surveillance, immunization programs & policy advisory"
F50_REC00016,2020,Mar,Maharashtra,Nagpur,TB,182,High,485079,107795,382,1828,1844,1273,WHO India,"Disease surveillance, immunization programs & policy advisory"
F50_REC00017,2021,Jul,Gujarat,Vadodara,Malaria,441,High,139336,30963,214,1558,242,387,Smile Foundation,"Mobile health units, education & livelihood for underserved communities"
F50_REC00017,2021,Jul,Gujarat,Vadodara,Dengue,24,High,139336,30963,214,1558,242,387,Smile Foundation,"Mobile health units, education & livelihood for underserved communities"
F50_REC00017,2021,Jul,Gujarat,Vadodara,TB,189,High,139336,30963,214,1558,242,387,Smile Foundation,"Mobile health units, education & livelihood for underserved communities"
F50_REC00018,2021,Apr,Gujarat,Vadodara,Malaria,92,Medium,256999,57110,93,777,2963,278,Doctors For You,Emergency medical relief & rural health camps
F50_REC00018,2021,Apr,Gujarat,Vadodara,Dengue,74,Medium,256999,57110,93,777,2963,278,Doctors For You,Emergency medical relief & rural health camps
F50_REC00018,2021,Apr,Gujarat,Vadodara,TB,112,Medium,256999,57110,93,777,2963,278,Doctors For You,Emergency medical relief & rural health camps
F50_REC00019,2022,Jan,Uttar Pradesh,Varanasi,Malaria,200,High,124158,27590,128,1488,1786,596,WHO India,"Disease surveillance, immunization programs & policy advisory"
F50_REC00019,2022,Jan,Uttar Pradesh,Varanasi,Dengue,45,High,124158,27590,128,1488,1786,596,WHO India,"Disease surveillance, immunization programs & policy advisory"
F50_REC00019,2022,Jan,Uttar Pradesh,Varanasi,TB,247,High,124158,27590,128,1488,1786,596,WHO India,"Disease surveillance, immunization programs & policy advisory"
F50_REC00020,2021,May,Uttar Pradesh,Varanasi,Malaria,405,High,452932,100651,399,1653,607,719,NFHS,National health survey & maternal/child health data collection
F50_REC00020,2021,May,Uttar Pradesh,Varanasi,Dengue,245,High,452932,100651,399,1653,607,719,NFHS,National health survey & maternal/child health data collection
F50_REC00020,2021,May,Uttar Pradesh,Varanasi,TB,85,High,452932,100651,399,1653,607,719,NFHS,National health survey & maternal/child health data collection
F50_REC00021,2020,Aug,Tamil Nadu,Coimbatore,Malaria,345,Medium,110651,24589,304,892,2504,788,CARE India,"Women & child nutrition, sanitation & community health"
F50_REC00021,2020,Aug,Tamil Nadu,Coimbatore,Dengue,5,Medium,110651,24589,304,892,2504,788,CARE India,"Women & child nutrition, sanitation & community health"
F50_REC00021,2020,Aug,Tamil Nadu,Coimbatore,TB,288,Medium,110651,24589,304,892,2504,788,CARE India,"Women & child nutrition, sanitation & community health"
F50_REC00022,2022,Mar,Gujarat,Vadodara,Malaria,102,Low,301068,66904,295,1915,1872,143,CARE India,"Women & child nutrition, sanitation & community health"
F50_REC00022,2022,Mar,Gujarat,Vadodara,Dengue,52,Low,301068,66904,295,1915,1872,143,CARE India,"Women & child nutrition, sanitation & community health"
F50_REC00022,2022,Mar,Gujarat,Vadodara,TB,233,Low,301068,66904,295,1915,1872,143,CARE India,"Women & child nutrition, sanitation & community health"
F50_REC00023,2022,May,Karnataka,Mysuru,Malaria,420,Low,288807,64179,99,1835,545,917,HMIS,Health management information systems & data monitoring
F50_REC00023,2022,May,Karnataka,Mysuru,Dengue,246,Low,288807,64179,99,1835,545,917,HMIS,Health management information systems & data monitoring
F50_REC00023,2022,May,Karnataka,Mysuru,TB,82,Low,288807,64179,99,1835,545,917,HMIS,Health management information systems & data monitoring
F50_REC00024,2023,Sep,Maharashtra,Nagpur,Malaria,459,High,347763,77280,97,1684,906,505,WHO India,"Disease surveillance, immunization programs & policy advisory"
F50_REC00024,2023,Sep,Maharashtra,Nagpur,Dengue,324,High,347763,77280,97,1684,906,505,WHO India,"Disease surveillance, immunization programs & policy advisory"
F50_REC00024,2023,Sep,Maharashtra,Nagpur,TB,181,High,347763,77280,97,1684,906,505,WHO India,"Disease surveillance, immunization programs & policy advisory"
F50_REC00025,2023,Apr,Karnataka,Bengaluru,Malaria,339,High,233057,51790,381,261,1798,240,CARE India,"Women & child nutrition, sanitation & community health"
F50_REC00025,2023,Apr,Karnataka,Bengaluru,Dengue,241,High,233057,51790,381,261,1798,240,CARE India,"Women & child nutrition, sanitation & community health"
F50_REC00025,2023,Apr,Karnataka,Bengaluru,TB,99,High,233057,51790,381,261,1798,240,CARE India,"Women & child nutrition, sanitation & community health"
F50_REC00026,2020,Jun,Karnataka,Bengaluru,Malaria,179,High,273237,60719,129,1276,1347,1026,HMIS,Health management information systems & data monitoring
F50_REC00026,2020,Jun,Karnataka,Bengaluru,Dengue,365,High,273237,60719,129,1276,1347,1026,HMIS,Health management information systems & data monitoring
F50_REC00026,2020,Jun,Karnataka,Bengaluru,TB,40,High,273237,60719,129,1276,1347,1026,HMIS,Health management information systems & data monitoring
F50_REC00027,2023,Feb,Bihar,Muzaffarpur,Malaria,39,Low,214324,47627,363,1076,1016,964,UNICEF India,"Child nutrition, immunization & maternal health programs"
F50_REC00027,2023,Feb,Bihar,Muzaffarpur,Dengue,253,Low,214324,47627,363,1076,1016,964,UNICEF India,"Child nutrition, immunization & maternal health programs"
F50_REC00027,2023,Feb,Bihar,Muzaffarpur,TB,146,Low,214324,47627,363,1076,1016,964,UNICEF India,"Child nutrition, immunization & maternal health programs"
F50_REC00028,2022,Aug,Gujarat,Vadodara,Malaria,83,High,254549,56566,206,421,2012,989,HMIS,Health management information systems & data monitoring
F50_REC00028,2022,Aug,Gujarat,Vadodara,Dengue,299,High,254549,56566,206,421,2012,989,HMIS,Health management information systems & data monitoring
F50_REC00028,2022,Aug,Gujarat,Vadodara,TB,15,High,254549,56566,206,421,2012,989,HMIS,Health management information systems & data monitoring
F50_REC00029,2022,Mar,Maharashtra,Nagpur,Malaria,216,Low,387720,86160,389,282,1526,1375,NHM,National Health Mission — primary healthcare & ASHA worker deployment
F50_REC00029,2022,Mar,Maharashtra,Nagpur,Dengue,99,Low,387720,86160,389,282,1526,1375,NHM,National Health Mission — primary healthcare & ASHA worker deployment
F50_REC00029,2022,Mar,Maharashtra,Nagpur,TB,48,Low,387720,86160,389,282,1526,1375,NHM,National Health Mission — primary healthcare & ASHA worker deployment
F50_REC00030,2021,May,Uttar Pradesh,Lucknow,Malaria,247,Low,244977,54439,393,1712,1676,98,NHM,National Health Mission — primary healthcare & ASHA worker deployment
F50_REC00030,2021,May,Uttar Pradesh,Lucknow,Dengue,389,Low,244977,54439,393,1712,1676,98,NHM,National Health Mission — primary healthcare & ASHA worker deployment
F50_REC00030,2021,May,Uttar Pradesh,Lucknow,TB,147,Low,244977,54439,393,1712,1676,98,NHM,National Health Mission — primary healthcare & ASHA worker deployment
F50_REC00031,2023,Jan,Tamil Nadu,Coimbatore,Malaria,252,Medium,118259,26279,117,1598,1395,1334,WHO India,"Disease surveillance, immunization programs & policy advisory"
F50_REC00031,2023,Jan,Tamil Nadu,Coimbatore,Dengue,88,Medium,118259,26279,117,1598,1395,1334,WHO India,"Disease surveillance, immunization programs & policy advisory"
F50_REC00031,2023,Jan,Tamil Nadu,Coimbatore,TB,209,Medium,118259,26279,117,1598,1395,1334,WHO India,"Disease surveillance, immunization programs & policy advisory"
F50_REC00032,2020,Jul,West Bengal,Howrah,Malaria,96,Medium,205877,45750,49,981,1610,817,NFHS,National health survey & maternal/child health data collection
F50_REC00032,2020,Jul,West Bengal,Howrah,Dengue,386,Medium,205877,45750,49,981,1610,817,NFHS,National health survey & maternal/child health data collection
F50_REC00032,2020,Jul,West Bengal,Howrah,TB,190,Medium,205877,45750,49,981,1610,817,NFHS,National health survey & maternal/child health data collection
F50_REC00033,2021,Jul,West Bengal,Kolkata,Malaria,191,Low,346388,76975,192,731,2565,82,WHO India,"Disease surveillance, immunization programs & policy advisory"
F50_REC00033,2021,Jul,West Bengal,Kolkata,Dengue,62,Low,346388,76975,192,731,2565,82,WHO India,"Disease surveillance, immunization programs & policy advisory"
F50_REC00033,2021,Jul,West Bengal,Kolkata,TB,35,Low,346388,76975,192,731,2565,82,WHO India,"Disease surveillance, immunization programs & policy advisory"
F50_REC00034,2021,Jul,Tamil Nadu,Coimbatore,Malaria,112,Low,234682,52151,132,527,1741,1496,HMIS,Health management information systems & data monitoring
F50_REC00034,2021,Jul,Tamil Nadu,Coimbatore,Dengue,10,Low,234682,52151,132,527,1741,1496,HMIS,Health management information systems & data monitoring
F50_REC00034,2021,Jul,Tamil Nadu,Coimbatore,TB,225,Low,234682,52151,132,527,1741,1496,HMIS,Health management information systems & data monitoring
F50_REC00035,2023,Apr,West Bengal,Siliguri,Malaria,461,Medium,330004,73334,174,1594,2572,1459,HMIS,Health management information systems & data monitoring
F50_REC00035,2023,Apr,West Bengal,Siliguri,Dengue,186,Medium,330004,73334,174,1594,2572,1459,HMIS,Health management information systems & data monitoring
F50_REC00035,2023,Apr,West Bengal,Siliguri,TB,233,Medium,330004,73334,174,1594,2572,1459,HMIS,Health management information systems & data monitoring
F50_REC00036,2022,Jun,Maharashtra,Pune,Malaria,25,Medium,312120,69360,350,1628,933,1464,NFHS,National health survey & maternal/child health data collection
F50_REC00036,2022,Jun,Maharashtra,Pune,Dengue,233,Medium,312120,69360,350,1628,933,1464,NFHS,National health survey & maternal/child health data collection
F50_REC00036,2022,Jun,Maharashtra,Pune,TB,128,Medium,312120,69360,350,1628,933,1464,NFHS,National health survey & maternal/child health data collection
F50_REC00037,2020,Mar,Bihar,Muzaffarpur,Malaria,25,Medium,467087,103797,174,266,2854,1336,WHO India,"Disease surveillance, immunization programs & policy advisory"
F50_REC00037,2020,Mar,Bihar,Muzaffarpur,Dengue,370,Medium,467087,103797,174,266,2854,1336,WHO India,"Disease surveillance, immunization programs & policy advisory"
F50_REC00037,2020,Mar,Bihar,Muzaffarpur,TB,213,Medium,467087,103797,174,266,2854,1336,WHO India,"Disease surveillance, immunization programs & policy advisory"
F50_REC00038,2022,Aug,West Bengal,Howrah,Malaria,497,High,359328,79850,365,127,1257,1034,WHO India,"Disease surveillance, immunization programs & policy advisory"
F50_REC00038,2022,Aug,West Bengal,Howrah,Dengue,399,High,359328,79850,365,127,1257,1034,WHO India,"Disease surveillance, immunization programs & policy advisory"
F50_REC00038,2022,Aug,West Bengal,Howrah,TB,195,High,359328,79850,365,127,1257,1034,WHO India,"Disease surveillance, immunization programs & policy advisory"
F50_REC00039,2022,Jun,Bihar,Patna,Malaria,99,High,290392,64531,61,435,1111,1459,Doctors For You,Emergency medical relief & rural health camps
F50_REC00039,2022,Jun,Bihar,Patna,Dengue,60,High,290392,64531,61,435,1111,1459,Doctors For You,Emergency medical relief & rural health camps
F50_REC00039,2022,Jun,Bihar,Patna,TB,220,High,290392,64531,61,435,1111,1459,Doctors For You,Emergency medical relief & rural health camps
F50_REC00040,2023,Jan,Karnataka,Mysuru,Malaria,265,High,379503,84334,369,1670,748,1358,Smile Foundation,"Mobile health units, education & livelihood for underserved communities"
F50_REC00040,2023,Jan,Karnataka,Mysuru,Dengue,288,High,379503,84334,369,1670,748,1358,Smile Foundation,"Mobile health units, education & livelihood for underserved communities"
F50_REC00040,2023,Jan,Karnataka,Mysuru,TB,155,High,379503,84334,369,1670,748,1358,Smile Foundation,"Mobile health units, education & livelihood for underserved communities"
F50_REC00041,2020,Jun,Bihar,Gaya,Malaria,172,Low,495581,110129,265,655,335,1289,CARE India,"Women & child nutrition, sanitation & community health"
F50_REC00041,2020,Jun,Bihar,Gaya,Dengue,108,Low,495581,110129,265,655,335,1289,CARE India,"Women & child nutrition, sanitation & community health"
F50_REC00041,2020,Jun,Bihar,Gaya,TB,126,Low,495581,110129,265,655,335,1289,CARE India,"Women & child nutrition, sanitation & community health"
F50_REC00042,2021,Aug,Tamil Nadu,Madurai,Malaria,442,High,194474,43216,358,656,523,341,Doctors For You,Emergency medical relief & rural health camps
F50_REC00042,2021,Aug,Tamil Nadu,Madurai,Dengue,362,High,194474,43216,358,656,523,341,Doctors For You,Emergency medical relief & rural health camps
F50_REC00042,2021,Aug,Tamil Nadu,Madurai,TB,32,High,194474,43216,358,656,523,341,Doctors For You,Emergency medical relief & rural health camps
F50_REC00043,2021,Sep,Maharashtra,Pune,Malaria,276,High,288851,64189,132,614,1968,66,Doctors For You,Emergency medical relief & rural health camps
F50_REC00043,2021,Sep,Maharashtra,Pune,Dengue,346,High,288851,64189,132,614,1968,66,Doctors For You,Emergency medical relief & rural health camps
F50_REC00043,2021,Sep,Maharashtra,Pune,TB,91,High,288851,64189,132,614,1968,66,Doctors For You,Emergency medical relief & rural health camps
F50_REC00044,2021,Apr,Bihar,Gaya,Malaria,39,Low,70476,15661,207,1030,2015,202,NHM,National Health Mission — primary healthcare & ASHA worker deployment
F50_REC00044,2021,Apr,Bihar,Gaya,Dengue,305,Low,70476,15661,207,1030,2015,202,NHM,National Health Mission — primary healthcare & ASHA worker deployment
F50_REC00044,2021,Apr,Bihar,Gaya,TB,213,Low,70476,15661,207,1030,2015,202,NHM,National Health Mission — primary healthcare & ASHA worker deployment
F50_REC00045,2022,Sep,West Bengal,Howrah,Malaria,145,High,60202,13378,229,1968,1417,242,HMIS,Health management information systems & data monitoring
F50_REC00045,2022,Sep,West Bengal,Howrah,Dengue,216,High,60202,13378,229,1968,1417,242,HMIS,Health management information systems & data monitoring
F50_REC00045,2022,Sep,West Bengal,Howrah,TB,116,High,60202,13378,229,1968,1417,242,HMIS,Health management information systems & data monitoring
F50_REC00046,2020,May,Gujarat,Ahmedabad,Malaria,134,Medium,152056,33790,377,1477,1443,446,Smile Foundation,"Mobile health units, education & livelihood for underserved communities"
F50_REC00046,2020,May,Gujarat,Ahmedabad,Dengue,309,Medium,152056,33790,377,1477,1443,446,Smile Foundation,"Mobile health units, education & livelihood for underserved communities"
F50_REC00046,2020,May,Gujarat,Ahmedabad,TB,278,Medium,152056,33790,377,1477,1443,446,Smile Foundation,"Mobile health units, education & livelihood for underserved communities"
F50_REC00047,2022,Aug,Maharashtra,Nagpur,Malaria,346,Low,170839,37964,75,133,2192,722,WHO India,"Disease surveillance, immunization programs & policy advisory"
F50_REC00047,2022,Aug,Maharashtra,Nagpur,Dengue,147,Low,170839,37964,75,133,2192,722,WHO India,"Disease surveillance, immunization programs & policy advisory"
F50_REC00047,2022,Aug,Maharashtra,Nagpur,TB,192,Low,170839,37964,75,133,2192,722,WHO India,"Disease surveillance, immunization programs & policy advisory"
F50_REC00048,2023,Aug,Karnataka,Hubli,Malaria,25,High,141062,31347,113,394,2212,643,NFHS,National health survey & maternal/child health data collection
F50_REC00048,2023,Aug,Karnataka,Hubli,Dengue,384,High,141062,31347,113,394,2212,643,NFHS,National health survey & maternal/child health data collection
F50_REC00048,2023,Aug,Karnataka,Hubli,TB,255,High,141062,31347,113,394,2212,643,NFHS,National health survey & maternal/child health data collection
F50_REC00049,2023,May,West Bengal,Siliguri,Malaria,391,Low,379309,84290,103,1534,2631,1058,CARE India,"Women & child nutrition, sanitation & community health"
F50_REC00049,2023,May,West Bengal,Siliguri,Dengue,4,Low,379309,84290,103,1534,2631,1058,CARE India,"Women & child nutrition, sanitation & community health"
F50_REC00049,2023,May,West Bengal,Siliguri,TB,59,Low,379309,84290,103,1534,2631,1058,CARE India,"Women & child nutrition, sanitation & community health"
F50_REC00050,2023,Jan,Tamil Nadu,Madurai,Malaria,171,High,424818,94404,172,1823,1837,739,NHM,National Health Mission — primary healthcare & ASHA worker deployment
F50_REC00050,2023,Jan,Tamil Nadu,Madurai,Dengue,209,High,424818,94404,172,1823,1837,739,NHM,National Health Mission — primary healthcare & ASHA worker deployment
F50_REC00050,2023,Jan,Tamil Nadu,Madurai,TB,208,High,424818,94404,172,1823,1837,739,NHM,National Health Mission — primary healthcare & ASHA worker deployment
F50_REC00051,2021,Apr,Gujarat,Vadodara,Malaria,258,High,89138,19808,276,1239,431,745,Doctors For You,Emergency medical relief & rural health camps
F50_REC00051,2021,Apr,Gujarat,Vadodara,Dengue,104,High,89138,19808,276,1239,431,745,Doctors For You,Emergency medical relief & rural health camps
F50_REC00051,2021,Apr,Gujarat,Vadodara,TB,58,High,89138,19808,276,1239,431,745,Doctors For You,Emergency medical relief & rural health camps
F50_REC00052,2021,Jun,Maharashtra,Mumbai,Malaria,145,High,64134,14252,78,464,1206,532,CARE India,"Women & child nutrition, sanitation & community health"
F50_REC00052,2021,Jun,Maharashtra,Mumbai,Dengue,311,High,64134,14252,78,464,1206,532,CARE India,"Women & child nutrition, sanitation & community health"
F50_REC00052,2021,Jun,Maharashtra,Mumbai,TB,290,High,64134,14252,78,464,1206,532,CARE India,"Women & child nutrition, sanitation & community health"
F50_REC00053,2021,Jul,Gujarat,Surat,Malaria,209,Medium,303957,67546,347,1576,2763,538,Doctors For You,Emergency medical relief & rural health camps
F50_REC00053,2021,Jul,Gujarat,Surat,Dengue,314,Medium,303957,67546,347,1576,2763,538,Doctors For You,Emergency medical relief & rural health camps
F50_REC00053,2021,Jul,Gujarat,Surat,TB,295,Medium,303957,67546,347,1576,2763,538,Doctors For You,Emergency medical relief & rural health camps
F50_REC00054,2022,Sep,Tamil Nadu,Chennai,Malaria,304,Medium,345082,76684,118,1380,2630,1171,CARE India,"Women & child nutrition, sanitation & community health"
F50_REC00054,2022,Sep,Tamil Nadu,Chennai,Dengue,255,Medium,345082,76684,118,1380,2630,1171,CARE India,"Women & child nutrition, sanitation & community health"
F50_REC00054,2022,Sep,Tamil Nadu,Chennai,TB,88,Medium,345082,76684,118,1380,2630,1171,CARE India,"Women & child nutrition, sanitation & community health"
F50_REC00055,2020,Jan,Gujarat,Surat,Malaria,8,Medium,119353,26522,261,1018,2365,904,NHM,National Health Mission — primary healthcare & ASHA worker deployment
F50_REC00055,2020,Jan,Gujarat,Surat,Dengue,10,Medium,119353,26522,261,1018,2365,904,NHM,National Health Mission — primary healthcare & ASHA worker deployment
F50_REC00055,2020,Jan,Gujarat,Surat,TB,140,Medium,119353,26522,261,1018,2365,904,NHM,National Health Mission — primary healthcare & ASHA worker deployment
F50_REC00056,2022,Jun,Uttar Pradesh,Varanasi,Malaria,114,Medium,197617,43914,226,1260,1516,896,CARE India,"Women & child nutrition, sanitation & community health"
F50_REC00056,2022,Jun,Uttar Pradesh,Varanasi,Dengue,41,Medium,197617,43914,226,1260,1516,896,CARE India,"Women & child nutrition, sanitation & community health"
F50_REC00056,2022,Jun,Uttar Pradesh,Varanasi,TB,273,Medium,197617,43914,226,1260,1516,896,CARE India,"Women & child nutrition, sanitation & community health"
F50_REC00057,2023,Apr,Maharashtra,Nagpur,Malaria,456,Medium,259615,57692,51,1927,2194,1277,Smile Foundation,"Mobile health units, education & livelihood for underserved communities"
F50_REC00057,2023,Apr,Maharashtra,Nagpur,Dengue,176,Medium,259615,57692,51,1927,2194,1277,Smile Foundation,"Mobile health units, education & livelihood for underserved communities"
F50_REC00057,2023,Apr,Maharashtra,Nagpur,TB,140,Medium,259615,57692,51,1927,2194,1277,Smile Foundation,"Mobile health units, education & livelihood for underserved communities"
F50_REC00058,2021,Sep,West Bengal,Howrah,Malaria,268,Medium,124841,27742,320,717,2650,1431,Smile Foundation,"Mobile health units, education & livelihood for underserved communities"
F50_REC00058,2021,Sep,West Bengal,Howrah,Dengue,391,Medium,124841,27742,320,717,2650,1431,Smile Foundation,"Mobile health units, education & livelihood for underserved communities"
F50_REC00058,2021,Sep,West Bengal,Howrah,TB,97,Medium,124841,27742,320,717,2650,1431,Smile Foundation,"Mobile health units, education & livelihood for underserved communities"
F50_REC00059,2022,Mar,Tamil Nadu,Coimbatore,Malaria,262,Low,87444,19432,331,1941,2639,1263,WHO India,"Disease surveillance, immunization programs & policy advisory"
F50_REC00059,2022,Mar,Tamil Nadu,Coimbatore,Dengue,365,Low,87444,19432,331,1941,2639,1263,WHO India,"Disease surveillance, immunization programs & policy advisory"
F50_REC00059,2022,Mar,Tamil Nadu,Coimbatore,TB,54,Low,87444,19432,331,1941,2639,1263,WHO India,"Disease surveillance, immunization programs & policy advisory"
F50_REC00060,2022,Feb,Bihar,Gaya,Malaria,58,Medium,455592,101242,203,1977,1182,1017,NHM,National Health Mission — primary healthcare & ASHA worker deployment
F50_REC00060,2022,Feb,Bihar,Gaya,Dengue,196,Medium,455592,101242,203,1977,1182,1017,NHM,National Health Mission — primary healthcare & ASHA worker deployment
F50_REC00060,2022,Feb,Bihar,Gaya,TB,30,Medium,455592,101242,203,1977,1182,1017,NHM,National Health Mission — primary healthcare & ASHA worker deployment
F50_REC00061,2022,Sep,West Bengal,Howrah,Malaria,56,Low,64475,14327,182,1622,1129,862,UNICEF India,"Child nutrition, immunization & maternal health programs"
F50_REC00061,2022,Sep,West Bengal,Howrah,Dengue,58,Low,64475,14327,182,1622,1129,862,UNICEF India,"Child nutrition, immunization & maternal health programs"
F50_REC00061,2022,Sep,West Bengal,Howrah,TB,55,Low,64475,14327,182,1622,1129,862,UNICEF India,"Child nutrition, immunization & maternal health programs"
F50_REC00062,2021,Jan,Karnataka,Mysuru,Malaria,250,Medium,247286,54952,236,552,2998,1267,NFHS,National health survey & maternal/child health data collection
F50_REC00062,2021,Jan,Karnataka,Mysuru,Dengue,56,Medium,247286,54952,236,552,2998,1267,NFHS,National health survey & maternal/child health data collection
F50_REC00062,2021,Jan,Karnataka,Mysuru,TB,230,Medium,247286,54952,236,552,2998,1267,NFHS,National health survey & maternal/child health data collection
F50_REC00063,2023,Apr,West Bengal,Kolkata,Malaria,270,High,187447,41654,102,1335,381,662,Smile Foundation,"Mobile health units, education & livelihood for underserved communities"
F50_REC00063,2023,Apr,West Bengal,Kolkata,Dengue,385,High,187447,41654,102,1335,381,662,Smile Foundation,"Mobile health units, education & livelihood for underserved communities"
F50_REC00063,2023,Apr,West Bengal,Kolkata,TB,159,High,187447,41654,102,1335,381,662,Smile Foundation,"Mobile health units, education & livelihood for underserved communities"
F50_REC00064,2020,May,Tamil Nadu,Madurai,Malaria,434,Low,412736,91719,110,1514,2699,1439,UNICEF India,"Child nutrition, immunization & maternal health programs"
F50_REC00064,2020,May,Tamil Nadu,Madurai,Dengue,372,Low,412736,91719,110,1514,2699,1439,UNICEF India,"Child nutrition, immunization & maternal health programs"
F50_REC00064,2020,May,Tamil Nadu,Madurai,TB,200,Low,412736,91719,110,1514,2699,1439,UNICEF India,"Child nutrition, immunization & maternal health programs"
F50_REC00065,2021,Feb,Gujarat,Ahmedabad,Malaria,41,Low,495523,110116,234,1208,492,927,Doctors For You,Emergency medical relief & rural health camps
F50_REC00065,2021,Feb,Gujarat,Ahmedabad,Dengue,156,Low,495523,110116,234,1208,492,927,Doctors For You,Emergency medical relief & rural health camps
F50_REC00065,2021,Feb,Gujarat,Ahmedabad,TB,61,Low,495523,110116,234,1208,492,927,Doctors For You,Emergency medical relief & rural health camps
F50_REC00066,2023,Jul,Maharashtra,Mumbai,Malaria,286,Medium,477651,106144,268,1618,2294,668,Smile Foundation,"Mobile health units, education & livelihood for underserved communities"
F50_REC00066,2023,Jul,Maharashtra,Mumbai,Dengue,359,Medium,477651,106144,268,1618,2294,668,Smile Foundation,"Mobile health units, education & livelihood for underserved communities"
F50_REC00066,2023,Jul,Maharashtra,Mumbai,TB,120,Medium,477651,106144,268,1618,2294,668,Smile Foundation,"Mobile health units, education & livelihood for underserved communities"
F50_REC00067,2021,Jun,Uttar Pradesh,Varanasi,Malaria,334,Low,57494,12776,68,534,2581,385,HMIS,Health management information systems & data monitoring
F50_REC00067,2021,Jun,Uttar Pradesh,Varanasi,Dengue,190,Low,57494,12776,68,534,2581,385,HMIS,Health management information systems & data monitoring
F50_REC00067,2021,Jun,Uttar Pradesh,Varanasi,TB,251,Low,57494,12776,68,534,2581,385,HMIS,Health management information systems & data monitoring
F50_REC00068,2020,May,Tamil Nadu,Coimbatore,Malaria,345,Medium,199961,44435,362,1926,2692,914,NFHS,National health survey & maternal/child health data collection
F50_REC00068,2020,May,Tamil Nadu,Coimbatore,Dengue,105,Medium,199961,44435,362,1926,2692,914,NFHS,National health survey & maternal/child health data collection
F50_REC00068,2020,May,Tamil Nadu,Coimbatore,TB,118,Medium,199961,44435,362,1926,2692,914,NFHS,National health survey & maternal/child health data collection
F50_REC00069,2022,Feb,West Bengal,Siliguri,Malaria,3,Medium,311844,69298,82,136,1144,688,Smile Foundation,"Mobile health units, education & livelihood for underserved communities"
F50_REC00069,2022,Feb,West Bengal,Siliguri,Dengue,353,Medium,311844,69298,82,136,1144,688,Smile Foundation,"Mobile health units, education & livelihood for underserved communities"
F50_REC00069,2022,Feb,West Bengal,Siliguri,TB,189,Medium,311844,69298,82,136,1144,688,Smile Foundation,"Mobile health units, education & livelihood for underserved communities"
F50_REC00070,2023,Mar,Karnataka,Bengaluru,Malaria,148,Low,479290,106508,305,1255,1471,513,WHO India,"Disease surveillance, immunization programs & policy advisory"
F50_REC00070,2023,Mar,Karnataka,Bengaluru,Dengue,30,Low,479290,106508,305,1255,1471,513,WHO India,"Disease surveillance, immunization programs & policy advisory"
F50_REC00070,2023,Mar,Karnataka,Bengaluru,TB,155,Low,479290,106508,305,1255,1471,513,WHO India,"Disease surveillance, immunization programs & policy advisory"
F50_REC00071,2022,Jul,Uttar Pradesh,Varanasi,Malaria,437,Low,431830,95962,181,712,2387,767,Smile Foundation,"Mobile health units, education & livelihood for underserved communities"
F50_REC00071,2022,Jul,Uttar Pradesh,Varanasi,Dengue,194,Low,431830,95962,181,712,2387,767,Smile Foundation,"Mobile health units, education & livelihood for underserved communities"
F50_REC00071,2022,Jul,Uttar Pradesh,Varanasi,TB,165,Low,431830,95962,181,712,2387,767,Smile Foundation,"Mobile health units, education & livelihood for underserved communities"
F50_REC00072,2023,Jul,Gujarat,Ahmedabad,Malaria,426,Medium,332549,73899,400,1636,1384,368,WHO India,"Disease surveillance, immunization programs & policy advisory"
F50_REC00072,2023,Jul,Gujarat,Ahmedabad,Dengue,270,Medium,332549,73899,400,1636,1384,368,WHO India,"Disease surveillance, immunization programs & policy advisory"
F50_REC00072,2023,Jul,Gujarat,Ahmedabad,TB,18,Medium,332549,73899,400,1636,1384,368,WHO India,"Disease surveillance, immunization programs & policy advisory"
F50_REC00073,2020,Apr,Uttar Pradesh,Lucknow,Malaria,90,Low,462555,102790,336,1762,648,1150,NHM,National Health Mission — primary healthcare & ASHA worker deployment
F50_REC00073,2020,Apr,Uttar Pradesh,Lucknow,Dengue,269,Low,462555,102790,336,1762,648,1150,NHM,National Health Mission — primary healthcare & ASHA worker deployment
F50_REC00073,2020,Apr,Uttar Pradesh,Lucknow,TB,125,Low,462555,102790,336,1762,648,1150,NHM,National Health Mission — primary healthcare & ASHA worker deployment
F50_REC00074,2022,Sep,Maharashtra,Nagpur,Malaria,66,Medium,345427,76761,173,1340,2443,813,Doctors For You,Emergency medical relief & rural health camps
F50_REC00074,2022,Sep,Maharashtra,Nagpur,Dengue,53,Medium,345427,76761,173,1340,2443,813,Doctors For You,Emergency medical relief & rural health camps
F50_REC00074,2022,Sep,Maharashtra,Nagpur,TB,270,Medium,345427,76761,173,1340,2443,813,Doctors For You,Emergency medical relief & rural health camps
F50_REC00075,2021,Jun,West Bengal,Howrah,Malaria,220,Medium,169703,37711,290,1469,1162,802,NHM,National Health Mission — primary healthcare & ASHA worker deployment
F50_REC00075,2021,Jun,West Bengal,Howrah,Dengue,208,Medium,169703,37711,290,1469,1162,802,NHM,National Health Mission — primary healthcare & ASHA worker deployment
F50_REC00075,2021,Jun,West Bengal,Howrah,TB,144,Medium,169703,37711,290,1469,1162,802,NHM,National Health Mission — primary healthcare & ASHA worker deployment
F50_REC00076,2023,Jul,Uttar Pradesh,Agra,Malaria,274,Low,491831,109295,250,2000,1627,927,CARE India,"Women & child nutrition, sanitation & community health"
F50_REC00076,2023,Jul,Uttar Pradesh,Agra,Dengue,61,Low,491831,109295,250,2000,1627,927,CARE India,"Women & child nutrition, sanitation & community health"
F50_REC00076,2023,Jul,Uttar Pradesh,Agra,TB,89,Low,491831,109295,250,2000,1627,927,CARE India,"Women & child nutrition, sanitation & community health"
F50_REC00077,2020,Jun,Maharashtra,Nagpur,Malaria,429,High,333073,74016,38,1097,2730,1324,UNICEF India,"Child nutrition, immunization & maternal health programs"
F50_REC00077,2020,Jun,Maharashtra,Nagpur,Dengue,371,High,333073,74016,38,1097,2730,1324,UNICEF India,"Child nutrition, immunization & maternal health programs"
F50_REC00077,2020,Jun,Maharashtra,Nagpur,TB,145,High,333073,74016,38,1097,2730,1324,UNICEF India,"Child nutrition, immunization & maternal health programs"
F50_REC00078,2023,Feb,Gujarat,Surat,Malaria,162,Low,243323,54071,45,372,593,1484,NHM,National Health Mission — primary healthcare & ASHA worker deployment
F50_REC00078,2023,Feb,Gujarat,Surat,Dengue,100,Low,243323,54071,45,372,593,1484,NHM,National Health Mission — primary healthcare & ASHA worker deployment
F50_REC00078,2023,Feb,Gujarat,Surat,TB,30,Low,243323,54071,45,372,593,1484,NHM,National Health Mission — primary healthcare & ASHA worker deployment
F50_REC00079,2023,Feb,Bihar,Muzaffarpur,Malaria,192,Low,456652,101478,302,144,436,1206,Doctors For You,Emergency medical relief & rural health camps
F50_REC00079,2023,Feb,Bihar,Muzaffarpur,Dengue,82,Low,456652,101478,302,144,436,1206,Doctors For You,Emergency medical relief & rural health camps
F50_REC00079,2023,Feb,Bihar,Muzaffarpur,TB,222,Low,456652,101478,302,144,436,1206,Doctors For You,Emergency medical relief & rural health camps
F50_REC00080,2020,Mar,Tamil Nadu,Madurai,Malaria,416,Medium,183397,40754,280,1976,2152,287,Smile Foundation,"Mobile health units, education & livelihood for underserved communities"
F50_REC00080,2020,Mar,Tamil Nadu,Madurai,Dengue,31,Medium,183397,40754,280,1976,2152,287,Smile Foundation,"Mobile health units, education & livelihood for underserved communities"
F50_REC00080,2020,Mar,Tamil Nadu,Madurai,TB,143,Medium,183397,40754,280,1976,2152,287,Smile Foundation,"Mobile health units, education & livelihood for underserved communities"
F50_REC00081,2022,Sep,Tamil Nadu,Chennai,Malaria,4,High,242957,53990,238,341,2426,336,HMIS,Health management information systems & data monitoring
F50_REC00081,2022,Sep,Tamil Nadu,Chennai,Dengue,227,High,242957,53990,238,341,2426,336,HMIS,Health management information systems & data monitoring
F50_REC00081,2022,Sep,Tamil Nadu,Chennai,TB,180,High,242957,53990,238,341,2426,336,HMIS,Health management information systems & data monitoring
F50_REC00082,2022,Aug,Uttar Pradesh,Agra,Malaria,364,High,363282,80729,354,1071,1895,847,NFHS,National health survey & maternal/child health data collection
F50_REC00082,2022,Aug,Uttar Pradesh,Agra,Dengue,309,High,363282,80729,354,1071,1895,847,NFHS,National health survey & maternal/child health data collection
F50_REC00082,2022,Aug,Uttar Pradesh,Agra,TB,10,High,363282,80729,354,1071,1895,847,NFHS,National health survey & maternal/child health data collection
F50_REC00083,2022,Apr,West Bengal,Siliguri,Malaria,305,High,352501,78333,350,1809,1709,157,UNICEF India,"Child nutrition, immunization & maternal health programs"
F50_REC00083,2022,Apr,West Bengal,Siliguri,Dengue,180,High,352501,78333,350,1809,1709,157,UNICEF India,"Child nutrition, immunization & maternal health programs"
F50_REC00083,2022,Apr,West Bengal,Siliguri,TB,173,High,352501,78333,350,1809,1709,157,UNICEF India,"Child nutrition, immunization & maternal health programs"
F50_REC00084,2020,Sep,Bihar,Muzaffarpur,Malaria,320,Medium,263007,58446,350,1229,1480,524,NFHS,National health survey & maternal/child health data collection
F50_REC00084,2020,Sep,Bihar,Muzaffarpur,Dengue,214,Medium,263007,58446,350,1229,1480,524,NFHS,National health survey & maternal/child health data collection
F50_REC00084,2020,Sep,Bihar,Muzaffarpur,TB,51,Medium,263007,58446,350,1229,1480,524,NFHS,National health survey & maternal/child health data collection
F50_REC00085,2022,Feb,Maharashtra,Pune,Malaria,436,Low,413801,91955,264,998,755,1491,NHM,National Health Mission — primary healthcare & ASHA worker deployment
F50_REC00085,2022,Feb,Maharashtra,Pune,Dengue,144,Low,413801,91955,264,998,755,1491,NHM,National Health Mission — primary healthcare & ASHA worker deployment
F50_REC00085,2022,Feb,Maharashtra,Pune,TB,176,Low,413801,91955,264,998,755,1491,NHM,National Health Mission — primary healthcare & ASHA worker deployment
F50_REC00086,2022,Jun,Gujarat,Surat,Malaria,83,High,440555,97901,255,312,1886,1372,Smile Foundation,"Mobile health units, education & livelihood for underserved communities"
F50_REC00086,2022,Jun,Gujarat,Surat,Dengue,363,High,440555,97901,255,312,1886,1372,Smile Foundation,"Mobile health units, education & livelihood for underserved communities"
F50_REC00086,2022,Jun,Gujarat,Surat,TB,125,High,440555,97901,255,312,1886,1372,Smile Foundation,"Mobile health units, education & livelihood for underserved communities"
F50_REC00087,2023,Apr,Karnataka,Bengaluru,Malaria,113,High,325854,72412,174,101,1515,1476,WHO India,"Disease surveillance, immunization programs & policy advisory"
F50_REC00087,2023,Apr,Karnataka,Bengaluru,Dengue,191,High,325854,72412,174,101,1515,1476,WHO India,"Disease surveillance, immunization programs & policy advisory"
F50_REC00087,2023,Apr,Karnataka,Bengaluru,TB,258,High,325854,72412,174,101,1515,1476,WHO India,"Disease surveillance, immunization programs & policy advisory"
F50_REC00088,2021,Mar,Uttar Pradesh,Lucknow,Malaria,366,Medium,196533,43674,136,637,608,821,NHM,National Health Mission — primary healthcare & ASHA worker deployment
F50_REC00088,2021,Mar,Uttar Pradesh,Lucknow,Dengue,157,Medium,196533,43674,136,637,608,821,NHM,National Health Mission — primary healthcare & ASHA worker deployment
F50_REC00088,2021,Mar,Uttar Pradesh,Lucknow,TB,246,Medium,196533,43674,136,637,608,821,NHM,National Health Mission — primary healthcare & ASHA worker deployment
F50_REC00089,2021,Jan,Tamil Nadu,Coimbatore,Malaria,142,High,278590,61908,184,1548,1553,1320,Doctors For You,Emergency medical relief & rural health camps
F50_REC00089,2021,Jan,Tamil Nadu,Coimbatore,Dengue,238,High,278590,61908,184,1548,1553,1320,Doctors For You,Emergency medical relief & rural health camps
F50_REC00089,2021,Jan,Tamil Nadu,Coimbatore,TB,289,High,278590,61908,184,1548,1553,1320,Doctors For You,Emergency medical relief & rural health camps
F50_REC00090,2020,Jun,Karnataka,Hubli,Malaria,420,Medium,264280,58728,307,1605,2265,639,UNICEF India,"Child nutrition, immunization & maternal health programs"
F50_REC00090,2020,Jun,Karnataka,Hubli,Dengue,173,Medium,264280,58728,307,1605,2265,639,UNICEF India,"Child nutrition, immunization & maternal health programs"
F50_REC00090,2020,Jun,Karnataka,Hubli,TB,270,Medium,264280,58728,307,1605,2265,639,UNICEF India,"Child nutrition, immunization & maternal health programs"
F50_REC00091,2021,Mar,West Bengal,Howrah,Malaria,186,Medium,108784,24174,60,572,2793,1108,NFHS,National health survey & maternal/child health data collection
F50_REC00091,2021,Mar,West Bengal,Howrah,Dengue,205,Medium,108784,24174,60,572,2793,1108,NFHS,National health survey & maternal/child health data collection
F50_REC00091,2021,Mar,West Bengal,Howrah,TB,35,Medium,108784,24174,60,572,2793,1108,NFHS,National health survey & maternal/child health data collection
F50_REC00092,2023,Jul,Bihar,Muzaffarpur,Malaria,227,High,53297,11843,223,253,638,194,Doctors For You,Emergency medical relief & rural health camps
F50_REC00092,2023,Jul,Bihar,Muzaffarpur,Dengue,20,High,53297,11843,223,253,638,194,Doctors For You,Emergency medical relief & rural health camps
F50_REC00092,2023,Jul,Bihar,Muzaffarpur,TB,2,High,53297,11843,223,253,638,194,Doctors For You,Emergency medical relief & rural health camps
F50_REC00093,2023,Apr,Tamil Nadu,Coimbatore,Malaria,412,High,158386,35196,153,710,226,798,NFHS,National health survey & maternal/child health data collection
F50_REC00093,2023,Apr,Tamil Nadu,Coimbatore,Dengue,171,High,158386,35196,153,710,226,798,NFHS,National health survey & maternal/child health data collection
F50_REC00093,2023,Apr,Tamil Nadu,Coimbatore,TB,300,High,158386,35196,153,710,226,798,NFHS,National health survey & maternal/child health data collection
F50_REC00094,2022,May,Uttar Pradesh,Lucknow,Malaria,479,Medium,383095,85132,309,404,1187,129,Doctors For You,Emergency medical relief & rural health camps
F50_REC00094,2022,May,Uttar Pradesh,Lucknow,Dengue,372,Medium,383095,85132,309,404,1187,129,Doctors For You,Emergency medical relief & rural health camps
F50_REC00094,2022,May,Uttar Pradesh,Lucknow,TB,156,Medium,383095,85132,309,404,1187,129,Doctors For You,Emergency medical relief & rural health camps
F50_REC00095,2023,Jul,Uttar Pradesh,Agra,Malaria,429,High,61210,13602,320,332,1141,1245,CARE India,"Women & child nutrition, sanitation & community health"
F50_REC00095,2023,Jul,Uttar Pradesh,Agra,Dengue,7,High,61210,13602,320,332,1141,1245,CARE India,"Women & child nutrition, sanitation & community health"
F50_REC00095,2023,Jul,Uttar Pradesh,Agra,TB,66,High,61210,13602,320,332,1141,1245,CARE India,"Women & child nutrition, sanitation & community health"
F50_REC00096,2023,Jun,Gujarat,Vadodara,Malaria,71,Medium,208805,46401,162,1429,1088,566,HMIS,Health management information systems & data monitoring
F50_REC00096,2023,Jun,Gujarat,Vadodara,Dengue,313,Medium,208805,46401,162,1429,1088,566,HMIS,Health management information systems & data monitoring
F50_REC00096,2023,Jun,Gujarat,Vadodara,TB,287,Medium,208805,46401,162,1429,1088,566,HMIS,Health management information systems & data monitoring
F50_REC00097,2020,Aug,Uttar Pradesh,Varanasi,Malaria,84,High,335538,74564,169,531,1745,1097,NFHS,National health survey & maternal/child health data collection
F50_REC00097,2020,Aug,Uttar Pradesh,Varanasi,Dengue,14,High,335538,74564,169,531,1745,1097,NFHS,National health survey & maternal/child health data collection
F50_REC00097,2020,Aug,Uttar Pradesh,Varanasi,TB,60,High,335538,74564,169,531,1745,1097,NFHS,National health survey & maternal/child health data collection
F50_REC00098,2021,Mar,Karnataka,Bengaluru,Malaria,6,Low,393169,87370,394,1935,1666,1275,CARE India,"Women & child nutrition, sanitation & community health"
F50_REC00098,2021,Mar,Karnataka,Bengaluru,Dengue,128,Low,393169,87370,394,1935,1666,1275,CARE India,"Women & child nutrition, sanitation & community health"
F50_REC00098,2021,Mar,Karnataka,Bengaluru,TB,228,Low,393169,87370,394,1935,1666,1275,CARE India,"Women & child nutrition, sanitation & community health"
F50_REC00099,2022,Jun,Maharashtra,Pune,Malaria,132,Low,334726,74383,360,1743,2797,443,UNICEF India,"Child nutrition, immunization & maternal health programs"
F50_REC00099,2022,Jun,Maharashtra,Pune,Dengue,147,Low,334726,74383,360,1743,2797,443,UNICEF India,"Child nutrition, immunization & maternal health programs"
F50_REC00099,2022,Jun,Maharashtra,Pune,TB,8,Low,334726,74383,360,1743,2797,443,UNICEF India,"Child nutrition, immunization & maternal health programs"
F50_REC00100,2020,Jun,Karnataka,Bengaluru,Malaria,367,Low,140638,31252,51,321,1541,363,Smile Foundation,"Mobile health units, education & livelihood for underserved communities"
F50_REC00100,2020,Jun,Karnataka,Bengaluru,Dengue,148,Low,140638,31252,51,321,1541,363,Smile Foundation,"Mobile health units, education & livelihood for underserved communities"
F50_REC00100,2020,Jun,Karnataka,Bengaluru,TB,77,Low,140638,31252,51,321,1541,363,Smile Foundation,"Mobile health units, education & livelihood for underserved communities"
F50_REC00101,2023,Apr,West Bengal,Siliguri,Malaria,101,Low,476765,105947,176,1339,762,713,WHO India,"Disease surveillance, immunization programs & policy advisory"
F50_REC00101,2023,Apr,West Bengal,Siliguri,Dengue,212,Low,476765,105947,176,1339,762,713,WHO India,"Disease surveillance, immunization programs & policy advisory"
F50_REC00101,2023,Apr,West Bengal,Siliguri,TB,78,Low,476765,105947,176,1339,762,713,WHO India,"Disease surveillance, immunization programs & policy advisory"
F50_REC00102,2022,Jul,Uttar Pradesh,Agra,Malaria,337,Medium,484863,107747,300,1629,1808,1271,UNICEF India,"Child nutrition, immunization & maternal health programs"
F50_REC00102,2022,Jul,Uttar Pradesh,Agra,Dengue,369,Medium,484863,107747,300,1629,1808,1271,UNICEF India,"Child nutrition, immunization & maternal health programs"
F50_REC00102,2022,Jul,Uttar Pradesh,Agra,TB,281,Medium,484863,107747,300,1629,1808,1271,UNICEF India,"Child nutrition, immunization & maternal health programs"
F50_REC00103,2023,Jun,Tamil Nadu,Madurai,Malaria,349,High,133246,29610,43,770,1614,117,UNICEF India,"Child nutrition, immunization & maternal health programs"
F50_REC00103,2023,Jun,Tamil Nadu,Madurai,Dengue,148,High,133246,29610,43,770,1614,117,UNICEF India,"Child nutrition, immunization & maternal health programs"
F50_REC00103,2023,Jun,Tamil Nadu,Madurai,TB,209,High,133246,29610,43,770,1614,117,UNICEF India,"Child nutrition, immunization & maternal health programs"
F50_REC00104,2023,Sep,West Bengal,Howrah,Malaria,145,High,177604,39467,70,632,604,976,CARE India,"Women & child nutrition, sanitation & community health"
F50_REC00104,2023,Sep,West Bengal,Howrah,Dengue,30,High,177604,39467,70,632,604,976,CARE India,"Women & child nutrition, sanitation & community health"
F50_REC00104,2023,Sep,West Bengal,Howrah,TB,247,High,177604,39467,70,632,604,976,CARE India,"Women & child nutrition, sanitation & community health"
F50_REC00105,2023,Feb,West Bengal,Howrah,Malaria,261,High,150990,33553,188,1816,1257,533,CARE India,"Women & child nutrition, sanitation & community health"
F50_REC00105,2023,Feb,West Bengal,Howrah,Dengue,52,High,150990,33553,188,1816,1257,533,CARE India,"Women & child nutrition, sanitation & community health"
F50_REC00105,2023,Feb,West Bengal,Howrah,TB,131,High,150990,33553,188,1816,1257,533,CARE India,"Women & child nutrition, sanitation & community health"
F50_REC00106,2021,Jun,Karnataka,Hubli,Malaria,185,Medium,92854,20634,159,778,1231,1010,NHM,National Health Mission — primary healthcare & ASHA worker deployment
F50_REC00106,2021,Jun,Karnataka,Hubli,Dengue,374,Medium,92854,20634,159,778,1231,1010,NHM,National Health Mission — primary healthcare & ASHA worker deployment
F50_REC00106,2021,Jun,Karnataka,Hubli,TB,64,Medium,92854,20634,159,778,1231,1010,NHM,National Health Mission — primary healthcare & ASHA worker deployment
F50_REC00107,2020,Sep,Gujarat,Surat,Malaria,436,Medium,448537,99674,395,1984,745,1462,Doctors For You,Emergency medical relief & rural health camps
F50_REC00107,2020,Sep,Gujarat,Surat,Dengue,96,Medium,448537,99674,395,1984,745,1462,Doctors For You,Emergency medical relief & rural health camps
F50_REC00107,2020,Sep,Gujarat,Surat,TB,104,Medium,448537,99674,395,1984,745,1462,Doctors For You,Emergency medical relief & rural health camps
F50_REC00108,2020,Jan,Gujarat,Vadodara,Malaria,298,High,460434,102318,367,467,381,1489,WHO India,"Disease surveillance, immunization programs & policy advisory"
F50_REC00108,2020,Jan,Gujarat,Vadodara,Dengue,42,High,460434,102318,367,467,381,1489,WHO India,"Disease surveillance, immunization programs & policy advisory"
F50_REC00108,2020,Jan,Gujarat,Vadodara,TB,203,High,460434,102318,367,467,381,1489,WHO India,"Disease surveillance, immunization programs & policy advisory"
F50_REC00109,2023,Jun,West Bengal,Howrah,Malaria,248,Low,471156,104701,262,1526,1571,876,Smile Foundation,"Mobile health units, education & livelihood for underserved communities"
F50_REC00109,2023,Jun,West Bengal,Howrah,Dengue,102,Low,471156,104701,262,1526,1571,876,Smile Foundation,"Mobile health units, education & livelihood for underserved communities"
F50_REC00109,2023,Jun,West Bengal,Howrah,TB,272,Low,471156,104701,262,1526,1571,876,Smile Foundation,"Mobile health units, education & livelihood for underserved communities"
F50_REC00110,2020,Jul,Gujarat,Surat,Malaria,297,Medium,219769,48837,171,563,2312,1030,Doctors For You,Emergency medical relief & rural health camps
F50_REC00110,2020,Jul,Gujarat,Surat,Dengue,78,Medium,219769,48837,171,563,2312,1030,Doctors For You,Emergency medical relief & rural health camps
F50_REC00110,2020,Jul,Gujarat,Surat,TB,28,Medium,219769,48837,171,563,2312,1030,Doctors For You,Emergency medical relief & rural health camps
F50_REC00111,2020,Apr,Karnataka,Hubli,Malaria,393,Medium,354112,78691,281,1662,2882,572,NHM,National Health Mission — primary healthcare & ASHA worker deployment
F50_REC00111,2020,Apr,Karnataka,Hubli,Dengue,19,Medium,354112,78691,281,1662,2882,572,NHM,National Health Mission — primary healthcare & ASHA worker deployment
F50_REC00111,2020,Apr,Karnataka,Hubli,TB,175,Medium,354112,78691,281,1662,2882,572,NHM,National Health Mission — primary healthcare & ASHA worker deployment
F50_REC00112,2021,Aug,Bihar,Muzaffarpur,Malaria,137,Medium,358768,79726,87,1284,2320,913,NFHS,National health survey & maternal/child health data collection
F50_REC00112,2021,Aug,Bihar,Muzaffarpur,Dengue,142,Medium,358768,79726,87,1284,2320,913,NFHS,National health survey & maternal/child health data collection
F50_REC00112,2021,Aug,Bihar,Muzaffarpur,TB,5,Medium,358768,79726,87,1284,2320,913,NFHS,National health survey & maternal/child health data collection
F50_REC00113,2023,Jan,Gujarat,Vadodara,Malaria,230,Low,143660,31924,374,1023,2195,1493,Doctors For You,Emergency medical relief & rural health camps
F50_REC00113,2023,Jan,Gujarat,Vadodara,Dengue,2,Low,143660,31924,374,1023,2195,1493,Doctors For You,Emergency medical relief & rural health camps
F50_REC00113,2023,Jan,Gujarat,Vadodara,TB,122,Low,143660,31924,374,1023,2195,1493,Doctors For You,Emergency medical relief & rural health camps
F50_REC00114,2020,Aug,West Bengal,Kolkata,Malaria,155,High,235508,52335,111,1336,2998,858,HMIS,Health management information systems & data monitoring
F50_REC00114,2020,Aug,West Bengal,Kolkata,Dengue,209,High,235508,52335,111,1336,2998,858,HMIS,Health management information systems & data monitoring
F50_REC00114,2020,Aug,West Bengal,Kolkata,TB,172,High,235508,52335,111,1336,2998,858,HMIS,Health management information systems & data monitoring
F50_REC00115,2022,Aug,Uttar Pradesh,Agra,Malaria,288,High,219472,48771,67,1952,1786,518,Smile Foundation,"Mobile health units, education & livelihood for underserved communities"
F50_REC00115,2022,Aug,Uttar Pradesh,Agra,Dengue,106,High,219472,48771,67,1952,1786,518,Smile Foundation,"Mobile health units, education & livelihood for underserved communities"
F50_REC00115,2022,Aug,Uttar Pradesh,Agra,TB,243,High,219472,48771,67,1952,1786,518,Smile Foundation,"Mobile health units, education & livelihood for underserved communities"
F50_REC00116,2020,May,Karnataka,Hubli,Malaria,155,High,234369,52082,189,139,1198,1317,CARE India,"Women & child nutrition, sanitation & community health"
F50_REC00116,2020,May,Karnataka,Hubli,Dengue,247,High,234369,52082,189,139,1198,1317,CARE India,"Women & child nutrition, sanitation & community health"
F50_REC00116,2020,May,Karnataka,Hubli,TB,264,High,234369,52082,189,139,1198,1317,CARE India,"Women & child nutrition, sanitation & community health"
F50_REC00117,2020,Jun,Gujarat,Surat,Malaria,229,High,277399,61644,341,535,2278,763,HMIS,Health management information systems & data monitoring
F50_REC00117,2020,Jun,Gujarat,Surat,Dengue,396,High,277399,61644,341,535,2278,763,HMIS,Health management information systems & data monitoring
F50_REC00117,2020,Jun,Gujarat,Surat,TB,43,High,277399,61644,341,535,2278,763,HMIS,Health management information systems & data monitoring
F50_REC00118,2022,Jan,Uttar Pradesh,Agra,Malaria,403,Low,395449,87877,64,1299,2844,587,Smile Foundation,"Mobile health units, education & livelihood for underserved communities"
F50_REC00118,2022,Jan,Uttar Pradesh,Agra,Dengue,118,Low,395449,87877,64,1299,2844,587,Smile Foundation,"Mobile health units, education & livelihood for underserved communities"
F50_REC00118,2022,Jan,Uttar Pradesh,Agra,TB,165,Low,395449,87877,64,1299,2844,587,Smile Foundation,"Mobile health units, education & livelihood for underserved communities"
F50_REC00119,2023,Aug,Tamil Nadu,Madurai,Malaria,280,Medium,75683,16818,178,1010,2322,279,NHM,National Health Mission — primary healthcare & ASHA worker deployment
F50_REC00119,2023,Aug,Tamil Nadu,Madurai,Dengue,89,Medium,75683,16818,178,1010,2322,279,NHM,National Health Mission — primary healthcare & ASHA worker deployment
F50_REC00119,2023,Aug,Tamil Nadu,Madurai,TB,14,Medium,75683,16818,178,1010,2322,279,NHM,National Health Mission — primary healthcare & ASHA worker deployment
F50_REC00120,2022,Aug,Tamil Nadu,Chennai,Malaria,179,Medium,213389,47419,281,900,2223,1221,Smile Foundation,"Mobile health units, education & livelihood for underserved communities"
F50_REC00120,2022,Aug,Tamil Nadu,Chennai,Dengue,138,Medium,213389,47419,281,900,2223,1221,Smile Foundation,"Mobile health units, education & livelihood for underserved communities"
F50_REC00120,2022,Aug,Tamil Nadu,Chennai,TB,272,Medium,213389,47419,281,900,2223,1221,Smile Foundation,"Mobile health units, education & livelihood for underserved communities"
F50_REC00121,2022,May,Tamil Nadu,Madurai,Malaria,17,High,334481,74329,187,1664,269,1472,CARE India,"Women & child nutrition, sanitation & community health"
F50_REC00121,2022,May,Tamil Nadu,Madurai,Dengue,56,High,334481,74329,187,1664,269,1472,CARE India,"Women & child nutrition, sanitation & community health"
F50_REC00121,2022,May,Tamil Nadu,Madurai,TB,83,High,334481,74329,187,1664,269,1472,CARE India,"Women & child nutrition, sanitation & community health"
F50_REC00122,2022,Apr,Tamil Nadu,Coimbatore,Malaria,426,Low,369006,82001,160,951,2712,71,WHO India,"Disease surveillance, immunization programs & policy advisory"
F50_REC00122,2022,Apr,Tamil Nadu,Coimbatore,Dengue,235,Low,369006,82001,160,951,2712,71,WHO India,"Disease surveillance, immunization programs & policy advisory"
F50_REC00122,2022,Apr,Tamil Nadu,Coimbatore,TB,18,Low,369006,82001,160,951,2712,71,WHO India,"Disease surveillance, immunization programs & policy advisory"
F50_REC00123,2021,Feb,Uttar Pradesh,Varanasi,Malaria,189,Medium,264442,58764,249,982,1588,668,NFHS,National health survey & maternal/child health data collection
F50_REC00123,2021,Feb,Uttar Pradesh,Varanasi,Dengue,329,Medium,264442,58764,249,982,1588,668,NFHS,National health survey & maternal/child health data collection
F50_REC00123,2021,Feb,Uttar Pradesh,Varanasi,TB,169,Medium,264442,58764,249,982,1588,668,NFHS,National health survey & maternal/child health data collection
F50_REC00124,2021,May,Uttar Pradesh,Lucknow,Malaria,366,Medium,272275,60505,49,1316,879,1006,Doctors For You,Emergency medical relief & rural health camps
F50_REC00124,2021,May,Uttar Pradesh,Lucknow,Dengue,93,Medium,272275,60505,49,1316,879,1006,Doctors For You,Emergency medical relief & rural health camps
F50_REC00124,2021,May,Uttar Pradesh,Lucknow,TB,291,Medium,272275,60505,49,1316,879,1006,Doctors For You,Emergency medical relief & rural health camps
F50_REC00125,2021,Feb,Uttar Pradesh,Varanasi,Malaria,472,High,481770,107060,389,1833,2795,261,NHM,National Health Mission — primary healthcare & ASHA worker deployment
F50_REC00125,2021,Feb,Uttar Pradesh,Varanasi,Dengue,31,High,481770,107060,389,1833,2795,261,NHM,National Health Mission — primary healthcare & ASHA worker deployment
F50_REC00125,2021,Feb,Uttar Pradesh,Varanasi,TB,230,High,481770,107060,389,1833,2795,261,NHM,National Health Mission — primary healthcare & ASHA worker deployment
F50_REC00126,2023,May,West Bengal,Howrah,Malaria,81,Low,273613,60802,342,1360,2129,822,WHO India,"Disease surveillance, immunization programs & policy advisory"
F50_REC00126,2023,May,West Bengal,Howrah,Dengue,195,Low,273613,60802,342,1360,2129,822,WHO India,"Disease surveillance, immunization programs & policy advisory"
F50_REC00126,2023,May,West Bengal,Howrah,TB,278,Low,273613,60802,342,1360,2129,822,WHO India,"Disease surveillance, immunization programs & policy advisory"
F50_REC00127,2020,Apr,Karnataka,Hubli,Malaria,195,High,94963,21102,377,1640,1400,955,UNICEF India,"Child nutrition, immunization & maternal health programs"
F50_REC00127,2020,Apr,Karnataka,Hubli,Dengue,309,High,94963,21102,377,1640,1400,955,UNICEF India,"Child nutrition, immunization & maternal health programs"
F50_REC00127,2020,Apr,Karnataka,Hubli,TB,67,High,94963,21102,377,1640,1400,955,UNICEF India,"Child nutrition, immunization & maternal health programs"
F50_REC00128,2021,May,West Bengal,Howrah,Malaria,107,Medium,215409,47868,183,127,2559,779,NHM,National Health Mission — primary healthcare & ASHA worker deployment
F50_REC00128,2021,May,West Bengal,Howrah,Dengue,176,Medium,215409,47868,183,127,2559,779,NHM,National Health Mission — primary healthcare & ASHA worker deployment
F50_REC00128,2021,May,West Bengal,Howrah,TB,142,Medium,215409,47868,183,127,2559,779,NHM,National Health Mission — primary healthcare & ASHA worker deployment
F50_REC00129,2023,Mar,Maharashtra,Pune,Malaria,496,High,159604,35467,115,626,1933,693,NFHS,National health survey & maternal/child health data collection
F50_REC00129,2023,Mar,Maharashtra,Pune,Dengue,310,High,159604,35467,115,626,1933,693,NFHS,National health survey & maternal/child health data collection
F50_REC00129,2023,Mar,Maharashtra,Pune,TB,12,High,159604,35467,115,626,1933,693,NFHS,National health survey & maternal/child health data collection
F50_REC00130,2020,Mar,Maharashtra,Mumbai,Malaria,144,Low,258267,57392,164,262,2648,1463,HMIS,Health management information systems & data monitoring
F50_REC00130,2020,Mar,Maharashtra,Mumbai,Dengue,222,Low,258267,57392,164,262,2648,1463,HMIS,Health management information systems & data monitoring
F50_REC00130,2020,Mar,Maharashtra,Mumbai,TB,166,Low,258267,57392,164,262,2648,1463,HMIS,Health management information systems & data monitoring
F50_REC00131,2020,Feb,Maharashtra,Mumbai,Malaria,239,Low,162829,36184,131,1182,265,710,CARE India,"Women & child nutrition, sanitation & community health"
F50_REC00131,2020,Feb,Maharashtra,Mumbai,Dengue,88,Low,162829,36184,131,1182,265,710,CARE India,"Women & child nutrition, sanitation & community health"
F50_REC00131,2020,Feb,Maharashtra,Mumbai,TB,128,Low,162829,36184,131,1182,265,710,CARE India,"Women & child nutrition, sanitation & community health"
F50_REC00132,2022,May,Uttar Pradesh,Agra,Malaria,356,Low,365637,81252,177,753,1610,916,HMIS,Health management information systems & data monitoring
F50_REC00132,2022,May,Uttar Pradesh,Agra,Dengue,43,Low,365637,81252,177,753,1610,916,HMIS,Health management information systems & data monitoring
F50_REC00132,2022,May,Uttar Pradesh,Agra,TB,106,Low,365637,81252,177,753,1610,916,HMIS,Health management information systems & data monitoring
F50_REC00133,2022,Aug,Gujarat,Surat,Malaria,473,High,474718,105492,151,906,1333,111,NHM,National Health Mission — primary healthcare & ASHA worker deployment
F50_REC00133,2022,Aug,Gujarat,Surat,Dengue,132,High,474718,105492,151,906,1333,111,NHM,National Health Mission — primary healthcare & ASHA worker deployment
F50_REC00133,2022,Aug,Gujarat,Surat,TB,216,High,474718,105492,151,906,1333,111,NHM,National Health Mission — primary healthcare & ASHA worker deployment
F50_REC00134,2020,Aug,West Bengal,Siliguri,Malaria,340,Low,473249,105166,301,1691,741,698,HMIS,Health management information systems & data monitoring
F50_REC00134,2020,Aug,West Bengal,Siliguri,Dengue,189,Low,473249,105166,301,1691,741,698,HMIS,Health management information systems & data monitoring
F50_REC00134,2020,Aug,West Bengal,Siliguri,TB,57,Low,473249,105166,301,1691,741,698,HMIS,Health management information systems & data monitoring
F50_REC00135,2021,Feb,Bihar,Muzaffarpur,Malaria,264,Low,228372,50749,98,491,2143,1299,NHM,National Health Mission — primary healthcare & ASHA worker deployment
F50_REC00135,2021,Feb,Bihar,Muzaffarpur,Dengue,63,Low,228372,50749,98,491,2143,1299,NHM,National Health Mission — primary healthcare & ASHA worker deployment
F50_REC00135,2021,Feb,Bihar,Muzaffarpur,TB,257,Low,228372,50749,98,491,2143,1299,NHM,National Health Mission — primary healthcare & ASHA worker deployment
F50_REC00136,2021,Jan,Gujarat,Ahmedabad,Malaria,380,Medium,444936,98874,350,241,3000,1220,WHO India,"Disease surveillance, immunization programs & policy advisory"
F50_REC00136,2021,Jan,Gujarat,Ahmedabad,Dengue,232,Medium,444936,98874,350,241,3000,1220,WHO India,"Disease surveillance, immunization programs & policy advisory"
F50_REC00136,2021,Jan,Gujarat,Ahmedabad,TB,233,Medium,444936,98874,350,241,3000,1220,WHO India,"Disease surveillance, immunization programs & policy advisory"
F50_REC00137,2023,Aug,Tamil Nadu,Madurai,Malaria,4,Low,252719,56159,235,1296,1326,1104,HMIS,Health management information systems & data monitoring
F50_REC00137,2023,Aug,Tamil Nadu,Madurai,Dengue,247,Low,252719,56159,235,1296,1326,1104,HMIS,Health management information systems & data monitoring
F50_REC00137,2023,Aug,Tamil Nadu,Madurai,TB,39,Low,252719,56159,235,1296,1326,1104,HMIS,Health management information systems & data monitoring
F50_REC00138,2021,Jun,Maharashtra,Mumbai,Malaria,338,Medium,64505,14334,378,1373,1652,126,NHM,National Health Mission — primary healthcare & ASHA worker deployment
F50_REC00138,2021,Jun,Maharashtra,Mumbai,Dengue,114,Medium,64505,14334,378,1373,1652,126,NHM,National Health Mission — primary healthcare & ASHA worker deployment
F50_REC00138,2021,Jun,Maharashtra,Mumbai,TB,83,Medium,64505,14334,378,1373,1652,126,NHM,National Health Mission — primary healthcare & ASHA worker deployment
F50_REC00139,2022,Jun,Uttar Pradesh,Lucknow,Malaria,274,Low,181894,40420,364,1548,1927,406,HMIS,Health management information systems & data monitoring
F50_REC00139,2022,Jun,Uttar Pradesh,Lucknow,Dengue,97,Low,181894,40420,364,1548,1927,406,HMIS,Health management information systems & data monitoring
F50_REC00139,2022,Jun,Uttar Pradesh,Lucknow,TB,7,Low,181894,40420,364,1548,1927,406,HMIS,Health management information systems & data monitoring
F50_REC00140,2022,Apr,Gujarat,Ahmedabad,Malaria,341,Low,215167,47814,236,715,568,64,CARE India,"Women & child nutrition, sanitation & community health"
F50_REC00140,2022,Apr,Gujarat,Ahmedabad,Dengue,84,Low,215167,47814,236,715,568,64,CARE India,"Women & child nutrition, sanitation & community health"
F50_REC00140,2022,Apr,Gujarat,Ahmedabad,TB,251,Low,215167,47814,236,715,568,64,CARE India,"Women & child nutrition, sanitation & community health"
F50_REC00141,2023,Jun,Bihar,Gaya,Malaria,319,Medium,263159,58479,56,1864,2215,842,WHO India,"Disease surveillance, immunization programs & policy advisory"
F50_REC00141,2023,Jun,Bihar,Gaya,Dengue,157,Medium,263159,58479,56,1864,2215,842,WHO India,"Disease surveillance, immunization programs & policy advisory"
F50_REC00141,2023,Jun,Bihar,Gaya,TB,94,Medium,263159,58479,56,1864,2215,842,WHO India,"Disease surveillance, immunization programs & policy advisory"
F50_REC00142,2022,Feb,West Bengal,Howrah,Malaria,385,Medium,52610,11691,174,1334,1986,335,CARE India,"Women & child nutrition, sanitation & community health"
F50_REC00142,2022,Feb,West Bengal,Howrah,Dengue,357,Medium,52610,11691,174,1334,1986,335,CARE India,"Women & child nutrition, sanitation & community health"
F50_REC00142,2022,Feb,West Bengal,Howrah,TB,170,Medium,52610,11691,174,1334,1986,335,CARE India,"Women & child nutrition, sanitation & community health"
F50_REC00143,2023,Jun,Uttar Pradesh,Lucknow,Malaria,357,Low,273325,60738,192,1825,1156,185,Doctors For You,Emergency medical relief & rural health camps
F50_REC00143,2023,Jun,Uttar Pradesh,Lucknow,Dengue,232,Low,273325,60738,192,1825,1156,185,Doctors For You,Emergency medical relief & rural health camps
F50_REC00143,2023,Jun,Uttar Pradesh,Lucknow,TB,7,Low,273325,60738,192,1825,1156,185,Doctors For You,Emergency medical relief & rural health camps
F50_REC00144,2020,Sep,Tamil Nadu,Madurai,Malaria,73,Low,206024,45783,193,785,2174,1281,Smile Foundation,"Mobile health units, education & livelihood for underserved communities"
F50_REC00144,2020,Sep,Tamil Nadu,Madurai,Dengue,119,Low,206024,45783,193,785,2174,1281,Smile Foundation,"Mobile health units, education & livelihood for underserved communities"
F50_REC00144,2020,Sep,Tamil Nadu,Madurai,TB,206,Low,206024,45783,193,785,2174,1281,Smile Foundation,"Mobile health units, education & livelihood for underserved communities"
F50_REC00145,2022,Feb,Bihar,Gaya,Malaria,192,High,143263,31836,391,1405,1951,70,UNICEF India,"Child nutrition, immunization & maternal health programs"
F50_REC00145,2022,Feb,Bihar,Gaya,Dengue,389,High,143263,31836,391,1405,1951,70,UNICEF India,"Child nutrition, immunization & maternal health programs"
F50_REC00145,2022,Feb,Bihar,Gaya,TB,58,High,143263,31836,391,1405,1951,70,UNICEF India,"Child nutrition, immunization & maternal health programs"
F50_REC00146,2022,May,Karnataka,Hubli,Malaria,375,High,493885,109752,174,1168,1293,1280,NFHS,National health survey & maternal/child health data collection
F50_REC00146,2022,May,Karnataka,Hubli,Dengue,40,High,493885,109752,174,1168,1293,1280,NFHS,National health survey & maternal/child health data collection
F50_REC00146,2022,May,Karnataka,Hubli,TB,116,High,493885,109752,174,1168,1293,1280,NFHS,National health survey & maternal/child health data collection
F50_REC00147,2022,Jan,Tamil Nadu,Chennai,Malaria,197,Low,230529,51228,372,1817,2842,1487,Doctors For You,Emergency medical relief & rural health camps
F50_REC00147,2022,Jan,Tamil Nadu,Chennai,Dengue,75,Low,230529,51228,372,1817,2842,1487,Doctors For You,Emergency medical relief & rural health camps
F50_REC00147,2022,Jan,Tamil Nadu,Chennai,TB,117,Low,230529,51228,372,1817,2842,1487,Doctors For You,Emergency medical relief & rural health camps
F50_REC00148,2023,Apr,West Bengal,Howrah,Malaria,48,Medium,360114,80025,376,495,1713,647,Smile Foundation,"Mobile health units, education & livelihood for underserved communities"
F50_REC00148,2023,Apr,West Bengal,Howrah,Dengue,145,Medium,360114,80025,376,495,1713,647,Smile Foundation,"Mobile health units, education & livelihood for underserved communities"
F50_REC00148,2023,Apr,West Bengal,Howrah,TB,186,Medium,360114,80025,376,495,1713,647,Smile Foundation,"Mobile health units, education & livelihood for underserved communities"
F50_REC00149,2020,Sep,Gujarat,Surat,Malaria,454,Low,123877,27528,145,971,2722,848,Smile Foundation,"Mobile health units, education & livelihood for underserved communities"
F50_REC00149,2020,Sep,Gujarat,Surat,Dengue,227,Low,123877,27528,145,971,2722,848,Smile Foundation,"Mobile health units, education & livelihood for underserved communities"
F50_REC00149,2020,Sep,Gujarat,Surat,TB,106,Low,123877,27528,145,971,2722,848,Smile Foundation,"Mobile health units, education & livelihood for underserved communities"
F50_REC00150,2023,Sep,Bihar,Muzaffarpur,Malaria,263,Medium,429986,95552,212,1661,1421,968,Doctors For You,Emergency medical relief & rural health camps
F50_REC00150,2023,Sep,Bihar,Muzaffarpur,Dengue,63,Medium,429986,95552,212,1661,1421,968,Doctors For You,Emergency medical relief & rural health camps
F50_REC00150,2023,Sep,Bihar,Muzaffarpur,TB,137,Medium,429986,95552,212,1661,1421,968,Doctors For You,Emergency medical relief & rural health camps
F50_REC00151,2022,Jan,Gujarat,Ahmedabad,Malaria,15,High,231334,51407,393,1374,2138,817,Smile Foundation,"Mobile health units, education & livelihood for underserved communities"
F50_REC00151,2022,Jan,Gujarat,Ahmedabad,Dengue,89,High,231334,51407,393,1374,2138,817,Smile Foundation,"Mobile health units, education & livelihood for underserved communities"
F50_REC00151,2022,Jan,Gujarat,Ahmedabad,TB,280,High,231334,51407,393,1374,2138,817,Smile Foundation,"Mobile health units, education & livelihood for underserved communities"
F50_REC00152,2021,Feb,West Bengal,Siliguri,Malaria,376,Medium,417571,92793,323,1210,2910,1092,UNICEF India,"Child nutrition, immunization & maternal health programs"
F50_REC00152,2021,Feb,West Bengal,Siliguri,Dengue,6,Medium,417571,92793,323,1210,2910,1092,UNICEF India,"Child nutrition, immunization & maternal health programs"
F50_REC00152,2021,Feb,West Bengal,Siliguri,TB,27,Medium,417571,92793,323,1210,2910,1092,UNICEF India,"Child nutrition, immunization & maternal health programs"
F50_REC00153,2020,Jan,Tamil Nadu,Coimbatore,Malaria,246,High,443674,98594,374,1999,2639,308,WHO India,"Disease surveillance, immunization programs & policy advisory"
F50_REC00153,2020,Jan,Tamil Nadu,Coimbatore,Dengue,78,High,443674,98594,374,1999,2639,308,WHO India,"Disease surveillance, immunization programs & policy advisory"
F50_REC00153,2020,Jan,Tamil Nadu,Coimbatore,TB,92,High,443674,98594,374,1999,2639,308,WHO India,"Disease surveillance, immunization programs & policy advisory"
F50_REC00154,2022,Sep,Karnataka,Hubli,Malaria,500,High,354947,78877,334,1902,2922,647,Smile Foundation,"Mobile health units, education & livelihood for underserved communities"
F50_REC00154,2022,Sep,Karnataka,Hubli,Dengue,106,High,354947,78877,334,1902,2922,647,Smile Foundation,"Mobile health units, education & livelihood for underserved communities"
F50_REC00154,2022,Sep,Karnataka,Hubli,TB,247,High,354947,78877,334,1902,2922,647,Smile Foundation,"Mobile health units, education & livelihood for underserved communities"
F50_REC00155,2022,Sep,Uttar Pradesh,Varanasi,Malaria,332,Medium,449740,99942,238,1288,623,489,CARE India,"Women & child nutrition, sanitation & community health"
F50_REC00155,2022,Sep,Uttar Pradesh,Varanasi,Dengue,311,Medium,449740,99942,238,1288,623,489,CARE India,"Women & child nutrition, sanitation & community health"
F50_REC00155,2022,Sep,Uttar Pradesh,Varanasi,TB,79,Medium,449740,99942,238,1288,623,489,CARE India,"Women & child nutrition, sanitation & community health"
F50_REC00156,2020,Feb,Karnataka,Bengaluru,Malaria,286,Low,457901,101755,267,214,685,1215,NFHS,National health survey & maternal/child health data collection
F50_REC00156,2020,Feb,Karnataka,Bengaluru,Dengue,32,Low,457901,101755,267,214,685,1215,NFHS,National health survey & maternal/child health data collection
F50_REC00156,2020,Feb,Karnataka,Bengaluru,TB,286,Low,457901,101755,267,214,685,1215,NFHS,National health survey & maternal/child health data collection
F50_REC00157,2020,Jun,Uttar Pradesh,Agra,Malaria,68,Medium,239018,53115,114,1157,1881,1473,UNICEF India,"Child nutrition, immunization & maternal health programs"
F50_REC00157,2020,Jun,Uttar Pradesh,Agra,Dengue,326,Medium,239018,53115,114,1157,1881,1473,UNICEF India,"Child nutrition, immunization & maternal health programs"
F50_REC00157,2020,Jun,Uttar Pradesh,Agra,TB,70,Medium,239018,53115,114,1157,1881,1473,UNICEF India,"Child nutrition, immunization & maternal health programs"
F50_REC00158,2020,Aug,Uttar Pradesh,Lucknow,Malaria,458,Medium,104212,23158,104,636,834,956,Smile Foundation,"Mobile health units, education & livelihood for underserved communities"
F50_REC00158,2020,Aug,Uttar Pradesh,Lucknow,Dengue,253,Medium,104212,23158,104,636,834,956,Smile Foundation,"Mobile health units, education & livelihood for underserved communities"
F50_REC00158,2020,Aug,Uttar Pradesh,Lucknow,TB,187,Medium,104212,23158,104,636,834,956,Smile Foundation,"Mobile health units, education & livelihood for underserved communities"
F50_REC00159,2022,Apr,Karnataka,Bengaluru,Malaria,196,High,137384,30529,146,948,2012,463,NFHS,National health survey & maternal/child health data collection
F50_REC00159,2022,Apr,Karnataka,Bengaluru,Dengue,225,High,137384,30529,146,948,2012,463,NFHS,National health survey & maternal/child health data collection
F50_REC00159,2022,Apr,Karnataka,Bengaluru,TB,275,High,137384,30529,146,948,2012,463,NFHS,National health survey & maternal/child health data collection
F50_REC00160,2021,Sep,Tamil Nadu,Madurai,Malaria,389,Low,394877,87750,95,473,202,1090,UNICEF India,"Child nutrition, immunization & maternal health programs"
F50_REC00160,2021,Sep,Tamil Nadu,Madurai,Dengue,2,Low,394877,87750,95,473,202,1090,UNICEF India,"Child nutrition, immunization & maternal health programs"
F50_REC00160,2021,Sep,Tamil Nadu,Madurai,TB,295,Low,394877,87750,95,473,202,1090,UNICEF India,"Child nutrition, immunization & maternal health programs"
F50_REC00161,2023,Sep,West Bengal,Howrah,Malaria,318,High,83365,18525,99,567,1120,1281,NFHS,National health survey & maternal/child health data collection
F50_REC00161,2023,Sep,West Bengal,Howrah,Dengue,106,High,83365,18525,99,567,1120,1281,NFHS,National health survey & maternal/child health data collection
F50_REC00161,2023,Sep,West Bengal,Howrah,TB,201,High,83365,18525,99,567,1120,1281,NFHS,National health survey & maternal/child health data collection
F50_REC00162,2020,May,West Bengal,Kolkata,Malaria,264,Low,404192,89820,112,109,503,1111,NHM,National Health Mission — primary healthcare & ASHA worker deployment
F50_REC00162,2020,May,West Bengal,Kolkata,Dengue,53,Low,404192,89820,112,109,503,1111,NHM,National Health Mission — primary healthcare & ASHA worker deployment
F50_REC00162,2020,May,West Bengal,Kolkata,TB,20,Low,404192,89820,112,109,503,1111,NHM,National Health Mission — primary healthcare & ASHA worker deployment
F50_REC00163,2020,Mar,Tamil Nadu,Madurai,Malaria,321,Medium,151837,33741,237,990,991,1229,NHM,National Health Mission — primary healthcare & ASHA worker deployment
F50_REC00163,2020,Mar,Tamil Nadu,Madurai,Dengue,287,Medium,151837,33741,237,990,991,1229,NHM,National Health Mission — primary healthcare & ASHA worker deployment
F50_REC00163,2020,Mar,Tamil Nadu,Madurai,TB,166,Medium,151837,33741,237,990,991,1229,NHM,National Health Mission — primary healthcare & ASHA worker deployment
F50_REC00164,2020,Sep,Gujarat,Vadodara,Malaria,308,Low,204992,45553,342,315,2579,479,Smile Foundation,"Mobile health units, education & livelihood for underserved communities"
F50_REC00164,2020,Sep,Gujarat,Vadodara,Dengue,162,Low,204992,45553,342,315,2579,479,Smile Foundation,"Mobile health units, education & livelihood for underserved communities"
F50_REC00164,2020,Sep,Gujarat,Vadodara,TB,234,Low,204992,45553,342,315,2579,479,Smile Foundation,"Mobile health units, education & livelihood for underserved communities"
F50_REC00165,2020,Aug,Bihar,Muzaffarpur,Malaria,112,High,372729,82828,168,1186,1358,1096,WHO India,"Disease surveillance, immunization programs & policy advisory"
F50_REC00165,2020,Aug,Bihar,Muzaffarpur,Dengue,157,High,372729,82828,168,1186,1358,1096,WHO India,"Disease surveillance, immunization programs & policy advisory"
F50_REC00165,2020,Aug,Bihar,Muzaffarpur,TB,84,High,372729,82828,168,1186,1358,1096,WHO India,"Disease surveillance, immunization programs & policy advisory"
F50_REC00166,2023,Jul,Uttar Pradesh,Agra,Malaria,334,Medium,136700,30377,217,843,454,1028,UNICEF India,"Child nutrition, immunization & maternal health programs"
F50_REC00166,2023,Jul,Uttar Pradesh,Agra,Dengue,218,Medium,136700,30377,217,843,454,1028,UNICEF India,"Child nutrition, immunization & maternal health programs"
F50_REC00166,2023,Jul,Uttar Pradesh,Agra,TB,208,Medium,136700,30377,217,843,454,1028,UNICEF India,"Child nutrition, immunization & maternal health programs"
F50_REC00167,2021,Jan,West Bengal,Howrah,Malaria,487,Low,411037,91341,396,319,1297,101,CARE India,"Women & child nutrition, sanitation & community health"
F50_REC00167,2021,Jan,West Bengal,Howrah,Dengue,280,Low,411037,91341,396,319,1297,101,CARE India,"Women & child nutrition, sanitation & community health"
F50_REC00167,2021,Jan,West Bengal,Howrah,TB,9,Low,411037,91341,396,319,1297,101,CARE India,"Women & child nutrition, sanitation & community health"
F50_REC00168,2022,Jul,Karnataka,Mysuru,Malaria,11,Medium,214969,47770,261,929,634,1132,WHO India,"Disease surveillance, immunization programs & policy advisory"
F50_REC00168,2022,Jul,Karnataka,Mysuru,Dengue,388,Medium,214969,47770,261,929,634,1132,WHO India,"Disease surveillance, immunization programs & policy advisory"
F50_REC00168,2022,Jul,Karnataka,Mysuru,TB,63,Medium,214969,47770,261,929,634,1132,WHO India,"Disease surveillance, immunization programs & policy advisory"
F50_REC00169,2020,Feb,Bihar,Muzaffarpur,Malaria,310,Medium,61810,13735,140,224,942,298,CARE India,"Women & child nutrition, sanitation & community health"
F50_REC00169,2020,Feb,Bihar,Muzaffarpur,Dengue,300,Medium,61810,13735,140,224,942,298,CARE India,"Women & child nutrition, sanitation & community health"
F50_REC00169,2020,Feb,Bihar,Muzaffarpur,TB,217,Medium,61810,13735,140,224,942,298,CARE India,"Women & child nutrition, sanitation & community health"
F50_REC00170,2020,May,Uttar Pradesh,Agra,Malaria,181,Low,208993,46442,324,1608,1279,874,Smile Foundation,"Mobile health units, education & livelihood for underserved communities"
F50_REC00170,2020,May,Uttar Pradesh,Agra,Dengue,171,Low,208993,46442,324,1608,1279,874,Smile Foundation,"Mobile health units, education & livelihood for underserved communities"
F50_REC00170,2020,May,Uttar Pradesh,Agra,TB,34,Low,208993,46442,324,1608,1279,874,Smile Foundation,"Mobile health units, education & livelihood for underserved communities"
F50_REC00171,2020,Sep,Gujarat,Surat,Malaria,303,Medium,396396,88088,89,1175,1857,766,NHM,National Health Mission — primary healthcare & ASHA worker deployment
F50_REC00171,2020,Sep,Gujarat,Surat,Dengue,387,Medium,396396,88088,89,1175,1857,766,NHM,National Health Mission — primary healthcare & ASHA worker deployment
F50_REC00171,2020,Sep,Gujarat,Surat,TB,38,Medium,396396,88088,89,1175,1857,766,NHM,National Health Mission — primary healthcare & ASHA worker deployment
F50_REC00172,2020,Jul,Karnataka,Hubli,Malaria,164,Low,247421,54982,155,1005,1803,1259,Doctors For You,Emergency medical relief & rural health camps
F50_REC00172,2020,Jul,Karnataka,Hubli,Dengue,180,Low,247421,54982,155,1005,1803,1259,Doctors For You,Emergency medical relief & rural health camps
F50_REC00172,2020,Jul,Karnataka,Hubli,TB,214,Low,247421,54982,155,1005,1803,1259,Doctors For You,Emergency medical relief & rural health camps
F50_REC00173,2023,Sep,Tamil Nadu,Coimbatore,Malaria,313,Low,227279,50506,192,1298,2428,116,NFHS,National health survey & maternal/child health data collection
F50_REC00173,2023,Sep,Tamil Nadu,Coimbatore,Dengue,121,Low,227279,50506,192,1298,2428,116,NFHS,National health survey & maternal/child health data collection
F50_REC00173,2023,Sep,Tamil Nadu,Coimbatore,TB,68,Low,227279,50506,192,1298,2428,116,NFHS,National health survey & maternal/child health data collection
F50_REC00174,2020,Jun,West Bengal,Kolkata,Malaria,303,Medium,84264,18725,57,1321,1338,1024,NFHS,National health survey & maternal/child health data collection
F50_REC00174,2020,Jun,West Bengal,Kolkata,Dengue,299,Medium,84264,18725,57,1321,1338,1024,NFHS,National health survey & maternal/child health data collection
F50_REC00174,2020,Jun,West Bengal,Kolkata,TB,67,Medium,84264,18725,57,1321,1338,1024,NFHS,National health survey & maternal/child health data collection
F50_REC00175,2020,Jan,Tamil Nadu,Madurai,Malaria,285,High,176540,39231,122,654,2258,407,UNICEF India,"Child nutrition, immunization & maternal health programs"
F50_REC00175,2020,Jan,Tamil Nadu,Madurai,Dengue,153,High,176540,39231,122,654,2258,407,UNICEF India,"Child nutrition, immunization & maternal health programs"
F50_REC00175,2020,Jan,Tamil Nadu,Madurai,TB,132,High,176540,39231,122,654,2258,407,UNICEF India,"Child nutrition, immunization & maternal health programs"
F50_REC00176,2021,Jan,Maharashtra,Nagpur,Malaria,350,Medium,147643,32809,202,1958,1823,437,NHM,National Health Mission — primary healthcare & ASHA worker deployment
F50_REC00176,2021,Jan,Maharashtra,Nagpur,Dengue,260,Medium,147643,32809,202,1958,1823,437,NHM,National Health Mission — primary healthcare & ASHA worker deployment
F50_REC00176,2021,Jan,Maharashtra,Nagpur,TB,25,Medium,147643,32809,202,1958,1823,437,NHM,National Health Mission — primary healthcare & ASHA worker deployment
F50_REC00177,2022,Jul,West Bengal,Kolkata,Malaria,156,Low,139968,31104,242,1024,494,1331,Doctors For You,Emergency medical relief & rural health camps
F50_REC00177,2022,Jul,West Bengal,Kolkata,Dengue,321,Low,139968,31104,242,1024,494,1331,Doctors For You,Emergency medical relief & rural health camps
F50_REC00177,2022,Jul,West Bengal,Kolkata,TB,50,Low,139968,31104,242,1024,494,1331,Doctors For You,Emergency medical relief & rural health camps
F50_REC00178,2021,Feb,Gujarat,Vadodara,Malaria,283,High,309939,68875,356,1979,664,701,NFHS,National health survey & maternal/child health data collection
F50_REC00178,2021,Feb,Gujarat,Vadodara,Dengue,382,High,309939,68875,356,1979,664,701,NFHS,National health survey & maternal/child health data collection
F50_REC00178,2021,Feb,Gujarat,Vadodara,TB,195,High,309939,68875,356,1979,664,701,NFHS,National health survey & maternal/child health data collection
F50_REC00179,2023,Jun,West Bengal,Howrah,Malaria,23,High,62008,13779,191,184,2287,1059,UNICEF India,"Child nutrition, immunization & maternal health programs"
F50_REC00179,2023,Jun,West Bengal,Howrah,Dengue,244,High,62008,13779,191,184,2287,1059,UNICEF India,"Child nutrition, immunization & maternal health programs"
F50_REC00179,2023,Jun,West Bengal,Howrah,TB,132,High,62008,13779,191,184,2287,1059,UNICEF India,"Child nutrition, immunization & maternal health programs"
F50_REC00180,2021,Mar,Gujarat,Surat,Malaria,375,High,296555,65901,317,1440,1455,757,Doctors For You,Emergency medical relief & rural health camps
F50_REC00180,2021,Mar,Gujarat,Surat,Dengue,36,High,296555,65901,317,1440,1455,757,Doctors For You,Emergency medical relief & rural health camps
F50_REC00180,2021,Mar,Gujarat,Surat,TB,207,High,296555,65901,317,1440,1455,757,Doctors For You,Emergency medical relief & rural health camps
F50_REC00181,2020,Sep,Bihar,Gaya,Malaria,350,Medium,498510,110780,263,710,1662,1293,UNICEF India,"Child nutrition, immunization & maternal health programs"
F50_REC00181,2020,Sep,Bihar,Gaya,Dengue,301,Medium,498510,110780,263,710,1662,1293,UNICEF India,"Child nutrition, immunization & maternal health programs"
F50_REC00181,2020,Sep,Bihar,Gaya,TB,136,Medium,498510,110780,263,710,1662,1293,UNICEF India,"Child nutrition, immunization & maternal health programs"
F50_REC00182,2020,May,Gujarat,Ahmedabad,Malaria,393,Low,456297,101399,87,566,1442,339,Smile Foundation,"Mobile health units, education & livelihood for underserved communities"
F50_REC00182,2020,May,Gujarat,Ahmedabad,Dengue,395,Low,456297,101399,87,566,1442,339,Smile Foundation,"Mobile health units, education & livelihood for underserved communities"
F50_REC00182,2020,May,Gujarat,Ahmedabad,TB,160,Low,456297,101399,87,566,1442,339,Smile Foundation,"Mobile health units, education & livelihood for underserved communities"
F50_REC00183,2023,Apr,Uttar Pradesh,Agra,Malaria,197,Low,320573,71238,243,579,981,879,NHM,National Health Mission — primary healthcare & ASHA worker deployment
F50_REC00183,2023,Apr,Uttar Pradesh,Agra,Dengue,380,Low,320573,71238,243,579,981,879,NHM,National Health Mission — primary healthcare & ASHA worker deployment
F50_REC00183,2023,Apr,Uttar Pradesh,Agra,TB,32,Low,320573,71238,243,579,981,879,NHM,National Health Mission — primary healthcare & ASHA worker deployment
F50_REC00184,2021,May,Uttar Pradesh,Varanasi,Malaria,136,Low,78853,17522,369,1798,2261,340,HMIS,Health management information systems & data monitoring
F50_REC00184,2021,May,Uttar Pradesh,Varanasi,Dengue,180,Low,78853,17522,369,1798,2261,340,HMIS,Health management information systems & data monitoring
F50_REC00184,2021,May,Uttar Pradesh,Varanasi,TB,111,Low,78853,17522,369,1798,2261,340,HMIS,Health management information systems & data monitoring
F50_REC00185,2020,Feb,Karnataka,Hubli,Malaria,324,Medium,85137,18919,329,240,944,201,CARE India,"Women & child nutrition, sanitation & community health"
F50_REC00185,2020,Feb,Karnataka,Hubli,Dengue,295,Medium,85137,18919,329,240,944,201,CARE India,"Women & child nutrition, sanitation & community health"
F50_REC00185,2020,Feb,Karnataka,Hubli,TB,207,Medium,85137,18919,329,240,944,201,CARE India,"Women & child nutrition, sanitation & community health"
F50_REC00186,2023,May,Karnataka,Hubli,Malaria,76,Medium,432667,96148,287,970,1780,993,Doctors For You,Emergency medical relief & rural health camps
F50_REC00186,2023,May,Karnataka,Hubli,Dengue,217,Medium,432667,96148,287,970,1780,993,Doctors For You,Emergency medical relief & rural health camps
F50_REC00186,2023,May,Karnataka,Hubli,TB,285,Medium,432667,96148,287,970,1780,993,Doctors For You,Emergency medical relief & rural health camps
F50_REC00187,2021,Sep,Karnataka,Hubli,Malaria,462,High,463146,102921,121,707,1331,254,Doctors For You,Emergency medical relief & rural health camps
F50_REC00187,2021,Sep,Karnataka,Hubli,Dengue,232,High,463146,102921,121,707,1331,254,Doctors For You,Emergency medical relief & rural health camps
F50_REC00187,2021,Sep,Karnataka,Hubli,TB,2,High,463146,102921,121,707,1331,254,Doctors For You,Emergency medical relief & rural health camps
F50_REC00188,2022,Apr,Gujarat,Surat,Malaria,331,High,209200,46488,99,1134,1151,1332,Doctors For You,Emergency medical relief & rural health camps
F50_REC00188,2022,Apr,Gujarat,Surat,Dengue,347,High,209200,46488,99,1134,1151,1332,Doctors For You,Emergency medical relief & rural health camps
F50_REC00188,2022,Apr,Gujarat,Surat,TB,139,High,209200,46488,99,1134,1151,1332,Doctors For You,Emergency medical relief & rural health camps
F50_REC00189,2023,Jan,Gujarat,Vadodara,Malaria,46,High,337400,74977,363,352,2083,82,NHM,National Health Mission — primary healthcare & ASHA worker deployment
F50_REC00189,2023,Jan,Gujarat,Vadodara,Dengue,166,High,337400,74977,363,352,2083,82,NHM,National Health Mission — primary healthcare & ASHA worker deployment
F50_REC00189,2023,Jan,Gujarat,Vadodara,TB,198,High,337400,74977,363,352,2083,82,NHM,National Health Mission — primary healthcare & ASHA worker deployment
F50_REC00190,2023,Mar,Tamil Nadu,Coimbatore,Malaria,105,High,201603,44800,56,455,2917,190,CARE India,"Women & child nutrition, sanitation & community health"
F50_REC00190,2023,Mar,Tamil Nadu,Coimbatore,Dengue,222,High,201603,44800,56,455,2917,190,CARE India,"Women & child nutrition, sanitation & community health"
F50_REC00190,2023,Mar,Tamil Nadu,Coimbatore,TB,69,High,201603,44800,56,455,2917,190,CARE India,"Women & child nutrition, sanitation & community health"
F50_REC00191,2021,Jan,Tamil Nadu,Chennai,Malaria,378,High,58749,13055,363,1024,549,827,HMIS,Health management information systems & data monitoring
F50_REC00191,2021,Jan,Tamil Nadu,Chennai,Dengue,194,High,58749,13055,363,1024,549,827,HMIS,Health management information systems & data monitoring
F50_REC00191,2021,Jan,Tamil Nadu,Chennai,TB,246,High,58749,13055,363,1024,549,827,HMIS,Health management information systems & data monitoring
F50_REC00192,2023,Jun,Bihar,Gaya,Malaria,483,Low,475382,105640,30,331,203,643,Doctors For You,Emergency medical relief & rural health camps
F50_REC00192,2023,Jun,Bihar,Gaya,Dengue,373,Low,475382,105640,30,331,203,643,Doctors For You,Emergency medical relief & rural health camps
F50_REC00192,2023,Jun,Bihar,Gaya,TB,242,Low,475382,105640,30,331,203,643,Doctors For You,Emergency medical relief & rural health camps
F50_REC00193,2023,May,Uttar Pradesh,Varanasi,Malaria,6,Low,430626,95694,385,752,2762,327,NHM,National Health Mission — primary healthcare & ASHA worker deployment
F50_REC00193,2023,May,Uttar Pradesh,Varanasi,Dengue,44,Low,430626,95694,385,752,2762,327,NHM,National Health Mission — primary healthcare & ASHA worker deployment
F50_REC00193,2023,May,Uttar Pradesh,Varanasi,TB,196,Low,430626,95694,385,752,2762,327,NHM,National Health Mission — primary healthcare & ASHA worker deployment
F50_REC00194,2021,Apr,Gujarat,Vadodara,Malaria,223,Low,68529,15228,373,1828,2810,231,NFHS,National health survey & maternal/child health data collection
F50_REC00194,2021,Apr,Gujarat,Vadodara,Dengue,300,Low,68529,15228,373,1828,2810,231,NFHS,National health survey & maternal/child health data collection
F50_REC00194,2021,Apr,Gujarat,Vadodara,TB,49,Low,68529,15228,373,1828,2810,231,NFHS,National health survey & maternal/child health data collection
F50_REC00195,2020,Mar,Tamil Nadu,Coimbatore,Malaria,17,Medium,328051,72900,315,1343,1200,1390,CARE India,"Women & child nutrition, sanitation & community health"
F50_REC00195,2020,Mar,Tamil Nadu,Coimbatore,Dengue,366,Medium,328051,72900,315,1343,1200,1390,CARE India,"Women & child nutrition, sanitation & community health"
F50_REC00195,2020,Mar,Tamil Nadu,Coimbatore,TB,135,Medium,328051,72900,315,1343,1200,1390,CARE India,"Women & child nutrition, sanitation & community health"
F50_REC00196,2022,Jul,West Bengal,Siliguri,Malaria,475,High,283989,63108,248,1807,1132,597,CARE India,"Women & child nutrition, sanitation & community health"
F50_REC00196,2022,Jul,West Bengal,Siliguri,Dengue,48,High,283989,63108,248,1807,1132,597,CARE India,"Women & child nutrition, sanitation & community health"
F50_REC00196,2022,Jul,West Bengal,Siliguri,TB,84,High,283989,63108,248,1807,1132,597,CARE India,"Women & child nutrition, sanitation & community health"
F50_REC00197,2022,Apr,Maharashtra,Pune,Malaria,364,Low,186786,41508,206,275,1880,1135,Doctors For You,Emergency medical relief & rural health camps
F50_REC00197,2022,Apr,Maharashtra,Pune,Dengue,187,Low,186786,41508,206,275,1880,1135,Doctors For You,Emergency medical relief & rural health camps
F50_REC00197,2022,Apr,Maharashtra,Pune,TB,179,Low,186786,41508,206,275,1880,1135,Doctors For You,Emergency medical relief & rural health camps
F50_REC00198,2020,May,Maharashtra,Nagpur,Malaria,229,Low,115852,25744,274,966,2187,975,HMIS,Health management information systems & data monitoring
F50_REC00198,2020,May,Maharashtra,Nagpur,Dengue,6,Low,115852,25744,274,966,2187,975,HMIS,Health management information systems & data monitoring
F50_REC00198,2020,May,Maharashtra,Nagpur,TB,154,Low,115852,25744,274,966,2187,975,HMIS,Health management information systems & data monitoring
F50_REC00199,2021,Sep,Gujarat,Surat,Malaria,152,High,75373,16749,310,1000,2528,1426,WHO India,"Disease surveillance, immunization programs & policy advisory"
F50_REC00199,2021,Sep,Gujarat,Surat,Dengue,385,High,75373,16749,310,1000,2528,1426,WHO India,"Disease surveillance, immunization programs & policy advisory"
F50_REC00199,2021,Sep,Gujarat,Surat,TB,126,High,75373,16749,310,1000,2528,1426,WHO India,"Disease surveillance, immunization programs & policy advisory"
F51_REC00000,2022,Sep,Bihar,Patna,Malaria,386,Medium,383380,85195,155,1466,2487,1270,HMIS,Health management information systems & data monitoring
F51_REC00000,2022,Sep,Bihar,Patna,Dengue,257,Medium,383380,85195,155,1466,2487,1270,HMIS,Health management information systems & data monitoring
F51_REC00000,2022,Sep,Bihar,Patna,TB,283,Medium,383380,85195,155,1466,2487,1270,HMIS,Health management information systems & data monitoring
F51_REC00001,2024,Apr,West Bengal,Siliguri,Malaria,80,Medium,90668,20148,99,1647,1800,1045,HMIS,Health management information systems & data monitoring
F51_REC00001,2024,Apr,West Bengal,Siliguri,Dengue,5,Medium,90668,20148,99,1647,1800,1045,HMIS,Health management information systems & data monitoring
F51_REC00001,2024,Apr,West Bengal,Siliguri,TB,40,Medium,90668,20148,99,1647,1800,1045,HMIS,Health management information systems & data monitoring
F51_REC00002,2023,Aug,Tamil Nadu,Chennai,Malaria,475,Low,288393,64087,311,897,2912,1215,NFHS,National health survey & maternal/child health data collection
F51_REC00002,2023,Aug,Tamil Nadu,Chennai,Dengue,261,Low,288393,64087,311,897,2912,1215,NFHS,National health survey & maternal/child health data collection
F51_REC00002,2023,Aug,Tamil Nadu,Chennai,TB,212,Low,288393,64087,311,897,2912,1215,NFHS,National health survey & maternal/child health data collection
F51_REC00003,2024,Apr,Tamil Nadu,Chennai,Malaria,199,High,63816,14181,143,598,1937,1090,UNICEF India,"Child nutrition, immunization & maternal health programs"
F51_REC00003,2024,Apr,Tamil Nadu,Chennai,Dengue,161,High,63816,14181,143,598,1937,1090,UNICEF India,"Child nutrition, immunization & maternal health programs"
F51_REC00003,2024,Apr,Tamil Nadu,Chennai,TB,105,High,63816,14181,143,598,1937,1090,UNICEF India,"Child nutrition, immunization & maternal health programs"
F51_REC00004,2022,Aug,Bihar,Patna,Malaria,337,Medium,203769,45282,42,1343,2426,1191,HMIS,Health management information systems & data monitoring
F51_REC00004,2022,Aug,Bihar,Patna,Dengue,126,Medium,203769,45282,42,1343,2426,1191,HMIS,Health management information systems & data monitoring
F51_REC00004,2022,Aug,Bihar,Patna,TB,260,Medium,203769,45282,42,1343,2426,1191,HMIS,Health management information systems & data monitoring
F51_REC00005,2023,Jan,Bihar,Muzaffarpur,Malaria,283,Medium,189471,42104,189,1803,1210,1243,CARE India,"Women & child nutrition, sanitation & community health"
F51_REC00005,2023,Jan,Bihar,Muzaffarpur,Dengue,279,Medium,189471,42104,189,1803,1210,1243,CARE India,"Women & child nutrition, sanitation & community health"
F51_REC00005,2023,Jan,Bihar,Muzaffarpur,TB,231,Medium,189471,42104,189,1803,1210,1243,CARE India,"Women & child nutrition, sanitation & community health"
F51_REC00006,2021,Feb,Maharashtra,Mumbai,Malaria,366,Medium,226277,50283,113,950,542,252,WHO India,"Disease surveillance, immunization programs & policy advisory"
F51_REC00006,2021,Feb,Maharashtra,Mumbai,Dengue,343,Medium,226277,50283,113,950,542,252,WHO India,"Disease surveillance, immunization programs & policy advisory"
F51_REC00006,2021,Feb,Maharashtra,Mumbai,TB,32,Medium,226277,50283,113,950,542,252,WHO India,"Disease surveillance, immunization programs & policy advisory"
F51_REC00007,2023,Feb,Tamil Nadu,Madurai,Malaria,484,Medium,216040,48008,329,1123,1507,995,NFHS,National health survey & maternal/child health data collection
F51_REC00007,2023,Feb,Tamil Nadu,Madurai,Dengue,124,Medium,216040,48008,329,1123,1507,995,NFHS,National health survey & maternal/child health data collection
F51_REC00007,2023,Feb,Tamil Nadu,Madurai,TB,230,Medium,216040,48008,329,1123,1507,995,NFHS,National health survey & maternal/child health data collection
F51_REC00008,2021,May,West Bengal,Siliguri,Malaria,297,Medium,267260,59391,201,1492,429,209,Smile Foundation,"Mobile health units, education & livelihood for underserved communities"
F51_REC00008,2021,May,West Bengal,Siliguri,Dengue,139,Medium,267260,59391,201,1492,429,209,Smile Foundation,"Mobile health units, education & livelihood for underserved communities"
F51_REC00008,2021,May,West Bengal,Siliguri,TB,11,Medium,267260,59391,201,1492,429,209,Smile Foundation,"Mobile health units, education & livelihood for underserved communities"
F51_REC00009,2021,Feb,Bihar,Muzaffarpur,Malaria,321,Low,175892,39087,173,1250,1298,1457,Doctors For You,Emergency medical relief & rural health camps
F51_REC00009,2021,Feb,Bihar,Muzaffarpur,Dengue,238,Low,175892,39087,173,1250,1298,1457,Doctors For You,Emergency medical relief & rural health camps
F51_REC00009,2021,Feb,Bihar,Muzaffarpur,TB,289,Low,175892,39087,173,1250,1298,1457,Doctors For You,Emergency medical relief & rural health camps
F51_REC00010,2024,Apr,Uttar Pradesh,Lucknow,Malaria,339,Low,479990,106664,209,663,1341,442,Smile Foundation,"Mobile health units, education & livelihood for underserved communities"
F51_REC00010,2024,Apr,Uttar Pradesh,Lucknow,Dengue,395,Low,479990,106664,209,663,1341,442,Smile Foundation,"Mobile health units, education & livelihood for underserved communities"
F51_REC00010,2024,Apr,Uttar Pradesh,Lucknow,TB,227,Low,479990,106664,209,663,1341,442,Smile Foundation,"Mobile health units, education & livelihood for underserved communities"
F51_REC00011,2022,Mar,Bihar,Patna,Malaria,280,High,71115,15803,84,1192,2958,957,HMIS,Health management information systems & data monitoring
F51_REC00011,2022,Mar,Bihar,Patna,Dengue,82,High,71115,15803,84,1192,2958,957,HMIS,Health management information systems & data monitoring
F51_REC00011,2022,Mar,Bihar,Patna,TB,159,High,71115,15803,84,1192,2958,957,HMIS,Health management information systems & data monitoring
F51_REC00012,2023,Jun,West Bengal,Howrah,Malaria,315,High,234155,52034,175,991,2605,530,HMIS,Health management information systems & data monitoring
F51_REC00012,2023,Jun,West Bengal,Howrah,Dengue,225,High,234155,52034,175,991,2605,530,HMIS,Health management information systems & data monitoring
F51_REC00012,2023,Jun,West Bengal,Howrah,TB,58,High,234155,52034,175,991,2605,530,HMIS,Health management information systems & data monitoring
F51_REC00013,2023,May,Gujarat,Vadodara,Malaria,306,Medium,388149,86255,249,689,1828,1010,WHO India,"Disease surveillance, immunization programs & policy advisory"
F51_REC00013,2023,May,Gujarat,Vadodara,Dengue,130,Medium,388149,86255,249,689,1828,1010,WHO India,"Disease surveillance, immunization programs & policy advisory"
F51_REC00013,2023,May,Gujarat,Vadodara,TB,13,Medium,388149,86255,249,689,1828,1010,WHO India,"Disease surveillance, immunization programs & policy advisory"
F51_REC00014,2024,May,Bihar,Patna,Malaria,147,Low,474823,105516,60,1667,544,967,NFHS,National health survey & maternal/child health data collection
F51_REC00014,2024,May,Bihar,Patna,Dengue,353,Low,474823,105516,60,1667,544,967,NFHS,National health survey & maternal/child health data collection
F51_REC00014,2024,May,Bihar,Patna,TB,208,Low,474823,105516,60,1667,544,967,NFHS,National health survey & maternal/child health data collection
F51_REC00015,2021,Jun,West Bengal,Kolkata,Malaria,220,High,261221,58049,114,1519,1800,51,HMIS,Health management information systems & data monitoring
F51_REC00015,2021,Jun,West Bengal,Kolkata,Dengue,339,High,261221,58049,114,1519,1800,51,HMIS,Health management information systems & data monitoring
F51_REC00015,2021,Jun,West Bengal,Kolkata,TB,293,High,261221,58049,114,1519,1800,51,HMIS,Health management information systems & data monitoring
F51_REC00016,2024,Apr,Gujarat,Surat,Malaria,115,Medium,426247,94721,258,1213,2693,206,UNICEF India,"Child nutrition, immunization & maternal health programs"
F51_REC00016,2024,Apr,Gujarat,Surat,Dengue,148,Medium,426247,94721,258,1213,2693,206,UNICEF India,"Child nutrition, immunization & maternal health programs"
F51_REC00016,2024,Apr,Gujarat,Surat,TB,6,Medium,426247,94721,258,1213,2693,206,UNICEF India,"Child nutrition, immunization & maternal health programs"
F51_REC00017,2024,Sep,Uttar Pradesh,Agra,Malaria,273,Low,114482,25440,323,663,1263,955,Doctors For You,Emergency medical relief & rural health camps
F51_REC00017,2024,Sep,Uttar Pradesh,Agra,Dengue,174,Low,114482,25440,323,663,1263,955,Doctors For You,Emergency medical relief & rural health camps
F51_REC00017,2024,Sep,Uttar Pradesh,Agra,TB,173,Low,114482,25440,323,663,1263,955,Doctors For You,Emergency medical relief & rural health camps
F51_REC00018,2024,Feb,Uttar Pradesh,Varanasi,Malaria,377,Low,408265,90725,248,303,2130,1023,WHO India,"Disease surveillance, immunization programs & policy advisory"
F51_REC00018,2024,Feb,Uttar Pradesh,Varanasi,Dengue,122,Low,408265,90725,248,303,2130,1023,WHO India,"Disease surveillance, immunization programs & policy advisory"
F51_REC00018,2024,Feb,Uttar Pradesh,Varanasi,TB,146,Low,408265,90725,248,303,2130,1023,WHO India,"Disease surveillance, immunization programs & policy advisory"
F51_REC00019,2021,May,Tamil Nadu,Coimbatore,Malaria,30,Medium,315523,70116,202,751,742,1001,NFHS,National health survey & maternal/child health data collection
F51_REC00019,2021,May,Tamil Nadu,Coimbatore,Dengue,317,Medium,315523,70116,202,751,742,1001,NFHS,National health survey & maternal/child health data collection
F51_REC00019,2021,May,Tamil Nadu,Coimbatore,TB,255,Medium,315523,70116,202,751,742,1001,NFHS,National health survey & maternal/child health data collection
F51_REC00020,2023,Aug,Tamil Nadu,Madurai,Malaria,286,Low,111170,24704,318,1352,1751,1250,NFHS,National health survey & maternal/child health data collection
F51_REC00020,2023,Aug,Tamil Nadu,Madurai,Dengue,39,Low,111170,24704,318,1352,1751,1250,NFHS,National health survey & maternal/child health data collection
F51_REC00020,2023,Aug,Tamil Nadu,Madurai,TB,171,Low,111170,24704,318,1352,1751,1250,NFHS,National health survey & maternal/child health data collection
F51_REC00021,2022,May,Tamil Nadu,Coimbatore,Malaria,56,Medium,72631,16140,260,1207,2702,537,WHO India,"Disease surveillance, immunization programs & policy advisory"
F51_REC00021,2022,May,Tamil Nadu,Coimbatore,Dengue,201,Medium,72631,16140,260,1207,2702,537,WHO India,"Disease surveillance, immunization programs & policy advisory"
F51_REC00021,2022,May,Tamil Nadu,Coimbatore,TB,121,Medium,72631,16140,260,1207,2702,537,WHO India,"Disease surveillance, immunization programs & policy advisory"
F51_REC00022,2023,Mar,Karnataka,Mysuru,Malaria,43,Low,270623,60138,343,1879,408,157,WHO India,"Disease surveillance, immunization programs & policy advisory"
F51_REC00022,2023,Mar,Karnataka,Mysuru,Dengue,354,Low,270623,60138,343,1879,408,157,WHO India,"Disease surveillance, immunization programs & policy advisory"
F51_REC00022,2023,Mar,Karnataka,Mysuru,TB,65,Low,270623,60138,343,1879,408,157,WHO India,"Disease surveillance, immunization programs & policy advisory"
F51_REC00023,2021,Sep,Karnataka,Hubli,Malaria,100,High,143470,31882,209,1476,1495,1166,NHM,National Health Mission — primary healthcare & ASHA worker deployment
F51_REC00023,2021,Sep,Karnataka,Hubli,Dengue,32,High,143470,31882,209,1476,1495,1166,NHM,National Health Mission — primary healthcare & ASHA worker deployment
F51_REC00023,2021,Sep,Karnataka,Hubli,TB,144,High,143470,31882,209,1476,1495,1166,NHM,National Health Mission — primary healthcare & ASHA worker deployment
F51_REC00024,2024,Aug,Tamil Nadu,Coimbatore,Malaria,8,High,437503,97222,74,117,438,125,NFHS,National health survey & maternal/child health data collection
F51_REC00024,2024,Aug,Tamil Nadu,Coimbatore,Dengue,267,High,437503,97222,74,117,438,125,NFHS,National health survey & maternal/child health data collection
F51_REC00024,2024,Aug,Tamil Nadu,Coimbatore,TB,142,High,437503,97222,74,117,438,125,NFHS,National health survey & maternal/child health data collection
F51_REC00025,2021,Jan,Maharashtra,Mumbai,Malaria,479,Low,190542,42342,146,1550,2751,1060,NFHS,National health survey & maternal/child health data collection
F51_REC00025,2021,Jan,Maharashtra,Mumbai,Dengue,112,Low,190542,42342,146,1550,2751,1060,NFHS,National health survey & maternal/child health data collection
F51_REC00025,2021,Jan,Maharashtra,Mumbai,TB,235,Low,190542,42342,146,1550,2751,1060,NFHS,National health survey & maternal/child health data collection
F51_REC00026,2021,Jul,Uttar Pradesh,Agra,Malaria,12,High,366456,81434,163,1113,2631,1363,Smile Foundation,"Mobile health units, education & livelihood for underserved communities"
F51_REC00026,2021,Jul,Uttar Pradesh,Agra,Dengue,331,High,366456,81434,163,1113,2631,1363,Smile Foundation,"Mobile health units, education & livelihood for underserved communities"
F51_REC00026,2021,Jul,Uttar Pradesh,Agra,TB,196,High,366456,81434,163,1113,2631,1363,Smile Foundation,"Mobile health units, education & livelihood for underserved communities"
F51_REC00027,2022,Apr,Karnataka,Mysuru,Malaria,184,Medium,356157,79146,54,666,1095,490,CARE India,"Women & child nutrition, sanitation & community health"
F51_REC00027,2022,Apr,Karnataka,Mysuru,Dengue,223,Medium,356157,79146,54,666,1095,490,CARE India,"Women & child nutrition, sanitation & community health"
F51_REC00027,2022,Apr,Karnataka,Mysuru,TB,121,Medium,356157,79146,54,666,1095,490,CARE India,"Women & child nutrition, sanitation & community health"
F51_REC00028,2024,Sep,West Bengal,Howrah,Malaria,416,Low,257340,57186,74,210,1263,968,Smile Foundation,"Mobile health units, education & livelihood for underserved communities"
F51_REC00028,2024,Sep,West Bengal,Howrah,Dengue,360,Low,257340,57186,74,210,1263,968,Smile Foundation,"Mobile health units, education & livelihood for underserved communities"
F51_REC00028,2024,Sep,West Bengal,Howrah,TB,23,Low,257340,57186,74,210,1263,968,Smile Foundation,"Mobile health units, education & livelihood for underserved communities"
F51_REC00029,2023,Sep,West Bengal,Kolkata,Malaria,187,High,274893,61087,174,1391,1159,953,NFHS,National health survey & maternal/child health data collection
F51_REC00029,2023,Sep,West Bengal,Kolkata,Dengue,316,High,274893,61087,174,1391,1159,953,NFHS,National health survey & maternal/child health data collection
F51_REC00029,2023,Sep,West Bengal,Kolkata,TB,228,High,274893,61087,174,1391,1159,953,NFHS,National health survey & maternal/child health data collection
F51_REC00030,2022,Jul,Maharashtra,Nagpur,Malaria,173,High,491748,109277,102,1418,2781,1251,Smile Foundation,"Mobile health units, education & livelihood for underserved communities"
F51_REC00030,2022,Jul,Maharashtra,Nagpur,Dengue,51,High,491748,109277,102,1418,2781,1251,Smile Foundation,"Mobile health units, education & livelihood for underserved communities"
F51_REC00030,2022,Jul,Maharashtra,Nagpur,TB,289,High,491748,109277,102,1418,2781,1251,Smile Foundation,"Mobile health units, education & livelihood for underserved communities"
F51_REC00031,2021,Sep,Uttar Pradesh,Lucknow,Malaria,394,Low,247871,55082,151,1308,1602,1350,UNICEF India,"Child nutrition, immunization & maternal health programs"
F51_REC00031,2021,Sep,Uttar Pradesh,Lucknow,Dengue,317,Low,247871,55082,151,1308,1602,1350,UNICEF India,"Child nutrition, immunization & maternal health programs"
F51_REC00031,2021,Sep,Uttar Pradesh,Lucknow,TB,250,Low,247871,55082,151,1308,1602,1350,UNICEF India,"Child nutrition, immunization & maternal health programs"
F51_REC00032,2022,May,Bihar,Gaya,Malaria,201,High,428905,95312,132,1809,210,438,Doctors For You,Emergency medical relief & rural health camps
F51_REC00032,2022,May,Bihar,Gaya,Dengue,259,High,428905,95312,132,1809,210,438,Doctors For You,Emergency medical relief & rural health camps
F51_REC00032,2022,May,Bihar,Gaya,TB,85,High,428905,95312,132,1809,210,438,Doctors For You,Emergency medical relief & rural health camps
F51_REC00033,2023,May,Uttar Pradesh,Agra,Malaria,478,High,160248,35610,108,1236,1961,584,Smile Foundation,"Mobile health units, education & livelihood for underserved communities"
F51_REC00033,2023,May,Uttar Pradesh,Agra,Dengue,277,High,160248,35610,108,1236,1961,584,Smile Foundation,"Mobile health units, education & livelihood for underserved communities"
F51_REC00033,2023,May,Uttar Pradesh,Agra,TB,120,High,160248,35610,108,1236,1961,584,Smile Foundation,"Mobile health units, education & livelihood for underserved communities"
F51_REC00034,2023,Apr,Karnataka,Hubli,Malaria,131,High,252873,56194,336,1913,1100,174,HMIS,Health management information systems & data monitoring
F51_REC00034,2023,Apr,Karnataka,Hubli,Dengue,127,High,252873,56194,336,1913,1100,174,HMIS,Health management information systems & data monitoring
F51_REC00034,2023,Apr,Karnataka,Hubli,TB,164,High,252873,56194,336,1913,1100,174,HMIS,Health management information systems & data monitoring
F51_REC00035,2022,Sep,Karnataka,Hubli,Malaria,314,Low,277277,61617,375,1229,1273,93,NFHS,National health survey & maternal/child health data collection
F51_REC00035,2022,Sep,Karnataka,Hubli,Dengue,277,Low,277277,61617,375,1229,1273,93,NFHS,National health survey & maternal/child health data collection
F51_REC00035,2022,Sep,Karnataka,Hubli,TB,168,Low,277277,61617,375,1229,1273,93,NFHS,National health survey & maternal/child health data collection
F51_REC00036,2024,Feb,Tamil Nadu,Madurai,Malaria,42,High,315228,70050,199,1872,2233,1496,WHO India,"Disease surveillance, immunization programs & policy advisory"
F51_REC00036,2024,Feb,Tamil Nadu,Madurai,Dengue,169,High,315228,70050,199,1872,2233,1496,WHO India,"Disease surveillance, immunization programs & policy advisory"
F51_REC00036,2024,Feb,Tamil Nadu,Madurai,TB,52,High,315228,70050,199,1872,2233,1496,WHO India,"Disease surveillance, immunization programs & policy advisory"
F51_REC00037,2024,Jun,Maharashtra,Pune,Malaria,158,Medium,435027,96672,129,505,1661,256,UNICEF India,"Child nutrition, immunization & maternal health programs"
F51_REC00037,2024,Jun,Maharashtra,Pune,Dengue,294,Medium,435027,96672,129,505,1661,256,UNICEF India,"Child nutrition, immunization & maternal health programs"
F51_REC00037,2024,Jun,Maharashtra,Pune,TB,181,Medium,435027,96672,129,505,1661,256,UNICEF India,"Child nutrition, immunization & maternal health programs"
F51_REC00038,2022,Mar,Maharashtra,Nagpur,Malaria,37,Medium,191995,42665,85,1565,1189,730,Smile Foundation,"Mobile health units, education & livelihood for underserved communities"
F51_REC00038,2022,Mar,Maharashtra,Nagpur,Dengue,349,Medium,191995,42665,85,1565,1189,730,Smile Foundation,"Mobile health units, education & livelihood for underserved communities"
F51_REC00038,2022,Mar,Maharashtra,Nagpur,TB,112,Medium,191995,42665,85,1565,1189,730,Smile Foundation,"Mobile health units, education & livelihood for underserved communities"
F51_REC00039,2021,Aug,Bihar,Gaya,Malaria,300,Low,237010,52668,310,1692,2050,1327,WHO India,"Disease surveillance, immunization programs & policy advisory"
F51_REC00039,2021,Aug,Bihar,Gaya,Dengue,64,Low,237010,52668,310,1692,2050,1327,WHO India,"Disease surveillance, immunization programs & policy advisory"
F51_REC00039,2021,Aug,Bihar,Gaya,TB,21,Low,237010,52668,310,1692,2050,1327,WHO India,"Disease surveillance, immunization programs & policy advisory"
F51_REC00040,2023,Jan,Maharashtra,Nagpur,Malaria,405,High,127675,28372,386,1996,432,793,WHO India,"Disease surveillance, immunization programs & policy advisory"
F51_REC00040,2023,Jan,Maharashtra,Nagpur,Dengue,337,High,127675,28372,386,1996,432,793,WHO India,"Disease surveillance, immunization programs & policy advisory"
F51_REC00040,2023,Jan,Maharashtra,Nagpur,TB,127,High,127675,28372,386,1996,432,793,WHO India,"Disease surveillance, immunization programs & policy advisory"
F51_REC00041,2024,Jan,Tamil Nadu,Madurai,Malaria,319,High,301938,67097,189,421,2136,138,WHO India,"Disease surveillance, immunization programs & policy advisory"
F51_REC00041,2024,Jan,Tamil Nadu,Madurai,Dengue,349,High,301938,67097,189,421,2136,138,WHO India,"Disease surveillance, immunization programs & policy advisory"
F51_REC00041,2024,Jan,Tamil Nadu,Madurai,TB,95,High,301938,67097,189,421,2136,138,WHO India,"Disease surveillance, immunization programs & policy advisory"
F51_REC00042,2023,Jan,Gujarat,Ahmedabad,Malaria,331,Low,351484,78107,201,125,549,1101,UNICEF India,"Child nutrition, immunization & maternal health programs"
F51_REC00042,2023,Jan,Gujarat,Ahmedabad,Dengue,1,Low,351484,78107,201,125,549,1101,UNICEF India,"Child nutrition, immunization & maternal health programs"
F51_REC00042,2023,Jan,Gujarat,Ahmedabad,TB,268,Low,351484,78107,201,125,549,1101,UNICEF India,"Child nutrition, immunization & maternal health programs"
F51_REC00043,2021,Jul,Tamil Nadu,Chennai,Malaria,44,Low,327127,72694,180,1396,704,953,CARE India,"Women & child nutrition, sanitation & community health"
F51_REC00043,2021,Jul,Tamil Nadu,Chennai,Dengue,289,Low,327127,72694,180,1396,704,953,CARE India,"Women & child nutrition, sanitation & community health"
F51_REC00043,2021,Jul,Tamil Nadu,Chennai,TB,280,Low,327127,72694,180,1396,704,953,CARE India,"Women & child nutrition, sanitation & community health"
F51_REC00044,2023,Sep,Bihar,Patna,Malaria,327,High,367401,81644,158,1952,1700,77,Doctors For You,Emergency medical relief & rural health camps
F51_REC00044,2023,Sep,Bihar,Patna,Dengue,118,High,367401,81644,158,1952,1700,77,Doctors For You,Emergency medical relief & rural health camps
F51_REC00044,2023,Sep,Bihar,Patna,TB,205,High,367401,81644,158,1952,1700,77,Doctors For You,Emergency medical relief & rural health camps
F51_REC00045,2023,Mar,Maharashtra,Nagpur,Malaria,11,Low,80739,17942,296,1122,430,451,Doctors For You,Emergency medical relief & rural health camps
F51_REC00045,2023,Mar,Maharashtra,Nagpur,Dengue,140,Low,80739,17942,296,1122,430,451,Doctors For You,Emergency medical relief & rural health camps
F51_REC00045,2023,Mar,Maharashtra,Nagpur,TB,122,Low,80739,17942,296,1122,430,451,Doctors For You,Emergency medical relief & rural health camps
F51_REC00046,2024,Sep,Karnataka,Hubli,Malaria,167,High,97735,21718,54,743,391,418,Doctors For You,Emergency medical relief & rural health camps
F51_REC00046,2024,Sep,Karnataka,Hubli,Dengue,33,High,97735,21718,54,743,391,418,Doctors For You,Emergency medical relief & rural health camps
F51_REC00046,2024,Sep,Karnataka,Hubli,TB,279,High,97735,21718,54,743,391,418,Doctors For You,Emergency medical relief & rural health camps
F51_REC00047,2023,Jun,Maharashtra,Pune,Malaria,351,Medium,207570,46126,290,1321,2376,1098,WHO India,"Disease surveillance, immunization programs & policy advisory"
F51_REC00047,2023,Jun,Maharashtra,Pune,Dengue,104,Medium,207570,46126,290,1321,2376,1098,WHO India,"Disease surveillance, immunization programs & policy advisory"
F51_REC00047,2023,Jun,Maharashtra,Pune,TB,208,Medium,207570,46126,290,1321,2376,1098,WHO India,"Disease surveillance, immunization programs & policy advisory"
F51_REC00048,2021,May,West Bengal,Kolkata,Malaria,423,High,279705,62156,260,225,738,211,Doctors For You,Emergency medical relief & rural health camps
F51_REC00048,2021,May,West Bengal,Kolkata,Dengue,392,High,279705,62156,260,225,738,211,Doctors For You,Emergency medical relief & rural health camps
F51_REC00048,2021,May,West Bengal,Kolkata,TB,33,High,279705,62156,260,225,738,211,Doctors For You,Emergency medical relief & rural health camps
F51_REC00049,2023,Jan,Uttar Pradesh,Agra,Malaria,213,Medium,339552,75456,98,1237,873,813,UNICEF India,"Child nutrition, immunization & maternal health programs"
F51_REC00049,2023,Jan,Uttar Pradesh,Agra,Dengue,23,Medium,339552,75456,98,1237,873,813,UNICEF India,"Child nutrition, immunization & maternal health programs"
F51_REC00049,2023,Jan,Uttar Pradesh,Agra,TB,101,Medium,339552,75456,98,1237,873,813,UNICEF India,"Child nutrition, immunization & maternal health programs"
F51_REC00050,2022,May,Maharashtra,Pune,Malaria,267,High,323960,71991,131,1690,1356,281,CARE India,"Women & child nutrition, sanitation & community health"
F51_REC00050,2022,May,Maharashtra,Pune,Dengue,25,High,323960,71991,131,1690,1356,281,CARE India,"Women & child nutrition, sanitation & community health"
F51_REC00050,2022,May,Maharashtra,Pune,TB,73,High,323960,71991,131,1690,1356,281,CARE India,"Women & child nutrition, sanitation & community health"
F51_REC00051,2022,Feb,Maharashtra,Nagpur,Malaria,327,Medium,347170,77148,146,1277,786,1169,UNICEF India,"Child nutrition, immunization & maternal health programs"
F51_REC00051,2022,Feb,Maharashtra,Nagpur,Dengue,165,Medium,347170,77148,146,1277,786,1169,UNICEF India,"Child nutrition, immunization & maternal health programs"
F51_REC00051,2022,Feb,Maharashtra,Nagpur,TB,175,Medium,347170,77148,146,1277,786,1169,UNICEF India,"Child nutrition, immunization & maternal health programs"
F51_REC00052,2023,Apr,Tamil Nadu,Madurai,Malaria,297,Medium,216784,48174,209,114,1380,275,NFHS,National health survey & maternal/child health data collection
F51_REC00052,2023,Apr,Tamil Nadu,Madurai,Dengue,181,Medium,216784,48174,209,114,1380,275,NFHS,National health survey & maternal/child health data collection
F51_REC00052,2023,Apr,Tamil Nadu,Madurai,TB,107,Medium,216784,48174,209,114,1380,275,NFHS,National health survey & maternal/child health data collection
F51_REC00053,2024,Apr,Bihar,Patna,Malaria,398,Low,138929,30873,146,794,1222,1029,HMIS,Health management information systems & data monitoring
F51_REC00053,2024,Apr,Bihar,Patna,Dengue,272,Low,138929,30873,146,794,1222,1029,HMIS,Health management information systems & data monitoring
F51_REC00053,2024,Apr,Bihar,Patna,TB,42,Low,138929,30873,146,794,1222,1029,HMIS,Health management information systems & data monitoring
F51_REC00054,2023,Jul,Bihar,Gaya,Malaria,245,Medium,496587,110352,305,1031,1018,252,NFHS,National health survey & maternal/child health data collection
F51_REC00054,2023,Jul,Bihar,Gaya,Dengue,289,Medium,496587,110352,305,1031,1018,252,NFHS,National health survey & maternal/child health data collection
F51_REC00054,2023,Jul,Bihar,Gaya,TB,216,Medium,496587,110352,305,1031,1018,252,NFHS,National health survey & maternal/child health data collection
F51_REC00055,2022,Apr,Maharashtra,Nagpur,Malaria,255,Medium,181971,40438,224,250,894,721,CARE India,"Women & child nutrition, sanitation & community health"
F51_REC00055,2022,Apr,Maharashtra,Nagpur,Dengue,139,Medium,181971,40438,224,250,894,721,CARE India,"Women & child nutrition, sanitation & community health"
F51_REC00055,2022,Apr,Maharashtra,Nagpur,TB,54,Medium,181971,40438,224,250,894,721,CARE India,"Women & child nutrition, sanitation & community health"
F51_REC00056,2023,Apr,Gujarat,Ahmedabad,Malaria,177,Low,87722,19493,78,1160,1167,1109,UNICEF India,"Child nutrition, immunization & maternal health programs"
F51_REC00056,2023,Apr,Gujarat,Ahmedabad,Dengue,169,Low,87722,19493,78,1160,1167,1109,UNICEF India,"Child nutrition, immunization & maternal health programs"
F51_REC00056,2023,Apr,Gujarat,Ahmedabad,TB,237,Low,87722,19493,78,1160,1167,1109,UNICEF India,"Child nutrition, immunization & maternal health programs"
F51_REC00057,2022,Aug,Gujarat,Surat,Malaria,108,High,75587,16797,296,385,2118,456,CARE India,"Women & child nutrition, sanitation & community health"
F51_REC00057,2022,Aug,Gujarat,Surat,Dengue,124,High,75587,16797,296,385,2118,456,CARE India,"Women & child nutrition, sanitation & community health"
F51_REC00057,2022,Aug,Gujarat,Surat,TB,274,High,75587,16797,296,385,2118,456,CARE India,"Women & child nutrition, sanitation & community health"
F51_REC00058,2021,Mar,West Bengal,Siliguri,Malaria,192,Low,365363,81191,84,776,2371,786,NHM,National Health Mission — primary healthcare & ASHA worker deployment
F51_REC00058,2021,Mar,West Bengal,Siliguri,Dengue,153,Low,365363,81191,84,776,2371,786,NHM,National Health Mission — primary healthcare & ASHA worker deployment
F51_REC00058,2021,Mar,West Bengal,Siliguri,TB,232,Low,365363,81191,84,776,2371,786,NHM,National Health Mission — primary healthcare & ASHA worker deployment
F51_REC00059,2024,Mar,Karnataka,Bengaluru,Malaria,200,High,363834,80852,343,899,2131,259,Smile Foundation,"Mobile health units, education & livelihood for underserved communities"
F51_REC00059,2024,Mar,Karnataka,Bengaluru,Dengue,355,High,363834,80852,343,899,2131,259,Smile Foundation,"Mobile health units, education & livelihood for underserved communities"
F51_REC00059,2024,Mar,Karnataka,Bengaluru,TB,175,High,363834,80852,343,899,2131,259,Smile Foundation,"Mobile health units, education & livelihood for underserved communities"
F51_REC00060,2024,May,Tamil Nadu,Madurai,Malaria,66,High,232011,51558,344,1007,312,673,Smile Foundation,"Mobile health units, education & livelihood for underserved communities"
F51_REC00060,2024,May,Tamil Nadu,Madurai,Dengue,147,High,232011,51558,344,1007,312,673,Smile Foundation,"Mobile health units, education & livelihood for underserved communities"
F51_REC00060,2024,May,Tamil Nadu,Madurai,TB,242,High,232011,51558,344,1007,312,673,Smile Foundation,"Mobile health units, education & livelihood for underserved communities"
F51_REC00061,2024,Jul,Uttar Pradesh,Agra,Malaria,330,Medium,420338,93408,201,346,1583,454,WHO India,"Disease surveillance, immunization programs & policy advisory"
F51_REC00061,2024,Jul,Uttar Pradesh,Agra,Dengue,38,Medium,420338,93408,201,346,1583,454,WHO India,"Disease surveillance, immunization programs & policy advisory"
F51_REC00061,2024,Jul,Uttar Pradesh,Agra,TB,45,Medium,420338,93408,201,346,1583,454,WHO India,"Disease surveillance, immunization programs & policy advisory"
F51_REC00062,2022,Sep,Gujarat,Ahmedabad,Malaria,65,High,216570,48126,103,638,1887,218,CARE India,"Women & child nutrition, sanitation & community health"
F51_REC00062,2022,Sep,Gujarat,Ahmedabad,Dengue,72,High,216570,48126,103,638,1887,218,CARE India,"Women & child nutrition, sanitation & community health"
F51_REC00062,2022,Sep,Gujarat,Ahmedabad,TB,112,High,216570,48126,103,638,1887,218,CARE India,"Women & child nutrition, sanitation & community health"
F51_REC00063,2022,Jan,Karnataka,Bengaluru,Malaria,109,Medium,481994,107109,316,928,1381,1086,WHO India,"Disease surveillance, immunization programs & policy advisory"
F51_REC00063,2022,Jan,Karnataka,Bengaluru,Dengue,353,Medium,481994,107109,316,928,1381,1086,WHO India,"Disease surveillance, immunization programs & policy advisory"
F51_REC00063,2022,Jan,Karnataka,Bengaluru,TB,96,Medium,481994,107109,316,928,1381,1086,WHO India,"Disease surveillance, immunization programs & policy advisory"
F51_REC00064,2023,Mar,Gujarat,Vadodara,Malaria,89,Medium,389184,86485,30,315,1144,731,HMIS,Health management information systems & data monitoring
F51_REC00064,2023,Mar,Gujarat,Vadodara,Dengue,35,Medium,389184,86485,30,315,1144,731,HMIS,Health management information systems & data monitoring
F51_REC00064,2023,Mar,Gujarat,Vadodara,TB,86,Medium,389184,86485,30,315,1144,731,HMIS,Health management information systems & data monitoring
F51_REC00065,2024,Feb,Bihar,Patna,Malaria,318,Low,333774,74172,352,806,2348,1266,NFHS,National health survey & maternal/child health data collection
F51_REC00065,2024,Feb,Bihar,Patna,Dengue,69,Low,333774,74172,352,806,2348,1266,NFHS,National health survey & maternal/child health data collection
F51_REC00065,2024,Feb,Bihar,Patna,TB,62,Low,333774,74172,352,806,2348,1266,NFHS,National health survey & maternal/child health data collection
F51_REC00066,2023,May,Tamil Nadu,Chennai,Malaria,151,Medium,58956,13101,82,1443,1407,604,Smile Foundation,"Mobile health units, education & livelihood for underserved communities"
F51_REC00066,2023,May,Tamil Nadu,Chennai,Dengue,251,Medium,58956,13101,82,1443,1407,604,Smile Foundation,"Mobile health units, education & livelihood for underserved communities"
F51_REC00066,2023,May,Tamil Nadu,Chennai,TB,90,Medium,58956,13101,82,1443,1407,604,Smile Foundation,"Mobile health units, education & livelihood for underserved communities"
F51_REC00067,2022,Jul,Gujarat,Surat,Malaria,326,High,413813,91958,303,1329,2225,832,NHM,National Health Mission — primary healthcare & ASHA worker deployment
F51_REC00067,2022,Jul,Gujarat,Surat,Dengue,34,High,413813,91958,303,1329,2225,832,NHM,National Health Mission — primary healthcare & ASHA worker deployment
F51_REC00067,2022,Jul,Gujarat,Surat,TB,224,High,413813,91958,303,1329,2225,832,NHM,National Health Mission — primary healthcare & ASHA worker deployment
F51_REC00068,2022,Jun,Bihar,Gaya,Malaria,221,Medium,400824,89072,343,1656,458,917,NHM,National Health Mission — primary healthcare & ASHA worker deployment
F51_REC00068,2022,Jun,Bihar,Gaya,Dengue,304,Medium,400824,89072,343,1656,458,917,NHM,National Health Mission — primary healthcare & ASHA worker deployment
F51_REC00068,2022,Jun,Bihar,Gaya,TB,189,Medium,400824,89072,343,1656,458,917,NHM,National Health Mission — primary healthcare & ASHA worker deployment
F51_REC00069,2023,Sep,West Bengal,Kolkata,Malaria,246,Low,416298,92510,34,1350,347,1310,Doctors For You,Emergency medical relief & rural health camps
F51_REC00069,2023,Sep,West Bengal,Kolkata,Dengue,264,Low,416298,92510,34,1350,347,1310,Doctors For You,Emergency medical relief & rural health camps
F51_REC00069,2023,Sep,West Bengal,Kolkata,TB,233,Low,416298,92510,34,1350,347,1310,Doctors For You,Emergency medical relief & rural health camps
F51_REC00070,2024,Apr,Tamil Nadu,Madurai,Malaria,474,Medium,56143,12476,376,170,1352,480,NHM,National Health Mission — primary healthcare & ASHA worker deployment
F51_REC00070,2024,Apr,Tamil Nadu,Madurai,Dengue,105,Medium,56143,12476,376,170,1352,480,NHM,National Health Mission — primary healthcare & ASHA worker deployment
F51_REC00070,2024,Apr,Tamil Nadu,Madurai,TB,79,Medium,56143,12476,376,170,1352,480,NHM,National Health Mission — primary healthcare & ASHA worker deployment
F51_REC00071,2024,Apr,Uttar Pradesh,Lucknow,Malaria,148,Medium,60397,13421,377,1784,696,712,Smile Foundation,"Mobile health units, education & livelihood for underserved communities"
F51_REC00071,2024,Apr,Uttar Pradesh,Lucknow,Dengue,22,Medium,60397,13421,377,1784,696,712,Smile Foundation,"Mobile health units, education & livelihood for underserved communities"
F51_REC00071,2024,Apr,Uttar Pradesh,Lucknow,TB,124,Medium,60397,13421,377,1784,696,712,Smile Foundation,"Mobile health units, education & livelihood for underserved communities"
F51_REC00072,2023,Apr,Bihar,Muzaffarpur,Malaria,209,Low,63467,14103,327,1487,2008,444,Doctors For You,Emergency medical relief & rural health camps
F51_REC00072,2023,Apr,Bihar,Muzaffarpur,Dengue,1,Low,63467,14103,327,1487,2008,444,Doctors For You,Emergency medical relief & rural health camps
F51_REC00072,2023,Apr,Bihar,Muzaffarpur,TB,51,Low,63467,14103,327,1487,2008,444,Doctors For You,Emergency medical relief & rural health camps
F51_REC00073,2021,May,West Bengal,Howrah,Malaria,476,High,446522,99227,358,231,2307,1456,UNICEF India,"Child nutrition, immunization & maternal health programs"
F51_REC00073,2021,May,West Bengal,Howrah,Dengue,390,High,446522,99227,358,231,2307,1456,UNICEF India,"Child nutrition, immunization & maternal health programs"
F51_REC00073,2021,May,West Bengal,Howrah,TB,120,High,446522,99227,358,231,2307,1456,UNICEF India,"Child nutrition, immunization & maternal health programs"
F51_REC00074,2023,Jan,West Bengal,Kolkata,Malaria,417,Medium,288314,64069,307,666,1280,254,Smile Foundation,"Mobile health units, education & livelihood for underserved communities"
F51_REC00074,2023,Jan,West Bengal,Kolkata,Dengue,165,Medium,288314,64069,307,666,1280,254,Smile Foundation,"Mobile health units, education & livelihood for underserved communities"
F51_REC00074,2023,Jan,West Bengal,Kolkata,TB,2,Medium,288314,64069,307,666,1280,254,Smile Foundation,"Mobile health units, education & livelihood for underserved communities"
F51_REC00075,2024,May,Karnataka,Mysuru,Malaria,101,High,281927,62650,165,983,1081,1339,UNICEF India,"Child nutrition, immunization & maternal health programs"
F51_REC00075,2024,May,Karnataka,Mysuru,Dengue,147,High,281927,62650,165,983,1081,1339,UNICEF India,"Child nutrition, immunization & maternal health programs"
F51_REC00075,2024,May,Karnataka,Mysuru,TB,123,High,281927,62650,165,983,1081,1339,UNICEF India,"Child nutrition, immunization & maternal health programs"
F51_REC00076,2024,Sep,Bihar,Patna,Malaria,72,Medium,311542,69231,295,479,2117,1338,Doctors For You,Emergency medical relief & rural health camps
F51_REC00076,2024,Sep,Bihar,Patna,Dengue,231,Medium,311542,69231,295,479,2117,1338,Doctors For You,Emergency medical relief & rural health camps
F51_REC00076,2024,Sep,Bihar,Patna,TB,225,Medium,311542,69231,295,479,2117,1338,Doctors For You,Emergency medical relief & rural health camps
F51_REC00077,2021,Aug,Karnataka,Mysuru,Malaria,358,High,466722,103716,230,1288,925,658,HMIS,Health management information systems & data monitoring
F51_REC00077,2021,Aug,Karnataka,Mysuru,Dengue,385,High,466722,103716,230,1288,925,658,HMIS,Health management information systems & data monitoring
F51_REC00077,2021,Aug,Karnataka,Mysuru,TB,262,High,466722,103716,230,1288,925,658,HMIS,Health management information systems & data monitoring
F51_REC00078,2023,Apr,Maharashtra,Nagpur,Malaria,107,Medium,405282,90062,361,733,2989,57,Smile Foundation,"Mobile health units, education & livelihood for underserved communities"
F51_REC00078,2023,Apr,Maharashtra,Nagpur,Dengue,19,Medium,405282,90062,361,733,2989,57,Smile Foundation,"Mobile health units, education & livelihood for underserved communities"
F51_REC00078,2023,Apr,Maharashtra,Nagpur,TB,111,Medium,405282,90062,361,733,2989,57,Smile Foundation,"Mobile health units, education & livelihood for underserved communities"
F51_REC00079,2022,Mar,Bihar,Muzaffarpur,Malaria,297,Medium,62456,13879,106,1446,1556,488,Doctors For You,Emergency medical relief & rural health camps
F51_REC00079,2022,Mar,Bihar,Muzaffarpur,Dengue,244,Medium,62456,13879,106,1446,1556,488,Doctors For You,Emergency medical relief & rural health camps
F51_REC00079,2022,Mar,Bihar,Muzaffarpur,TB,40,Medium,62456,13879,106,1446,1556,488,Doctors For You,Emergency medical relief & rural health camps
F51_REC00080,2023,May,Gujarat,Ahmedabad,Malaria,21,Low,332211,73824,176,493,2231,900,WHO India,"Disease surveillance, immunization programs & policy advisory"
F51_REC00080,2023,May,Gujarat,Ahmedabad,Dengue,7,Low,332211,73824,176,493,2231,900,WHO India,"Disease surveillance, immunization programs & policy advisory"
F51_REC00080,2023,May,Gujarat,Ahmedabad,TB,90,Low,332211,73824,176,493,2231,900,WHO India,"Disease surveillance, immunization programs & policy advisory"
F51_REC00081,2021,Mar,Uttar Pradesh,Agra,Malaria,196,Low,439027,97561,132,195,1574,339,Smile Foundation,"Mobile health units, education & livelihood for underserved communities"
F51_REC00081,2021,Mar,Uttar Pradesh,Agra,Dengue,247,Low,439027,97561,132,195,1574,339,Smile Foundation,"Mobile health units, education & livelihood for underserved communities"
F51_REC00081,2021,Mar,Uttar Pradesh,Agra,TB,48,Low,439027,97561,132,195,1574,339,Smile Foundation,"Mobile health units, education & livelihood for underserved communities"
F51_REC00082,2022,Aug,Uttar Pradesh,Lucknow,Malaria,215,Medium,294318,65404,254,1520,2862,393,HMIS,Health management information systems & data monitoring
F51_REC00082,2022,Aug,Uttar Pradesh,Lucknow,Dengue,285,Medium,294318,65404,254,1520,2862,393,HMIS,Health management information systems & data monitoring
F51_REC00082,2022,Aug,Uttar Pradesh,Lucknow,TB,176,Medium,294318,65404,254,1520,2862,393,HMIS,Health management information systems & data monitoring
F51_REC00083,2022,Mar,Karnataka,Hubli,Malaria,362,High,89467,19881,137,756,702,1069,WHO India,"Disease surveillance, immunization programs & policy advisory"
F51_REC00083,2022,Mar,Karnataka,Hubli,Dengue,8,High,89467,19881,137,756,702,1069,WHO India,"Disease surveillance, immunization programs & policy advisory"
F51_REC00083,2022,Mar,Karnataka,Hubli,TB,88,High,89467,19881,137,756,702,1069,WHO India,"Disease surveillance, immunization programs & policy advisory"
F51_REC00084,2022,Apr,Karnataka,Mysuru,Malaria,481,Medium,442118,98248,218,1412,2079,1106,UNICEF India,"Child nutrition, immunization & maternal health programs"
F51_REC00084,2022,Apr,Karnataka,Mysuru,Dengue,108,Medium,442118,98248,218,1412,2079,1106,UNICEF India,"Child nutrition, immunization & maternal health programs"
F51_REC00084,2022,Apr,Karnataka,Mysuru,TB,274,Medium,442118,98248,218,1412,2079,1106,UNICEF India,"Child nutrition, immunization & maternal health programs"
F51_REC00085,2024,Jan,Karnataka,Hubli,Malaria,133,Low,495332,110073,176,1495,2237,395,NFHS,National health survey & maternal/child health data collection
F51_REC00085,2024,Jan,Karnataka,Hubli,Dengue,352,Low,495332,110073,176,1495,2237,395,NFHS,National health survey & maternal/child health data collection
F51_REC00085,2024,Jan,Karnataka,Hubli,TB,255,Low,495332,110073,176,1495,2237,395,NFHS,National health survey & maternal/child health data collection
F51_REC00086,2021,Feb,Maharashtra,Mumbai,Malaria,115,Medium,309512,68780,318,703,1732,924,Smile Foundation,"Mobile health units, education & livelihood for underserved communities"
F51_REC00086,2021,Feb,Maharashtra,Mumbai,Dengue,364,Medium,309512,68780,318,703,1732,924,Smile Foundation,"Mobile health units, education & livelihood for underserved communities"
F51_REC00086,2021,Feb,Maharashtra,Mumbai,TB,102,Medium,309512,68780,318,703,1732,924,Smile Foundation,"Mobile health units, education & livelihood for underserved communities"
F51_REC00087,2022,Mar,Gujarat,Surat,Malaria,399,Low,484059,107568,34,207,2231,978,CARE India,"Women & child nutrition, sanitation & community health"
F51_REC00087,2022,Mar,Gujarat,Surat,Dengue,345,Low,484059,107568,34,207,2231,978,CARE India,"Women & child nutrition, sanitation & community health"
F51_REC00087,2022,Mar,Gujarat,Surat,TB,112,Low,484059,107568,34,207,2231,978,CARE India,"Women & child nutrition, sanitation & community health"
F51_REC00088,2022,Jun,Bihar,Muzaffarpur,Malaria,254,Low,125144,27809,78,787,2025,1036,NFHS,National health survey & maternal/child health data collection
F51_REC00088,2022,Jun,Bihar,Muzaffarpur,Dengue,170,Low,125144,27809,78,787,2025,1036,NFHS,National health survey & maternal/child health data collection
F51_REC00088,2022,Jun,Bihar,Muzaffarpur,TB,260,Low,125144,27809,78,787,2025,1036,NFHS,National health survey & maternal/child health data collection
F51_REC00089,2024,Apr,Maharashtra,Pune,Malaria,280,Low,473284,105174,178,998,2081,102,NFHS,National health survey & maternal/child health data collection
F51_REC00089,2024,Apr,Maharashtra,Pune,Dengue,201,Low,473284,105174,178,998,2081,102,NFHS,National health survey & maternal/child health data collection
F51_REC00089,2024,Apr,Maharashtra,Pune,TB,228,Low,473284,105174,178,998,2081,102,NFHS,National health survey & maternal/child health data collection
F51_REC00090,2021,Sep,Maharashtra,Pune,Malaria,205,Low,52096,11576,329,938,2496,858,UNICEF India,"Child nutrition, immunization & maternal health programs"
F51_REC00090,2021,Sep,Maharashtra,Pune,Dengue,193,Low,52096,11576,329,938,2496,858,UNICEF India,"Child nutrition, immunization & maternal health programs"
F51_REC00090,2021,Sep,Maharashtra,Pune,TB,243,Low,52096,11576,329,938,2496,858,UNICEF India,"Child nutrition, immunization & maternal health programs"
F51_REC00091,2023,Jun,Maharashtra,Nagpur,Malaria,51,High,55749,12388,390,786,2839,284,NFHS,National health survey & maternal/child health data collection
F51_REC00091,2023,Jun,Maharashtra,Nagpur,Dengue,283,High,55749,12388,390,786,2839,284,NFHS,National health survey & maternal/child health data collection
F51_REC00091,2023,Jun,Maharashtra,Nagpur,TB,61,High,55749,12388,390,786,2839,284,NFHS,National health survey & maternal/child health data collection
F51_REC00092,2023,Jun,Karnataka,Bengaluru,Malaria,332,Low,106766,23725,383,1502,2810,820,UNICEF India,"Child nutrition, immunization & maternal health programs"
F51_REC00092,2023,Jun,Karnataka,Bengaluru,Dengue,208,Low,106766,23725,383,1502,2810,820,UNICEF India,"Child nutrition, immunization & maternal health programs"
F51_REC00092,2023,Jun,Karnataka,Bengaluru,TB,35,Low,106766,23725,383,1502,2810,820,UNICEF India,"Child nutrition, immunization & maternal health programs"
F51_REC00093,2023,Feb,Maharashtra,Mumbai,Malaria,378,High,267287,59397,127,497,1175,437,WHO India,"Disease surveillance, immunization programs & policy advisory"
F51_REC00093,2023,Feb,Maharashtra,Mumbai,Dengue,147,High,267287,59397,127,497,1175,437,WHO India,"Disease surveillance, immunization programs & policy advisory"
F51_REC00093,2023,Feb,Maharashtra,Mumbai,TB,7,High,267287,59397,127,497,1175,437,WHO India,"Disease surveillance, immunization programs & policy advisory"
F51_REC00094,2023,Jun,Bihar,Patna,Malaria,437,Medium,401330,89184,89,474,607,223,NHM,National Health Mission — primary healthcare & ASHA worker deployment
F51_REC00094,2023,Jun,Bihar,Patna,Dengue,305,Medium,401330,89184,89,474,607,223,NHM,National Health Mission — primary healthcare & ASHA worker deployment
F51_REC00094,2023,Jun,Bihar,Patna,TB,270,Medium,401330,89184,89,474,607,223,NHM,National Health Mission — primary healthcare & ASHA worker deployment
F51_REC00095,2021,Feb,Bihar,Patna,Malaria,216,Low,89502,19889,397,917,1441,116,NHM,National Health Mission — primary healthcare & ASHA worker deployment
F51_REC00095,2021,Feb,Bihar,Patna,Dengue,39,Low,89502,19889,397,917,1441,116,NHM,National Health Mission — primary healthcare & ASHA worker deployment
F51_REC00095,2021,Feb,Bihar,Patna,TB,222,Low,89502,19889,397,917,1441,116,NHM,National Health Mission — primary healthcare & ASHA worker deployment
F51_REC00096,2024,Jul,Karnataka,Mysuru,Malaria,118,Medium,424244,94276,109,1736,2175,1400,Smile Foundation,"Mobile health units, education & livelihood for underserved communities"
F51_REC00096,2024,Jul,Karnataka,Mysuru,Dengue,78,Medium,424244,94276,109,1736,2175,1400,Smile Foundation,"Mobile health units, education & livelihood for underserved communities"
F51_REC00096,2024,Jul,Karnataka,Mysuru,TB,125,Medium,424244,94276,109,1736,2175,1400,Smile Foundation,"Mobile health units, education & livelihood for underserved communities"
F51_REC00097,2024,Feb,West Bengal,Kolkata,Malaria,32,High,132830,29517,367,1350,1064,78,Doctors For You,Emergency medical relief & rural health camps
F51_REC00097,2024,Feb,West Bengal,Kolkata,Dengue,198,High,132830,29517,367,1350,1064,78,Doctors For You,Emergency medical relief & rural health camps
F51_REC00097,2024,Feb,West Bengal,Kolkata,TB,251,High,132830,29517,367,1350,1064,78,Doctors For You,Emergency medical relief & rural health camps
F51_REC00098,2022,Jun,Maharashtra,Mumbai,Malaria,284,High,335762,74613,398,775,2700,1313,CARE India,"Women & child nutrition, sanitation & community health"
F51_REC00098,2022,Jun,Maharashtra,Mumbai,Dengue,192,High,335762,74613,398,775,2700,1313,CARE India,"Women & child nutrition, sanitation & community health"
F51_REC00098,2022,Jun,Maharashtra,Mumbai,TB,142,High,335762,74613,398,775,2700,1313,CARE India,"Women & child nutrition, sanitation & community health"
F51_REC00099,2024,Jan,Bihar,Patna,Malaria,443,Low,445516,99003,86,1256,2126,1038,HMIS,Health management information systems & data monitoring
F51_REC00099,2024,Jan,Bihar,Patna,Dengue,100,Low,445516,99003,86,1256,2126,1038,HMIS,Health management information systems & data monitoring
F51_REC00099,2024,Jan,Bihar,Patna,TB,293,Low,445516,99003,86,1256,2126,1038,HMIS,Health management information systems & data monitoring
F51_REC00100,2022,Feb,Tamil Nadu,Chennai,Malaria,242,High,341471,75882,59,1785,1339,1365,WHO India,"Disease surveillance, immunization programs & policy advisory"
F51_REC00100,2022,Feb,Tamil Nadu,Chennai,Dengue,270,High,341471,75882,59,1785,1339,1365,WHO India,"Disease surveillance, immunization programs & policy advisory"
F51_REC00100,2022,Feb,Tamil Nadu,Chennai,TB,180,High,341471,75882,59,1785,1339,1365,WHO India,"Disease surveillance, immunization programs & policy advisory"
F51_REC00101,2022,Jun,Maharashtra,Mumbai,Malaria,146,Low,119400,26533,128,446,403,191,CARE India,"Women & child nutrition, sanitation & community health"
F51_REC00101,2022,Jun,Maharashtra,Mumbai,Dengue,4,Low,119400,26533,128,446,403,191,CARE India,"Women & child nutrition, sanitation & community health"
F51_REC00101,2022,Jun,Maharashtra,Mumbai,TB,148,Low,119400,26533,128,446,403,191,CARE India,"Women & child nutrition, sanitation & community health"
F51_REC00102,2021,May,Tamil Nadu,Coimbatore,Malaria,192,Low,183618,40804,31,1682,1959,1110,UNICEF India,"Child nutrition, immunization & maternal health programs"
F51_REC00102,2021,May,Tamil Nadu,Coimbatore,Dengue,261,Low,183618,40804,31,1682,1959,1110,UNICEF India,"Child nutrition, immunization & maternal health programs"
F51_REC00102,2021,May,Tamil Nadu,Coimbatore,TB,191,Low,183618,40804,31,1682,1959,1110,UNICEF India,"Child nutrition, immunization & maternal health programs"
F51_REC00103,2022,Jun,Bihar,Patna,Malaria,282,Medium,139086,30908,345,1371,1672,1070,Smile Foundation,"Mobile health units, education & livelihood for underserved communities"
F51_REC00103,2022,Jun,Bihar,Patna,Dengue,264,Medium,139086,30908,345,1371,1672,1070,Smile Foundation,"Mobile health units, education & livelihood for underserved communities"
F51_REC00103,2022,Jun,Bihar,Patna,TB,217,Medium,139086,30908,345,1371,1672,1070,Smile Foundation,"Mobile health units, education & livelihood for underserved communities"
F51_REC00104,2021,Jan,Gujarat,Ahmedabad,Malaria,17,Low,119578,26572,157,1765,1009,170,CARE India,"Women & child nutrition, sanitation & community health"
F51_REC00104,2021,Jan,Gujarat,Ahmedabad,Dengue,349,Low,119578,26572,157,1765,1009,170,CARE India,"Women & child nutrition, sanitation & community health"
F51_REC00104,2021,Jan,Gujarat,Ahmedabad,TB,81,Low,119578,26572,157,1765,1009,170,CARE India,"Women & child nutrition, sanitation & community health"
F51_REC00105,2024,Apr,Maharashtra,Nagpur,Malaria,57,Low,291939,64875,56,1371,1280,1410,CARE India,"Women & child nutrition, sanitation & community health"
F51_REC00105,2024,Apr,Maharashtra,Nagpur,Dengue,38,Low,291939,64875,56,1371,1280,1410,CARE India,"Women & child nutrition, sanitation & community health"
F51_REC00105,2024,Apr,Maharashtra,Nagpur,TB,132,Low,291939,64875,56,1371,1280,1410,CARE India,"Women & child nutrition, sanitation & community health"
F51_REC00106,2024,Jun,Gujarat,Vadodara,Malaria,21,Medium,126730,28162,203,1633,1255,1060,NFHS,National health survey & maternal/child health data collection
F51_REC00106,2024,Jun,Gujarat,Vadodara,Dengue,234,Medium,126730,28162,203,1633,1255,1060,NFHS,National health survey & maternal/child health data collection
F51_REC00106,2024,Jun,Gujarat,Vadodara,TB,231,Medium,126730,28162,203,1633,1255,1060,NFHS,National health survey & maternal/child health data collection
F51_REC00107,2023,Apr,Gujarat,Ahmedabad,Malaria,326,Medium,228006,50668,85,1147,892,943,CARE India,"Women & child nutrition, sanitation & community health"
F51_REC00107,2023,Apr,Gujarat,Ahmedabad,Dengue,182,Medium,228006,50668,85,1147,892,943,CARE India,"Women & child nutrition, sanitation & community health"
F51_REC00107,2023,Apr,Gujarat,Ahmedabad,TB,189,Medium,228006,50668,85,1147,892,943,CARE India,"Women & child nutrition, sanitation & community health"
F51_REC00108,2023,Sep,Uttar Pradesh,Agra,Malaria,252,Medium,387605,86134,208,1435,1062,839,NFHS,National health survey & maternal/child health data collection
F51_REC00108,2023,Sep,Uttar Pradesh,Agra,Dengue,22,Medium,387605,86134,208,1435,1062,839,NFHS,National health survey & maternal/child health data collection
F51_REC00108,2023,Sep,Uttar Pradesh,Agra,TB,237,Medium,387605,86134,208,1435,1062,839,NFHS,National health survey & maternal/child health data collection
F51_REC00109,2022,Jul,West Bengal,Howrah,Malaria,498,Low,302756,67279,238,369,1431,1230,HMIS,Health management information systems & data monitoring
F51_REC00109,2022,Jul,West Bengal,Howrah,Dengue,91,Low,302756,67279,238,369,1431,1230,HMIS,Health management information systems & data monitoring
F51_REC00109,2022,Jul,West Bengal,Howrah,TB,116,Low,302756,67279,238,369,1431,1230,HMIS,Health management information systems & data monitoring
F51_REC00110,2022,Jul,Maharashtra,Mumbai,Malaria,432,Low,367192,81598,190,904,2284,79,NHM,National Health Mission — primary healthcare & ASHA worker deployment
F51_REC00110,2022,Jul,Maharashtra,Mumbai,Dengue,157,Low,367192,81598,190,904,2284,79,NHM,National Health Mission — primary healthcare & ASHA worker deployment
F51_REC00110,2022,Jul,Maharashtra,Mumbai,TB,170,Low,367192,81598,190,904,2284,79,NHM,National Health Mission — primary healthcare & ASHA worker deployment
F51_REC00111,2024,Feb,Karnataka,Hubli,Malaria,314,Medium,89210,19824,59,1440,1266,1465,NFHS,National health survey & maternal/child health data collection
F51_REC00111,2024,Feb,Karnataka,Hubli,Dengue,384,Medium,89210,19824,59,1440,1266,1465,NFHS,National health survey & maternal/child health data collection
F51_REC00111,2024,Feb,Karnataka,Hubli,TB,205,Medium,89210,19824,59,1440,1266,1465,NFHS,National health survey & maternal/child health data collection
F51_REC00112,2023,Mar,Gujarat,Surat,Malaria,51,High,181567,40348,214,1335,1020,1367,CARE India,"Women & child nutrition, sanitation & community health"
F51_REC00112,2023,Mar,Gujarat,Surat,Dengue,356,High,181567,40348,214,1335,1020,1367,CARE India,"Women & child nutrition, sanitation & community health"
F51_REC00112,2023,Mar,Gujarat,Surat,TB,214,High,181567,40348,214,1335,1020,1367,CARE India,"Women & child nutrition, sanitation & community health"
F51_REC00113,2023,Jan,West Bengal,Siliguri,Malaria,335,Medium,485732,107940,194,332,874,984,HMIS,Health management information systems & data monitoring
F51_REC00113,2023,Jan,West Bengal,Siliguri,Dengue,351,Medium,485732,107940,194,332,874,984,HMIS,Health management information systems & data monitoring
F51_REC00113,2023,Jan,West Bengal,Siliguri,TB,229,Medium,485732,107940,194,332,874,984,HMIS,Health management information systems & data monitoring
F51_REC00114,2021,Sep,Tamil Nadu,Chennai,Malaria,263,Medium,478301,106289,215,954,398,193,HMIS,Health management information systems & data monitoring
F51_REC00114,2021,Sep,Tamil Nadu,Chennai,Dengue,399,Medium,478301,106289,215,954,398,193,HMIS,Health management information systems & data monitoring
F51_REC00114,2021,Sep,Tamil Nadu,Chennai,TB,43,Medium,478301,106289,215,954,398,193,HMIS,Health management information systems & data monitoring
F51_REC00115,2023,Mar,Tamil Nadu,Madurai,Malaria,253,High,294742,65498,94,888,493,1143,NFHS,National health survey & maternal/child health data collection
F51_REC00115,2023,Mar,Tamil Nadu,Madurai,Dengue,311,High,294742,65498,94,888,493,1143,NFHS,National health survey & maternal/child health data collection
F51_REC00115,2023,Mar,Tamil Nadu,Madurai,TB,284,High,294742,65498,94,888,493,1143,NFHS,National health survey & maternal/child health data collection
F51_REC00116,2023,Feb,Karnataka,Mysuru,Malaria,392,High,262670,58371,276,517,741,596,HMIS,Health management information systems & data monitoring
F51_REC00116,2023,Feb,Karnataka,Mysuru,Dengue,268,High,262670,58371,276,517,741,596,HMIS,Health management information systems & data monitoring
F51_REC00116,2023,Feb,Karnataka,Mysuru,TB,16,High,262670,58371,276,517,741,596,HMIS,Health management information systems & data monitoring
F51_REC00117,2023,Feb,Tamil Nadu,Chennai,Malaria,184,Low,289496,64332,246,568,1572,852,NFHS,National health survey & maternal/child health data collection
F51_REC00117,2023,Feb,Tamil Nadu,Chennai,Dengue,258,Low,289496,64332,246,568,1572,852,NFHS,National health survey & maternal/child health data collection
F51_REC00117,2023,Feb,Tamil Nadu,Chennai,TB,273,Low,289496,64332,246,568,1572,852,NFHS,National health survey & maternal/child health data collection
F51_REC00118,2022,Apr,West Bengal,Siliguri,Malaria,473,Low,390113,86691,52,151,642,1248,HMIS,Health management information systems & data monitoring
F51_REC00118,2022,Apr,West Bengal,Siliguri,Dengue,177,Low,390113,86691,52,151,642,1248,HMIS,Health management information systems & data monitoring
F51_REC00118,2022,Apr,West Bengal,Siliguri,TB,8,Low,390113,86691,52,151,642,1248,HMIS,Health management information systems & data monitoring
F51_REC00119,2021,Aug,Maharashtra,Mumbai,Malaria,120,Low,396188,88041,360,738,488,1401,NHM,National Health Mission — primary healthcare & ASHA worker deployment
F51_REC00119,2021,Aug,Maharashtra,Mumbai,Dengue,293,Low,396188,88041,360,738,488,1401,NHM,National Health Mission — primary healthcare & ASHA worker deployment
F51_REC00119,2021,Aug,Maharashtra,Mumbai,TB,163,Low,396188,88041,360,738,488,1401,NHM,National Health Mission — primary healthcare & ASHA worker deployment
F51_REC00120,2024,Jan,Bihar,Gaya,Malaria,232,Medium,375001,83333,340,809,1022,890,UNICEF India,"Child nutrition, immunization & maternal health programs"
F51_REC00120,2024,Jan,Bihar,Gaya,Dengue,22,Medium,375001,83333,340,809,1022,890,UNICEF India,"Child nutrition, immunization & maternal health programs"
F51_REC00120,2024,Jan,Bihar,Gaya,TB,136,Medium,375001,83333,340,809,1022,890,UNICEF India,"Child nutrition, immunization & maternal health programs"
F51_REC00121,2022,Jan,Gujarat,Surat,Malaria,116,Medium,237960,52880,241,558,1485,1259,WHO India,"Disease surveillance, immunization programs & policy advisory"
F51_REC00121,2022,Jan,Gujarat,Surat,Dengue,330,Medium,237960,52880,241,558,1485,1259,WHO India,"Disease surveillance, immunization programs & policy advisory"
F51_REC00121,2022,Jan,Gujarat,Surat,TB,102,Medium,237960,52880,241,558,1485,1259,WHO India,"Disease surveillance, immunization programs & policy advisory"
F51_REC00122,2023,Feb,Tamil Nadu,Chennai,Malaria,49,Medium,154236,34274,238,1389,2857,1479,CARE India,"Women & child nutrition, sanitation & community health"
F51_REC00122,2023,Feb,Tamil Nadu,Chennai,Dengue,13,Medium,154236,34274,238,1389,2857,1479,CARE India,"Women & child nutrition, sanitation & community health"
F51_REC00122,2023,Feb,Tamil Nadu,Chennai,TB,240,Medium,154236,34274,238,1389,2857,1479,CARE India,"Women & child nutrition, sanitation & community health"
F51_REC00123,2024,Mar,Tamil Nadu,Coimbatore,Malaria,133,High,250018,55559,191,178,1854,657,NFHS,National health survey & maternal/child health data collection
F51_REC00123,2024,Mar,Tamil Nadu,Coimbatore,Dengue,277,High,250018,55559,191,178,1854,657,NFHS,National health survey & maternal/child health data collection
F51_REC00123,2024,Mar,Tamil Nadu,Coimbatore,TB,81,High,250018,55559,191,178,1854,657,NFHS,National health survey & maternal/child health data collection
F51_REC00124,2021,Jan,West Bengal,Kolkata,Malaria,335,Medium,91686,20374,176,1967,2419,764,WHO India,"Disease surveillance, immunization programs & policy advisory"
F51_REC00124,2021,Jan,West Bengal,Kolkata,Dengue,246,Medium,91686,20374,176,1967,2419,764,WHO India,"Disease surveillance, immunization programs & policy advisory"
F51_REC00124,2021,Jan,West Bengal,Kolkata,TB,31,Medium,91686,20374,176,1967,2419,764,WHO India,"Disease surveillance, immunization programs & policy advisory"
F51_REC00125,2023,Apr,Maharashtra,Nagpur,Malaria,69,High,331658,73701,304,1231,1658,806,Doctors For You,Emergency medical relief & rural health camps
F51_REC00125,2023,Apr,Maharashtra,Nagpur,Dengue,155,High,331658,73701,304,1231,1658,806,Doctors For You,Emergency medical relief & rural health camps
F51_REC00125,2023,Apr,Maharashtra,Nagpur,TB,3,High,331658,73701,304,1231,1658,806,Doctors For You,Emergency medical relief & rural health camps
F51_REC00126,2023,Jan,Bihar,Muzaffarpur,Malaria,62,Low,218035,48452,173,1576,2043,832,NHM,National Health Mission — primary healthcare & ASHA worker deployment
F51_REC00126,2023,Jan,Bihar,Muzaffarpur,Dengue,160,Low,218035,48452,173,1576,2043,832,NHM,National Health Mission — primary healthcare & ASHA worker deployment
F51_REC00126,2023,Jan,Bihar,Muzaffarpur,TB,120,Low,218035,48452,173,1576,2043,832,NHM,National Health Mission — primary healthcare & ASHA worker deployment
F51_REC00127,2023,Aug,Uttar Pradesh,Lucknow,Malaria,407,High,219191,48709,171,1000,646,717,NHM,National Health Mission — primary healthcare & ASHA worker deployment
F51_REC00127,2023,Aug,Uttar Pradesh,Lucknow,Dengue,181,High,219191,48709,171,1000,646,717,NHM,National Health Mission — primary healthcare & ASHA worker deployment
F51_REC00127,2023,Aug,Uttar Pradesh,Lucknow,TB,82,High,219191,48709,171,1000,646,717,NHM,National Health Mission — primary healthcare & ASHA worker deployment
F51_REC00128,2024,Feb,Gujarat,Surat,Malaria,261,Low,367773,81727,374,368,2472,1098,UNICEF India,"Child nutrition, immunization & maternal health programs"
F51_REC00128,2024,Feb,Gujarat,Surat,Dengue,213,Low,367773,81727,374,368,2472,1098,UNICEF India,"Child nutrition, immunization & maternal health programs"
F51_REC00128,2024,Feb,Gujarat,Surat,TB,242,Low,367773,81727,374,368,2472,1098,UNICEF India,"Child nutrition, immunization & maternal health programs"
F51_REC00129,2021,Apr,Tamil Nadu,Coimbatore,Malaria,0,High,404776,89950,330,345,500,317,NHM,National Health Mission — primary healthcare & ASHA worker deployment
F51_REC00129,2021,Apr,Tamil Nadu,Coimbatore,Dengue,352,High,404776,89950,330,345,500,317,NHM,National Health Mission — primary healthcare & ASHA worker deployment
F51_REC00129,2021,Apr,Tamil Nadu,Coimbatore,TB,136,High,404776,89950,330,345,500,317,NHM,National Health Mission — primary healthcare & ASHA worker deployment
F51_REC00130,2022,Apr,Karnataka,Hubli,Malaria,91,Low,52308,11624,210,1745,2744,510,WHO India,"Disease surveillance, immunization programs & policy advisory"
F51_REC00130,2022,Apr,Karnataka,Hubli,Dengue,260,Low,52308,11624,210,1745,2744,510,WHO India,"Disease surveillance, immunization programs & policy advisory"
F51_REC00130,2022,Apr,Karnataka,Hubli,TB,67,Low,52308,11624,210,1745,2744,510,WHO India,"Disease surveillance, immunization programs & policy advisory"
F51_REC00131,2024,Feb,Gujarat,Vadodara,Malaria,263,Medium,365729,81273,145,1377,969,270,NFHS,National health survey & maternal/child health data collection
F51_REC00131,2024,Feb,Gujarat,Vadodara,Dengue,203,Medium,365729,81273,145,1377,969,270,NFHS,National health survey & maternal/child health data collection
F51_REC00131,2024,Feb,Gujarat,Vadodara,TB,164,Medium,365729,81273,145,1377,969,270,NFHS,National health survey & maternal/child health data collection
F51_REC00132,2023,Jan,Maharashtra,Pune,Malaria,6,High,294857,65523,143,227,1574,597,WHO India,"Disease surveillance, immunization programs & policy advisory"
F51_REC00132,2023,Jan,Maharashtra,Pune,Dengue,194,High,294857,65523,143,227,1574,597,WHO India,"Disease surveillance, immunization programs & policy advisory"
F51_REC00132,2023,Jan,Maharashtra,Pune,TB,102,High,294857,65523,143,227,1574,597,WHO India,"Disease surveillance, immunization programs & policy advisory"
F51_REC00133,2023,Jun,Gujarat,Vadodara,Malaria,239,High,442005,98223,272,1729,1723,993,Doctors For You,Emergency medical relief & rural health camps
F51_REC00133,2023,Jun,Gujarat,Vadodara,Dengue,379,High,442005,98223,272,1729,1723,993,Doctors For You,Emergency medical relief & rural health camps
F51_REC00133,2023,Jun,Gujarat,Vadodara,TB,35,High,442005,98223,272,1729,1723,993,Doctors For You,Emergency medical relief & rural health camps
F51_REC00134,2023,May,Karnataka,Hubli,Malaria,77,High,146610,32580,44,562,519,101,Doctors For You,Emergency medical relief & rural health camps
F51_REC00134,2023,May,Karnataka,Hubli,Dengue,147,High,146610,32580,44,562,519,101,Doctors For You,Emergency medical relief & rural health camps
F51_REC00134,2023,May,Karnataka,Hubli,TB,147,High,146610,32580,44,562,519,101,Doctors For You,Emergency medical relief & rural health camps
F51_REC00135,2024,Sep,Uttar Pradesh,Lucknow,Malaria,142,Medium,311713,69269,148,1386,2265,420,Doctors For You,Emergency medical relief & rural health camps
F51_REC00135,2024,Sep,Uttar Pradesh,Lucknow,Dengue,159,Medium,311713,69269,148,1386,2265,420,Doctors For You,Emergency medical relief & rural health camps
F51_REC00135,2024,Sep,Uttar Pradesh,Lucknow,TB,32,Medium,311713,69269,148,1386,2265,420,Doctors For You,Emergency medical relief & rural health camps
F51_REC00136,2022,Aug,Uttar Pradesh,Lucknow,Malaria,296,High,401983,89329,242,294,443,1142,UNICEF India,"Child nutrition, immunization & maternal health programs"
F51_REC00136,2022,Aug,Uttar Pradesh,Lucknow,Dengue,55,High,401983,89329,242,294,443,1142,UNICEF India,"Child nutrition, immunization & maternal health programs"
F51_REC00136,2022,Aug,Uttar Pradesh,Lucknow,TB,93,High,401983,89329,242,294,443,1142,UNICEF India,"Child nutrition, immunization & maternal health programs"
F51_REC00137,2023,Jan,Karnataka,Mysuru,Malaria,376,Medium,330891,73531,112,149,2947,1041,NHM,National Health Mission — primary healthcare & ASHA worker deployment
F51_REC00137,2023,Jan,Karnataka,Mysuru,Dengue,346,Medium,330891,73531,112,149,2947,1041,NHM,National Health Mission — primary healthcare & ASHA worker deployment
F51_REC00137,2023,Jan,Karnataka,Mysuru,TB,7,Medium,330891,73531,112,149,2947,1041,NHM,National Health Mission — primary healthcare & ASHA worker deployment
F51_REC00138,2024,Mar,Tamil Nadu,Madurai,Malaria,378,Medium,378993,84220,331,1362,1048,645,Smile Foundation,"Mobile health units, education & livelihood for underserved communities"
F51_REC00138,2024,Mar,Tamil Nadu,Madurai,Dengue,79,Medium,378993,84220,331,1362,1048,645,Smile Foundation,"Mobile health units, education & livelihood for underserved communities"
F51_REC00138,2024,Mar,Tamil Nadu,Madurai,TB,104,Medium,378993,84220,331,1362,1048,645,Smile Foundation,"Mobile health units, education & livelihood for underserved communities"
F51_REC00139,2024,Apr,Tamil Nadu,Madurai,Malaria,276,Medium,315855,70190,321,1931,1063,877,WHO India,"Disease surveillance, immunization programs & policy advisory"
F51_REC00139,2024,Apr,Tamil Nadu,Madurai,Dengue,298,Medium,315855,70190,321,1931,1063,877,WHO India,"Disease surveillance, immunization programs & policy advisory"
F51_REC00139,2024,Apr,Tamil Nadu,Madurai,TB,92,Medium,315855,70190,321,1931,1063,877,WHO India,"Disease surveillance, immunization programs & policy advisory"
F51_REC00140,2023,Jun,Karnataka,Hubli,Malaria,158,Medium,493770,109726,35,1529,854,540,NFHS,National health survey & maternal/child health data collection
F51_REC00140,2023,Jun,Karnataka,Hubli,Dengue,338,Medium,493770,109726,35,1529,854,540,NFHS,National health survey & maternal/child health data collection
F51_REC00140,2023,Jun,Karnataka,Hubli,TB,136,Medium,493770,109726,35,1529,854,540,NFHS,National health survey & maternal/child health data collection
F51_REC00141,2024,Jan,Karnataka,Bengaluru,Malaria,237,Medium,75401,16755,385,1456,943,1457,NHM,National Health Mission — primary healthcare & ASHA worker deployment
F51_REC00141,2024,Jan,Karnataka,Bengaluru,Dengue,56,Medium,75401,16755,385,1456,943,1457,NHM,National Health Mission — primary healthcare & ASHA worker deployment
F51_REC00141,2024,Jan,Karnataka,Bengaluru,TB,225,Medium,75401,16755,385,1456,943,1457,NHM,National Health Mission — primary healthcare & ASHA worker deployment
F51_REC00142,2023,Jul,Maharashtra,Nagpur,Malaria,304,High,180668,40148,134,764,2295,626,HMIS,Health management information systems & data monitoring
F51_REC00142,2023,Jul,Maharashtra,Nagpur,Dengue,220,High,180668,40148,134,764,2295,626,HMIS,Health management information systems & data monitoring
F51_REC00142,2023,Jul,Maharashtra,Nagpur,TB,238,High,180668,40148,134,764,2295,626,HMIS,Health management information systems & data monitoring
F51_REC00143,2023,Aug,Bihar,Gaya,Malaria,330,Medium,465496,103443,270,848,1051,1210,NFHS,National health survey & maternal/child health data collection
F51_REC00143,2023,Aug,Bihar,Gaya,Dengue,285,Medium,465496,103443,270,848,1051,1210,NFHS,National health survey & maternal/child health data collection
F51_REC00143,2023,Aug,Bihar,Gaya,TB,198,Medium,465496,103443,270,848,1051,1210,NFHS,National health survey & maternal/child health data collection
F51_REC00144,2021,Sep,Tamil Nadu,Coimbatore,Malaria,426,High,406114,90247,399,1093,1384,192,HMIS,Health management information systems & data monitoring
F51_REC00144,2021,Sep,Tamil Nadu,Coimbatore,Dengue,363,High,406114,90247,399,1093,1384,192,HMIS,Health management information systems & data monitoring
F51_REC00144,2021,Sep,Tamil Nadu,Coimbatore,TB,89,High,406114,90247,399,1093,1384,192,HMIS,Health management information systems & data monitoring
F51_REC00145,2021,Aug,Gujarat,Vadodara,Malaria,368,High,298429,66317,386,1159,1271,386,HMIS,Health management information systems & data monitoring
F51_REC00145,2021,Aug,Gujarat,Vadodara,Dengue,164,High,298429,66317,386,1159,1271,386,HMIS,Health management information systems & data monitoring
F51_REC00145,2021,Aug,Gujarat,Vadodara,TB,249,High,298429,66317,386,1159,1271,386,HMIS,Health management information systems & data monitoring
F51_REC00146,2023,Aug,Gujarat,Ahmedabad,Malaria,126,Medium,134478,29884,39,211,985,1084,HMIS,Health management information systems & data monitoring
F51_REC00146,2023,Aug,Gujarat,Ahmedabad,Dengue,336,Medium,134478,29884,39,211,985,1084,HMIS,Health management information systems & data monitoring
F51_REC00146,2023,Aug,Gujarat,Ahmedabad,TB,8,Medium,134478,29884,39,211,985,1084,HMIS,Health management information systems & data monitoring
F51_REC00147,2022,Feb,West Bengal,Kolkata,Malaria,249,High,226429,50317,110,563,1681,1473,UNICEF India,"Child nutrition, immunization & maternal health programs"
F51_REC00147,2022,Feb,West Bengal,Kolkata,Dengue,72,High,226429,50317,110,563,1681,1473,UNICEF India,"Child nutrition, immunization & maternal health programs"
F51_REC00147,2022,Feb,West Bengal,Kolkata,TB,228,High,226429,50317,110,563,1681,1473,UNICEF India,"Child nutrition, immunization & maternal health programs"
F51_REC00148,2024,Jan,Bihar,Gaya,Malaria,471,High,358190,79597,58,922,1837,407,NHM,National Health Mission — primary healthcare & ASHA worker deployment
F51_REC00148,2024,Jan,Bihar,Gaya,Dengue,27,High,358190,79597,58,922,1837,407,NHM,National Health Mission — primary healthcare & ASHA worker deployment
F51_REC00148,2024,Jan,Bihar,Gaya,TB,168,High,358190,79597,58,922,1837,407,NHM,National Health Mission — primary healthcare & ASHA worker deployment
F51_REC00149,2024,Mar,Tamil Nadu,Madurai,Malaria,382,Low,357885,79530,318,1746,422,1374,WHO India,"Disease surveillance, immunization programs & policy advisory"
F51_REC00149,2024,Mar,Tamil Nadu,Madurai,Dengue,25,Low,357885,79530,318,1746,422,1374,WHO India,"Disease surveillance, immunization programs & policy advisory"
F51_REC00149,2024,Mar,Tamil Nadu,Madurai,TB,25,Low,357885,79530,318,1746,422,1374,WHO India,"Disease surveillance, immunization programs & policy advisory"
F51_REC00150,2021,Jul,Maharashtra,Nagpur,Malaria,120,Medium,355461,78991,172,754,880,446,HMIS,Health management information systems & data monitoring
F51_REC00150,2021,Jul,Maharashtra,Nagpur,Dengue,268,Medium,355461,78991,172,754,880,446,HMIS,Health management information systems & data monitoring
F51_REC00150,2021,Jul,Maharashtra,Nagpur,TB,237,Medium,355461,78991,172,754,880,446,HMIS,Health management information systems & data monitoring
F51_REC00151,2024,Jul,Karnataka,Mysuru,Malaria,251,Medium,249357,55412,288,321,1720,656,HMIS,Health management information systems & data monitoring
F51_REC00151,2024,Jul,Karnataka,Mysuru,Dengue,248,Medium,249357,55412,288,321,1720,656,HMIS,Health management information systems & data monitoring
F51_REC00151,2024,Jul,Karnataka,Mysuru,TB,250,Medium,249357,55412,288,321,1720,656,HMIS,Health management information systems & data monitoring
F51_REC00152,2021,Sep,Maharashtra,Pune,Malaria,64,Medium,297514,66114,335,1262,1092,206,UNICEF India,"Child nutrition, immunization & maternal health programs"
F51_REC00152,2021,Sep,Maharashtra,Pune,Dengue,257,Medium,297514,66114,335,1262,1092,206,UNICEF India,"Child nutrition, immunization & maternal health programs"
F51_REC00152,2021,Sep,Maharashtra,Pune,TB,50,Medium,297514,66114,335,1262,1092,206,UNICEF India,"Child nutrition, immunization & maternal health programs"
F51_REC00153,2021,Aug,Gujarat,Ahmedabad,Malaria,95,Medium,145483,32329,238,959,2239,485,NHM,National Health Mission — primary healthcare & ASHA worker deployment
F51_REC00153,2021,Aug,Gujarat,Ahmedabad,Dengue,28,Medium,145483,32329,238,959,2239,485,NHM,National Health Mission — primary healthcare & ASHA worker deployment
F51_REC00153,2021,Aug,Gujarat,Ahmedabad,TB,28,Medium,145483,32329,238,959,2239,485,NHM,National Health Mission — primary healthcare & ASHA worker deployment
F51_REC00154,2021,Jun,Maharashtra,Nagpur,Malaria,149,High,466665,103703,168,1904,2849,198,NFHS,National health survey & maternal/child health data collection
F51_REC00154,2021,Jun,Maharashtra,Nagpur,Dengue,168,High,466665,103703,168,1904,2849,198,NFHS,National health survey & maternal/child health data collection
F51_REC00154,2021,Jun,Maharashtra,Nagpur,TB,270,High,466665,103703,168,1904,2849,198,NFHS,National health survey & maternal/child health data collection
F51_REC00155,2024,Aug,Tamil Nadu,Chennai,Malaria,347,Medium,313094,69576,291,1223,1663,191,WHO India,"Disease surveillance, immunization programs & policy advisory"
F51_REC00155,2024,Aug,Tamil Nadu,Chennai,Dengue,388,Medium,313094,69576,291,1223,1663,191,WHO India,"Disease surveillance, immunization programs & policy advisory"
F51_REC00155,2024,Aug,Tamil Nadu,Chennai,TB,125,Medium,313094,69576,291,1223,1663,191,WHO India,"Disease surveillance, immunization programs & policy advisory"
F51_REC00156,2021,Feb,Karnataka,Bengaluru,Malaria,48,High,497614,110580,184,562,1880,1109,Smile Foundation,"Mobile health units, education & livelihood for underserved communities"
F51_REC00156,2021,Feb,Karnataka,Bengaluru,Dengue,23,High,497614,110580,184,562,1880,1109,Smile Foundation,"Mobile health units, education & livelihood for underserved communities"
F51_REC00156,2021,Feb,Karnataka,Bengaluru,TB,138,High,497614,110580,184,562,1880,1109,Smile Foundation,"Mobile health units, education & livelihood for underserved communities"
F51_REC00157,2023,Jul,Tamil Nadu,Chennai,Malaria,127,High,258192,57376,233,1119,2053,390,NFHS,National health survey & maternal/child health data collection
F51_REC00157,2023,Jul,Tamil Nadu,Chennai,Dengue,288,High,258192,57376,233,1119,2053,390,NFHS,National health survey & maternal/child health data collection
F51_REC00157,2023,Jul,Tamil Nadu,Chennai,TB,156,High,258192,57376,233,1119,2053,390,NFHS,National health survey & maternal/child health data collection
F51_REC00158,2024,Sep,Gujarat,Surat,Malaria,356,Medium,239481,53218,116,1424,489,994,UNICEF India,"Child nutrition, immunization & maternal health programs"
F51_REC00158,2024,Sep,Gujarat,Surat,Dengue,140,Medium,239481,53218,116,1424,489,994,UNICEF India,"Child nutrition, immunization & maternal health programs"
F51_REC00158,2024,Sep,Gujarat,Surat,TB,8,Medium,239481,53218,116,1424,489,994,UNICEF India,"Child nutrition, immunization & maternal health programs"
F51_REC00159,2021,Jan,West Bengal,Kolkata,Malaria,278,Low,431703,95934,287,209,2377,1345,UNICEF India,"Child nutrition, immunization & maternal health programs"
F51_REC00159,2021,Jan,West Bengal,Kolkata,Dengue,157,Low,431703,95934,287,209,2377,1345,UNICEF India,"Child nutrition, immunization & maternal health programs"
F51_REC00159,2021,Jan,West Bengal,Kolkata,TB,298,Low,431703,95934,287,209,2377,1345,UNICEF India,"Child nutrition, immunization & maternal health programs"
F51_REC00160,2024,Jun,Maharashtra,Nagpur,Malaria,175,Medium,436034,96896,238,1424,1804,748,WHO India,"Disease surveillance, immunization programs & policy advisory"
F51_REC00160,2024,Jun,Maharashtra,Nagpur,Dengue,3,Medium,436034,96896,238,1424,1804,748,WHO India,"Disease surveillance, immunization programs & policy advisory"
F51_REC00160,2024,Jun,Maharashtra,Nagpur,TB,241,Medium,436034,96896,238,1424,1804,748,WHO India,"Disease surveillance, immunization programs & policy advisory"
F51_REC00161,2021,Mar,Bihar,Muzaffarpur,Malaria,462,Medium,478830,106406,212,1442,2150,1239,WHO India,"Disease surveillance, immunization programs & policy advisory"
F51_REC00161,2021,Mar,Bihar,Muzaffarpur,Dengue,162,Medium,478830,106406,212,1442,2150,1239,WHO India,"Disease surveillance, immunization programs & policy advisory"
F51_REC00161,2021,Mar,Bihar,Muzaffarpur,TB,247,Medium,478830,106406,212,1442,2150,1239,WHO India,"Disease surveillance, immunization programs & policy advisory"
F51_REC00162,2022,Jun,Uttar Pradesh,Agra,Malaria,273,Low,491773,109282,234,1647,2887,1233,CARE India,"Women & child nutrition, sanitation & community health"
F51_REC00162,2022,Jun,Uttar Pradesh,Agra,Dengue,3,Low,491773,109282,234,1647,2887,1233,CARE India,"Women & child nutrition, sanitation & community health"
F51_REC00162,2022,Jun,Uttar Pradesh,Agra,TB,129,Low,491773,109282,234,1647,2887,1233,CARE India,"Women & child nutrition, sanitation & community health"
F51_REC00163,2023,May,West Bengal,Kolkata,Malaria,329,Medium,141870,31526,170,1602,325,521,UNICEF India,"Child nutrition, immunization & maternal health programs"
F51_REC00163,2023,May,West Bengal,Kolkata,Dengue,188,Medium,141870,31526,170,1602,325,521,UNICEF India,"Child nutrition, immunization & maternal health programs"
F51_REC00163,2023,May,West Bengal,Kolkata,TB,206,Medium,141870,31526,170,1602,325,521,UNICEF India,"Child nutrition, immunization & maternal health programs"
F51_REC00164,2023,Jul,Maharashtra,Mumbai,Malaria,328,Medium,87548,19455,112,616,1777,700,Smile Foundation,"Mobile health units, education & livelihood for underserved communities"
F51_REC00164,2023,Jul,Maharashtra,Mumbai,Dengue,22,Medium,87548,19455,112,616,1777,700,Smile Foundation,"Mobile health units, education & livelihood for underserved communities"
F51_REC00164,2023,Jul,Maharashtra,Mumbai,TB,259,Medium,87548,19455,112,616,1777,700,Smile Foundation,"Mobile health units, education & livelihood for underserved communities"
F51_REC00165,2021,Apr,Maharashtra,Nagpur,Malaria,156,Medium,342735,76163,344,1079,1641,1310,CARE India,"Women & child nutrition, sanitation & community health"
F51_REC00165,2021,Apr,Maharashtra,Nagpur,Dengue,119,Medium,342735,76163,344,1079,1641,1310,CARE India,"Women & child nutrition, sanitation & community health"
F51_REC00165,2021,Apr,Maharashtra,Nagpur,TB,130,Medium,342735,76163,344,1079,1641,1310,CARE India,"Women & child nutrition, sanitation & community health"
F51_REC00166,2023,May,Bihar,Patna,Malaria,266,Medium,189781,42173,382,1532,2539,1149,CARE India,"Women & child nutrition, sanitation & community health"
F51_REC00166,2023,May,Bihar,Patna,Dengue,8,Medium,189781,42173,382,1532,2539,1149,CARE India,"Women & child nutrition, sanitation & community health"
F51_REC00166,2023,May,Bihar,Patna,TB,67,Medium,189781,42173,382,1532,2539,1149,CARE India,"Women & child nutrition, sanitation & community health"
F51_REC00167,2023,Jun,West Bengal,Howrah,Malaria,433,Medium,234871,52193,143,550,2231,931,CARE India,"Women & child nutrition, sanitation & community health"
F51_REC00167,2023,Jun,West Bengal,Howrah,Dengue,124,Medium,234871,52193,143,550,2231,931,CARE India,"Women & child nutrition, sanitation & community health"
F51_REC00167,2023,Jun,West Bengal,Howrah,TB,20,Medium,234871,52193,143,550,2231,931,CARE India,"Women & child nutrition, sanitation & community health"
F51_REC00168,2023,Apr,Karnataka,Mysuru,Malaria,250,Low,245105,54467,399,969,686,64,CARE India,"Women & child nutrition, sanitation & community health"
F51_REC00168,2023,Apr,Karnataka,Mysuru,Dengue,220,Low,245105,54467,399,969,686,64,CARE India,"Women & child nutrition, sanitation & community health"
F51_REC00168,2023,Apr,Karnataka,Mysuru,TB,20,Low,245105,54467,399,969,686,64,CARE India,"Women & child nutrition, sanitation & community health"
F51_REC00169,2024,Apr,Maharashtra,Mumbai,Malaria,384,High,485845,107965,314,1570,505,239,NHM,National Health Mission — primary healthcare & ASHA worker deployment
F51_REC00169,2024,Apr,Maharashtra,Mumbai,Dengue,382,High,485845,107965,314,1570,505,239,NHM,National Health Mission — primary healthcare & ASHA worker deployment
F51_REC00169,2024,Apr,Maharashtra,Mumbai,TB,157,High,485845,107965,314,1570,505,239,NHM,National Health Mission — primary healthcare & ASHA worker deployment
F51_REC00170,2021,Sep,Gujarat,Surat,Malaria,58,High,351848,78188,135,154,1170,1373,Smile Foundation,"Mobile health units, education & livelihood for underserved communities"
F51_REC00170,2021,Sep,Gujarat,Surat,Dengue,392,High,351848,78188,135,154,1170,1373,Smile Foundation,"Mobile health units, education & livelihood for underserved communities"
F51_REC00170,2021,Sep,Gujarat,Surat,TB,152,High,351848,78188,135,154,1170,1373,Smile Foundation,"Mobile health units, education & livelihood for underserved communities"
F51_REC00171,2023,Jun,Maharashtra,Nagpur,Malaria,406,High,414514,92114,120,652,2074,1022,UNICEF India,"Child nutrition, immunization & maternal health programs"
F51_REC00171,2023,Jun,Maharashtra,Nagpur,Dengue,247,High,414514,92114,120,652,2074,1022,UNICEF India,"Child nutrition, immunization & maternal health programs"
F51_REC00171,2023,Jun,Maharashtra,Nagpur,TB,85,High,414514,92114,120,652,2074,1022,UNICEF India,"Child nutrition, immunization & maternal health programs"
F51_REC00172,2024,Jun,West Bengal,Kolkata,Malaria,303,High,315802,70178,200,836,359,1346,NFHS,National health survey & maternal/child health data collection
F51_REC00172,2024,Jun,West Bengal,Kolkata,Dengue,267,High,315802,70178,200,836,359,1346,NFHS,National health survey & maternal/child health data collection
F51_REC00172,2024,Jun,West Bengal,Kolkata,TB,23,High,315802,70178,200,836,359,1346,NFHS,National health survey & maternal/child health data collection
F51_REC00173,2024,Aug,Uttar Pradesh,Lucknow,Malaria,139,High,64456,14323,192,687,1358,524,NHM,National Health Mission — primary healthcare & ASHA worker deployment
F51_REC00173,2024,Aug,Uttar Pradesh,Lucknow,Dengue,115,High,64456,14323,192,687,1358,524,NHM,National Health Mission — primary healthcare & ASHA worker deployment
F51_REC00173,2024,Aug,Uttar Pradesh,Lucknow,TB,204,High,64456,14323,192,687,1358,524,NHM,National Health Mission — primary healthcare & ASHA worker deployment
F51_REC00174,2024,Jul,Bihar,Gaya,Malaria,396,High,421040,93564,364,431,692,463,NHM,National Health Mission — primary healthcare & ASHA worker deployment
F51_REC00174,2024,Jul,Bihar,Gaya,Dengue,243,High,421040,93564,364,431,692,463,NHM,National Health Mission — primary healthcare & ASHA worker deployment
F51_REC00174,2024,Jul,Bihar,Gaya,TB,292,High,421040,93564,364,431,692,463,NHM,National Health Mission — primary healthcare & ASHA worker deployment
F51_REC00175,2023,Feb,Tamil Nadu,Coimbatore,Malaria,53,High,380325,84516,234,1342,846,1445,Smile Foundation,"Mobile health units, education & livelihood for underserved communities"
F51_REC00175,2023,Feb,Tamil Nadu,Coimbatore,Dengue,16,High,380325,84516,234,1342,846,1445,Smile Foundation,"Mobile health units, education & livelihood for underserved communities"
F51_REC00175,2023,Feb,Tamil Nadu,Coimbatore,TB,119,High,380325,84516,234,1342,846,1445,Smile Foundation,"Mobile health units, education & livelihood for underserved communities"
F51_REC00176,2022,Jul,Karnataka,Hubli,Malaria,413,Low,62643,13920,217,1178,300,550,HMIS,Health management information systems & data monitoring
F51_REC00176,2022,Jul,Karnataka,Hubli,Dengue,309,Low,62643,13920,217,1178,300,550,HMIS,Health management information systems & data monitoring
F51_REC00176,2022,Jul,Karnataka,Hubli,TB,222,Low,62643,13920,217,1178,300,550,HMIS,Health management information systems & data monitoring
F51_REC00177,2024,Jan,Maharashtra,Pune,Malaria,90,Low,131879,29306,142,869,2743,383,Smile Foundation,"Mobile health units, education & livelihood for underserved communities"
F51_REC00177,2024,Jan,Maharashtra,Pune,Dengue,206,Low,131879,29306,142,869,2743,383,Smile Foundation,"Mobile health units, education & livelihood for underserved communities"
F51_REC00177,2024,Jan,Maharashtra,Pune,TB,32,Low,131879,29306,142,869,2743,383,Smile Foundation,"Mobile health units, education & livelihood for underserved communities"
F51_REC00178,2021,Jan,Karnataka,Mysuru,Malaria,474,Medium,102653,22811,283,1479,2956,164,HMIS,Health management information systems & data monitoring
F51_REC00178,2021,Jan,Karnataka,Mysuru,Dengue,38,Medium,102653,22811,283,1479,2956,164,HMIS,Health management information systems & data monitoring
F51_REC00178,2021,Jan,Karnataka,Mysuru,TB,202,Medium,102653,22811,283,1479,2956,164,HMIS,Health management information systems & data monitoring
F51_REC00179,2023,Apr,West Bengal,Kolkata,Malaria,177,High,271342,60298,151,1909,2150,209,NFHS,National health survey & maternal/child health data collection
F51_REC00179,2023,Apr,West Bengal,Kolkata,Dengue,62,High,271342,60298,151,1909,2150,209,NFHS,National health survey & maternal/child health data collection
F51_REC00179,2023,Apr,West Bengal,Kolkata,TB,71,High,271342,60298,151,1909,2150,209,NFHS,National health survey & maternal/child health data collection
F51_REC00180,2023,Jun,Uttar Pradesh,Agra,Malaria,211,Low,417376,92750,146,246,2838,153,NHM,National Health Mission — primary healthcare & ASHA worker deployment
F51_REC00180,2023,Jun,Uttar Pradesh,Agra,Dengue,134,Low,417376,92750,146,246,2838,153,NHM,National Health Mission — primary healthcare & ASHA worker deployment
F51_REC00180,2023,Jun,Uttar Pradesh,Agra,TB,179,Low,417376,92750,146,246,2838,153,NHM,National Health Mission — primary healthcare & ASHA worker deployment
F51_REC00181,2021,Jan,Maharashtra,Nagpur,Malaria,208,High,353405,78534,120,1568,417,862,UNICEF India,"Child nutrition, immunization & maternal health programs"
F51_REC00181,2021,Jan,Maharashtra,Nagpur,Dengue,185,High,353405,78534,120,1568,417,862,UNICEF India,"Child nutrition, immunization & maternal health programs"
F51_REC00181,2021,Jan,Maharashtra,Nagpur,TB,215,High,353405,78534,120,1568,417,862,UNICEF India,"Child nutrition, immunization & maternal health programs"
F51_REC00182,2021,Apr,West Bengal,Siliguri,Malaria,352,Medium,483405,107423,98,1100,2847,1150,NHM,National Health Mission — primary healthcare & ASHA worker deployment
F51_REC00182,2021,Apr,West Bengal,Siliguri,Dengue,15,Medium,483405,107423,98,1100,2847,1150,NHM,National Health Mission — primary healthcare & ASHA worker deployment
F51_REC00182,2021,Apr,West Bengal,Siliguri,TB,261,Medium,483405,107423,98,1100,2847,1150,NHM,National Health Mission — primary healthcare & ASHA worker deployment
F51_REC00183,2023,Sep,Karnataka,Mysuru,Malaria,150,Medium,431045,95787,145,1543,1377,134,UNICEF India,"Child nutrition, immunization & maternal health programs"
F51_REC00183,2023,Sep,Karnataka,Mysuru,Dengue,12,Medium,431045,95787,145,1543,1377,134,UNICEF India,"Child nutrition, immunization & maternal health programs"
F51_REC00183,2023,Sep,Karnataka,Mysuru,TB,29,Medium,431045,95787,145,1543,1377,134,UNICEF India,"Child nutrition, immunization & maternal health programs"
F51_REC00184,2022,Jul,Karnataka,Bengaluru,Malaria,233,High,189192,42042,85,193,539,77,HMIS,Health management information systems & data monitoring
F51_REC00184,2022,Jul,Karnataka,Bengaluru,Dengue,180,High,189192,42042,85,193,539,77,HMIS,Health management information systems & data monitoring
F51_REC00184,2022,Jul,Karnataka,Bengaluru,TB,67,High,189192,42042,85,193,539,77,HMIS,Health management information systems & data monitoring
F51_REC00185,2024,Aug,Tamil Nadu,Coimbatore,Malaria,177,High,88515,19670,364,552,442,524,HMIS,Health management information systems & data monitoring
F51_REC00185,2024,Aug,Tamil Nadu,Coimbatore,Dengue,353,High,88515,19670,364,552,442,524,HMIS,Health management information systems & data monitoring
F51_REC00185,2024,Aug,Tamil Nadu,Coimbatore,TB,233,High,88515,19670,364,552,442,524,HMIS,Health management information systems & data monitoring
F51_REC00186,2023,Jan,Maharashtra,Mumbai,Malaria,246,Medium,437988,97330,113,1415,224,183,NFHS,National health survey & maternal/child health data collection
F51_REC00186,2023,Jan,Maharashtra,Mumbai,Dengue,190,Medium,437988,97330,113,1415,224,183,NFHS,National health survey & maternal/child health data collection
F51_REC00186,2023,Jan,Maharashtra,Mumbai,TB,215,Medium,437988,97330,113,1415,224,183,NFHS,National health survey & maternal/child health data collection
F51_REC00187,2022,Apr,Karnataka,Bengaluru,Malaria,453,Medium,124323,27627,82,1307,1426,81,CARE India,"Women & child nutrition, sanitation & community health"
F51_REC00187,2022,Apr,Karnataka,Bengaluru,Dengue,308,Medium,124323,27627,82,1307,1426,81,CARE India,"Women & child nutrition, sanitation & community health"
F51_REC00187,2022,Apr,Karnataka,Bengaluru,TB,285,Medium,124323,27627,82,1307,1426,81,CARE India,"Women & child nutrition, sanitation & community health"
F51_REC00188,2021,May,Tamil Nadu,Coimbatore,Malaria,320,High,491788,109286,215,1166,2046,935,HMIS,Health management information systems & data monitoring
F51_REC00188,2021,May,Tamil Nadu,Coimbatore,Dengue,191,High,491788,109286,215,1166,2046,935,HMIS,Health management information systems & data monitoring
F51_REC00188,2021,May,Tamil Nadu,Coimbatore,TB,108,High,491788,109286,215,1166,2046,935,HMIS,Health management information systems & data monitoring
F51_REC00189,2022,Sep,Tamil Nadu,Madurai,Malaria,244,High,74273,16505,255,1578,2166,858,NFHS,National health survey & maternal/child health data collection
F51_REC00189,2022,Sep,Tamil Nadu,Madurai,Dengue,79,High,74273,16505,255,1578,2166,858,NFHS,National health survey & maternal/child health data collection
F51_REC00189,2022,Sep,Tamil Nadu,Madurai,TB,27,High,74273,16505,255,1578,2166,858,NFHS,National health survey & maternal/child health data collection
F51_REC00190,2024,Sep,Tamil Nadu,Coimbatore,Malaria,353,Medium,223672,49704,71,1160,465,1056,HMIS,Health management information systems & data monitoring
F51_REC00190,2024,Sep,Tamil Nadu,Coimbatore,Dengue,205,Medium,223672,49704,71,1160,465,1056,HMIS,Health management information systems & data monitoring
F51_REC00190,2024,Sep,Tamil Nadu,Coimbatore,TB,221,Medium,223672,49704,71,1160,465,1056,HMIS,Health management information systems & data monitoring
F51_REC00191,2024,Jul,Bihar,Patna,Malaria,196,High,58852,13078,398,1981,1602,168,WHO India,"Disease surveillance, immunization programs & policy advisory"
F51_REC00191,2024,Jul,Bihar,Patna,Dengue,309,High,58852,13078,398,1981,1602,168,WHO India,"Disease surveillance, immunization programs & policy advisory"
F51_REC00191,2024,Jul,Bihar,Patna,TB,136,High,58852,13078,398,1981,1602,168,WHO India,"Disease surveillance, immunization programs & policy advisory"
F51_REC00192,2022,Apr,Maharashtra,Mumbai,Malaria,123,Low,137902,30644,59,829,1416,921,WHO India,"Disease surveillance, immunization programs & policy advisory"
F51_REC00192,2022,Apr,Maharashtra,Mumbai,Dengue,241,Low,137902,30644,59,829,1416,921,WHO India,"Disease surveillance, immunization programs & policy advisory"
F51_REC00192,2022,Apr,Maharashtra,Mumbai,TB,68,Low,137902,30644,59,829,1416,921,WHO India,"Disease surveillance, immunization programs & policy advisory"
F51_REC00193,2021,Feb,Tamil Nadu,Chennai,Malaria,409,Low,494724,109938,380,1775,922,1061,Smile Foundation,"Mobile health units, education & livelihood for underserved communities"
F51_REC00193,2021,Feb,Tamil Nadu,Chennai,Dengue,118,Low,494724,109938,380,1775,922,1061,Smile Foundation,"Mobile health units, education & livelihood for underserved communities"
F51_REC00193,2021,Feb,Tamil Nadu,Chennai,TB,269,Low,494724,109938,380,1775,922,1061,Smile Foundation,"Mobile health units, education & livelihood for underserved communities"
F51_REC00194,2023,Feb,Tamil Nadu,Chennai,Malaria,494,Medium,318500,70777,174,1765,917,1228,UNICEF India,"Child nutrition, immunization & maternal health programs"
F51_REC00194,2023,Feb,Tamil Nadu,Chennai,Dengue,193,Medium,318500,70777,174,1765,917,1228,UNICEF India,"Child nutrition, immunization & maternal health programs"
F51_REC00194,2023,Feb,Tamil Nadu,Chennai,TB,44,Medium,318500,70777,174,1765,917,1228,UNICEF India,"Child nutrition, immunization & maternal health programs"
F51_REC00195,2022,Jan,West Bengal,Siliguri,Malaria,124,Medium,453140,100697,198,1307,1380,215,NFHS,National health survey & maternal/child health data collection
F51_REC00195,2022,Jan,West Bengal,Siliguri,Dengue,44,Medium,453140,100697,198,1307,1380,215,NFHS,National health survey & maternal/child health data collection
F51_REC00195,2022,Jan,West Bengal,Siliguri,TB,197,Medium,453140,100697,198,1307,1380,215,NFHS,National health survey & maternal/child health data collection
F51_REC00196,2022,Mar,West Bengal,Howrah,Malaria,144,High,82258,18279,164,1471,2477,1174,Doctors For You,Emergency medical relief & rural health camps
F51_REC00196,2022,Mar,West Bengal,Howrah,Dengue,287,High,82258,18279,164,1471,2477,1174,Doctors For You,Emergency medical relief & rural health camps
F51_REC00196,2022,Mar,West Bengal,Howrah,TB,70,High,82258,18279,164,1471,2477,1174,Doctors For You,Emergency medical relief & rural health camps
F51_REC00197,2023,Jul,Gujarat,Ahmedabad,Malaria,219,Medium,409119,90915,166,668,726,1123,NHM,National Health Mission — primary healthcare & ASHA worker deployment
F51_REC00197,2023,Jul,Gujarat,Ahmedabad,Dengue,181,Medium,409119,90915,166,668,726,1123,NHM,National Health Mission — primary healthcare & ASHA worker deployment
F51_REC00197,2023,Jul,Gujarat,Ahmedabad,TB,41,Medium,409119,90915,166,668,726,1123,NHM,National Health Mission — primary healthcare & ASHA worker deployment
F51_REC00198,2023,May,Maharashtra,Pune,Malaria,101,Low,268671,59704,77,1803,2813,1169,HMIS,Health management information systems & data monitoring
F51_REC00198,2023,May,Maharashtra,Pune,Dengue,225,Low,268671,59704,77,1803,2813,1169,HMIS,Health management information systems & data monitoring
F51_REC00198,2023,May,Maharashtra,Pune,TB,71,Low,268671,59704,77,1803,2813,1169,HMIS,Health management information systems & data monitoring
F51_REC00199,2024,Apr,Karnataka,Mysuru,Malaria,480,High,431424,95872,337,975,1454,900,UNICEF India,"Child nutrition, immunization & maternal health programs"
F51_REC00199,2024,Apr,Karnataka,Mysuru,Dengue,294,High,431424,95872,337,975,1454,900,UNICEF India,"Child nutrition, immunization & maternal health programs"
F51_REC00199,2024,Apr,Karnataka,Mysuru,TB,264,High,431424,95872,337,975,1454,900,UNICEF India,"Child nutrition, immunization & maternal health programs"
F52_REC00000,2017,Apr,Gujarat,Ahmedabad,Malaria,353,Medium,454060,100902,254,1564,2832,1400,UNICEF India,"Child nutrition, immunization & maternal health programs"
F52_REC00000,2017,Apr,Gujarat,Ahmedabad,Dengue,183,Medium,454060,100902,254,1564,2832,1400,UNICEF India,"Child nutrition, immunization & maternal health programs"
F52_REC00000,2017,Apr,Gujarat,Ahmedabad,TB,244,Medium,454060,100902,254,1564,2832,1400,UNICEF India,"Child nutrition, immunization & maternal health programs"
F52_REC00001,2017,Sep,Uttar Pradesh,Varanasi,Malaria,209,High,449069,99793,84,346,1761,954,UNICEF India,"Child nutrition, immunization & maternal health programs"
F52_REC00001,2017,Sep,Uttar Pradesh,Varanasi,Dengue,324,High,449069,99793,84,346,1761,954,UNICEF India,"Child nutrition, immunization & maternal health programs"
F52_REC00001,2017,Sep,Uttar Pradesh,Varanasi,TB,119,High,449069,99793,84,346,1761,954,UNICEF India,"Child nutrition, immunization & maternal health programs"
F52_REC00002,2015,Aug,Bihar,Gaya,Malaria,91,Medium,293868,65304,41,1830,1623,946,Smile Foundation,"Mobile health units, education & livelihood for underserved communities"
F52_REC00002,2015,Aug,Bihar,Gaya,Dengue,49,Medium,293868,65304,41,1830,1623,946,Smile Foundation,"Mobile health units, education & livelihood for underserved communities"
F52_REC00002,2015,Aug,Bihar,Gaya,TB,157,Medium,293868,65304,41,1830,1623,946,Smile Foundation,"Mobile health units, education & livelihood for underserved communities"
F52_REC00003,2015,Feb,Uttar Pradesh,Agra,Malaria,264,Medium,100845,22410,217,1700,2800,755,NFHS,National health survey & maternal/child health data collection
F52_REC00003,2015,Feb,Uttar Pradesh,Agra,Dengue,296,Medium,100845,22410,217,1700,2800,755,NFHS,National health survey & maternal/child health data collection
F52_REC00003,2015,Feb,Uttar Pradesh,Agra,TB,133,Medium,100845,22410,217,1700,2800,755,NFHS,National health survey & maternal/child health data collection
F52_REC00004,2015,Feb,Uttar Pradesh,Varanasi,Malaria,468,High,233854,51967,383,559,2634,491,Doctors For You,Emergency medical relief & rural health camps
F52_REC00004,2015,Feb,Uttar Pradesh,Varanasi,Dengue,63,High,233854,51967,383,559,2634,491,Doctors For You,Emergency medical relief & rural health camps
F52_REC00004,2015,Feb,Uttar Pradesh,Varanasi,TB,276,High,233854,51967,383,559,2634,491,Doctors For You,Emergency medical relief & rural health camps
F52_REC00005,2016,Mar,West Bengal,Siliguri,Malaria,489,High,362425,80538,110,774,2049,640,WHO India,"Disease surveillance, immunization programs & policy advisory"
F52_REC00005,2016,Mar,West Bengal,Siliguri,Dengue,263,High,362425,80538,110,774,2049,640,WHO India,"Disease surveillance, immunization programs & policy advisory"
F52_REC00005,2016,Mar,West Bengal,Siliguri,TB,123,High,362425,80538,110,774,2049,640,WHO India,"Disease surveillance, immunization programs & policy advisory"
F52_REC00006,2015,Jun,Bihar,Patna,Malaria,428,Medium,365210,81157,333,1856,500,1469,HMIS,Health management information systems & data monitoring
F52_REC00006,2015,Jun,Bihar,Patna,Dengue,285,Medium,365210,81157,333,1856,500,1469,HMIS,Health management information systems & data monitoring
F52_REC00006,2015,Jun,Bihar,Patna,TB,58,Medium,365210,81157,333,1856,500,1469,HMIS,Health management information systems & data monitoring
F52_REC00007,2016,Jan,West Bengal,Howrah,Malaria,89,Medium,314608,69912,237,1047,842,1172,NFHS,National health survey & maternal/child health data collection
F52_REC00007,2016,Jan,West Bengal,Howrah,Dengue,63,Medium,314608,69912,237,1047,842,1172,NFHS,National health survey & maternal/child health data collection
F52_REC00007,2016,Jan,West Bengal,Howrah,TB,291,Medium,314608,69912,237,1047,842,1172,NFHS,National health survey & maternal/child health data collection
F52_REC00008,2016,Jun,Gujarat,Ahmedabad,Malaria,416,High,297740,66164,271,555,594,292,Doctors For You,Emergency medical relief & rural health camps
F52_REC00008,2016,Jun,Gujarat,Ahmedabad,Dengue,316,High,297740,66164,271,555,594,292,Doctors For You,Emergency medical relief & rural health camps
F52_REC00008,2016,Jun,Gujarat,Ahmedabad,TB,204,High,297740,66164,271,555,594,292,Doctors For You,Emergency medical relief & rural health camps
F52_REC00009,2015,May,Uttar Pradesh,Lucknow,Malaria,72,Medium,379157,84257,71,1444,478,134,HMIS,Health management information systems & data monitoring
F52_REC00009,2015,May,Uttar Pradesh,Lucknow,Dengue,392,Medium,379157,84257,71,1444,478,134,HMIS,Health management information systems & data monitoring
F52_REC00009,2015,May,Uttar Pradesh,Lucknow,TB,35,Medium,379157,84257,71,1444,478,134,HMIS,Health management information systems & data monitoring
F52_REC00010,2016,Sep,Karnataka,Mysuru,Malaria,138,High,315139,70030,69,1932,714,466,Doctors For You,Emergency medical relief & rural health camps
F52_REC00010,2016,Sep,Karnataka,Mysuru,Dengue,398,High,315139,70030,69,1932,714,466,Doctors For You,Emergency medical relief & rural health camps
F52_REC00010,2016,Sep,Karnataka,Mysuru,TB,242,High,315139,70030,69,1932,714,466,Doctors For You,Emergency medical relief & rural health camps
F52_REC00011,2015,Feb,Karnataka,Bengaluru,Malaria,231,Medium,492081,109351,73,861,1966,1444,HMIS,Health management information systems & data monitoring
F52_REC00011,2015,Feb,Karnataka,Bengaluru,Dengue,218,Medium,492081,109351,73,861,1966,1444,HMIS,Health management information systems & data monitoring
F52_REC00011,2015,Feb,Karnataka,Bengaluru,TB,20,Medium,492081,109351,73,861,1966,1444,HMIS,Health management information systems & data monitoring
F52_REC00012,2017,May,Maharashtra,Pune,Malaria,363,High,134305,29845,240,1161,964,938,HMIS,Health management information systems & data monitoring
F52_REC00012,2017,May,Maharashtra,Pune,Dengue,231,High,134305,29845,240,1161,964,938,HMIS,Health management information systems & data monitoring
F52_REC00012,2017,May,Maharashtra,Pune,TB,82,High,134305,29845,240,1161,964,938,HMIS,Health management information systems & data monitoring
F52_REC00013,2015,Mar,Tamil Nadu,Coimbatore,Malaria,298,Low,484160,107591,221,1957,383,1084,HMIS,Health management information systems & data monitoring
F52_REC00013,2015,Mar,Tamil Nadu,Coimbatore,Dengue,55,Low,484160,107591,221,1957,383,1084,HMIS,Health management information systems & data monitoring
F52_REC00013,2015,Mar,Tamil Nadu,Coimbatore,TB,210,Low,484160,107591,221,1957,383,1084,HMIS,Health management information systems & data monitoring
F52_REC00014,2015,Aug,Maharashtra,Mumbai,Malaria,71,Medium,67835,15074,208,481,858,526,WHO India,"Disease surveillance, immunization programs & policy advisory"
F52_REC00014,2015,Aug,Maharashtra,Mumbai,Dengue,211,Medium,67835,15074,208,481,858,526,WHO India,"Disease surveillance, immunization programs & policy advisory"
F52_REC00014,2015,Aug,Maharashtra,Mumbai,TB,128,Medium,67835,15074,208,481,858,526,WHO India,"Disease surveillance, immunization programs & policy advisory"
F52_REC00015,2017,Feb,Gujarat,Surat,Malaria,475,Medium,200090,44464,243,1194,1939,427,UNICEF India,"Child nutrition, immunization & maternal health programs"
F52_REC00015,2017,Feb,Gujarat,Surat,Dengue,313,Medium,200090,44464,243,1194,1939,427,UNICEF India,"Child nutrition, immunization & maternal health programs"
F52_REC00015,2017,Feb,Gujarat,Surat,TB,231,Medium,200090,44464,243,1194,1939,427,UNICEF India,"Child nutrition, immunization & maternal health programs"
F52_REC00016,2016,May,West Bengal,Siliguri,Malaria,417,Low,94852,21078,199,594,745,684,NFHS,National health survey & maternal/child health data collection
F52_REC00016,2016,May,West Bengal,Siliguri,Dengue,265,Low,94852,21078,199,594,745,684,NFHS,National health survey & maternal/child health data collection
F52_REC00016,2016,May,West Bengal,Siliguri,TB,51,Low,94852,21078,199,594,745,684,NFHS,National health survey & maternal/child health data collection
F52_REC00017,2017,May,Bihar,Gaya,Malaria,234,High,386823,85960,30,278,637,547,NHM,National Health Mission — primary healthcare & ASHA worker deployment
F52_REC00017,2017,May,Bihar,Gaya,Dengue,363,High,386823,85960,30,278,637,547,NHM,National Health Mission — primary healthcare & ASHA worker deployment
F52_REC00017,2017,May,Bihar,Gaya,TB,34,High,386823,85960,30,278,637,547,NHM,National Health Mission — primary healthcare & ASHA worker deployment
F52_REC00018,2015,Jun,Maharashtra,Mumbai,Malaria,461,Low,302517,67226,334,617,2511,356,NFHS,National health survey & maternal/child health data collection
F52_REC00018,2015,Jun,Maharashtra,Mumbai,Dengue,188,Low,302517,67226,334,617,2511,356,NFHS,National health survey & maternal/child health data collection
F52_REC00018,2015,Jun,Maharashtra,Mumbai,TB,109,Low,302517,67226,334,617,2511,356,NFHS,National health survey & maternal/child health data collection
F52_REC00019,2016,Jan,Gujarat,Surat,Malaria,171,Low,173732,38607,233,1302,1071,928,Smile Foundation,"Mobile health units, education & livelihood for underserved communities"
F52_REC00019,2016,Jan,Gujarat,Surat,Dengue,167,Low,173732,38607,233,1302,1071,928,Smile Foundation,"Mobile health units, education & livelihood for underserved communities"
F52_REC00019,2016,Jan,Gujarat,Surat,TB,180,Low,173732,38607,233,1302,1071,928,Smile Foundation,"Mobile health units, education & livelihood for underserved communities"
F52_REC00020,2015,Sep,Gujarat,Ahmedabad,Malaria,345,Low,363731,80829,270,1618,1416,564,HMIS,Health management information systems & data monitoring
F52_REC00020,2015,Sep,Gujarat,Ahmedabad,Dengue,189,Low,363731,80829,270,1618,1416,564,HMIS,Health management information systems & data monitoring
F52_REC00020,2015,Sep,Gujarat,Ahmedabad,TB,271,Low,363731,80829,270,1618,1416,564,HMIS,Health management information systems & data monitoring
F52_REC00021,2017,Feb,Gujarat,Vadodara,Malaria,400,Medium,54222,12049,218,322,1042,271,NHM,National Health Mission — primary healthcare & ASHA worker deployment
F52_REC00021,2017,Feb,Gujarat,Vadodara,Dengue,386,Medium,54222,12049,218,322,1042,271,NHM,National Health Mission — primary healthcare & ASHA worker deployment
F52_REC00021,2017,Feb,Gujarat,Vadodara,TB,53,Medium,54222,12049,218,322,1042,271,NHM,National Health Mission — primary healthcare & ASHA worker deployment
F52_REC00022,2017,Jun,Gujarat,Vadodara,Malaria,49,Medium,442018,98226,30,1925,1286,901,Smile Foundation,"Mobile health units, education & livelihood for underserved communities"
F52_REC00022,2017,Jun,Gujarat,Vadodara,Dengue,334,Medium,442018,98226,30,1925,1286,901,Smile Foundation,"Mobile health units, education & livelihood for underserved communities"
F52_REC00022,2017,Jun,Gujarat,Vadodara,TB,1,Medium,442018,98226,30,1925,1286,901,Smile Foundation,"Mobile health units, education & livelihood for underserved communities"
F52_REC00023,2017,Mar,Tamil Nadu,Madurai,Malaria,15,Low,110370,24526,267,1375,2590,1280,NHM,National Health Mission — primary healthcare & ASHA worker deployment
F52_REC00023,2017,Mar,Tamil Nadu,Madurai,Dengue,315,Low,110370,24526,267,1375,2590,1280,NHM,National Health Mission — primary healthcare & ASHA worker deployment
F52_REC00023,2017,Mar,Tamil Nadu,Madurai,TB,84,Low,110370,24526,267,1375,2590,1280,NHM,National Health Mission — primary healthcare & ASHA worker deployment
F52_REC00024,2015,Jan,Maharashtra,Nagpur,Malaria,463,High,296247,65832,60,557,1130,984,UNICEF India,"Child nutrition, immunization & maternal health programs"
F52_REC00024,2015,Jan,Maharashtra,Nagpur,Dengue,377,High,296247,65832,60,557,1130,984,UNICEF India,"Child nutrition, immunization & maternal health programs"
F52_REC00024,2015,Jan,Maharashtra,Nagpur,TB,13,High,296247,65832,60,557,1130,984,UNICEF India,"Child nutrition, immunization & maternal health programs"
F52_REC00025,2015,Jun,Bihar,Gaya,Malaria,52,Medium,264427,58761,75,320,2854,1146,NFHS,National health survey & maternal/child health data collection
F52_REC00025,2015,Jun,Bihar,Gaya,Dengue,330,Medium,264427,58761,75,320,2854,1146,NFHS,National health survey & maternal/child health data collection
F52_REC00025,2015,Jun,Bihar,Gaya,TB,97,Medium,264427,58761,75,320,2854,1146,NFHS,National health survey & maternal/child health data collection
F52_REC00026,2015,Mar,Maharashtra,Pune,Malaria,140,High,71557,15901,251,661,687,1244,CARE India,"Women & child nutrition, sanitation & community health"
F52_REC00026,2015,Mar,Maharashtra,Pune,Dengue,166,High,71557,15901,251,661,687,1244,CARE India,"Women & child nutrition, sanitation & community health"
F52_REC00026,2015,Mar,Maharashtra,Pune,TB,148,High,71557,15901,251,661,687,1244,CARE India,"Women & child nutrition, sanitation & community health"
F52_REC00027,2017,Aug,West Bengal,Kolkata,Malaria,55,Medium,215885,47974,379,359,2441,151,Doctors For You,Emergency medical relief & rural health camps
F52_REC00027,2017,Aug,West Bengal,Kolkata,Dengue,394,Medium,215885,47974,379,359,2441,151,Doctors For You,Emergency medical relief & rural health camps
F52_REC00027,2017,Aug,West Bengal,Kolkata,TB,32,Medium,215885,47974,379,359,2441,151,Doctors For You,Emergency medical relief & rural health camps
F52_REC00028,2016,Feb,Maharashtra,Nagpur,Malaria,125,Medium,368421,81871,346,123,930,1200,Smile Foundation,"Mobile health units, education & livelihood for underserved communities"
F52_REC00028,2016,Feb,Maharashtra,Nagpur,Dengue,294,Medium,368421,81871,346,123,930,1200,Smile Foundation,"Mobile health units, education & livelihood for underserved communities"
F52_REC00028,2016,Feb,Maharashtra,Nagpur,TB,23,Medium,368421,81871,346,123,930,1200,Smile Foundation,"Mobile health units, education & livelihood for underserved communities"
F52_REC00029,2017,Sep,Gujarat,Vadodara,Malaria,243,Medium,125250,27833,91,436,635,276,WHO India,"Disease surveillance, immunization programs & policy advisory"
F52_REC00029,2017,Sep,Gujarat,Vadodara,Dengue,74,Medium,125250,27833,91,436,635,276,WHO India,"Disease surveillance, immunization programs & policy advisory"
F52_REC00029,2017,Sep,Gujarat,Vadodara,TB,102,Medium,125250,27833,91,436,635,276,WHO India,"Disease surveillance, immunization programs & policy advisory"
F52_REC00030,2017,Jan,Tamil Nadu,Madurai,Malaria,55,Low,70959,15768,354,152,978,606,UNICEF India,"Child nutrition, immunization & maternal health programs"
F52_REC00030,2017,Jan,Tamil Nadu,Madurai,Dengue,0,Low,70959,15768,354,152,978,606,UNICEF India,"Child nutrition, immunization & maternal health programs"
F52_REC00030,2017,Jan,Tamil Nadu,Madurai,TB,126,Low,70959,15768,354,152,978,606,UNICEF India,"Child nutrition, immunization & maternal health programs"
F52_REC00031,2015,Jan,Tamil Nadu,Coimbatore,Malaria,282,Low,216952,48211,294,1078,2450,917,NFHS,National health survey & maternal/child health data collection
F52_REC00031,2015,Jan,Tamil Nadu,Coimbatore,Dengue,40,Low,216952,48211,294,1078,2450,917,NFHS,National health survey & maternal/child health data collection
F52_REC00031,2015,Jan,Tamil Nadu,Coimbatore,TB,163,Low,216952,48211,294,1078,2450,917,NFHS,National health survey & maternal/child health data collection
F52_REC00032,2016,Feb,Gujarat,Surat,Malaria,235,Medium,303599,67466,118,839,2879,508,NFHS,National health survey & maternal/child health data collection
F52_REC00032,2016,Feb,Gujarat,Surat,Dengue,397,Medium,303599,67466,118,839,2879,508,NFHS,National health survey & maternal/child health data collection
F52_REC00032,2016,Feb,Gujarat,Surat,TB,292,Medium,303599,67466,118,839,2879,508,NFHS,National health survey & maternal/child health data collection
F52_REC00033,2016,Jun,Maharashtra,Pune,Malaria,434,Low,101419,22537,78,1848,2854,577,UNICEF India,"Child nutrition, immunization & maternal health programs"
F52_REC00033,2016,Jun,Maharashtra,Pune,Dengue,57,Low,101419,22537,78,1848,2854,577,UNICEF India,"Child nutrition, immunization & maternal health programs"
F52_REC00033,2016,Jun,Maharashtra,Pune,TB,292,Low,101419,22537,78,1848,2854,577,UNICEF India,"Child nutrition, immunization & maternal health programs"
F52_REC00034,2016,Feb,Gujarat,Ahmedabad,Malaria,178,Low,101041,22453,173,228,1697,944,HMIS,Health management information systems & data monitoring
F52_REC00034,2016,Feb,Gujarat,Ahmedabad,Dengue,313,Low,101041,22453,173,228,1697,944,HMIS,Health management information systems & data monitoring
F52_REC00034,2016,Feb,Gujarat,Ahmedabad,TB,102,Low,101041,22453,173,228,1697,944,HMIS,Health management information systems & data monitoring
F52_REC00035,2016,Jun,Maharashtra,Pune,Malaria,284,Low,190454,42323,331,1051,1496,357,Doctors For You,Emergency medical relief & rural health camps
F52_REC00035,2016,Jun,Maharashtra,Pune,Dengue,359,Low,190454,42323,331,1051,1496,357,Doctors For You,Emergency medical relief & rural health camps
F52_REC00035,2016,Jun,Maharashtra,Pune,TB,154,Low,190454,42323,331,1051,1496,357,Doctors For You,Emergency medical relief & rural health camps
F52_REC00036,2016,May,Maharashtra,Pune,Malaria,488,High,255290,56731,364,1471,1490,1030,WHO India,"Disease surveillance, immunization programs & policy advisory"
F52_REC00036,2016,May,Maharashtra,Pune,Dengue,285,High,255290,56731,364,1471,1490,1030,WHO India,"Disease surveillance, immunization programs & policy advisory"
F52_REC00036,2016,May,Maharashtra,Pune,TB,140,High,255290,56731,364,1471,1490,1030,WHO India,"Disease surveillance, immunization programs & policy advisory"
F52_REC00037,2017,Apr,Maharashtra,Pune,Malaria,481,Low,243062,54013,149,1451,730,1216,UNICEF India,"Child nutrition, immunization & maternal health programs"
F52_REC00037,2017,Apr,Maharashtra,Pune,Dengue,188,Low,243062,54013,149,1451,730,1216,UNICEF India,"Child nutrition, immunization & maternal health programs"
F52_REC00037,2017,Apr,Maharashtra,Pune,TB,202,Low,243062,54013,149,1451,730,1216,UNICEF India,"Child nutrition, immunization & maternal health programs"
F52_REC00038,2017,Jan,Bihar,Gaya,Malaria,304,Low,259462,57658,183,1639,1233,916,CARE India,"Women & child nutrition, sanitation & community health"
F52_REC00038,2017,Jan,Bihar,Gaya,Dengue,339,Low,259462,57658,183,1639,1233,916,CARE India,"Women & child nutrition, sanitation & community health"
F52_REC00038,2017,Jan,Bihar,Gaya,TB,135,Low,259462,57658,183,1639,1233,916,CARE India,"Women & child nutrition, sanitation & community health"
F52_REC00039,2016,Sep,Gujarat,Surat,Malaria,337,Low,337866,75081,267,1839,1736,389,WHO India,"Disease surveillance, immunization programs & policy advisory"
F52_REC00039,2016,Sep,Gujarat,Surat,Dengue,20,Low,337866,75081,267,1839,1736,389,WHO India,"Disease surveillance, immunization programs & policy advisory"
F52_REC00039,2016,Sep,Gujarat,Surat,TB,286,Low,337866,75081,267,1839,1736,389,WHO India,"Disease surveillance, immunization programs & policy advisory"
F52_REC00040,2017,Mar,Karnataka,Hubli,Malaria,441,Low,234460,52102,225,521,2292,187,Smile Foundation,"Mobile health units, education & livelihood for underserved communities"
F52_REC00040,2017,Mar,Karnataka,Hubli,Dengue,101,Low,234460,52102,225,521,2292,187,Smile Foundation,"Mobile health units, education & livelihood for underserved communities"
F52_REC00040,2017,Mar,Karnataka,Hubli,TB,236,Low,234460,52102,225,521,2292,187,Smile Foundation,"Mobile health units, education & livelihood for underserved communities"
F52_REC00041,2017,Feb,Uttar Pradesh,Lucknow,Malaria,45,Low,390713,86825,360,1418,1414,1423,Doctors For You,Emergency medical relief & rural health camps
F52_REC00041,2017,Feb,Uttar Pradesh,Lucknow,Dengue,2,Low,390713,86825,360,1418,1414,1423,Doctors For You,Emergency medical relief & rural health camps
F52_REC00041,2017,Feb,Uttar Pradesh,Lucknow,TB,148,Low,390713,86825,360,1418,1414,1423,Doctors For You,Emergency medical relief & rural health camps
F52_REC00042,2016,May,Bihar,Patna,Malaria,472,Low,100669,22370,97,1123,2151,870,UNICEF India,"Child nutrition, immunization & maternal health programs"
F52_REC00042,2016,May,Bihar,Patna,Dengue,322,Low,100669,22370,97,1123,2151,870,UNICEF India,"Child nutrition, immunization & maternal health programs"
F52_REC00042,2016,May,Bihar,Patna,TB,274,Low,100669,22370,97,1123,2151,870,UNICEF India,"Child nutrition, immunization & maternal health programs"
F52_REC00043,2016,Jul,Maharashtra,Pune,Malaria,189,Low,105298,23399,277,1719,2393,1364,WHO India,"Disease surveillance, immunization programs & policy advisory"
F52_REC00043,2016,Jul,Maharashtra,Pune,Dengue,201,Low,105298,23399,277,1719,2393,1364,WHO India,"Disease surveillance, immunization programs & policy advisory"
F52_REC00043,2016,Jul,Maharashtra,Pune,TB,113,Low,105298,23399,277,1719,2393,1364,WHO India,"Disease surveillance, immunization programs & policy advisory"
F52_REC00044,2016,Mar,Karnataka,Mysuru,Malaria,274,Low,265496,58999,53,1438,918,391,WHO India,"Disease surveillance, immunization programs & policy advisory"
F52_REC00044,2016,Mar,Karnataka,Mysuru,Dengue,154,Low,265496,58999,53,1438,918,391,WHO India,"Disease surveillance, immunization programs & policy advisory"
F52_REC00044,2016,Mar,Karnataka,Mysuru,TB,228,Low,265496,58999,53,1438,918,391,WHO India,"Disease surveillance, immunization programs & policy advisory"
F52_REC00045,2017,Apr,Maharashtra,Pune,Malaria,339,High,258418,57426,384,257,2880,67,NFHS,National health survey & maternal/child health data collection
F52_REC00045,2017,Apr,Maharashtra,Pune,Dengue,286,High,258418,57426,384,257,2880,67,NFHS,National health survey & maternal/child health data collection
F52_REC00045,2017,Apr,Maharashtra,Pune,TB,136,High,258418,57426,384,257,2880,67,NFHS,National health survey & maternal/child health data collection
F52_REC00046,2015,Feb,West Bengal,Siliguri,Malaria,21,Medium,147335,32741,303,1338,2229,890,Doctors For You,Emergency medical relief & rural health camps
F52_REC00046,2015,Feb,West Bengal,Siliguri,Dengue,172,Medium,147335,32741,303,1338,2229,890,Doctors For You,Emergency medical relief & rural health camps
F52_REC00046,2015,Feb,West Bengal,Siliguri,TB,43,Medium,147335,32741,303,1338,2229,890,Doctors For You,Emergency medical relief & rural health camps
F52_REC00047,2016,Apr,Gujarat,Vadodara,Malaria,384,Medium,492770,109504,385,460,1094,165,NHM,National Health Mission — primary healthcare & ASHA worker deployment
F52_REC00047,2016,Apr,Gujarat,Vadodara,Dengue,296,Medium,492770,109504,385,460,1094,165,NHM,National Health Mission — primary healthcare & ASHA worker deployment
F52_REC00047,2016,Apr,Gujarat,Vadodara,TB,145,Medium,492770,109504,385,460,1094,165,NHM,National Health Mission — primary healthcare & ASHA worker deployment
F52_REC00048,2016,May,Karnataka,Hubli,Malaria,240,Medium,212302,47178,290,1749,1957,110,UNICEF India,"Child nutrition, immunization & maternal health programs"
F52_REC00048,2016,May,Karnataka,Hubli,Dengue,210,Medium,212302,47178,290,1749,1957,110,UNICEF India,"Child nutrition, immunization & maternal health programs"
F52_REC00048,2016,May,Karnataka,Hubli,TB,224,Medium,212302,47178,290,1749,1957,110,UNICEF India,"Child nutrition, immunization & maternal health programs"
F52_REC00049,2017,Aug,West Bengal,Siliguri,Malaria,242,Medium,153293,34065,141,1011,2051,1115,WHO India,"Disease surveillance, immunization programs & policy advisory"
F52_REC00049,2017,Aug,West Bengal,Siliguri,Dengue,19,Medium,153293,34065,141,1011,2051,1115,WHO India,"Disease surveillance, immunization programs & policy advisory"
F52_REC00049,2017,Aug,West Bengal,Siliguri,TB,28,Medium,153293,34065,141,1011,2051,1115,WHO India,"Disease surveillance, immunization programs & policy advisory"
F52_REC00050,2016,Feb,Uttar Pradesh,Lucknow,Malaria,45,Medium,105854,23523,277,1136,1245,258,NHM,National Health Mission — primary healthcare & ASHA worker deployment
F52_REC00050,2016,Feb,Uttar Pradesh,Lucknow,Dengue,162,Medium,105854,23523,277,1136,1245,258,NHM,National Health Mission — primary healthcare & ASHA worker deployment
F52_REC00050,2016,Feb,Uttar Pradesh,Lucknow,TB,123,Medium,105854,23523,277,1136,1245,258,NHM,National Health Mission — primary healthcare & ASHA worker deployment
F52_REC00051,2017,Feb,Gujarat,Surat,Malaria,401,High,255370,56748,326,1973,429,739,Smile Foundation,"Mobile health units, education & livelihood for underserved communities"
F52_REC00051,2017,Feb,Gujarat,Surat,Dengue,397,High,255370,56748,326,1973,429,739,Smile Foundation,"Mobile health units, education & livelihood for underserved communities"
F52_REC00051,2017,Feb,Gujarat,Surat,TB,250,High,255370,56748,326,1973,429,739,Smile Foundation,"Mobile health units, education & livelihood for underserved communities"
F52_REC00052,2017,Apr,Karnataka,Bengaluru,Malaria,227,Medium,78484,17440,278,407,937,770,NFHS,National health survey & maternal/child health data collection
F52_REC00052,2017,Apr,Karnataka,Bengaluru,Dengue,178,Medium,78484,17440,278,407,937,770,NFHS,National health survey & maternal/child health data collection
F52_REC00052,2017,Apr,Karnataka,Bengaluru,TB,279,Medium,78484,17440,278,407,937,770,NFHS,National health survey & maternal/child health data collection
F52_REC00053,2016,Sep,Bihar,Gaya,Malaria,460,Medium,477087,106019,278,1715,407,970,NFHS,National health survey & maternal/child health data collection
F52_REC00053,2016,Sep,Bihar,Gaya,Dengue,172,Medium,477087,106019,278,1715,407,970,NFHS,National health survey & maternal/child health data collection
F52_REC00053,2016,Sep,Bihar,Gaya,TB,215,Medium,477087,106019,278,1715,407,970,NFHS,National health survey & maternal/child health data collection
F52_REC00054,2015,Aug,Uttar Pradesh,Lucknow,Malaria,195,Medium,405430,90095,250,1528,251,530,NFHS,National health survey & maternal/child health data collection
F52_REC00054,2015,Aug,Uttar Pradesh,Lucknow,Dengue,239,Medium,405430,90095,250,1528,251,530,NFHS,National health survey & maternal/child health data collection
F52_REC00054,2015,Aug,Uttar Pradesh,Lucknow,TB,110,Medium,405430,90095,250,1528,251,530,NFHS,National health survey & maternal/child health data collection
F52_REC00055,2017,Feb,West Bengal,Siliguri,Malaria,163,Low,99669,22148,238,1302,1907,1361,NHM,National Health Mission — primary healthcare & ASHA worker deployment
F52_REC00055,2017,Feb,West Bengal,Siliguri,Dengue,116,Low,99669,22148,238,1302,1907,1361,NHM,National Health Mission — primary healthcare & ASHA worker deployment
F52_REC00055,2017,Feb,West Bengal,Siliguri,TB,0,Low,99669,22148,238,1302,1907,1361,NHM,National Health Mission — primary healthcare & ASHA worker deployment
F52_REC00056,2015,Apr,West Bengal,Siliguri,Malaria,440,Medium,434007,96446,336,1642,1901,1017,NFHS,National health survey & maternal/child health data collection
F52_REC00056,2015,Apr,West Bengal,Siliguri,Dengue,309,Medium,434007,96446,336,1642,1901,1017,NFHS,National health survey & maternal/child health data collection
F52_REC00056,2015,Apr,West Bengal,Siliguri,TB,244,Medium,434007,96446,336,1642,1901,1017,NFHS,National health survey & maternal/child health data collection
F52_REC00057,2015,Jan,Gujarat,Ahmedabad,Malaria,316,High,378608,84135,115,1721,2488,323,WHO India,"Disease surveillance, immunization programs & policy advisory"
F52_REC00057,2015,Jan,Gujarat,Ahmedabad,Dengue,277,High,378608,84135,115,1721,2488,323,WHO India,"Disease surveillance, immunization programs & policy advisory"
F52_REC00057,2015,Jan,Gujarat,Ahmedabad,TB,239,High,378608,84135,115,1721,2488,323,WHO India,"Disease surveillance, immunization programs & policy advisory"
F52_REC00058,2015,Jun,Gujarat,Ahmedabad,Malaria,26,Medium,458918,101981,46,1139,374,1455,WHO India,"Disease surveillance, immunization programs & policy advisory"
F52_REC00058,2015,Jun,Gujarat,Ahmedabad,Dengue,126,Medium,458918,101981,46,1139,374,1455,WHO India,"Disease surveillance, immunization programs & policy advisory"
F52_REC00058,2015,Jun,Gujarat,Ahmedabad,TB,149,Medium,458918,101981,46,1139,374,1455,WHO India,"Disease surveillance, immunization programs & policy advisory"
F52_REC00059,2017,Mar,Tamil Nadu,Madurai,Malaria,129,High,393666,87481,271,533,1168,820,Doctors For You,Emergency medical relief & rural health camps
F52_REC00059,2017,Mar,Tamil Nadu,Madurai,Dengue,272,High,393666,87481,271,533,1168,820,Doctors For You,Emergency medical relief & rural health camps
F52_REC00059,2017,Mar,Tamil Nadu,Madurai,TB,205,High,393666,87481,271,533,1168,820,Doctors For You,Emergency medical relief & rural health camps
F52_REC00060,2015,Mar,Uttar Pradesh,Lucknow,Malaria,263,Low,298170,66260,138,756,1922,1104,WHO India,"Disease surveillance, immunization programs & policy advisory"
F52_REC00060,2015,Mar,Uttar Pradesh,Lucknow,Dengue,28,Low,298170,66260,138,756,1922,1104,WHO India,"Disease surveillance, immunization programs & policy advisory"
F52_REC00060,2015,Mar,Uttar Pradesh,Lucknow,TB,173,Low,298170,66260,138,756,1922,1104,WHO India,"Disease surveillance, immunization programs & policy advisory"
F52_REC00061,2017,Mar,Uttar Pradesh,Varanasi,Malaria,248,High,75662,16813,123,965,2360,54,Doctors For You,Emergency medical relief & rural health camps
F52_REC00061,2017,Mar,Uttar Pradesh,Varanasi,Dengue,262,High,75662,16813,123,965,2360,54,Doctors For You,Emergency medical relief & rural health camps
F52_REC00061,2017,Mar,Uttar Pradesh,Varanasi,TB,118,High,75662,16813,123,965,2360,54,Doctors For You,Emergency medical relief & rural health camps
F52_REC00062,2016,Jun,Uttar Pradesh,Varanasi,Malaria,469,High,291919,64870,220,496,2222,776,Doctors For You,Emergency medical relief & rural health camps
F52_REC00062,2016,Jun,Uttar Pradesh,Varanasi,Dengue,317,High,291919,64870,220,496,2222,776,Doctors For You,Emergency medical relief & rural health camps
F52_REC00062,2016,Jun,Uttar Pradesh,Varanasi,TB,195,High,291919,64870,220,496,2222,776,Doctors For You,Emergency medical relief & rural health camps
F52_REC00063,2017,Jun,Maharashtra,Pune,Malaria,22,High,114115,25358,166,428,309,1012,NFHS,National health survey & maternal/child health data collection
F52_REC00063,2017,Jun,Maharashtra,Pune,Dengue,155,High,114115,25358,166,428,309,1012,NFHS,National health survey & maternal/child health data collection
F52_REC00063,2017,Jun,Maharashtra,Pune,TB,127,High,114115,25358,166,428,309,1012,NFHS,National health survey & maternal/child health data collection
F52_REC00064,2015,Jul,Maharashtra,Mumbai,Malaria,402,Medium,78659,17479,96,126,2335,630,HMIS,Health management information systems & data monitoring
F52_REC00064,2015,Jul,Maharashtra,Mumbai,Dengue,376,Medium,78659,17479,96,126,2335,630,HMIS,Health management information systems & data monitoring
F52_REC00064,2015,Jul,Maharashtra,Mumbai,TB,32,Medium,78659,17479,96,126,2335,630,HMIS,Health management information systems & data monitoring
F52_REC00065,2017,Feb,West Bengal,Howrah,Malaria,258,High,83358,18524,98,267,230,878,CARE India,"Women & child nutrition, sanitation & community health"
F52_REC00065,2017,Feb,West Bengal,Howrah,Dengue,137,High,83358,18524,98,267,230,878,CARE India,"Women & child nutrition, sanitation & community health"
F52_REC00065,2017,Feb,West Bengal,Howrah,TB,222,High,83358,18524,98,267,230,878,CARE India,"Women & child nutrition, sanitation & community health"
F52_REC00066,2015,Jun,Tamil Nadu,Madurai,Malaria,430,Low,198933,44207,163,723,2235,965,CARE India,"Women & child nutrition, sanitation & community health"
F52_REC00066,2015,Jun,Tamil Nadu,Madurai,Dengue,33,Low,198933,44207,163,723,2235,965,CARE India,"Women & child nutrition, sanitation & community health"
F52_REC00066,2015,Jun,Tamil Nadu,Madurai,TB,25,Low,198933,44207,163,723,2235,965,CARE India,"Women & child nutrition, sanitation & community health"
F52_REC00067,2015,Mar,Tamil Nadu,Chennai,Malaria,183,Medium,100088,22241,397,460,254,1491,HMIS,Health management information systems & data monitoring
F52_REC00067,2015,Mar,Tamil Nadu,Chennai,Dengue,283,Medium,100088,22241,397,460,254,1491,HMIS,Health management information systems & data monitoring
F52_REC00067,2015,Mar,Tamil Nadu,Chennai,TB,14,Medium,100088,22241,397,460,254,1491,HMIS,Health management information systems & data monitoring
F52_REC00068,2015,Feb,Karnataka,Bengaluru,Malaria,155,Medium,76300,16955,318,125,2758,693,NFHS,National health survey & maternal/child health data collection
F52_REC00068,2015,Feb,Karnataka,Bengaluru,Dengue,70,Medium,76300,16955,318,125,2758,693,NFHS,National health survey & maternal/child health data collection
F52_REC00068,2015,Feb,Karnataka,Bengaluru,TB,64,Medium,76300,16955,318,125,2758,693,NFHS,National health survey & maternal/child health data collection
F52_REC00069,2015,Jul,Uttar Pradesh,Agra,Malaria,284,High,77786,17285,90,1865,574,1266,NFHS,National health survey & maternal/child health data collection
F52_REC00069,2015,Jul,Uttar Pradesh,Agra,Dengue,68,High,77786,17285,90,1865,574,1266,NFHS,National health survey & maternal/child health data collection
F52_REC00069,2015,Jul,Uttar Pradesh,Agra,TB,177,High,77786,17285,90,1865,574,1266,NFHS,National health survey & maternal/child health data collection
F52_REC00070,2015,May,Uttar Pradesh,Lucknow,Malaria,268,Low,149624,33249,174,1520,1617,1155,CARE India,"Women & child nutrition, sanitation & community health"
F52_REC00070,2015,May,Uttar Pradesh,Lucknow,Dengue,177,Low,149624,33249,174,1520,1617,1155,CARE India,"Women & child nutrition, sanitation & community health"
F52_REC00070,2015,May,Uttar Pradesh,Lucknow,TB,274,Low,149624,33249,174,1520,1617,1155,CARE India,"Women & child nutrition, sanitation & community health"
F52_REC00071,2015,Apr,Bihar,Gaya,Malaria,10,Low,142606,31690,81,853,259,476,NHM,National Health Mission — primary healthcare & ASHA worker deployment
F52_REC00071,2015,Apr,Bihar,Gaya,Dengue,390,Low,142606,31690,81,853,259,476,NHM,National Health Mission — primary healthcare & ASHA worker deployment
F52_REC00071,2015,Apr,Bihar,Gaya,TB,254,Low,142606,31690,81,853,259,476,NHM,National Health Mission — primary healthcare & ASHA worker deployment
F52_REC00072,2015,Mar,Tamil Nadu,Coimbatore,Malaria,323,Low,315615,70136,295,1386,561,458,CARE India,"Women & child nutrition, sanitation & community health"
F52_REC00072,2015,Mar,Tamil Nadu,Coimbatore,Dengue,189,Low,315615,70136,295,1386,561,458,CARE India,"Women & child nutrition, sanitation & community health"
F52_REC00072,2015,Mar,Tamil Nadu,Coimbatore,TB,52,Low,315615,70136,295,1386,561,458,CARE India,"Women & child nutrition, sanitation & community health"
F52_REC00073,2015,Jan,Karnataka,Bengaluru,Malaria,398,High,338629,75250,144,1518,2166,302,Doctors For You,Emergency medical relief & rural health camps
F52_REC00073,2015,Jan,Karnataka,Bengaluru,Dengue,296,High,338629,75250,144,1518,2166,302,Doctors For You,Emergency medical relief & rural health camps
F52_REC00073,2015,Jan,Karnataka,Bengaluru,TB,269,High,338629,75250,144,1518,2166,302,Doctors For You,Emergency medical relief & rural health camps
F52_REC00074,2016,Mar,Tamil Nadu,Coimbatore,Malaria,336,High,170928,37984,370,357,451,795,NHM,National Health Mission — primary healthcare & ASHA worker deployment
F52_REC00074,2016,Mar,Tamil Nadu,Coimbatore,Dengue,240,High,170928,37984,370,357,451,795,NHM,National Health Mission — primary healthcare & ASHA worker deployment
F52_REC00074,2016,Mar,Tamil Nadu,Coimbatore,TB,206,High,170928,37984,370,357,451,795,NHM,National Health Mission — primary healthcare & ASHA worker deployment
F52_REC00075,2016,Jan,Uttar Pradesh,Varanasi,Malaria,286,Medium,262123,58249,103,1094,319,543,Smile Foundation,"Mobile health units, education & livelihood for underserved communities"
F52_REC00075,2016,Jan,Uttar Pradesh,Varanasi,Dengue,54,Medium,262123,58249,103,1094,319,543,Smile Foundation,"Mobile health units, education & livelihood for underserved communities"
F52_REC00075,2016,Jan,Uttar Pradesh,Varanasi,TB,71,Medium,262123,58249,103,1094,319,543,Smile Foundation,"Mobile health units, education & livelihood for underserved communities"
F52_REC00076,2015,Feb,Maharashtra,Nagpur,Malaria,317,Low,64150,14255,191,1899,2536,90,NFHS,National health survey & maternal/child health data collection
F52_REC00076,2015,Feb,Maharashtra,Nagpur,Dengue,77,Low,64150,14255,191,1899,2536,90,NFHS,National health survey & maternal/child health data collection
F52_REC00076,2015,Feb,Maharashtra,Nagpur,TB,133,Low,64150,14255,191,1899,2536,90,NFHS,National health survey & maternal/child health data collection
F52_REC00077,2015,Jun,Uttar Pradesh,Varanasi,Malaria,368,High,426639,94808,35,956,2753,363,Doctors For You,Emergency medical relief & rural health camps
F52_REC00077,2015,Jun,Uttar Pradesh,Varanasi,Dengue,280,High,426639,94808,35,956,2753,363,Doctors For You,Emergency medical relief & rural health camps
F52_REC00077,2015,Jun,Uttar Pradesh,Varanasi,TB,84,High,426639,94808,35,956,2753,363,Doctors For You,Emergency medical relief & rural health camps
F52_REC00078,2015,Mar,Uttar Pradesh,Varanasi,Malaria,485,Low,68520,15226,207,371,2351,760,NHM,National Health Mission — primary healthcare & ASHA worker deployment
F52_REC00078,2015,Mar,Uttar Pradesh,Varanasi,Dengue,250,Low,68520,15226,207,371,2351,760,NHM,National Health Mission — primary healthcare & ASHA worker deployment
F52_REC00078,2015,Mar,Uttar Pradesh,Varanasi,TB,298,Low,68520,15226,207,371,2351,760,NHM,National Health Mission — primary healthcare & ASHA worker deployment
F52_REC00079,2016,Aug,Maharashtra,Pune,Malaria,112,Low,63526,14116,264,1945,1289,1183,NFHS,National health survey & maternal/child health data collection
F52_REC00079,2016,Aug,Maharashtra,Pune,Dengue,358,Low,63526,14116,264,1945,1289,1183,NFHS,National health survey & maternal/child health data collection
F52_REC00079,2016,Aug,Maharashtra,Pune,TB,141,Low,63526,14116,264,1945,1289,1183,NFHS,National health survey & maternal/child health data collection
F52_REC00080,2016,Jan,Bihar,Muzaffarpur,Malaria,76,Low,369210,82046,295,1093,2596,802,Smile Foundation,"Mobile health units, education & livelihood for underserved communities"
F52_REC00080,2016,Jan,Bihar,Muzaffarpur,Dengue,381,Low,369210,82046,295,1093,2596,802,Smile Foundation,"Mobile health units, education & livelihood for underserved communities"
F52_REC00080,2016,Jan,Bihar,Muzaffarpur,TB,273,Low,369210,82046,295,1093,2596,802,Smile Foundation,"Mobile health units, education & livelihood for underserved communities"
F52_REC00081,2017,Jan,Maharashtra,Pune,Malaria,351,Medium,348491,77442,258,432,240,884,WHO India,"Disease surveillance, immunization programs & policy advisory"
F52_REC00081,2017,Jan,Maharashtra,Pune,Dengue,98,Medium,348491,77442,258,432,240,884,WHO India,"Disease surveillance, immunization programs & policy advisory"
F52_REC00081,2017,Jan,Maharashtra,Pune,TB,118,Medium,348491,77442,258,432,240,884,WHO India,"Disease surveillance, immunization programs & policy advisory"
F52_REC00082,2017,May,Uttar Pradesh,Varanasi,Malaria,308,Medium,77603,17245,85,1203,2163,548,Doctors For You,Emergency medical relief & rural health camps
F52_REC00082,2017,May,Uttar Pradesh,Varanasi,Dengue,154,Medium,77603,17245,85,1203,2163,548,Doctors For You,Emergency medical relief & rural health camps
F52_REC00082,2017,May,Uttar Pradesh,Varanasi,TB,38,Medium,77603,17245,85,1203,2163,548,Doctors For You,Emergency medical relief & rural health camps
F52_REC00083,2017,Jul,Bihar,Muzaffarpur,Malaria,242,Low,207851,46189,131,397,835,1245,Smile Foundation,"Mobile health units, education & livelihood for underserved communities"
F52_REC00083,2017,Jul,Bihar,Muzaffarpur,Dengue,28,Low,207851,46189,131,397,835,1245,Smile Foundation,"Mobile health units, education & livelihood for underserved communities"
F52_REC00083,2017,Jul,Bihar,Muzaffarpur,TB,221,Low,207851,46189,131,397,835,1245,Smile Foundation,"Mobile health units, education & livelihood for underserved communities"
F52_REC00084,2016,Jun,Gujarat,Surat,Malaria,137,Medium,112383,24974,368,1822,405,379,Doctors For You,Emergency medical relief & rural health camps
F52_REC00084,2016,Jun,Gujarat,Surat,Dengue,384,Medium,112383,24974,368,1822,405,379,Doctors For You,Emergency medical relief & rural health camps
F52_REC00084,2016,Jun,Gujarat,Surat,TB,247,Medium,112383,24974,368,1822,405,379,Doctors For You,Emergency medical relief & rural health camps
F52_REC00085,2017,Aug,Bihar,Muzaffarpur,Malaria,96,Low,363178,80706,232,892,998,1276,Smile Foundation,"Mobile health units, education & livelihood for underserved communities"
F52_REC00085,2017,Aug,Bihar,Muzaffarpur,Dengue,273,Low,363178,80706,232,892,998,1276,Smile Foundation,"Mobile health units, education & livelihood for underserved communities"
F52_REC00085,2017,Aug,Bihar,Muzaffarpur,TB,237,Low,363178,80706,232,892,998,1276,Smile Foundation,"Mobile health units, education & livelihood for underserved communities"
F52_REC00086,2016,Jan,Uttar Pradesh,Varanasi,Malaria,109,High,188744,41943,287,102,2701,153,UNICEF India,"Child nutrition, immunization & maternal health programs"
F52_REC00086,2016,Jan,Uttar Pradesh,Varanasi,Dengue,375,High,188744,41943,287,102,2701,153,UNICEF India,"Child nutrition, immunization & maternal health programs"
F52_REC00086,2016,Jan,Uttar Pradesh,Varanasi,TB,10,High,188744,41943,287,102,2701,153,UNICEF India,"Child nutrition, immunization & maternal health programs"
F52_REC00087,2017,Aug,Maharashtra,Nagpur,Malaria,78,High,456089,101353,372,1509,2504,1144,Doctors For You,Emergency medical relief & rural health camps
F52_REC00087,2017,Aug,Maharashtra,Nagpur,Dengue,177,High,456089,101353,372,1509,2504,1144,Doctors For You,Emergency medical relief & rural health camps
F52_REC00087,2017,Aug,Maharashtra,Nagpur,TB,129,High,456089,101353,372,1509,2504,1144,Doctors For You,Emergency medical relief & rural health camps
F52_REC00088,2017,Mar,West Bengal,Siliguri,Malaria,260,Low,104226,23161,187,606,1378,1030,CARE India,"Women & child nutrition, sanitation & community health"
F52_REC00088,2017,Mar,West Bengal,Siliguri,Dengue,256,Low,104226,23161,187,606,1378,1030,CARE India,"Women & child nutrition, sanitation & community health"
F52_REC00088,2017,Mar,West Bengal,Siliguri,TB,276,Low,104226,23161,187,606,1378,1030,CARE India,"Women & child nutrition, sanitation & community health"
F52_REC00089,2015,Sep,West Bengal,Siliguri,Malaria,343,High,176163,39147,114,277,693,996,NFHS,National health survey & maternal/child health data collection
F52_REC00089,2015,Sep,West Bengal,Siliguri,Dengue,110,High,176163,39147,114,277,693,996,NFHS,National health survey & maternal/child health data collection
F52_REC00089,2015,Sep,West Bengal,Siliguri,TB,218,High,176163,39147,114,277,693,996,NFHS,National health survey & maternal/child health data collection
F52_REC00090,2016,Sep,Bihar,Gaya,Malaria,480,Low,441983,98218,57,1008,1313,842,HMIS,Health management information systems & data monitoring
F52_REC00090,2016,Sep,Bihar,Gaya,Dengue,316,Low,441983,98218,57,1008,1313,842,HMIS,Health management information systems & data monitoring
F52_REC00090,2016,Sep,Bihar,Gaya,TB,239,Low,441983,98218,57,1008,1313,842,HMIS,Health management information systems & data monitoring
F52_REC00091,2017,Jan,Maharashtra,Nagpur,Malaria,390,High,322481,71662,222,636,2562,443,HMIS,Health management information systems & data monitoring
F52_REC00091,2017,Jan,Maharashtra,Nagpur,Dengue,343,High,322481,71662,222,636,2562,443,HMIS,Health management information systems & data monitoring
F52_REC00091,2017,Jan,Maharashtra,Nagpur,TB,227,High,322481,71662,222,636,2562,443,HMIS,Health management information systems & data monitoring
F52_REC00092,2015,Jan,Karnataka,Bengaluru,Malaria,404,Medium,414696,92154,151,1696,2900,391,CARE India,"Women & child nutrition, sanitation & community health"
F52_REC00092,2015,Jan,Karnataka,Bengaluru,Dengue,24,Medium,414696,92154,151,1696,2900,391,CARE India,"Women & child nutrition, sanitation & community health"
F52_REC00092,2015,Jan,Karnataka,Bengaluru,TB,204,Medium,414696,92154,151,1696,2900,391,CARE India,"Women & child nutrition, sanitation & community health"
F52_REC00093,2016,May,Gujarat,Surat,Malaria,89,Medium,481981,107106,201,1998,2078,1291,Doctors For You,Emergency medical relief & rural health camps
F52_REC00093,2016,May,Gujarat,Surat,Dengue,87,Medium,481981,107106,201,1998,2078,1291,Doctors For You,Emergency medical relief & rural health camps
F52_REC00093,2016,May,Gujarat,Surat,TB,80,Medium,481981,107106,201,1998,2078,1291,Doctors For You,Emergency medical relief & rural health camps
F52_REC00094,2015,Mar,Tamil Nadu,Coimbatore,Malaria,77,Low,482975,107327,260,1545,1266,498,UNICEF India,"Child nutrition, immunization & maternal health programs"
F52_REC00094,2015,Mar,Tamil Nadu,Coimbatore,Dengue,206,Low,482975,107327,260,1545,1266,498,UNICEF India,"Child nutrition, immunization & maternal health programs"
F52_REC00094,2015,Mar,Tamil Nadu,Coimbatore,TB,141,Low,482975,107327,260,1545,1266,498,UNICEF India,"Child nutrition, immunization & maternal health programs"
F52_REC00095,2017,Feb,Gujarat,Vadodara,Malaria,244,High,322926,71761,251,254,2399,600,NHM,National Health Mission — primary healthcare & ASHA worker deployment
F52_REC00095,2017,Feb,Gujarat,Vadodara,Dengue,361,High,322926,71761,251,254,2399,600,NHM,National Health Mission — primary healthcare & ASHA worker deployment
F52_REC00095,2017,Feb,Gujarat,Vadodara,TB,115,High,322926,71761,251,254,2399,600,NHM,National Health Mission — primary healthcare & ASHA worker deployment
F52_REC00096,2016,Jul,Karnataka,Hubli,Malaria,152,High,269955,59990,391,1780,634,407,UNICEF India,"Child nutrition, immunization & maternal health programs"
F52_REC00096,2016,Jul,Karnataka,Hubli,Dengue,202,High,269955,59990,391,1780,634,407,UNICEF India,"Child nutrition, immunization & maternal health programs"
F52_REC00096,2016,Jul,Karnataka,Hubli,TB,289,High,269955,59990,391,1780,634,407,UNICEF India,"Child nutrition, immunization & maternal health programs"
F52_REC00097,2015,Jun,Tamil Nadu,Coimbatore,Malaria,312,High,237813,52847,398,1878,2204,1481,NHM,National Health Mission — primary healthcare & ASHA worker deployment
F52_REC00097,2015,Jun,Tamil Nadu,Coimbatore,Dengue,396,High,237813,52847,398,1878,2204,1481,NHM,National Health Mission — primary healthcare & ASHA worker deployment
F52_REC00097,2015,Jun,Tamil Nadu,Coimbatore,TB,84,High,237813,52847,398,1878,2204,1481,NHM,National Health Mission — primary healthcare & ASHA worker deployment
F52_REC00098,2015,Aug,West Bengal,Kolkata,Malaria,402,Low,345423,76760,253,1441,2145,107,Smile Foundation,"Mobile health units, education & livelihood for underserved communities"
F52_REC00098,2015,Aug,West Bengal,Kolkata,Dengue,77,Low,345423,76760,253,1441,2145,107,Smile Foundation,"Mobile health units, education & livelihood for underserved communities"
F52_REC00098,2015,Aug,West Bengal,Kolkata,TB,119,Low,345423,76760,253,1441,2145,107,Smile Foundation,"Mobile health units, education & livelihood for underserved communities"
F52_REC00099,2016,Apr,West Bengal,Howrah,Malaria,233,Low,494159,109813,145,1599,2039,464,NFHS,National health survey & maternal/child health data collection
F52_REC00099,2016,Apr,West Bengal,Howrah,Dengue,88,Low,494159,109813,145,1599,2039,464,NFHS,National health survey & maternal/child health data collection
F52_REC00099,2016,Apr,West Bengal,Howrah,TB,194,Low,494159,109813,145,1599,2039,464,NFHS,National health survey & maternal/child health data collection
F52_REC00100,2017,Jun,Karnataka,Hubli,Malaria,56,Low,287751,63944,163,1549,2018,425,WHO India,"Disease surveillance, immunization programs & policy advisory"
F52_REC00100,2017,Jun,Karnataka,Hubli,Dengue,180,Low,287751,63944,163,1549,2018,425,WHO India,"Disease surveillance, immunization programs & policy advisory"
F52_REC00100,2017,Jun,Karnataka,Hubli,TB,103,Low,287751,63944,163,1549,2018,425,WHO India,"Disease surveillance, immunization programs & policy advisory"
F52_REC00101,2016,Sep,West Bengal,Siliguri,Malaria,49,Low,300261,66724,126,603,1484,221,HMIS,Health management information systems & data monitoring
F52_REC00101,2016,Sep,West Bengal,Siliguri,Dengue,62,Low,300261,66724,126,603,1484,221,HMIS,Health management information systems & data monitoring
F52_REC00101,2016,Sep,West Bengal,Siliguri,TB,153,Low,300261,66724,126,603,1484,221,HMIS,Health management information systems & data monitoring
F52_REC00102,2016,Aug,Gujarat,Ahmedabad,Malaria,477,Low,155340,34520,340,978,436,1475,Smile Foundation,"Mobile health units, education & livelihood for underserved communities"
F52_REC00102,2016,Aug,Gujarat,Ahmedabad,Dengue,262,Low,155340,34520,340,978,436,1475,Smile Foundation,"Mobile health units, education & livelihood for underserved communities"
F52_REC00102,2016,Aug,Gujarat,Ahmedabad,TB,64,Low,155340,34520,340,978,436,1475,Smile Foundation,"Mobile health units, education & livelihood for underserved communities"
F52_REC00103,2017,Jun,Gujarat,Vadodara,Malaria,260,High,128194,28487,226,1111,2810,418,NFHS,National health survey & maternal/child health data collection
F52_REC00103,2017,Jun,Gujarat,Vadodara,Dengue,325,High,128194,28487,226,1111,2810,418,NFHS,National health survey & maternal/child health data collection
F52_REC00103,2017,Jun,Gujarat,Vadodara,TB,150,High,128194,28487,226,1111,2810,418,NFHS,National health survey & maternal/child health data collection
F52_REC00104,2015,Apr,Gujarat,Ahmedabad,Malaria,289,Medium,314869,69970,74,1458,2440,139,CARE India,"Women & child nutrition, sanitation & community health"
F52_REC00104,2015,Apr,Gujarat,Ahmedabad,Dengue,325,Medium,314869,69970,74,1458,2440,139,CARE India,"Women & child nutrition, sanitation & community health"
F52_REC00104,2015,Apr,Gujarat,Ahmedabad,TB,208,Medium,314869,69970,74,1458,2440,139,CARE India,"Women & child nutrition, sanitation & community health"
F52_REC00105,2015,Jul,Bihar,Patna,Malaria,63,Medium,256945,57098,170,1832,2233,1106,NHM,National Health Mission — primary healthcare & ASHA worker deployment
F52_REC00105,2015,Jul,Bihar,Patna,Dengue,151,Medium,256945,57098,170,1832,2233,1106,NHM,National Health Mission — primary healthcare & ASHA worker deployment
F52_REC00105,2015,Jul,Bihar,Patna,TB,292,Medium,256945,57098,170,1832,2233,1106,NHM,National Health Mission — primary healthcare & ASHA worker deployment
F52_REC00106,2017,Jul,Gujarat,Surat,Malaria,15,Low,192460,42768,137,1764,1721,1288,HMIS,Health management information systems & data monitoring
F52_REC00106,2017,Jul,Gujarat,Surat,Dengue,25,Low,192460,42768,137,1764,1721,1288,HMIS,Health management information systems & data monitoring
F52_REC00106,2017,Jul,Gujarat,Surat,TB,53,Low,192460,42768,137,1764,1721,1288,HMIS,Health management information systems & data monitoring
F52_REC00107,2017,Sep,Bihar,Gaya,Malaria,489,Medium,70925,15761,258,1523,1543,796,NHM,National Health Mission — primary healthcare & ASHA worker deployment
F52_REC00107,2017,Sep,Bihar,Gaya,Dengue,82,Medium,70925,15761,258,1523,1543,796,NHM,National Health Mission — primary healthcare & ASHA worker deployment
F52_REC00107,2017,Sep,Bihar,Gaya,TB,164,Medium,70925,15761,258,1523,1543,796,NHM,National Health Mission — primary healthcare & ASHA worker deployment
F52_REC00108,2016,Sep,Gujarat,Ahmedabad,Malaria,232,Low,151437,33652,258,1846,2756,949,NFHS,National health survey & maternal/child health data collection
F52_REC00108,2016,Sep,Gujarat,Ahmedabad,Dengue,59,Low,151437,33652,258,1846,2756,949,NFHS,National health survey & maternal/child health data collection
F52_REC00108,2016,Sep,Gujarat,Ahmedabad,TB,184,Low,151437,33652,258,1846,2756,949,NFHS,National health survey & maternal/child health data collection
F52_REC00109,2016,Apr,Maharashtra,Pune,Malaria,178,High,469798,104399,54,586,1484,541,HMIS,Health management information systems & data monitoring
F52_REC00109,2016,Apr,Maharashtra,Pune,Dengue,57,High,469798,104399,54,586,1484,541,HMIS,Health management information systems & data monitoring
F52_REC00109,2016,Apr,Maharashtra,Pune,TB,179,High,469798,104399,54,586,1484,541,HMIS,Health management information systems & data monitoring
F52_REC00110,2017,Sep,Tamil Nadu,Coimbatore,Malaria,262,High,495061,110013,56,796,1054,368,HMIS,Health management information systems & data monitoring
F52_REC00110,2017,Sep,Tamil Nadu,Coimbatore,Dengue,18,High,495061,110013,56,796,1054,368,HMIS,Health management information systems & data monitoring
F52_REC00110,2017,Sep,Tamil Nadu,Coimbatore,TB,55,High,495061,110013,56,796,1054,368,HMIS,Health management information systems & data monitoring
F52_REC00111,2016,Jan,Bihar,Muzaffarpur,Malaria,169,Medium,151985,33774,235,155,225,1205,Smile Foundation,"Mobile health units, education & livelihood for underserved communities"
F52_REC00111,2016,Jan,Bihar,Muzaffarpur,Dengue,329,Medium,151985,33774,235,155,225,1205,Smile Foundation,"Mobile health units, education & livelihood for underserved communities"
F52_REC00111,2016,Jan,Bihar,Muzaffarpur,TB,49,Medium,151985,33774,235,155,225,1205,Smile Foundation,"Mobile health units, education & livelihood for underserved communities"
F52_REC00112,2015,May,Gujarat,Surat,Malaria,27,High,468746,104165,163,1262,1130,1013,CARE India,"Women & child nutrition, sanitation & community health"
F52_REC00112,2015,May,Gujarat,Surat,Dengue,195,High,468746,104165,163,1262,1130,1013,CARE India,"Women & child nutrition, sanitation & community health"
F52_REC00112,2015,May,Gujarat,Surat,TB,284,High,468746,104165,163,1262,1130,1013,CARE India,"Women & child nutrition, sanitation & community health"
F52_REC00113,2015,Jul,Karnataka,Hubli,Malaria,218,High,57334,12740,160,1973,1243,270,UNICEF India,"Child nutrition, immunization & maternal health programs"
F52_REC00113,2015,Jul,Karnataka,Hubli,Dengue,248,High,57334,12740,160,1973,1243,270,UNICEF India,"Child nutrition, immunization & maternal health programs"
F52_REC00113,2015,Jul,Karnataka,Hubli,TB,127,High,57334,12740,160,1973,1243,270,UNICEF India,"Child nutrition, immunization & maternal health programs"
F52_REC00114,2015,Sep,West Bengal,Howrah,Malaria,249,Low,447993,99554,132,1608,308,198,Doctors For You,Emergency medical relief & rural health camps
F52_REC00114,2015,Sep,West Bengal,Howrah,Dengue,331,Low,447993,99554,132,1608,308,198,Doctors For You,Emergency medical relief & rural health camps
F52_REC00114,2015,Sep,West Bengal,Howrah,TB,93,Low,447993,99554,132,1608,308,198,Doctors For You,Emergency medical relief & rural health camps
F52_REC00115,2016,Jan,Bihar,Gaya,Malaria,375,High,82101,18244,98,743,2224,951,WHO India,"Disease surveillance, immunization programs & policy advisory"
F52_REC00115,2016,Jan,Bihar,Gaya,Dengue,360,High,82101,18244,98,743,2224,951,WHO India,"Disease surveillance, immunization programs & policy advisory"
F52_REC00115,2016,Jan,Bihar,Gaya,TB,97,High,82101,18244,98,743,2224,951,WHO India,"Disease surveillance, immunization programs & policy advisory"
F52_REC00116,2015,Aug,Gujarat,Vadodara,Malaria,24,Medium,125882,27973,130,1458,2571,1431,UNICEF India,"Child nutrition, immunization & maternal health programs"
F52_REC00116,2015,Aug,Gujarat,Vadodara,Dengue,106,Medium,125882,27973,130,1458,2571,1431,UNICEF India,"Child nutrition, immunization & maternal health programs"
F52_REC00116,2015,Aug,Gujarat,Vadodara,TB,192,Medium,125882,27973,130,1458,2571,1431,UNICEF India,"Child nutrition, immunization & maternal health programs"
F52_REC00117,2015,Jan,Gujarat,Ahmedabad,Malaria,274,Low,116480,25884,89,136,774,463,Smile Foundation,"Mobile health units, education & livelihood for underserved communities"
F52_REC00117,2015,Jan,Gujarat,Ahmedabad,Dengue,132,Low,116480,25884,89,136,774,463,Smile Foundation,"Mobile health units, education & livelihood for underserved communities"
F52_REC00117,2015,Jan,Gujarat,Ahmedabad,TB,160,Low,116480,25884,89,136,774,463,Smile Foundation,"Mobile health units, education & livelihood for underserved communities"
F52_REC00118,2015,Sep,Uttar Pradesh,Varanasi,Malaria,436,High,379740,84386,229,165,2450,604,NFHS,National health survey & maternal/child health data collection
F52_REC00118,2015,Sep,Uttar Pradesh,Varanasi,Dengue,6,High,379740,84386,229,165,2450,604,NFHS,National health survey & maternal/child health data collection
F52_REC00118,2015,Sep,Uttar Pradesh,Varanasi,TB,46,High,379740,84386,229,165,2450,604,NFHS,National health survey & maternal/child health data collection
F52_REC00119,2017,Jul,Bihar,Gaya,Malaria,47,Medium,449705,99934,276,1444,2840,153,NHM,National Health Mission — primary healthcare & ASHA worker deployment
F52_REC00119,2017,Jul,Bihar,Gaya,Dengue,225,Medium,449705,99934,276,1444,2840,153,NHM,National Health Mission — primary healthcare & ASHA worker deployment
F52_REC00119,2017,Jul,Bihar,Gaya,TB,94,Medium,449705,99934,276,1444,2840,153,NHM,National Health Mission — primary healthcare & ASHA worker deployment
F52_REC00120,2017,Aug,West Bengal,Howrah,Malaria,280,Medium,95895,21310,93,1678,2355,403,Smile Foundation,"Mobile health units, education & livelihood for underserved communities"
F52_REC00120,2017,Aug,West Bengal,Howrah,Dengue,112,Medium,95895,21310,93,1678,2355,403,Smile Foundation,"Mobile health units, education & livelihood for underserved communities"
F52_REC00120,2017,Aug,West Bengal,Howrah,TB,168,Medium,95895,21310,93,1678,2355,403,Smile Foundation,"Mobile health units, education & livelihood for underserved communities"
F52_REC00121,2016,Jul,Gujarat,Ahmedabad,Malaria,119,Low,455064,101125,297,342,2744,799,Smile Foundation,"Mobile health units, education & livelihood for underserved communities"
F52_REC00121,2016,Jul,Gujarat,Ahmedabad,Dengue,87,Low,455064,101125,297,342,2744,799,Smile Foundation,"Mobile health units, education & livelihood for underserved communities"
F52_REC00121,2016,Jul,Gujarat,Ahmedabad,TB,233,Low,455064,101125,297,342,2744,799,Smile Foundation,"Mobile health units, education & livelihood for underserved communities"
F52_REC00122,2017,Mar,Bihar,Muzaffarpur,Malaria,24,Medium,366975,81550,68,1990,384,1464,Doctors For You,Emergency medical relief & rural health camps
F52_REC00122,2017,Mar,Bihar,Muzaffarpur,Dengue,228,Medium,366975,81550,68,1990,384,1464,Doctors For You,Emergency medical relief & rural health camps
F52_REC00122,2017,Mar,Bihar,Muzaffarpur,TB,24,Medium,366975,81550,68,1990,384,1464,Doctors For You,Emergency medical relief & rural health camps
F52_REC00123,2016,Jun,Gujarat,Vadodara,Malaria,326,High,242836,53963,87,1357,1057,1184,CARE India,"Women & child nutrition, sanitation & community health"
F52_REC00123,2016,Jun,Gujarat,Vadodara,Dengue,133,High,242836,53963,87,1357,1057,1184,CARE India,"Women & child nutrition, sanitation & community health"
F52_REC00123,2016,Jun,Gujarat,Vadodara,TB,62,High,242836,53963,87,1357,1057,1184,CARE India,"Women & child nutrition, sanitation & community health"
F52_REC00124,2015,Feb,Tamil Nadu,Coimbatore,Malaria,326,Medium,268465,59658,321,1298,2834,1093,Doctors For You,Emergency medical relief & rural health camps
F52_REC00124,2015,Feb,Tamil Nadu,Coimbatore,Dengue,21,Medium,268465,59658,321,1298,2834,1093,Doctors For You,Emergency medical relief & rural health camps
F52_REC00124,2015,Feb,Tamil Nadu,Coimbatore,TB,238,Medium,268465,59658,321,1298,2834,1093,Doctors For You,Emergency medical relief & rural health camps
F52_REC00125,2016,Mar,Karnataka,Hubli,Malaria,345,Medium,274435,60985,49,1945,1197,951,NHM,National Health Mission — primary healthcare & ASHA worker deployment
F52_REC00125,2016,Mar,Karnataka,Hubli,Dengue,263,Medium,274435,60985,49,1945,1197,951,NHM,National Health Mission — primary healthcare & ASHA worker deployment
F52_REC00125,2016,Mar,Karnataka,Hubli,TB,230,Medium,274435,60985,49,1945,1197,951,NHM,National Health Mission — primary healthcare & ASHA worker deployment
F52_REC00126,2016,Feb,Tamil Nadu,Coimbatore,Malaria,191,High,397329,88295,189,655,1136,451,HMIS,Health management information systems & data monitoring
F52_REC00126,2016,Feb,Tamil Nadu,Coimbatore,Dengue,288,High,397329,88295,189,655,1136,451,HMIS,Health management information systems & data monitoring
F52_REC00126,2016,Feb,Tamil Nadu,Coimbatore,TB,267,High,397329,88295,189,655,1136,451,HMIS,Health management information systems & data monitoring
F52_REC00127,2015,Jan,Tamil Nadu,Chennai,Malaria,85,Medium,261659,58146,253,188,2264,670,Doctors For You,Emergency medical relief & rural health camps
F52_REC00127,2015,Jan,Tamil Nadu,Chennai,Dengue,382,Medium,261659,58146,253,188,2264,670,Doctors For You,Emergency medical relief & rural health camps
F52_REC00127,2015,Jan,Tamil Nadu,Chennai,TB,138,Medium,261659,58146,253,188,2264,670,Doctors For You,Emergency medical relief & rural health camps
F52_REC00128,2016,Jul,Karnataka,Bengaluru,Malaria,458,Medium,66732,14829,30,468,1844,1127,NHM,National Health Mission — primary healthcare & ASHA worker deployment
F52_REC00128,2016,Jul,Karnataka,Bengaluru,Dengue,272,Medium,66732,14829,30,468,1844,1127,NHM,National Health Mission — primary healthcare & ASHA worker deployment
F52_REC00128,2016,Jul,Karnataka,Bengaluru,TB,65,Medium,66732,14829,30,468,1844,1127,NHM,National Health Mission — primary healthcare & ASHA worker deployment
F52_REC00129,2015,Jul,Karnataka,Hubli,Malaria,468,Low,240455,53434,103,630,2426,1439,Smile Foundation,"Mobile health units, education & livelihood for underserved communities"
F52_REC00129,2015,Jul,Karnataka,Hubli,Dengue,347,Low,240455,53434,103,630,2426,1439,Smile Foundation,"Mobile health units, education & livelihood for underserved communities"
F52_REC00129,2015,Jul,Karnataka,Hubli,TB,264,Low,240455,53434,103,630,2426,1439,Smile Foundation,"Mobile health units, education & livelihood for underserved communities"
F52_REC00130,2015,Jan,Uttar Pradesh,Agra,Malaria,430,High,419785,93285,90,1301,2200,1410,HMIS,Health management information systems & data monitoring
F52_REC00130,2015,Jan,Uttar Pradesh,Agra,Dengue,268,High,419785,93285,90,1301,2200,1410,HMIS,Health management information systems & data monitoring
F52_REC00130,2015,Jan,Uttar Pradesh,Agra,TB,79,High,419785,93285,90,1301,2200,1410,HMIS,Health management information systems & data monitoring
F52_REC00131,2017,Mar,Tamil Nadu,Coimbatore,Malaria,243,Low,358061,79569,81,1925,1003,695,UNICEF India,"Child nutrition, immunization & maternal health programs"
F52_REC00131,2017,Mar,Tamil Nadu,Coimbatore,Dengue,321,Low,358061,79569,81,1925,1003,695,UNICEF India,"Child nutrition, immunization & maternal health programs"
F52_REC00131,2017,Mar,Tamil Nadu,Coimbatore,TB,252,Low,358061,79569,81,1925,1003,695,UNICEF India,"Child nutrition, immunization & maternal health programs"
F52_REC00132,2017,Jun,West Bengal,Howrah,Malaria,119,Medium,444874,98860,336,197,2162,372,CARE India,"Women & child nutrition, sanitation & community health"
F52_REC00132,2017,Jun,West Bengal,Howrah,Dengue,46,Medium,444874,98860,336,197,2162,372,CARE India,"Women & child nutrition, sanitation & community health"
F52_REC00132,2017,Jun,West Bengal,Howrah,TB,208,Medium,444874,98860,336,197,2162,372,CARE India,"Women & child nutrition, sanitation & community health"
F52_REC00133,2016,Jan,Uttar Pradesh,Varanasi,Malaria,93,Medium,430144,95587,175,340,568,436,HMIS,Health management information systems & data monitoring
F52_REC00133,2016,Jan,Uttar Pradesh,Varanasi,Dengue,206,Medium,430144,95587,175,340,568,436,HMIS,Health management information systems & data monitoring
F52_REC00133,2016,Jan,Uttar Pradesh,Varanasi,TB,166,Medium,430144,95587,175,340,568,436,HMIS,Health management information systems & data monitoring
F52_REC00134,2016,Jul,Karnataka,Hubli,Malaria,80,High,327857,72857,247,316,744,980,NHM,National Health Mission — primary healthcare & ASHA worker deployment
F52_REC00134,2016,Jul,Karnataka,Hubli,Dengue,69,High,327857,72857,247,316,744,980,NHM,National Health Mission — primary healthcare & ASHA worker deployment
F52_REC00134,2016,Jul,Karnataka,Hubli,TB,130,High,327857,72857,247,316,744,980,NHM,National Health Mission — primary healthcare & ASHA worker deployment
F52_REC00135,2017,May,Maharashtra,Nagpur,Malaria,289,Medium,474571,105460,54,868,2537,1375,Smile Foundation,"Mobile health units, education & livelihood for underserved communities"
F52_REC00135,2017,May,Maharashtra,Nagpur,Dengue,136,Medium,474571,105460,54,868,2537,1375,Smile Foundation,"Mobile health units, education & livelihood for underserved communities"
F52_REC00135,2017,May,Maharashtra,Nagpur,TB,169,Medium,474571,105460,54,868,2537,1375,Smile Foundation,"Mobile health units, education & livelihood for underserved communities"
F52_REC00136,2015,Jun,Maharashtra,Pune,Malaria,382,Medium,285307,63401,88,1742,1013,1066,Doctors For You,Emergency medical relief & rural health camps
F52_REC00136,2015,Jun,Maharashtra,Pune,Dengue,69,Medium,285307,63401,88,1742,1013,1066,Doctors For You,Emergency medical relief & rural health camps
F52_REC00136,2015,Jun,Maharashtra,Pune,TB,36,Medium,285307,63401,88,1742,1013,1066,Doctors For You,Emergency medical relief & rural health camps
F52_REC00137,2016,Jul,Maharashtra,Nagpur,Malaria,154,High,341161,75813,326,1199,491,1102,NHM,National Health Mission — primary healthcare & ASHA worker deployment
F52_REC00137,2016,Jul,Maharashtra,Nagpur,Dengue,270,High,341161,75813,326,1199,491,1102,NHM,National Health Mission — primary healthcare & ASHA worker deployment
F52_REC00137,2016,Jul,Maharashtra,Nagpur,TB,113,High,341161,75813,326,1199,491,1102,NHM,National Health Mission — primary healthcare & ASHA worker deployment
F52_REC00138,2017,Apr,West Bengal,Kolkata,Malaria,27,High,154293,34287,396,1868,741,445,Smile Foundation,"Mobile health units, education & livelihood for underserved communities"
F52_REC00138,2017,Apr,West Bengal,Kolkata,Dengue,382,High,154293,34287,396,1868,741,445,Smile Foundation,"Mobile health units, education & livelihood for underserved communities"
F52_REC00138,2017,Apr,West Bengal,Kolkata,TB,81,High,154293,34287,396,1868,741,445,Smile Foundation,"Mobile health units, education & livelihood for underserved communities"
F52_REC00139,2015,Jun,Uttar Pradesh,Agra,Malaria,266,Medium,298973,66438,271,494,2599,1066,Doctors For You,Emergency medical relief & rural health camps
F52_REC00139,2015,Jun,Uttar Pradesh,Agra,Dengue,263,Medium,298973,66438,271,494,2599,1066,Doctors For You,Emergency medical relief & rural health camps
F52_REC00139,2015,Jun,Uttar Pradesh,Agra,TB,62,Medium,298973,66438,271,494,2599,1066,Doctors For You,Emergency medical relief & rural health camps
F52_REC00140,2016,May,Karnataka,Bengaluru,Malaria,204,Medium,221513,49225,55,1582,1044,235,Smile Foundation,"Mobile health units, education & livelihood for underserved communities"
F52_REC00140,2016,May,Karnataka,Bengaluru,Dengue,238,Medium,221513,49225,55,1582,1044,235,Smile Foundation,"Mobile health units, education & livelihood for underserved communities"
F52_REC00140,2016,May,Karnataka,Bengaluru,TB,222,Medium,221513,49225,55,1582,1044,235,Smile Foundation,"Mobile health units, education & livelihood for underserved communities"
F52_REC00141,2015,Mar,Maharashtra,Pune,Malaria,435,Medium,331547,73677,117,987,1221,1097,Doctors For You,Emergency medical relief & rural health camps
F52_REC00141,2015,Mar,Maharashtra,Pune,Dengue,69,Medium,331547,73677,117,987,1221,1097,Doctors For You,Emergency medical relief & rural health camps
F52_REC00141,2015,Mar,Maharashtra,Pune,TB,124,Medium,331547,73677,117,987,1221,1097,Doctors For You,Emergency medical relief & rural health camps
F52_REC00142,2015,Feb,Tamil Nadu,Coimbatore,Malaria,210,Medium,133527,29672,208,1351,2007,550,CARE India,"Women & child nutrition, sanitation & community health"
F52_REC00142,2015,Feb,Tamil Nadu,Coimbatore,Dengue,65,Medium,133527,29672,208,1351,2007,550,CARE India,"Women & child nutrition, sanitation & community health"
F52_REC00142,2015,Feb,Tamil Nadu,Coimbatore,TB,206,Medium,133527,29672,208,1351,2007,550,CARE India,"Women & child nutrition, sanitation & community health"
F52_REC00143,2015,Feb,Maharashtra,Nagpur,Malaria,465,High,126963,28214,172,1677,1185,897,WHO India,"Disease surveillance, immunization programs & policy advisory"
F52_REC00143,2015,Feb,Maharashtra,Nagpur,Dengue,50,High,126963,28214,172,1677,1185,897,WHO India,"Disease surveillance, immunization programs & policy advisory"
F52_REC00143,2015,Feb,Maharashtra,Nagpur,TB,23,High,126963,28214,172,1677,1185,897,WHO India,"Disease surveillance, immunization programs & policy advisory"
F52_REC00144,2016,Apr,West Bengal,Kolkata,Malaria,227,Low,393974,87549,166,196,2870,1232,NFHS,National health survey & maternal/child health data collection
F52_REC00144,2016,Apr,West Bengal,Kolkata,Dengue,67,Low,393974,87549,166,196,2870,1232,NFHS,National health survey & maternal/child health data collection
F52_REC00144,2016,Apr,West Bengal,Kolkata,TB,110,Low,393974,87549,166,196,2870,1232,NFHS,National health survey & maternal/child health data collection
F52_REC00145,2016,Mar,West Bengal,Kolkata,Malaria,470,Medium,192886,42863,140,1788,1993,505,NFHS,National health survey & maternal/child health data collection
F52_REC00145,2016,Mar,West Bengal,Kolkata,Dengue,339,Medium,192886,42863,140,1788,1993,505,NFHS,National health survey & maternal/child health data collection
F52_REC00145,2016,Mar,West Bengal,Kolkata,TB,142,Medium,192886,42863,140,1788,1993,505,NFHS,National health survey & maternal/child health data collection
F52_REC00146,2016,Mar,Maharashtra,Pune,Malaria,143,Low,65312,14513,284,1818,2358,1260,WHO India,"Disease surveillance, immunization programs & policy advisory"
F52_REC00146,2016,Mar,Maharashtra,Pune,Dengue,206,Low,65312,14513,284,1818,2358,1260,WHO India,"Disease surveillance, immunization programs & policy advisory"
F52_REC00146,2016,Mar,Maharashtra,Pune,TB,4,Low,65312,14513,284,1818,2358,1260,WHO India,"Disease surveillance, immunization programs & policy advisory"
F52_REC00147,2015,Jul,Gujarat,Vadodara,Malaria,51,Medium,426714,94825,329,1540,1597,378,Smile Foundation,"Mobile health units, education & livelihood for underserved communities"
F52_REC00147,2015,Jul,Gujarat,Vadodara,Dengue,23,Medium,426714,94825,329,1540,1597,378,Smile Foundation,"Mobile health units, education & livelihood for underserved communities"
F52_REC00147,2015,Jul,Gujarat,Vadodara,TB,189,Medium,426714,94825,329,1540,1597,378,Smile Foundation,"Mobile health units, education & livelihood for underserved communities"
F52_REC00148,2016,Jun,Tamil Nadu,Madurai,Malaria,344,Low,192925,42872,346,268,1665,1184,HMIS,Health management information systems & data monitoring
F52_REC00148,2016,Jun,Tamil Nadu,Madurai,Dengue,308,Low,192925,42872,346,268,1665,1184,HMIS,Health management information systems & data monitoring
F52_REC00148,2016,Jun,Tamil Nadu,Madurai,TB,226,Low,192925,42872,346,268,1665,1184,HMIS,Health management information systems & data monitoring
F52_REC00149,2016,Apr,Gujarat,Ahmedabad,Malaria,407,Medium,402126,89361,352,231,1890,1237,NFHS,National health survey & maternal/child health data collection
F52_REC00149,2016,Apr,Gujarat,Ahmedabad,Dengue,283,Medium,402126,89361,352,231,1890,1237,NFHS,National health survey & maternal/child health data collection
F52_REC00149,2016,Apr,Gujarat,Ahmedabad,TB,46,Medium,402126,89361,352,231,1890,1237,NFHS,National health survey & maternal/child health data collection
F52_REC00150,2015,Feb,West Bengal,Kolkata,Malaria,356,Medium,314268,69837,166,1472,1255,1007,WHO India,"Disease surveillance, immunization programs & policy advisory"
F52_REC00150,2015,Feb,West Bengal,Kolkata,Dengue,35,Medium,314268,69837,166,1472,1255,1007,WHO India,"Disease surveillance, immunization programs & policy advisory"
F52_REC00150,2015,Feb,West Bengal,Kolkata,TB,41,Medium,314268,69837,166,1472,1255,1007,WHO India,"Disease surveillance, immunization programs & policy advisory"
F52_REC00151,2017,Jan,Karnataka,Bengaluru,Malaria,448,Low,76552,17011,292,1961,1898,388,NHM,National Health Mission — primary healthcare & ASHA worker deployment
F52_REC00151,2017,Jan,Karnataka,Bengaluru,Dengue,208,Low,76552,17011,292,1961,1898,388,NHM,National Health Mission — primary healthcare & ASHA worker deployment
F52_REC00151,2017,Jan,Karnataka,Bengaluru,TB,0,Low,76552,17011,292,1961,1898,388,NHM,National Health Mission — primary healthcare & ASHA worker deployment
F52_REC00152,2015,Sep,Gujarat,Surat,Malaria,230,High,100639,22364,373,924,2058,1162,CARE India,"Women & child nutrition, sanitation & community health"
F52_REC00152,2015,Sep,Gujarat,Surat,Dengue,121,High,100639,22364,373,924,2058,1162,CARE India,"Women & child nutrition, sanitation & community health"
F52_REC00152,2015,Sep,Gujarat,Surat,TB,68,High,100639,22364,373,924,2058,1162,CARE India,"Women & child nutrition, sanitation & community health"
F52_REC00153,2016,Feb,Karnataka,Mysuru,Malaria,367,High,240313,53402,350,1769,444,230,NHM,National Health Mission — primary healthcare & ASHA worker deployment
F52_REC00153,2016,Feb,Karnataka,Mysuru,Dengue,191,High,240313,53402,350,1769,444,230,NHM,National Health Mission — primary healthcare & ASHA worker deployment
F52_REC00153,2016,Feb,Karnataka,Mysuru,TB,111,High,240313,53402,350,1769,444,230,NHM,National Health Mission — primary healthcare & ASHA worker deployment
F52_REC00154,2015,Aug,Uttar Pradesh,Lucknow,Malaria,154,High,484946,107765,338,121,2323,195,WHO India,"Disease surveillance, immunization programs & policy advisory"
F52_REC00154,2015,Aug,Uttar Pradesh,Lucknow,Dengue,322,High,484946,107765,338,121,2323,195,WHO India,"Disease surveillance, immunization programs & policy advisory"
F52_REC00154,2015,Aug,Uttar Pradesh,Lucknow,TB,251,High,484946,107765,338,121,2323,195,WHO India,"Disease surveillance, immunization programs & policy advisory"
F52_REC00155,2017,Mar,Uttar Pradesh,Agra,Malaria,167,High,293464,65214,210,1347,2491,940,CARE India,"Women & child nutrition, sanitation & community health"
F52_REC00155,2017,Mar,Uttar Pradesh,Agra,Dengue,348,High,293464,65214,210,1347,2491,940,CARE India,"Women & child nutrition, sanitation & community health"
F52_REC00155,2017,Mar,Uttar Pradesh,Agra,TB,138,High,293464,65214,210,1347,2491,940,CARE India,"Women & child nutrition, sanitation & community health"
F52_REC00156,2016,Jul,Maharashtra,Nagpur,Malaria,446,Low,73549,16344,326,1724,835,176,Doctors For You,Emergency medical relief & rural health camps
F52_REC00156,2016,Jul,Maharashtra,Nagpur,Dengue,172,Low,73549,16344,326,1724,835,176,Doctors For You,Emergency medical relief & rural health camps
F52_REC00156,2016,Jul,Maharashtra,Nagpur,TB,95,Low,73549,16344,326,1724,835,176,Doctors For You,Emergency medical relief & rural health camps
F52_REC00157,2016,Jan,Bihar,Patna,Malaria,228,High,354264,78725,225,1229,1911,181,NFHS,National health survey & maternal/child health data collection
F52_REC00157,2016,Jan,Bihar,Patna,Dengue,351,High,354264,78725,225,1229,1911,181,NFHS,National health survey & maternal/child health data collection
F52_REC00157,2016,Jan,Bihar,Patna,TB,230,High,354264,78725,225,1229,1911,181,NFHS,National health survey & maternal/child health data collection
F52_REC00158,2015,Sep,West Bengal,Kolkata,Malaria,48,Low,422382,93862,64,1691,2544,407,WHO India,"Disease surveillance, immunization programs & policy advisory"
F52_REC00158,2015,Sep,West Bengal,Kolkata,Dengue,56,Low,422382,93862,64,1691,2544,407,WHO India,"Disease surveillance, immunization programs & policy advisory"
F52_REC00158,2015,Sep,West Bengal,Kolkata,TB,120,Low,422382,93862,64,1691,2544,407,WHO India,"Disease surveillance, immunization programs & policy advisory"
F52_REC00159,2015,Jan,Gujarat,Ahmedabad,Malaria,437,Low,219613,48802,113,184,355,1364,WHO India,"Disease surveillance, immunization programs & policy advisory"
F52_REC00159,2015,Jan,Gujarat,Ahmedabad,Dengue,32,Low,219613,48802,113,184,355,1364,WHO India,"Disease surveillance, immunization programs & policy advisory"
F52_REC00159,2015,Jan,Gujarat,Ahmedabad,TB,40,Low,219613,48802,113,184,355,1364,WHO India,"Disease surveillance, immunization programs & policy advisory"
F52_REC00160,2015,Feb,Tamil Nadu,Coimbatore,Malaria,476,Low,112444,24987,62,1339,2781,362,NHM,National Health Mission — primary healthcare & ASHA worker deployment
F52_REC00160,2015,Feb,Tamil Nadu,Coimbatore,Dengue,399,Low,112444,24987,62,1339,2781,362,NHM,National Health Mission — primary healthcare & ASHA worker deployment
F52_REC00160,2015,Feb,Tamil Nadu,Coimbatore,TB,255,Low,112444,24987,62,1339,2781,362,NHM,National Health Mission — primary healthcare & ASHA worker deployment
F52_REC00161,2016,Jun,Bihar,Muzaffarpur,Malaria,209,High,209145,46476,42,1082,1832,120,UNICEF India,"Child nutrition, immunization & maternal health programs"
F52_REC00161,2016,Jun,Bihar,Muzaffarpur,Dengue,100,High,209145,46476,42,1082,1832,120,UNICEF India,"Child nutrition, immunization & maternal health programs"
F52_REC00161,2016,Jun,Bihar,Muzaffarpur,TB,202,High,209145,46476,42,1082,1832,120,UNICEF India,"Child nutrition, immunization & maternal health programs"
F52_REC00162,2017,Jun,Bihar,Muzaffarpur,Malaria,142,High,311252,69167,215,1185,1014,869,UNICEF India,"Child nutrition, immunization & maternal health programs"
F52_REC00162,2017,Jun,Bihar,Muzaffarpur,Dengue,83,High,311252,69167,215,1185,1014,869,UNICEF India,"Child nutrition, immunization & maternal health programs"
F52_REC00162,2017,Jun,Bihar,Muzaffarpur,TB,281,High,311252,69167,215,1185,1014,869,UNICEF India,"Child nutrition, immunization & maternal health programs"
F52_REC00163,2016,Aug,West Bengal,Siliguri,Malaria,44,Medium,371271,82504,57,1457,2558,724,Smile Foundation,"Mobile health units, education & livelihood for underserved communities"
F52_REC00163,2016,Aug,West Bengal,Siliguri,Dengue,121,Medium,371271,82504,57,1457,2558,724,Smile Foundation,"Mobile health units, education & livelihood for underserved communities"
F52_REC00163,2016,Aug,West Bengal,Siliguri,TB,153,Medium,371271,82504,57,1457,2558,724,Smile Foundation,"Mobile health units, education & livelihood for underserved communities"
F52_REC00164,2015,Feb,Karnataka,Bengaluru,Malaria,1,Medium,436897,97088,120,1842,282,50,UNICEF India,"Child nutrition, immunization & maternal health programs"
F52_REC00164,2015,Feb,Karnataka,Bengaluru,Dengue,154,Medium,436897,97088,120,1842,282,50,UNICEF India,"Child nutrition, immunization & maternal health programs"
F52_REC00164,2015,Feb,Karnataka,Bengaluru,TB,199,Medium,436897,97088,120,1842,282,50,UNICEF India,"Child nutrition, immunization & maternal health programs"
F52_REC00165,2016,May,Uttar Pradesh,Varanasi,Malaria,181,High,195377,43417,118,963,2362,877,NHM,National Health Mission — primary healthcare & ASHA worker deployment
F52_REC00165,2016,May,Uttar Pradesh,Varanasi,Dengue,159,High,195377,43417,118,963,2362,877,NHM,National Health Mission — primary healthcare & ASHA worker deployment
F52_REC00165,2016,May,Uttar Pradesh,Varanasi,TB,254,High,195377,43417,118,963,2362,877,NHM,National Health Mission — primary healthcare & ASHA worker deployment
F52_REC00166,2016,Sep,Bihar,Patna,Malaria,69,High,456594,101465,314,1435,2493,771,UNICEF India,"Child nutrition, immunization & maternal health programs"
F52_REC00166,2016,Sep,Bihar,Patna,Dengue,374,High,456594,101465,314,1435,2493,771,UNICEF India,"Child nutrition, immunization & maternal health programs"
F52_REC00166,2016,Sep,Bihar,Patna,TB,279,High,456594,101465,314,1435,2493,771,UNICEF India,"Child nutrition, immunization & maternal health programs"
F52_REC00167,2016,May,Gujarat,Vadodara,Malaria,296,Low,496974,110438,118,1535,1858,1100,Doctors For You,Emergency medical relief & rural health camps
F52_REC00167,2016,May,Gujarat,Vadodara,Dengue,122,Low,496974,110438,118,1535,1858,1100,Doctors For You,Emergency medical relief & rural health camps
F52_REC00167,2016,May,Gujarat,Vadodara,TB,148,Low,496974,110438,118,1535,1858,1100,Doctors For You,Emergency medical relief & rural health camps
F52_REC00168,2016,Mar,Bihar,Gaya,Malaria,117,Medium,159677,35483,110,899,2693,347,Smile Foundation,"Mobile health units, education & livelihood for underserved communities"
F52_REC00168,2016,Mar,Bihar,Gaya,Dengue,69,Medium,159677,35483,110,899,2693,347,Smile Foundation,"Mobile health units, education & livelihood for underserved communities"
F52_REC00168,2016,Mar,Bihar,Gaya,TB,111,Medium,159677,35483,110,899,2693,347,Smile Foundation,"Mobile health units, education & livelihood for underserved communities"
F52_REC00169,2017,May,Tamil Nadu,Madurai,Malaria,331,Low,288068,64015,118,1860,2753,324,WHO India,"Disease surveillance, immunization programs & policy advisory"
F52_REC00169,2017,May,Tamil Nadu,Madurai,Dengue,82,Low,288068,64015,118,1860,2753,324,WHO India,"Disease surveillance, immunization programs & policy advisory"
F52_REC00169,2017,May,Tamil Nadu,Madurai,TB,12,Low,288068,64015,118,1860,2753,324,WHO India,"Disease surveillance, immunization programs & policy advisory"
F52_REC00170,2016,Sep,Karnataka,Bengaluru,Malaria,279,Low,78066,17348,257,1228,2342,1103,NHM,National Health Mission — primary healthcare & ASHA worker deployment
F52_REC00170,2016,Sep,Karnataka,Bengaluru,Dengue,93,Low,78066,17348,257,1228,2342,1103,NHM,National Health Mission — primary healthcare & ASHA worker deployment
F52_REC00170,2016,Sep,Karnataka,Bengaluru,TB,62,Low,78066,17348,257,1228,2342,1103,NHM,National Health Mission — primary healthcare & ASHA worker deployment
F52_REC00171,2016,Jun,Maharashtra,Nagpur,Malaria,413,Low,97786,21730,213,488,1837,793,CARE India,"Women & child nutrition, sanitation & community health"
F52_REC00171,2016,Jun,Maharashtra,Nagpur,Dengue,56,Low,97786,21730,213,488,1837,793,CARE India,"Women & child nutrition, sanitation & community health"
F52_REC00171,2016,Jun,Maharashtra,Nagpur,TB,285,Low,97786,21730,213,488,1837,793,CARE India,"Women & child nutrition, sanitation & community health"
F52_REC00172,2015,Jan,Karnataka,Hubli,Malaria,165,High,348734,77496,213,1810,1491,423,CARE India,"Women & child nutrition, sanitation & community health"
F52_REC00172,2015,Jan,Karnataka,Hubli,Dengue,363,High,348734,77496,213,1810,1491,423,CARE India,"Women & child nutrition, sanitation & community health"
F52_REC00172,2015,Jan,Karnataka,Hubli,TB,51,High,348734,77496,213,1810,1491,423,CARE India,"Women & child nutrition, sanitation & community health"
F52_REC00173,2015,Mar,Karnataka,Hubli,Malaria,437,Low,69987,15552,330,997,383,842,CARE India,"Women & child nutrition, sanitation & community health"
F52_REC00173,2015,Mar,Karnataka,Hubli,Dengue,320,Low,69987,15552,330,997,383,842,CARE India,"Women & child nutrition, sanitation & community health"
F52_REC00173,2015,Mar,Karnataka,Hubli,TB,115,Low,69987,15552,330,997,383,842,CARE India,"Women & child nutrition, sanitation & community health"
F52_REC00174,2017,Aug,Bihar,Muzaffarpur,Malaria,414,Medium,173824,38627,331,1464,734,351,Smile Foundation,"Mobile health units, education & livelihood for underserved communities"
F52_REC00174,2017,Aug,Bihar,Muzaffarpur,Dengue,159,Medium,173824,38627,331,1464,734,351,Smile Foundation,"Mobile health units, education & livelihood for underserved communities"
F52_REC00174,2017,Aug,Bihar,Muzaffarpur,TB,245,Medium,173824,38627,331,1464,734,351,Smile Foundation,"Mobile health units, education & livelihood for underserved communities"
F52_REC00175,2017,Feb,Karnataka,Bengaluru,Malaria,147,High,349054,77567,285,106,201,405,Smile Foundation,"Mobile health units, education & livelihood for underserved communities"
F52_REC00175,2017,Feb,Karnataka,Bengaluru,Dengue,148,High,349054,77567,285,106,201,405,Smile Foundation,"Mobile health units, education & livelihood for underserved communities"
F52_REC00175,2017,Feb,Karnataka,Bengaluru,TB,95,High,349054,77567,285,106,201,405,Smile Foundation,"Mobile health units, education & livelihood for underserved communities"
F52_REC00176,2016,Apr,Maharashtra,Mumbai,Malaria,62,High,465611,103469,189,1161,505,442,HMIS,Health management information systems & data monitoring
F52_REC00176,2016,Apr,Maharashtra,Mumbai,Dengue,381,High,465611,103469,189,1161,505,442,HMIS,Health management information systems & data monitoring
F52_REC00176,2016,Apr,Maharashtra,Mumbai,TB,194,High,465611,103469,189,1161,505,442,HMIS,Health management information systems & data monitoring
F52_REC00177,2017,Jul,Uttar Pradesh,Varanasi,Malaria,335,Medium,390463,86769,193,1402,987,1368,NHM,National Health Mission — primary healthcare & ASHA worker deployment
F52_REC00177,2017,Jul,Uttar Pradesh,Varanasi,Dengue,123,Medium,390463,86769,193,1402,987,1368,NHM,National Health Mission — primary healthcare & ASHA worker deployment
F52_REC00177,2017,Jul,Uttar Pradesh,Varanasi,TB,251,Medium,390463,86769,193,1402,987,1368,NHM,National Health Mission — primary healthcare & ASHA worker deployment
F52_REC00178,2016,Feb,Gujarat,Surat,Malaria,154,Medium,98689,21930,225,113,2222,51,WHO India,"Disease surveillance, immunization programs & policy advisory"
F52_REC00178,2016,Feb,Gujarat,Surat,Dengue,225,Medium,98689,21930,225,113,2222,51,WHO India,"Disease surveillance, immunization programs & policy advisory"
F52_REC00178,2016,Feb,Gujarat,Surat,TB,162,Medium,98689,21930,225,113,2222,51,WHO India,"Disease surveillance, immunization programs & policy advisory"
F52_REC00179,2015,Jan,Gujarat,Surat,Malaria,487,Medium,104782,23284,194,136,2084,189,Doctors For You,Emergency medical relief & rural health camps
F52_REC00179,2015,Jan,Gujarat,Surat,Dengue,8,Medium,104782,23284,194,136,2084,189,Doctors For You,Emergency medical relief & rural health camps
F52_REC00179,2015,Jan,Gujarat,Surat,TB,275,Medium,104782,23284,194,136,2084,189,Doctors For You,Emergency medical relief & rural health camps
F52_REC00180,2017,Mar,Maharashtra,Mumbai,Malaria,197,Medium,292625,65027,336,1007,1344,122,CARE India,"Women & child nutrition, sanitation & community health"
F52_REC00180,2017,Mar,Maharashtra,Mumbai,Dengue,210,Medium,292625,65027,336,1007,1344,122,CARE India,"Women & child nutrition, sanitation & community health"
F52_REC00180,2017,Mar,Maharashtra,Mumbai,TB,137,Medium,292625,65027,336,1007,1344,122,CARE India,"Women & child nutrition, sanitation & community health"
F52_REC00181,2015,Sep,Uttar Pradesh,Lucknow,Malaria,195,Low,72114,16025,125,490,1356,1483,NHM,National Health Mission — primary healthcare & ASHA worker deployment
F52_REC00181,2015,Sep,Uttar Pradesh,Lucknow,Dengue,68,Low,72114,16025,125,490,1356,1483,NHM,National Health Mission — primary healthcare & ASHA worker deployment
F52_REC00181,2015,Sep,Uttar Pradesh,Lucknow,TB,96,Low,72114,16025,125,490,1356,1483,NHM,National Health Mission — primary healthcare & ASHA worker deployment
F52_REC00182,2016,Feb,Uttar Pradesh,Varanasi,Malaria,456,Medium,408572,90793,273,1165,1115,949,Smile Foundation,"Mobile health units, education & livelihood for underserved communities"
F52_REC00182,2016,Feb,Uttar Pradesh,Varanasi,Dengue,378,Medium,408572,90793,273,1165,1115,949,Smile Foundation,"Mobile health units, education & livelihood for underserved communities"
F52_REC00182,2016,Feb,Uttar Pradesh,Varanasi,TB,247,Medium,408572,90793,273,1165,1115,949,Smile Foundation,"Mobile health units, education & livelihood for underserved communities"
F52_REC00183,2016,May,Uttar Pradesh,Agra,Malaria,251,High,313004,69556,390,1736,978,1493,HMIS,Health management information systems & data monitoring
F52_REC00183,2016,May,Uttar Pradesh,Agra,Dengue,336,High,313004,69556,390,1736,978,1493,HMIS,Health management information systems & data monitoring
F52_REC00183,2016,May,Uttar Pradesh,Agra,TB,299,High,313004,69556,390,1736,978,1493,HMIS,Health management information systems & data monitoring
F52_REC00184,2016,Feb,Karnataka,Bengaluru,Malaria,101,Medium,99021,22004,206,906,2994,653,UNICEF India,"Child nutrition, immunization & maternal health programs"
F52_REC00184,2016,Feb,Karnataka,Bengaluru,Dengue,19,Medium,99021,22004,206,906,2994,653,UNICEF India,"Child nutrition, immunization & maternal health programs"
F52_REC00184,2016,Feb,Karnataka,Bengaluru,TB,156,Medium,99021,22004,206,906,2994,653,UNICEF India,"Child nutrition, immunization & maternal health programs"
F52_REC00185,2017,Jun,Karnataka,Hubli,Malaria,453,Low,198005,44001,337,952,2111,603,WHO India,"Disease surveillance, immunization programs & policy advisory"
F52_REC00185,2017,Jun,Karnataka,Hubli,Dengue,323,Low,198005,44001,337,952,2111,603,WHO India,"Disease surveillance, immunization programs & policy advisory"
F52_REC00185,2017,Jun,Karnataka,Hubli,TB,110,Low,198005,44001,337,952,2111,603,WHO India,"Disease surveillance, immunization programs & policy advisory"
F52_REC00186,2017,Sep,Uttar Pradesh,Lucknow,Malaria,325,Medium,110817,24626,244,562,2840,917,NHM,National Health Mission — primary healthcare & ASHA worker deployment
F52_REC00186,2017,Sep,Uttar Pradesh,Lucknow,Dengue,357,Medium,110817,24626,244,562,2840,917,NHM,National Health Mission — primary healthcare & ASHA worker deployment
F52_REC00186,2017,Sep,Uttar Pradesh,Lucknow,TB,248,Medium,110817,24626,244,562,2840,917,NHM,National Health Mission — primary healthcare & ASHA worker deployment
F52_REC00187,2016,Feb,Uttar Pradesh,Agra,Malaria,77,Low,156458,34768,70,903,1330,963,HMIS,Health management information systems & data monitoring
F52_REC00187,2016,Feb,Uttar Pradesh,Agra,Dengue,391,Low,156458,34768,70,903,1330,963,HMIS,Health management information systems & data monitoring
F52_REC00187,2016,Feb,Uttar Pradesh,Agra,TB,140,Low,156458,34768,70,903,1330,963,HMIS,Health management information systems & data monitoring
F52_REC00188,2017,Jan,Uttar Pradesh,Lucknow,Malaria,355,High,233283,51840,287,1409,518,658,HMIS,Health management information systems & data monitoring
F52_REC00188,2017,Jan,Uttar Pradesh,Lucknow,Dengue,186,High,233283,51840,287,1409,518,658,HMIS,Health management information systems & data monitoring
F52_REC00188,2017,Jan,Uttar Pradesh,Lucknow,TB,216,High,233283,51840,287,1409,518,658,HMIS,Health management information systems & data monitoring
F52_REC00189,2016,May,Karnataka,Bengaluru,Malaria,378,Medium,353344,78520,156,1460,2560,355,NHM,National Health Mission — primary healthcare & ASHA worker deployment
F52_REC00189,2016,May,Karnataka,Bengaluru,Dengue,302,Medium,353344,78520,156,1460,2560,355,NHM,National Health Mission — primary healthcare & ASHA worker deployment
F52_REC00189,2016,May,Karnataka,Bengaluru,TB,230,Medium,353344,78520,156,1460,2560,355,NHM,National Health Mission — primary healthcare & ASHA worker deployment
F52_REC00190,2015,Jun,Maharashtra,Mumbai,Malaria,272,High,72742,16164,116,1271,1754,245,HMIS,Health management information systems & data monitoring
F52_REC00190,2015,Jun,Maharashtra,Mumbai,Dengue,257,High,72742,16164,116,1271,1754,245,HMIS,Health management information systems & data monitoring
F52_REC00190,2015,Jun,Maharashtra,Mumbai,TB,58,High,72742,16164,116,1271,1754,245,HMIS,Health management information systems & data monitoring
F52_REC00191,2017,Jun,Maharashtra,Pune,Malaria,254,High,267758,59501,237,1579,2283,1112,Doctors For You,Emergency medical relief & rural health camps
F52_REC00191,2017,Jun,Maharashtra,Pune,Dengue,66,High,267758,59501,237,1579,2283,1112,Doctors For You,Emergency medical relief & rural health camps
F52_REC00191,2017,Jun,Maharashtra,Pune,TB,193,High,267758,59501,237,1579,2283,1112,Doctors For You,Emergency medical relief & rural health camps
F52_REC00192,2016,Aug,Uttar Pradesh,Varanasi,Malaria,457,High,179775,39950,238,1981,2740,1241,WHO India,"Disease surveillance, immunization programs & policy advisory"
F52_REC00192,2016,Aug,Uttar Pradesh,Varanasi,Dengue,337,High,179775,39950,238,1981,2740,1241,WHO India,"Disease surveillance, immunization programs & policy advisory"
F52_REC00192,2016,Aug,Uttar Pradesh,Varanasi,TB,244,High,179775,39950,238,1981,2740,1241,WHO India,"Disease surveillance, immunization programs & policy advisory"
F52_REC00193,2017,Apr,Karnataka,Bengaluru,Malaria,283,High,77677,17261,126,334,2314,60,Smile Foundation,"Mobile health units, education & livelihood for underserved communities"
F52_REC00193,2017,Apr,Karnataka,Bengaluru,Dengue,70,High,77677,17261,126,334,2314,60,Smile Foundation,"Mobile health units, education & livelihood for underserved communities"
F52_REC00193,2017,Apr,Karnataka,Bengaluru,TB,90,High,77677,17261,126,334,2314,60,Smile Foundation,"Mobile health units, education & livelihood for underserved communities"
F52_REC00194,2016,Aug,Bihar,Muzaffarpur,Malaria,16,Low,99767,22170,228,1752,997,1445,CARE India,"Women & child nutrition, sanitation & community health"
F52_REC00194,2016,Aug,Bihar,Muzaffarpur,Dengue,244,Low,99767,22170,228,1752,997,1445,CARE India,"Women & child nutrition, sanitation & community health"
F52_REC00194,2016,Aug,Bihar,Muzaffarpur,TB,250,Low,99767,22170,228,1752,997,1445,CARE India,"Women & child nutrition, sanitation & community health"
F52_REC00195,2015,Sep,Karnataka,Bengaluru,Malaria,290,Medium,87554,19456,189,331,1742,199,UNICEF India,"Child nutrition, immunization & maternal health programs"
F52_REC00195,2015,Sep,Karnataka,Bengaluru,Dengue,297,Medium,87554,19456,189,331,1742,199,UNICEF India,"Child nutrition, immunization & maternal health programs"
F52_REC00195,2015,Sep,Karnataka,Bengaluru,TB,76,Medium,87554,19456,189,331,1742,199,UNICEF India,"Child nutrition, immunization & maternal health programs"
F52_REC00196,2015,Apr,Uttar Pradesh,Lucknow,Malaria,102,Medium,254973,56660,64,455,2578,81,NFHS,National health survey & maternal/child health data collection
F52_REC00196,2015,Apr,Uttar Pradesh,Lucknow,Dengue,299,Medium,254973,56660,64,455,2578,81,NFHS,National health survey & maternal/child health data collection
F52_REC00196,2015,Apr,Uttar Pradesh,Lucknow,TB,64,Medium,254973,56660,64,455,2578,81,NFHS,National health survey & maternal/child health data collection
F52_REC00197,2017,Feb,Uttar Pradesh,Agra,Malaria,460,Low,80417,17870,233,1450,2025,1068,NFHS,National health survey & maternal/child health data collection
F52_REC00197,2017,Feb,Uttar Pradesh,Agra,Dengue,358,Low,80417,17870,233,1450,2025,1068,NFHS,National health survey & maternal/child health data collection
F52_REC00197,2017,Feb,Uttar Pradesh,Agra,TB,134,Low,80417,17870,233,1450,2025,1068,NFHS,National health survey & maternal/child health data collection
F52_REC00198,2017,Feb,Tamil Nadu,Chennai,Malaria,170,Medium,248885,55307,71,492,1749,724,Smile Foundation,"Mobile health units, education & livelihood for underserved communities"
F52_REC00198,2017,Feb,Tamil Nadu,Chennai,Dengue,216,Medium,248885,55307,71,492,1749,724,Smile Foundation,"Mobile health units, education & livelihood for underserved communities"
F52_REC00198,2017,Feb,Tamil Nadu,Chennai,TB,182,Medium,248885,55307,71,492,1749,724,Smile Foundation,"Mobile health units, education & livelihood for underserved communities"
F52_REC00199,2016,Jan,Uttar Pradesh,Lucknow,Malaria,165,High,260211,57824,237,228,2748,398,HMIS,Health management information systems & data monitoring
F52_REC00199,2016,Jan,Uttar Pradesh,Lucknow,Dengue,376,High,260211,57824,237,228,2748,398,HMIS,Health management information systems & data monitoring
F52_REC00199,2016,Jan,Uttar Pradesh,Lucknow,TB,185,High,260211,57824,237,228,2748,398,HMIS,Health management information systems & data monitoring
F55_REC00000,2017,Jan,Gujarat,Surat,Malaria,319,High,191689,42597,73,559,2942,211,WHO India,"Disease surveillance, immunization programs & policy advisory"
F55_REC00000,2017,Jan,Gujarat,Surat,Dengue,153,High,191689,42597,73,559,2942,211,WHO India,"Disease surveillance, immunization programs & policy advisory"
F55_REC00000,2017,Jan,Gujarat,Surat,TB,129,High,191689,42597,73,559,2942,211,WHO India,"Disease surveillance, immunization programs & policy advisory"
F55_REC00001,2017,Jul,Maharashtra,Mumbai,Malaria,485,High,292264,64947,127,372,1689,1122,Doctors For You,Emergency medical relief & rural health camps
F55_REC00001,2017,Jul,Maharashtra,Mumbai,Dengue,355,High,292264,64947,127,372,1689,1122,Doctors For You,Emergency medical relief & rural health camps
F55_REC00001,2017,Jul,Maharashtra,Mumbai,TB,246,High,292264,64947,127,372,1689,1122,Doctors For You,Emergency medical relief & rural health camps
F55_REC00002,2017,May,Bihar,Gaya,Malaria,390,Medium,234337,52074,227,168,1304,1300,NHM,National Health Mission — primary healthcare & ASHA worker deployment
F55_REC00002,2017,May,Bihar,Gaya,Dengue,65,Medium,234337,52074,227,168,1304,1300,NHM,National Health Mission — primary healthcare & ASHA worker deployment
F55_REC00002,2017,May,Bihar,Gaya,TB,182,Medium,234337,52074,227,168,1304,1300,NHM,National Health Mission — primary healthcare & ASHA worker deployment
F55_REC00003,2017,Feb,Tamil Nadu,Coimbatore,Malaria,214,Medium,331650,73700,60,594,2083,294,NFHS,National health survey & maternal/child health data collection
F55_REC00003,2017,Feb,Tamil Nadu,Coimbatore,Dengue,299,Medium,331650,73700,60,594,2083,294,NFHS,National health survey & maternal/child health data collection
F55_REC00003,2017,Feb,Tamil Nadu,Coimbatore,TB,97,Medium,331650,73700,60,594,2083,294,NFHS,National health survey & maternal/child health data collection
F55_REC00004,2017,Aug,Tamil Nadu,Coimbatore,Malaria,123,High,103296,22954,344,1156,2080,1278,Doctors For You,Emergency medical relief & rural health camps
F55_REC00004,2017,Aug,Tamil Nadu,Coimbatore,Dengue,379,High,103296,22954,344,1156,2080,1278,Doctors For You,Emergency medical relief & rural health camps
F55_REC00004,2017,Aug,Tamil Nadu,Coimbatore,TB,193,High,103296,22954,344,1156,2080,1278,Doctors For You,Emergency medical relief & rural health camps
F55_REC00005,2016,Aug,Uttar Pradesh,Lucknow,Malaria,212,Medium,434814,96625,322,629,1391,144,HMIS,Health management information systems & data monitoring
F55_REC00005,2016,Aug,Uttar Pradesh,Lucknow,Dengue,2,Medium,434814,96625,322,629,1391,144,HMIS,Health management information systems & data monitoring
F55_REC00005,2016,Aug,Uttar Pradesh,Lucknow,TB,201,Medium,434814,96625,322,629,1391,144,HMIS,Health management information systems & data monitoring
F55_REC00006,2016,Mar,Gujarat,Ahmedabad,Malaria,244,Low,269048,59788,110,693,1770,1163,NFHS,National health survey & maternal/child health data collection
F55_REC00006,2016,Mar,Gujarat,Ahmedabad,Dengue,302,Low,269048,59788,110,693,1770,1163,NFHS,National health survey & maternal/child health data collection
F55_REC00006,2016,Mar,Gujarat,Ahmedabad,TB,296,Low,269048,59788,110,693,1770,1163,NFHS,National health survey & maternal/child health data collection
F55_REC00007,2016,Apr,Maharashtra,Nagpur,Malaria,29,High,205853,45745,310,244,708,311,UNICEF India,"Child nutrition, immunization & maternal health programs"
F55_REC00007,2016,Apr,Maharashtra,Nagpur,Dengue,124,High,205853,45745,310,244,708,311,UNICEF India,"Child nutrition, immunization & maternal health programs"
F55_REC00007,2016,Apr,Maharashtra,Nagpur,TB,19,High,205853,45745,310,244,708,311,UNICEF India,"Child nutrition, immunization & maternal health programs"
F55_REC00008,2018,Jul,Bihar,Gaya,Malaria,23,Low,242432,53873,207,1486,721,1010,NHM,National Health Mission — primary healthcare & ASHA worker deployment
F55_REC00008,2018,Jul,Bihar,Gaya,Dengue,281,Low,242432,53873,207,1486,721,1010,NHM,National Health Mission — primary healthcare & ASHA worker deployment
F55_REC00008,2018,Jul,Bihar,Gaya,TB,87,Low,242432,53873,207,1486,721,1010,NHM,National Health Mission — primary healthcare & ASHA worker deployment
F55_REC00009,2017,Apr,Maharashtra,Mumbai,Malaria,341,Low,297157,66034,113,427,1457,1119,Smile Foundation,"Mobile health units, education & livelihood for underserved communities"
F55_REC00009,2017,Apr,Maharashtra,Mumbai,Dengue,34,Low,297157,66034,113,427,1457,1119,Smile Foundation,"Mobile health units, education & livelihood for underserved communities"
F55_REC00009,2017,Apr,Maharashtra,Mumbai,TB,70,Low,297157,66034,113,427,1457,1119,Smile Foundation,"Mobile health units, education & livelihood for underserved communities"
F55_REC00010,2015,Sep,Gujarat,Ahmedabad,Malaria,126,Low,118478,26328,36,1234,2924,334,UNICEF India,"Child nutrition, immunization & maternal health programs"
F55_REC00010,2015,Sep,Gujarat,Ahmedabad,Dengue,136,Low,118478,26328,36,1234,2924,334,UNICEF India,"Child nutrition, immunization & maternal health programs"
F55_REC00010,2015,Sep,Gujarat,Ahmedabad,TB,196,Low,118478,26328,36,1234,2924,334,UNICEF India,"Child nutrition, immunization & maternal health programs"
F55_REC00011,2017,Aug,Karnataka,Bengaluru,Malaria,116,Medium,291403,64756,241,356,2601,1209,NFHS,National health survey & maternal/child health data collection
F55_REC00011,2017,Aug,Karnataka,Bengaluru,Dengue,383,Medium,291403,64756,241,356,2601,1209,NFHS,National health survey & maternal/child health data collection
F55_REC00011,2017,Aug,Karnataka,Bengaluru,TB,2,Medium,291403,64756,241,356,2601,1209,NFHS,National health survey & maternal/child health data collection
F55_REC00012,2016,Apr,Uttar Pradesh,Agra,Malaria,206,Low,282102,62689,259,919,2681,381,UNICEF India,"Child nutrition, immunization & maternal health programs"
F55_REC00012,2016,Apr,Uttar Pradesh,Agra,Dengue,11,Low,282102,62689,259,919,2681,381,UNICEF India,"Child nutrition, immunization & maternal health programs"
F55_REC00012,2016,Apr,Uttar Pradesh,Agra,TB,121,Low,282102,62689,259,919,2681,381,UNICEF India,"Child nutrition, immunization & maternal health programs"
F55_REC00013,2018,Feb,Bihar,Muzaffarpur,Malaria,81,High,228943,50876,295,462,1991,88,CARE India,"Women & child nutrition, sanitation & community health"
F55_REC00013,2018,Feb,Bihar,Muzaffarpur,Dengue,173,High,228943,50876,295,462,1991,88,CARE India,"Women & child nutrition, sanitation & community health"
F55_REC00013,2018,Feb,Bihar,Muzaffarpur,TB,129,High,228943,50876,295,462,1991,88,CARE India,"Women & child nutrition, sanitation & community health"
F55_REC00014,2018,Aug,West Bengal,Kolkata,Malaria,403,Low,496049,110233,330,798,851,1025,HMIS,Health management information systems & data monitoring
F55_REC00014,2018,Aug,West Bengal,Kolkata,Dengue,194,Low,496049,110233,330,798,851,1025,HMIS,Health management information systems & data monitoring
F55_REC00014,2018,Aug,West Bengal,Kolkata,TB,137,Low,496049,110233,330,798,851,1025,HMIS,Health management information systems & data monitoring
F55_REC00015,2017,Feb,Uttar Pradesh,Varanasi,Malaria,50,High,72952,16211,34,1283,491,1050,UNICEF India,"Child nutrition, immunization & maternal health programs"
F55_REC00015,2017,Feb,Uttar Pradesh,Varanasi,Dengue,20,High,72952,16211,34,1283,491,1050,UNICEF India,"Child nutrition, immunization & maternal health programs"
F55_REC00015,2017,Feb,Uttar Pradesh,Varanasi,TB,193,High,72952,16211,34,1283,491,1050,UNICEF India,"Child nutrition, immunization & maternal health programs"
F55_REC00016,2017,Apr,West Bengal,Kolkata,Malaria,32,Medium,331354,73634,162,276,1730,1060,CARE India,"Women & child nutrition, sanitation & community health"
F55_REC00016,2017,Apr,West Bengal,Kolkata,Dengue,312,Medium,331354,73634,162,276,1730,1060,CARE India,"Women & child nutrition, sanitation & community health"
F55_REC00016,2017,Apr,West Bengal,Kolkata,TB,183,Medium,331354,73634,162,276,1730,1060,CARE India,"Women & child nutrition, sanitation & community health"
F55_REC00017,2015,Jul,Maharashtra,Mumbai,Malaria,82,Medium,95587,21241,219,720,411,528,Doctors For You,Emergency medical relief & rural health camps
F55_REC00017,2015,Jul,Maharashtra,Mumbai,Dengue,186,Medium,95587,21241,219,720,411,528,Doctors For You,Emergency medical relief & rural health camps
F55_REC00017,2015,Jul,Maharashtra,Mumbai,TB,34,Medium,95587,21241,219,720,411,528,Doctors For You,Emergency medical relief & rural health camps
F55_REC00018,2015,Mar,Tamil Nadu,Coimbatore,Malaria,187,Low,374784,83285,156,1868,1836,261,Doctors For You,Emergency medical relief & rural health camps
F55_REC00018,2015,Mar,Tamil Nadu,Coimbatore,Dengue,21,Low,374784,83285,156,1868,1836,261,Doctors For You,Emergency medical relief & rural health camps
F55_REC00018,2015,Mar,Tamil Nadu,Coimbatore,TB,181,Low,374784,83285,156,1868,1836,261,Doctors For You,Emergency medical relief & rural health camps
F55_REC00019,2016,Jan,West Bengal,Siliguri,Malaria,77,High,194602,43244,369,1759,2893,315,NHM,National Health Mission — primary healthcare & ASHA worker deployment
F55_REC00019,2016,Jan,West Bengal,Siliguri,Dengue,27,High,194602,43244,369,1759,2893,315,NHM,National Health Mission — primary healthcare & ASHA worker deployment
F55_REC00019,2016,Jan,West Bengal,Siliguri,TB,99,High,194602,43244,369,1759,2893,315,NHM,National Health Mission — primary healthcare & ASHA worker deployment
F55_REC00020,2018,Sep,Maharashtra,Pune,Malaria,225,Medium,222780,49506,294,890,2614,1088,CARE India,"Women & child nutrition, sanitation & community health"
F55_REC00020,2018,Sep,Maharashtra,Pune,Dengue,328,Medium,222780,49506,294,890,2614,1088,CARE India,"Women & child nutrition, sanitation & community health"
F55_REC00020,2018,Sep,Maharashtra,Pune,TB,237,Medium,222780,49506,294,890,2614,1088,CARE India,"Women & child nutrition, sanitation & community health"
F55_REC00021,2015,May,Gujarat,Vadodara,Malaria,421,Medium,494860,109968,165,293,756,771,NFHS,National health survey & maternal/child health data collection
F55_REC00021,2015,May,Gujarat,Vadodara,Dengue,12,Medium,494860,109968,165,293,756,771,NFHS,National health survey & maternal/child health data collection
F55_REC00021,2015,May,Gujarat,Vadodara,TB,122,Medium,494860,109968,165,293,756,771,NFHS,National health survey & maternal/child health data collection
F55_REC00022,2017,Aug,Gujarat,Ahmedabad,Malaria,485,High,268398,59644,50,1836,2098,720,HMIS,Health management information systems & data monitoring
F55_REC00022,2017,Aug,Gujarat,Ahmedabad,Dengue,171,High,268398,59644,50,1836,2098,720,HMIS,Health management information systems & data monitoring
F55_REC00022,2017,Aug,Gujarat,Ahmedabad,TB,31,High,268398,59644,50,1836,2098,720,HMIS,Health management information systems & data monitoring
F55_REC00023,2017,Jun,Uttar Pradesh,Varanasi,Malaria,345,Low,200066,44459,248,1951,752,754,NFHS,National health survey & maternal/child health data collection
F55_REC00023,2017,Jun,Uttar Pradesh,Varanasi,Dengue,114,Low,200066,44459,248,1951,752,754,NFHS,National health survey & maternal/child health data collection
F55_REC00023,2017,Jun,Uttar Pradesh,Varanasi,TB,286,Low,200066,44459,248,1951,752,754,NFHS,National health survey & maternal/child health data collection
F55_REC00024,2017,Jul,Uttar Pradesh,Lucknow,Malaria,318,Medium,73107,16246,369,1259,2599,160,WHO India,"Disease surveillance, immunization programs & policy advisory"
F55_REC00024,2017,Jul,Uttar Pradesh,Lucknow,Dengue,47,Medium,73107,16246,369,1259,2599,160,WHO India,"Disease surveillance, immunization programs & policy advisory"
F55_REC00024,2017,Jul,Uttar Pradesh,Lucknow,TB,123,Medium,73107,16246,369,1259,2599,160,WHO India,"Disease surveillance, immunization programs & policy advisory"
F55_REC00025,2015,Feb,Uttar Pradesh,Varanasi,Malaria,246,Medium,458728,101939,32,1865,1754,475,WHO India,"Disease surveillance, immunization programs & policy advisory"
F55_REC00025,2015,Feb,Uttar Pradesh,Varanasi,Dengue,157,Medium,458728,101939,32,1865,1754,475,WHO India,"Disease surveillance, immunization programs & policy advisory"
F55_REC00025,2015,Feb,Uttar Pradesh,Varanasi,TB,188,Medium,458728,101939,32,1865,1754,475,WHO India,"Disease surveillance, immunization programs & policy advisory"
F55_REC00026,2015,Jun,Karnataka,Mysuru,Malaria,137,Medium,440917,97981,262,1147,832,977,CARE India,"Women & child nutrition, sanitation & community health"
F55_REC00026,2015,Jun,Karnataka,Mysuru,Dengue,380,Medium,440917,97981,262,1147,832,977,CARE India,"Women & child nutrition, sanitation & community health"
F55_REC00026,2015,Jun,Karnataka,Mysuru,TB,134,Medium,440917,97981,262,1147,832,977,CARE India,"Women & child nutrition, sanitation & community health"
F55_REC00027,2018,Aug,Tamil Nadu,Chennai,Malaria,178,Medium,293639,65253,195,1447,1942,752,Smile Foundation,"Mobile health units, education & livelihood for underserved communities"
F55_REC00027,2018,Aug,Tamil Nadu,Chennai,Dengue,360,Medium,293639,65253,195,1447,1942,752,Smile Foundation,"Mobile health units, education & livelihood for underserved communities"
F55_REC00027,2018,Aug,Tamil Nadu,Chennai,TB,124,Medium,293639,65253,195,1447,1942,752,Smile Foundation,"Mobile health units, education & livelihood for underserved communities"
F55_REC00028,2018,Jun,Bihar,Muzaffarpur,Malaria,363,Medium,149841,33298,328,1136,2624,625,CARE India,"Women & child nutrition, sanitation & community health"
F55_REC00028,2018,Jun,Bihar,Muzaffarpur,Dengue,103,Medium,149841,33298,328,1136,2624,625,CARE India,"Women & child nutrition, sanitation & community health"
F55_REC00028,2018,Jun,Bihar,Muzaffarpur,TB,160,Medium,149841,33298,328,1136,2624,625,CARE India,"Women & child nutrition, sanitation & community health"
F55_REC00029,2016,Jan,Uttar Pradesh,Lucknow,Malaria,393,Medium,183719,40826,314,1700,1921,603,CARE India,"Women & child nutrition, sanitation & community health"
F55_REC00029,2016,Jan,Uttar Pradesh,Lucknow,Dengue,205,Medium,183719,40826,314,1700,1921,603,CARE India,"Women & child nutrition, sanitation & community health"
F55_REC00029,2016,Jan,Uttar Pradesh,Lucknow,TB,116,Medium,183719,40826,314,1700,1921,603,CARE India,"Women & child nutrition, sanitation & community health"
F55_REC00030,2015,Apr,Bihar,Muzaffarpur,Malaria,346,High,58954,13100,140,161,2384,50,HMIS,Health management information systems & data monitoring
F55_REC00030,2015,Apr,Bihar,Muzaffarpur,Dengue,318,High,58954,13100,140,161,2384,50,HMIS,Health management information systems & data monitoring
F55_REC00030,2015,Apr,Bihar,Muzaffarpur,TB,295,High,58954,13100,140,161,2384,50,HMIS,Health management information systems & data monitoring
F55_REC00031,2017,Aug,West Bengal,Siliguri,Malaria,48,High,55841,12409,181,1992,1750,1225,NHM,National Health Mission — primary healthcare & ASHA worker deployment
F55_REC00031,2017,Aug,West Bengal,Siliguri,Dengue,92,High,55841,12409,181,1992,1750,1225,NHM,National Health Mission — primary healthcare & ASHA worker deployment
F55_REC00031,2017,Aug,West Bengal,Siliguri,TB,81,High,55841,12409,181,1992,1750,1225,NHM,National Health Mission — primary healthcare & ASHA worker deployment
F55_REC00032,2016,Feb,Karnataka,Mysuru,Malaria,401,High,128377,28528,256,1986,1923,73,HMIS,Health management information systems & data monitoring
F55_REC00032,2016,Feb,Karnataka,Mysuru,Dengue,119,High,128377,28528,256,1986,1923,73,HMIS,Health management information systems & data monitoring
F55_REC00032,2016,Feb,Karnataka,Mysuru,TB,246,High,128377,28528,256,1986,1923,73,HMIS,Health management information systems & data monitoring
F55_REC00033,2018,Mar,Gujarat,Surat,Malaria,337,Low,314842,69964,390,1759,2740,1090,NHM,National Health Mission — primary healthcare & ASHA worker deployment
F55_REC00033,2018,Mar,Gujarat,Surat,Dengue,66,Low,314842,69964,390,1759,2740,1090,NHM,National Health Mission — primary healthcare & ASHA worker deployment
F55_REC00033,2018,Mar,Gujarat,Surat,TB,220,Low,314842,69964,390,1759,2740,1090,NHM,National Health Mission — primary healthcare & ASHA worker deployment
F55_REC00034,2017,Feb,Tamil Nadu,Coimbatore,Malaria,337,Medium,297755,66167,345,1836,1190,1225,CARE India,"Women & child nutrition, sanitation & community health"
F55_REC00034,2017,Feb,Tamil Nadu,Coimbatore,Dengue,87,Medium,297755,66167,345,1836,1190,1225,CARE India,"Women & child nutrition, sanitation & community health"
F55_REC00034,2017,Feb,Tamil Nadu,Coimbatore,TB,24,Medium,297755,66167,345,1836,1190,1225,CARE India,"Women & child nutrition, sanitation & community health"
F55_REC00035,2015,Mar,Tamil Nadu,Madurai,Malaria,8,High,57626,12805,290,259,1123,527,UNICEF India,"Child nutrition, immunization & maternal health programs"
F55_REC00035,2015,Mar,Tamil Nadu,Madurai,Dengue,370,High,57626,12805,290,259,1123,527,UNICEF India,"Child nutrition, immunization & maternal health programs"
F55_REC00035,2015,Mar,Tamil Nadu,Madurai,TB,16,High,57626,12805,290,259,1123,527,UNICEF India,"Child nutrition, immunization & maternal health programs"
F55_REC00036,2018,Jan,Gujarat,Vadodara,Malaria,312,Medium,222838,49519,233,940,1237,571,NHM,National Health Mission — primary healthcare & ASHA worker deployment
F55_REC00036,2018,Jan,Gujarat,Vadodara,Dengue,8,Medium,222838,49519,233,940,1237,571,NHM,National Health Mission — primary healthcare & ASHA worker deployment
F55_REC00036,2018,Jan,Gujarat,Vadodara,TB,77,Medium,222838,49519,233,940,1237,571,NHM,National Health Mission — primary healthcare & ASHA worker deployment
F55_REC00037,2016,Jun,Maharashtra,Pune,Malaria,262,High,454417,100981,179,1298,1104,1407,Smile Foundation,"Mobile health units, education & livelihood for underserved communities"
F55_REC00037,2016,Jun,Maharashtra,Pune,Dengue,292,High,454417,100981,179,1298,1104,1407,Smile Foundation,"Mobile health units, education & livelihood for underserved communities"
F55_REC00037,2016,Jun,Maharashtra,Pune,TB,77,High,454417,100981,179,1298,1104,1407,Smile Foundation,"Mobile health units, education & livelihood for underserved communities"
F55_REC00038,2016,Jun,Bihar,Gaya,Malaria,75,Medium,254258,56501,393,1967,2274,81,HMIS,Health management information systems & data monitoring
F55_REC00038,2016,Jun,Bihar,Gaya,Dengue,7,Medium,254258,56501,393,1967,2274,81,HMIS,Health management information systems & data monitoring
F55_REC00038,2016,Jun,Bihar,Gaya,TB,160,Medium,254258,56501,393,1967,2274,81,HMIS,Health management information systems & data monitoring
F55_REC00039,2017,Feb,Gujarat,Vadodara,Malaria,430,High,341326,75850,364,1736,1567,1342,HMIS,Health management information systems & data monitoring
F55_REC00039,2017,Feb,Gujarat,Vadodara,Dengue,38,High,341326,75850,364,1736,1567,1342,HMIS,Health management information systems & data monitoring
F55_REC00039,2017,Feb,Gujarat,Vadodara,TB,15,High,341326,75850,364,1736,1567,1342,HMIS,Health management information systems & data monitoring
F55_REC00040,2015,Feb,Uttar Pradesh,Lucknow,Malaria,243,Low,453728,100828,130,167,904,1057,NHM,National Health Mission — primary healthcare & ASHA worker deployment
F55_REC00040,2015,Feb,Uttar Pradesh,Lucknow,Dengue,143,Low,453728,100828,130,167,904,1057,NHM,National Health Mission — primary healthcare & ASHA worker deployment
F55_REC00040,2015,Feb,Uttar Pradesh,Lucknow,TB,277,Low,453728,100828,130,167,904,1057,NHM,National Health Mission — primary healthcare & ASHA worker deployment
F55_REC00041,2015,Jun,Karnataka,Mysuru,Malaria,236,High,91706,20379,179,891,2193,810,Doctors For You,Emergency medical relief & rural health camps
F55_REC00041,2015,Jun,Karnataka,Mysuru,Dengue,294,High,91706,20379,179,891,2193,810,Doctors For You,Emergency medical relief & rural health camps
F55_REC00041,2015,Jun,Karnataka,Mysuru,TB,33,High,91706,20379,179,891,2193,810,Doctors For You,Emergency medical relief & rural health camps
F55_REC00042,2016,Sep,Tamil Nadu,Madurai,Malaria,338,High,287210,63824,214,1201,1207,680,NHM,National Health Mission — primary healthcare & ASHA worker deployment
F55_REC00042,2016,Sep,Tamil Nadu,Madurai,Dengue,333,High,287210,63824,214,1201,1207,680,NHM,National Health Mission — primary healthcare & ASHA worker deployment
F55_REC00042,2016,Sep,Tamil Nadu,Madurai,TB,250,High,287210,63824,214,1201,1207,680,NHM,National Health Mission — primary healthcare & ASHA worker deployment
F55_REC00043,2016,Apr,Bihar,Muzaffarpur,Malaria,450,High,164617,36581,50,688,1326,1245,CARE India,"Women & child nutrition, sanitation & community health"
F55_REC00043,2016,Apr,Bihar,Muzaffarpur,Dengue,83,High,164617,36581,50,688,1326,1245,CARE India,"Women & child nutrition, sanitation & community health"
F55_REC00043,2016,Apr,Bihar,Muzaffarpur,TB,200,High,164617,36581,50,688,1326,1245,CARE India,"Women & child nutrition, sanitation & community health"
F55_REC00044,2017,Jan,Karnataka,Mysuru,Malaria,162,Medium,347773,77282,387,1774,1979,1445,NFHS,National health survey & maternal/child health data collection
F55_REC00044,2017,Jan,Karnataka,Mysuru,Dengue,146,Medium,347773,77282,387,1774,1979,1445,NFHS,National health survey & maternal/child health data collection
F55_REC00044,2017,Jan,Karnataka,Mysuru,TB,150,Medium,347773,77282,387,1774,1979,1445,NFHS,National health survey & maternal/child health data collection
F55_REC00045,2015,Jul,Uttar Pradesh,Varanasi,Malaria,395,High,179731,39940,32,1632,2353,197,UNICEF India,"Child nutrition, immunization & maternal health programs"
F55_REC00045,2015,Jul,Uttar Pradesh,Varanasi,Dengue,383,High,179731,39940,32,1632,2353,197,UNICEF India,"Child nutrition, immunization & maternal health programs"
F55_REC00045,2015,Jul,Uttar Pradesh,Varanasi,TB,177,High,179731,39940,32,1632,2353,197,UNICEF India,"Child nutrition, immunization & maternal health programs"
F55_REC00046,2018,Feb,Tamil Nadu,Madurai,Malaria,291,High,416257,92501,134,296,1572,753,Doctors For You,Emergency medical relief & rural health camps
F55_REC00046,2018,Feb,Tamil Nadu,Madurai,Dengue,35,High,416257,92501,134,296,1572,753,Doctors For You,Emergency medical relief & rural health camps
F55_REC00046,2018,Feb,Tamil Nadu,Madurai,TB,217,High,416257,92501,134,296,1572,753,Doctors For You,Emergency medical relief & rural health camps
F55_REC00047,2018,Sep,Tamil Nadu,Chennai,Malaria,446,High,66587,14797,162,450,1862,516,UNICEF India,"Child nutrition, immunization & maternal health programs"
F55_REC00047,2018,Sep,Tamil Nadu,Chennai,Dengue,276,High,66587,14797,162,450,1862,516,UNICEF India,"Child nutrition, immunization & maternal health programs"
F55_REC00047,2018,Sep,Tamil Nadu,Chennai,TB,283,High,66587,14797,162,450,1862,516,UNICEF India,"Child nutrition, immunization & maternal health programs"
F55_REC00048,2015,Feb,Uttar Pradesh,Varanasi,Malaria,78,Low,391554,87012,36,1397,2547,1075,CARE India,"Women & child nutrition, sanitation & community health"
F55_REC00048,2015,Feb,Uttar Pradesh,Varanasi,Dengue,67,Low,391554,87012,36,1397,2547,1075,CARE India,"Women & child nutrition, sanitation & community health"
F55_REC00048,2015,Feb,Uttar Pradesh,Varanasi,TB,281,Low,391554,87012,36,1397,2547,1075,CARE India,"Women & child nutrition, sanitation & community health"
F55_REC00049,2016,Sep,Bihar,Muzaffarpur,Malaria,499,Low,455046,101121,158,1631,2740,801,NFHS,National health survey & maternal/child health data collection
F55_REC00049,2016,Sep,Bihar,Muzaffarpur,Dengue,102,Low,455046,101121,158,1631,2740,801,NFHS,National health survey & maternal/child health data collection
F55_REC00049,2016,Sep,Bihar,Muzaffarpur,TB,168,Low,455046,101121,158,1631,2740,801,NFHS,National health survey & maternal/child health data collection
F55_REC00050,2017,Sep,Uttar Pradesh,Varanasi,Malaria,84,Low,330253,73389,352,1464,1579,852,CARE India,"Women & child nutrition, sanitation & community health"
F55_REC00050,2017,Sep,Uttar Pradesh,Varanasi,Dengue,337,Low,330253,73389,352,1464,1579,852,CARE India,"Women & child nutrition, sanitation & community health"
F55_REC00050,2017,Sep,Uttar Pradesh,Varanasi,TB,288,Low,330253,73389,352,1464,1579,852,CARE India,"Women & child nutrition, sanitation & community health"
F55_REC00051,2015,May,Tamil Nadu,Coimbatore,Malaria,465,High,107952,23989,82,1700,1409,570,NFHS,National health survey & maternal/child health data collection
F55_REC00051,2015,May,Tamil Nadu,Coimbatore,Dengue,161,High,107952,23989,82,1700,1409,570,NFHS,National health survey & maternal/child health data collection
F55_REC00051,2015,May,Tamil Nadu,Coimbatore,TB,294,High,107952,23989,82,1700,1409,570,NFHS,National health survey & maternal/child health data collection
F55_REC00052,2015,Aug,Gujarat,Vadodara,Malaria,1,Low,494044,109787,239,1114,283,761,Doctors For You,Emergency medical relief & rural health camps
F55_REC00052,2015,Aug,Gujarat,Vadodara,Dengue,334,Low,494044,109787,239,1114,283,761,Doctors For You,Emergency medical relief & rural health camps
F55_REC00052,2015,Aug,Gujarat,Vadodara,TB,137,Low,494044,109787,239,1114,283,761,Doctors For You,Emergency medical relief & rural health camps
F55_REC00053,2016,Mar,Karnataka,Hubli,Malaria,378,High,192592,42798,81,308,582,943,CARE India,"Women & child nutrition, sanitation & community health"
F55_REC00053,2016,Mar,Karnataka,Hubli,Dengue,49,High,192592,42798,81,308,582,943,CARE India,"Women & child nutrition, sanitation & community health"
F55_REC00053,2016,Mar,Karnataka,Hubli,TB,139,High,192592,42798,81,308,582,943,CARE India,"Women & child nutrition, sanitation & community health"
F55_REC00054,2018,Sep,Gujarat,Ahmedabad,Malaria,456,High,383478,85217,214,666,689,424,WHO India,"Disease surveillance, immunization programs & policy advisory"
F55_REC00054,2018,Sep,Gujarat,Ahmedabad,Dengue,341,High,383478,85217,214,666,689,424,WHO India,"Disease surveillance, immunization programs & policy advisory"
F55_REC00054,2018,Sep,Gujarat,Ahmedabad,TB,166,High,383478,85217,214,666,689,424,WHO India,"Disease surveillance, immunization programs & policy advisory"
F55_REC00055,2016,Jan,Bihar,Gaya,Malaria,486,Medium,154181,34262,170,928,667,741,HMIS,Health management information systems & data monitoring
F55_REC00055,2016,Jan,Bihar,Gaya,Dengue,54,Medium,154181,34262,170,928,667,741,HMIS,Health management information systems & data monitoring
F55_REC00055,2016,Jan,Bihar,Gaya,TB,211,Medium,154181,34262,170,928,667,741,HMIS,Health management information systems & data monitoring
F55_REC00056,2018,Aug,Bihar,Patna,Malaria,452,Medium,362270,80504,116,1899,804,191,NFHS,National health survey & maternal/child health data collection
F55_REC00056,2018,Aug,Bihar,Patna,Dengue,124,Medium,362270,80504,116,1899,804,191,NFHS,National health survey & maternal/child health data collection
F55_REC00056,2018,Aug,Bihar,Patna,TB,67,Medium,362270,80504,116,1899,804,191,NFHS,National health survey & maternal/child health data collection
F55_REC00057,2016,Mar,Tamil Nadu,Madurai,Malaria,339,High,61814,13736,296,486,1653,1297,HMIS,Health management information systems & data monitoring
F55_REC00057,2016,Mar,Tamil Nadu,Madurai,Dengue,278,High,61814,13736,296,486,1653,1297,HMIS,Health management information systems & data monitoring
F55_REC00057,2016,Mar,Tamil Nadu,Madurai,TB,237,High,61814,13736,296,486,1653,1297,HMIS,Health management information systems & data monitoring
F55_REC00058,2017,Jul,Uttar Pradesh,Agra,Malaria,37,Low,427174,94927,110,267,1233,1296,CARE India,"Women & child nutrition, sanitation & community health"
F55_REC00058,2017,Jul,Uttar Pradesh,Agra,Dengue,199,Low,427174,94927,110,267,1233,1296,CARE India,"Women & child nutrition, sanitation & community health"
F55_REC00058,2017,Jul,Uttar Pradesh,Agra,TB,89,Low,427174,94927,110,267,1233,1296,CARE India,"Women & child nutrition, sanitation & community health"
F55_REC00059,2017,May,Bihar,Patna,Malaria,454,High,458456,101879,47,1644,478,1471,UNICEF India,"Child nutrition, immunization & maternal health programs"
F55_REC00059,2017,May,Bihar,Patna,Dengue,46,High,458456,101879,47,1644,478,1471,UNICEF India,"Child nutrition, immunization & maternal health programs"
F55_REC00059,2017,May,Bihar,Patna,TB,79,High,458456,101879,47,1644,478,1471,UNICEF India,"Child nutrition, immunization & maternal health programs"
F55_REC00060,2018,Aug,Tamil Nadu,Coimbatore,Malaria,92,High,466133,103585,114,870,1278,1375,UNICEF India,"Child nutrition, immunization & maternal health programs"
F55_REC00060,2018,Aug,Tamil Nadu,Coimbatore,Dengue,387,High,466133,103585,114,870,1278,1375,UNICEF India,"Child nutrition, immunization & maternal health programs"
F55_REC00060,2018,Aug,Tamil Nadu,Coimbatore,TB,21,High,466133,103585,114,870,1278,1375,UNICEF India,"Child nutrition, immunization & maternal health programs"
F55_REC00061,2018,Apr,Tamil Nadu,Coimbatore,Malaria,164,Medium,75238,16719,392,727,1896,1175,Doctors For You,Emergency medical relief & rural health camps
F55_REC00061,2018,Apr,Tamil Nadu,Coimbatore,Dengue,36,Medium,75238,16719,392,727,1896,1175,Doctors For You,Emergency medical relief & rural health camps
F55_REC00061,2018,Apr,Tamil Nadu,Coimbatore,TB,226,Medium,75238,16719,392,727,1896,1175,Doctors For You,Emergency medical relief & rural health camps
F55_REC00062,2017,May,Tamil Nadu,Chennai,Malaria,359,Low,453456,100768,273,1300,2101,1275,WHO India,"Disease surveillance, immunization programs & policy advisory"
F55_REC00062,2017,May,Tamil Nadu,Chennai,Dengue,10,Low,453456,100768,273,1300,2101,1275,WHO India,"Disease surveillance, immunization programs & policy advisory"
F55_REC00062,2017,May,Tamil Nadu,Chennai,TB,253,Low,453456,100768,273,1300,2101,1275,WHO India,"Disease surveillance, immunization programs & policy advisory"
F55_REC00063,2018,Jul,Karnataka,Bengaluru,Malaria,261,Medium,110493,24554,211,204,1338,636,NFHS,National health survey & maternal/child health data collection
F55_REC00063,2018,Jul,Karnataka,Bengaluru,Dengue,173,Medium,110493,24554,211,204,1338,636,NFHS,National health survey & maternal/child health data collection
F55_REC00063,2018,Jul,Karnataka,Bengaluru,TB,67,Medium,110493,24554,211,204,1338,636,NFHS,National health survey & maternal/child health data collection
F55_REC00064,2015,Jul,Bihar,Patna,Malaria,197,Low,120121,26693,355,598,354,742,Doctors For You,Emergency medical relief & rural health camps
F55_REC00064,2015,Jul,Bihar,Patna,Dengue,205,Low,120121,26693,355,598,354,742,Doctors For You,Emergency medical relief & rural health camps
F55_REC00064,2015,Jul,Bihar,Patna,TB,195,Low,120121,26693,355,598,354,742,Doctors For You,Emergency medical relief & rural health camps
F55_REC00065,2018,Apr,Karnataka,Hubli,Malaria,225,Low,327773,72838,358,1941,2768,472,HMIS,Health management information systems & data monitoring
F55_REC00065,2018,Apr,Karnataka,Hubli,Dengue,149,Low,327773,72838,358,1941,2768,472,HMIS,Health management information systems & data monitoring
F55_REC00065,2018,Apr,Karnataka,Hubli,TB,240,Low,327773,72838,358,1941,2768,472,HMIS,Health management information systems & data monitoring
F55_REC00066,2017,Aug,West Bengal,Howrah,Malaria,73,High,187774,41727,269,1377,2855,605,NHM,National Health Mission — primary healthcare & ASHA worker deployment
F55_REC00066,2017,Aug,West Bengal,Howrah,Dengue,82,High,187774,41727,269,1377,2855,605,NHM,National Health Mission — primary healthcare & ASHA worker deployment
F55_REC00066,2017,Aug,West Bengal,Howrah,TB,128,High,187774,41727,269,1377,2855,605,NHM,National Health Mission — primary healthcare & ASHA worker deployment
F55_REC00067,2015,Mar,Tamil Nadu,Chennai,Malaria,454,Low,67297,14954,97,721,2248,277,NFHS,National health survey & maternal/child health data collection
F55_REC00067,2015,Mar,Tamil Nadu,Chennai,Dengue,341,Low,67297,14954,97,721,2248,277,NFHS,National health survey & maternal/child health data collection
F55_REC00067,2015,Mar,Tamil Nadu,Chennai,TB,131,Low,67297,14954,97,721,2248,277,NFHS,National health survey & maternal/child health data collection
F55_REC00068,2018,Jul,Tamil Nadu,Madurai,Malaria,401,Low,389537,86563,111,766,558,617,Doctors For You,Emergency medical relief & rural health camps
F55_REC00068,2018,Jul,Tamil Nadu,Madurai,Dengue,295,Low,389537,86563,111,766,558,617,Doctors For You,Emergency medical relief & rural health camps
F55_REC00068,2018,Jul,Tamil Nadu,Madurai,TB,266,Low,389537,86563,111,766,558,617,Doctors For You,Emergency medical relief & rural health camps
F55_REC00069,2016,Apr,Bihar,Muzaffarpur,Malaria,325,High,454433,100985,293,1305,2204,458,NHM,National Health Mission — primary healthcare & ASHA worker deployment
F55_REC00069,2016,Apr,Bihar,Muzaffarpur,Dengue,252,High,454433,100985,293,1305,2204,458,NHM,National Health Mission — primary healthcare & ASHA worker deployment
F55_REC00069,2016,Apr,Bihar,Muzaffarpur,TB,299,High,454433,100985,293,1305,2204,458,NHM,National Health Mission — primary healthcare & ASHA worker deployment
F55_REC00070,2015,Jan,Bihar,Patna,Malaria,79,High,314244,69832,223,873,1804,1038,CARE India,"Women & child nutrition, sanitation & community health"
F55_REC00070,2015,Jan,Bihar,Patna,Dengue,189,High,314244,69832,223,873,1804,1038,CARE India,"Women & child nutrition, sanitation & community health"
F55_REC00070,2015,Jan,Bihar,Patna,TB,283,High,314244,69832,223,873,1804,1038,CARE India,"Women & child nutrition, sanitation & community health"
F55_REC00071,2016,Jul,Uttar Pradesh,Agra,Malaria,161,Medium,168425,37427,88,337,944,1173,WHO India,"Disease surveillance, immunization programs & policy advisory"
F55_REC00071,2016,Jul,Uttar Pradesh,Agra,Dengue,323,Medium,168425,37427,88,337,944,1173,WHO India,"Disease surveillance, immunization programs & policy advisory"
F55_REC00071,2016,Jul,Uttar Pradesh,Agra,TB,177,Medium,168425,37427,88,337,944,1173,WHO India,"Disease surveillance, immunization programs & policy advisory"
F55_REC00072,2015,Jan,West Bengal,Howrah,Malaria,429,Medium,157661,35035,76,1691,544,1403,Smile Foundation,"Mobile health units, education & livelihood for underserved communities"
F55_REC00072,2015,Jan,West Bengal,Howrah,Dengue,214,Medium,157661,35035,76,1691,544,1403,Smile Foundation,"Mobile health units, education & livelihood for underserved communities"
F55_REC00072,2015,Jan,West Bengal,Howrah,TB,148,Medium,157661,35035,76,1691,544,1403,Smile Foundation,"Mobile health units, education & livelihood for underserved communities"
F55_REC00073,2015,Jul,Tamil Nadu,Chennai,Malaria,83,Low,50771,11282,288,1866,331,570,NFHS,National health survey & maternal/child health data collection
F55_REC00073,2015,Jul,Tamil Nadu,Chennai,Dengue,69,Low,50771,11282,288,1866,331,570,NFHS,National health survey & maternal/child health data collection
F55_REC00073,2015,Jul,Tamil Nadu,Chennai,TB,20,Low,50771,11282,288,1866,331,570,NFHS,National health survey & maternal/child health data collection
F55_REC00074,2016,Mar,Bihar,Gaya,Malaria,133,High,141027,31339,285,321,736,191,HMIS,Health management information systems & data monitoring
F55_REC00074,2016,Mar,Bihar,Gaya,Dengue,342,High,141027,31339,285,321,736,191,HMIS,Health management information systems & data monitoring
F55_REC00074,2016,Mar,Bihar,Gaya,TB,122,High,141027,31339,285,321,736,191,HMIS,Health management information systems & data monitoring
F55_REC00075,2016,May,West Bengal,Siliguri,Malaria,63,High,142586,31685,382,783,2770,185,HMIS,Health management information systems & data monitoring
F55_REC00075,2016,May,West Bengal,Siliguri,Dengue,23,High,142586,31685,382,783,2770,185,HMIS,Health management information systems & data monitoring
F55_REC00075,2016,May,West Bengal,Siliguri,TB,280,High,142586,31685,382,783,2770,185,HMIS,Health management information systems & data monitoring
F55_REC00076,2016,May,Karnataka,Bengaluru,Malaria,440,Low,253002,56222,60,1206,1496,1049,HMIS,Health management information systems & data monitoring
F55_REC00076,2016,May,Karnataka,Bengaluru,Dengue,153,Low,253002,56222,60,1206,1496,1049,HMIS,Health management information systems & data monitoring
F55_REC00076,2016,May,Karnataka,Bengaluru,TB,23,Low,253002,56222,60,1206,1496,1049,HMIS,Health management information systems & data monitoring
F55_REC00077,2017,Sep,Bihar,Patna,Malaria,195,Medium,469586,104352,106,1931,1640,1122,HMIS,Health management information systems & data monitoring
F55_REC00077,2017,Sep,Bihar,Patna,Dengue,110,Medium,469586,104352,106,1931,1640,1122,HMIS,Health management information systems & data monitoring
F55_REC00077,2017,Sep,Bihar,Patna,TB,61,Medium,469586,104352,106,1931,1640,1122,HMIS,Health management information systems & data monitoring
F55_REC00078,2015,Sep,Bihar,Patna,Malaria,478,Medium,456423,101427,380,663,600,961,WHO India,"Disease surveillance, immunization programs & policy advisory"
F55_REC00078,2015,Sep,Bihar,Patna,Dengue,383,Medium,456423,101427,380,663,600,961,WHO India,"Disease surveillance, immunization programs & policy advisory"
F55_REC00078,2015,Sep,Bihar,Patna,TB,48,Medium,456423,101427,380,663,600,961,WHO India,"Disease surveillance, immunization programs & policy advisory"
F55_REC00079,2017,Jul,Gujarat,Surat,Malaria,434,Medium,79060,17568,380,1012,1275,675,Doctors For You,Emergency medical relief & rural health camps
F55_REC00079,2017,Jul,Gujarat,Surat,Dengue,13,Medium,79060,17568,380,1012,1275,675,Doctors For You,Emergency medical relief & rural health camps
F55_REC00079,2017,Jul,Gujarat,Surat,TB,80,Medium,79060,17568,380,1012,1275,675,Doctors For You,Emergency medical relief & rural health camps
F55_REC00080,2015,Jan,Karnataka,Hubli,Malaria,495,Medium,261607,58134,157,1112,2552,1491,CARE India,"Women & child nutrition, sanitation & community health"
F55_REC00080,2015,Jan,Karnataka,Hubli,Dengue,346,Medium,261607,58134,157,1112,2552,1491,CARE India,"Women & child nutrition, sanitation & community health"
F55_REC00080,2015,Jan,Karnataka,Hubli,TB,24,Medium,261607,58134,157,1112,2552,1491,CARE India,"Women & child nutrition, sanitation & community health"
F55_REC00081,2017,Feb,Gujarat,Surat,Malaria,191,Medium,51073,11349,239,1625,2035,348,Doctors For You,Emergency medical relief & rural health camps
F55_REC00081,2017,Feb,Gujarat,Surat,Dengue,276,Medium,51073,11349,239,1625,2035,348,Doctors For You,Emergency medical relief & rural health camps
F55_REC00081,2017,Feb,Gujarat,Surat,TB,222,Medium,51073,11349,239,1625,2035,348,Doctors For You,Emergency medical relief & rural health camps
F55_REC00082,2015,Jul,West Bengal,Kolkata,Malaria,67,Low,65166,14481,167,128,1977,616,NHM,National Health Mission — primary healthcare & ASHA worker deployment
F55_REC00082,2015,Jul,West Bengal,Kolkata,Dengue,237,Low,65166,14481,167,128,1977,616,NHM,National Health Mission — primary healthcare & ASHA worker deployment
F55_REC00082,2015,Jul,West Bengal,Kolkata,TB,76,Low,65166,14481,167,128,1977,616,NHM,National Health Mission — primary healthcare & ASHA worker deployment
F55_REC00083,2015,Jan,Karnataka,Hubli,Malaria,198,High,419043,93120,145,751,1325,1174,HMIS,Health management information systems & data monitoring
F55_REC00083,2015,Jan,Karnataka,Hubli,Dengue,65,High,419043,93120,145,751,1325,1174,HMIS,Health management information systems & data monitoring
F55_REC00083,2015,Jan,Karnataka,Hubli,TB,108,High,419043,93120,145,751,1325,1174,HMIS,Health management information systems & data monitoring
F55_REC00084,2015,Aug,Uttar Pradesh,Varanasi,Malaria,314,Low,260608,57912,235,392,677,687,UNICEF India,"Child nutrition, immunization & maternal health programs"
F55_REC00084,2015,Aug,Uttar Pradesh,Varanasi,Dengue,274,Low,260608,57912,235,392,677,687,UNICEF India,"Child nutrition, immunization & maternal health programs"
F55_REC00084,2015,Aug,Uttar Pradesh,Varanasi,TB,299,Low,260608,57912,235,392,677,687,UNICEF India,"Child nutrition, immunization & maternal health programs"
F55_REC00085,2017,Feb,Karnataka,Mysuru,Malaria,156,Low,395992,87998,348,426,407,79,NHM,National Health Mission — primary healthcare & ASHA worker deployment
F55_REC00085,2017,Feb,Karnataka,Mysuru,Dengue,114,Low,395992,87998,348,426,407,79,NHM,National Health Mission — primary healthcare & ASHA worker deployment
F55_REC00085,2017,Feb,Karnataka,Mysuru,TB,101,Low,395992,87998,348,426,407,79,NHM,National Health Mission — primary healthcare & ASHA worker deployment
F55_REC00086,2017,May,Tamil Nadu,Madurai,Malaria,308,Medium,258763,57502,383,691,1905,1307,Doctors For You,Emergency medical relief & rural health camps
F55_REC00086,2017,May,Tamil Nadu,Madurai,Dengue,328,Medium,258763,57502,383,691,1905,1307,Doctors For You,Emergency medical relief & rural health camps
F55_REC00086,2017,May,Tamil Nadu,Madurai,TB,3,Medium,258763,57502,383,691,1905,1307,Doctors For You,Emergency medical relief & rural health camps
F55_REC00087,2017,Jan,Gujarat,Vadodara,Malaria,244,Medium,490105,108912,143,1974,290,102,HMIS,Health management information systems & data monitoring
F55_REC00087,2017,Jan,Gujarat,Vadodara,Dengue,350,Medium,490105,108912,143,1974,290,102,HMIS,Health management information systems & data monitoring
F55_REC00087,2017,Jan,Gujarat,Vadodara,TB,127,Medium,490105,108912,143,1974,290,102,HMIS,Health management information systems & data monitoring
F55_REC00088,2017,Mar,Uttar Pradesh,Varanasi,Malaria,125,Medium,327438,72764,200,1986,2681,955,NFHS,National health survey & maternal/child health data collection
F55_REC00088,2017,Mar,Uttar Pradesh,Varanasi,Dengue,232,Medium,327438,72764,200,1986,2681,955,NFHS,National health survey & maternal/child health data collection
F55_REC00088,2017,Mar,Uttar Pradesh,Varanasi,TB,117,Medium,327438,72764,200,1986,2681,955,NFHS,National health survey & maternal/child health data collection
F55_REC00089,2018,Mar,Karnataka,Mysuru,Malaria,318,Low,306001,68000,103,604,2714,156,UNICEF India,"Child nutrition, immunization & maternal health programs"
F55_REC00089,2018,Mar,Karnataka,Mysuru,Dengue,350,Low,306001,68000,103,604,2714,156,UNICEF India,"Child nutrition, immunization & maternal health programs"
F55_REC00089,2018,Mar,Karnataka,Mysuru,TB,199,Low,306001,68000,103,604,2714,156,UNICEF India,"Child nutrition, immunization & maternal health programs"
F55_REC00090,2016,Aug,Bihar,Patna,Malaria,251,Medium,297353,66078,73,197,728,856,UNICEF India,"Child nutrition, immunization & maternal health programs"
F55_REC00090,2016,Aug,Bihar,Patna,Dengue,391,Medium,297353,66078,73,197,728,856,UNICEF India,"Child nutrition, immunization & maternal health programs"
F55_REC00090,2016,Aug,Bihar,Patna,TB,165,Medium,297353,66078,73,197,728,856,UNICEF India,"Child nutrition, immunization & maternal health programs"
F55_REC00091,2016,Mar,Uttar Pradesh,Lucknow,Malaria,479,High,465660,103480,356,1980,2725,662,CARE India,"Women & child nutrition, sanitation & community health"
F55_REC00091,2016,Mar,Uttar Pradesh,Lucknow,Dengue,13,High,465660,103480,356,1980,2725,662,CARE India,"Women & child nutrition, sanitation & community health"
F55_REC00091,2016,Mar,Uttar Pradesh,Lucknow,TB,165,High,465660,103480,356,1980,2725,662,CARE India,"Women & child nutrition, sanitation & community health"
F55_REC00092,2017,Feb,Maharashtra,Nagpur,Malaria,480,Medium,495562,110124,152,519,2227,301,Doctors For You,Emergency medical relief & rural health camps
F55_REC00092,2017,Feb,Maharashtra,Nagpur,Dengue,315,Medium,495562,110124,152,519,2227,301,Doctors For You,Emergency medical relief & rural health camps
F55_REC00092,2017,Feb,Maharashtra,Nagpur,TB,177,Medium,495562,110124,152,519,2227,301,Doctors For You,Emergency medical relief & rural health camps
F55_REC00093,2018,Mar,Gujarat,Surat,Malaria,24,Low,498861,110858,294,1411,1025,1350,NHM,National Health Mission — primary healthcare & ASHA worker deployment
F55_REC00093,2018,Mar,Gujarat,Surat,Dengue,150,Low,498861,110858,294,1411,1025,1350,NHM,National Health Mission — primary healthcare & ASHA worker deployment
F55_REC00093,2018,Mar,Gujarat,Surat,TB,165,Low,498861,110858,294,1411,1025,1350,NHM,National Health Mission — primary healthcare & ASHA worker deployment
F55_REC00094,2018,Sep,Maharashtra,Mumbai,Malaria,263,Medium,237380,52751,256,1572,2393,1130,NHM,National Health Mission — primary healthcare & ASHA worker deployment
F55_REC00094,2018,Sep,Maharashtra,Mumbai,Dengue,110,Medium,237380,52751,256,1572,2393,1130,NHM,National Health Mission — primary healthcare & ASHA worker deployment
F55_REC00094,2018,Sep,Maharashtra,Mumbai,TB,158,Medium,237380,52751,256,1572,2393,1130,NHM,National Health Mission — primary healthcare & ASHA worker deployment
F55_REC00095,2018,Mar,Uttar Pradesh,Lucknow,Malaria,481,High,132234,29385,59,1451,773,245,Smile Foundation,"Mobile health units, education & livelihood for underserved communities"
F55_REC00095,2018,Mar,Uttar Pradesh,Lucknow,Dengue,318,High,132234,29385,59,1451,773,245,Smile Foundation,"Mobile health units, education & livelihood for underserved communities"
F55_REC00095,2018,Mar,Uttar Pradesh,Lucknow,TB,231,High,132234,29385,59,1451,773,245,Smile Foundation,"Mobile health units, education & livelihood for underserved communities"
F55_REC00096,2018,Mar,Bihar,Muzaffarpur,Malaria,282,Medium,387914,86203,195,1604,2873,741,NHM,National Health Mission — primary healthcare & ASHA worker deployment
F55_REC00096,2018,Mar,Bihar,Muzaffarpur,Dengue,112,Medium,387914,86203,195,1604,2873,741,NHM,National Health Mission — primary healthcare & ASHA worker deployment
F55_REC00096,2018,Mar,Bihar,Muzaffarpur,TB,120,Medium,387914,86203,195,1604,2873,741,NHM,National Health Mission — primary healthcare & ASHA worker deployment
F55_REC00097,2018,Jul,Maharashtra,Mumbai,Malaria,129,Low,122378,27195,71,907,2673,757,WHO India,"Disease surveillance, immunization programs & policy advisory"
F55_REC00097,2018,Jul,Maharashtra,Mumbai,Dengue,338,Low,122378,27195,71,907,2673,757,WHO India,"Disease surveillance, immunization programs & policy advisory"
F55_REC00097,2018,Jul,Maharashtra,Mumbai,TB,210,Low,122378,27195,71,907,2673,757,WHO India,"Disease surveillance, immunization programs & policy advisory"
F55_REC00098,2017,Jul,Maharashtra,Pune,Malaria,198,Low,244548,54344,78,1831,1650,964,HMIS,Health management information systems & data monitoring
F55_REC00098,2017,Jul,Maharashtra,Pune,Dengue,67,Low,244548,54344,78,1831,1650,964,HMIS,Health management information systems & data monitoring
F55_REC00098,2017,Jul,Maharashtra,Pune,TB,48,Low,244548,54344,78,1831,1650,964,HMIS,Health management information systems & data monitoring
F55_REC00099,2018,Feb,Tamil Nadu,Coimbatore,Malaria,255,Low,304103,67578,271,608,968,379,Smile Foundation,"Mobile health units, education & livelihood for underserved communities"
F55_REC00099,2018,Feb,Tamil Nadu,Coimbatore,Dengue,189,Low,304103,67578,271,608,968,379,Smile Foundation,"Mobile health units, education & livelihood for underserved communities"
F55_REC00099,2018,Feb,Tamil Nadu,Coimbatore,TB,79,Low,304103,67578,271,608,968,379,Smile Foundation,"Mobile health units, education & livelihood for underserved communities"
F55_REC00100,2017,Feb,Bihar,Muzaffarpur,Malaria,451,Low,279728,62161,384,1149,228,416,NFHS,National health survey & maternal/child health data collection
F55_REC00100,2017,Feb,Bihar,Muzaffarpur,Dengue,179,Low,279728,62161,384,1149,228,416,NFHS,National health survey & maternal/child health data collection
F55_REC00100,2017,Feb,Bihar,Muzaffarpur,TB,62,Low,279728,62161,384,1149,228,416,NFHS,National health survey & maternal/child health data collection
F55_REC00101,2017,May,Gujarat,Vadodara,Malaria,61,Medium,471241,104720,345,1304,1961,665,NFHS,National health survey & maternal/child health data collection
F55_REC00101,2017,May,Gujarat,Vadodara,Dengue,102,Medium,471241,104720,345,1304,1961,665,NFHS,National health survey & maternal/child health data collection
F55_REC00101,2017,May,Gujarat,Vadodara,TB,114,Medium,471241,104720,345,1304,1961,665,NFHS,National health survey & maternal/child health data collection
F55_REC00102,2015,Feb,Uttar Pradesh,Varanasi,Malaria,222,Medium,163070,36237,264,537,2845,436,CARE India,"Women & child nutrition, sanitation & community health"
F55_REC00102,2015,Feb,Uttar Pradesh,Varanasi,Dengue,156,Medium,163070,36237,264,537,2845,436,CARE India,"Women & child nutrition, sanitation & community health"
F55_REC00102,2015,Feb,Uttar Pradesh,Varanasi,TB,294,Medium,163070,36237,264,537,2845,436,CARE India,"Women & child nutrition, sanitation & community health"
F55_REC00103,2018,Jun,Gujarat,Vadodara,Malaria,411,High,76177,16928,281,1063,1344,651,NFHS,National health survey & maternal/child health data collection
F55_REC00103,2018,Jun,Gujarat,Vadodara,Dengue,238,High,76177,16928,281,1063,1344,651,NFHS,National health survey & maternal/child health data collection
F55_REC00103,2018,Jun,Gujarat,Vadodara,TB,65,High,76177,16928,281,1063,1344,651,NFHS,National health survey & maternal/child health data collection
F55_REC00104,2015,Aug,Bihar,Patna,Malaria,62,High,480082,106684,309,307,2487,1284,WHO India,"Disease surveillance, immunization programs & policy advisory"
F55_REC00104,2015,Aug,Bihar,Patna,Dengue,381,High,480082,106684,309,307,2487,1284,WHO India,"Disease surveillance, immunization programs & policy advisory"
F55_REC00104,2015,Aug,Bihar,Patna,TB,170,High,480082,106684,309,307,2487,1284,WHO India,"Disease surveillance, immunization programs & policy advisory"
F55_REC00105,2015,Apr,Bihar,Patna,Malaria,494,High,83454,18545,147,1893,2112,636,Smile Foundation,"Mobile health units, education & livelihood for underserved communities"
F55_REC00105,2015,Apr,Bihar,Patna,Dengue,397,High,83454,18545,147,1893,2112,636,Smile Foundation,"Mobile health units, education & livelihood for underserved communities"
F55_REC00105,2015,Apr,Bihar,Patna,TB,248,High,83454,18545,147,1893,2112,636,Smile Foundation,"Mobile health units, education & livelihood for underserved communities"
F55_REC00106,2015,Sep,Gujarat,Ahmedabad,Malaria,114,Medium,229631,51029,78,800,2902,974,UNICEF India,"Child nutrition, immunization & maternal health programs"
F55_REC00106,2015,Sep,Gujarat,Ahmedabad,Dengue,225,Medium,229631,51029,78,800,2902,974,UNICEF India,"Child nutrition, immunization & maternal health programs"
F55_REC00106,2015,Sep,Gujarat,Ahmedabad,TB,255,Medium,229631,51029,78,800,2902,974,UNICEF India,"Child nutrition, immunization & maternal health programs"
F55_REC00107,2018,Apr,West Bengal,Siliguri,Malaria,192,High,385032,85562,89,1453,657,686,HMIS,Health management information systems & data monitoring
F55_REC00107,2018,Apr,West Bengal,Siliguri,Dengue,104,High,385032,85562,89,1453,657,686,HMIS,Health management information systems & data monitoring
F55_REC00107,2018,Apr,West Bengal,Siliguri,TB,160,High,385032,85562,89,1453,657,686,HMIS,Health management information systems & data monitoring
F55_REC00108,2016,Feb,Maharashtra,Nagpur,Malaria,24,Low,59703,13267,149,369,1114,241,Doctors For You,Emergency medical relief & rural health camps
F55_REC00108,2016,Feb,Maharashtra,Nagpur,Dengue,18,Low,59703,13267,149,369,1114,241,Doctors For You,Emergency medical relief & rural health camps
F55_REC00108,2016,Feb,Maharashtra,Nagpur,TB,166,Low,59703,13267,149,369,1114,241,Doctors For You,Emergency medical relief & rural health camps
F55_REC00109,2016,Mar,Uttar Pradesh,Agra,Malaria,323,Medium,234294,52065,104,515,1541,357,Smile Foundation,"Mobile health units, education & livelihood for underserved communities"
F55_REC00109,2016,Mar,Uttar Pradesh,Agra,Dengue,373,Medium,234294,52065,104,515,1541,357,Smile Foundation,"Mobile health units, education & livelihood for underserved communities"
F55_REC00109,2016,Mar,Uttar Pradesh,Agra,TB,221,Medium,234294,52065,104,515,1541,357,Smile Foundation,"Mobile health units, education & livelihood for underserved communities"
F55_REC00110,2015,Jun,Bihar,Muzaffarpur,Malaria,219,Low,274205,60934,35,654,1894,508,UNICEF India,"Child nutrition, immunization & maternal health programs"
F55_REC00110,2015,Jun,Bihar,Muzaffarpur,Dengue,54,Low,274205,60934,35,654,1894,508,UNICEF India,"Child nutrition, immunization & maternal health programs"
F55_REC00110,2015,Jun,Bihar,Muzaffarpur,TB,60,Low,274205,60934,35,654,1894,508,UNICEF India,"Child nutrition, immunization & maternal health programs"
F55_REC00111,2018,May,West Bengal,Siliguri,Malaria,475,Medium,154429,34317,141,727,2803,1318,UNICEF India,"Child nutrition, immunization & maternal health programs"
F55_REC00111,2018,May,West Bengal,Siliguri,Dengue,2,Medium,154429,34317,141,727,2803,1318,UNICEF India,"Child nutrition, immunization & maternal health programs"
F55_REC00111,2018,May,West Bengal,Siliguri,TB,90,Medium,154429,34317,141,727,2803,1318,UNICEF India,"Child nutrition, immunization & maternal health programs"
F55_REC00112,2016,Jun,Gujarat,Vadodara,Malaria,278,Medium,475789,105730,249,1185,1516,719,CARE India,"Women & child nutrition, sanitation & community health"
F55_REC00112,2016,Jun,Gujarat,Vadodara,Dengue,238,Medium,475789,105730,249,1185,1516,719,CARE India,"Women & child nutrition, sanitation & community health"
F55_REC00112,2016,Jun,Gujarat,Vadodara,TB,157,Medium,475789,105730,249,1185,1516,719,CARE India,"Women & child nutrition, sanitation & community health"
F55_REC00113,2015,Jun,Bihar,Patna,Malaria,184,High,191498,42555,54,807,604,107,WHO India,"Disease surveillance, immunization programs & policy advisory"
F55_REC00113,2015,Jun,Bihar,Patna,Dengue,192,High,191498,42555,54,807,604,107,WHO India,"Disease surveillance, immunization programs & policy advisory"
F55_REC00113,2015,Jun,Bihar,Patna,TB,246,High,191498,42555,54,807,604,107,WHO India,"Disease surveillance, immunization programs & policy advisory"
F55_REC00114,2017,Jun,Gujarat,Surat,Malaria,182,High,147374,32749,137,490,1858,593,UNICEF India,"Child nutrition, immunization & maternal health programs"
F55_REC00114,2017,Jun,Gujarat,Surat,Dengue,135,High,147374,32749,137,490,1858,593,UNICEF India,"Child nutrition, immunization & maternal health programs"
F55_REC00114,2017,Jun,Gujarat,Surat,TB,277,High,147374,32749,137,490,1858,593,UNICEF India,"Child nutrition, immunization & maternal health programs"
F55_REC00115,2017,Sep,Maharashtra,Mumbai,Malaria,421,High,83315,18514,154,1990,2737,918,NHM,National Health Mission — primary healthcare & ASHA worker deployment
F55_REC00115,2017,Sep,Maharashtra,Mumbai,Dengue,196,High,83315,18514,154,1990,2737,918,NHM,National Health Mission — primary healthcare & ASHA worker deployment
F55_REC00115,2017,Sep,Maharashtra,Mumbai,TB,110,High,83315,18514,154,1990,2737,918,NHM,National Health Mission — primary healthcare & ASHA worker deployment
F55_REC00116,2018,Sep,West Bengal,Howrah,Malaria,311,Medium,265780,59062,89,1674,1675,408,Doctors For You,Emergency medical relief & rural health camps
F55_REC00116,2018,Sep,West Bengal,Howrah,Dengue,190,Medium,265780,59062,89,1674,1675,408,Doctors For You,Emergency medical relief & rural health camps
F55_REC00116,2018,Sep,West Bengal,Howrah,TB,33,Medium,265780,59062,89,1674,1675,408,Doctors For You,Emergency medical relief & rural health camps
F55_REC00117,2017,Mar,Karnataka,Hubli,Malaria,371,Low,227149,50477,292,686,2145,340,NHM,National Health Mission — primary healthcare & ASHA worker deployment
F55_REC00117,2017,Mar,Karnataka,Hubli,Dengue,214,Low,227149,50477,292,686,2145,340,NHM,National Health Mission — primary healthcare & ASHA worker deployment
F55_REC00117,2017,Mar,Karnataka,Hubli,TB,280,Low,227149,50477,292,686,2145,340,NHM,National Health Mission — primary healthcare & ASHA worker deployment
F55_REC00118,2018,Feb,West Bengal,Siliguri,Malaria,184,Low,140069,31126,194,1408,2571,381,UNICEF India,"Child nutrition, immunization & maternal health programs"
F55_REC00118,2018,Feb,West Bengal,Siliguri,Dengue,299,Low,140069,31126,194,1408,2571,381,UNICEF India,"Child nutrition, immunization & maternal health programs"
F55_REC00118,2018,Feb,West Bengal,Siliguri,TB,159,Low,140069,31126,194,1408,2571,381,UNICEF India,"Child nutrition, immunization & maternal health programs"
F55_REC00119,2018,Jun,Maharashtra,Nagpur,Malaria,201,Low,315955,70212,54,1982,1936,229,NFHS,National health survey & maternal/child health data collection
F55_REC00119,2018,Jun,Maharashtra,Nagpur,Dengue,245,Low,315955,70212,54,1982,1936,229,NFHS,National health survey & maternal/child health data collection
F55_REC00119,2018,Jun,Maharashtra,Nagpur,TB,200,Low,315955,70212,54,1982,1936,229,NFHS,National health survey & maternal/child health data collection
F55_REC00120,2018,May,Bihar,Gaya,Malaria,289,Low,313121,69582,36,1215,1819,1427,Doctors For You,Emergency medical relief & rural health camps
F55_REC00120,2018,May,Bihar,Gaya,Dengue,383,Low,313121,69582,36,1215,1819,1427,Doctors For You,Emergency medical relief & rural health camps
F55_REC00120,2018,May,Bihar,Gaya,TB,214,Low,313121,69582,36,1215,1819,1427,Doctors For You,Emergency medical relief & rural health camps
F55_REC00121,2016,Jul,Maharashtra,Mumbai,Malaria,107,Low,152170,33815,397,766,1805,238,CARE India,"Women & child nutrition, sanitation & community health"
F55_REC00121,2016,Jul,Maharashtra,Mumbai,Dengue,214,Low,152170,33815,397,766,1805,238,CARE India,"Women & child nutrition, sanitation & community health"
F55_REC00121,2016,Jul,Maharashtra,Mumbai,TB,22,Low,152170,33815,397,766,1805,238,CARE India,"Women & child nutrition, sanitation & community health"
F55_REC00122,2018,Mar,Uttar Pradesh,Agra,Malaria,358,High,205203,45600,78,743,730,724,NHM,National Health Mission — primary healthcare & ASHA worker deployment
F55_REC00122,2018,Mar,Uttar Pradesh,Agra,Dengue,298,High,205203,45600,78,743,730,724,NHM,National Health Mission — primary healthcare & ASHA worker deployment
F55_REC00122,2018,Mar,Uttar Pradesh,Agra,TB,112,High,205203,45600,78,743,730,724,NHM,National Health Mission — primary healthcare & ASHA worker deployment
F55_REC00123,2018,Aug,Tamil Nadu,Coimbatore,Malaria,128,High,477609,106135,304,1871,2636,196,UNICEF India,"Child nutrition, immunization & maternal health programs"
F55_REC00123,2018,Aug,Tamil Nadu,Coimbatore,Dengue,93,High,477609,106135,304,1871,2636,196,UNICEF India,"Child nutrition, immunization & maternal health programs"
F55_REC00123,2018,Aug,Tamil Nadu,Coimbatore,TB,207,High,477609,106135,304,1871,2636,196,UNICEF India,"Child nutrition, immunization & maternal health programs"
F55_REC00124,2017,Jul,West Bengal,Howrah,Malaria,154,Medium,239070,53126,153,1066,861,127,Smile Foundation,"Mobile health units, education & livelihood for underserved communities"
F55_REC00124,2017,Jul,West Bengal,Howrah,Dengue,132,Medium,239070,53126,153,1066,861,127,Smile Foundation,"Mobile health units, education & livelihood for underserved communities"
F55_REC00124,2017,Jul,West Bengal,Howrah,TB,26,Medium,239070,53126,153,1066,861,127,Smile Foundation,"Mobile health units, education & livelihood for underserved communities"
F55_REC00125,2018,Jul,Maharashtra,Pune,Malaria,353,High,450843,100187,141,1052,1177,310,NFHS,National health survey & maternal/child health data collection
F55_REC00125,2018,Jul,Maharashtra,Pune,Dengue,229,High,450843,100187,141,1052,1177,310,NFHS,National health survey & maternal/child health data collection
F55_REC00125,2018,Jul,Maharashtra,Pune,TB,195,High,450843,100187,141,1052,1177,310,NFHS,National health survey & maternal/child health data collection
F55_REC00126,2018,Sep,Tamil Nadu,Chennai,Malaria,112,Medium,453713,100825,314,455,946,168,Smile Foundation,"Mobile health units, education & livelihood for underserved communities"
F55_REC00126,2018,Sep,Tamil Nadu,Chennai,Dengue,67,Medium,453713,100825,314,455,946,168,Smile Foundation,"Mobile health units, education & livelihood for underserved communities"
F55_REC00126,2018,Sep,Tamil Nadu,Chennai,TB,35,Medium,453713,100825,314,455,946,168,Smile Foundation,"Mobile health units, education & livelihood for underserved communities"
F55_REC00127,2016,May,Uttar Pradesh,Varanasi,Malaria,211,Medium,137763,30614,54,220,1811,510,Doctors For You,Emergency medical relief & rural health camps
F55_REC00127,2016,May,Uttar Pradesh,Varanasi,Dengue,294,Medium,137763,30614,54,220,1811,510,Doctors For You,Emergency medical relief & rural health camps
F55_REC00127,2016,May,Uttar Pradesh,Varanasi,TB,200,Medium,137763,30614,54,220,1811,510,Doctors For You,Emergency medical relief & rural health camps
F55_REC00128,2015,Aug,West Bengal,Kolkata,Malaria,435,High,340516,75670,107,999,2064,1393,Smile Foundation,"Mobile health units, education & livelihood for underserved communities"
F55_REC00128,2015,Aug,West Bengal,Kolkata,Dengue,87,High,340516,75670,107,999,2064,1393,Smile Foundation,"Mobile health units, education & livelihood for underserved communities"
F55_REC00128,2015,Aug,West Bengal,Kolkata,TB,196,High,340516,75670,107,999,2064,1393,Smile Foundation,"Mobile health units, education & livelihood for underserved communities"
F55_REC00129,2017,Mar,Gujarat,Surat,Malaria,240,Low,83496,18554,193,197,2738,797,NHM,National Health Mission — primary healthcare & ASHA worker deployment
F55_REC00129,2017,Mar,Gujarat,Surat,Dengue,400,Low,83496,18554,193,197,2738,797,NHM,National Health Mission — primary healthcare & ASHA worker deployment
F55_REC00129,2017,Mar,Gujarat,Surat,TB,162,Low,83496,18554,193,197,2738,797,NHM,National Health Mission — primary healthcare & ASHA worker deployment
F55_REC00130,2018,Mar,Bihar,Gaya,Malaria,359,High,414347,92077,93,566,613,1137,Doctors For You,Emergency medical relief & rural health camps
F55_REC00130,2018,Mar,Bihar,Gaya,Dengue,98,High,414347,92077,93,566,613,1137,Doctors For You,Emergency medical relief & rural health camps
F55_REC00130,2018,Mar,Bihar,Gaya,TB,125,High,414347,92077,93,566,613,1137,Doctors For You,Emergency medical relief & rural health camps
F55_REC00131,2015,May,Karnataka,Hubli,Malaria,102,Low,416766,92614,303,1922,2227,1068,NHM,National Health Mission — primary healthcare & ASHA worker deployment
F55_REC00131,2015,May,Karnataka,Hubli,Dengue,137,Low,416766,92614,303,1922,2227,1068,NHM,National Health Mission — primary healthcare & ASHA worker deployment
F55_REC00131,2015,May,Karnataka,Hubli,TB,129,Low,416766,92614,303,1922,2227,1068,NHM,National Health Mission — primary healthcare & ASHA worker deployment
F55_REC00132,2016,Sep,Karnataka,Hubli,Malaria,134,High,267044,59343,206,142,2777,203,Smile Foundation,"Mobile health units, education & livelihood for underserved communities"
F55_REC00132,2016,Sep,Karnataka,Hubli,Dengue,313,High,267044,59343,206,142,2777,203,Smile Foundation,"Mobile health units, education & livelihood for underserved communities"
F55_REC00132,2016,Sep,Karnataka,Hubli,TB,184,High,267044,59343,206,142,2777,203,Smile Foundation,"Mobile health units, education & livelihood for underserved communities"
F55_REC00133,2017,Mar,Karnataka,Mysuru,Malaria,188,Medium,371710,82602,362,175,611,800,HMIS,Health management information systems & data monitoring
F55_REC00133,2017,Mar,Karnataka,Mysuru,Dengue,61,Medium,371710,82602,362,175,611,800,HMIS,Health management information systems & data monitoring
F55_REC00133,2017,Mar,Karnataka,Mysuru,TB,279,Medium,371710,82602,362,175,611,800,HMIS,Health management information systems & data monitoring
F55_REC00134,2018,Jan,Tamil Nadu,Madurai,Malaria,377,High,181293,40287,257,1865,2253,862,Smile Foundation,"Mobile health units, education & livelihood for underserved communities"
F55_REC00134,2018,Jan,Tamil Nadu,Madurai,Dengue,209,High,181293,40287,257,1865,2253,862,Smile Foundation,"Mobile health units, education & livelihood for underserved communities"
F55_REC00134,2018,Jan,Tamil Nadu,Madurai,TB,221,High,181293,40287,257,1865,2253,862,Smile Foundation,"Mobile health units, education & livelihood for underserved communities"
F55_REC00135,2016,Feb,Gujarat,Ahmedabad,Malaria,261,Low,376123,83582,131,375,464,1340,UNICEF India,"Child nutrition, immunization & maternal health programs"
F55_REC00135,2016,Feb,Gujarat,Ahmedabad,Dengue,365,Low,376123,83582,131,375,464,1340,UNICEF India,"Child nutrition, immunization & maternal health programs"
F55_REC00135,2016,Feb,Gujarat,Ahmedabad,TB,89,Low,376123,83582,131,375,464,1340,UNICEF India,"Child nutrition, immunization & maternal health programs"
F55_REC00136,2015,Aug,Maharashtra,Nagpur,Malaria,55,Medium,313681,69706,103,1448,2349,112,WHO India,"Disease surveillance, immunization programs & policy advisory"
F55_REC00136,2015,Aug,Maharashtra,Nagpur,Dengue,101,Medium,313681,69706,103,1448,2349,112,WHO India,"Disease surveillance, immunization programs & policy advisory"
F55_REC00136,2015,Aug,Maharashtra,Nagpur,TB,17,Medium,313681,69706,103,1448,2349,112,WHO India,"Disease surveillance, immunization programs & policy advisory"
F55_REC00137,2018,Apr,Gujarat,Ahmedabad,Malaria,332,Low,145905,32423,337,712,1668,862,Smile Foundation,"Mobile health units, education & livelihood for underserved communities"
F55_REC00137,2018,Apr,Gujarat,Ahmedabad,Dengue,366,Low,145905,32423,337,712,1668,862,Smile Foundation,"Mobile health units, education & livelihood for underserved communities"
F55_REC00137,2018,Apr,Gujarat,Ahmedabad,TB,200,Low,145905,32423,337,712,1668,862,Smile Foundation,"Mobile health units, education & livelihood for underserved communities"
F55_REC00138,2016,Mar,Karnataka,Mysuru,Malaria,278,Low,262660,58368,204,1233,2333,483,NHM,National Health Mission — primary healthcare & ASHA worker deployment
F55_REC00138,2016,Mar,Karnataka,Mysuru,Dengue,16,Low,262660,58368,204,1233,2333,483,NHM,National Health Mission — primary healthcare & ASHA worker deployment
F55_REC00138,2016,Mar,Karnataka,Mysuru,TB,58,Low,262660,58368,204,1233,2333,483,NHM,National Health Mission — primary healthcare & ASHA worker deployment
F55_REC00139,2018,Sep,Uttar Pradesh,Agra,Malaria,407,High,91428,20317,121,254,773,457,NFHS,National health survey & maternal/child health data collection
F55_REC00139,2018,Sep,Uttar Pradesh,Agra,Dengue,93,High,91428,20317,121,254,773,457,NFHS,National health survey & maternal/child health data collection
F55_REC00139,2018,Sep,Uttar Pradesh,Agra,TB,87,High,91428,20317,121,254,773,457,NFHS,National health survey & maternal/child health data collection
F55_REC00140,2017,Sep,Bihar,Muzaffarpur,Malaria,483,Low,281348,62521,178,1918,776,557,Doctors For You,Emergency medical relief & rural health camps
F55_REC00140,2017,Sep,Bihar,Muzaffarpur,Dengue,285,Low,281348,62521,178,1918,776,557,Doctors For You,Emergency medical relief & rural health camps
F55_REC00140,2017,Sep,Bihar,Muzaffarpur,TB,220,Low,281348,62521,178,1918,776,557,Doctors For You,Emergency medical relief & rural health camps
F55_REC00141,2015,Jul,Karnataka,Mysuru,Malaria,228,Low,340344,75632,394,1334,1743,1464,CARE India,"Women & child nutrition, sanitation & community health"
F55_REC00141,2015,Jul,Karnataka,Mysuru,Dengue,212,Low,340344,75632,394,1334,1743,1464,CARE India,"Women & child nutrition, sanitation & community health"
F55_REC00141,2015,Jul,Karnataka,Mysuru,TB,143,Low,340344,75632,394,1334,1743,1464,CARE India,"Women & child nutrition, sanitation & community health"
F55_REC00142,2017,Jan,Maharashtra,Mumbai,Malaria,72,High,445911,99091,39,1209,971,668,WHO India,"Disease surveillance, immunization programs & policy advisory"
F55_REC00142,2017,Jan,Maharashtra,Mumbai,Dengue,62,High,445911,99091,39,1209,971,668,WHO India,"Disease surveillance, immunization programs & policy advisory"
F55_REC00142,2017,Jan,Maharashtra,Mumbai,TB,265,High,445911,99091,39,1209,971,668,WHO India,"Disease surveillance, immunization programs & policy advisory"
F55_REC00143,2018,Jun,Karnataka,Mysuru,Malaria,314,High,341658,75924,134,585,2666,616,WHO India,"Disease surveillance, immunization programs & policy advisory"
F55_REC00143,2018,Jun,Karnataka,Mysuru,Dengue,243,High,341658,75924,134,585,2666,616,WHO India,"Disease surveillance, immunization programs & policy advisory"
F55_REC00143,2018,Jun,Karnataka,Mysuru,TB,90,High,341658,75924,134,585,2666,616,WHO India,"Disease surveillance, immunization programs & policy advisory"
F55_REC00144,2015,Apr,Bihar,Gaya,Malaria,290,Medium,236917,52648,112,1959,1320,195,HMIS,Health management information systems & data monitoring
F55_REC00144,2015,Apr,Bihar,Gaya,Dengue,163,Medium,236917,52648,112,1959,1320,195,HMIS,Health management information systems & data monitoring
F55_REC00144,2015,Apr,Bihar,Gaya,TB,123,Medium,236917,52648,112,1959,1320,195,HMIS,Health management information systems & data monitoring
F55_REC00145,2017,Mar,Bihar,Gaya,Malaria,383,Medium,250556,55679,293,1448,2079,667,HMIS,Health management information systems & data monitoring
F55_REC00145,2017,Mar,Bihar,Gaya,Dengue,376,Medium,250556,55679,293,1448,2079,667,HMIS,Health management information systems & data monitoring
F55_REC00145,2017,Mar,Bihar,Gaya,TB,67,Medium,250556,55679,293,1448,2079,667,HMIS,Health management information systems & data monitoring
F55_REC00146,2016,Mar,Tamil Nadu,Coimbatore,Malaria,290,High,229348,50966,40,576,1555,845,HMIS,Health management information systems & data monitoring
F55_REC00146,2016,Mar,Tamil Nadu,Coimbatore,Dengue,224,High,229348,50966,40,576,1555,845,HMIS,Health management information systems & data monitoring
F55_REC00146,2016,Mar,Tamil Nadu,Coimbatore,TB,179,High,229348,50966,40,576,1555,845,HMIS,Health management information systems & data monitoring
F55_REC00147,2016,Jul,Karnataka,Bengaluru,Malaria,197,Low,286471,63660,175,635,348,1445,NHM,National Health Mission — primary healthcare & ASHA worker deployment
F55_REC00147,2016,Jul,Karnataka,Bengaluru,Dengue,241,Low,286471,63660,175,635,348,1445,NHM,National Health Mission — primary healthcare & ASHA worker deployment
F55_REC00147,2016,Jul,Karnataka,Bengaluru,TB,111,Low,286471,63660,175,635,348,1445,NHM,National Health Mission — primary healthcare & ASHA worker deployment
F55_REC00148,2016,Jun,Karnataka,Bengaluru,Malaria,315,Low,438382,97418,33,1740,795,1071,CARE India,"Women & child nutrition, sanitation & community health"
F55_REC00148,2016,Jun,Karnataka,Bengaluru,Dengue,278,Low,438382,97418,33,1740,795,1071,CARE India,"Women & child nutrition, sanitation & community health"
F55_REC00148,2016,Jun,Karnataka,Bengaluru,TB,88,Low,438382,97418,33,1740,795,1071,CARE India,"Women & child nutrition, sanitation & community health"
F55_REC00149,2017,Jan,Gujarat,Ahmedabad,Malaria,390,High,68101,15133,169,682,2361,460,Smile Foundation,"Mobile health units, education & livelihood for underserved communities"
F55_REC00149,2017,Jan,Gujarat,Ahmedabad,Dengue,213,High,68101,15133,169,682,2361,460,Smile Foundation,"Mobile health units, education & livelihood for underserved communities"
F55_REC00149,2017,Jan,Gujarat,Ahmedabad,TB,178,High,68101,15133,169,682,2361,460,Smile Foundation,"Mobile health units, education & livelihood for underserved communities"
F55_REC00150,2017,Sep,Bihar,Gaya,Malaria,386,Low,165320,36737,264,1118,1963,283,UNICEF India,"Child nutrition, immunization & maternal health programs"
F55_REC00150,2017,Sep,Bihar,Gaya,Dengue,320,Low,165320,36737,264,1118,1963,283,UNICEF India,"Child nutrition, immunization & maternal health programs"
F55_REC00150,2017,Sep,Bihar,Gaya,TB,233,Low,165320,36737,264,1118,1963,283,UNICEF India,"Child nutrition, immunization & maternal health programs"
F55_REC00151,2015,Sep,Maharashtra,Mumbai,Malaria,363,Medium,323839,71964,113,103,1715,954,Doctors For You,Emergency medical relief & rural health camps
F55_REC00151,2015,Sep,Maharashtra,Mumbai,Dengue,139,Medium,323839,71964,113,103,1715,954,Doctors For You,Emergency medical relief & rural health camps
F55_REC00151,2015,Sep,Maharashtra,Mumbai,TB,152,Medium,323839,71964,113,103,1715,954,Doctors For You,Emergency medical relief & rural health camps
F55_REC00152,2017,Jul,Uttar Pradesh,Varanasi,Malaria,467,Medium,173467,38548,247,263,2637,899,NFHS,National health survey & maternal/child health data collection
F55_REC00152,2017,Jul,Uttar Pradesh,Varanasi,Dengue,272,Medium,173467,38548,247,263,2637,899,NFHS,National health survey & maternal/child health data collection
F55_REC00152,2017,Jul,Uttar Pradesh,Varanasi,TB,10,Medium,173467,38548,247,263,2637,899,NFHS,National health survey & maternal/child health data collection
F55_REC00153,2017,Mar,West Bengal,Howrah,Malaria,301,Medium,143650,31922,278,1736,2435,1133,NFHS,National health survey & maternal/child health data collection
F55_REC00153,2017,Mar,West Bengal,Howrah,Dengue,320,Medium,143650,31922,278,1736,2435,1133,NFHS,National health survey & maternal/child health data collection
F55_REC00153,2017,Mar,West Bengal,Howrah,TB,87,Medium,143650,31922,278,1736,2435,1133,NFHS,National health survey & maternal/child health data collection
F55_REC00154,2015,Feb,Tamil Nadu,Coimbatore,Malaria,277,Low,403266,89614,252,822,2318,969,Smile Foundation,"Mobile health units, education & livelihood for underserved communities"
F55_REC00154,2015,Feb,Tamil Nadu,Coimbatore,Dengue,373,Low,403266,89614,252,822,2318,969,Smile Foundation,"Mobile health units, education & livelihood for underserved communities"
F55_REC00154,2015,Feb,Tamil Nadu,Coimbatore,TB,208,Low,403266,89614,252,822,2318,969,Smile Foundation,"Mobile health units, education & livelihood for underserved communities"
F55_REC00155,2016,Jun,West Bengal,Siliguri,Malaria,165,Low,405878,90195,360,680,1432,1093,NFHS,National health survey & maternal/child health data collection
F55_REC00155,2016,Jun,West Bengal,Siliguri,Dengue,127,Low,405878,90195,360,680,1432,1093,NFHS,National health survey & maternal/child health data collection
F55_REC00155,2016,Jun,West Bengal,Siliguri,TB,38,Low,405878,90195,360,680,1432,1093,NFHS,National health survey & maternal/child health data collection
F55_REC00156,2016,Jul,Karnataka,Bengaluru,Malaria,84,Low,384599,85466,48,1645,2146,557,HMIS,Health management information systems & data monitoring
F55_REC00156,2016,Jul,Karnataka,Bengaluru,Dengue,342,Low,384599,85466,48,1645,2146,557,HMIS,Health management information systems & data monitoring
F55_REC00156,2016,Jul,Karnataka,Bengaluru,TB,15,Low,384599,85466,48,1645,2146,557,HMIS,Health management information systems & data monitoring
F55_REC00157,2016,Mar,Bihar,Gaya,Malaria,299,Low,210971,46882,237,976,1832,1376,HMIS,Health management information systems & data monitoring
F55_REC00157,2016,Mar,Bihar,Gaya,Dengue,197,Low,210971,46882,237,976,1832,1376,HMIS,Health management information systems & data monitoring
F55_REC00157,2016,Mar,Bihar,Gaya,TB,186,Low,210971,46882,237,976,1832,1376,HMIS,Health management information systems & data monitoring
F55_REC00158,2015,Feb,Maharashtra,Pune,Malaria,80,High,174621,38804,328,1940,2084,222,Doctors For You,Emergency medical relief & rural health camps
F55_REC00158,2015,Feb,Maharashtra,Pune,Dengue,371,High,174621,38804,328,1940,2084,222,Doctors For You,Emergency medical relief & rural health camps
F55_REC00158,2015,Feb,Maharashtra,Pune,TB,2,High,174621,38804,328,1940,2084,222,Doctors For You,Emergency medical relief & rural health camps
F55_REC00159,2015,May,Bihar,Muzaffarpur,Malaria,82,High,231474,51438,115,1184,679,648,CARE India,"Women & child nutrition, sanitation & community health"
F55_REC00159,2015,May,Bihar,Muzaffarpur,Dengue,243,High,231474,51438,115,1184,679,648,CARE India,"Women & child nutrition, sanitation & community health"
F55_REC00159,2015,May,Bihar,Muzaffarpur,TB,258,High,231474,51438,115,1184,679,648,CARE India,"Women & child nutrition, sanitation & community health"
F55_REC00160,2015,Apr,Karnataka,Bengaluru,Malaria,443,Low,221024,49116,93,1063,2850,312,Smile Foundation,"Mobile health units, education & livelihood for underserved communities"
F55_REC00160,2015,Apr,Karnataka,Bengaluru,Dengue,303,Low,221024,49116,93,1063,2850,312,Smile Foundation,"Mobile health units, education & livelihood for underserved communities"
F55_REC00160,2015,Apr,Karnataka,Bengaluru,TB,194,Low,221024,49116,93,1063,2850,312,Smile Foundation,"Mobile health units, education & livelihood for underserved communities"
F55_REC00161,2017,Jun,West Bengal,Kolkata,Malaria,123,Low,373821,83071,117,1644,537,393,WHO India,"Disease surveillance, immunization programs & policy advisory"
F55_REC00161,2017,Jun,West Bengal,Kolkata,Dengue,9,Low,373821,83071,117,1644,537,393,WHO India,"Disease surveillance, immunization programs & policy advisory"
F55_REC00161,2017,Jun,West Bengal,Kolkata,TB,169,Low,373821,83071,117,1644,537,393,WHO India,"Disease surveillance, immunization programs & policy advisory"
F55_REC00162,2015,Jul,West Bengal,Siliguri,Malaria,343,High,138006,30668,155,901,1607,1012,Doctors For You,Emergency medical relief & rural health camps
F55_REC00162,2015,Jul,West Bengal,Siliguri,Dengue,395,High,138006,30668,155,901,1607,1012,Doctors For You,Emergency medical relief & rural health camps
F55_REC00162,2015,Jul,West Bengal,Siliguri,TB,215,High,138006,30668,155,901,1607,1012,Doctors For You,Emergency medical relief & rural health camps
F55_REC00163,2016,Feb,Uttar Pradesh,Varanasi,Malaria,109,Medium,84084,18685,280,1149,2356,433,CARE India,"Women & child nutrition, sanitation & community health"
F55_REC00163,2016,Feb,Uttar Pradesh,Varanasi,Dengue,253,Medium,84084,18685,280,1149,2356,433,CARE India,"Women & child nutrition, sanitation & community health"
F55_REC00163,2016,Feb,Uttar Pradesh,Varanasi,TB,105,Medium,84084,18685,280,1149,2356,433,CARE India,"Women & child nutrition, sanitation & community health"
F55_REC00164,2017,May,Maharashtra,Pune,Malaria,92,High,404022,89782,127,523,1001,72,UNICEF India,"Child nutrition, immunization & maternal health programs"
F55_REC00164,2017,May,Maharashtra,Pune,Dengue,291,High,404022,89782,127,523,1001,72,UNICEF India,"Child nutrition, immunization & maternal health programs"
F55_REC00164,2017,May,Maharashtra,Pune,TB,97,High,404022,89782,127,523,1001,72,UNICEF India,"Child nutrition, immunization & maternal health programs"
F55_REC00165,2016,Feb,West Bengal,Siliguri,Malaria,339,Medium,426605,94801,152,175,1553,888,NFHS,National health survey & maternal/child health data collection
F55_REC00165,2016,Feb,West Bengal,Siliguri,Dengue,91,Medium,426605,94801,152,175,1553,888,NFHS,National health survey & maternal/child health data collection
F55_REC00165,2016,Feb,West Bengal,Siliguri,TB,230,Medium,426605,94801,152,175,1553,888,NFHS,National health survey & maternal/child health data collection
F55_REC00166,2017,May,Bihar,Patna,Malaria,266,High,263882,58640,325,1065,2412,680,Doctors For You,Emergency medical relief & rural health camps
F55_REC00166,2017,May,Bihar,Patna,Dengue,75,High,263882,58640,325,1065,2412,680,Doctors For You,Emergency medical relief & rural health camps
F55_REC00166,2017,May,Bihar,Patna,TB,253,High,263882,58640,325,1065,2412,680,Doctors For You,Emergency medical relief & rural health camps
F55_REC00167,2017,May,Uttar Pradesh,Lucknow,Malaria,302,Medium,412363,91636,200,738,2503,1214,WHO India,"Disease surveillance, immunization programs & policy advisory"
F55_REC00167,2017,May,Uttar Pradesh,Lucknow,Dengue,220,Medium,412363,91636,200,738,2503,1214,WHO India,"Disease surveillance, immunization programs & policy advisory"
F55_REC00167,2017,May,Uttar Pradesh,Lucknow,TB,81,Medium,412363,91636,200,738,2503,1214,WHO India,"Disease surveillance, immunization programs & policy advisory"
F55_REC00168,2018,Mar,Gujarat,Surat,Malaria,149,Low,164521,36560,342,403,1177,194,NHM,National Health Mission — primary healthcare & ASHA worker deployment
F55_REC00168,2018,Mar,Gujarat,Surat,Dengue,377,Low,164521,36560,342,403,1177,194,NHM,National Health Mission — primary healthcare & ASHA worker deployment
F55_REC00168,2018,Mar,Gujarat,Surat,TB,131,Low,164521,36560,342,403,1177,194,NHM,National Health Mission — primary healthcare & ASHA worker deployment
F55_REC00169,2018,Jan,Uttar Pradesh,Lucknow,Malaria,436,High,50231,11162,289,1132,2986,449,CARE India,"Women & child nutrition, sanitation & community health"
F55_REC00169,2018,Jan,Uttar Pradesh,Lucknow,Dengue,1,High,50231,11162,289,1132,2986,449,CARE India,"Women & child nutrition, sanitation & community health"
F55_REC00169,2018,Jan,Uttar Pradesh,Lucknow,TB,233,High,50231,11162,289,1132,2986,449,CARE India,"Women & child nutrition, sanitation & community health"
F55_REC00170,2018,May,Karnataka,Hubli,Malaria,319,Medium,471188,104708,321,1294,1675,1496,WHO India,"Disease surveillance, immunization programs & policy advisory"
F55_REC00170,2018,May,Karnataka,Hubli,Dengue,31,Medium,471188,104708,321,1294,1675,1496,WHO India,"Disease surveillance, immunization programs & policy advisory"
F55_REC00170,2018,May,Karnataka,Hubli,TB,133,Medium,471188,104708,321,1294,1675,1496,WHO India,"Disease surveillance, immunization programs & policy advisory"
F55_REC00171,2016,Jul,Maharashtra,Mumbai,Malaria,162,Low,254043,56454,185,867,1059,360,WHO India,"Disease surveillance, immunization programs & policy advisory"
F55_REC00171,2016,Jul,Maharashtra,Mumbai,Dengue,38,Low,254043,56454,185,867,1059,360,WHO India,"Disease surveillance, immunization programs & policy advisory"
F55_REC00171,2016,Jul,Maharashtra,Mumbai,TB,207,Low,254043,56454,185,867,1059,360,WHO India,"Disease surveillance, immunization programs & policy advisory"
F55_REC00172,2015,Feb,Tamil Nadu,Chennai,Malaria,152,Low,477112,106024,345,739,1497,1214,NFHS,National health survey & maternal/child health data collection
F55_REC00172,2015,Feb,Tamil Nadu,Chennai,Dengue,174,Low,477112,106024,345,739,1497,1214,NFHS,National health survey & maternal/child health data collection
F55_REC00172,2015,Feb,Tamil Nadu,Chennai,TB,153,Low,477112,106024,345,739,1497,1214,NFHS,National health survey & maternal/child health data collection
F55_REC00173,2015,Jun,Bihar,Muzaffarpur,Malaria,43,Medium,387728,86161,208,1006,590,1228,Smile Foundation,"Mobile health units, education & livelihood for underserved communities"
F55_REC00173,2015,Jun,Bihar,Muzaffarpur,Dengue,395,Medium,387728,86161,208,1006,590,1228,Smile Foundation,"Mobile health units, education & livelihood for underserved communities"
F55_REC00173,2015,Jun,Bihar,Muzaffarpur,TB,235,Medium,387728,86161,208,1006,590,1228,Smile Foundation,"Mobile health units, education & livelihood for underserved communities"
F55_REC00174,2017,Jun,Tamil Nadu,Madurai,Malaria,133,High,380271,84504,241,1807,1482,1307,WHO India,"Disease surveillance, immunization programs & policy advisory"
F55_REC00174,2017,Jun,Tamil Nadu,Madurai,Dengue,385,High,380271,84504,241,1807,1482,1307,WHO India,"Disease surveillance, immunization programs & policy advisory"
F55_REC00174,2017,Jun,Tamil Nadu,Madurai,TB,241,High,380271,84504,241,1807,1482,1307,WHO India,"Disease surveillance, immunization programs & policy advisory"
F55_REC00175,2017,Feb,Maharashtra,Pune,Malaria,471,Medium,273915,60870,165,404,516,540,NFHS,National health survey & maternal/child health data collection
F55_REC00175,2017,Feb,Maharashtra,Pune,Dengue,173,Medium,273915,60870,165,404,516,540,NFHS,National health survey & maternal/child health data collection
F55_REC00175,2017,Feb,Maharashtra,Pune,TB,96,Medium,273915,60870,165,404,516,540,NFHS,National health survey & maternal/child health data collection
F55_REC00176,2017,Apr,West Bengal,Howrah,Malaria,218,Medium,427740,95053,349,462,1574,644,UNICEF India,"Child nutrition, immunization & maternal health programs"
F55_REC00176,2017,Apr,West Bengal,Howrah,Dengue,350,Medium,427740,95053,349,462,1574,644,UNICEF India,"Child nutrition, immunization & maternal health programs"
F55_REC00176,2017,Apr,West Bengal,Howrah,TB,99,Medium,427740,95053,349,462,1574,644,UNICEF India,"Child nutrition, immunization & maternal health programs"
F55_REC00177,2016,Apr,Tamil Nadu,Madurai,Malaria,310,Low,440627,97917,331,330,1617,877,Doctors For You,Emergency medical relief & rural health camps
F55_REC00177,2016,Apr,Tamil Nadu,Madurai,Dengue,12,Low,440627,97917,331,330,1617,877,Doctors For You,Emergency medical relief & rural health camps
F55_REC00177,2016,Apr,Tamil Nadu,Madurai,TB,18,Low,440627,97917,331,330,1617,877,Doctors For You,Emergency medical relief & rural health camps
F55_REC00178,2015,Apr,West Bengal,Kolkata,Malaria,153,Medium,63271,14060,370,1425,2114,967,Doctors For You,Emergency medical relief & rural health camps
F55_REC00178,2015,Apr,West Bengal,Kolkata,Dengue,273,Medium,63271,14060,370,1425,2114,967,Doctors For You,Emergency medical relief & rural health camps
F55_REC00178,2015,Apr,West Bengal,Kolkata,TB,65,Medium,63271,14060,370,1425,2114,967,Doctors For You,Emergency medical relief & rural health camps
F55_REC00179,2018,May,Gujarat,Ahmedabad,Malaria,91,Medium,309937,68874,160,583,2122,150,UNICEF India,"Child nutrition, immunization & maternal health programs"
F55_REC00179,2018,May,Gujarat,Ahmedabad,Dengue,215,Medium,309937,68874,160,583,2122,150,UNICEF India,"Child nutrition, immunization & maternal health programs"
F55_REC00179,2018,May,Gujarat,Ahmedabad,TB,282,Medium,309937,68874,160,583,2122,150,UNICEF India,"Child nutrition, immunization & maternal health programs"
F55_REC00180,2015,May,Bihar,Gaya,Malaria,144,Medium,325384,72307,119,644,2059,728,UNICEF India,"Child nutrition, immunization & maternal health programs"
F55_REC00180,2015,May,Bihar,Gaya,Dengue,11,Medium,325384,72307,119,644,2059,728,UNICEF India,"Child nutrition, immunization & maternal health programs"
F55_REC00180,2015,May,Bihar,Gaya,TB,70,Medium,325384,72307,119,644,2059,728,UNICEF India,"Child nutrition, immunization & maternal health programs"
F55_REC00181,2017,Feb,West Bengal,Siliguri,Malaria,300,Medium,307926,68428,122,902,2459,754,NHM,National Health Mission — primary healthcare & ASHA worker deployment
F55_REC00181,2017,Feb,West Bengal,Siliguri,Dengue,70,Medium,307926,68428,122,902,2459,754,NHM,National Health Mission — primary healthcare & ASHA worker deployment
F55_REC00181,2017,Feb,West Bengal,Siliguri,TB,147,Medium,307926,68428,122,902,2459,754,NHM,National Health Mission — primary healthcare & ASHA worker deployment
F55_REC00182,2015,Aug,West Bengal,Siliguri,Malaria,289,Medium,470895,104643,383,1518,1954,995,HMIS,Health management information systems & data monitoring
F55_REC00182,2015,Aug,West Bengal,Siliguri,Dengue,273,Medium,470895,104643,383,1518,1954,995,HMIS,Health management information systems & data monitoring
F55_REC00182,2015,Aug,West Bengal,Siliguri,TB,154,Medium,470895,104643,383,1518,1954,995,HMIS,Health management information systems & data monitoring
F55_REC00183,2017,Mar,Maharashtra,Pune,Malaria,492,Medium,71020,15782,317,1952,1813,995,HMIS,Health management information systems & data monitoring
F55_REC00183,2017,Mar,Maharashtra,Pune,Dengue,105,Medium,71020,15782,317,1952,1813,995,HMIS,Health management information systems & data monitoring
F55_REC00183,2017,Mar,Maharashtra,Pune,TB,159,Medium,71020,15782,317,1952,1813,995,HMIS,Health management information systems & data monitoring
F55_REC00184,2016,Mar,Karnataka,Hubli,Malaria,148,High,475778,105728,50,1966,2333,698,Smile Foundation,"Mobile health units, education & livelihood for underserved communities"
F55_REC00184,2016,Mar,Karnataka,Hubli,Dengue,51,High,475778,105728,50,1966,2333,698,Smile Foundation,"Mobile health units, education & livelihood for underserved communities"
F55_REC00184,2016,Mar,Karnataka,Hubli,TB,231,High,475778,105728,50,1966,2333,698,Smile Foundation,"Mobile health units, education & livelihood for underserved communities"
F55_REC00185,2018,Apr,Tamil Nadu,Chennai,Malaria,421,High,366997,81554,326,1515,2511,524,Smile Foundation,"Mobile health units, education & livelihood for underserved communities"
F55_REC00185,2018,Apr,Tamil Nadu,Chennai,Dengue,367,High,366997,81554,326,1515,2511,524,Smile Foundation,"Mobile health units, education & livelihood for underserved communities"
F55_REC00185,2018,Apr,Tamil Nadu,Chennai,TB,155,High,366997,81554,326,1515,2511,524,Smile Foundation,"Mobile health units, education & livelihood for underserved communities"
F55_REC00186,2016,Jun,Uttar Pradesh,Agra,Malaria,178,High,251963,55991,309,1049,2501,1445,WHO India,"Disease surveillance, immunization programs & policy advisory"
F55_REC00186,2016,Jun,Uttar Pradesh,Agra,Dengue,96,High,251963,55991,309,1049,2501,1445,WHO India,"Disease surveillance, immunization programs & policy advisory"
F55_REC00186,2016,Jun,Uttar Pradesh,Agra,TB,158,High,251963,55991,309,1049,2501,1445,WHO India,"Disease surveillance, immunization programs & policy advisory"
F55_REC00187,2016,Sep,Gujarat,Vadodara,Malaria,115,High,322122,71582,133,1347,362,435,WHO India,"Disease surveillance, immunization programs & policy advisory"
F55_REC00187,2016,Sep,Gujarat,Vadodara,Dengue,90,High,322122,71582,133,1347,362,435,WHO India,"Disease surveillance, immunization programs & policy advisory"
F55_REC00187,2016,Sep,Gujarat,Vadodara,TB,139,High,322122,71582,133,1347,362,435,WHO India,"Disease surveillance, immunization programs & policy advisory"
F55_REC00188,2015,Jun,Tamil Nadu,Coimbatore,Malaria,223,Medium,168283,37396,209,1086,1163,294,HMIS,Health management information systems & data monitoring
F55_REC00188,2015,Jun,Tamil Nadu,Coimbatore,Dengue,293,Medium,168283,37396,209,1086,1163,294,HMIS,Health management information systems & data monitoring
F55_REC00188,2015,Jun,Tamil Nadu,Coimbatore,TB,138,Medium,168283,37396,209,1086,1163,294,HMIS,Health management information systems & data monitoring
F55_REC00189,2015,Mar,Gujarat,Surat,Malaria,135,High,107041,23786,364,1109,684,1099,Doctors For You,Emergency medical relief & rural health camps
F55_REC00189,2015,Mar,Gujarat,Surat,Dengue,51,High,107041,23786,364,1109,684,1099,Doctors For You,Emergency medical relief & rural health camps
F55_REC00189,2015,Mar,Gujarat,Surat,TB,48,High,107041,23786,364,1109,684,1099,Doctors For You,Emergency medical relief & rural health camps
F55_REC00190,2017,Feb,West Bengal,Kolkata,Malaria,65,High,457025,101561,275,1955,601,568,UNICEF India,"Child nutrition, immunization & maternal health programs"
F55_REC00190,2017,Feb,West Bengal,Kolkata,Dengue,300,High,457025,101561,275,1955,601,568,UNICEF India,"Child nutrition, immunization & maternal health programs"
F55_REC00190,2017,Feb,West Bengal,Kolkata,TB,21,High,457025,101561,275,1955,601,568,UNICEF India,"Child nutrition, immunization & maternal health programs"
F55_REC00191,2018,Feb,West Bengal,Siliguri,Malaria,60,Medium,452003,100445,113,1765,1298,1080,WHO India,"Disease surveillance, immunization programs & policy advisory"
F55_REC00191,2018,Feb,West Bengal,Siliguri,Dengue,174,Medium,452003,100445,113,1765,1298,1080,WHO India,"Disease surveillance, immunization programs & policy advisory"
F55_REC00191,2018,Feb,West Bengal,Siliguri,TB,9,Medium,452003,100445,113,1765,1298,1080,WHO India,"Disease surveillance, immunization programs & policy advisory"
F55_REC00192,2016,Jun,Maharashtra,Nagpur,Malaria,199,Medium,421657,93701,330,1698,1124,1292,Smile Foundation,"Mobile health units, education & livelihood for underserved communities"
F55_REC00192,2016,Jun,Maharashtra,Nagpur,Dengue,311,Medium,421657,93701,330,1698,1124,1292,Smile Foundation,"Mobile health units, education & livelihood for underserved communities"
F55_REC00192,2016,Jun,Maharashtra,Nagpur,TB,142,Medium,421657,93701,330,1698,1124,1292,Smile Foundation,"Mobile health units, education & livelihood for underserved communities"
F55_REC00193,2016,Aug,Bihar,Muzaffarpur,Malaria,294,Medium,310595,69021,186,669,1451,667,HMIS,Health management information systems & data monitoring
F55_REC00193,2016,Aug,Bihar,Muzaffarpur,Dengue,332,Medium,310595,69021,186,669,1451,667,HMIS,Health management information systems & data monitoring
F55_REC00193,2016,Aug,Bihar,Muzaffarpur,TB,249,Medium,310595,69021,186,669,1451,667,HMIS,Health management information systems & data monitoring
F55_REC00194,2016,Apr,Karnataka,Bengaluru,Malaria,310,Medium,293330,65184,140,1632,1001,630,CARE India,"Women & child nutrition, sanitation & community health"
F55_REC00194,2016,Apr,Karnataka,Bengaluru,Dengue,97,Medium,293330,65184,140,1632,1001,630,CARE India,"Women & child nutrition, sanitation & community health"
F55_REC00194,2016,Apr,Karnataka,Bengaluru,TB,153,Medium,293330,65184,140,1632,1001,630,CARE India,"Women & child nutrition, sanitation & community health"
F55_REC00195,2015,Mar,Tamil Nadu,Coimbatore,Malaria,315,Medium,305959,67990,96,1012,1760,1012,NFHS,National health survey & maternal/child health data collection
F55_REC00195,2015,Mar,Tamil Nadu,Coimbatore,Dengue,388,Medium,305959,67990,96,1012,1760,1012,NFHS,National health survey & maternal/child health data collection
F55_REC00195,2015,Mar,Tamil Nadu,Coimbatore,TB,223,Medium,305959,67990,96,1012,1760,1012,NFHS,National health survey & maternal/child health data collection
F55_REC00196,2017,Mar,Maharashtra,Nagpur,Malaria,385,Low,219382,48751,189,281,2666,658,UNICEF India,"Child nutrition, immunization & maternal health programs"
F55_REC00196,2017,Mar,Maharashtra,Nagpur,Dengue,297,Low,219382,48751,189,281,2666,658,UNICEF India,"Child nutrition, immunization & maternal health programs"
F55_REC00196,2017,Mar,Maharashtra,Nagpur,TB,260,Low,219382,48751,189,281,2666,658,UNICEF India,"Child nutrition, immunization & maternal health programs"
F55_REC00197,2017,Jul,Gujarat,Ahmedabad,Malaria,326,Low,386534,85896,217,618,1235,1131,Doctors For You,Emergency medical relief & rural health camps
F55_REC00197,2017,Jul,Gujarat,Ahmedabad,Dengue,93,Low,386534,85896,217,618,1235,1131,Doctors For You,Emergency medical relief & rural health camps
F55_REC00197,2017,Jul,Gujarat,Ahmedabad,TB,268,Low,386534,85896,217,618,1235,1131,Doctors For You,Emergency medical relief & rural health camps
F55_REC00198,2018,Jul,Maharashtra,Mumbai,Malaria,331,Medium,483145,107365,288,531,1263,198,Smile Foundation,"Mobile health units, education & livelihood for underserved communities"
F55_REC00198,2018,Jul,Maharashtra,Mumbai,Dengue,302,Medium,483145,107365,288,531,1263,198,Smile Foundation,"Mobile health units, education & livelihood for underserved communities"
F55_REC00198,2018,Jul,Maharashtra,Mumbai,TB,123,Medium,483145,107365,288,531,1263,198,Smile Foundation,"Mobile health units, education & livelihood for underserved communities"
F55_REC00199,2016,Mar,West Bengal,Siliguri,Malaria,262,High,87893,19531,68,585,2005,1365,CARE India,"Women & child nutrition, sanitation & community health"
F55_REC00199,2016,Mar,West Bengal,Siliguri,Dengue,376,High,87893,19531,68,585,2005,1365,CARE India,"Women & child nutrition, sanitation & community health"
F55_REC00199,2016,Mar,West Bengal,Siliguri,TB,112,High,87893,19531,68,585,2005,1365,CARE India,"Women & child nutrition, sanitation & community health"
