NGO_ID,NGO_Name,Country,Sector,Image_Search_Link
1,Global Impact NGO 1,UK,Child Welfare,https://www.google.com/search?q=Global+Impact+NGO+1+ngo+work&tbm=isch
2,Global Impact NGO 2,UAE,Education,https://www.google.com/search?q=Global+Impact+NGO+2+ngo+work&tbm=isch
3,Global Impact NGO 3,Germany,Women Empowerment,https://www.google.com/search?q=Global+Impact+NGO+3+ngo+work&tbm=isch
4,Global Impact NGO 4,UAE,Environment,https://www.google.com/search?q=Global+Impact+NGO+4+ngo+work&tbm=isch
5,Global Impact NGO 5,UAE,Women Empowerment,https://www.google.com/search?q=Global+Impact+NGO+5+ngo+work&tbm=isch
6,Global Impact NGO 6,India,Environment,https://www.google.com/search?q=Global+Impact+NGO+6+ngo+work&tbm=isch
7,Global Impact NGO 7,Canada,Women Empowerment,https://www.google.com/search?q=Global+Impact+NGO+7+ngo+work&tbm=isch
8,Global Impact NGO 8,South Africa,Education,https://www.google.com/search?q=Global+Impact+NGO+8+ngo+work&tbm=isch
9,Global Impact NGO 9,India,Poverty Relief,https://www.google.com/search?q=Global+Impact+NGO+9+ngo+work&tbm=isch
10,Global Impact NGO 10,Brazil,Health,https://www.google.com/search?q=Global+Impact+NGO+10+ngo+work&tbm=isch
11,Global Impact NGO 11,Canada,Human Rights,https://www.google.com/search?q=Global+Impact+NGO+11+ngo+work&tbm=isch
12,Global Impact NGO 12,South Africa,Education,https://www.google.com/search?q=Global+Impact+NGO+12+ngo+work&tbm=isch
13,Global Impact NGO 13,Brazil,Education,https://www.google.com/search?q=Global+Impact+NGO+13+ngo+work&tbm=isch
14,Global Impact NGO 14,India,Women Empowerment,https://www.google.com/search?q=Global+Impact+NGO+14+ngo+work&tbm=isch
15,Global Impact NGO 15,South Africa,Poverty Relief,https://www.google.com/search?q=Global+Impact+NGO+15+ngo+work&tbm=isch
16,Global Impact NGO 16,Germany,Education,https://www.google.com/search?q=Global+Impact+NGO+16+ngo+work&tbm=isch
17,Global Impact NGO 17,South Africa,Human Rights,https://www.google.com/search?q=Global+Impact+NGO+17+ngo+work&tbm=isch
18,Global Impact NGO 18,India,Education,https://www.google.com/search?q=Global+Impact+NGO+18+ngo+work&tbm=isch
19,Global Impact NGO 19,UK,Health,https://www.google.com/search?q=Global+Impact+NGO+19+ngo+work&tbm=isch
20,Global Impact NGO 20,UAE,Health,https://www.google.com/search?q=Global+Impact+NGO+20+ngo+work&tbm=isch
21,Global Impact NGO 21,Australia,Poverty Relief,https://www.google.com/search?q=Global+Impact+NGO+21+ngo+work&tbm=isch
22,Global Impact NGO 22,Brazil,Health,https://www.google.com/search?q=Global+Impact+NGO+22+ngo+work&tbm=isch
23,Global Impact NGO 23,Germany,Child Welfare,https://www.google.com/search?q=Global+Impact+NGO+23+ngo+work&tbm=isch
24,Global Impact NGO 24,India,Education,https://www.google.com/search?q=Global+Impact+NGO+24+ngo+work&tbm=isch
25,Global Impact NGO 25,Australia,Education,https://www.google.com/search?q=Global+Impact+NGO+25+ngo+work&tbm=isch
26,Global Impact NGO 26,Kenya,Environment,https://www.google.com/search?q=Global+Impact+NGO+26+ngo+work&tbm=isch
27,Global Impact NGO 27,Brazil,Health,https://www.google.com/search?q=Global+Impact+NGO+27+ngo+work&tbm=isch
28,Global Impact NGO 28,Australia,Women Empowerment,https://www.google.com/search?q=Global+Impact+NGO+28+ngo+work&tbm=isch
29,Global Impact NGO 29,South Africa,Education,https://www.google.com/search?q=Global+Impact+NGO+29+ngo+work&tbm=isch
30,Global Impact NGO 30,Germany,Education,https://www.google.com/search?q=Global+Impact+NGO+30+ngo+work&tbm=isch
31,Global Impact NGO 31,USA,Child Welfare,https://www.google.com/search?q=Global+Impact+NGO+31+ngo+work&tbm=isch
32,Global Impact NGO 32,Canada,Health,https://www.google.com/search?q=Global+Impact+NGO+32+ngo+work&tbm=isch
33,Global Impact NGO 33,USA,Health,https://www.google.com/search?q=Global+Impact+NGO+33+ngo+work&tbm=isch
34,Global Impact NGO 34,Kenya,Child Welfare,https://www.google.com/search?q=Global+Impact+NGO+34+ngo+work&tbm=isch
35,Global Impact NGO 35,Australia,Education,https://www.google.com/search?q=Global+Impact+NGO+35+ngo+work&tbm=isch
36,Global Impact NGO 36,UK,Child Welfare,https://www.google.com/search?q=Global+Impact+NGO+36+ngo+work&tbm=isch
37,Global Impact NGO 37,USA,Poverty Relief,https://www.google.com/search?q=Global+Impact+NGO+37+ngo+work&tbm=isch
38,Global Impact NGO 38,Germany,Education,https://www.google.com/search?q=Global+Impact+NGO+38+ngo+work&tbm=isch
39,Global Impact NGO 39,Kenya,Poverty Relief,https://www.google.com/search?q=Global+Impact+NGO+39+ngo+work&tbm=isch
40,Global Impact NGO 40,Germany,Education,https://www.google.com/search?q=Global+Impact+NGO+40+ngo+work&tbm=isch
41,Global Impact NGO 41,UAE,Child Welfare,https://www.google.com/search?q=Global+Impact+NGO+41+ngo+work&tbm=isch
42,Global Impact NGO 42,Germany,Environment,https://www.google.com/search?q=Global+Impact+NGO+42+ngo+work&tbm=isch
43,Global Impact NGO 43,South Africa,Women Empowerment,https://www.google.com/search?q=Global+Impact+NGO+43+ngo+work&tbm=isch
44,Global Impact NGO 44,Canada,Education,https://www.google.com/search?q=Global+Impact+NGO+44+ngo+work&tbm=isch
45,Global Impact NGO 45,Canada,Human Rights,https://www.google.com/search?q=Global+Impact+NGO+45+ngo+work&tbm=isch
46,Global Impact NGO 46,Australia,Women Empowerment,https://www.google.com/search?q=Global+Impact+NGO+46+ngo+work&tbm=isch
47,Global Impact NGO 47,Brazil,Environment,https://www.google.com/search?q=Global+Impact+NGO+47+ngo+work&tbm=isch
48,Global Impact NGO 48,UK,Women Empowerment,https://www.google.com/search?q=Global+Impact+NGO+48+ngo+work&tbm=isch
49,Global Impact NGO 49,Germany,Poverty Relief,https://www.google.com/search?q=Global+Impact+NGO+49+ngo+work&tbm=isch
50,Global Impact NGO 50,USA,Education,https://www.google.com/search?q=Global+Impact+NGO+50+ngo+work&tbm=isch
51,Global Impact NGO 51,Australia,Child Welfare,https://www.google.com/search?q=Global+Impact+NGO+51+ngo+work&tbm=isch
52,Global Impact NGO 52,Germany,Women Empowerment,https://www.google.com/search?q=Global+Impact+NGO+52+ngo+work&tbm=isch
53,Global Impact NGO 53,Brazil,Environment,https://www.google.com/search?q=Global+Impact+NGO+53+ngo+work&tbm=isch
54,Global Impact NGO 54,Germany,Education,https://www.google.com/search?q=Global+Impact+NGO+54+ngo+work&tbm=isch
55,Global Impact NGO 55,USA,Women Empowerment,https://www.google.com/search?q=Global+Impact+NGO+55+ngo+work&tbm=isch
56,Global Impact NGO 56,UAE,Women Empowerment,https://www.google.com/search?q=Global+Impact+NGO+56+ngo+work&tbm=isch
57,Global Impact NGO 57,Canada,Women Empowerment,https://www.google.com/search?q=Global+Impact+NGO+57+ngo+work&tbm=isch
58,Global Impact NGO 58,Australia,Child Welfare,https://www.google.com/search?q=Global+Impact+NGO+58+ngo+work&tbm=isch
59,Global Impact NGO 59,USA,Human Rights,https://www.google.com/search?q=Global+Impact+NGO+59+ngo+work&tbm=isch
60,Global Impact NGO 60,UK,Poverty Relief,https://www.google.com/search?q=Global+Impact+NGO+60+ngo+work&tbm=isch
61,Global Impact NGO 61,Kenya,Child Welfare,https://www.google.com/search?q=Global+Impact+NGO+61+ngo+work&tbm=isch
62,Global Impact NGO 62,Canada,Women Empowerment,https://www.google.com/search?q=Global+Impact+NGO+62+ngo+work&tbm=isch
63,Global Impact NGO 63,India,Environment,https://www.google.com/search?q=Global+Impact+NGO+63+ngo+work&tbm=isch
64,Global Impact NGO 64,USA,Environment,https://www.google.com/search?q=Global+Impact+NGO+64+ngo+work&tbm=isch
65,Global Impact NGO 65,India,Health,https://www.google.com/search?q=Global+Impact+NGO+65+ngo+work&tbm=isch
66,Global Impact NGO 66,Kenya,Environment,https://www.google.com/search?q=Global+Impact+NGO+66+ngo+work&tbm=isch
67,Global Impact NGO 67,Germany,Child Welfare,https://www.google.com/search?q=Global+Impact+NGO+67+ngo+work&tbm=isch
68,Global Impact NGO 68,Canada,Human Rights,https://www.google.com/search?q=Global+Impact+NGO+68+ngo+work&tbm=isch
69,Global Impact NGO 69,Germany,Child Welfare,https://www.google.com/search?q=Global+Impact+NGO+69+ngo+work&tbm=isch
70,Global Impact NGO 70,South Africa,Poverty Relief,https://www.google.com/search?q=Global+Impact+NGO+70+ngo+work&tbm=isch
71,Global Impact NGO 71,Canada,Poverty Relief,https://www.google.com/search?q=Global+Impact+NGO+71+ngo+work&tbm=isch
72,Global Impact NGO 72,UK,Human Rights,https://www.google.com/search?q=Global+Impact+NGO+72+ngo+work&tbm=isch
73,Global Impact NGO 73,India,Human Rights,https://www.google.com/search?q=Global+Impact+NGO+73+ngo+work&tbm=isch
74,Global Impact NGO 74,Germany,Health,https://www.google.com/search?q=Global+Impact+NGO+74+ngo+work&tbm=isch
75,Global Impact NGO 75,Australia,Child Welfare,https://www.google.com/search?q=Global+Impact+NGO+75+ngo+work&tbm=isch
76,Global Impact NGO 76,Germany,Education,https://www.google.com/search?q=Global+Impact+NGO+76+ngo+work&tbm=isch
77,Global Impact NGO 77,Kenya,Human Rights,https://www.google.com/search?q=Global+Impact+NGO+77+ngo+work&tbm=isch
78,Global Impact NGO 78,South Africa,Human Rights,https://www.google.com/search?q=Global+Impact+NGO+78+ngo+work&tbm=isch
79,Global Impact NGO 79,South Africa,Environment,https://www.google.com/search?q=Global+Impact+NGO+79+ngo+work&tbm=isch
80,Global Impact NGO 80,UAE,Education,https://www.google.com/search?q=Global+Impact+NGO+80+ngo+work&tbm=isch
81,Global Impact NGO 81,Germany,Women Empowerment,https://www.google.com/search?q=Global+Impact+NGO+81+ngo+work&tbm=isch
82,Global Impact NGO 82,South Africa,Education,https://www.google.com/search?q=Global+Impact+NGO+82+ngo+work&tbm=isch
83,Global Impact NGO 83,Australia,Child Welfare,https://www.google.com/search?q=Global+Impact+NGO+83+ngo+work&tbm=isch
84,Global Impact NGO 84,UK,Education,https://www.google.com/search?q=Global+Impact+NGO+84+ngo+work&tbm=isch
85,Global Impact NGO 85,Kenya,Environment,https://www.google.com/search?q=Global+Impact+NGO+85+ngo+work&tbm=isch
86,Global Impact NGO 86,Canada,Human Rights,https://www.google.com/search?q=Global+Impact+NGO+86+ngo+work&tbm=isch
87,Global Impact NGO 87,Germany,Human Rights,https://www.google.com/search?q=Global+Impact+NGO+87+ngo+work&tbm=isch
88,Global Impact NGO 88,Brazil,Education,https://www.google.com/search?q=Global+Impact+NGO+88+ngo+work&tbm=isch
89,Global Impact NGO 89,Germany,Women Empowerment,https://www.google.com/search?q=Global+Impact+NGO+89+ngo+work&tbm=isch
90,Global Impact NGO 90,USA,Education,https://www.google.com/search?q=Global+Impact+NGO+90+ngo+work&tbm=isch
91,Global Impact NGO 91,Germany,Health,https://www.google.com/search?q=Global+Impact+NGO+91+ngo+work&tbm=isch
92,Global Impact NGO 92,Kenya,Health,https://www.google.com/search?q=Global+Impact+NGO+92+ngo+work&tbm=isch
93,Global Impact NGO 93,Kenya,Poverty Relief,https://www.google.com/search?q=Global+Impact+NGO+93+ngo+work&tbm=isch
94,Global Impact NGO 94,Kenya,Health,https://www.google.com/search?q=Global+Impact+NGO+94+ngo+work&tbm=isch
95,Global Impact NGO 95,Germany,Human Rights,https://www.google.com/search?q=Global+Impact+NGO+95+ngo+work&tbm=isch
96,Global Impact NGO 96,South Africa,Education,https://www.google.com/search?q=Global+Impact+NGO+96+ngo+work&tbm=isch
97,Global Impact NGO 97,USA,Education,https://www.google.com/search?q=Global+Impact+NGO+97+ngo+work&tbm=isch
98,Global Impact NGO 98,Australia,Education,https://www.google.com/search?q=Global+Impact+NGO+98+ngo+work&tbm=isch
99,Global Impact NGO 99,South Africa,Health,https://www.google.com/search?q=Global+Impact+NGO+99+ngo+work&tbm=isch
100,Global Impact NGO 100,UK,Poverty Relief,https://www.google.com/search?q=Global+Impact+NGO+100+ngo+work&tbm=isch
101,Global Impact NGO 101,Brazil,Health,https://www.google.com/search?q=Global+Impact+NGO+101+ngo+work&tbm=isch
102,Global Impact NGO 102,South Africa,Child Welfare,https://www.google.com/search?q=Global+Impact+NGO+102+ngo+work&tbm=isch
103,Global Impact NGO 103,India,Human Rights,https://www.google.com/search?q=Global+Impact+NGO+103+ngo+work&tbm=isch
104,Global Impact NGO 104,Germany,Health,https://www.google.com/search?q=Global+Impact+NGO+104+ngo+work&tbm=isch
105,Global Impact NGO 105,India,Health,https://www.google.com/search?q=Global+Impact+NGO+105+ngo+work&tbm=isch
106,Global Impact NGO 106,USA,Women Empowerment,https://www.google.com/search?q=Global+Impact+NGO+106+ngo+work&tbm=isch
107,Global Impact NGO 107,Kenya,Women Empowerment,https://www.google.com/search?q=Global+Impact+NGO+107+ngo+work&tbm=isch
108,Global Impact NGO 108,Germany,Health,https://www.google.com/search?q=Global+Impact+NGO+108+ngo+work&tbm=isch
109,Global Impact NGO 109,Canada,Education,https://www.google.com/search?q=Global+Impact+NGO+109+ngo+work&tbm=isch
110,Global Impact NGO 110,South Africa,Women Empowerment,https://www.google.com/search?q=Global+Impact+NGO+110+ngo+work&tbm=isch
111,Global Impact NGO 111,Canada,Child Welfare,https://www.google.com/search?q=Global+Impact+NGO+111+ngo+work&tbm=isch
112,Global Impact NGO 112,Canada,Poverty Relief,https://www.google.com/search?q=Global+Impact+NGO+112+ngo+work&tbm=isch
113,Global Impact NGO 113,UK,Human Rights,https://www.google.com/search?q=Global+Impact+NGO+113+ngo+work&tbm=isch
114,Global Impact NGO 114,UK,Health,https://www.google.com/search?q=Global+Impact+NGO+114+ngo+work&tbm=isch
115,Global Impact NGO 115,UK,Education,https://www.google.com/search?q=Global+Impact+NGO+115+ngo+work&tbm=isch
116,Global Impact NGO 116,India,Human Rights,https://www.google.com/search?q=Global+Impact+NGO+116+ngo+work&tbm=isch
117,Global Impact NGO 117,South Africa,Child Welfare,https://www.google.com/search?q=Global+Impact+NGO+117+ngo+work&tbm=isch
118,Global Impact NGO 118,Canada,Women Empowerment,https://www.google.com/search?q=Global+Impact+NGO+118+ngo+work&tbm=isch
119,Global Impact NGO 119,Canada,Child Welfare,https://www.google.com/search?q=Global+Impact+NGO+119+ngo+work&tbm=isch
120,Global Impact NGO 120,Brazil,Women Empowerment,https://www.google.com/search?q=Global+Impact+NGO+120+ngo+work&tbm=isch
121,Global Impact NGO 121,South Africa,Child Welfare,https://www.google.com/search?q=Global+Impact+NGO+121+ngo+work&tbm=isch
122,Global Impact NGO 122,UAE,Child Welfare,https://www.google.com/search?q=Global+Impact+NGO+122+ngo+work&tbm=isch
123,Global Impact NGO 123,USA,Poverty Relief,https://www.google.com/search?q=Global+Impact+NGO+123+ngo+work&tbm=isch
124,Global Impact NGO 124,USA,Environment,https://www.google.com/search?q=Global+Impact+NGO+124+ngo+work&tbm=isch
125,Global Impact NGO 125,South Africa,Environment,https://www.google.com/search?q=Global+Impact+NGO+125+ngo+work&tbm=isch
126,Global Impact NGO 126,UK,Women Empowerment,https://www.google.com/search?q=Global+Impact+NGO+126+ngo+work&tbm=isch
127,Global Impact NGO 127,USA,Environment,https://www.google.com/search?q=Global+Impact+NGO+127+ngo+work&tbm=isch
128,Global Impact NGO 128,India,Environment,https://www.google.com/search?q=Global+Impact+NGO+128+ngo+work&tbm=isch
129,Global Impact NGO 129,Australia,Health,https://www.google.com/search?q=Global+Impact+NGO+129+ngo+work&tbm=isch
130,Global Impact NGO 130,India,Human Rights,https://www.google.com/search?q=Global+Impact+NGO+130+ngo+work&tbm=isch
131,Global Impact NGO 131,South Africa,Education,https://www.google.com/search?q=Global+Impact+NGO+131+ngo+work&tbm=isch
132,Global Impact NGO 132,Canada,Health,https://www.google.com/search?q=Global+Impact+NGO+132+ngo+work&tbm=isch
133,Global Impact NGO 133,South Africa,Human Rights,https://www.google.com/search?q=Global+Impact+NGO+133+ngo+work&tbm=isch
134,Global Impact NGO 134,UK,Poverty Relief,https://www.google.com/search?q=Global+Impact+NGO+134+ngo+work&tbm=isch
135,Global Impact NGO 135,Australia,Poverty Relief,https://www.google.com/search?q=Global+Impact+NGO+135+ngo+work&tbm=isch
136,Global Impact NGO 136,India,Women Empowerment,https://www.google.com/search?q=Global+Impact+NGO+136+ngo+work&tbm=isch
137,Global Impact NGO 137,South Africa,Child Welfare,https://www.google.com/search?q=Global+Impact+NGO+137+ngo+work&tbm=isch
138,Global Impact NGO 138,UK,Women Empowerment,https://www.google.com/search?q=Global+Impact+NGO+138+ngo+work&tbm=isch
139,Global Impact NGO 139,UK,Health,https://www.google.com/search?q=Global+Impact+NGO+139+ngo+work&tbm=isch
140,Global Impact NGO 140,UAE,Health,https://www.google.com/search?q=Global+Impact+NGO+140+ngo+work&tbm=isch
141,Global Impact NGO 141,Canada,Women Empowerment,https://www.google.com/search?q=Global+Impact+NGO+141+ngo+work&tbm=isch
142,Global Impact NGO 142,Germany,Women Empowerment,https://www.google.com/search?q=Global+Impact+NGO+142+ngo+work&tbm=isch
143,Global Impact NGO 143,India,Poverty Relief,https://www.google.com/search?q=Global+Impact+NGO+143+ngo+work&tbm=isch
144,Global Impact NGO 144,UAE,Health,https://www.google.com/search?q=Global+Impact+NGO+144+ngo+work&tbm=isch
145,Global Impact NGO 145,Germany,Women Empowerment,https://www.google.com/search?q=Global+Impact+NGO+145+ngo+work&tbm=isch
146,Global Impact NGO 146,UK,Poverty Relief,https://www.google.com/search?q=Global+Impact+NGO+146+ngo+work&tbm=isch
147,Global Impact NGO 147,South Africa,Child Welfare,https://www.google.com/search?q=Global+Impact+NGO+147+ngo+work&tbm=isch
148,Global Impact NGO 148,UAE,Environment,https://www.google.com/search?q=Global+Impact+NGO+148+ngo+work&tbm=isch
149,Global Impact NGO 149,Brazil,Poverty Relief,https://www.google.com/search?q=Global+Impact+NGO+149+ngo+work&tbm=isch
150,Global Impact NGO 150,USA,Women Empowerment,https://www.google.com/search?q=Global+Impact+NGO+150+ngo+work&tbm=isch
151,Global Impact NGO 151,Kenya,Human Rights,https://www.google.com/search?q=Global+Impact+NGO+151+ngo+work&tbm=isch
152,Global Impact NGO 152,USA,Human Rights,https://www.google.com/search?q=Global+Impact+NGO+152+ngo+work&tbm=isch
153,Global Impact NGO 153,Brazil,Child Welfare,https://www.google.com/search?q=Global+Impact+NGO+153+ngo+work&tbm=isch
154,Global Impact NGO 154,India,Education,https://www.google.com/search?q=Global+Impact+NGO+154+ngo+work&tbm=isch
155,Global Impact NGO 155,Germany,Environment,https://www.google.com/search?q=Global+Impact+NGO+155+ngo+work&tbm=isch
156,Global Impact NGO 156,Brazil,Poverty Relief,https://www.google.com/search?q=Global+Impact+NGO+156+ngo+work&tbm=isch
157,Global Impact NGO 157,Germany,Education,https://www.google.com/search?q=Global+Impact+NGO+157+ngo+work&tbm=isch
158,Global Impact NGO 158,Brazil,Women Empowerment,https://www.google.com/search?q=Global+Impact+NGO+158+ngo+work&tbm=isch
159,Global Impact NGO 159,USA,Health,https://www.google.com/search?q=Global+Impact+NGO+159+ngo+work&tbm=isch
160,Global Impact NGO 160,India,Education,https://www.google.com/search?q=Global+Impact+NGO+160+ngo+work&tbm=isch
161,Global Impact NGO 161,UK,Education,https://www.google.com/search?q=Global+Impact+NGO+161+ngo+work&tbm=isch
162,Global Impact NGO 162,Germany,Human Rights,https://www.google.com/search?q=Global+Impact+NGO+162+ngo+work&tbm=isch
163,Global Impact NGO 163,Kenya,Poverty Relief,https://www.google.com/search?q=Global+Impact+NGO+163+ngo+work&tbm=isch
164,Global Impact NGO 164,Germany,Women Empowerment,https://www.google.com/search?q=Global+Impact+NGO+164+ngo+work&tbm=isch
165,Global Impact NGO 165,Brazil,Women Empowerment,https://www.google.com/search?q=Global+Impact+NGO+165+ngo+work&tbm=isch
166,Global Impact NGO 166,Australia,Women Empowerment,https://www.google.com/search?q=Global+Impact+NGO+166+ngo+work&tbm=isch
167,Global Impact NGO 167,USA,Poverty Relief,https://www.google.com/search?q=Global+Impact+NGO+167+ngo+work&tbm=isch
168,Global Impact NGO 168,Germany,Child Welfare,https://www.google.com/search?q=Global+Impact+NGO+168+ngo+work&tbm=isch
169,Global Impact NGO 169,Kenya,Women Empowerment,https://www.google.com/search?q=Global+Impact+NGO+169+ngo+work&tbm=isch
170,Global Impact NGO 170,Australia,Education,https://www.google.com/search?q=Global+Impact+NGO+170+ngo+work&tbm=isch
171,Global Impact NGO 171,Brazil,Environment,https://www.google.com/search?q=Global+Impact+NGO+171+ngo+work&tbm=isch
172,Global Impact NGO 172,USA,Human Rights,https://www.google.com/search?q=Global+Impact+NGO+172+ngo+work&tbm=isch
173,Global Impact NGO 173,UK,Environment,https://www.google.com/search?q=Global+Impact+NGO+173+ngo+work&tbm=isch
174,Global Impact NGO 174,India,Health,https://www.google.com/search?q=Global+Impact+NGO+174+ngo+work&tbm=isch
175,Global Impact NGO 175,South Africa,Environment,https://www.google.com/search?q=Global+Impact+NGO+175+ngo+work&tbm=isch
176,Global Impact NGO 176,Germany,Education,https://www.google.com/search?q=Global+Impact+NGO+176+ngo+work&tbm=isch
177,Global Impact NGO 177,Germany,Women Empowerment,https://www.google.com/search?q=Global+Impact+NGO+177+ngo+work&tbm=isch
178,Global Impact NGO 178,UK,Child Welfare,https://www.google.com/search?q=Global+Impact+NGO+178+ngo+work&tbm=isch
179,Global Impact NGO 179,UK,Women Empowerment,https://www.google.com/search?q=Global+Impact+NGO+179+ngo+work&tbm=isch
180,Global Impact NGO 180,Germany,Child Welfare,https://www.google.com/search?q=Global+Impact+NGO+180+ngo+work&tbm=isch
181,Global Impact NGO 181,Brazil,Human Rights,https://www.google.com/search?q=Global+Impact+NGO+181+ngo+work&tbm=isch
182,Global Impact NGO 182,India,Education,https://www.google.com/search?q=Global+Impact+NGO+182+ngo+work&tbm=isch
183,Global Impact NGO 183,Germany,Poverty Relief,https://www.google.com/search?q=Global+Impact+NGO+183+ngo+work&tbm=isch
184,Global Impact NGO 184,USA,Human Rights,https://www.google.com/search?q=Global+Impact+NGO+184+ngo+work&tbm=isch
185,Global Impact NGO 185,India,Child Welfare,https://www.google.com/search?q=Global+Impact+NGO+185+ngo+work&tbm=isch
186,Global Impact NGO 186,India,Human Rights,https://www.google.com/search?q=Global+Impact+NGO+186+ngo+work&tbm=isch
187,Global Impact NGO 187,Canada,Education,https://www.google.com/search?q=Global+Impact+NGO+187+ngo+work&tbm=isch
188,Global Impact NGO 188,Canada,Education,https://www.google.com/search?q=Global+Impact+NGO+188+ngo+work&tbm=isch
189,Global Impact NGO 189,Brazil,Human Rights,https://www.google.com/search?q=Global+Impact+NGO+189+ngo+work&tbm=isch
190,Global Impact NGO 190,UAE,Education,https://www.google.com/search?q=Global+Impact+NGO+190+ngo+work&tbm=isch
191,Global Impact NGO 191,UAE,Poverty Relief,https://www.google.com/search?q=Global+Impact+NGO+191+ngo+work&tbm=isch
192,Global Impact NGO 192,Canada,Women Empowerment,https://www.google.com/search?q=Global+Impact+NGO+192+ngo+work&tbm=isch
193,Global Impact NGO 193,Australia,Environment,https://www.google.com/search?q=Global+Impact+NGO+193+ngo+work&tbm=isch
194,Global Impact NGO 194,Australia,Women Empowerment,https://www.google.com/search?q=Global+Impact+NGO+194+ngo+work&tbm=isch
195,Global Impact NGO 195,Canada,Education,https://www.google.com/search?q=Global+Impact+NGO+195+ngo+work&tbm=isch
196,Global Impact NGO 196,Canada,Education,https://www.google.com/search?q=Global+Impact+NGO+196+ngo+work&tbm=isch
197,Global Impact NGO 197,USA,Education,https://www.google.com/search?q=Global+Impact+NGO+197+ngo+work&tbm=isch
198,Global Impact NGO 198,Germany,Women Empowerment,https://www.google.com/search?q=Global+Impact+NGO+198+ngo+work&tbm=isch
199,Global Impact NGO 199,Canada,Education,https://www.google.com/search?q=Global+Impact+NGO+199+ngo+work&tbm=isch
200,Global Impact NGO 200,Australia,Poverty Relief,https://www.google.com/search?q=Global+Impact+NGO+200+ngo+work&tbm=isch
201,Global Impact NGO 201,USA,Women Empowerment,https://www.google.com/search?q=Global+Impact+NGO+201+ngo+work&tbm=isch
202,Global Impact NGO 202,India,Environment,https://www.google.com/search?q=Global+Impact+NGO+202+ngo+work&tbm=isch
203,Global Impact NGO 203,South Africa,Child Welfare,https://www.google.com/search?q=Global+Impact+NGO+203+ngo+work&tbm=isch
204,Global Impact NGO 204,UK,Health,https://www.google.com/search?q=Global+Impact+NGO+204+ngo+work&tbm=isch
205,Global Impact NGO 205,Germany,Education,https://www.google.com/search?q=Global+Impact+NGO+205+ngo+work&tbm=isch
206,Global Impact NGO 206,Germany,Child Welfare,https://www.google.com/search?q=Global+Impact+NGO+206+ngo+work&tbm=isch
207,Global Impact NGO 207,South Africa,Environment,https://www.google.com/search?q=Global+Impact+NGO+207+ngo+work&tbm=isch
208,Global Impact NGO 208,UAE,Human Rights,https://www.google.com/search?q=Global+Impact+NGO+208+ngo+work&tbm=isch
209,Global Impact NGO 209,Brazil,Women Empowerment,https://www.google.com/search?q=Global+Impact+NGO+209+ngo+work&tbm=isch
210,Global Impact NGO 210,Germany,Human Rights,https://www.google.com/search?q=Global+Impact+NGO+210+ngo+work&tbm=isch
211,Global Impact NGO 211,Brazil,Environment,https://www.google.com/search?q=Global+Impact+NGO+211+ngo+work&tbm=isch
212,Global Impact NGO 212,UAE,Environment,https://www.google.com/search?q=Global+Impact+NGO+212+ngo+work&tbm=isch
213,Global Impact NGO 213,India,Environment,https://www.google.com/search?q=Global+Impact+NGO+213+ngo+work&tbm=isch
214,Global Impact NGO 214,Australia,Women Empowerment,https://www.google.com/search?q=Global+Impact+NGO+214+ngo+work&tbm=isch
215,Global Impact NGO 215,Kenya,Women Empowerment,https://www.google.com/search?q=Global+Impact+NGO+215+ngo+work&tbm=isch
216,Global Impact NGO 216,South Africa,Child Welfare,https://www.google.com/search?q=Global+Impact+NGO+216+ngo+work&tbm=isch
217,Global Impact NGO 217,Brazil,Human Rights,https://www.google.com/search?q=Global+Impact+NGO+217+ngo+work&tbm=isch
218,Global Impact NGO 218,Canada,Education,https://www.google.com/search?q=Global+Impact+NGO+218+ngo+work&tbm=isch
219,Global Impact NGO 219,Australia,Child Welfare,https://www.google.com/search?q=Global+Impact+NGO+219+ngo+work&tbm=isch
220,Global Impact NGO 220,Australia,Child Welfare,https://www.google.com/search?q=Global+Impact+NGO+220+ngo+work&tbm=isch
221,Global Impact NGO 221,India,Human Rights,https://www.google.com/search?q=Global+Impact+NGO+221+ngo+work&tbm=isch
222,Global Impact NGO 222,Kenya,Health,https://www.google.com/search?q=Global+Impact+NGO+222+ngo+work&tbm=isch
223,Global Impact NGO 223,USA,Human Rights,https://www.google.com/search?q=Global+Impact+NGO+223+ngo+work&tbm=isch
224,Global Impact NGO 224,Australia,Human Rights,https://www.google.com/search?q=Global+Impact+NGO+224+ngo+work&tbm=isch
225,Global Impact NGO 225,Australia,Women Empowerment,https://www.google.com/search?q=Global+Impact+NGO+225+ngo+work&tbm=isch
226,Global Impact NGO 226,Brazil,Environment,https://www.google.com/search?q=Global+Impact+NGO+226+ngo+work&tbm=isch
227,Global Impact NGO 227,Canada,Environment,https://www.google.com/search?q=Global+Impact+NGO+227+ngo+work&tbm=isch
228,Global Impact NGO 228,India,Women Empowerment,https://www.google.com/search?q=Global+Impact+NGO+228+ngo+work&tbm=isch
229,Global Impact NGO 229,UAE,Human Rights,https://www.google.com/search?q=Global+Impact+NGO+229+ngo+work&tbm=isch
230,Global Impact NGO 230,India,Health,https://www.google.com/search?q=Global+Impact+NGO+230+ngo+work&tbm=isch
231,Global Impact NGO 231,Kenya,Poverty Relief,https://www.google.com/search?q=Global+Impact+NGO+231+ngo+work&tbm=isch
232,Global Impact NGO 232,UK,Health,https://www.google.com/search?q=Global+Impact+NGO+232+ngo+work&tbm=isch
233,Global Impact NGO 233,Australia,Environment,https://www.google.com/search?q=Global+Impact+NGO+233+ngo+work&tbm=isch
234,Global Impact NGO 234,UK,Human Rights,https://www.google.com/search?q=Global+Impact+NGO+234+ngo+work&tbm=isch
235,Global Impact NGO 235,UK,Environment,https://www.google.com/search?q=Global+Impact+NGO+235+ngo+work&tbm=isch
236,Global Impact NGO 236,UAE,Child Welfare,https://www.google.com/search?q=Global+Impact+NGO+236+ngo+work&tbm=isch
237,Global Impact NGO 237,Kenya,Health,https://www.google.com/search?q=Global+Impact+NGO+237+ngo+work&tbm=isch
238,Global Impact NGO 238,Kenya,Environment,https://www.google.com/search?q=Global+Impact+NGO+238+ngo+work&tbm=isch
239,Global Impact NGO 239,USA,Child Welfare,https://www.google.com/search?q=Global+Impact+NGO+239+ngo+work&tbm=isch
240,Global Impact NGO 240,South Africa,Human Rights,https://www.google.com/search?q=Global+Impact+NGO+240+ngo+work&tbm=isch
241,Global Impact NGO 241,Australia,Education,https://www.google.com/search?q=Global+Impact+NGO+241+ngo+work&tbm=isch
242,Global Impact NGO 242,UK,Environment,https://www.google.com/search?q=Global+Impact+NGO+242+ngo+work&tbm=isch
243,Global Impact NGO 243,Canada,Environment,https://www.google.com/search?q=Global+Impact+NGO+243+ngo+work&tbm=isch
244,Global Impact NGO 244,UAE,Child Welfare,https://www.google.com/search?q=Global+Impact+NGO+244+ngo+work&tbm=isch
245,Global Impact NGO 245,UAE,Health,https://www.google.com/search?q=Global+Impact+NGO+245+ngo+work&tbm=isch
246,Global Impact NGO 246,USA,Health,https://www.google.com/search?q=Global+Impact+NGO+246+ngo+work&tbm=isch
247,Global Impact NGO 247,Kenya,Child Welfare,https://www.google.com/search?q=Global+Impact+NGO+247+ngo+work&tbm=isch
248,Global Impact NGO 248,Germany,Environment,https://www.google.com/search?q=Global+Impact+NGO+248+ngo+work&tbm=isch
249,Global Impact NGO 249,Canada,Women Empowerment,https://www.google.com/search?q=Global+Impact+NGO+249+ngo+work&tbm=isch
250,Global Impact NGO 250,UK,Environment,https://www.google.com/search?q=Global+Impact+NGO+250+ngo+work&tbm=isch
251,Global Impact NGO 251,USA,Environment,https://www.google.com/search?q=Global+Impact+NGO+251+ngo+work&tbm=isch
252,Global Impact NGO 252,UK,Education,https://www.google.com/search?q=Global+Impact+NGO+252+ngo+work&tbm=isch
253,Global Impact NGO 253,Brazil,Women Empowerment,https://www.google.com/search?q=Global+Impact+NGO+253+ngo+work&tbm=isch
254,Global Impact NGO 254,Australia,Women Empowerment,https://www.google.com/search?q=Global+Impact+NGO+254+ngo+work&tbm=isch
255,Global Impact NGO 255,Canada,Environment,https://www.google.com/search?q=Global+Impact+NGO+255+ngo+work&tbm=isch
256,Global Impact NGO 256,Germany,Human Rights,https://www.google.com/search?q=Global+Impact+NGO+256+ngo+work&tbm=isch
257,Global Impact NGO 257,Canada,Human Rights,https://www.google.com/search?q=Global+Impact+NGO+257+ngo+work&tbm=isch
258,Global Impact NGO 258,India,Women Empowerment,https://www.google.com/search?q=Global+Impact+NGO+258+ngo+work&tbm=isch
259,Global Impact NGO 259,Brazil,Human Rights,https://www.google.com/search?q=Global+Impact+NGO+259+ngo+work&tbm=isch
260,Global Impact NGO 260,South Africa,Education,https://www.google.com/search?q=Global+Impact+NGO+260+ngo+work&tbm=isch
261,Global Impact NGO 261,South Africa,Health,https://www.google.com/search?q=Global+Impact+NGO+261+ngo+work&tbm=isch
262,Global Impact NGO 262,South Africa,Women Empowerment,https://www.google.com/search?q=Global+Impact+NGO+262+ngo+work&tbm=isch
263,Global Impact NGO 263,Canada,Environment,https://www.google.com/search?q=Global+Impact+NGO+263+ngo+work&tbm=isch
264,Global Impact NGO 264,India,Poverty Relief,https://www.google.com/search?q=Global+Impact+NGO+264+ngo+work&tbm=isch
265,Global Impact NGO 265,Kenya,Education,https://www.google.com/search?q=Global+Impact+NGO+265+ngo+work&tbm=isch
266,Global Impact NGO 266,UK,Child Welfare,https://www.google.com/search?q=Global+Impact+NGO+266+ngo+work&tbm=isch
267,Global Impact NGO 267,Kenya,Health,https://www.google.com/search?q=Global+Impact+NGO+267+ngo+work&tbm=isch
268,Global Impact NGO 268,Brazil,Human Rights,https://www.google.com/search?q=Global+Impact+NGO+268+ngo+work&tbm=isch
269,Global Impact NGO 269,Brazil,Women Empowerment,https://www.google.com/search?q=Global+Impact+NGO+269+ngo+work&tbm=isch
270,Global Impact NGO 270,Australia,Environment,https://www.google.com/search?q=Global+Impact+NGO+270+ngo+work&tbm=isch
271,Global Impact NGO 271,UAE,Child Welfare,https://www.google.com/search?q=Global+Impact+NGO+271+ngo+work&tbm=isch
272,Global Impact NGO 272,Kenya,Women Empowerment,https://www.google.com/search?q=Global+Impact+NGO+272+ngo+work&tbm=isch
273,Global Impact NGO 273,South Africa,Poverty Relief,https://www.google.com/search?q=Global+Impact+NGO+273+ngo+work&tbm=isch
274,Global Impact NGO 274,UAE,Environment,https://www.google.com/search?q=Global+Impact+NGO+274+ngo+work&tbm=isch
275,Global Impact NGO 275,Canada,Poverty Relief,https://www.google.com/search?q=Global+Impact+NGO+275+ngo+work&tbm=isch
276,Global Impact NGO 276,India,Health,https://www.google.com/search?q=Global+Impact+NGO+276+ngo+work&tbm=isch
277,Global Impact NGO 277,UK,Child Welfare,https://www.google.com/search?q=Global+Impact+NGO+277+ngo+work&tbm=isch
278,Global Impact NGO 278,UAE,Human Rights,https://www.google.com/search?q=Global+Impact+NGO+278+ngo+work&tbm=isch
279,Global Impact NGO 279,UK,Child Welfare,https://www.google.com/search?q=Global+Impact+NGO+279+ngo+work&tbm=isch
280,Global Impact NGO 280,UAE,Women Empowerment,https://www.google.com/search?q=Global+Impact+NGO+280+ngo+work&tbm=isch
281,Global Impact NGO 281,Brazil,Child Welfare,https://www.google.com/search?q=Global+Impact+NGO+281+ngo+work&tbm=isch
282,Global Impact NGO 282,UAE,Child Welfare,https://www.google.com/search?q=Global+Impact+NGO+282+ngo+work&tbm=isch
283,Global Impact NGO 283,India,Health,https://www.google.com/search?q=Global+Impact+NGO+283+ngo+work&tbm=isch
284,Global Impact NGO 284,Germany,Women Empowerment,https://www.google.com/search?q=Global+Impact+NGO+284+ngo+work&tbm=isch
285,Global Impact NGO 285,South Africa,Child Welfare,https://www.google.com/search?q=Global+Impact+NGO+285+ngo+work&tbm=isch
286,Global Impact NGO 286,Canada,Education,https://www.google.com/search?q=Global+Impact+NGO+286+ngo+work&tbm=isch
287,Global Impact NGO 287,Germany,Environment,https://www.google.com/search?q=Global+Impact+NGO+287+ngo+work&tbm=isch
288,Global Impact NGO 288,Australia,Education,https://www.google.com/search?q=Global+Impact+NGO+288+ngo+work&tbm=isch
289,Global Impact NGO 289,Australia,Education,https://www.google.com/search?q=Global+Impact+NGO+289+ngo+work&tbm=isch
290,Global Impact NGO 290,UK,Education,https://www.google.com/search?q=Global+Impact+NGO+290+ngo+work&tbm=isch
291,Global Impact NGO 291,UK,Education,https://www.google.com/search?q=Global+Impact+NGO+291+ngo+work&tbm=isch
292,Global Impact NGO 292,South Africa,Women Empowerment,https://www.google.com/search?q=Global+Impact+NGO+292+ngo+work&tbm=isch
293,Global Impact NGO 293,UAE,Human Rights,https://www.google.com/search?q=Global+Impact+NGO+293+ngo+work&tbm=isch
294,Global Impact NGO 294,Kenya,Poverty Relief,https://www.google.com/search?q=Global+Impact+NGO+294+ngo+work&tbm=isch
295,Global Impact NGO 295,Australia,Health,https://www.google.com/search?q=Global+Impact+NGO+295+ngo+work&tbm=isch
296,Global Impact NGO 296,Germany,Environment,https://www.google.com/search?q=Global+Impact+NGO+296+ngo+work&tbm=isch
297,Global Impact NGO 297,UAE,Health,https://www.google.com/search?q=Global+Impact+NGO+297+ngo+work&tbm=isch
298,Global Impact NGO 298,South Africa,Women Empowerment,https://www.google.com/search?q=Global+Impact+NGO+298+ngo+work&tbm=isch
299,Global Impact NGO 299,Canada,Poverty Relief,https://www.google.com/search?q=Global+Impact+NGO+299+ngo+work&tbm=isch
300,Global Impact NGO 300,India,Women Empowerment,https://www.google.com/search?q=Global+Impact+NGO+300+ngo+work&tbm=isch
301,Global Impact NGO 301,Germany,Human Rights,https://www.google.com/search?q=Global+Impact+NGO+301+ngo+work&tbm=isch
302,Global Impact NGO 302,Australia,Human Rights,https://www.google.com/search?q=Global+Impact+NGO+302+ngo+work&tbm=isch
303,Global Impact NGO 303,India,Poverty Relief,https://www.google.com/search?q=Global+Impact+NGO+303+ngo+work&tbm=isch
304,Global Impact NGO 304,USA,Environment,https://www.google.com/search?q=Global+Impact+NGO+304+ngo+work&tbm=isch
305,Global Impact NGO 305,South Africa,Child Welfare,https://www.google.com/search?q=Global+Impact+NGO+305+ngo+work&tbm=isch
306,Global Impact NGO 306,Kenya,Education,https://www.google.com/search?q=Global+Impact+NGO+306+ngo+work&tbm=isch
307,Global Impact NGO 307,India,Health,https://www.google.com/search?q=Global+Impact+NGO+307+ngo+work&tbm=isch
308,Global Impact NGO 308,UK,Education,https://www.google.com/search?q=Global+Impact+NGO+308+ngo+work&tbm=isch
309,Global Impact NGO 309,India,Education,https://www.google.com/search?q=Global+Impact+NGO+309+ngo+work&tbm=isch
310,Global Impact NGO 310,Germany,Child Welfare,https://www.google.com/search?q=Global+Impact+NGO+310+ngo+work&tbm=isch
311,Global Impact NGO 311,UK,Human Rights,https://www.google.com/search?q=Global+Impact+NGO+311+ngo+work&tbm=isch
312,Global Impact NGO 312,India,Child Welfare,https://www.google.com/search?q=Global+Impact+NGO+312+ngo+work&tbm=isch
313,Global Impact NGO 313,Brazil,Health,https://www.google.com/search?q=Global+Impact+NGO+313+ngo+work&tbm=isch
314,Global Impact NGO 314,UK,Poverty Relief,https://www.google.com/search?q=Global+Impact+NGO+314+ngo+work&tbm=isch
315,Global Impact NGO 315,UK,Human Rights,https://www.google.com/search?q=Global+Impact+NGO+315+ngo+work&tbm=isch
316,Global Impact NGO 316,Australia,Poverty Relief,https://www.google.com/search?q=Global+Impact+NGO+316+ngo+work&tbm=isch
317,Global Impact NGO 317,Kenya,Human Rights,https://www.google.com/search?q=Global+Impact+NGO+317+ngo+work&tbm=isch
318,Global Impact NGO 318,South Africa,Human Rights,https://www.google.com/search?q=Global+Impact+NGO+318+ngo+work&tbm=isch
319,Global Impact NGO 319,Germany,Women Empowerment,https://www.google.com/search?q=Global+Impact+NGO+319+ngo+work&tbm=isch
320,Global Impact NGO 320,UK,Education,https://www.google.com/search?q=Global+Impact+NGO+320+ngo+work&tbm=isch
321,Global Impact NGO 321,Australia,Environment,https://www.google.com/search?q=Global+Impact+NGO+321+ngo+work&tbm=isch
322,Global Impact NGO 322,South Africa,Education,https://www.google.com/search?q=Global+Impact+NGO+322+ngo+work&tbm=isch
323,Global Impact NGO 323,Kenya,Human Rights,https://www.google.com/search?q=Global+Impact+NGO+323+ngo+work&tbm=isch
324,Global Impact NGO 324,UK,Human Rights,https://www.google.com/search?q=Global+Impact+NGO+324+ngo+work&tbm=isch
325,Global Impact NGO 325,India,Poverty Relief,https://www.google.com/search?q=Global+Impact+NGO+325+ngo+work&tbm=isch
326,Global Impact NGO 326,India,Environment,https://www.google.com/search?q=Global+Impact+NGO+326+ngo+work&tbm=isch
327,Global Impact NGO 327,Brazil,Human Rights,https://www.google.com/search?q=Global+Impact+NGO+327+ngo+work&tbm=isch
328,Global Impact NGO 328,Australia,Health,https://www.google.com/search?q=Global+Impact+NGO+328+ngo+work&tbm=isch
329,Global Impact NGO 329,Brazil,Health,https://www.google.com/search?q=Global+Impact+NGO+329+ngo+work&tbm=isch
330,Global Impact NGO 330,Germany,Poverty Relief,https://www.google.com/search?q=Global+Impact+NGO+330+ngo+work&tbm=isch
331,Global Impact NGO 331,UAE,Human Rights,https://www.google.com/search?q=Global+Impact+NGO+331+ngo+work&tbm=isch
332,Global Impact NGO 332,Australia,Child Welfare,https://www.google.com/search?q=Global+Impact+NGO+332+ngo+work&tbm=isch
333,Global Impact NGO 333,USA,Child Welfare,https://www.google.com/search?q=Global+Impact+NGO+333+ngo+work&tbm=isch
334,Global Impact NGO 334,Kenya,Women Empowerment,https://www.google.com/search?q=Global+Impact+NGO+334+ngo+work&tbm=isch
335,Global Impact NGO 335,Canada,Health,https://www.google.com/search?q=Global+Impact+NGO+335+ngo+work&tbm=isch
336,Global Impact NGO 336,India,Health,https://www.google.com/search?q=Global+Impact+NGO+336+ngo+work&tbm=isch
337,Global Impact NGO 337,Brazil,Health,https://www.google.com/search?q=Global+Impact+NGO+337+ngo+work&tbm=isch
338,Global Impact NGO 338,South Africa,Child Welfare,https://www.google.com/search?q=Global+Impact+NGO+338+ngo+work&tbm=isch
339,Global Impact NGO 339,Brazil,Environment,https://www.google.com/search?q=Global+Impact+NGO+339+ngo+work&tbm=isch
340,Global Impact NGO 340,Germany,Education,https://www.google.com/search?q=Global+Impact+NGO+340+ngo+work&tbm=isch
341,Global Impact NGO 341,Brazil,Child Welfare,https://www.google.com/search?q=Global+Impact+NGO+341+ngo+work&tbm=isch
342,Global Impact NGO 342,Kenya,Education,https://www.google.com/search?q=Global+Impact+NGO+342+ngo+work&tbm=isch
343,Global Impact NGO 343,Australia,Health,https://www.google.com/search?q=Global+Impact+NGO+343+ngo+work&tbm=isch
344,Global Impact NGO 344,UK,Poverty Relief,https://www.google.com/search?q=Global+Impact+NGO+344+ngo+work&tbm=isch
345,Global Impact NGO 345,Canada,Child Welfare,https://www.google.com/search?q=Global+Impact+NGO+345+ngo+work&tbm=isch
346,Global Impact NGO 346,UK,Human Rights,https://www.google.com/search?q=Global+Impact+NGO+346+ngo+work&tbm=isch
347,Global Impact NGO 347,Canada,Human Rights,https://www.google.com/search?q=Global+Impact+NGO+347+ngo+work&tbm=isch
348,Global Impact NGO 348,Kenya,Environment,https://www.google.com/search?q=Global+Impact+NGO+348+ngo+work&tbm=isch
349,Global Impact NGO 349,UAE,Poverty Relief,https://www.google.com/search?q=Global+Impact+NGO+349+ngo+work&tbm=isch
350,Global Impact NGO 350,Canada,Human Rights,https://www.google.com/search?q=Global+Impact+NGO+350+ngo+work&tbm=isch
351,Global Impact NGO 351,South Africa,Education,https://www.google.com/search?q=Global+Impact+NGO+351+ngo+work&tbm=isch
352,Global Impact NGO 352,South Africa,Environment,https://www.google.com/search?q=Global+Impact+NGO+352+ngo+work&tbm=isch
353,Global Impact NGO 353,UK,Environment,https://www.google.com/search?q=Global+Impact+NGO+353+ngo+work&tbm=isch
354,Global Impact NGO 354,Australia,Human Rights,https://www.google.com/search?q=Global+Impact+NGO+354+ngo+work&tbm=isch
355,Global Impact NGO 355,Australia,Environment,https://www.google.com/search?q=Global+Impact+NGO+355+ngo+work&tbm=isch
356,Global Impact NGO 356,South Africa,Women Empowerment,https://www.google.com/search?q=Global+Impact+NGO+356+ngo+work&tbm=isch
357,Global Impact NGO 357,Germany,Health,https://www.google.com/search?q=Global+Impact+NGO+357+ngo+work&tbm=isch
358,Global Impact NGO 358,Canada,Education,https://www.google.com/search?q=Global+Impact+NGO+358+ngo+work&tbm=isch
359,Global Impact NGO 359,UAE,Women Empowerment,https://www.google.com/search?q=Global+Impact+NGO+359+ngo+work&tbm=isch
360,Global Impact NGO 360,Brazil,Child Welfare,https://www.google.com/search?q=Global+Impact+NGO+360+ngo+work&tbm=isch
361,Global Impact NGO 361,Australia,Education,https://www.google.com/search?q=Global+Impact+NGO+361+ngo+work&tbm=isch
362,Global Impact NGO 362,Canada,Poverty Relief,https://www.google.com/search?q=Global+Impact+NGO+362+ngo+work&tbm=isch
363,Global Impact NGO 363,Brazil,Education,https://www.google.com/search?q=Global+Impact+NGO+363+ngo+work&tbm=isch
364,Global Impact NGO 364,Canada,Human Rights,https://www.google.com/search?q=Global+Impact+NGO+364+ngo+work&tbm=isch
365,Global Impact NGO 365,India,Women Empowerment,https://www.google.com/search?q=Global+Impact+NGO+365+ngo+work&tbm=isch
366,Global Impact NGO 366,Kenya,Child Welfare,https://www.google.com/search?q=Global+Impact+NGO+366+ngo+work&tbm=isch
367,Global Impact NGO 367,USA,Poverty Relief,https://www.google.com/search?q=Global+Impact+NGO+367+ngo+work&tbm=isch
368,Global Impact NGO 368,Australia,Environment,https://www.google.com/search?q=Global+Impact+NGO+368+ngo+work&tbm=isch
369,Global Impact NGO 369,UAE,Health,https://www.google.com/search?q=Global+Impact+NGO+369+ngo+work&tbm=isch
370,Global Impact NGO 370,Brazil,Human Rights,https://www.google.com/search?q=Global+Impact+NGO+370+ngo+work&tbm=isch
371,Global Impact NGO 371,Germany,Education,https://www.google.com/search?q=Global+Impact+NGO+371+ngo+work&tbm=isch
372,Global Impact NGO 372,Germany,Health,https://www.google.com/search?q=Global+Impact+NGO+372+ngo+work&tbm=isch
373,Global Impact NGO 373,USA,Environment,https://www.google.com/search?q=Global+Impact+NGO+373+ngo+work&tbm=isch
374,Global Impact NGO 374,Canada,Child Welfare,https://www.google.com/search?q=Global+Impact+NGO+374+ngo+work&tbm=isch
375,Global Impact NGO 375,South Africa,Human Rights,https://www.google.com/search?q=Global+Impact+NGO+375+ngo+work&tbm=isch
376,Global Impact NGO 376,India,Poverty Relief,https://www.google.com/search?q=Global+Impact+NGO+376+ngo+work&tbm=isch
377,Global Impact NGO 377,USA,Women Empowerment,https://www.google.com/search?q=Global+Impact+NGO+377+ngo+work&tbm=isch
378,Global Impact NGO 378,USA,Poverty Relief,https://www.google.com/search?q=Global+Impact+NGO+378+ngo+work&tbm=isch
379,Global Impact NGO 379,India,Women Empowerment,https://www.google.com/search?q=Global+Impact+NGO+379+ngo+work&tbm=isch
380,Global Impact NGO 380,Germany,Poverty Relief,https://www.google.com/search?q=Global+Impact+NGO+380+ngo+work&tbm=isch
381,Global Impact NGO 381,Australia,Poverty Relief,https://www.google.com/search?q=Global+Impact+NGO+381+ngo+work&tbm=isch
382,Global Impact NGO 382,Germany,Human Rights,https://www.google.com/search?q=Global+Impact+NGO+382+ngo+work&tbm=isch
383,Global Impact NGO 383,Australia,Human Rights,https://www.google.com/search?q=Global+Impact+NGO+383+ngo+work&tbm=isch
384,Global Impact NGO 384,USA,Women Empowerment,https://www.google.com/search?q=Global+Impact+NGO+384+ngo+work&tbm=isch
385,Global Impact NGO 385,UAE,Education,https://www.google.com/search?q=Global+Impact+NGO+385+ngo+work&tbm=isch
386,Global Impact NGO 386,India,Environment,https://www.google.com/search?q=Global+Impact+NGO+386+ngo+work&tbm=isch
387,Global Impact NGO 387,Canada,Child Welfare,https://www.google.com/search?q=Global+Impact+NGO+387+ngo+work&tbm=isch
388,Global Impact NGO 388,USA,Education,https://www.google.com/search?q=Global+Impact+NGO+388+ngo+work&tbm=isch
389,Global Impact NGO 389,Canada,Poverty Relief,https://www.google.com/search?q=Global+Impact+NGO+389+ngo+work&tbm=isch
390,Global Impact NGO 390,Germany,Women Empowerment,https://www.google.com/search?q=Global+Impact+NGO+390+ngo+work&tbm=isch
391,Global Impact NGO 391,India,Environment,https://www.google.com/search?q=Global+Impact+NGO+391+ngo+work&tbm=isch
392,Global Impact NGO 392,UK,Women Empowerment,https://www.google.com/search?q=Global+Impact+NGO+392+ngo+work&tbm=isch
393,Global Impact NGO 393,India,Human Rights,https://www.google.com/search?q=Global+Impact+NGO+393+ngo+work&tbm=isch
394,Global Impact NGO 394,Australia,Poverty Relief,https://www.google.com/search?q=Global+Impact+NGO+394+ngo+work&tbm=isch
395,Global Impact NGO 395,Canada,Child Welfare,https://www.google.com/search?q=Global+Impact+NGO+395+ngo+work&tbm=isch
396,Global Impact NGO 396,Germany,Human Rights,https://www.google.com/search?q=Global+Impact+NGO+396+ngo+work&tbm=isch
397,Global Impact NGO 397,India,Education,https://www.google.com/search?q=Global+Impact+NGO+397+ngo+work&tbm=isch
398,Global Impact NGO 398,UK,Poverty Relief,https://www.google.com/search?q=Global+Impact+NGO+398+ngo+work&tbm=isch
399,Global Impact NGO 399,UAE,Human Rights,https://www.google.com/search?q=Global+Impact+NGO+399+ngo+work&tbm=isch
400,Global Impact NGO 400,South Africa,Poverty Relief,https://www.google.com/search?q=Global+Impact+NGO+400+ngo+work&tbm=isch
401,Global Impact NGO 401,Canada,Human Rights,https://www.google.com/search?q=Global+Impact+NGO+401+ngo+work&tbm=isch
402,Global Impact NGO 402,Kenya,Women Empowerment,https://www.google.com/search?q=Global+Impact+NGO+402+ngo+work&tbm=isch
403,Global Impact NGO 403,Canada,Women Empowerment,https://www.google.com/search?q=Global+Impact+NGO+403+ngo+work&tbm=isch
404,Global Impact NGO 404,India,Poverty Relief,https://www.google.com/search?q=Global+Impact+NGO+404+ngo+work&tbm=isch
405,Global Impact NGO 405,Kenya,Environment,https://www.google.com/search?q=Global+Impact+NGO+405+ngo+work&tbm=isch
406,Global Impact NGO 406,Australia,Child Welfare,https://www.google.com/search?q=Global+Impact+NGO+406+ngo+work&tbm=isch
407,Global Impact NGO 407,Kenya,Environment,https://www.google.com/search?q=Global+Impact+NGO+407+ngo+work&tbm=isch
408,Global Impact NGO 408,Brazil,Poverty Relief,https://www.google.com/search?q=Global+Impact+NGO+408+ngo+work&tbm=isch
409,Global Impact NGO 409,Kenya,Child Welfare,https://www.google.com/search?q=Global+Impact+NGO+409+ngo+work&tbm=isch
410,Global Impact NGO 410,USA,Environment,https://www.google.com/search?q=Global+Impact+NGO+410+ngo+work&tbm=isch
411,Global Impact NGO 411,UK,Environment,https://www.google.com/search?q=Global+Impact+NGO+411+ngo+work&tbm=isch
412,Global Impact NGO 412,India,Education,https://www.google.com/search?q=Global+Impact+NGO+412+ngo+work&tbm=isch
413,Global Impact NGO 413,India,Health,https://www.google.com/search?q=Global+Impact+NGO+413+ngo+work&tbm=isch
414,Global Impact NGO 414,Brazil,Environment,https://www.google.com/search?q=Global+Impact+NGO+414+ngo+work&tbm=isch
415,Global Impact NGO 415,USA,Health,https://www.google.com/search?q=Global+Impact+NGO+415+ngo+work&tbm=isch
416,Global Impact NGO 416,Australia,Child Welfare,https://www.google.com/search?q=Global+Impact+NGO+416+ngo+work&tbm=isch
417,Global Impact NGO 417,Canada,Human Rights,https://www.google.com/search?q=Global+Impact+NGO+417+ngo+work&tbm=isch
418,Global Impact NGO 418,USA,Education,https://www.google.com/search?q=Global+Impact+NGO+418+ngo+work&tbm=isch
419,Global Impact NGO 419,Australia,Poverty Relief,https://www.google.com/search?q=Global+Impact+NGO+419+ngo+work&tbm=isch
420,Global Impact NGO 420,India,Health,https://www.google.com/search?q=Global+Impact+NGO+420+ngo+work&tbm=isch
421,Global Impact NGO 421,USA,Health,https://www.google.com/search?q=Global+Impact+NGO+421+ngo+work&tbm=isch
422,Global Impact NGO 422,UAE,Poverty Relief,https://www.google.com/search?q=Global+Impact+NGO+422+ngo+work&tbm=isch
423,Global Impact NGO 423,Brazil,Health,https://www.google.com/search?q=Global+Impact+NGO+423+ngo+work&tbm=isch
424,Global Impact NGO 424,Germany,Education,https://www.google.com/search?q=Global+Impact+NGO+424+ngo+work&tbm=isch
425,Global Impact NGO 425,South Africa,Education,https://www.google.com/search?q=Global+Impact+NGO+425+ngo+work&tbm=isch
426,Global Impact NGO 426,Kenya,Environment,https://www.google.com/search?q=Global+Impact+NGO+426+ngo+work&tbm=isch
427,Global Impact NGO 427,Kenya,Environment,https://www.google.com/search?q=Global+Impact+NGO+427+ngo+work&tbm=isch
428,Global Impact NGO 428,Canada,Environment,https://www.google.com/search?q=Global+Impact+NGO+428+ngo+work&tbm=isch
429,Global Impact NGO 429,USA,Human Rights,https://www.google.com/search?q=Global+Impact+NGO+429+ngo+work&tbm=isch
430,Global Impact NGO 430,South Africa,Child Welfare,https://www.google.com/search?q=Global+Impact+NGO+430+ngo+work&tbm=isch
431,Global Impact NGO 431,India,Women Empowerment,https://www.google.com/search?q=Global+Impact+NGO+431+ngo+work&tbm=isch
432,Global Impact NGO 432,UK,Education,https://www.google.com/search?q=Global+Impact+NGO+432+ngo+work&tbm=isch
433,Global Impact NGO 433,South Africa,Environment,https://www.google.com/search?q=Global+Impact+NGO+433+ngo+work&tbm=isch
434,Global Impact NGO 434,UK,Health,https://www.google.com/search?q=Global+Impact+NGO+434+ngo+work&tbm=isch
435,Global Impact NGO 435,UAE,Human Rights,https://www.google.com/search?q=Global+Impact+NGO+435+ngo+work&tbm=isch
436,Global Impact NGO 436,Brazil,Child Welfare,https://www.google.com/search?q=Global+Impact+NGO+436+ngo+work&tbm=isch
437,Global Impact NGO 437,Kenya,Education,https://www.google.com/search?q=Global+Impact+NGO+437+ngo+work&tbm=isch
438,Global Impact NGO 438,Australia,Poverty Relief,https://www.google.com/search?q=Global+Impact+NGO+438+ngo+work&tbm=isch
439,Global Impact NGO 439,Canada,Health,https://www.google.com/search?q=Global+Impact+NGO+439+ngo+work&tbm=isch
440,Global Impact NGO 440,Australia,Women Empowerment,https://www.google.com/search?q=Global+Impact+NGO+440+ngo+work&tbm=isch
441,Global Impact NGO 441,UAE,Child Welfare,https://www.google.com/search?q=Global+Impact+NGO+441+ngo+work&tbm=isch
442,Global Impact NGO 442,India,Child Welfare,https://www.google.com/search?q=Global+Impact+NGO+442+ngo+work&tbm=isch
443,Global Impact NGO 443,Canada,Environment,https://www.google.com/search?q=Global+Impact+NGO+443+ngo+work&tbm=isch
444,Global Impact NGO 444,Germany,Environment,https://www.google.com/search?q=Global+Impact+NGO+444+ngo+work&tbm=isch
445,Global Impact NGO 445,Kenya,Health,https://www.google.com/search?q=Global+Impact+NGO+445+ngo+work&tbm=isch
446,Global Impact NGO 446,South Africa,Health,https://www.google.com/search?q=Global+Impact+NGO+446+ngo+work&tbm=isch
447,Global Impact NGO 447,South Africa,Human Rights,https://www.google.com/search?q=Global+Impact+NGO+447+ngo+work&tbm=isch
448,Global Impact NGO 448,Kenya,Education,https://www.google.com/search?q=Global+Impact+NGO+448+ngo+work&tbm=isch
449,Global Impact NGO 449,Germany,Education,https://www.google.com/search?q=Global+Impact+NGO+449+ngo+work&tbm=isch
450,Global Impact NGO 450,Australia,Health,https://www.google.com/search?q=Global+Impact+NGO+450+ngo+work&tbm=isch
451,Global Impact NGO 451,India,Education,https://www.google.com/search?q=Global+Impact+NGO+451+ngo+work&tbm=isch
452,Global Impact NGO 452,UK,Poverty Relief,https://www.google.com/search?q=Global+Impact+NGO+452+ngo+work&tbm=isch
453,Global Impact NGO 453,India,Poverty Relief,https://www.google.com/search?q=Global+Impact+NGO+453+ngo+work&tbm=isch
454,Global Impact NGO 454,UK,Health,https://www.google.com/search?q=Global+Impact+NGO+454+ngo+work&tbm=isch
455,Global Impact NGO 455,South Africa,Health,https://www.google.com/search?q=Global+Impact+NGO+455+ngo+work&tbm=isch
456,Global Impact NGO 456,South Africa,Child Welfare,https://www.google.com/search?q=Global+Impact+NGO+456+ngo+work&tbm=isch
457,Global Impact NGO 457,UK,Education,https://www.google.com/search?q=Global+Impact+NGO+457+ngo+work&tbm=isch
458,Global Impact NGO 458,South Africa,Education,https://www.google.com/search?q=Global+Impact+NGO+458+ngo+work&tbm=isch
459,Global Impact NGO 459,Kenya,Child Welfare,https://www.google.com/search?q=Global+Impact+NGO+459+ngo+work&tbm=isch
460,Global Impact NGO 460,USA,Health,https://www.google.com/search?q=Global+Impact+NGO+460+ngo+work&tbm=isch
461,Global Impact NGO 461,India,Education,https://www.google.com/search?q=Global+Impact+NGO+461+ngo+work&tbm=isch
462,Global Impact NGO 462,USA,Education,https://www.google.com/search?q=Global+Impact+NGO+462+ngo+work&tbm=isch
463,Global Impact NGO 463,Australia,Environment,https://www.google.com/search?q=Global+Impact+NGO+463+ngo+work&tbm=isch
464,Global Impact NGO 464,UK,Health,https://www.google.com/search?q=Global+Impact+NGO+464+ngo+work&tbm=isch
465,Global Impact NGO 465,Brazil,Poverty Relief,https://www.google.com/search?q=Global+Impact+NGO+465+ngo+work&tbm=isch
466,Global Impact NGO 466,USA,Education,https://www.google.com/search?q=Global+Impact+NGO+466+ngo+work&tbm=isch
467,Global Impact NGO 467,Australia,Health,https://www.google.com/search?q=Global+Impact+NGO+467+ngo+work&tbm=isch
468,Global Impact NGO 468,Brazil,Human Rights,https://www.google.com/search?q=Global+Impact+NGO+468+ngo+work&tbm=isch
469,Global Impact NGO 469,India,Environment,https://www.google.com/search?q=Global+Impact+NGO+469+ngo+work&tbm=isch
470,Global Impact NGO 470,Australia,Poverty Relief,https://www.google.com/search?q=Global+Impact+NGO+470+ngo+work&tbm=isch
471,Global Impact NGO 471,Kenya,Health,https://www.google.com/search?q=Global+Impact+NGO+471+ngo+work&tbm=isch
472,Global Impact NGO 472,Australia,Environment,https://www.google.com/search?q=Global+Impact+NGO+472+ngo+work&tbm=isch
473,Global Impact NGO 473,South Africa,Health,https://www.google.com/search?q=Global+Impact+NGO+473+ngo+work&tbm=isch
474,Global Impact NGO 474,Brazil,Child Welfare,https://www.google.com/search?q=Global+Impact+NGO+474+ngo+work&tbm=isch
475,Global Impact NGO 475,South Africa,Human Rights,https://www.google.com/search?q=Global+Impact+NGO+475+ngo+work&tbm=isch
476,Global Impact NGO 476,Germany,Women Empowerment,https://www.google.com/search?q=Global+Impact+NGO+476+ngo+work&tbm=isch
477,Global Impact NGO 477,Australia,Human Rights,https://www.google.com/search?q=Global+Impact+NGO+477+ngo+work&tbm=isch
478,Global Impact NGO 478,Germany,Education,https://www.google.com/search?q=Global+Impact+NGO+478+ngo+work&tbm=isch
479,Global Impact NGO 479,Kenya,Health,https://www.google.com/search?q=Global+Impact+NGO+479+ngo+work&tbm=isch
480,Global Impact NGO 480,Kenya,Human Rights,https://www.google.com/search?q=Global+Impact+NGO+480+ngo+work&tbm=isch
481,Global Impact NGO 481,Canada,Poverty Relief,https://www.google.com/search?q=Global+Impact+NGO+481+ngo+work&tbm=isch
482,Global Impact NGO 482,UAE,Education,https://www.google.com/search?q=Global+Impact+NGO+482+ngo+work&tbm=isch
483,Global Impact NGO 483,Germany,Women Empowerment,https://www.google.com/search?q=Global+Impact+NGO+483+ngo+work&tbm=isch
484,Global Impact NGO 484,Australia,Child Welfare,https://www.google.com/search?q=Global+Impact+NGO+484+ngo+work&tbm=isch
485,Global Impact NGO 485,UK,Health,https://www.google.com/search?q=Global+Impact+NGO+485+ngo+work&tbm=isch
486,Global Impact NGO 486,UK,Women Empowerment,https://www.google.com/search?q=Global+Impact+NGO+486+ngo+work&tbm=isch
487,Global Impact NGO 487,Brazil,Health,https://www.google.com/search?q=Global+Impact+NGO+487+ngo+work&tbm=isch
488,Global Impact NGO 488,Germany,Health,https://www.google.com/search?q=Global+Impact+NGO+488+ngo+work&tbm=isch
489,Global Impact NGO 489,India,Health,https://www.google.com/search?q=Global+Impact+NGO+489+ngo+work&tbm=isch
490,Global Impact NGO 490,Kenya,Health,https://www.google.com/search?q=Global+Impact+NGO+490+ngo+work&tbm=isch
491,Global Impact NGO 491,Brazil,Human Rights,https://www.google.com/search?q=Global+Impact+NGO+491+ngo+work&tbm=isch
492,Global Impact NGO 492,South Africa,Environment,https://www.google.com/search?q=Global+Impact+NGO+492+ngo+work&tbm=isch
493,Global Impact NGO 493,Germany,Environment,https://www.google.com/search?q=Global+Impact+NGO+493+ngo+work&tbm=isch
494,Global Impact NGO 494,Canada,Women Empowerment,https://www.google.com/search?q=Global+Impact+NGO+494+ngo+work&tbm=isch
495,Global Impact NGO 495,India,Human Rights,https://www.google.com/search?q=Global+Impact+NGO+495+ngo+work&tbm=isch
496,Global Impact NGO 496,UK,Poverty Relief,https://www.google.com/search?q=Global+Impact+NGO+496+ngo+work&tbm=isch
497,Global Impact NGO 497,UK,Women Empowerment,https://www.google.com/search?q=Global+Impact+NGO+497+ngo+work&tbm=isch
498,Global Impact NGO 498,Brazil,Education,https://www.google.com/search?q=Global+Impact+NGO+498+ngo+work&tbm=isch
499,Global Impact NGO 499,Kenya,Education,https://www.google.com/search?q=Global+Impact+NGO+499+ngo+work&tbm=isch
500,Global Impact NGO 500,Australia,Poverty Relief,https://www.google.com/search?q=Global+Impact+NGO+500+ngo+work&tbm=isch
501,Global Impact NGO 501,Australia,Human Rights,https://www.google.com/search?q=Global+Impact+NGO+501+ngo+work&tbm=isch
502,Global Impact NGO 502,UAE,Environment,https://www.google.com/search?q=Global+Impact+NGO+502+ngo+work&tbm=isch
503,Global Impact NGO 503,Brazil,Education,https://www.google.com/search?q=Global+Impact+NGO+503+ngo+work&tbm=isch
504,Global Impact NGO 504,UK,Health,https://www.google.com/search?q=Global+Impact+NGO+504+ngo+work&tbm=isch
505,Global Impact NGO 505,Germany,Health,https://www.google.com/search?q=Global+Impact+NGO+505+ngo+work&tbm=isch
506,Global Impact NGO 506,USA,Human Rights,https://www.google.com/search?q=Global+Impact+NGO+506+ngo+work&tbm=isch
507,Global Impact NGO 507,Brazil,Education,https://www.google.com/search?q=Global+Impact+NGO+507+ngo+work&tbm=isch
508,Global Impact NGO 508,South Africa,Health,https://www.google.com/search?q=Global+Impact+NGO+508+ngo+work&tbm=isch
509,Global Impact NGO 509,Canada,Poverty Relief,https://www.google.com/search?q=Global+Impact+NGO+509+ngo+work&tbm=isch
510,Global Impact NGO 510,Germany,Human Rights,https://www.google.com/search?q=Global+Impact+NGO+510+ngo+work&tbm=isch
511,Global Impact NGO 511,Germany,Education,https://www.google.com/search?q=Global+Impact+NGO+511+ngo+work&tbm=isch
512,Global Impact NGO 512,Germany,Child Welfare,https://www.google.com/search?q=Global+Impact+NGO+512+ngo+work&tbm=isch
513,Global Impact NGO 513,UAE,Child Welfare,https://www.google.com/search?q=Global+Impact+NGO+513+ngo+work&tbm=isch
514,Global Impact NGO 514,Brazil,Health,https://www.google.com/search?q=Global+Impact+NGO+514+ngo+work&tbm=isch
515,Global Impact NGO 515,Kenya,Health,https://www.google.com/search?q=Global+Impact+NGO+515+ngo+work&tbm=isch
516,Global Impact NGO 516,Brazil,Human Rights,https://www.google.com/search?q=Global+Impact+NGO+516+ngo+work&tbm=isch
517,Global Impact NGO 517,India,Education,https://www.google.com/search?q=Global+Impact+NGO+517+ngo+work&tbm=isch
518,Global Impact NGO 518,Kenya,Human Rights,https://www.google.com/search?q=Global+Impact+NGO+518+ngo+work&tbm=isch
519,Global Impact NGO 519,South Africa,Women Empowerment,https://www.google.com/search?q=Global+Impact+NGO+519+ngo+work&tbm=isch
520,Global Impact NGO 520,Canada,Environment,https://www.google.com/search?q=Global+Impact+NGO+520+ngo+work&tbm=isch
521,Global Impact NGO 521,India,Environment,https://www.google.com/search?q=Global+Impact+NGO+521+ngo+work&tbm=isch
522,Global Impact NGO 522,Brazil,Human Rights,https://www.google.com/search?q=Global+Impact+NGO+522+ngo+work&tbm=isch
523,Global Impact NGO 523,Kenya,Human Rights,https://www.google.com/search?q=Global+Impact+NGO+523+ngo+work&tbm=isch
524,Global Impact NGO 524,South Africa,Health,https://www.google.com/search?q=Global+Impact+NGO+524+ngo+work&tbm=isch
525,Global Impact NGO 525,UAE,Poverty Relief,https://www.google.com/search?q=Global+Impact+NGO+525+ngo+work&tbm=isch
526,Global Impact NGO 526,Kenya,Child Welfare,https://www.google.com/search?q=Global+Impact+NGO+526+ngo+work&tbm=isch
527,Global Impact NGO 527,USA,Human Rights,https://www.google.com/search?q=Global+Impact+NGO+527+ngo+work&tbm=isch
528,Global Impact NGO 528,Brazil,Health,https://www.google.com/search?q=Global+Impact+NGO+528+ngo+work&tbm=isch
529,Global Impact NGO 529,Canada,Poverty Relief,https://www.google.com/search?q=Global+Impact+NGO+529+ngo+work&tbm=isch
530,Global Impact NGO 530,Canada,Poverty Relief,https://www.google.com/search?q=Global+Impact+NGO+530+ngo+work&tbm=isch
531,Global Impact NGO 531,South Africa,Environment,https://www.google.com/search?q=Global+Impact+NGO+531+ngo+work&tbm=isch
532,Global Impact NGO 532,Germany,Women Empowerment,https://www.google.com/search?q=Global+Impact+NGO+532+ngo+work&tbm=isch
533,Global Impact NGO 533,UAE,Human Rights,https://www.google.com/search?q=Global+Impact+NGO+533+ngo+work&tbm=isch
534,Global Impact NGO 534,Australia,Poverty Relief,https://www.google.com/search?q=Global+Impact+NGO+534+ngo+work&tbm=isch
535,Global Impact NGO 535,Canada,Child Welfare,https://www.google.com/search?q=Global+Impact+NGO+535+ngo+work&tbm=isch
536,Global Impact NGO 536,India,Environment,https://www.google.com/search?q=Global+Impact+NGO+536+ngo+work&tbm=isch
537,Global Impact NGO 537,USA,Poverty Relief,https://www.google.com/search?q=Global+Impact+NGO+537+ngo+work&tbm=isch
538,Global Impact NGO 538,UAE,Environment,https://www.google.com/search?q=Global+Impact+NGO+538+ngo+work&tbm=isch
539,Global Impact NGO 539,Kenya,Human Rights,https://www.google.com/search?q=Global+Impact+NGO+539+ngo+work&tbm=isch
540,Global Impact NGO 540,South Africa,Poverty Relief,https://www.google.com/search?q=Global+Impact+NGO+540+ngo+work&tbm=isch
541,Global Impact NGO 541,UK,Health,https://www.google.com/search?q=Global+Impact+NGO+541+ngo+work&tbm=isch
542,Global Impact NGO 542,South Africa,Education,https://www.google.com/search?q=Global+Impact+NGO+542+ngo+work&tbm=isch
543,Global Impact NGO 543,Kenya,Environment,https://www.google.com/search?q=Global+Impact+NGO+543+ngo+work&tbm=isch
544,Global Impact NGO 544,USA,Education,https://www.google.com/search?q=Global+Impact+NGO+544+ngo+work&tbm=isch
545,Global Impact NGO 545,Canada,Child Welfare,https://www.google.com/search?q=Global+Impact+NGO+545+ngo+work&tbm=isch
546,Global Impact NGO 546,India,Education,https://www.google.com/search?q=Global+Impact+NGO+546+ngo+work&tbm=isch
547,Global Impact NGO 547,Germany,Environment,https://www.google.com/search?q=Global+Impact+NGO+547+ngo+work&tbm=isch
548,Global Impact NGO 548,Germany,Women Empowerment,https://www.google.com/search?q=Global+Impact+NGO+548+ngo+work&tbm=isch
549,Global Impact NGO 549,Brazil,Poverty Relief,https://www.google.com/search?q=Global+Impact+NGO+549+ngo+work&tbm=isch
550,Global Impact NGO 550,Brazil,Education,https://www.google.com/search?q=Global+Impact+NGO+550+ngo+work&tbm=isch
551,Global Impact NGO 551,USA,Women Empowerment,https://www.google.com/search?q=Global+Impact+NGO+551+ngo+work&tbm=isch
552,Global Impact NGO 552,South Africa,Environment,https://www.google.com/search?q=Global+Impact+NGO+552+ngo+work&tbm=isch
553,Global Impact NGO 553,Brazil,Environment,https://www.google.com/search?q=Global+Impact+NGO+553+ngo+work&tbm=isch
554,Global Impact NGO 554,Australia,Child Welfare,https://www.google.com/search?q=Global+Impact+NGO+554+ngo+work&tbm=isch
555,Global Impact NGO 555,India,Child Welfare,https://www.google.com/search?q=Global+Impact+NGO+555+ngo+work&tbm=isch
556,Global Impact NGO 556,Australia,Child Welfare,https://www.google.com/search?q=Global+Impact+NGO+556+ngo+work&tbm=isch
557,Global Impact NGO 557,UAE,Environment,https://www.google.com/search?q=Global+Impact+NGO+557+ngo+work&tbm=isch
558,Global Impact NGO 558,Brazil,Health,https://www.google.com/search?q=Global+Impact+NGO+558+ngo+work&tbm=isch
559,Global Impact NGO 559,Canada,Women Empowerment,https://www.google.com/search?q=Global+Impact+NGO+559+ngo+work&tbm=isch
560,Global Impact NGO 560,UAE,Education,https://www.google.com/search?q=Global+Impact+NGO+560+ngo+work&tbm=isch
561,Global Impact NGO 561,South Africa,Human Rights,https://www.google.com/search?q=Global+Impact+NGO+561+ngo+work&tbm=isch
562,Global Impact NGO 562,Kenya,Education,https://www.google.com/search?q=Global+Impact+NGO+562+ngo+work&tbm=isch
563,Global Impact NGO 563,Brazil,Education,https://www.google.com/search?q=Global+Impact+NGO+563+ngo+work&tbm=isch
564,Global Impact NGO 564,UAE,Environment,https://www.google.com/search?q=Global+Impact+NGO+564+ngo+work&tbm=isch
565,Global Impact NGO 565,Kenya,Child Welfare,https://www.google.com/search?q=Global+Impact+NGO+565+ngo+work&tbm=isch
566,Global Impact NGO 566,Kenya,Poverty Relief,https://www.google.com/search?q=Global+Impact+NGO+566+ngo+work&tbm=isch
567,Global Impact NGO 567,UAE,Health,https://www.google.com/search?q=Global+Impact+NGO+567+ngo+work&tbm=isch
568,Global Impact NGO 568,India,Women Empowerment,https://www.google.com/search?q=Global+Impact+NGO+568+ngo+work&tbm=isch
569,Global Impact NGO 569,USA,Human Rights,https://www.google.com/search?q=Global+Impact+NGO+569+ngo+work&tbm=isch
570,Global Impact NGO 570,Canada,Health,https://www.google.com/search?q=Global+Impact+NGO+570+ngo+work&tbm=isch
571,Global Impact NGO 571,Canada,Health,https://www.google.com/search?q=Global+Impact+NGO+571+ngo+work&tbm=isch
572,Global Impact NGO 572,USA,Education,https://www.google.com/search?q=Global+Impact+NGO+572+ngo+work&tbm=isch
573,Global Impact NGO 573,UK,Health,https://www.google.com/search?q=Global+Impact+NGO+573+ngo+work&tbm=isch
574,Global Impact NGO 574,Brazil,Environment,https://www.google.com/search?q=Global+Impact+NGO+574+ngo+work&tbm=isch
575,Global Impact NGO 575,USA,Women Empowerment,https://www.google.com/search?q=Global+Impact+NGO+575+ngo+work&tbm=isch
576,Global Impact NGO 576,India,Human Rights,https://www.google.com/search?q=Global+Impact+NGO+576+ngo+work&tbm=isch
577,Global Impact NGO 577,Germany,Child Welfare,https://www.google.com/search?q=Global+Impact+NGO+577+ngo+work&tbm=isch
578,Global Impact NGO 578,Brazil,Women Empowerment,https://www.google.com/search?q=Global+Impact+NGO+578+ngo+work&tbm=isch
579,Global Impact NGO 579,Brazil,Health,https://www.google.com/search?q=Global+Impact+NGO+579+ngo+work&tbm=isch
580,Global Impact NGO 580,India,Child Welfare,https://www.google.com/search?q=Global+Impact+NGO+580+ngo+work&tbm=isch
581,Global Impact NGO 581,Brazil,Environment,https://www.google.com/search?q=Global+Impact+NGO+581+ngo+work&tbm=isch
582,Global Impact NGO 582,UK,Women Empowerment,https://www.google.com/search?q=Global+Impact+NGO+582+ngo+work&tbm=isch
583,Global Impact NGO 583,Australia,Human Rights,https://www.google.com/search?q=Global+Impact+NGO+583+ngo+work&tbm=isch
584,Global Impact NGO 584,UAE,Child Welfare,https://www.google.com/search?q=Global+Impact+NGO+584+ngo+work&tbm=isch
585,Global Impact NGO 585,Kenya,Women Empowerment,https://www.google.com/search?q=Global+Impact+NGO+585+ngo+work&tbm=isch
586,Global Impact NGO 586,USA,Child Welfare,https://www.google.com/search?q=Global+Impact+NGO+586+ngo+work&tbm=isch
587,Global Impact NGO 587,Germany,Women Empowerment,https://www.google.com/search?q=Global+Impact+NGO+587+ngo+work&tbm=isch
588,Global Impact NGO 588,Brazil,Poverty Relief,https://www.google.com/search?q=Global+Impact+NGO+588+ngo+work&tbm=isch
589,Global Impact NGO 589,Australia,Education,https://www.google.com/search?q=Global+Impact+NGO+589+ngo+work&tbm=isch
590,Global Impact NGO 590,USA,Women Empowerment,https://www.google.com/search?q=Global+Impact+NGO+590+ngo+work&tbm=isch
591,Global Impact NGO 591,Germany,Education,https://www.google.com/search?q=Global+Impact+NGO+591+ngo+work&tbm=isch
592,Global Impact NGO 592,Germany,Child Welfare,https://www.google.com/search?q=Global+Impact+NGO+592+ngo+work&tbm=isch
593,Global Impact NGO 593,Brazil,Health,https://www.google.com/search?q=Global+Impact+NGO+593+ngo+work&tbm=isch
594,Global Impact NGO 594,Canada,Environment,https://www.google.com/search?q=Global+Impact+NGO+594+ngo+work&tbm=isch
595,Global Impact NGO 595,Canada,Health,https://www.google.com/search?q=Global+Impact+NGO+595+ngo+work&tbm=isch
596,Global Impact NGO 596,USA,Child Welfare,https://www.google.com/search?q=Global+Impact+NGO+596+ngo+work&tbm=isch
597,Global Impact NGO 597,India,Poverty Relief,https://www.google.com/search?q=Global+Impact+NGO+597+ngo+work&tbm=isch
598,Global Impact NGO 598,India,Child Welfare,https://www.google.com/search?q=Global+Impact+NGO+598+ngo+work&tbm=isch
599,Global Impact NGO 599,India,Environment,https://www.google.com/search?q=Global+Impact+NGO+599+ngo+work&tbm=isch
600,Global Impact NGO 600,USA,Health,https://www.google.com/search?q=Global+Impact+NGO+600+ngo+work&tbm=isch
601,Global Impact NGO 601,Canada,Human Rights,https://www.google.com/search?q=Global+Impact+NGO+601+ngo+work&tbm=isch
602,Global Impact NGO 602,UK,Poverty Relief,https://www.google.com/search?q=Global+Impact+NGO+602+ngo+work&tbm=isch
603,Global Impact NGO 603,UAE,Poverty Relief,https://www.google.com/search?q=Global+Impact+NGO+603+ngo+work&tbm=isch
604,Global Impact NGO 604,UK,Women Empowerment,https://www.google.com/search?q=Global+Impact+NGO+604+ngo+work&tbm=isch
605,Global Impact NGO 605,Brazil,Health,https://www.google.com/search?q=Global+Impact+NGO+605+ngo+work&tbm=isch
606,Global Impact NGO 606,South Africa,Child Welfare,https://www.google.com/search?q=Global+Impact+NGO+606+ngo+work&tbm=isch
607,Global Impact NGO 607,Kenya,Education,https://www.google.com/search?q=Global+Impact+NGO+607+ngo+work&tbm=isch
608,Global Impact NGO 608,Germany,Child Welfare,https://www.google.com/search?q=Global+Impact+NGO+608+ngo+work&tbm=isch
609,Global Impact NGO 609,USA,Environment,https://www.google.com/search?q=Global+Impact+NGO+609+ngo+work&tbm=isch
610,Global Impact NGO 610,UAE,Child Welfare,https://www.google.com/search?q=Global+Impact+NGO+610+ngo+work&tbm=isch
611,Global Impact NGO 611,Germany,Health,https://www.google.com/search?q=Global+Impact+NGO+611+ngo+work&tbm=isch
612,Global Impact NGO 612,UAE,Human Rights,https://www.google.com/search?q=Global+Impact+NGO+612+ngo+work&tbm=isch
613,Global Impact NGO 613,India,Poverty Relief,https://www.google.com/search?q=Global+Impact+NGO+613+ngo+work&tbm=isch
614,Global Impact NGO 614,Kenya,Human Rights,https://www.google.com/search?q=Global+Impact+NGO+614+ngo+work&tbm=isch
615,Global Impact NGO 615,South Africa,Health,https://www.google.com/search?q=Global+Impact+NGO+615+ngo+work&tbm=isch
616,Global Impact NGO 616,UK,Human Rights,https://www.google.com/search?q=Global+Impact+NGO+616+ngo+work&tbm=isch
617,Global Impact NGO 617,Canada,Environment,https://www.google.com/search?q=Global+Impact+NGO+617+ngo+work&tbm=isch
618,Global Impact NGO 618,UAE,Human Rights,https://www.google.com/search?q=Global+Impact+NGO+618+ngo+work&tbm=isch
619,Global Impact NGO 619,UK,Health,https://www.google.com/search?q=Global+Impact+NGO+619+ngo+work&tbm=isch
620,Global Impact NGO 620,India,Health,https://www.google.com/search?q=Global+Impact+NGO+620+ngo+work&tbm=isch
621,Global Impact NGO 621,Kenya,Poverty Relief,https://www.google.com/search?q=Global+Impact+NGO+621+ngo+work&tbm=isch
622,Global Impact NGO 622,India,Human Rights,https://www.google.com/search?q=Global+Impact+NGO+622+ngo+work&tbm=isch
623,Global Impact NGO 623,Germany,Environment,https://www.google.com/search?q=Global+Impact+NGO+623+ngo+work&tbm=isch
624,Global Impact NGO 624,India,Women Empowerment,https://www.google.com/search?q=Global+Impact+NGO+624+ngo+work&tbm=isch
625,Global Impact NGO 625,Kenya,Health,https://www.google.com/search?q=Global+Impact+NGO+625+ngo+work&tbm=isch
626,Global Impact NGO 626,UK,Child Welfare,https://www.google.com/search?q=Global+Impact+NGO+626+ngo+work&tbm=isch
627,Global Impact NGO 627,Kenya,Child Welfare,https://www.google.com/search?q=Global+Impact+NGO+627+ngo+work&tbm=isch
628,Global Impact NGO 628,Germany,Women Empowerment,https://www.google.com/search?q=Global+Impact+NGO+628+ngo+work&tbm=isch
629,Global Impact NGO 629,Canada,Health,https://www.google.com/search?q=Global+Impact+NGO+629+ngo+work&tbm=isch
630,Global Impact NGO 630,Canada,Education,https://www.google.com/search?q=Global+Impact+NGO+630+ngo+work&tbm=isch
631,Global Impact NGO 631,Canada,Health,https://www.google.com/search?q=Global+Impact+NGO+631+ngo+work&tbm=isch
632,Global Impact NGO 632,USA,Women Empowerment,https://www.google.com/search?q=Global+Impact+NGO+632+ngo+work&tbm=isch
633,Global Impact NGO 633,India,Health,https://www.google.com/search?q=Global+Impact+NGO+633+ngo+work&tbm=isch
634,Global Impact NGO 634,Canada,Women Empowerment,https://www.google.com/search?q=Global+Impact+NGO+634+ngo+work&tbm=isch
635,Global Impact NGO 635,Brazil,Health,https://www.google.com/search?q=Global+Impact+NGO+635+ngo+work&tbm=isch
636,Global Impact NGO 636,Germany,Human Rights,https://www.google.com/search?q=Global+Impact+NGO+636+ngo+work&tbm=isch
637,Global Impact NGO 637,Brazil,Health,https://www.google.com/search?q=Global+Impact+NGO+637+ngo+work&tbm=isch
638,Global Impact NGO 638,USA,Human Rights,https://www.google.com/search?q=Global+Impact+NGO+638+ngo+work&tbm=isch
639,Global Impact NGO 639,Kenya,Education,https://www.google.com/search?q=Global+Impact+NGO+639+ngo+work&tbm=isch
640,Global Impact NGO 640,Germany,Poverty Relief,https://www.google.com/search?q=Global+Impact+NGO+640+ngo+work&tbm=isch
641,Global Impact NGO 641,India,Human Rights,https://www.google.com/search?q=Global+Impact+NGO+641+ngo+work&tbm=isch
642,Global Impact NGO 642,Germany,Environment,https://www.google.com/search?q=Global+Impact+NGO+642+ngo+work&tbm=isch
643,Global Impact NGO 643,UK,Child Welfare,https://www.google.com/search?q=Global+Impact+NGO+643+ngo+work&tbm=isch
644,Global Impact NGO 644,USA,Education,https://www.google.com/search?q=Global+Impact+NGO+644+ngo+work&tbm=isch
645,Global Impact NGO 645,India,Women Empowerment,https://www.google.com/search?q=Global+Impact+NGO+645+ngo+work&tbm=isch
646,Global Impact NGO 646,India,Women Empowerment,https://www.google.com/search?q=Global+Impact+NGO+646+ngo+work&tbm=isch
647,Global Impact NGO 647,Brazil,Human Rights,https://www.google.com/search?q=Global+Impact+NGO+647+ngo+work&tbm=isch
648,Global Impact NGO 648,India,Women Empowerment,https://www.google.com/search?q=Global+Impact+NGO+648+ngo+work&tbm=isch
649,Global Impact NGO 649,Canada,Women Empowerment,https://www.google.com/search?q=Global+Impact+NGO+649+ngo+work&tbm=isch
650,Global Impact NGO 650,Kenya,Poverty Relief,https://www.google.com/search?q=Global+Impact+NGO+650+ngo+work&tbm=isch
651,Global Impact NGO 651,USA,Women Empowerment,https://www.google.com/search?q=Global+Impact+NGO+651+ngo+work&tbm=isch
652,Global Impact NGO 652,UK,Child Welfare,https://www.google.com/search?q=Global+Impact+NGO+652+ngo+work&tbm=isch
653,Global Impact NGO 653,UK,Human Rights,https://www.google.com/search?q=Global+Impact+NGO+653+ngo+work&tbm=isch
654,Global Impact NGO 654,UK,Environment,https://www.google.com/search?q=Global+Impact+NGO+654+ngo+work&tbm=isch
655,Global Impact NGO 655,Kenya,Women Empowerment,https://www.google.com/search?q=Global+Impact+NGO+655+ngo+work&tbm=isch
656,Global Impact NGO 656,Canada,Human Rights,https://www.google.com/search?q=Global+Impact+NGO+656+ngo+work&tbm=isch
657,Global Impact NGO 657,USA,Education,https://www.google.com/search?q=Global+Impact+NGO+657+ngo+work&tbm=isch
658,Global Impact NGO 658,UK,Child Welfare,https://www.google.com/search?q=Global+Impact+NGO+658+ngo+work&tbm=isch
659,Global Impact NGO 659,USA,Poverty Relief,https://www.google.com/search?q=Global+Impact+NGO+659+ngo+work&tbm=isch
660,Global Impact NGO 660,Canada,Poverty Relief,https://www.google.com/search?q=Global+Impact+NGO+660+ngo+work&tbm=isch
661,Global Impact NGO 661,UK,Education,https://www.google.com/search?q=Global+Impact+NGO+661+ngo+work&tbm=isch
662,Global Impact NGO 662,Germany,Health,https://www.google.com/search?q=Global+Impact+NGO+662+ngo+work&tbm=isch
663,Global Impact NGO 663,Australia,Poverty Relief,https://www.google.com/search?q=Global+Impact+NGO+663+ngo+work&tbm=isch
664,Global Impact NGO 664,Kenya,Child Welfare,https://www.google.com/search?q=Global+Impact+NGO+664+ngo+work&tbm=isch
665,Global Impact NGO 665,Germany,Child Welfare,https://www.google.com/search?q=Global+Impact+NGO+665+ngo+work&tbm=isch
666,Global Impact NGO 666,UAE,Poverty Relief,https://www.google.com/search?q=Global+Impact+NGO+666+ngo+work&tbm=isch
667,Global Impact NGO 667,UK,Child Welfare,https://www.google.com/search?q=Global+Impact+NGO+667+ngo+work&tbm=isch
668,Global Impact NGO 668,Australia,Health,https://www.google.com/search?q=Global+Impact+NGO+668+ngo+work&tbm=isch
669,Global Impact NGO 669,Australia,Human Rights,https://www.google.com/search?q=Global+Impact+NGO+669+ngo+work&tbm=isch
670,Global Impact NGO 670,USA,Health,https://www.google.com/search?q=Global+Impact+NGO+670+ngo+work&tbm=isch
671,Global Impact NGO 671,Kenya,Child Welfare,https://www.google.com/search?q=Global+Impact+NGO+671+ngo+work&tbm=isch
672,Global Impact NGO 672,Brazil,Child Welfare,https://www.google.com/search?q=Global+Impact+NGO+672+ngo+work&tbm=isch
673,Global Impact NGO 673,UAE,Health,https://www.google.com/search?q=Global+Impact+NGO+673+ngo+work&tbm=isch
674,Global Impact NGO 674,UAE,Human Rights,https://www.google.com/search?q=Global+Impact+NGO+674+ngo+work&tbm=isch
675,Global Impact NGO 675,South Africa,Human Rights,https://www.google.com/search?q=Global+Impact+NGO+675+ngo+work&tbm=isch
676,Global Impact NGO 676,Canada,Environment,https://www.google.com/search?q=Global+Impact+NGO+676+ngo+work&tbm=isch
677,Global Impact NGO 677,Canada,Women Empowerment,https://www.google.com/search?q=Global+Impact+NGO+677+ngo+work&tbm=isch
678,Global Impact NGO 678,Canada,Education,https://www.google.com/search?q=Global+Impact+NGO+678+ngo+work&tbm=isch
679,Global Impact NGO 679,UAE,Poverty Relief,https://www.google.com/search?q=Global+Impact+NGO+679+ngo+work&tbm=isch
680,Global Impact NGO 680,Germany,Environment,https://www.google.com/search?q=Global+Impact+NGO+680+ngo+work&tbm=isch
681,Global Impact NGO 681,UAE,Child Welfare,https://www.google.com/search?q=Global+Impact+NGO+681+ngo+work&tbm=isch
682,Global Impact NGO 682,Australia,Education,https://www.google.com/search?q=Global+Impact+NGO+682+ngo+work&tbm=isch
683,Global Impact NGO 683,Brazil,Poverty Relief,https://www.google.com/search?q=Global+Impact+NGO+683+ngo+work&tbm=isch
684,Global Impact NGO 684,UAE,Education,https://www.google.com/search?q=Global+Impact+NGO+684+ngo+work&tbm=isch
685,Global Impact NGO 685,Australia,Child Welfare,https://www.google.com/search?q=Global+Impact+NGO+685+ngo+work&tbm=isch
686,Global Impact NGO 686,Kenya,Women Empowerment,https://www.google.com/search?q=Global+Impact+NGO+686+ngo+work&tbm=isch
687,Global Impact NGO 687,Brazil,Education,https://www.google.com/search?q=Global+Impact+NGO+687+ngo+work&tbm=isch
688,Global Impact NGO 688,UAE,Poverty Relief,https://www.google.com/search?q=Global+Impact+NGO+688+ngo+work&tbm=isch
689,Global Impact NGO 689,UAE,Women Empowerment,https://www.google.com/search?q=Global+Impact+NGO+689+ngo+work&tbm=isch
690,Global Impact NGO 690,UAE,Health,https://www.google.com/search?q=Global+Impact+NGO+690+ngo+work&tbm=isch
691,Global Impact NGO 691,USA,Environment,https://www.google.com/search?q=Global+Impact+NGO+691+ngo+work&tbm=isch
692,Global Impact NGO 692,Brazil,Environment,https://www.google.com/search?q=Global+Impact+NGO+692+ngo+work&tbm=isch
693,Global Impact NGO 693,UK,Poverty Relief,https://www.google.com/search?q=Global+Impact+NGO+693+ngo+work&tbm=isch
694,Global Impact NGO 694,Canada,Women Empowerment,https://www.google.com/search?q=Global+Impact+NGO+694+ngo+work&tbm=isch
695,Global Impact NGO 695,India,Education,https://www.google.com/search?q=Global+Impact+NGO+695+ngo+work&tbm=isch
696,Global Impact NGO 696,Canada,Poverty Relief,https://www.google.com/search?q=Global+Impact+NGO+696+ngo+work&tbm=isch
697,Global Impact NGO 697,India,Poverty Relief,https://www.google.com/search?q=Global+Impact+NGO+697+ngo+work&tbm=isch
698,Global Impact NGO 698,Germany,Poverty Relief,https://www.google.com/search?q=Global+Impact+NGO+698+ngo+work&tbm=isch
699,Global Impact NGO 699,Germany,Health,https://www.google.com/search?q=Global+Impact+NGO+699+ngo+work&tbm=isch
700,Global Impact NGO 700,UK,Women Empowerment,https://www.google.com/search?q=Global+Impact+NGO+700+ngo+work&tbm=isch
701,Global Impact NGO 701,South Africa,Human Rights,https://www.google.com/search?q=Global+Impact+NGO+701+ngo+work&tbm=isch
702,Global Impact NGO 702,UK,Women Empowerment,https://www.google.com/search?q=Global+Impact+NGO+702+ngo+work&tbm=isch
703,Global Impact NGO 703,USA,Women Empowerment,https://www.google.com/search?q=Global+Impact+NGO+703+ngo+work&tbm=isch
704,Global Impact NGO 704,South Africa,Environment,https://www.google.com/search?q=Global+Impact+NGO+704+ngo+work&tbm=isch
705,Global Impact NGO 705,Germany,Human Rights,https://www.google.com/search?q=Global+Impact+NGO+705+ngo+work&tbm=isch
706,Global Impact NGO 706,UAE,Human Rights,https://www.google.com/search?q=Global+Impact+NGO+706+ngo+work&tbm=isch
707,Global Impact NGO 707,Germany,Environment,https://www.google.com/search?q=Global+Impact+NGO+707+ngo+work&tbm=isch
708,Global Impact NGO 708,Australia,Child Welfare,https://www.google.com/search?q=Global+Impact+NGO+708+ngo+work&tbm=isch
709,Global Impact NGO 709,Brazil,Poverty Relief,https://www.google.com/search?q=Global+Impact+NGO+709+ngo+work&tbm=isch
710,Global Impact NGO 710,Canada,Poverty Relief,https://www.google.com/search?q=Global+Impact+NGO+710+ngo+work&tbm=isch
711,Global Impact NGO 711,India,Human Rights,https://www.google.com/search?q=Global+Impact+NGO+711+ngo+work&tbm=isch
712,Global Impact NGO 712,Kenya,Poverty Relief,https://www.google.com/search?q=Global+Impact+NGO+712+ngo+work&tbm=isch
713,Global Impact NGO 713,India,Health,https://www.google.com/search?q=Global+Impact+NGO+713+ngo+work&tbm=isch
714,Global Impact NGO 714,Australia,Health,https://www.google.com/search?q=Global+Impact+NGO+714+ngo+work&tbm=isch
715,Global Impact NGO 715,UAE,Child Welfare,https://www.google.com/search?q=Global+Impact+NGO+715+ngo+work&tbm=isch
716,Global Impact NGO 716,Canada,Women Empowerment,https://www.google.com/search?q=Global+Impact+NGO+716+ngo+work&tbm=isch
717,Global Impact NGO 717,Canada,Health,https://www.google.com/search?q=Global+Impact+NGO+717+ngo+work&tbm=isch
718,Global Impact NGO 718,South Africa,Human Rights,https://www.google.com/search?q=Global+Impact+NGO+718+ngo+work&tbm=isch
719,Global Impact NGO 719,Canada,Environment,https://www.google.com/search?q=Global+Impact+NGO+719+ngo+work&tbm=isch
720,Global Impact NGO 720,Brazil,Child Welfare,https://www.google.com/search?q=Global+Impact+NGO+720+ngo+work&tbm=isch
721,Global Impact NGO 721,UK,Environment,https://www.google.com/search?q=Global+Impact+NGO+721+ngo+work&tbm=isch
722,Global Impact NGO 722,South Africa,Women Empowerment,https://www.google.com/search?q=Global+Impact+NGO+722+ngo+work&tbm=isch
723,Global Impact NGO 723,UK,Child Welfare,https://www.google.com/search?q=Global+Impact+NGO+723+ngo+work&tbm=isch
724,Global Impact NGO 724,UAE,Poverty Relief,https://www.google.com/search?q=Global+Impact+NGO+724+ngo+work&tbm=isch
725,Global Impact NGO 725,UAE,Education,https://www.google.com/search?q=Global+Impact+NGO+725+ngo+work&tbm=isch
726,Global Impact NGO 726,Brazil,Health,https://www.google.com/search?q=Global+Impact+NGO+726+ngo+work&tbm=isch
727,Global Impact NGO 727,India,Human Rights,https://www.google.com/search?q=Global+Impact+NGO+727+ngo+work&tbm=isch
728,Global Impact NGO 728,Canada,Child Welfare,https://www.google.com/search?q=Global+Impact+NGO+728+ngo+work&tbm=isch
729,Global Impact NGO 729,UAE,Child Welfare,https://www.google.com/search?q=Global+Impact+NGO+729+ngo+work&tbm=isch
730,Global Impact NGO 730,Brazil,Child Welfare,https://www.google.com/search?q=Global+Impact+NGO+730+ngo+work&tbm=isch
731,Global Impact NGO 731,USA,Health,https://www.google.com/search?q=Global+Impact+NGO+731+ngo+work&tbm=isch
732,Global Impact NGO 732,UAE,Health,https://www.google.com/search?q=Global+Impact+NGO+732+ngo+work&tbm=isch
733,Global Impact NGO 733,USA,Women Empowerment,https://www.google.com/search?q=Global+Impact+NGO+733+ngo+work&tbm=isch
734,Global Impact NGO 734,South Africa,Environment,https://www.google.com/search?q=Global+Impact+NGO+734+ngo+work&tbm=isch
735,Global Impact NGO 735,Germany,Child Welfare,https://www.google.com/search?q=Global+Impact+NGO+735+ngo+work&tbm=isch
736,Global Impact NGO 736,South Africa,Health,https://www.google.com/search?q=Global+Impact+NGO+736+ngo+work&tbm=isch
737,Global Impact NGO 737,Germany,Human Rights,https://www.google.com/search?q=Global+Impact+NGO+737+ngo+work&tbm=isch
738,Global Impact NGO 738,Brazil,Health,https://www.google.com/search?q=Global+Impact+NGO+738+ngo+work&tbm=isch
739,Global Impact NGO 739,South Africa,Poverty Relief,https://www.google.com/search?q=Global+Impact+NGO+739+ngo+work&tbm=isch
740,Global Impact NGO 740,South Africa,Education,https://www.google.com/search?q=Global+Impact+NGO+740+ngo+work&tbm=isch
741,Global Impact NGO 741,USA,Environment,https://www.google.com/search?q=Global+Impact+NGO+741+ngo+work&tbm=isch
742,Global Impact NGO 742,South Africa,Education,https://www.google.com/search?q=Global+Impact+NGO+742+ngo+work&tbm=isch
743,Global Impact NGO 743,Canada,Poverty Relief,https://www.google.com/search?q=Global+Impact+NGO+743+ngo+work&tbm=isch
744,Global Impact NGO 744,UK,Child Welfare,https://www.google.com/search?q=Global+Impact+NGO+744+ngo+work&tbm=isch
745,Global Impact NGO 745,UAE,Women Empowerment,https://www.google.com/search?q=Global+Impact+NGO+745+ngo+work&tbm=isch
746,Global Impact NGO 746,Brazil,Women Empowerment,https://www.google.com/search?q=Global+Impact+NGO+746+ngo+work&tbm=isch
747,Global Impact NGO 747,South Africa,Poverty Relief,https://www.google.com/search?q=Global+Impact+NGO+747+ngo+work&tbm=isch
748,Global Impact NGO 748,Germany,Education,https://www.google.com/search?q=Global+Impact+NGO+748+ngo+work&tbm=isch
749,Global Impact NGO 749,India,Women Empowerment,https://www.google.com/search?q=Global+Impact+NGO+749+ngo+work&tbm=isch
750,Global Impact NGO 750,India,Education,https://www.google.com/search?q=Global+Impact+NGO+750+ngo+work&tbm=isch
751,Global Impact NGO 751,Australia,Health,https://www.google.com/search?q=Global+Impact+NGO+751+ngo+work&tbm=isch
752,Global Impact NGO 752,USA,Education,https://www.google.com/search?q=Global+Impact+NGO+752+ngo+work&tbm=isch
753,Global Impact NGO 753,South Africa,Child Welfare,https://www.google.com/search?q=Global+Impact+NGO+753+ngo+work&tbm=isch
754,Global Impact NGO 754,Germany,Human Rights,https://www.google.com/search?q=Global+Impact+NGO+754+ngo+work&tbm=isch
755,Global Impact NGO 755,UK,Poverty Relief,https://www.google.com/search?q=Global+Impact+NGO+755+ngo+work&tbm=isch
756,Global Impact NGO 756,Canada,Women Empowerment,https://www.google.com/search?q=Global+Impact+NGO+756+ngo+work&tbm=isch
757,Global Impact NGO 757,Canada,Environment,https://www.google.com/search?q=Global+Impact+NGO+757+ngo+work&tbm=isch
758,Global Impact NGO 758,UK,Human Rights,https://www.google.com/search?q=Global+Impact+NGO+758+ngo+work&tbm=isch
759,Global Impact NGO 759,USA,Environment,https://www.google.com/search?q=Global+Impact+NGO+759+ngo+work&tbm=isch
760,Global Impact NGO 760,India,Women Empowerment,https://www.google.com/search?q=Global+Impact+NGO+760+ngo+work&tbm=isch
761,Global Impact NGO 761,Brazil,Poverty Relief,https://www.google.com/search?q=Global+Impact+NGO+761+ngo+work&tbm=isch
762,Global Impact NGO 762,Brazil,Poverty Relief,https://www.google.com/search?q=Global+Impact+NGO+762+ngo+work&tbm=isch
763,Global Impact NGO 763,Brazil,Education,https://www.google.com/search?q=Global+Impact+NGO+763+ngo+work&tbm=isch
764,Global Impact NGO 764,Germany,Women Empowerment,https://www.google.com/search?q=Global+Impact+NGO+764+ngo+work&tbm=isch
765,Global Impact NGO 765,USA,Health,https://www.google.com/search?q=Global+Impact+NGO+765+ngo+work&tbm=isch
766,Global Impact NGO 766,Australia,Women Empowerment,https://www.google.com/search?q=Global+Impact+NGO+766+ngo+work&tbm=isch
767,Global Impact NGO 767,USA,Environment,https://www.google.com/search?q=Global+Impact+NGO+767+ngo+work&tbm=isch
768,Global Impact NGO 768,Canada,Women Empowerment,https://www.google.com/search?q=Global+Impact+NGO+768+ngo+work&tbm=isch
769,Global Impact NGO 769,USA,Environment,https://www.google.com/search?q=Global+Impact+NGO+769+ngo+work&tbm=isch
770,Global Impact NGO 770,UAE,Environment,https://www.google.com/search?q=Global+Impact+NGO+770+ngo+work&tbm=isch
771,Global Impact NGO 771,UK,Child Welfare,https://www.google.com/search?q=Global+Impact+NGO+771+ngo+work&tbm=isch
772,Global Impact NGO 772,Germany,Education,https://www.google.com/search?q=Global+Impact+NGO+772+ngo+work&tbm=isch
773,Global Impact NGO 773,Kenya,Health,https://www.google.com/search?q=Global+Impact+NGO+773+ngo+work&tbm=isch
774,Global Impact NGO 774,India,Women Empowerment,https://www.google.com/search?q=Global+Impact+NGO+774+ngo+work&tbm=isch
775,Global Impact NGO 775,South Africa,Environment,https://www.google.com/search?q=Global+Impact+NGO+775+ngo+work&tbm=isch
776,Global Impact NGO 776,Canada,Health,https://www.google.com/search?q=Global+Impact+NGO+776+ngo+work&tbm=isch
777,Global Impact NGO 777,Germany,Environment,https://www.google.com/search?q=Global+Impact+NGO+777+ngo+work&tbm=isch
778,Global Impact NGO 778,USA,Poverty Relief,https://www.google.com/search?q=Global+Impact+NGO+778+ngo+work&tbm=isch
779,Global Impact NGO 779,Australia,Health,https://www.google.com/search?q=Global+Impact+NGO+779+ngo+work&tbm=isch
780,Global Impact NGO 780,Germany,Human Rights,https://www.google.com/search?q=Global+Impact+NGO+780+ngo+work&tbm=isch
781,Global Impact NGO 781,USA,Human Rights,https://www.google.com/search?q=Global+Impact+NGO+781+ngo+work&tbm=isch
782,Global Impact NGO 782,USA,Poverty Relief,https://www.google.com/search?q=Global+Impact+NGO+782+ngo+work&tbm=isch
783,Global Impact NGO 783,UAE,Women Empowerment,https://www.google.com/search?q=Global+Impact+NGO+783+ngo+work&tbm=isch
784,Global Impact NGO 784,Brazil,Women Empowerment,https://www.google.com/search?q=Global+Impact+NGO+784+ngo+work&tbm=isch
785,Global Impact NGO 785,South Africa,Human Rights,https://www.google.com/search?q=Global+Impact+NGO+785+ngo+work&tbm=isch
786,Global Impact NGO 786,USA,Poverty Relief,https://www.google.com/search?q=Global+Impact+NGO+786+ngo+work&tbm=isch
787,Global Impact NGO 787,Kenya,Human Rights,https://www.google.com/search?q=Global+Impact+NGO+787+ngo+work&tbm=isch
788,Global Impact NGO 788,UAE,Education,https://www.google.com/search?q=Global+Impact+NGO+788+ngo+work&tbm=isch
789,Global Impact NGO 789,Canada,Environment,https://www.google.com/search?q=Global+Impact+NGO+789+ngo+work&tbm=isch
790,Global Impact NGO 790,Brazil,Environment,https://www.google.com/search?q=Global+Impact+NGO+790+ngo+work&tbm=isch
791,Global Impact NGO 791,UAE,Health,https://www.google.com/search?q=Global+Impact+NGO+791+ngo+work&tbm=isch
792,Global Impact NGO 792,USA,Health,https://www.google.com/search?q=Global+Impact+NGO+792+ngo+work&tbm=isch
793,Global Impact NGO 793,Brazil,Health,https://www.google.com/search?q=Global+Impact+NGO+793+ngo+work&tbm=isch
794,Global Impact NGO 794,Germany,Health,https://www.google.com/search?q=Global+Impact+NGO+794+ngo+work&tbm=isch
795,Global Impact NGO 795,Brazil,Education,https://www.google.com/search?q=Global+Impact+NGO+795+ngo+work&tbm=isch
796,Global Impact NGO 796,Germany,Education,https://www.google.com/search?q=Global+Impact+NGO+796+ngo+work&tbm=isch
797,Global Impact NGO 797,UK,Environment,https://www.google.com/search?q=Global+Impact+NGO+797+ngo+work&tbm=isch
798,Global Impact NGO 798,Brazil,Child Welfare,https://www.google.com/search?q=Global+Impact+NGO+798+ngo+work&tbm=isch
799,Global Impact NGO 799,UK,Environment,https://www.google.com/search?q=Global+Impact+NGO+799+ngo+work&tbm=isch
800,Global Impact NGO 800,Canada,Education,https://www.google.com/search?q=Global+Impact+NGO+800+ngo+work&tbm=isch
801,Global Impact NGO 801,Germany,Child Welfare,https://www.google.com/search?q=Global+Impact+NGO+801+ngo+work&tbm=isch
802,Global Impact NGO 802,Kenya,Environment,https://www.google.com/search?q=Global+Impact+NGO+802+ngo+work&tbm=isch
803,Global Impact NGO 803,South Africa,Education,https://www.google.com/search?q=Global+Impact+NGO+803+ngo+work&tbm=isch
804,Global Impact NGO 804,India,Health,https://www.google.com/search?q=Global+Impact+NGO+804+ngo+work&tbm=isch
805,Global Impact NGO 805,South Africa,Environment,https://www.google.com/search?q=Global+Impact+NGO+805+ngo+work&tbm=isch
806,Global Impact NGO 806,South Africa,Human Rights,https://www.google.com/search?q=Global+Impact+NGO+806+ngo+work&tbm=isch
807,Global Impact NGO 807,Canada,Poverty Relief,https://www.google.com/search?q=Global+Impact+NGO+807+ngo+work&tbm=isch
808,Global Impact NGO 808,USA,Poverty Relief,https://www.google.com/search?q=Global+Impact+NGO+808+ngo+work&tbm=isch
809,Global Impact NGO 809,Brazil,Environment,https://www.google.com/search?q=Global+Impact+NGO+809+ngo+work&tbm=isch
810,Global Impact NGO 810,Germany,Women Empowerment,https://www.google.com/search?q=Global+Impact+NGO+810+ngo+work&tbm=isch
811,Global Impact NGO 811,India,Environment,https://www.google.com/search?q=Global+Impact+NGO+811+ngo+work&tbm=isch
812,Global Impact NGO 812,Kenya,Human Rights,https://www.google.com/search?q=Global+Impact+NGO+812+ngo+work&tbm=isch
813,Global Impact NGO 813,Germany,Women Empowerment,https://www.google.com/search?q=Global+Impact+NGO+813+ngo+work&tbm=isch
814,Global Impact NGO 814,Australia,Education,https://www.google.com/search?q=Global+Impact+NGO+814+ngo+work&tbm=isch
815,Global Impact NGO 815,Australia,Environment,https://www.google.com/search?q=Global+Impact+NGO+815+ngo+work&tbm=isch
816,Global Impact NGO 816,Kenya,Education,https://www.google.com/search?q=Global+Impact+NGO+816+ngo+work&tbm=isch
817,Global Impact NGO 817,Germany,Human Rights,https://www.google.com/search?q=Global+Impact+NGO+817+ngo+work&tbm=isch
818,Global Impact NGO 818,USA,Child Welfare,https://www.google.com/search?q=Global+Impact+NGO+818+ngo+work&tbm=isch
819,Global Impact NGO 819,Brazil,Environment,https://www.google.com/search?q=Global+Impact+NGO+819+ngo+work&tbm=isch
820,Global Impact NGO 820,Canada,Human Rights,https://www.google.com/search?q=Global+Impact+NGO+820+ngo+work&tbm=isch
821,Global Impact NGO 821,Australia,Education,https://www.google.com/search?q=Global+Impact+NGO+821+ngo+work&tbm=isch
822,Global Impact NGO 822,USA,Environment,https://www.google.com/search?q=Global+Impact+NGO+822+ngo+work&tbm=isch
823,Global Impact NGO 823,South Africa,Human Rights,https://www.google.com/search?q=Global+Impact+NGO+823+ngo+work&tbm=isch
824,Global Impact NGO 824,UAE,Education,https://www.google.com/search?q=Global+Impact+NGO+824+ngo+work&tbm=isch
825,Global Impact NGO 825,Kenya,Health,https://www.google.com/search?q=Global+Impact+NGO+825+ngo+work&tbm=isch
826,Global Impact NGO 826,Canada,Women Empowerment,https://www.google.com/search?q=Global+Impact+NGO+826+ngo+work&tbm=isch
827,Global Impact NGO 827,Germany,Child Welfare,https://www.google.com/search?q=Global+Impact+NGO+827+ngo+work&tbm=isch
828,Global Impact NGO 828,Brazil,Environment,https://www.google.com/search?q=Global+Impact+NGO+828+ngo+work&tbm=isch
829,Global Impact NGO 829,India,Human Rights,https://www.google.com/search?q=Global+Impact+NGO+829+ngo+work&tbm=isch
830,Global Impact NGO 830,UK,Women Empowerment,https://www.google.com/search?q=Global+Impact+NGO+830+ngo+work&tbm=isch
831,Global Impact NGO 831,India,Human Rights,https://www.google.com/search?q=Global+Impact+NGO+831+ngo+work&tbm=isch
832,Global Impact NGO 832,South Africa,Environment,https://www.google.com/search?q=Global+Impact+NGO+832+ngo+work&tbm=isch
833,Global Impact NGO 833,South Africa,Human Rights,https://www.google.com/search?q=Global+Impact+NGO+833+ngo+work&tbm=isch
834,Global Impact NGO 834,UAE,Child Welfare,https://www.google.com/search?q=Global+Impact+NGO+834+ngo+work&tbm=isch
835,Global Impact NGO 835,USA,Education,https://www.google.com/search?q=Global+Impact+NGO+835+ngo+work&tbm=isch
836,Global Impact NGO 836,UK,Human Rights,https://www.google.com/search?q=Global+Impact+NGO+836+ngo+work&tbm=isch
837,Global Impact NGO 837,Canada,Poverty Relief,https://www.google.com/search?q=Global+Impact+NGO+837+ngo+work&tbm=isch
838,Global Impact NGO 838,India,Child Welfare,https://www.google.com/search?q=Global+Impact+NGO+838+ngo+work&tbm=isch
839,Global Impact NGO 839,UAE,Women Empowerment,https://www.google.com/search?q=Global+Impact+NGO+839+ngo+work&tbm=isch
840,Global Impact NGO 840,Germany,Education,https://www.google.com/search?q=Global+Impact+NGO+840+ngo+work&tbm=isch
841,Global Impact NGO 841,South Africa,Women Empowerment,https://www.google.com/search?q=Global+Impact+NGO+841+ngo+work&tbm=isch
842,Global Impact NGO 842,Australia,Health,https://www.google.com/search?q=Global+Impact+NGO+842+ngo+work&tbm=isch
843,Global Impact NGO 843,India,Poverty Relief,https://www.google.com/search?q=Global+Impact+NGO+843+ngo+work&tbm=isch
844,Global Impact NGO 844,Kenya,Environment,https://www.google.com/search?q=Global+Impact+NGO+844+ngo+work&tbm=isch
845,Global Impact NGO 845,Brazil,Human Rights,https://www.google.com/search?q=Global+Impact+NGO+845+ngo+work&tbm=isch
846,Global Impact NGO 846,India,Poverty Relief,https://www.google.com/search?q=Global+Impact+NGO+846+ngo+work&tbm=isch
847,Global Impact NGO 847,UAE,Human Rights,https://www.google.com/search?q=Global+Impact+NGO+847+ngo+work&tbm=isch
848,Global Impact NGO 848,Canada,Education,https://www.google.com/search?q=Global+Impact+NGO+848+ngo+work&tbm=isch
849,Global Impact NGO 849,USA,Women Empowerment,https://www.google.com/search?q=Global+Impact+NGO+849+ngo+work&tbm=isch
850,Global Impact NGO 850,India,Poverty Relief,https://www.google.com/search?q=Global+Impact+NGO+850+ngo+work&tbm=isch
851,Global Impact NGO 851,Australia,Women Empowerment,https://www.google.com/search?q=Global+Impact+NGO+851+ngo+work&tbm=isch
852,Global Impact NGO 852,Canada,Women Empowerment,https://www.google.com/search?q=Global+Impact+NGO+852+ngo+work&tbm=isch
853,Global Impact NGO 853,Australia,Environment,https://www.google.com/search?q=Global+Impact+NGO+853+ngo+work&tbm=isch
854,Global Impact NGO 854,Germany,Child Welfare,https://www.google.com/search?q=Global+Impact+NGO+854+ngo+work&tbm=isch
855,Global Impact NGO 855,UK,Poverty Relief,https://www.google.com/search?q=Global+Impact+NGO+855+ngo+work&tbm=isch
856,Global Impact NGO 856,Canada,Environment,https://www.google.com/search?q=Global+Impact+NGO+856+ngo+work&tbm=isch
857,Global Impact NGO 857,India,Health,https://www.google.com/search?q=Global+Impact+NGO+857+ngo+work&tbm=isch
858,Global Impact NGO 858,UAE,Human Rights,https://www.google.com/search?q=Global+Impact+NGO+858+ngo+work&tbm=isch
859,Global Impact NGO 859,Germany,Human Rights,https://www.google.com/search?q=Global+Impact+NGO+859+ngo+work&tbm=isch
860,Global Impact NGO 860,Canada,Women Empowerment,https://www.google.com/search?q=Global+Impact+NGO+860+ngo+work&tbm=isch
861,Global Impact NGO 861,UK,Women Empowerment,https://www.google.com/search?q=Global+Impact+NGO+861+ngo+work&tbm=isch
862,Global Impact NGO 862,UAE,Human Rights,https://www.google.com/search?q=Global+Impact+NGO+862+ngo+work&tbm=isch
863,Global Impact NGO 863,South Africa,Environment,https://www.google.com/search?q=Global+Impact+NGO+863+ngo+work&tbm=isch
864,Global Impact NGO 864,Germany,Environment,https://www.google.com/search?q=Global+Impact+NGO+864+ngo+work&tbm=isch
865,Global Impact NGO 865,South Africa,Child Welfare,https://www.google.com/search?q=Global+Impact+NGO+865+ngo+work&tbm=isch
866,Global Impact NGO 866,Brazil,Health,https://www.google.com/search?q=Global+Impact+NGO+866+ngo+work&tbm=isch
867,Global Impact NGO 867,UK,Child Welfare,https://www.google.com/search?q=Global+Impact+NGO+867+ngo+work&tbm=isch
868,Global Impact NGO 868,UAE,Poverty Relief,https://www.google.com/search?q=Global+Impact+NGO+868+ngo+work&tbm=isch
869,Global Impact NGO 869,Brazil,Environment,https://www.google.com/search?q=Global+Impact+NGO+869+ngo+work&tbm=isch
870,Global Impact NGO 870,UAE,Human Rights,https://www.google.com/search?q=Global+Impact+NGO+870+ngo+work&tbm=isch
871,Global Impact NGO 871,UAE,Environment,https://www.google.com/search?q=Global+Impact+NGO+871+ngo+work&tbm=isch
872,Global Impact NGO 872,Germany,Health,https://www.google.com/search?q=Global+Impact+NGO+872+ngo+work&tbm=isch
873,Global Impact NGO 873,UAE,Education,https://www.google.com/search?q=Global+Impact+NGO+873+ngo+work&tbm=isch
874,Global Impact NGO 874,South Africa,Poverty Relief,https://www.google.com/search?q=Global+Impact+NGO+874+ngo+work&tbm=isch
875,Global Impact NGO 875,Germany,Women Empowerment,https://www.google.com/search?q=Global+Impact+NGO+875+ngo+work&tbm=isch
876,Global Impact NGO 876,Germany,Environment,https://www.google.com/search?q=Global+Impact+NGO+876+ngo+work&tbm=isch
877,Global Impact NGO 877,Germany,Education,https://www.google.com/search?q=Global+Impact+NGO+877+ngo+work&tbm=isch
878,Global Impact NGO 878,South Africa,Women Empowerment,https://www.google.com/search?q=Global+Impact+NGO+878+ngo+work&tbm=isch
879,Global Impact NGO 879,USA,Education,https://www.google.com/search?q=Global+Impact+NGO+879+ngo+work&tbm=isch
880,Global Impact NGO 880,UAE,Child Welfare,https://www.google.com/search?q=Global+Impact+NGO+880+ngo+work&tbm=isch
881,Global Impact NGO 881,Kenya,Human Rights,https://www.google.com/search?q=Global+Impact+NGO+881+ngo+work&tbm=isch
882,Global Impact NGO 882,South Africa,Poverty Relief,https://www.google.com/search?q=Global+Impact+NGO+882+ngo+work&tbm=isch
883,Global Impact NGO 883,UK,Environment,https://www.google.com/search?q=Global+Impact+NGO+883+ngo+work&tbm=isch
884,Global Impact NGO 884,South Africa,Health,https://www.google.com/search?q=Global+Impact+NGO+884+ngo+work&tbm=isch
885,Global Impact NGO 885,UK,Women Empowerment,https://www.google.com/search?q=Global+Impact+NGO+885+ngo+work&tbm=isch
886,Global Impact NGO 886,India,Human Rights,https://www.google.com/search?q=Global+Impact+NGO+886+ngo+work&tbm=isch
887,Global Impact NGO 887,UAE,Poverty Relief,https://www.google.com/search?q=Global+Impact+NGO+887+ngo+work&tbm=isch
888,Global Impact NGO 888,USA,Child Welfare,https://www.google.com/search?q=Global+Impact+NGO+888+ngo+work&tbm=isch
889,Global Impact NGO 889,Germany,Women Empowerment,https://www.google.com/search?q=Global+Impact+NGO+889+ngo+work&tbm=isch
890,Global Impact NGO 890,Germany,Poverty Relief,https://www.google.com/search?q=Global+Impact+NGO+890+ngo+work&tbm=isch
891,Global Impact NGO 891,Brazil,Health,https://www.google.com/search?q=Global+Impact+NGO+891+ngo+work&tbm=isch
892,Global Impact NGO 892,UAE,Child Welfare,https://www.google.com/search?q=Global+Impact+NGO+892+ngo+work&tbm=isch
893,Global Impact NGO 893,UK,Human Rights,https://www.google.com/search?q=Global+Impact+NGO+893+ngo+work&tbm=isch
894,Global Impact NGO 894,India,Human Rights,https://www.google.com/search?q=Global+Impact+NGO+894+ngo+work&tbm=isch
895,Global Impact NGO 895,USA,Environment,https://www.google.com/search?q=Global+Impact+NGO+895+ngo+work&tbm=isch
896,Global Impact NGO 896,Germany,Child Welfare,https://www.google.com/search?q=Global+Impact+NGO+896+ngo+work&tbm=isch
897,Global Impact NGO 897,UK,Environment,https://www.google.com/search?q=Global+Impact+NGO+897+ngo+work&tbm=isch
898,Global Impact NGO 898,Kenya,Environment,https://www.google.com/search?q=Global+Impact+NGO+898+ngo+work&tbm=isch
899,Global Impact NGO 899,USA,Child Welfare,https://www.google.com/search?q=Global+Impact+NGO+899+ngo+work&tbm=isch
900,Global Impact NGO 900,Australia,Health,https://www.google.com/search?q=Global+Impact+NGO+900+ngo+work&tbm=isch
901,Global Impact NGO 901,South Africa,Health,https://www.google.com/search?q=Global+Impact+NGO+901+ngo+work&tbm=isch
902,Global Impact NGO 902,Brazil,Women Empowerment,https://www.google.com/search?q=Global+Impact+NGO+902+ngo+work&tbm=isch
903,Global Impact NGO 903,India,Health,https://www.google.com/search?q=Global+Impact+NGO+903+ngo+work&tbm=isch
904,Global Impact NGO 904,USA,Women Empowerment,https://www.google.com/search?q=Global+Impact+NGO+904+ngo+work&tbm=isch
905,Global Impact NGO 905,Australia,Women Empowerment,https://www.google.com/search?q=Global+Impact+NGO+905+ngo+work&tbm=isch
906,Global Impact NGO 906,USA,Education,https://www.google.com/search?q=Global+Impact+NGO+906+ngo+work&tbm=isch
907,Global Impact NGO 907,Australia,Child Welfare,https://www.google.com/search?q=Global+Impact+NGO+907+ngo+work&tbm=isch
908,Global Impact NGO 908,USA,Health,https://www.google.com/search?q=Global+Impact+NGO+908+ngo+work&tbm=isch
909,Global Impact NGO 909,South Africa,Women Empowerment,https://www.google.com/search?q=Global+Impact+NGO+909+ngo+work&tbm=isch
910,Global Impact NGO 910,Australia,Environment,https://www.google.com/search?q=Global+Impact+NGO+910+ngo+work&tbm=isch
911,Global Impact NGO 911,Australia,Education,https://www.google.com/search?q=Global+Impact+NGO+911+ngo+work&tbm=isch
912,Global Impact NGO 912,Canada,Poverty Relief,https://www.google.com/search?q=Global+Impact+NGO+912+ngo+work&tbm=isch
913,Global Impact NGO 913,UK,Environment,https://www.google.com/search?q=Global+Impact+NGO+913+ngo+work&tbm=isch
914,Global Impact NGO 914,UK,Human Rights,https://www.google.com/search?q=Global+Impact+NGO+914+ngo+work&tbm=isch
915,Global Impact NGO 915,Germany,Poverty Relief,https://www.google.com/search?q=Global+Impact+NGO+915+ngo+work&tbm=isch
916,Global Impact NGO 916,Canada,Health,https://www.google.com/search?q=Global+Impact+NGO+916+ngo+work&tbm=isch
917,Global Impact NGO 917,UAE,Women Empowerment,https://www.google.com/search?q=Global+Impact+NGO+917+ngo+work&tbm=isch
918,Global Impact NGO 918,India,Poverty Relief,https://www.google.com/search?q=Global+Impact+NGO+918+ngo+work&tbm=isch
919,Global Impact NGO 919,India,Environment,https://www.google.com/search?q=Global+Impact+NGO+919+ngo+work&tbm=isch
920,Global Impact NGO 920,Brazil,Women Empowerment,https://www.google.com/search?q=Global+Impact+NGO+920+ngo+work&tbm=isch
921,Global Impact NGO 921,UK,Education,https://www.google.com/search?q=Global+Impact+NGO+921+ngo+work&tbm=isch
922,Global Impact NGO 922,South Africa,Human Rights,https://www.google.com/search?q=Global+Impact+NGO+922+ngo+work&tbm=isch
923,Global Impact NGO 923,South Africa,Education,https://www.google.com/search?q=Global+Impact+NGO+923+ngo+work&tbm=isch
924,Global Impact NGO 924,UK,Health,https://www.google.com/search?q=Global+Impact+NGO+924+ngo+work&tbm=isch
925,Global Impact NGO 925,UAE,Women Empowerment,https://www.google.com/search?q=Global+Impact+NGO+925+ngo+work&tbm=isch
926,Global Impact NGO 926,Germany,Human Rights,https://www.google.com/search?q=Global+Impact+NGO+926+ngo+work&tbm=isch
927,Global Impact NGO 927,Brazil,Poverty Relief,https://www.google.com/search?q=Global+Impact+NGO+927+ngo+work&tbm=isch
928,Global Impact NGO 928,USA,Human Rights,https://www.google.com/search?q=Global+Impact+NGO+928+ngo+work&tbm=isch
929,Global Impact NGO 929,Kenya,Child Welfare,https://www.google.com/search?q=Global+Impact+NGO+929+ngo+work&tbm=isch
930,Global Impact NGO 930,UAE,Poverty Relief,https://www.google.com/search?q=Global+Impact+NGO+930+ngo+work&tbm=isch
931,Global Impact NGO 931,USA,Women Empowerment,https://www.google.com/search?q=Global+Impact+NGO+931+ngo+work&tbm=isch
932,Global Impact NGO 932,UK,Women Empowerment,https://www.google.com/search?q=Global+Impact+NGO+932+ngo+work&tbm=isch
933,Global Impact NGO 933,Germany,Health,https://www.google.com/search?q=Global+Impact+NGO+933+ngo+work&tbm=isch
934,Global Impact NGO 934,Brazil,Child Welfare,https://www.google.com/search?q=Global+Impact+NGO+934+ngo+work&tbm=isch
935,Global Impact NGO 935,Canada,Education,https://www.google.com/search?q=Global+Impact+NGO+935+ngo+work&tbm=isch
936,Global Impact NGO 936,Australia,Human Rights,https://www.google.com/search?q=Global+Impact+NGO+936+ngo+work&tbm=isch
937,Global Impact NGO 937,Canada,Education,https://www.google.com/search?q=Global+Impact+NGO+937+ngo+work&tbm=isch
938,Global Impact NGO 938,USA,Child Welfare,https://www.google.com/search?q=Global+Impact+NGO+938+ngo+work&tbm=isch
939,Global Impact NGO 939,South Africa,Education,https://www.google.com/search?q=Global+Impact+NGO+939+ngo+work&tbm=isch
940,Global Impact NGO 940,UK,Poverty Relief,https://www.google.com/search?q=Global+Impact+NGO+940+ngo+work&tbm=isch
941,Global Impact NGO 941,South Africa,Education,https://www.google.com/search?q=Global+Impact+NGO+941+ngo+work&tbm=isch
942,Global Impact NGO 942,Canada,Education,https://www.google.com/search?q=Global+Impact+NGO+942+ngo+work&tbm=isch
943,Global Impact NGO 943,Canada,Education,https://www.google.com/search?q=Global+Impact+NGO+943+ngo+work&tbm=isch
944,Global Impact NGO 944,Brazil,Poverty Relief,https://www.google.com/search?q=Global+Impact+NGO+944+ngo+work&tbm=isch
945,Global Impact NGO 945,UK,Child Welfare,https://www.google.com/search?q=Global+Impact+NGO+945+ngo+work&tbm=isch
946,Global Impact NGO 946,UAE,Human Rights,https://www.google.com/search?q=Global+Impact+NGO+946+ngo+work&tbm=isch
947,Global Impact NGO 947,Australia,Poverty Relief,https://www.google.com/search?q=Global+Impact+NGO+947+ngo+work&tbm=isch
948,Global Impact NGO 948,Canada,Poverty Relief,https://www.google.com/search?q=Global+Impact+NGO+948+ngo+work&tbm=isch
949,Global Impact NGO 949,UAE,Education,https://www.google.com/search?q=Global+Impact+NGO+949+ngo+work&tbm=isch
950,Global Impact NGO 950,USA,Child Welfare,https://www.google.com/search?q=Global+Impact+NGO+950+ngo+work&tbm=isch
951,Global Impact NGO 951,Germany,Education,https://www.google.com/search?q=Global+Impact+NGO+951+ngo+work&tbm=isch
952,Global Impact NGO 952,India,Child Welfare,https://www.google.com/search?q=Global+Impact+NGO+952+ngo+work&tbm=isch
953,Global Impact NGO 953,Brazil,Education,https://www.google.com/search?q=Global+Impact+NGO+953+ngo+work&tbm=isch
954,Global Impact NGO 954,UK,Poverty Relief,https://www.google.com/search?q=Global+Impact+NGO+954+ngo+work&tbm=isch
955,Global Impact NGO 955,Brazil,Health,https://www.google.com/search?q=Global+Impact+NGO+955+ngo+work&tbm=isch
956,Global Impact NGO 956,South Africa,Women Empowerment,https://www.google.com/search?q=Global+Impact+NGO+956+ngo+work&tbm=isch
957,Global Impact NGO 957,Canada,Education,https://www.google.com/search?q=Global+Impact+NGO+957+ngo+work&tbm=isch
958,Global Impact NGO 958,Kenya,Women Empowerment,https://www.google.com/search?q=Global+Impact+NGO+958+ngo+work&tbm=isch
959,Global Impact NGO 959,Germany,Education,https://www.google.com/search?q=Global+Impact+NGO+959+ngo+work&tbm=isch
960,Global Impact NGO 960,Canada,Child Welfare,https://www.google.com/search?q=Global+Impact+NGO+960+ngo+work&tbm=isch
961,Global Impact NGO 961,Germany,Child Welfare,https://www.google.com/search?q=Global+Impact+NGO+961+ngo+work&tbm=isch
962,Global Impact NGO 962,Kenya,Human Rights,https://www.google.com/search?q=Global+Impact+NGO+962+ngo+work&tbm=isch
963,Global Impact NGO 963,Australia,Poverty Relief,https://www.google.com/search?q=Global+Impact+NGO+963+ngo+work&tbm=isch
964,Global Impact NGO 964,UK,Women Empowerment,https://www.google.com/search?q=Global+Impact+NGO+964+ngo+work&tbm=isch
965,Global Impact NGO 965,USA,Environment,https://www.google.com/search?q=Global+Impact+NGO+965+ngo+work&tbm=isch
966,Global Impact NGO 966,Australia,Human Rights,https://www.google.com/search?q=Global+Impact+NGO+966+ngo+work&tbm=isch
967,Global Impact NGO 967,UAE,Education,https://www.google.com/search?q=Global+Impact+NGO+967+ngo+work&tbm=isch
968,Global Impact NGO 968,Brazil,Women Empowerment,https://www.google.com/search?q=Global+Impact+NGO+968+ngo+work&tbm=isch
969,Global Impact NGO 969,Kenya,Environment,https://www.google.com/search?q=Global+Impact+NGO+969+ngo+work&tbm=isch
970,Global Impact NGO 970,UAE,Education,https://www.google.com/search?q=Global+Impact+NGO+970+ngo+work&tbm=isch
971,Global Impact NGO 971,USA,Health,https://www.google.com/search?q=Global+Impact+NGO+971+ngo+work&tbm=isch
972,Global Impact NGO 972,Kenya,Health,https://www.google.com/search?q=Global+Impact+NGO+972+ngo+work&tbm=isch
973,Global Impact NGO 973,Kenya,Health,https://www.google.com/search?q=Global+Impact+NGO+973+ngo+work&tbm=isch
974,Global Impact NGO 974,UAE,Child Welfare,https://www.google.com/search?q=Global+Impact+NGO+974+ngo+work&tbm=isch
975,Global Impact NGO 975,UAE,Human Rights,https://www.google.com/search?q=Global+Impact+NGO+975+ngo+work&tbm=isch
976,Global Impact NGO 976,India,Women Empowerment,https://www.google.com/search?q=Global+Impact+NGO+976+ngo+work&tbm=isch
977,Global Impact NGO 977,Germany,Poverty Relief,https://www.google.com/search?q=Global+Impact+NGO+977+ngo+work&tbm=isch
978,Global Impact NGO 978,Australia,Women Empowerment,https://www.google.com/search?q=Global+Impact+NGO+978+ngo+work&tbm=isch
979,Global Impact NGO 979,UK,Human Rights,https://www.google.com/search?q=Global+Impact+NGO+979+ngo+work&tbm=isch
980,Global Impact NGO 980,South Africa,Environment,https://www.google.com/search?q=Global+Impact+NGO+980+ngo+work&tbm=isch
981,Global Impact NGO 981,UK,Poverty Relief,https://www.google.com/search?q=Global+Impact+NGO+981+ngo+work&tbm=isch
982,Global Impact NGO 982,Canada,Education,https://www.google.com/search?q=Global+Impact+NGO+982+ngo+work&tbm=isch
983,Global Impact NGO 983,Kenya,Child Welfare,https://www.google.com/search?q=Global+Impact+NGO+983+ngo+work&tbm=isch
984,Global Impact NGO 984,UAE,Child Welfare,https://www.google.com/search?q=Global+Impact+NGO+984+ngo+work&tbm=isch
985,Global Impact NGO 985,Canada,Health,https://www.google.com/search?q=Global+Impact+NGO+985+ngo+work&tbm=isch
986,Global Impact NGO 986,UAE,Education,https://www.google.com/search?q=Global+Impact+NGO+986+ngo+work&tbm=isch
987,Global Impact NGO 987,Brazil,Poverty Relief,https://www.google.com/search?q=Global+Impact+NGO+987+ngo+work&tbm=isch
988,Global Impact NGO 988,UK,Poverty Relief,https://www.google.com/search?q=Global+Impact+NGO+988+ngo+work&tbm=isch
989,Global Impact NGO 989,Kenya,Human Rights,https://www.google.com/search?q=Global+Impact+NGO+989+ngo+work&tbm=isch
990,Global Impact NGO 990,Brazil,Human Rights,https://www.google.com/search?q=Global+Impact+NGO+990+ngo+work&tbm=isch
991,Global Impact NGO 991,Australia,Women Empowerment,https://www.google.com/search?q=Global+Impact+NGO+991+ngo+work&tbm=isch
992,Global Impact NGO 992,Australia,Human Rights,https://www.google.com/search?q=Global+Impact+NGO+992+ngo+work&tbm=isch
993,Global Impact NGO 993,Australia,Environment,https://www.google.com/search?q=Global+Impact+NGO+993+ngo+work&tbm=isch
994,Global Impact NGO 994,Germany,Poverty Relief,https://www.google.com/search?q=Global+Impact+NGO+994+ngo+work&tbm=isch
995,Global Impact NGO 995,Australia,Education,https://www.google.com/search?q=Global+Impact+NGO+995+ngo+work&tbm=isch
996,Global Impact NGO 996,USA,Environment,https://www.google.com/search?q=Global+Impact+NGO+996+ngo+work&tbm=isch
997,Global Impact NGO 997,South Africa,Education,https://www.google.com/search?q=Global+Impact+NGO+997+ngo+work&tbm=isch
998,Global Impact NGO 998,Kenya,Environment,https://www.google.com/search?q=Global+Impact+NGO+998+ngo+work&tbm=isch
999,Global Impact NGO 999,India,Environment,https://www.google.com/search?q=Global+Impact+NGO+999+ngo+work&tbm=isch
1000,Global Impact NGO 1000,USA,Child Welfare,https://www.google.com/search?q=Global+Impact+NGO+1000+ngo+work&tbm=isch
1001,Global Impact NGO 1001,India,Environment,https://www.google.com/search?q=Global+Impact+NGO+1001+ngo+work&tbm=isch
1002,Global Impact NGO 1002,UK,Women Empowerment,https://www.google.com/search?q=Global+Impact+NGO+1002+ngo+work&tbm=isch
1003,Global Impact NGO 1003,India,Poverty Relief,https://www.google.com/search?q=Global+Impact+NGO+1003+ngo+work&tbm=isch
1004,Global Impact NGO 1004,South Africa,Poverty Relief,https://www.google.com/search?q=Global+Impact+NGO+1004+ngo+work&tbm=isch
1005,Global Impact NGO 1005,Australia,Poverty Relief,https://www.google.com/search?q=Global+Impact+NGO+1005+ngo+work&tbm=isch
1006,Global Impact NGO 1006,India,Women Empowerment,https://www.google.com/search?q=Global+Impact+NGO+1006+ngo+work&tbm=isch
1007,Global Impact NGO 1007,Australia,Education,https://www.google.com/search?q=Global+Impact+NGO+1007+ngo+work&tbm=isch
1008,Global Impact NGO 1008,South Africa,Health,https://www.google.com/search?q=Global+Impact+NGO+1008+ngo+work&tbm=isch
1009,Global Impact NGO 1009,UAE,Women Empowerment,https://www.google.com/search?q=Global+Impact+NGO+1009+ngo+work&tbm=isch
1010,Global Impact NGO 1010,Germany,Education,https://www.google.com/search?q=Global+Impact+NGO+1010+ngo+work&tbm=isch
1011,Global Impact NGO 1011,Germany,Human Rights,https://www.google.com/search?q=Global+Impact+NGO+1011+ngo+work&tbm=isch
1012,Global Impact NGO 1012,Canada,Poverty Relief,https://www.google.com/search?q=Global+Impact+NGO+1012+ngo+work&tbm=isch
1013,Global Impact NGO 1013,Canada,Education,https://www.google.com/search?q=Global+Impact+NGO+1013+ngo+work&tbm=isch
1014,Global Impact NGO 1014,South Africa,Education,https://www.google.com/search?q=Global+Impact+NGO+1014+ngo+work&tbm=isch
1015,Global Impact NGO 1015,Canada,Child Welfare,https://www.google.com/search?q=Global+Impact+NGO+1015+ngo+work&tbm=isch
1016,Global Impact NGO 1016,Kenya,Education,https://www.google.com/search?q=Global+Impact+NGO+1016+ngo+work&tbm=isch
1017,Global Impact NGO 1017,Germany,Environment,https://www.google.com/search?q=Global+Impact+NGO+1017+ngo+work&tbm=isch
1018,Global Impact NGO 1018,Germany,Education,https://www.google.com/search?q=Global+Impact+NGO+1018+ngo+work&tbm=isch
1019,Global Impact NGO 1019,India,Health,https://www.google.com/search?q=Global+Impact+NGO+1019+ngo+work&tbm=isch
1020,Global Impact NGO 1020,UK,Child Welfare,https://www.google.com/search?q=Global+Impact+NGO+1020+ngo+work&tbm=isch
1021,Global Impact NGO 1021,India,Poverty Relief,https://www.google.com/search?q=Global+Impact+NGO+1021+ngo+work&tbm=isch
1022,Global Impact NGO 1022,India,Women Empowerment,https://www.google.com/search?q=Global+Impact+NGO+1022+ngo+work&tbm=isch
1023,Global Impact NGO 1023,UAE,Environment,https://www.google.com/search?q=Global+Impact+NGO+1023+ngo+work&tbm=isch
1024,Global Impact NGO 1024,Germany,Poverty Relief,https://www.google.com/search?q=Global+Impact+NGO+1024+ngo+work&tbm=isch
1025,Global Impact NGO 1025,Brazil,Education,https://www.google.com/search?q=Global+Impact+NGO+1025+ngo+work&tbm=isch
1026,Global Impact NGO 1026,Australia,Poverty Relief,https://www.google.com/search?q=Global+Impact+NGO+1026+ngo+work&tbm=isch
1027,Global Impact NGO 1027,Kenya,Environment,https://www.google.com/search?q=Global+Impact+NGO+1027+ngo+work&tbm=isch
1028,Global Impact NGO 1028,UK,Women Empowerment,https://www.google.com/search?q=Global+Impact+NGO+1028+ngo+work&tbm=isch
1029,Global Impact NGO 1029,Kenya,Women Empowerment,https://www.google.com/search?q=Global+Impact+NGO+1029+ngo+work&tbm=isch
1030,Global Impact NGO 1030,Brazil,Women Empowerment,https://www.google.com/search?q=Global+Impact+NGO+1030+ngo+work&tbm=isch
1031,Global Impact NGO 1031,Australia,Environment,https://www.google.com/search?q=Global+Impact+NGO+1031+ngo+work&tbm=isch
1032,Global Impact NGO 1032,Kenya,Health,https://www.google.com/search?q=Global+Impact+NGO+1032+ngo+work&tbm=isch
1033,Global Impact NGO 1033,UK,Environment,https://www.google.com/search?q=Global+Impact+NGO+1033+ngo+work&tbm=isch
1034,Global Impact NGO 1034,Brazil,Child Welfare,https://www.google.com/search?q=Global+Impact+NGO+1034+ngo+work&tbm=isch
1035,Global Impact NGO 1035,UK,Education,https://www.google.com/search?q=Global+Impact+NGO+1035+ngo+work&tbm=isch
1036,Global Impact NGO 1036,Germany,Education,https://www.google.com/search?q=Global+Impact+NGO+1036+ngo+work&tbm=isch
1037,Global Impact NGO 1037,Brazil,Education,https://www.google.com/search?q=Global+Impact+NGO+1037+ngo+work&tbm=isch
1038,Global Impact NGO 1038,Canada,Environment,https://www.google.com/search?q=Global+Impact+NGO+1038+ngo+work&tbm=isch
1039,Global Impact NGO 1039,Brazil,Poverty Relief,https://www.google.com/search?q=Global+Impact+NGO+1039+ngo+work&tbm=isch
1040,Global Impact NGO 1040,Kenya,Child Welfare,https://www.google.com/search?q=Global+Impact+NGO+1040+ngo+work&tbm=isch
1041,Global Impact NGO 1041,USA,Women Empowerment,https://www.google.com/search?q=Global+Impact+NGO+1041+ngo+work&tbm=isch
1042,Global Impact NGO 1042,Kenya,Environment,https://www.google.com/search?q=Global+Impact+NGO+1042+ngo+work&tbm=isch
1043,Global Impact NGO 1043,Brazil,Health,https://www.google.com/search?q=Global+Impact+NGO+1043+ngo+work&tbm=isch
1044,Global Impact NGO 1044,Australia,Women Empowerment,https://www.google.com/search?q=Global+Impact+NGO+1044+ngo+work&tbm=isch
1045,Global Impact NGO 1045,South Africa,Women Empowerment,https://www.google.com/search?q=Global+Impact+NGO+1045+ngo+work&tbm=isch
1046,Global Impact NGO 1046,Kenya,Poverty Relief,https://www.google.com/search?q=Global+Impact+NGO+1046+ngo+work&tbm=isch
1047,Global Impact NGO 1047,Canada,Poverty Relief,https://www.google.com/search?q=Global+Impact+NGO+1047+ngo+work&tbm=isch
1048,Global Impact NGO 1048,USA,Education,https://www.google.com/search?q=Global+Impact+NGO+1048+ngo+work&tbm=isch
1049,Global Impact NGO 1049,South Africa,Education,https://www.google.com/search?q=Global+Impact+NGO+1049+ngo+work&tbm=isch
1050,Global Impact NGO 1050,Kenya,Education,https://www.google.com/search?q=Global+Impact+NGO+1050+ngo+work&tbm=isch
1051,Global Impact NGO 1051,India,Human Rights,https://www.google.com/search?q=Global+Impact+NGO+1051+ngo+work&tbm=isch
1052,Global Impact NGO 1052,USA,Human Rights,https://www.google.com/search?q=Global+Impact+NGO+1052+ngo+work&tbm=isch
1053,Global Impact NGO 1053,South Africa,Child Welfare,https://www.google.com/search?q=Global+Impact+NGO+1053+ngo+work&tbm=isch
1054,Global Impact NGO 1054,Germany,Environment,https://www.google.com/search?q=Global+Impact+NGO+1054+ngo+work&tbm=isch
1055,Global Impact NGO 1055,Australia,Women Empowerment,https://www.google.com/search?q=Global+Impact+NGO+1055+ngo+work&tbm=isch
1056,Global Impact NGO 1056,UK,Poverty Relief,https://www.google.com/search?q=Global+Impact+NGO+1056+ngo+work&tbm=isch
1057,Global Impact NGO 1057,Brazil,Health,https://www.google.com/search?q=Global+Impact+NGO+1057+ngo+work&tbm=isch
1058,Global Impact NGO 1058,Germany,Poverty Relief,https://www.google.com/search?q=Global+Impact+NGO+1058+ngo+work&tbm=isch
1059,Global Impact NGO 1059,UAE,Health,https://www.google.com/search?q=Global+Impact+NGO+1059+ngo+work&tbm=isch
1060,Global Impact NGO 1060,Germany,Human Rights,https://www.google.com/search?q=Global+Impact+NGO+1060+ngo+work&tbm=isch
1061,Global Impact NGO 1061,USA,Poverty Relief,https://www.google.com/search?q=Global+Impact+NGO+1061+ngo+work&tbm=isch
1062,Global Impact NGO 1062,India,Human Rights,https://www.google.com/search?q=Global+Impact+NGO+1062+ngo+work&tbm=isch
1063,Global Impact NGO 1063,Germany,Human Rights,https://www.google.com/search?q=Global+Impact+NGO+1063+ngo+work&tbm=isch
1064,Global Impact NGO 1064,India,Environment,https://www.google.com/search?q=Global+Impact+NGO+1064+ngo+work&tbm=isch
1065,Global Impact NGO 1065,South Africa,Women Empowerment,https://www.google.com/search?q=Global+Impact+NGO+1065+ngo+work&tbm=isch
1066,Global Impact NGO 1066,Canada,Women Empowerment,https://www.google.com/search?q=Global+Impact+NGO+1066+ngo+work&tbm=isch
1067,Global Impact NGO 1067,Australia,Women Empowerment,https://www.google.com/search?q=Global+Impact+NGO+1067+ngo+work&tbm=isch
1068,Global Impact NGO 1068,Brazil,Education,https://www.google.com/search?q=Global+Impact+NGO+1068+ngo+work&tbm=isch
1069,Global Impact NGO 1069,Germany,Environment,https://www.google.com/search?q=Global+Impact+NGO+1069+ngo+work&tbm=isch
1070,Global Impact NGO 1070,Brazil,Environment,https://www.google.com/search?q=Global+Impact+NGO+1070+ngo+work&tbm=isch
1071,Global Impact NGO 1071,India,Human Rights,https://www.google.com/search?q=Global+Impact+NGO+1071+ngo+work&tbm=isch
1072,Global Impact NGO 1072,Brazil,Child Welfare,https://www.google.com/search?q=Global+Impact+NGO+1072+ngo+work&tbm=isch
1073,Global Impact NGO 1073,UK,Human Rights,https://www.google.com/search?q=Global+Impact+NGO+1073+ngo+work&tbm=isch
1074,Global Impact NGO 1074,Germany,Child Welfare,https://www.google.com/search?q=Global+Impact+NGO+1074+ngo+work&tbm=isch
1075,Global Impact NGO 1075,South Africa,Environment,https://www.google.com/search?q=Global+Impact+NGO+1075+ngo+work&tbm=isch
1076,Global Impact NGO 1076,Australia,Education,https://www.google.com/search?q=Global+Impact+NGO+1076+ngo+work&tbm=isch
1077,Global Impact NGO 1077,India,Human Rights,https://www.google.com/search?q=Global+Impact+NGO+1077+ngo+work&tbm=isch
1078,Global Impact NGO 1078,Brazil,Education,https://www.google.com/search?q=Global+Impact+NGO+1078+ngo+work&tbm=isch
1079,Global Impact NGO 1079,Brazil,Child Welfare,https://www.google.com/search?q=Global+Impact+NGO+1079+ngo+work&tbm=isch
1080,Global Impact NGO 1080,Kenya,Poverty Relief,https://www.google.com/search?q=Global+Impact+NGO+1080+ngo+work&tbm=isch
1081,Global Impact NGO 1081,Kenya,Human Rights,https://www.google.com/search?q=Global+Impact+NGO+1081+ngo+work&tbm=isch
1082,Global Impact NGO 1082,Australia,Child Welfare,https://www.google.com/search?q=Global+Impact+NGO+1082+ngo+work&tbm=isch
1083,Global Impact NGO 1083,South Africa,Human Rights,https://www.google.com/search?q=Global+Impact+NGO+1083+ngo+work&tbm=isch
1084,Global Impact NGO 1084,South Africa,Health,https://www.google.com/search?q=Global+Impact+NGO+1084+ngo+work&tbm=isch
1085,Global Impact NGO 1085,Kenya,Education,https://www.google.com/search?q=Global+Impact+NGO+1085+ngo+work&tbm=isch
1086,Global Impact NGO 1086,Germany,Health,https://www.google.com/search?q=Global+Impact+NGO+1086+ngo+work&tbm=isch
1087,Global Impact NGO 1087,Kenya,Health,https://www.google.com/search?q=Global+Impact+NGO+1087+ngo+work&tbm=isch
1088,Global Impact NGO 1088,South Africa,Human Rights,https://www.google.com/search?q=Global+Impact+NGO+1088+ngo+work&tbm=isch
1089,Global Impact NGO 1089,UK,Poverty Relief,https://www.google.com/search?q=Global+Impact+NGO+1089+ngo+work&tbm=isch
1090,Global Impact NGO 1090,UK,Education,https://www.google.com/search?q=Global+Impact+NGO+1090+ngo+work&tbm=isch
1091,Global Impact NGO 1091,Germany,Child Welfare,https://www.google.com/search?q=Global+Impact+NGO+1091+ngo+work&tbm=isch
1092,Global Impact NGO 1092,Australia,Women Empowerment,https://www.google.com/search?q=Global+Impact+NGO+1092+ngo+work&tbm=isch
1093,Global Impact NGO 1093,Kenya,Education,https://www.google.com/search?q=Global+Impact+NGO+1093+ngo+work&tbm=isch
1094,Global Impact NGO 1094,South Africa,Health,https://www.google.com/search?q=Global+Impact+NGO+1094+ngo+work&tbm=isch
1095,Global Impact NGO 1095,UAE,Poverty Relief,https://www.google.com/search?q=Global+Impact+NGO+1095+ngo+work&tbm=isch
1096,Global Impact NGO 1096,India,Poverty Relief,https://www.google.com/search?q=Global+Impact+NGO+1096+ngo+work&tbm=isch
1097,Global Impact NGO 1097,UAE,Child Welfare,https://www.google.com/search?q=Global+Impact+NGO+1097+ngo+work&tbm=isch
1098,Global Impact NGO 1098,Brazil,Education,https://www.google.com/search?q=Global+Impact+NGO+1098+ngo+work&tbm=isch
1099,Global Impact NGO 1099,UAE,Women Empowerment,https://www.google.com/search?q=Global+Impact+NGO+1099+ngo+work&tbm=isch
1100,Global Impact NGO 1100,Brazil,Environment,https://www.google.com/search?q=Global+Impact+NGO+1100+ngo+work&tbm=isch
1101,Global Impact NGO 1101,USA,Poverty Relief,https://www.google.com/search?q=Global+Impact+NGO+1101+ngo+work&tbm=isch
1102,Global Impact NGO 1102,Kenya,Education,https://www.google.com/search?q=Global+Impact+NGO+1102+ngo+work&tbm=isch
1103,Global Impact NGO 1103,Germany,Health,https://www.google.com/search?q=Global+Impact+NGO+1103+ngo+work&tbm=isch
1104,Global Impact NGO 1104,Canada,Environment,https://www.google.com/search?q=Global+Impact+NGO+1104+ngo+work&tbm=isch
1105,Global Impact NGO 1105,USA,Child Welfare,https://www.google.com/search?q=Global+Impact+NGO+1105+ngo+work&tbm=isch
1106,Global Impact NGO 1106,Germany,Education,https://www.google.com/search?q=Global+Impact+NGO+1106+ngo+work&tbm=isch
1107,Global Impact NGO 1107,UK,Health,https://www.google.com/search?q=Global+Impact+NGO+1107+ngo+work&tbm=isch
1108,Global Impact NGO 1108,UK,Poverty Relief,https://www.google.com/search?q=Global+Impact+NGO+1108+ngo+work&tbm=isch
1109,Global Impact NGO 1109,Australia,Human Rights,https://www.google.com/search?q=Global+Impact+NGO+1109+ngo+work&tbm=isch
1110,Global Impact NGO 1110,Brazil,Health,https://www.google.com/search?q=Global+Impact+NGO+1110+ngo+work&tbm=isch
1111,Global Impact NGO 1111,Germany,Human Rights,https://www.google.com/search?q=Global+Impact+NGO+1111+ngo+work&tbm=isch
1112,Global Impact NGO 1112,USA,Environment,https://www.google.com/search?q=Global+Impact+NGO+1112+ngo+work&tbm=isch
1113,Global Impact NGO 1113,Germany,Environment,https://www.google.com/search?q=Global+Impact+NGO+1113+ngo+work&tbm=isch
1114,Global Impact NGO 1114,Kenya,Women Empowerment,https://www.google.com/search?q=Global+Impact+NGO+1114+ngo+work&tbm=isch
1115,Global Impact NGO 1115,UK,Women Empowerment,https://www.google.com/search?q=Global+Impact+NGO+1115+ngo+work&tbm=isch
1116,Global Impact NGO 1116,India,Health,https://www.google.com/search?q=Global+Impact+NGO+1116+ngo+work&tbm=isch
1117,Global Impact NGO 1117,South Africa,Health,https://www.google.com/search?q=Global+Impact+NGO+1117+ngo+work&tbm=isch
1118,Global Impact NGO 1118,Germany,Women Empowerment,https://www.google.com/search?q=Global+Impact+NGO+1118+ngo+work&tbm=isch
1119,Global Impact NGO 1119,Brazil,Human Rights,https://www.google.com/search?q=Global+Impact+NGO+1119+ngo+work&tbm=isch
1120,Global Impact NGO 1120,India,Women Empowerment,https://www.google.com/search?q=Global+Impact+NGO+1120+ngo+work&tbm=isch
1121,Global Impact NGO 1121,Brazil,Education,https://www.google.com/search?q=Global+Impact+NGO+1121+ngo+work&tbm=isch
1122,Global Impact NGO 1122,UK,Education,https://www.google.com/search?q=Global+Impact+NGO+1122+ngo+work&tbm=isch
1123,Global Impact NGO 1123,Canada,Environment,https://www.google.com/search?q=Global+Impact+NGO+1123+ngo+work&tbm=isch
1124,Global Impact NGO 1124,Germany,Health,https://www.google.com/search?q=Global+Impact+NGO+1124+ngo+work&tbm=isch
1125,Global Impact NGO 1125,Kenya,Human Rights,https://www.google.com/search?q=Global+Impact+NGO+1125+ngo+work&tbm=isch
1126,Global Impact NGO 1126,Kenya,Environment,https://www.google.com/search?q=Global+Impact+NGO+1126+ngo+work&tbm=isch
1127,Global Impact NGO 1127,Canada,Health,https://www.google.com/search?q=Global+Impact+NGO+1127+ngo+work&tbm=isch
1128,Global Impact NGO 1128,Australia,Women Empowerment,https://www.google.com/search?q=Global+Impact+NGO+1128+ngo+work&tbm=isch
1129,Global Impact NGO 1129,USA,Child Welfare,https://www.google.com/search?q=Global+Impact+NGO+1129+ngo+work&tbm=isch
1130,Global Impact NGO 1130,UAE,Women Empowerment,https://www.google.com/search?q=Global+Impact+NGO+1130+ngo+work&tbm=isch
1131,Global Impact NGO 1131,Canada,Human Rights,https://www.google.com/search?q=Global+Impact+NGO+1131+ngo+work&tbm=isch
1132,Global Impact NGO 1132,Germany,Human Rights,https://www.google.com/search?q=Global+Impact+NGO+1132+ngo+work&tbm=isch
1133,Global Impact NGO 1133,UAE,Child Welfare,https://www.google.com/search?q=Global+Impact+NGO+1133+ngo+work&tbm=isch
1134,Global Impact NGO 1134,South Africa,Poverty Relief,https://www.google.com/search?q=Global+Impact+NGO+1134+ngo+work&tbm=isch
1135,Global Impact NGO 1135,Kenya,Human Rights,https://www.google.com/search?q=Global+Impact+NGO+1135+ngo+work&tbm=isch
1136,Global Impact NGO 1136,Kenya,Human Rights,https://www.google.com/search?q=Global+Impact+NGO+1136+ngo+work&tbm=isch
1137,Global Impact NGO 1137,Kenya,Women Empowerment,https://www.google.com/search?q=Global+Impact+NGO+1137+ngo+work&tbm=isch
1138,Global Impact NGO 1138,Australia,Human Rights,https://www.google.com/search?q=Global+Impact+NGO+1138+ngo+work&tbm=isch
1139,Global Impact NGO 1139,Germany,Education,https://www.google.com/search?q=Global+Impact+NGO+1139+ngo+work&tbm=isch
1140,Global Impact NGO 1140,Kenya,Poverty Relief,https://www.google.com/search?q=Global+Impact+NGO+1140+ngo+work&tbm=isch
1141,Global Impact NGO 1141,Germany,Child Welfare,https://www.google.com/search?q=Global+Impact+NGO+1141+ngo+work&tbm=isch
1142,Global Impact NGO 1142,South Africa,Environment,https://www.google.com/search?q=Global+Impact+NGO+1142+ngo+work&tbm=isch
1143,Global Impact NGO 1143,South Africa,Human Rights,https://www.google.com/search?q=Global+Impact+NGO+1143+ngo+work&tbm=isch
1144,Global Impact NGO 1144,South Africa,Human Rights,https://www.google.com/search?q=Global+Impact+NGO+1144+ngo+work&tbm=isch
1145,Global Impact NGO 1145,Brazil,Child Welfare,https://www.google.com/search?q=Global+Impact+NGO+1145+ngo+work&tbm=isch
1146,Global Impact NGO 1146,Australia,Education,https://www.google.com/search?q=Global+Impact+NGO+1146+ngo+work&tbm=isch
1147,Global Impact NGO 1147,Brazil,Human Rights,https://www.google.com/search?q=Global+Impact+NGO+1147+ngo+work&tbm=isch
1148,Global Impact NGO 1148,Australia,Poverty Relief,https://www.google.com/search?q=Global+Impact+NGO+1148+ngo+work&tbm=isch
1149,Global Impact NGO 1149,India,Health,https://www.google.com/search?q=Global+Impact+NGO+1149+ngo+work&tbm=isch
1150,Global Impact NGO 1150,USA,Women Empowerment,https://www.google.com/search?q=Global+Impact+NGO+1150+ngo+work&tbm=isch
1151,Global Impact NGO 1151,South Africa,Human Rights,https://www.google.com/search?q=Global+Impact+NGO+1151+ngo+work&tbm=isch
1152,Global Impact NGO 1152,Australia,Environment,https://www.google.com/search?q=Global+Impact+NGO+1152+ngo+work&tbm=isch
1153,Global Impact NGO 1153,Germany,Poverty Relief,https://www.google.com/search?q=Global+Impact+NGO+1153+ngo+work&tbm=isch
1154,Global Impact NGO 1154,India,Women Empowerment,https://www.google.com/search?q=Global+Impact+NGO+1154+ngo+work&tbm=isch
1155,Global Impact NGO 1155,South Africa,Women Empowerment,https://www.google.com/search?q=Global+Impact+NGO+1155+ngo+work&tbm=isch
1156,Global Impact NGO 1156,UAE,Human Rights,https://www.google.com/search?q=Global+Impact+NGO+1156+ngo+work&tbm=isch
1157,Global Impact NGO 1157,UAE,Health,https://www.google.com/search?q=Global+Impact+NGO+1157+ngo+work&tbm=isch
1158,Global Impact NGO 1158,Canada,Health,https://www.google.com/search?q=Global+Impact+NGO+1158+ngo+work&tbm=isch
1159,Global Impact NGO 1159,Kenya,Human Rights,https://www.google.com/search?q=Global+Impact+NGO+1159+ngo+work&tbm=isch
1160,Global Impact NGO 1160,UK,Human Rights,https://www.google.com/search?q=Global+Impact+NGO+1160+ngo+work&tbm=isch
1161,Global Impact NGO 1161,UAE,Child Welfare,https://www.google.com/search?q=Global+Impact+NGO+1161+ngo+work&tbm=isch
1162,Global Impact NGO 1162,Canada,Health,https://www.google.com/search?q=Global+Impact+NGO+1162+ngo+work&tbm=isch
1163,Global Impact NGO 1163,UAE,Child Welfare,https://www.google.com/search?q=Global+Impact+NGO+1163+ngo+work&tbm=isch
1164,Global Impact NGO 1164,Kenya,Women Empowerment,https://www.google.com/search?q=Global+Impact+NGO+1164+ngo+work&tbm=isch
1165,Global Impact NGO 1165,Germany,Poverty Relief,https://www.google.com/search?q=Global+Impact+NGO+1165+ngo+work&tbm=isch
1166,Global Impact NGO 1166,Kenya,Health,https://www.google.com/search?q=Global+Impact+NGO+1166+ngo+work&tbm=isch
1167,Global Impact NGO 1167,USA,Child Welfare,https://www.google.com/search?q=Global+Impact+NGO+1167+ngo+work&tbm=isch
1168,Global Impact NGO 1168,South Africa,Women Empowerment,https://www.google.com/search?q=Global+Impact+NGO+1168+ngo+work&tbm=isch
1169,Global Impact NGO 1169,Germany,Human Rights,https://www.google.com/search?q=Global+Impact+NGO+1169+ngo+work&tbm=isch
1170,Global Impact NGO 1170,Canada,Poverty Relief,https://www.google.com/search?q=Global+Impact+NGO+1170+ngo+work&tbm=isch
1171,Global Impact NGO 1171,South Africa,Education,https://www.google.com/search?q=Global+Impact+NGO+1171+ngo+work&tbm=isch
1172,Global Impact NGO 1172,India,Environment,https://www.google.com/search?q=Global+Impact+NGO+1172+ngo+work&tbm=isch
1173,Global Impact NGO 1173,Kenya,Women Empowerment,https://www.google.com/search?q=Global+Impact+NGO+1173+ngo+work&tbm=isch
1174,Global Impact NGO 1174,UK,Education,https://www.google.com/search?q=Global+Impact+NGO+1174+ngo+work&tbm=isch
1175,Global Impact NGO 1175,Canada,Human Rights,https://www.google.com/search?q=Global+Impact+NGO+1175+ngo+work&tbm=isch
1176,Global Impact NGO 1176,Kenya,Human Rights,https://www.google.com/search?q=Global+Impact+NGO+1176+ngo+work&tbm=isch
1177,Global Impact NGO 1177,South Africa,Environment,https://www.google.com/search?q=Global+Impact+NGO+1177+ngo+work&tbm=isch
1178,Global Impact NGO 1178,UK,Child Welfare,https://www.google.com/search?q=Global+Impact+NGO+1178+ngo+work&tbm=isch
1179,Global Impact NGO 1179,Australia,Health,https://www.google.com/search?q=Global+Impact+NGO+1179+ngo+work&tbm=isch
1180,Global Impact NGO 1180,Brazil,Environment,https://www.google.com/search?q=Global+Impact+NGO+1180+ngo+work&tbm=isch
1181,Global Impact NGO 1181,Australia,Environment,https://www.google.com/search?q=Global+Impact+NGO+1181+ngo+work&tbm=isch
1182,Global Impact NGO 1182,Australia,Environment,https://www.google.com/search?q=Global+Impact+NGO+1182+ngo+work&tbm=isch
1183,Global Impact NGO 1183,India,Women Empowerment,https://www.google.com/search?q=Global+Impact+NGO+1183+ngo+work&tbm=isch
1184,Global Impact NGO 1184,UK,Human Rights,https://www.google.com/search?q=Global+Impact+NGO+1184+ngo+work&tbm=isch
1185,Global Impact NGO 1185,Australia,Human Rights,https://www.google.com/search?q=Global+Impact+NGO+1185+ngo+work&tbm=isch
1186,Global Impact NGO 1186,South Africa,Health,https://www.google.com/search?q=Global+Impact+NGO+1186+ngo+work&tbm=isch
1187,Global Impact NGO 1187,Brazil,Human Rights,https://www.google.com/search?q=Global+Impact+NGO+1187+ngo+work&tbm=isch
1188,Global Impact NGO 1188,UK,Women Empowerment,https://www.google.com/search?q=Global+Impact+NGO+1188+ngo+work&tbm=isch
1189,Global Impact NGO 1189,Kenya,Poverty Relief,https://www.google.com/search?q=Global+Impact+NGO+1189+ngo+work&tbm=isch
1190,Global Impact NGO 1190,Canada,Education,https://www.google.com/search?q=Global+Impact+NGO+1190+ngo+work&tbm=isch
1191,Global Impact NGO 1191,USA,Health,https://www.google.com/search?q=Global+Impact+NGO+1191+ngo+work&tbm=isch
1192,Global Impact NGO 1192,USA,Education,https://www.google.com/search?q=Global+Impact+NGO+1192+ngo+work&tbm=isch
1193,Global Impact NGO 1193,Germany,Human Rights,https://www.google.com/search?q=Global+Impact+NGO+1193+ngo+work&tbm=isch
1194,Global Impact NGO 1194,UK,Education,https://www.google.com/search?q=Global+Impact+NGO+1194+ngo+work&tbm=isch
1195,Global Impact NGO 1195,USA,Education,https://www.google.com/search?q=Global+Impact+NGO+1195+ngo+work&tbm=isch
1196,Global Impact NGO 1196,Australia,Women Empowerment,https://www.google.com/search?q=Global+Impact+NGO+1196+ngo+work&tbm=isch
1197,Global Impact NGO 1197,Australia,Health,https://www.google.com/search?q=Global+Impact+NGO+1197+ngo+work&tbm=isch
1198,Global Impact NGO 1198,UAE,Poverty Relief,https://www.google.com/search?q=Global+Impact+NGO+1198+ngo+work&tbm=isch
1199,Global Impact NGO 1199,Brazil,Human Rights,https://www.google.com/search?q=Global+Impact+NGO+1199+ngo+work&tbm=isch
1200,Global Impact NGO 1200,Australia,Women Empowerment,https://www.google.com/search?q=Global+Impact+NGO+1200+ngo+work&tbm=isch
1201,Global Impact NGO 1201,India,Human Rights,https://www.google.com/search?q=Global+Impact+NGO+1201+ngo+work&tbm=isch
1202,Global Impact NGO 1202,UAE,Child Welfare,https://www.google.com/search?q=Global+Impact+NGO+1202+ngo+work&tbm=isch
1203,Global Impact NGO 1203,India,Environment,https://www.google.com/search?q=Global+Impact+NGO+1203+ngo+work&tbm=isch
1204,Global Impact NGO 1204,USA,Child Welfare,https://www.google.com/search?q=Global+Impact+NGO+1204+ngo+work&tbm=isch
1205,Global Impact NGO 1205,Germany,Poverty Relief,https://www.google.com/search?q=Global+Impact+NGO+1205+ngo+work&tbm=isch
1206,Global Impact NGO 1206,Brazil,Education,https://www.google.com/search?q=Global+Impact+NGO+1206+ngo+work&tbm=isch
1207,Global Impact NGO 1207,South Africa,Education,https://www.google.com/search?q=Global+Impact+NGO+1207+ngo+work&tbm=isch
1208,Global Impact NGO 1208,UAE,Education,https://www.google.com/search?q=Global+Impact+NGO+1208+ngo+work&tbm=isch
1209,Global Impact NGO 1209,Kenya,Health,https://www.google.com/search?q=Global+Impact+NGO+1209+ngo+work&tbm=isch
1210,Global Impact NGO 1210,India,Women Empowerment,https://www.google.com/search?q=Global+Impact+NGO+1210+ngo+work&tbm=isch
1211,Global Impact NGO 1211,South Africa,Health,https://www.google.com/search?q=Global+Impact+NGO+1211+ngo+work&tbm=isch
1212,Global Impact NGO 1212,Brazil,Human Rights,https://www.google.com/search?q=Global+Impact+NGO+1212+ngo+work&tbm=isch
1213,Global Impact NGO 1213,Australia,Human Rights,https://www.google.com/search?q=Global+Impact+NGO+1213+ngo+work&tbm=isch
1214,Global Impact NGO 1214,India,Human Rights,https://www.google.com/search?q=Global+Impact+NGO+1214+ngo+work&tbm=isch
1215,Global Impact NGO 1215,USA,Environment,https://www.google.com/search?q=Global+Impact+NGO+1215+ngo+work&tbm=isch
1216,Global Impact NGO 1216,Australia,Health,https://www.google.com/search?q=Global+Impact+NGO+1216+ngo+work&tbm=isch
1217,Global Impact NGO 1217,USA,Women Empowerment,https://www.google.com/search?q=Global+Impact+NGO+1217+ngo+work&tbm=isch
1218,Global Impact NGO 1218,Brazil,Women Empowerment,https://www.google.com/search?q=Global+Impact+NGO+1218+ngo+work&tbm=isch
1219,Global Impact NGO 1219,USA,Child Welfare,https://www.google.com/search?q=Global+Impact+NGO+1219+ngo+work&tbm=isch
1220,Global Impact NGO 1220,UK,Women Empowerment,https://www.google.com/search?q=Global+Impact+NGO+1220+ngo+work&tbm=isch
1221,Global Impact NGO 1221,Australia,Poverty Relief,https://www.google.com/search?q=Global+Impact+NGO+1221+ngo+work&tbm=isch
1222,Global Impact NGO 1222,Canada,Health,https://www.google.com/search?q=Global+Impact+NGO+1222+ngo+work&tbm=isch
1223,Global Impact NGO 1223,Canada,Environment,https://www.google.com/search?q=Global+Impact+NGO+1223+ngo+work&tbm=isch
1224,Global Impact NGO 1224,South Africa,Education,https://www.google.com/search?q=Global+Impact+NGO+1224+ngo+work&tbm=isch
1225,Global Impact NGO 1225,Kenya,Human Rights,https://www.google.com/search?q=Global+Impact+NGO+1225+ngo+work&tbm=isch
1226,Global Impact NGO 1226,Brazil,Child Welfare,https://www.google.com/search?q=Global+Impact+NGO+1226+ngo+work&tbm=isch
1227,Global Impact NGO 1227,Canada,Poverty Relief,https://www.google.com/search?q=Global+Impact+NGO+1227+ngo+work&tbm=isch
1228,Global Impact NGO 1228,USA,Environment,https://www.google.com/search?q=Global+Impact+NGO+1228+ngo+work&tbm=isch
1229,Global Impact NGO 1229,Australia,Health,https://www.google.com/search?q=Global+Impact+NGO+1229+ngo+work&tbm=isch
1230,Global Impact NGO 1230,USA,Health,https://www.google.com/search?q=Global+Impact+NGO+1230+ngo+work&tbm=isch
1231,Global Impact NGO 1231,UAE,Child Welfare,https://www.google.com/search?q=Global+Impact+NGO+1231+ngo+work&tbm=isch
1232,Global Impact NGO 1232,Kenya,Education,https://www.google.com/search?q=Global+Impact+NGO+1232+ngo+work&tbm=isch
1233,Global Impact NGO 1233,India,Women Empowerment,https://www.google.com/search?q=Global+Impact+NGO+1233+ngo+work&tbm=isch
1234,Global Impact NGO 1234,Canada,Poverty Relief,https://www.google.com/search?q=Global+Impact+NGO+1234+ngo+work&tbm=isch
1235,Global Impact NGO 1235,UAE,Women Empowerment,https://www.google.com/search?q=Global+Impact+NGO+1235+ngo+work&tbm=isch
1236,Global Impact NGO 1236,India,Education,https://www.google.com/search?q=Global+Impact+NGO+1236+ngo+work&tbm=isch
1237,Global Impact NGO 1237,Kenya,Education,https://www.google.com/search?q=Global+Impact+NGO+1237+ngo+work&tbm=isch
1238,Global Impact NGO 1238,USA,Education,https://www.google.com/search?q=Global+Impact+NGO+1238+ngo+work&tbm=isch
1239,Global Impact NGO 1239,Germany,Human Rights,https://www.google.com/search?q=Global+Impact+NGO+1239+ngo+work&tbm=isch
1240,Global Impact NGO 1240,Australia,Poverty Relief,https://www.google.com/search?q=Global+Impact+NGO+1240+ngo+work&tbm=isch
1241,Global Impact NGO 1241,USA,Women Empowerment,https://www.google.com/search?q=Global+Impact+NGO+1241+ngo+work&tbm=isch
1242,Global Impact NGO 1242,USA,Health,https://www.google.com/search?q=Global+Impact+NGO+1242+ngo+work&tbm=isch
1243,Global Impact NGO 1243,USA,Health,https://www.google.com/search?q=Global+Impact+NGO+1243+ngo+work&tbm=isch
1244,Global Impact NGO 1244,USA,Poverty Relief,https://www.google.com/search?q=Global+Impact+NGO+1244+ngo+work&tbm=isch
1245,Global Impact NGO 1245,Germany,Poverty Relief,https://www.google.com/search?q=Global+Impact+NGO+1245+ngo+work&tbm=isch
1246,Global Impact NGO 1246,UAE,Health,https://www.google.com/search?q=Global+Impact+NGO+1246+ngo+work&tbm=isch
1247,Global Impact NGO 1247,USA,Poverty Relief,https://www.google.com/search?q=Global+Impact+NGO+1247+ngo+work&tbm=isch
1248,Global Impact NGO 1248,Brazil,Health,https://www.google.com/search?q=Global+Impact+NGO+1248+ngo+work&tbm=isch
1249,Global Impact NGO 1249,Brazil,Child Welfare,https://www.google.com/search?q=Global+Impact+NGO+1249+ngo+work&tbm=isch
1250,Global Impact NGO 1250,Germany,Health,https://www.google.com/search?q=Global+Impact+NGO+1250+ngo+work&tbm=isch
1251,Global Impact NGO 1251,UK,Women Empowerment,https://www.google.com/search?q=Global+Impact+NGO+1251+ngo+work&tbm=isch
1252,Global Impact NGO 1252,Germany,Women Empowerment,https://www.google.com/search?q=Global+Impact+NGO+1252+ngo+work&tbm=isch
1253,Global Impact NGO 1253,India,Health,https://www.google.com/search?q=Global+Impact+NGO+1253+ngo+work&tbm=isch
1254,Global Impact NGO 1254,Brazil,Education,https://www.google.com/search?q=Global+Impact+NGO+1254+ngo+work&tbm=isch
1255,Global Impact NGO 1255,Germany,Human Rights,https://www.google.com/search?q=Global+Impact+NGO+1255+ngo+work&tbm=isch
1256,Global Impact NGO 1256,India,Women Empowerment,https://www.google.com/search?q=Global+Impact+NGO+1256+ngo+work&tbm=isch
1257,Global Impact NGO 1257,India,Education,https://www.google.com/search?q=Global+Impact+NGO+1257+ngo+work&tbm=isch
1258,Global Impact NGO 1258,South Africa,Poverty Relief,https://www.google.com/search?q=Global+Impact+NGO+1258+ngo+work&tbm=isch
1259,Global Impact NGO 1259,Canada,Women Empowerment,https://www.google.com/search?q=Global+Impact+NGO+1259+ngo+work&tbm=isch
1260,Global Impact NGO 1260,South Africa,Health,https://www.google.com/search?q=Global+Impact+NGO+1260+ngo+work&tbm=isch
1261,Global Impact NGO 1261,UAE,Human Rights,https://www.google.com/search?q=Global+Impact+NGO+1261+ngo+work&tbm=isch
1262,Global Impact NGO 1262,Brazil,Health,https://www.google.com/search?q=Global+Impact+NGO+1262+ngo+work&tbm=isch
1263,Global Impact NGO 1263,UAE,Health,https://www.google.com/search?q=Global+Impact+NGO+1263+ngo+work&tbm=isch
1264,Global Impact NGO 1264,Kenya,Child Welfare,https://www.google.com/search?q=Global+Impact+NGO+1264+ngo+work&tbm=isch
1265,Global Impact NGO 1265,USA,Environment,https://www.google.com/search?q=Global+Impact+NGO+1265+ngo+work&tbm=isch
1266,Global Impact NGO 1266,Kenya,Health,https://www.google.com/search?q=Global+Impact+NGO+1266+ngo+work&tbm=isch
1267,Global Impact NGO 1267,South Africa,Poverty Relief,https://www.google.com/search?q=Global+Impact+NGO+1267+ngo+work&tbm=isch
1268,Global Impact NGO 1268,Germany,Women Empowerment,https://www.google.com/search?q=Global+Impact+NGO+1268+ngo+work&tbm=isch
1269,Global Impact NGO 1269,Brazil,Child Welfare,https://www.google.com/search?q=Global+Impact+NGO+1269+ngo+work&tbm=isch
1270,Global Impact NGO 1270,Brazil,Health,https://www.google.com/search?q=Global+Impact+NGO+1270+ngo+work&tbm=isch
1271,Global Impact NGO 1271,India,Women Empowerment,https://www.google.com/search?q=Global+Impact+NGO+1271+ngo+work&tbm=isch
1272,Global Impact NGO 1272,UAE,Poverty Relief,https://www.google.com/search?q=Global+Impact+NGO+1272+ngo+work&tbm=isch
1273,Global Impact NGO 1273,UK,Human Rights,https://www.google.com/search?q=Global+Impact+NGO+1273+ngo+work&tbm=isch
1274,Global Impact NGO 1274,South Africa,Poverty Relief,https://www.google.com/search?q=Global+Impact+NGO+1274+ngo+work&tbm=isch
1275,Global Impact NGO 1275,Kenya,Education,https://www.google.com/search?q=Global+Impact+NGO+1275+ngo+work&tbm=isch
1276,Global Impact NGO 1276,Brazil,Health,https://www.google.com/search?q=Global+Impact+NGO+1276+ngo+work&tbm=isch
1277,Global Impact NGO 1277,UK,Health,https://www.google.com/search?q=Global+Impact+NGO+1277+ngo+work&tbm=isch
1278,Global Impact NGO 1278,Kenya,Health,https://www.google.com/search?q=Global+Impact+NGO+1278+ngo+work&tbm=isch
1279,Global Impact NGO 1279,Kenya,Education,https://www.google.com/search?q=Global+Impact+NGO+1279+ngo+work&tbm=isch
1280,Global Impact NGO 1280,Canada,Women Empowerment,https://www.google.com/search?q=Global+Impact+NGO+1280+ngo+work&tbm=isch
1281,Global Impact NGO 1281,South Africa,Human Rights,https://www.google.com/search?q=Global+Impact+NGO+1281+ngo+work&tbm=isch
1282,Global Impact NGO 1282,Canada,Education,https://www.google.com/search?q=Global+Impact+NGO+1282+ngo+work&tbm=isch
1283,Global Impact NGO 1283,Brazil,Poverty Relief,https://www.google.com/search?q=Global+Impact+NGO+1283+ngo+work&tbm=isch
1284,Global Impact NGO 1284,Germany,Poverty Relief,https://www.google.com/search?q=Global+Impact+NGO+1284+ngo+work&tbm=isch
1285,Global Impact NGO 1285,USA,Education,https://www.google.com/search?q=Global+Impact+NGO+1285+ngo+work&tbm=isch
1286,Global Impact NGO 1286,Kenya,Environment,https://www.google.com/search?q=Global+Impact+NGO+1286+ngo+work&tbm=isch
1287,Global Impact NGO 1287,USA,Education,https://www.google.com/search?q=Global+Impact+NGO+1287+ngo+work&tbm=isch
1288,Global Impact NGO 1288,Australia,Poverty Relief,https://www.google.com/search?q=Global+Impact+NGO+1288+ngo+work&tbm=isch
1289,Global Impact NGO 1289,USA,Women Empowerment,https://www.google.com/search?q=Global+Impact+NGO+1289+ngo+work&tbm=isch
1290,Global Impact NGO 1290,Australia,Poverty Relief,https://www.google.com/search?q=Global+Impact+NGO+1290+ngo+work&tbm=isch
1291,Global Impact NGO 1291,South Africa,Environment,https://www.google.com/search?q=Global+Impact+NGO+1291+ngo+work&tbm=isch
1292,Global Impact NGO 1292,USA,Environment,https://www.google.com/search?q=Global+Impact+NGO+1292+ngo+work&tbm=isch
1293,Global Impact NGO 1293,Brazil,Environment,https://www.google.com/search?q=Global+Impact+NGO+1293+ngo+work&tbm=isch
1294,Global Impact NGO 1294,South Africa,Education,https://www.google.com/search?q=Global+Impact+NGO+1294+ngo+work&tbm=isch
1295,Global Impact NGO 1295,Brazil,Women Empowerment,https://www.google.com/search?q=Global+Impact+NGO+1295+ngo+work&tbm=isch
1296,Global Impact NGO 1296,South Africa,Health,https://www.google.com/search?q=Global+Impact+NGO+1296+ngo+work&tbm=isch
1297,Global Impact NGO 1297,Canada,Human Rights,https://www.google.com/search?q=Global+Impact+NGO+1297+ngo+work&tbm=isch
1298,Global Impact NGO 1298,Australia,Women Empowerment,https://www.google.com/search?q=Global+Impact+NGO+1298+ngo+work&tbm=isch
1299,Global Impact NGO 1299,Canada,Poverty Relief,https://www.google.com/search?q=Global+Impact+NGO+1299+ngo+work&tbm=isch
1300,Global Impact NGO 1300,Canada,Poverty Relief,https://www.google.com/search?q=Global+Impact+NGO+1300+ngo+work&tbm=isch
1301,Global Impact NGO 1301,Germany,Poverty Relief,https://www.google.com/search?q=Global+Impact+NGO+1301+ngo+work&tbm=isch
1302,Global Impact NGO 1302,India,Women Empowerment,https://www.google.com/search?q=Global+Impact+NGO+1302+ngo+work&tbm=isch
1303,Global Impact NGO 1303,UK,Child Welfare,https://www.google.com/search?q=Global+Impact+NGO+1303+ngo+work&tbm=isch
1304,Global Impact NGO 1304,UAE,Human Rights,https://www.google.com/search?q=Global+Impact+NGO+1304+ngo+work&tbm=isch
1305,Global Impact NGO 1305,South Africa,Education,https://www.google.com/search?q=Global+Impact+NGO+1305+ngo+work&tbm=isch
1306,Global Impact NGO 1306,UAE,Environment,https://www.google.com/search?q=Global+Impact+NGO+1306+ngo+work&tbm=isch
1307,Global Impact NGO 1307,UAE,Child Welfare,https://www.google.com/search?q=Global+Impact+NGO+1307+ngo+work&tbm=isch
1308,Global Impact NGO 1308,UK,Child Welfare,https://www.google.com/search?q=Global+Impact+NGO+1308+ngo+work&tbm=isch
1309,Global Impact NGO 1309,Brazil,Education,https://www.google.com/search?q=Global+Impact+NGO+1309+ngo+work&tbm=isch
1310,Global Impact NGO 1310,South Africa,Poverty Relief,https://www.google.com/search?q=Global+Impact+NGO+1310+ngo+work&tbm=isch
1311,Global Impact NGO 1311,Germany,Health,https://www.google.com/search?q=Global+Impact+NGO+1311+ngo+work&tbm=isch
1312,Global Impact NGO 1312,UAE,Education,https://www.google.com/search?q=Global+Impact+NGO+1312+ngo+work&tbm=isch
1313,Global Impact NGO 1313,UK,Health,https://www.google.com/search?q=Global+Impact+NGO+1313+ngo+work&tbm=isch
1314,Global Impact NGO 1314,UK,Education,https://www.google.com/search?q=Global+Impact+NGO+1314+ngo+work&tbm=isch
1315,Global Impact NGO 1315,UAE,Education,https://www.google.com/search?q=Global+Impact+NGO+1315+ngo+work&tbm=isch
1316,Global Impact NGO 1316,Canada,Environment,https://www.google.com/search?q=Global+Impact+NGO+1316+ngo+work&tbm=isch
1317,Global Impact NGO 1317,Kenya,Child Welfare,https://www.google.com/search?q=Global+Impact+NGO+1317+ngo+work&tbm=isch
1318,Global Impact NGO 1318,Australia,Child Welfare,https://www.google.com/search?q=Global+Impact+NGO+1318+ngo+work&tbm=isch
1319,Global Impact NGO 1319,Germany,Health,https://www.google.com/search?q=Global+Impact+NGO+1319+ngo+work&tbm=isch
1320,Global Impact NGO 1320,Kenya,Child Welfare,https://www.google.com/search?q=Global+Impact+NGO+1320+ngo+work&tbm=isch
1321,Global Impact NGO 1321,Germany,Health,https://www.google.com/search?q=Global+Impact+NGO+1321+ngo+work&tbm=isch
1322,Global Impact NGO 1322,Brazil,Environment,https://www.google.com/search?q=Global+Impact+NGO+1322+ngo+work&tbm=isch
1323,Global Impact NGO 1323,India,Education,https://www.google.com/search?q=Global+Impact+NGO+1323+ngo+work&tbm=isch
1324,Global Impact NGO 1324,South Africa,Poverty Relief,https://www.google.com/search?q=Global+Impact+NGO+1324+ngo+work&tbm=isch
1325,Global Impact NGO 1325,USA,Poverty Relief,https://www.google.com/search?q=Global+Impact+NGO+1325+ngo+work&tbm=isch
1326,Global Impact NGO 1326,UAE,Human Rights,https://www.google.com/search?q=Global+Impact+NGO+1326+ngo+work&tbm=isch
1327,Global Impact NGO 1327,Canada,Women Empowerment,https://www.google.com/search?q=Global+Impact+NGO+1327+ngo+work&tbm=isch
1328,Global Impact NGO 1328,Germany,Health,https://www.google.com/search?q=Global+Impact+NGO+1328+ngo+work&tbm=isch
1329,Global Impact NGO 1329,Australia,Women Empowerment,https://www.google.com/search?q=Global+Impact+NGO+1329+ngo+work&tbm=isch
1330,Global Impact NGO 1330,Brazil,Human Rights,https://www.google.com/search?q=Global+Impact+NGO+1330+ngo+work&tbm=isch
1331,Global Impact NGO 1331,South Africa,Environment,https://www.google.com/search?q=Global+Impact+NGO+1331+ngo+work&tbm=isch
1332,Global Impact NGO 1332,Brazil,Human Rights,https://www.google.com/search?q=Global+Impact+NGO+1332+ngo+work&tbm=isch
1333,Global Impact NGO 1333,UK,Education,https://www.google.com/search?q=Global+Impact+NGO+1333+ngo+work&tbm=isch
1334,Global Impact NGO 1334,UK,Health,https://www.google.com/search?q=Global+Impact+NGO+1334+ngo+work&tbm=isch
1335,Global Impact NGO 1335,South Africa,Human Rights,https://www.google.com/search?q=Global+Impact+NGO+1335+ngo+work&tbm=isch
1336,Global Impact NGO 1336,USA,Education,https://www.google.com/search?q=Global+Impact+NGO+1336+ngo+work&tbm=isch
1337,Global Impact NGO 1337,Kenya,Health,https://www.google.com/search?q=Global+Impact+NGO+1337+ngo+work&tbm=isch
1338,Global Impact NGO 1338,Kenya,Women Empowerment,https://www.google.com/search?q=Global+Impact+NGO+1338+ngo+work&tbm=isch
1339,Global Impact NGO 1339,Kenya,Poverty Relief,https://www.google.com/search?q=Global+Impact+NGO+1339+ngo+work&tbm=isch
1340,Global Impact NGO 1340,South Africa,Environment,https://www.google.com/search?q=Global+Impact+NGO+1340+ngo+work&tbm=isch
1341,Global Impact NGO 1341,Kenya,Poverty Relief,https://www.google.com/search?q=Global+Impact+NGO+1341+ngo+work&tbm=isch
1342,Global Impact NGO 1342,Germany,Health,https://www.google.com/search?q=Global+Impact+NGO+1342+ngo+work&tbm=isch
1343,Global Impact NGO 1343,Kenya,Women Empowerment,https://www.google.com/search?q=Global+Impact+NGO+1343+ngo+work&tbm=isch
1344,Global Impact NGO 1344,Australia,Women Empowerment,https://www.google.com/search?q=Global+Impact+NGO+1344+ngo+work&tbm=isch
1345,Global Impact NGO 1345,UAE,Child Welfare,https://www.google.com/search?q=Global+Impact+NGO+1345+ngo+work&tbm=isch
1346,Global Impact NGO 1346,Australia,Health,https://www.google.com/search?q=Global+Impact+NGO+1346+ngo+work&tbm=isch
1347,Global Impact NGO 1347,Brazil,Environment,https://www.google.com/search?q=Global+Impact+NGO+1347+ngo+work&tbm=isch
1348,Global Impact NGO 1348,India,Poverty Relief,https://www.google.com/search?q=Global+Impact+NGO+1348+ngo+work&tbm=isch
1349,Global Impact NGO 1349,Brazil,Human Rights,https://www.google.com/search?q=Global+Impact+NGO+1349+ngo+work&tbm=isch
1350,Global Impact NGO 1350,UAE,Education,https://www.google.com/search?q=Global+Impact+NGO+1350+ngo+work&tbm=isch
1351,Global Impact NGO 1351,USA,Women Empowerment,https://www.google.com/search?q=Global+Impact+NGO+1351+ngo+work&tbm=isch
1352,Global Impact NGO 1352,Canada,Human Rights,https://www.google.com/search?q=Global+Impact+NGO+1352+ngo+work&tbm=isch
1353,Global Impact NGO 1353,UAE,Education,https://www.google.com/search?q=Global+Impact+NGO+1353+ngo+work&tbm=isch
1354,Global Impact NGO 1354,Canada,Poverty Relief,https://www.google.com/search?q=Global+Impact+NGO+1354+ngo+work&tbm=isch
1355,Global Impact NGO 1355,UAE,Health,https://www.google.com/search?q=Global+Impact+NGO+1355+ngo+work&tbm=isch
1356,Global Impact NGO 1356,Australia,Child Welfare,https://www.google.com/search?q=Global+Impact+NGO+1356+ngo+work&tbm=isch
1357,Global Impact NGO 1357,Germany,Environment,https://www.google.com/search?q=Global+Impact+NGO+1357+ngo+work&tbm=isch
1358,Global Impact NGO 1358,UAE,Child Welfare,https://www.google.com/search?q=Global+Impact+NGO+1358+ngo+work&tbm=isch
1359,Global Impact NGO 1359,Brazil,Child Welfare,https://www.google.com/search?q=Global+Impact+NGO+1359+ngo+work&tbm=isch
1360,Global Impact NGO 1360,India,Women Empowerment,https://www.google.com/search?q=Global+Impact+NGO+1360+ngo+work&tbm=isch
1361,Global Impact NGO 1361,India,Human Rights,https://www.google.com/search?q=Global+Impact+NGO+1361+ngo+work&tbm=isch
1362,Global Impact NGO 1362,UAE,Human Rights,https://www.google.com/search?q=Global+Impact+NGO+1362+ngo+work&tbm=isch
1363,Global Impact NGO 1363,Canada,Human Rights,https://www.google.com/search?q=Global+Impact+NGO+1363+ngo+work&tbm=isch
1364,Global Impact NGO 1364,India,Child Welfare,https://www.google.com/search?q=Global+Impact+NGO+1364+ngo+work&tbm=isch
1365,Global Impact NGO 1365,Kenya,Environment,https://www.google.com/search?q=Global+Impact+NGO+1365+ngo+work&tbm=isch
1366,Global Impact NGO 1366,Germany,Child Welfare,https://www.google.com/search?q=Global+Impact+NGO+1366+ngo+work&tbm=isch
1367,Global Impact NGO 1367,UK,Women Empowerment,https://www.google.com/search?q=Global+Impact+NGO+1367+ngo+work&tbm=isch
1368,Global Impact NGO 1368,Brazil,Health,https://www.google.com/search?q=Global+Impact+NGO+1368+ngo+work&tbm=isch
1369,Global Impact NGO 1369,South Africa,Environment,https://www.google.com/search?q=Global+Impact+NGO+1369+ngo+work&tbm=isch
1370,Global Impact NGO 1370,Kenya,Women Empowerment,https://www.google.com/search?q=Global+Impact+NGO+1370+ngo+work&tbm=isch
1371,Global Impact NGO 1371,UAE,Child Welfare,https://www.google.com/search?q=Global+Impact+NGO+1371+ngo+work&tbm=isch
1372,Global Impact NGO 1372,Kenya,Women Empowerment,https://www.google.com/search?q=Global+Impact+NGO+1372+ngo+work&tbm=isch
1373,Global Impact NGO 1373,Australia,Child Welfare,https://www.google.com/search?q=Global+Impact+NGO+1373+ngo+work&tbm=isch
1374,Global Impact NGO 1374,South Africa,Poverty Relief,https://www.google.com/search?q=Global+Impact+NGO+1374+ngo+work&tbm=isch
1375,Global Impact NGO 1375,USA,Poverty Relief,https://www.google.com/search?q=Global+Impact+NGO+1375+ngo+work&tbm=isch
1376,Global Impact NGO 1376,Canada,Child Welfare,https://www.google.com/search?q=Global+Impact+NGO+1376+ngo+work&tbm=isch
1377,Global Impact NGO 1377,Kenya,Education,https://www.google.com/search?q=Global+Impact+NGO+1377+ngo+work&tbm=isch
1378,Global Impact NGO 1378,Germany,Women Empowerment,https://www.google.com/search?q=Global+Impact+NGO+1378+ngo+work&tbm=isch
1379,Global Impact NGO 1379,Germany,Poverty Relief,https://www.google.com/search?q=Global+Impact+NGO+1379+ngo+work&tbm=isch
1380,Global Impact NGO 1380,Kenya,Poverty Relief,https://www.google.com/search?q=Global+Impact+NGO+1380+ngo+work&tbm=isch
1381,Global Impact NGO 1381,UK,Environment,https://www.google.com/search?q=Global+Impact+NGO+1381+ngo+work&tbm=isch
1382,Global Impact NGO 1382,Kenya,Child Welfare,https://www.google.com/search?q=Global+Impact+NGO+1382+ngo+work&tbm=isch
1383,Global Impact NGO 1383,Kenya,Poverty Relief,https://www.google.com/search?q=Global+Impact+NGO+1383+ngo+work&tbm=isch
1384,Global Impact NGO 1384,South Africa,Child Welfare,https://www.google.com/search?q=Global+Impact+NGO+1384+ngo+work&tbm=isch
1385,Global Impact NGO 1385,Australia,Health,https://www.google.com/search?q=Global+Impact+NGO+1385+ngo+work&tbm=isch
1386,Global Impact NGO 1386,Australia,Women Empowerment,https://www.google.com/search?q=Global+Impact+NGO+1386+ngo+work&tbm=isch
1387,Global Impact NGO 1387,UK,Poverty Relief,https://www.google.com/search?q=Global+Impact+NGO+1387+ngo+work&tbm=isch
1388,Global Impact NGO 1388,Australia,Environment,https://www.google.com/search?q=Global+Impact+NGO+1388+ngo+work&tbm=isch
1389,Global Impact NGO 1389,Kenya,Education,https://www.google.com/search?q=Global+Impact+NGO+1389+ngo+work&tbm=isch
1390,Global Impact NGO 1390,UK,Child Welfare,https://www.google.com/search?q=Global+Impact+NGO+1390+ngo+work&tbm=isch
1391,Global Impact NGO 1391,UAE,Environment,https://www.google.com/search?q=Global+Impact+NGO+1391+ngo+work&tbm=isch
1392,Global Impact NGO 1392,Brazil,Health,https://www.google.com/search?q=Global+Impact+NGO+1392+ngo+work&tbm=isch
1393,Global Impact NGO 1393,South Africa,Education,https://www.google.com/search?q=Global+Impact+NGO+1393+ngo+work&tbm=isch
1394,Global Impact NGO 1394,Kenya,Health,https://www.google.com/search?q=Global+Impact+NGO+1394+ngo+work&tbm=isch
1395,Global Impact NGO 1395,India,Education,https://www.google.com/search?q=Global+Impact+NGO+1395+ngo+work&tbm=isch
1396,Global Impact NGO 1396,Germany,Education,https://www.google.com/search?q=Global+Impact+NGO+1396+ngo+work&tbm=isch
1397,Global Impact NGO 1397,Germany,Women Empowerment,https://www.google.com/search?q=Global+Impact+NGO+1397+ngo+work&tbm=isch
1398,Global Impact NGO 1398,Australia,Child Welfare,https://www.google.com/search?q=Global+Impact+NGO+1398+ngo+work&tbm=isch
1399,Global Impact NGO 1399,Canada,Human Rights,https://www.google.com/search?q=Global+Impact+NGO+1399+ngo+work&tbm=isch
1400,Global Impact NGO 1400,Kenya,Health,https://www.google.com/search?q=Global+Impact+NGO+1400+ngo+work&tbm=isch
1401,Global Impact NGO 1401,Brazil,Women Empowerment,https://www.google.com/search?q=Global+Impact+NGO+1401+ngo+work&tbm=isch
1402,Global Impact NGO 1402,UK,Poverty Relief,https://www.google.com/search?q=Global+Impact+NGO+1402+ngo+work&tbm=isch
1403,Global Impact NGO 1403,UAE,Health,https://www.google.com/search?q=Global+Impact+NGO+1403+ngo+work&tbm=isch
1404,Global Impact NGO 1404,Germany,Child Welfare,https://www.google.com/search?q=Global+Impact+NGO+1404+ngo+work&tbm=isch
1405,Global Impact NGO 1405,Kenya,Environment,https://www.google.com/search?q=Global+Impact+NGO+1405+ngo+work&tbm=isch
1406,Global Impact NGO 1406,UAE,Child Welfare,https://www.google.com/search?q=Global+Impact+NGO+1406+ngo+work&tbm=isch
1407,Global Impact NGO 1407,Germany,Education,https://www.google.com/search?q=Global+Impact+NGO+1407+ngo+work&tbm=isch
1408,Global Impact NGO 1408,USA,Environment,https://www.google.com/search?q=Global+Impact+NGO+1408+ngo+work&tbm=isch
1409,Global Impact NGO 1409,Brazil,Poverty Relief,https://www.google.com/search?q=Global+Impact+NGO+1409+ngo+work&tbm=isch
1410,Global Impact NGO 1410,India,Education,https://www.google.com/search?q=Global+Impact+NGO+1410+ngo+work&tbm=isch
1411,Global Impact NGO 1411,Brazil,Health,https://www.google.com/search?q=Global+Impact+NGO+1411+ngo+work&tbm=isch
1412,Global Impact NGO 1412,USA,Environment,https://www.google.com/search?q=Global+Impact+NGO+1412+ngo+work&tbm=isch
1413,Global Impact NGO 1413,Brazil,Poverty Relief,https://www.google.com/search?q=Global+Impact+NGO+1413+ngo+work&tbm=isch
1414,Global Impact NGO 1414,Canada,Poverty Relief,https://www.google.com/search?q=Global+Impact+NGO+1414+ngo+work&tbm=isch
1415,Global Impact NGO 1415,Kenya,Environment,https://www.google.com/search?q=Global+Impact+NGO+1415+ngo+work&tbm=isch
1416,Global Impact NGO 1416,UK,Poverty Relief,https://www.google.com/search?q=Global+Impact+NGO+1416+ngo+work&tbm=isch
1417,Global Impact NGO 1417,Germany,Child Welfare,https://www.google.com/search?q=Global+Impact+NGO+1417+ngo+work&tbm=isch
1418,Global Impact NGO 1418,Brazil,Education,https://www.google.com/search?q=Global+Impact+NGO+1418+ngo+work&tbm=isch
1419,Global Impact NGO 1419,Australia,Environment,https://www.google.com/search?q=Global+Impact+NGO+1419+ngo+work&tbm=isch
1420,Global Impact NGO 1420,Brazil,Human Rights,https://www.google.com/search?q=Global+Impact+NGO+1420+ngo+work&tbm=isch
1421,Global Impact NGO 1421,UK,Health,https://www.google.com/search?q=Global+Impact+NGO+1421+ngo+work&tbm=isch
1422,Global Impact NGO 1422,South Africa,Health,https://www.google.com/search?q=Global+Impact+NGO+1422+ngo+work&tbm=isch
1423,Global Impact NGO 1423,South Africa,Environment,https://www.google.com/search?q=Global+Impact+NGO+1423+ngo+work&tbm=isch
1424,Global Impact NGO 1424,South Africa,Education,https://www.google.com/search?q=Global+Impact+NGO+1424+ngo+work&tbm=isch
1425,Global Impact NGO 1425,Australia,Poverty Relief,https://www.google.com/search?q=Global+Impact+NGO+1425+ngo+work&tbm=isch
1426,Global Impact NGO 1426,Australia,Poverty Relief,https://www.google.com/search?q=Global+Impact+NGO+1426+ngo+work&tbm=isch
1427,Global Impact NGO 1427,USA,Women Empowerment,https://www.google.com/search?q=Global+Impact+NGO+1427+ngo+work&tbm=isch
1428,Global Impact NGO 1428,Kenya,Education,https://www.google.com/search?q=Global+Impact+NGO+1428+ngo+work&tbm=isch
1429,Global Impact NGO 1429,Canada,Health,https://www.google.com/search?q=Global+Impact+NGO+1429+ngo+work&tbm=isch
1430,Global Impact NGO 1430,Kenya,Poverty Relief,https://www.google.com/search?q=Global+Impact+NGO+1430+ngo+work&tbm=isch
1431,Global Impact NGO 1431,Germany,Health,https://www.google.com/search?q=Global+Impact+NGO+1431+ngo+work&tbm=isch
1432,Global Impact NGO 1432,Germany,Health,https://www.google.com/search?q=Global+Impact+NGO+1432+ngo+work&tbm=isch
1433,Global Impact NGO 1433,Canada,Child Welfare,https://www.google.com/search?q=Global+Impact+NGO+1433+ngo+work&tbm=isch
1434,Global Impact NGO 1434,Canada,Women Empowerment,https://www.google.com/search?q=Global+Impact+NGO+1434+ngo+work&tbm=isch
1435,Global Impact NGO 1435,Germany,Environment,https://www.google.com/search?q=Global+Impact+NGO+1435+ngo+work&tbm=isch
1436,Global Impact NGO 1436,UAE,Environment,https://www.google.com/search?q=Global+Impact+NGO+1436+ngo+work&tbm=isch
1437,Global Impact NGO 1437,Canada,Health,https://www.google.com/search?q=Global+Impact+NGO+1437+ngo+work&tbm=isch
1438,Global Impact NGO 1438,India,Human Rights,https://www.google.com/search?q=Global+Impact+NGO+1438+ngo+work&tbm=isch
1439,Global Impact NGO 1439,Canada,Poverty Relief,https://www.google.com/search?q=Global+Impact+NGO+1439+ngo+work&tbm=isch
1440,Global Impact NGO 1440,Australia,Education,https://www.google.com/search?q=Global+Impact+NGO+1440+ngo+work&tbm=isch
1441,Global Impact NGO 1441,Canada,Health,https://www.google.com/search?q=Global+Impact+NGO+1441+ngo+work&tbm=isch
1442,Global Impact NGO 1442,Kenya,Human Rights,https://www.google.com/search?q=Global+Impact+NGO+1442+ngo+work&tbm=isch
1443,Global Impact NGO 1443,India,Child Welfare,https://www.google.com/search?q=Global+Impact+NGO+1443+ngo+work&tbm=isch
1444,Global Impact NGO 1444,USA,Child Welfare,https://www.google.com/search?q=Global+Impact+NGO+1444+ngo+work&tbm=isch
1445,Global Impact NGO 1445,UK,Education,https://www.google.com/search?q=Global+Impact+NGO+1445+ngo+work&tbm=isch
1446,Global Impact NGO 1446,Germany,Health,https://www.google.com/search?q=Global+Impact+NGO+1446+ngo+work&tbm=isch
1447,Global Impact NGO 1447,Kenya,Child Welfare,https://www.google.com/search?q=Global+Impact+NGO+1447+ngo+work&tbm=isch
1448,Global Impact NGO 1448,Brazil,Environment,https://www.google.com/search?q=Global+Impact+NGO+1448+ngo+work&tbm=isch
1449,Global Impact NGO 1449,Germany,Women Empowerment,https://www.google.com/search?q=Global+Impact+NGO+1449+ngo+work&tbm=isch
1450,Global Impact NGO 1450,South Africa,Women Empowerment,https://www.google.com/search?q=Global+Impact+NGO+1450+ngo+work&tbm=isch
1451,Global Impact NGO 1451,India,Environment,https://www.google.com/search?q=Global+Impact+NGO+1451+ngo+work&tbm=isch
1452,Global Impact NGO 1452,Australia,Environment,https://www.google.com/search?q=Global+Impact+NGO+1452+ngo+work&tbm=isch
1453,Global Impact NGO 1453,Canada,Health,https://www.google.com/search?q=Global+Impact+NGO+1453+ngo+work&tbm=isch
1454,Global Impact NGO 1454,UAE,Environment,https://www.google.com/search?q=Global+Impact+NGO+1454+ngo+work&tbm=isch
1455,Global Impact NGO 1455,UAE,Women Empowerment,https://www.google.com/search?q=Global+Impact+NGO+1455+ngo+work&tbm=isch
1456,Global Impact NGO 1456,India,Environment,https://www.google.com/search?q=Global+Impact+NGO+1456+ngo+work&tbm=isch
1457,Global Impact NGO 1457,UK,Human Rights,https://www.google.com/search?q=Global+Impact+NGO+1457+ngo+work&tbm=isch
1458,Global Impact NGO 1458,Kenya,Education,https://www.google.com/search?q=Global+Impact+NGO+1458+ngo+work&tbm=isch
1459,Global Impact NGO 1459,UK,Child Welfare,https://www.google.com/search?q=Global+Impact+NGO+1459+ngo+work&tbm=isch
1460,Global Impact NGO 1460,USA,Environment,https://www.google.com/search?q=Global+Impact+NGO+1460+ngo+work&tbm=isch
1461,Global Impact NGO 1461,Canada,Poverty Relief,https://www.google.com/search?q=Global+Impact+NGO+1461+ngo+work&tbm=isch
1462,Global Impact NGO 1462,UAE,Human Rights,https://www.google.com/search?q=Global+Impact+NGO+1462+ngo+work&tbm=isch
1463,Global Impact NGO 1463,South Africa,Health,https://www.google.com/search?q=Global+Impact+NGO+1463+ngo+work&tbm=isch
1464,Global Impact NGO 1464,Kenya,Women Empowerment,https://www.google.com/search?q=Global+Impact+NGO+1464+ngo+work&tbm=isch
1465,Global Impact NGO 1465,Australia,Health,https://www.google.com/search?q=Global+Impact+NGO+1465+ngo+work&tbm=isch
1466,Global Impact NGO 1466,Canada,Poverty Relief,https://www.google.com/search?q=Global+Impact+NGO+1466+ngo+work&tbm=isch
1467,Global Impact NGO 1467,Kenya,Human Rights,https://www.google.com/search?q=Global+Impact+NGO+1467+ngo+work&tbm=isch
1468,Global Impact NGO 1468,UK,Human Rights,https://www.google.com/search?q=Global+Impact+NGO+1468+ngo+work&tbm=isch
1469,Global Impact NGO 1469,UAE,Child Welfare,https://www.google.com/search?q=Global+Impact+NGO+1469+ngo+work&tbm=isch
1470,Global Impact NGO 1470,UK,Child Welfare,https://www.google.com/search?q=Global+Impact+NGO+1470+ngo+work&tbm=isch
1471,Global Impact NGO 1471,Germany,Health,https://www.google.com/search?q=Global+Impact+NGO+1471+ngo+work&tbm=isch
1472,Global Impact NGO 1472,Germany,Environment,https://www.google.com/search?q=Global+Impact+NGO+1472+ngo+work&tbm=isch
1473,Global Impact NGO 1473,UK,Child Welfare,https://www.google.com/search?q=Global+Impact+NGO+1473+ngo+work&tbm=isch
1474,Global Impact NGO 1474,Australia,Human Rights,https://www.google.com/search?q=Global+Impact+NGO+1474+ngo+work&tbm=isch
1475,Global Impact NGO 1475,Germany,Health,https://www.google.com/search?q=Global+Impact+NGO+1475+ngo+work&tbm=isch
1476,Global Impact NGO 1476,Australia,Health,https://www.google.com/search?q=Global+Impact+NGO+1476+ngo+work&tbm=isch
1477,Global Impact NGO 1477,Kenya,Environment,https://www.google.com/search?q=Global+Impact+NGO+1477+ngo+work&tbm=isch
1478,Global Impact NGO 1478,Brazil,Environment,https://www.google.com/search?q=Global+Impact+NGO+1478+ngo+work&tbm=isch
1479,Global Impact NGO 1479,Kenya,Women Empowerment,https://www.google.com/search?q=Global+Impact+NGO+1479+ngo+work&tbm=isch
1480,Global Impact NGO 1480,India,Child Welfare,https://www.google.com/search?q=Global+Impact+NGO+1480+ngo+work&tbm=isch
1481,Global Impact NGO 1481,Brazil,Women Empowerment,https://www.google.com/search?q=Global+Impact+NGO+1481+ngo+work&tbm=isch
1482,Global Impact NGO 1482,Germany,Human Rights,https://www.google.com/search?q=Global+Impact+NGO+1482+ngo+work&tbm=isch
1483,Global Impact NGO 1483,India,Education,https://www.google.com/search?q=Global+Impact+NGO+1483+ngo+work&tbm=isch
1484,Global Impact NGO 1484,South Africa,Health,https://www.google.com/search?q=Global+Impact+NGO+1484+ngo+work&tbm=isch
1485,Global Impact NGO 1485,USA,Child Welfare,https://www.google.com/search?q=Global+Impact+NGO+1485+ngo+work&tbm=isch
1486,Global Impact NGO 1486,UK,Environment,https://www.google.com/search?q=Global+Impact+NGO+1486+ngo+work&tbm=isch
1487,Global Impact NGO 1487,UK,Education,https://www.google.com/search?q=Global+Impact+NGO+1487+ngo+work&tbm=isch
1488,Global Impact NGO 1488,Kenya,Poverty Relief,https://www.google.com/search?q=Global+Impact+NGO+1488+ngo+work&tbm=isch
1489,Global Impact NGO 1489,Australia,Education,https://www.google.com/search?q=Global+Impact+NGO+1489+ngo+work&tbm=isch
1490,Global Impact NGO 1490,UK,Women Empowerment,https://www.google.com/search?q=Global+Impact+NGO+1490+ngo+work&tbm=isch
1491,Global Impact NGO 1491,Kenya,Child Welfare,https://www.google.com/search?q=Global+Impact+NGO+1491+ngo+work&tbm=isch
1492,Global Impact NGO 1492,UAE,Health,https://www.google.com/search?q=Global+Impact+NGO+1492+ngo+work&tbm=isch
1493,Global Impact NGO 1493,Australia,Environment,https://www.google.com/search?q=Global+Impact+NGO+1493+ngo+work&tbm=isch
1494,Global Impact NGO 1494,Kenya,Environment,https://www.google.com/search?q=Global+Impact+NGO+1494+ngo+work&tbm=isch
1495,Global Impact NGO 1495,USA,Education,https://www.google.com/search?q=Global+Impact+NGO+1495+ngo+work&tbm=isch
1496,Global Impact NGO 1496,UAE,Poverty Relief,https://www.google.com/search?q=Global+Impact+NGO+1496+ngo+work&tbm=isch
1497,Global Impact NGO 1497,Brazil,Education,https://www.google.com/search?q=Global+Impact+NGO+1497+ngo+work&tbm=isch
1498,Global Impact NGO 1498,India,Health,https://www.google.com/search?q=Global+Impact+NGO+1498+ngo+work&tbm=isch
1499,Global Impact NGO 1499,Australia,Women Empowerment,https://www.google.com/search?q=Global+Impact+NGO+1499+ngo+work&tbm=isch
1500,Global Impact NGO 1500,India,Poverty Relief,https://www.google.com/search?q=Global+Impact+NGO+1500+ngo+work&tbm=isch
1501,Global Impact NGO 1501,South Africa,Education,https://www.google.com/search?q=Global+Impact+NGO+1501+ngo+work&tbm=isch
1502,Global Impact NGO 1502,Australia,Human Rights,https://www.google.com/search?q=Global+Impact+NGO+1502+ngo+work&tbm=isch
1503,Global Impact NGO 1503,South Africa,Women Empowerment,https://www.google.com/search?q=Global+Impact+NGO+1503+ngo+work&tbm=isch
1504,Global Impact NGO 1504,UK,Child Welfare,https://www.google.com/search?q=Global+Impact+NGO+1504+ngo+work&tbm=isch
1505,Global Impact NGO 1505,Australia,Human Rights,https://www.google.com/search?q=Global+Impact+NGO+1505+ngo+work&tbm=isch
1506,Global Impact NGO 1506,USA,Poverty Relief,https://www.google.com/search?q=Global+Impact+NGO+1506+ngo+work&tbm=isch
1507,Global Impact NGO 1507,USA,Education,https://www.google.com/search?q=Global+Impact+NGO+1507+ngo+work&tbm=isch
1508,Global Impact NGO 1508,Brazil,Poverty Relief,https://www.google.com/search?q=Global+Impact+NGO+1508+ngo+work&tbm=isch
1509,Global Impact NGO 1509,UK,Human Rights,https://www.google.com/search?q=Global+Impact+NGO+1509+ngo+work&tbm=isch
1510,Global Impact NGO 1510,UK,Poverty Relief,https://www.google.com/search?q=Global+Impact+NGO+1510+ngo+work&tbm=isch
1511,Global Impact NGO 1511,Canada,Education,https://www.google.com/search?q=Global+Impact+NGO+1511+ngo+work&tbm=isch
1512,Global Impact NGO 1512,Brazil,Environment,https://www.google.com/search?q=Global+Impact+NGO+1512+ngo+work&tbm=isch
1513,Global Impact NGO 1513,Germany,Poverty Relief,https://www.google.com/search?q=Global+Impact+NGO+1513+ngo+work&tbm=isch
1514,Global Impact NGO 1514,Brazil,Environment,https://www.google.com/search?q=Global+Impact+NGO+1514+ngo+work&tbm=isch
1515,Global Impact NGO 1515,Brazil,Environment,https://www.google.com/search?q=Global+Impact+NGO+1515+ngo+work&tbm=isch
1516,Global Impact NGO 1516,Australia,Poverty Relief,https://www.google.com/search?q=Global+Impact+NGO+1516+ngo+work&tbm=isch
1517,Global Impact NGO 1517,South Africa,Health,https://www.google.com/search?q=Global+Impact+NGO+1517+ngo+work&tbm=isch
1518,Global Impact NGO 1518,UAE,Poverty Relief,https://www.google.com/search?q=Global+Impact+NGO+1518+ngo+work&tbm=isch
1519,Global Impact NGO 1519,Germany,Environment,https://www.google.com/search?q=Global+Impact+NGO+1519+ngo+work&tbm=isch
1520,Global Impact NGO 1520,USA,Human Rights,https://www.google.com/search?q=Global+Impact+NGO+1520+ngo+work&tbm=isch
1521,Global Impact NGO 1521,India,Health,https://www.google.com/search?q=Global+Impact+NGO+1521+ngo+work&tbm=isch
1522,Global Impact NGO 1522,Kenya,Environment,https://www.google.com/search?q=Global+Impact+NGO+1522+ngo+work&tbm=isch
1523,Global Impact NGO 1523,UK,Poverty Relief,https://www.google.com/search?q=Global+Impact+NGO+1523+ngo+work&tbm=isch
1524,Global Impact NGO 1524,Canada,Environment,https://www.google.com/search?q=Global+Impact+NGO+1524+ngo+work&tbm=isch
1525,Global Impact NGO 1525,Australia,Human Rights,https://www.google.com/search?q=Global+Impact+NGO+1525+ngo+work&tbm=isch
1526,Global Impact NGO 1526,Brazil,Human Rights,https://www.google.com/search?q=Global+Impact+NGO+1526+ngo+work&tbm=isch
1527,Global Impact NGO 1527,UK,Poverty Relief,https://www.google.com/search?q=Global+Impact+NGO+1527+ngo+work&tbm=isch
1528,Global Impact NGO 1528,USA,Education,https://www.google.com/search?q=Global+Impact+NGO+1528+ngo+work&tbm=isch
1529,Global Impact NGO 1529,Kenya,Poverty Relief,https://www.google.com/search?q=Global+Impact+NGO+1529+ngo+work&tbm=isch
1530,Global Impact NGO 1530,USA,Human Rights,https://www.google.com/search?q=Global+Impact+NGO+1530+ngo+work&tbm=isch
1531,Global Impact NGO 1531,South Africa,Education,https://www.google.com/search?q=Global+Impact+NGO+1531+ngo+work&tbm=isch
1532,Global Impact NGO 1532,Brazil,Human Rights,https://www.google.com/search?q=Global+Impact+NGO+1532+ngo+work&tbm=isch
1533,Global Impact NGO 1533,Kenya,Child Welfare,https://www.google.com/search?q=Global+Impact+NGO+1533+ngo+work&tbm=isch
1534,Global Impact NGO 1534,Canada,Human Rights,https://www.google.com/search?q=Global+Impact+NGO+1534+ngo+work&tbm=isch
1535,Global Impact NGO 1535,UK,Human Rights,https://www.google.com/search?q=Global+Impact+NGO+1535+ngo+work&tbm=isch
1536,Global Impact NGO 1536,UAE,Poverty Relief,https://www.google.com/search?q=Global+Impact+NGO+1536+ngo+work&tbm=isch
1537,Global Impact NGO 1537,South Africa,Poverty Relief,https://www.google.com/search?q=Global+Impact+NGO+1537+ngo+work&tbm=isch
1538,Global Impact NGO 1538,Australia,Health,https://www.google.com/search?q=Global+Impact+NGO+1538+ngo+work&tbm=isch
1539,Global Impact NGO 1539,Germany,Poverty Relief,https://www.google.com/search?q=Global+Impact+NGO+1539+ngo+work&tbm=isch
1540,Global Impact NGO 1540,Germany,Women Empowerment,https://www.google.com/search?q=Global+Impact+NGO+1540+ngo+work&tbm=isch
1541,Global Impact NGO 1541,Germany,Child Welfare,https://www.google.com/search?q=Global+Impact+NGO+1541+ngo+work&tbm=isch
1542,Global Impact NGO 1542,Germany,Health,https://www.google.com/search?q=Global+Impact+NGO+1542+ngo+work&tbm=isch
1543,Global Impact NGO 1543,Germany,Poverty Relief,https://www.google.com/search?q=Global+Impact+NGO+1543+ngo+work&tbm=isch
1544,Global Impact NGO 1544,India,Women Empowerment,https://www.google.com/search?q=Global+Impact+NGO+1544+ngo+work&tbm=isch
1545,Global Impact NGO 1545,Brazil,Health,https://www.google.com/search?q=Global+Impact+NGO+1545+ngo+work&tbm=isch
1546,Global Impact NGO 1546,UAE,Poverty Relief,https://www.google.com/search?q=Global+Impact+NGO+1546+ngo+work&tbm=isch
1547,Global Impact NGO 1547,Germany,Education,https://www.google.com/search?q=Global+Impact+NGO+1547+ngo+work&tbm=isch
1548,Global Impact NGO 1548,Germany,Child Welfare,https://www.google.com/search?q=Global+Impact+NGO+1548+ngo+work&tbm=isch
1549,Global Impact NGO 1549,India,Environment,https://www.google.com/search?q=Global+Impact+NGO+1549+ngo+work&tbm=isch
1550,Global Impact NGO 1550,Canada,Women Empowerment,https://www.google.com/search?q=Global+Impact+NGO+1550+ngo+work&tbm=isch
1551,Global Impact NGO 1551,Brazil,Health,https://www.google.com/search?q=Global+Impact+NGO+1551+ngo+work&tbm=isch
1552,Global Impact NGO 1552,UAE,Poverty Relief,https://www.google.com/search?q=Global+Impact+NGO+1552+ngo+work&tbm=isch
1553,Global Impact NGO 1553,Canada,Women Empowerment,https://www.google.com/search?q=Global+Impact+NGO+1553+ngo+work&tbm=isch
1554,Global Impact NGO 1554,Germany,Health,https://www.google.com/search?q=Global+Impact+NGO+1554+ngo+work&tbm=isch
1555,Global Impact NGO 1555,Brazil,Health,https://www.google.com/search?q=Global+Impact+NGO+1555+ngo+work&tbm=isch
1556,Global Impact NGO 1556,South Africa,Poverty Relief,https://www.google.com/search?q=Global+Impact+NGO+1556+ngo+work&tbm=isch
1557,Global Impact NGO 1557,Australia,Women Empowerment,https://www.google.com/search?q=Global+Impact+NGO+1557+ngo+work&tbm=isch
1558,Global Impact NGO 1558,Canada,Health,https://www.google.com/search?q=Global+Impact+NGO+1558+ngo+work&tbm=isch
1559,Global Impact NGO 1559,UAE,Women Empowerment,https://www.google.com/search?q=Global+Impact+NGO+1559+ngo+work&tbm=isch
1560,Global Impact NGO 1560,UK,Poverty Relief,https://www.google.com/search?q=Global+Impact+NGO+1560+ngo+work&tbm=isch
1561,Global Impact NGO 1561,Brazil,Education,https://www.google.com/search?q=Global+Impact+NGO+1561+ngo+work&tbm=isch
1562,Global Impact NGO 1562,Germany,Poverty Relief,https://www.google.com/search?q=Global+Impact+NGO+1562+ngo+work&tbm=isch
1563,Global Impact NGO 1563,Brazil,Education,https://www.google.com/search?q=Global+Impact+NGO+1563+ngo+work&tbm=isch
1564,Global Impact NGO 1564,Canada,Poverty Relief,https://www.google.com/search?q=Global+Impact+NGO+1564+ngo+work&tbm=isch
1565,Global Impact NGO 1565,South Africa,Child Welfare,https://www.google.com/search?q=Global+Impact+NGO+1565+ngo+work&tbm=isch
1566,Global Impact NGO 1566,UAE,Poverty Relief,https://www.google.com/search?q=Global+Impact+NGO+1566+ngo+work&tbm=isch
1567,Global Impact NGO 1567,UK,Child Welfare,https://www.google.com/search?q=Global+Impact+NGO+1567+ngo+work&tbm=isch
1568,Global Impact NGO 1568,UK,Education,https://www.google.com/search?q=Global+Impact+NGO+1568+ngo+work&tbm=isch
1569,Global Impact NGO 1569,Kenya,Education,https://www.google.com/search?q=Global+Impact+NGO+1569+ngo+work&tbm=isch
1570,Global Impact NGO 1570,UK,Education,https://www.google.com/search?q=Global+Impact+NGO+1570+ngo+work&tbm=isch
1571,Global Impact NGO 1571,India,Education,https://www.google.com/search?q=Global+Impact+NGO+1571+ngo+work&tbm=isch
1572,Global Impact NGO 1572,India,Human Rights,https://www.google.com/search?q=Global+Impact+NGO+1572+ngo+work&tbm=isch
1573,Global Impact NGO 1573,Canada,Environment,https://www.google.com/search?q=Global+Impact+NGO+1573+ngo+work&tbm=isch
1574,Global Impact NGO 1574,South Africa,Health,https://www.google.com/search?q=Global+Impact+NGO+1574+ngo+work&tbm=isch
1575,Global Impact NGO 1575,USA,Poverty Relief,https://www.google.com/search?q=Global+Impact+NGO+1575+ngo+work&tbm=isch
1576,Global Impact NGO 1576,South Africa,Health,https://www.google.com/search?q=Global+Impact+NGO+1576+ngo+work&tbm=isch
1577,Global Impact NGO 1577,UK,Education,https://www.google.com/search?q=Global+Impact+NGO+1577+ngo+work&tbm=isch
1578,Global Impact NGO 1578,Kenya,Poverty Relief,https://www.google.com/search?q=Global+Impact+NGO+1578+ngo+work&tbm=isch
1579,Global Impact NGO 1579,Australia,Women Empowerment,https://www.google.com/search?q=Global+Impact+NGO+1579+ngo+work&tbm=isch
1580,Global Impact NGO 1580,UAE,Human Rights,https://www.google.com/search?q=Global+Impact+NGO+1580+ngo+work&tbm=isch
1581,Global Impact NGO 1581,USA,Child Welfare,https://www.google.com/search?q=Global+Impact+NGO+1581+ngo+work&tbm=isch
1582,Global Impact NGO 1582,India,Environment,https://www.google.com/search?q=Global+Impact+NGO+1582+ngo+work&tbm=isch
1583,Global Impact NGO 1583,Canada,Human Rights,https://www.google.com/search?q=Global+Impact+NGO+1583+ngo+work&tbm=isch
1584,Global Impact NGO 1584,South Africa,Women Empowerment,https://www.google.com/search?q=Global+Impact+NGO+1584+ngo+work&tbm=isch
1585,Global Impact NGO 1585,Brazil,Environment,https://www.google.com/search?q=Global+Impact+NGO+1585+ngo+work&tbm=isch
1586,Global Impact NGO 1586,Kenya,Women Empowerment,https://www.google.com/search?q=Global+Impact+NGO+1586+ngo+work&tbm=isch
1587,Global Impact NGO 1587,India,Child Welfare,https://www.google.com/search?q=Global+Impact+NGO+1587+ngo+work&tbm=isch
1588,Global Impact NGO 1588,UAE,Poverty Relief,https://www.google.com/search?q=Global+Impact+NGO+1588+ngo+work&tbm=isch
1589,Global Impact NGO 1589,India,Poverty Relief,https://www.google.com/search?q=Global+Impact+NGO+1589+ngo+work&tbm=isch
1590,Global Impact NGO 1590,USA,Environment,https://www.google.com/search?q=Global+Impact+NGO+1590+ngo+work&tbm=isch
1591,Global Impact NGO 1591,Australia,Poverty Relief,https://www.google.com/search?q=Global+Impact+NGO+1591+ngo+work&tbm=isch
1592,Global Impact NGO 1592,UAE,Child Welfare,https://www.google.com/search?q=Global+Impact+NGO+1592+ngo+work&tbm=isch
1593,Global Impact NGO 1593,India,Education,https://www.google.com/search?q=Global+Impact+NGO+1593+ngo+work&tbm=isch
1594,Global Impact NGO 1594,Kenya,Women Empowerment,https://www.google.com/search?q=Global+Impact+NGO+1594+ngo+work&tbm=isch
1595,Global Impact NGO 1595,India,Education,https://www.google.com/search?q=Global+Impact+NGO+1595+ngo+work&tbm=isch
1596,Global Impact NGO 1596,India,Environment,https://www.google.com/search?q=Global+Impact+NGO+1596+ngo+work&tbm=isch
1597,Global Impact NGO 1597,Brazil,Poverty Relief,https://www.google.com/search?q=Global+Impact+NGO+1597+ngo+work&tbm=isch
1598,Global Impact NGO 1598,UK,Human Rights,https://www.google.com/search?q=Global+Impact+NGO+1598+ngo+work&tbm=isch
1599,Global Impact NGO 1599,UK,Poverty Relief,https://www.google.com/search?q=Global+Impact+NGO+1599+ngo+work&tbm=isch
1600,Global Impact NGO 1600,South Africa,Health,https://www.google.com/search?q=Global+Impact+NGO+1600+ngo+work&tbm=isch
1601,Global Impact NGO 1601,South Africa,Education,https://www.google.com/search?q=Global+Impact+NGO+1601+ngo+work&tbm=isch
1602,Global Impact NGO 1602,Kenya,Education,https://www.google.com/search?q=Global+Impact+NGO+1602+ngo+work&tbm=isch
1603,Global Impact NGO 1603,India,Human Rights,https://www.google.com/search?q=Global+Impact+NGO+1603+ngo+work&tbm=isch
1604,Global Impact NGO 1604,South Africa,Human Rights,https://www.google.com/search?q=Global+Impact+NGO+1604+ngo+work&tbm=isch
1605,Global Impact NGO 1605,India,Education,https://www.google.com/search?q=Global+Impact+NGO+1605+ngo+work&tbm=isch
1606,Global Impact NGO 1606,Canada,Women Empowerment,https://www.google.com/search?q=Global+Impact+NGO+1606+ngo+work&tbm=isch
1607,Global Impact NGO 1607,South Africa,Women Empowerment,https://www.google.com/search?q=Global+Impact+NGO+1607+ngo+work&tbm=isch
1608,Global Impact NGO 1608,India,Education,https://www.google.com/search?q=Global+Impact+NGO+1608+ngo+work&tbm=isch
1609,Global Impact NGO 1609,India,Child Welfare,https://www.google.com/search?q=Global+Impact+NGO+1609+ngo+work&tbm=isch
1610,Global Impact NGO 1610,India,Human Rights,https://www.google.com/search?q=Global+Impact+NGO+1610+ngo+work&tbm=isch
1611,Global Impact NGO 1611,Brazil,Education,https://www.google.com/search?q=Global+Impact+NGO+1611+ngo+work&tbm=isch
1612,Global Impact NGO 1612,Kenya,Education,https://www.google.com/search?q=Global+Impact+NGO+1612+ngo+work&tbm=isch
1613,Global Impact NGO 1613,Germany,Education,https://www.google.com/search?q=Global+Impact+NGO+1613+ngo+work&tbm=isch
1614,Global Impact NGO 1614,Australia,Women Empowerment,https://www.google.com/search?q=Global+Impact+NGO+1614+ngo+work&tbm=isch
1615,Global Impact NGO 1615,UK,Child Welfare,https://www.google.com/search?q=Global+Impact+NGO+1615+ngo+work&tbm=isch
1616,Global Impact NGO 1616,Brazil,Education,https://www.google.com/search?q=Global+Impact+NGO+1616+ngo+work&tbm=isch
1617,Global Impact NGO 1617,Germany,Environment,https://www.google.com/search?q=Global+Impact+NGO+1617+ngo+work&tbm=isch
1618,Global Impact NGO 1618,Germany,Health,https://www.google.com/search?q=Global+Impact+NGO+1618+ngo+work&tbm=isch
1619,Global Impact NGO 1619,Brazil,Environment,https://www.google.com/search?q=Global+Impact+NGO+1619+ngo+work&tbm=isch
1620,Global Impact NGO 1620,Germany,Women Empowerment,https://www.google.com/search?q=Global+Impact+NGO+1620+ngo+work&tbm=isch
1621,Global Impact NGO 1621,Germany,Human Rights,https://www.google.com/search?q=Global+Impact+NGO+1621+ngo+work&tbm=isch
1622,Global Impact NGO 1622,Canada,Education,https://www.google.com/search?q=Global+Impact+NGO+1622+ngo+work&tbm=isch
1623,Global Impact NGO 1623,UAE,Human Rights,https://www.google.com/search?q=Global+Impact+NGO+1623+ngo+work&tbm=isch
1624,Global Impact NGO 1624,Canada,Education,https://www.google.com/search?q=Global+Impact+NGO+1624+ngo+work&tbm=isch
1625,Global Impact NGO 1625,India,Environment,https://www.google.com/search?q=Global+Impact+NGO+1625+ngo+work&tbm=isch
1626,Global Impact NGO 1626,Australia,Women Empowerment,https://www.google.com/search?q=Global+Impact+NGO+1626+ngo+work&tbm=isch
1627,Global Impact NGO 1627,Brazil,Education,https://www.google.com/search?q=Global+Impact+NGO+1627+ngo+work&tbm=isch
1628,Global Impact NGO 1628,USA,Women Empowerment,https://www.google.com/search?q=Global+Impact+NGO+1628+ngo+work&tbm=isch
1629,Global Impact NGO 1629,Australia,Poverty Relief,https://www.google.com/search?q=Global+Impact+NGO+1629+ngo+work&tbm=isch
1630,Global Impact NGO 1630,India,Human Rights,https://www.google.com/search?q=Global+Impact+NGO+1630+ngo+work&tbm=isch
1631,Global Impact NGO 1631,UK,Environment,https://www.google.com/search?q=Global+Impact+NGO+1631+ngo+work&tbm=isch
1632,Global Impact NGO 1632,USA,Health,https://www.google.com/search?q=Global+Impact+NGO+1632+ngo+work&tbm=isch
1633,Global Impact NGO 1633,UAE,Human Rights,https://www.google.com/search?q=Global+Impact+NGO+1633+ngo+work&tbm=isch
1634,Global Impact NGO 1634,South Africa,Education,https://www.google.com/search?q=Global+Impact+NGO+1634+ngo+work&tbm=isch
1635,Global Impact NGO 1635,UAE,Poverty Relief,https://www.google.com/search?q=Global+Impact+NGO+1635+ngo+work&tbm=isch
1636,Global Impact NGO 1636,UK,Human Rights,https://www.google.com/search?q=Global+Impact+NGO+1636+ngo+work&tbm=isch
1637,Global Impact NGO 1637,South Africa,Environment,https://www.google.com/search?q=Global+Impact+NGO+1637+ngo+work&tbm=isch
1638,Global Impact NGO 1638,Germany,Health,https://www.google.com/search?q=Global+Impact+NGO+1638+ngo+work&tbm=isch
1639,Global Impact NGO 1639,Brazil,Poverty Relief,https://www.google.com/search?q=Global+Impact+NGO+1639+ngo+work&tbm=isch
1640,Global Impact NGO 1640,India,Human Rights,https://www.google.com/search?q=Global+Impact+NGO+1640+ngo+work&tbm=isch
1641,Global Impact NGO 1641,UK,Health,https://www.google.com/search?q=Global+Impact+NGO+1641+ngo+work&tbm=isch
1642,Global Impact NGO 1642,Germany,Environment,https://www.google.com/search?q=Global+Impact+NGO+1642+ngo+work&tbm=isch
1643,Global Impact NGO 1643,Canada,Women Empowerment,https://www.google.com/search?q=Global+Impact+NGO+1643+ngo+work&tbm=isch
1644,Global Impact NGO 1644,Brazil,Education,https://www.google.com/search?q=Global+Impact+NGO+1644+ngo+work&tbm=isch
1645,Global Impact NGO 1645,UK,Environment,https://www.google.com/search?q=Global+Impact+NGO+1645+ngo+work&tbm=isch
1646,Global Impact NGO 1646,UK,Human Rights,https://www.google.com/search?q=Global+Impact+NGO+1646+ngo+work&tbm=isch
1647,Global Impact NGO 1647,Canada,Human Rights,https://www.google.com/search?q=Global+Impact+NGO+1647+ngo+work&tbm=isch
1648,Global Impact NGO 1648,Kenya,Human Rights,https://www.google.com/search?q=Global+Impact+NGO+1648+ngo+work&tbm=isch
1649,Global Impact NGO 1649,India,Child Welfare,https://www.google.com/search?q=Global+Impact+NGO+1649+ngo+work&tbm=isch
1650,Global Impact NGO 1650,India,Child Welfare,https://www.google.com/search?q=Global+Impact+NGO+1650+ngo+work&tbm=isch
1651,Global Impact NGO 1651,South Africa,Child Welfare,https://www.google.com/search?q=Global+Impact+NGO+1651+ngo+work&tbm=isch
1652,Global Impact NGO 1652,Australia,Child Welfare,https://www.google.com/search?q=Global+Impact+NGO+1652+ngo+work&tbm=isch
1653,Global Impact NGO 1653,Germany,Human Rights,https://www.google.com/search?q=Global+Impact+NGO+1653+ngo+work&tbm=isch
1654,Global Impact NGO 1654,Canada,Human Rights,https://www.google.com/search?q=Global+Impact+NGO+1654+ngo+work&tbm=isch
1655,Global Impact NGO 1655,UAE,Poverty Relief,https://www.google.com/search?q=Global+Impact+NGO+1655+ngo+work&tbm=isch
1656,Global Impact NGO 1656,Germany,Women Empowerment,https://www.google.com/search?q=Global+Impact+NGO+1656+ngo+work&tbm=isch
1657,Global Impact NGO 1657,UAE,Education,https://www.google.com/search?q=Global+Impact+NGO+1657+ngo+work&tbm=isch
1658,Global Impact NGO 1658,India,Environment,https://www.google.com/search?q=Global+Impact+NGO+1658+ngo+work&tbm=isch
1659,Global Impact NGO 1659,Kenya,Environment,https://www.google.com/search?q=Global+Impact+NGO+1659+ngo+work&tbm=isch
1660,Global Impact NGO 1660,UK,Education,https://www.google.com/search?q=Global+Impact+NGO+1660+ngo+work&tbm=isch
1661,Global Impact NGO 1661,Germany,Human Rights,https://www.google.com/search?q=Global+Impact+NGO+1661+ngo+work&tbm=isch
1662,Global Impact NGO 1662,Canada,Education,https://www.google.com/search?q=Global+Impact+NGO+1662+ngo+work&tbm=isch
1663,Global Impact NGO 1663,South Africa,Human Rights,https://www.google.com/search?q=Global+Impact+NGO+1663+ngo+work&tbm=isch
1664,Global Impact NGO 1664,Brazil,Women Empowerment,https://www.google.com/search?q=Global+Impact+NGO+1664+ngo+work&tbm=isch
1665,Global Impact NGO 1665,Kenya,Poverty Relief,https://www.google.com/search?q=Global+Impact+NGO+1665+ngo+work&tbm=isch
1666,Global Impact NGO 1666,USA,Environment,https://www.google.com/search?q=Global+Impact+NGO+1666+ngo+work&tbm=isch
1667,Global Impact NGO 1667,Germany,Women Empowerment,https://www.google.com/search?q=Global+Impact+NGO+1667+ngo+work&tbm=isch
1668,Global Impact NGO 1668,Canada,Human Rights,https://www.google.com/search?q=Global+Impact+NGO+1668+ngo+work&tbm=isch
1669,Global Impact NGO 1669,Australia,Women Empowerment,https://www.google.com/search?q=Global+Impact+NGO+1669+ngo+work&tbm=isch
1670,Global Impact NGO 1670,UAE,Environment,https://www.google.com/search?q=Global+Impact+NGO+1670+ngo+work&tbm=isch
1671,Global Impact NGO 1671,Brazil,Human Rights,https://www.google.com/search?q=Global+Impact+NGO+1671+ngo+work&tbm=isch
1672,Global Impact NGO 1672,Brazil,Health,https://www.google.com/search?q=Global+Impact+NGO+1672+ngo+work&tbm=isch
1673,Global Impact NGO 1673,USA,Child Welfare,https://www.google.com/search?q=Global+Impact+NGO+1673+ngo+work&tbm=isch
1674,Global Impact NGO 1674,UAE,Poverty Relief,https://www.google.com/search?q=Global+Impact+NGO+1674+ngo+work&tbm=isch
1675,Global Impact NGO 1675,Australia,Health,https://www.google.com/search?q=Global+Impact+NGO+1675+ngo+work&tbm=isch
1676,Global Impact NGO 1676,South Africa,Health,https://www.google.com/search?q=Global+Impact+NGO+1676+ngo+work&tbm=isch
1677,Global Impact NGO 1677,UK,Poverty Relief,https://www.google.com/search?q=Global+Impact+NGO+1677+ngo+work&tbm=isch
1678,Global Impact NGO 1678,UAE,Health,https://www.google.com/search?q=Global+Impact+NGO+1678+ngo+work&tbm=isch
1679,Global Impact NGO 1679,Canada,Human Rights,https://www.google.com/search?q=Global+Impact+NGO+1679+ngo+work&tbm=isch
1680,Global Impact NGO 1680,UK,Child Welfare,https://www.google.com/search?q=Global+Impact+NGO+1680+ngo+work&tbm=isch
1681,Global Impact NGO 1681,Australia,Education,https://www.google.com/search?q=Global+Impact+NGO+1681+ngo+work&tbm=isch
1682,Global Impact NGO 1682,India,Women Empowerment,https://www.google.com/search?q=Global+Impact+NGO+1682+ngo+work&tbm=isch
1683,Global Impact NGO 1683,South Africa,Education,https://www.google.com/search?q=Global+Impact+NGO+1683+ngo+work&tbm=isch
1684,Global Impact NGO 1684,South Africa,Women Empowerment,https://www.google.com/search?q=Global+Impact+NGO+1684+ngo+work&tbm=isch
1685,Global Impact NGO 1685,India,Poverty Relief,https://www.google.com/search?q=Global+Impact+NGO+1685+ngo+work&tbm=isch
1686,Global Impact NGO 1686,Kenya,Environment,https://www.google.com/search?q=Global+Impact+NGO+1686+ngo+work&tbm=isch
1687,Global Impact NGO 1687,South Africa,Human Rights,https://www.google.com/search?q=Global+Impact+NGO+1687+ngo+work&tbm=isch
1688,Global Impact NGO 1688,UAE,Child Welfare,https://www.google.com/search?q=Global+Impact+NGO+1688+ngo+work&tbm=isch
1689,Global Impact NGO 1689,Canada,Health,https://www.google.com/search?q=Global+Impact+NGO+1689+ngo+work&tbm=isch
1690,Global Impact NGO 1690,UAE,Child Welfare,https://www.google.com/search?q=Global+Impact+NGO+1690+ngo+work&tbm=isch
1691,Global Impact NGO 1691,Australia,Child Welfare,https://www.google.com/search?q=Global+Impact+NGO+1691+ngo+work&tbm=isch
1692,Global Impact NGO 1692,UK,Environment,https://www.google.com/search?q=Global+Impact+NGO+1692+ngo+work&tbm=isch
1693,Global Impact NGO 1693,Canada,Health,https://www.google.com/search?q=Global+Impact+NGO+1693+ngo+work&tbm=isch
1694,Global Impact NGO 1694,Australia,Environment,https://www.google.com/search?q=Global+Impact+NGO+1694+ngo+work&tbm=isch
1695,Global Impact NGO 1695,Kenya,Poverty Relief,https://www.google.com/search?q=Global+Impact+NGO+1695+ngo+work&tbm=isch
1696,Global Impact NGO 1696,Brazil,Child Welfare,https://www.google.com/search?q=Global+Impact+NGO+1696+ngo+work&tbm=isch
1697,Global Impact NGO 1697,Germany,Human Rights,https://www.google.com/search?q=Global+Impact+NGO+1697+ngo+work&tbm=isch
1698,Global Impact NGO 1698,Australia,Health,https://www.google.com/search?q=Global+Impact+NGO+1698+ngo+work&tbm=isch
1699,Global Impact NGO 1699,UK,Women Empowerment,https://www.google.com/search?q=Global+Impact+NGO+1699+ngo+work&tbm=isch
1700,Global Impact NGO 1700,Germany,Child Welfare,https://www.google.com/search?q=Global+Impact+NGO+1700+ngo+work&tbm=isch
1701,Global Impact NGO 1701,Canada,Women Empowerment,https://www.google.com/search?q=Global+Impact+NGO+1701+ngo+work&tbm=isch
1702,Global Impact NGO 1702,UAE,Child Welfare,https://www.google.com/search?q=Global+Impact+NGO+1702+ngo+work&tbm=isch
1703,Global Impact NGO 1703,Brazil,Child Welfare,https://www.google.com/search?q=Global+Impact+NGO+1703+ngo+work&tbm=isch
1704,Global Impact NGO 1704,UK,Environment,https://www.google.com/search?q=Global+Impact+NGO+1704+ngo+work&tbm=isch
1705,Global Impact NGO 1705,Canada,Environment,https://www.google.com/search?q=Global+Impact+NGO+1705+ngo+work&tbm=isch
1706,Global Impact NGO 1706,Australia,Poverty Relief,https://www.google.com/search?q=Global+Impact+NGO+1706+ngo+work&tbm=isch
1707,Global Impact NGO 1707,Brazil,Poverty Relief,https://www.google.com/search?q=Global+Impact+NGO+1707+ngo+work&tbm=isch
1708,Global Impact NGO 1708,Kenya,Environment,https://www.google.com/search?q=Global+Impact+NGO+1708+ngo+work&tbm=isch
1709,Global Impact NGO 1709,UAE,Poverty Relief,https://www.google.com/search?q=Global+Impact+NGO+1709+ngo+work&tbm=isch
1710,Global Impact NGO 1710,UK,Child Welfare,https://www.google.com/search?q=Global+Impact+NGO+1710+ngo+work&tbm=isch
1711,Global Impact NGO 1711,Kenya,Child Welfare,https://www.google.com/search?q=Global+Impact+NGO+1711+ngo+work&tbm=isch
1712,Global Impact NGO 1712,South Africa,Human Rights,https://www.google.com/search?q=Global+Impact+NGO+1712+ngo+work&tbm=isch
1713,Global Impact NGO 1713,UAE,Education,https://www.google.com/search?q=Global+Impact+NGO+1713+ngo+work&tbm=isch
1714,Global Impact NGO 1714,UAE,Education,https://www.google.com/search?q=Global+Impact+NGO+1714+ngo+work&tbm=isch
1715,Global Impact NGO 1715,Germany,Child Welfare,https://www.google.com/search?q=Global+Impact+NGO+1715+ngo+work&tbm=isch
1716,Global Impact NGO 1716,India,Poverty Relief,https://www.google.com/search?q=Global+Impact+NGO+1716+ngo+work&tbm=isch
1717,Global Impact NGO 1717,India,Education,https://www.google.com/search?q=Global+Impact+NGO+1717+ngo+work&tbm=isch
1718,Global Impact NGO 1718,UAE,Education,https://www.google.com/search?q=Global+Impact+NGO+1718+ngo+work&tbm=isch
1719,Global Impact NGO 1719,Germany,Women Empowerment,https://www.google.com/search?q=Global+Impact+NGO+1719+ngo+work&tbm=isch
1720,Global Impact NGO 1720,Brazil,Education,https://www.google.com/search?q=Global+Impact+NGO+1720+ngo+work&tbm=isch
1721,Global Impact NGO 1721,Australia,Health,https://www.google.com/search?q=Global+Impact+NGO+1721+ngo+work&tbm=isch
1722,Global Impact NGO 1722,Canada,Poverty Relief,https://www.google.com/search?q=Global+Impact+NGO+1722+ngo+work&tbm=isch
1723,Global Impact NGO 1723,USA,Poverty Relief,https://www.google.com/search?q=Global+Impact+NGO+1723+ngo+work&tbm=isch
1724,Global Impact NGO 1724,Brazil,Child Welfare,https://www.google.com/search?q=Global+Impact+NGO+1724+ngo+work&tbm=isch
1725,Global Impact NGO 1725,South Africa,Poverty Relief,https://www.google.com/search?q=Global+Impact+NGO+1725+ngo+work&tbm=isch
1726,Global Impact NGO 1726,South Africa,Women Empowerment,https://www.google.com/search?q=Global+Impact+NGO+1726+ngo+work&tbm=isch
1727,Global Impact NGO 1727,South Africa,Women Empowerment,https://www.google.com/search?q=Global+Impact+NGO+1727+ngo+work&tbm=isch
1728,Global Impact NGO 1728,Brazil,Environment,https://www.google.com/search?q=Global+Impact+NGO+1728+ngo+work&tbm=isch
1729,Global Impact NGO 1729,USA,Human Rights,https://www.google.com/search?q=Global+Impact+NGO+1729+ngo+work&tbm=isch
1730,Global Impact NGO 1730,South Africa,Child Welfare,https://www.google.com/search?q=Global+Impact+NGO+1730+ngo+work&tbm=isch
1731,Global Impact NGO 1731,USA,Poverty Relief,https://www.google.com/search?q=Global+Impact+NGO+1731+ngo+work&tbm=isch
1732,Global Impact NGO 1732,UK,Education,https://www.google.com/search?q=Global+Impact+NGO+1732+ngo+work&tbm=isch
1733,Global Impact NGO 1733,India,Child Welfare,https://www.google.com/search?q=Global+Impact+NGO+1733+ngo+work&tbm=isch
1734,Global Impact NGO 1734,Australia,Poverty Relief,https://www.google.com/search?q=Global+Impact+NGO+1734+ngo+work&tbm=isch
1735,Global Impact NGO 1735,USA,Child Welfare,https://www.google.com/search?q=Global+Impact+NGO+1735+ngo+work&tbm=isch
1736,Global Impact NGO 1736,India,Child Welfare,https://www.google.com/search?q=Global+Impact+NGO+1736+ngo+work&tbm=isch
1737,Global Impact NGO 1737,India,Poverty Relief,https://www.google.com/search?q=Global+Impact+NGO+1737+ngo+work&tbm=isch
1738,Global Impact NGO 1738,Canada,Poverty Relief,https://www.google.com/search?q=Global+Impact+NGO+1738+ngo+work&tbm=isch
1739,Global Impact NGO 1739,South Africa,Education,https://www.google.com/search?q=Global+Impact+NGO+1739+ngo+work&tbm=isch
1740,Global Impact NGO 1740,Germany,Human Rights,https://www.google.com/search?q=Global+Impact+NGO+1740+ngo+work&tbm=isch
1741,Global Impact NGO 1741,UAE,Environment,https://www.google.com/search?q=Global+Impact+NGO+1741+ngo+work&tbm=isch
1742,Global Impact NGO 1742,India,Human Rights,https://www.google.com/search?q=Global+Impact+NGO+1742+ngo+work&tbm=isch
1743,Global Impact NGO 1743,Canada,Environment,https://www.google.com/search?q=Global+Impact+NGO+1743+ngo+work&tbm=isch
1744,Global Impact NGO 1744,UK,Education,https://www.google.com/search?q=Global+Impact+NGO+1744+ngo+work&tbm=isch
1745,Global Impact NGO 1745,South Africa,Women Empowerment,https://www.google.com/search?q=Global+Impact+NGO+1745+ngo+work&tbm=isch
1746,Global Impact NGO 1746,Kenya,Women Empowerment,https://www.google.com/search?q=Global+Impact+NGO+1746+ngo+work&tbm=isch
1747,Global Impact NGO 1747,UAE,Poverty Relief,https://www.google.com/search?q=Global+Impact+NGO+1747+ngo+work&tbm=isch
1748,Global Impact NGO 1748,Australia,Environment,https://www.google.com/search?q=Global+Impact+NGO+1748+ngo+work&tbm=isch
1749,Global Impact NGO 1749,Kenya,Health,https://www.google.com/search?q=Global+Impact+NGO+1749+ngo+work&tbm=isch
1750,Global Impact NGO 1750,Germany,Health,https://www.google.com/search?q=Global+Impact+NGO+1750+ngo+work&tbm=isch
1751,Global Impact NGO 1751,India,Education,https://www.google.com/search?q=Global+Impact+NGO+1751+ngo+work&tbm=isch
1752,Global Impact NGO 1752,UAE,Women Empowerment,https://www.google.com/search?q=Global+Impact+NGO+1752+ngo+work&tbm=isch
1753,Global Impact NGO 1753,Australia,Health,https://www.google.com/search?q=Global+Impact+NGO+1753+ngo+work&tbm=isch
1754,Global Impact NGO 1754,Germany,Child Welfare,https://www.google.com/search?q=Global+Impact+NGO+1754+ngo+work&tbm=isch
1755,Global Impact NGO 1755,Brazil,Education,https://www.google.com/search?q=Global+Impact+NGO+1755+ngo+work&tbm=isch
1756,Global Impact NGO 1756,UAE,Women Empowerment,https://www.google.com/search?q=Global+Impact+NGO+1756+ngo+work&tbm=isch
1757,Global Impact NGO 1757,Kenya,Women Empowerment,https://www.google.com/search?q=Global+Impact+NGO+1757+ngo+work&tbm=isch
1758,Global Impact NGO 1758,Germany,Health,https://www.google.com/search?q=Global+Impact+NGO+1758+ngo+work&tbm=isch
1759,Global Impact NGO 1759,USA,Health,https://www.google.com/search?q=Global+Impact+NGO+1759+ngo+work&tbm=isch
1760,Global Impact NGO 1760,India,Poverty Relief,https://www.google.com/search?q=Global+Impact+NGO+1760+ngo+work&tbm=isch
1761,Global Impact NGO 1761,UAE,Poverty Relief,https://www.google.com/search?q=Global+Impact+NGO+1761+ngo+work&tbm=isch
1762,Global Impact NGO 1762,Brazil,Poverty Relief,https://www.google.com/search?q=Global+Impact+NGO+1762+ngo+work&tbm=isch
1763,Global Impact NGO 1763,Canada,Health,https://www.google.com/search?q=Global+Impact+NGO+1763+ngo+work&tbm=isch
1764,Global Impact NGO 1764,Brazil,Poverty Relief,https://www.google.com/search?q=Global+Impact+NGO+1764+ngo+work&tbm=isch
1765,Global Impact NGO 1765,Australia,Environment,https://www.google.com/search?q=Global+Impact+NGO+1765+ngo+work&tbm=isch
1766,Global Impact NGO 1766,Germany,Human Rights,https://www.google.com/search?q=Global+Impact+NGO+1766+ngo+work&tbm=isch
1767,Global Impact NGO 1767,Brazil,Environment,https://www.google.com/search?q=Global+Impact+NGO+1767+ngo+work&tbm=isch
1768,Global Impact NGO 1768,Canada,Human Rights,https://www.google.com/search?q=Global+Impact+NGO+1768+ngo+work&tbm=isch
1769,Global Impact NGO 1769,Australia,Child Welfare,https://www.google.com/search?q=Global+Impact+NGO+1769+ngo+work&tbm=isch
1770,Global Impact NGO 1770,South Africa,Education,https://www.google.com/search?q=Global+Impact+NGO+1770+ngo+work&tbm=isch
1771,Global Impact NGO 1771,Brazil,Poverty Relief,https://www.google.com/search?q=Global+Impact+NGO+1771+ngo+work&tbm=isch
1772,Global Impact NGO 1772,Kenya,Human Rights,https://www.google.com/search?q=Global+Impact+NGO+1772+ngo+work&tbm=isch
1773,Global Impact NGO 1773,Brazil,Poverty Relief,https://www.google.com/search?q=Global+Impact+NGO+1773+ngo+work&tbm=isch
1774,Global Impact NGO 1774,Brazil,Women Empowerment,https://www.google.com/search?q=Global+Impact+NGO+1774+ngo+work&tbm=isch
1775,Global Impact NGO 1775,Kenya,Women Empowerment,https://www.google.com/search?q=Global+Impact+NGO+1775+ngo+work&tbm=isch
1776,Global Impact NGO 1776,UAE,Human Rights,https://www.google.com/search?q=Global+Impact+NGO+1776+ngo+work&tbm=isch
1777,Global Impact NGO 1777,South Africa,Child Welfare,https://www.google.com/search?q=Global+Impact+NGO+1777+ngo+work&tbm=isch
1778,Global Impact NGO 1778,Brazil,Human Rights,https://www.google.com/search?q=Global+Impact+NGO+1778+ngo+work&tbm=isch
1779,Global Impact NGO 1779,Canada,Health,https://www.google.com/search?q=Global+Impact+NGO+1779+ngo+work&tbm=isch
1780,Global Impact NGO 1780,India,Child Welfare,https://www.google.com/search?q=Global+Impact+NGO+1780+ngo+work&tbm=isch
1781,Global Impact NGO 1781,Germany,Women Empowerment,https://www.google.com/search?q=Global+Impact+NGO+1781+ngo+work&tbm=isch
1782,Global Impact NGO 1782,South Africa,Environment,https://www.google.com/search?q=Global+Impact+NGO+1782+ngo+work&tbm=isch
1783,Global Impact NGO 1783,Canada,Women Empowerment,https://www.google.com/search?q=Global+Impact+NGO+1783+ngo+work&tbm=isch
1784,Global Impact NGO 1784,Kenya,Environment,https://www.google.com/search?q=Global+Impact+NGO+1784+ngo+work&tbm=isch
1785,Global Impact NGO 1785,UK,Education,https://www.google.com/search?q=Global+Impact+NGO+1785+ngo+work&tbm=isch
1786,Global Impact NGO 1786,Australia,Human Rights,https://www.google.com/search?q=Global+Impact+NGO+1786+ngo+work&tbm=isch
1787,Global Impact NGO 1787,Canada,Education,https://www.google.com/search?q=Global+Impact+NGO+1787+ngo+work&tbm=isch
1788,Global Impact NGO 1788,South Africa,Human Rights,https://www.google.com/search?q=Global+Impact+NGO+1788+ngo+work&tbm=isch
1789,Global Impact NGO 1789,Germany,Women Empowerment,https://www.google.com/search?q=Global+Impact+NGO+1789+ngo+work&tbm=isch
1790,Global Impact NGO 1790,UAE,Education,https://www.google.com/search?q=Global+Impact+NGO+1790+ngo+work&tbm=isch
1791,Global Impact NGO 1791,South Africa,Education,https://www.google.com/search?q=Global+Impact+NGO+1791+ngo+work&tbm=isch
1792,Global Impact NGO 1792,USA,Human Rights,https://www.google.com/search?q=Global+Impact+NGO+1792+ngo+work&tbm=isch
1793,Global Impact NGO 1793,UK,Human Rights,https://www.google.com/search?q=Global+Impact+NGO+1793+ngo+work&tbm=isch
1794,Global Impact NGO 1794,USA,Human Rights,https://www.google.com/search?q=Global+Impact+NGO+1794+ngo+work&tbm=isch
1795,Global Impact NGO 1795,Canada,Poverty Relief,https://www.google.com/search?q=Global+Impact+NGO+1795+ngo+work&tbm=isch
1796,Global Impact NGO 1796,UK,Women Empowerment,https://www.google.com/search?q=Global+Impact+NGO+1796+ngo+work&tbm=isch
1797,Global Impact NGO 1797,UK,Poverty Relief,https://www.google.com/search?q=Global+Impact+NGO+1797+ngo+work&tbm=isch
1798,Global Impact NGO 1798,Germany,Environment,https://www.google.com/search?q=Global+Impact+NGO+1798+ngo+work&tbm=isch
1799,Global Impact NGO 1799,India,Child Welfare,https://www.google.com/search?q=Global+Impact+NGO+1799+ngo+work&tbm=isch
1800,Global Impact NGO 1800,Germany,Human Rights,https://www.google.com/search?q=Global+Impact+NGO+1800+ngo+work&tbm=isch
1801,Global Impact NGO 1801,Australia,Women Empowerment,https://www.google.com/search?q=Global+Impact+NGO+1801+ngo+work&tbm=isch
1802,Global Impact NGO 1802,UAE,Human Rights,https://www.google.com/search?q=Global+Impact+NGO+1802+ngo+work&tbm=isch
1803,Global Impact NGO 1803,UAE,Environment,https://www.google.com/search?q=Global+Impact+NGO+1803+ngo+work&tbm=isch
1804,Global Impact NGO 1804,Kenya,Environment,https://www.google.com/search?q=Global+Impact+NGO+1804+ngo+work&tbm=isch
1805,Global Impact NGO 1805,Germany,Child Welfare,https://www.google.com/search?q=Global+Impact+NGO+1805+ngo+work&tbm=isch
1806,Global Impact NGO 1806,Australia,Education,https://www.google.com/search?q=Global+Impact+NGO+1806+ngo+work&tbm=isch
1807,Global Impact NGO 1807,USA,Education,https://www.google.com/search?q=Global+Impact+NGO+1807+ngo+work&tbm=isch
1808,Global Impact NGO 1808,UAE,Education,https://www.google.com/search?q=Global+Impact+NGO+1808+ngo+work&tbm=isch
1809,Global Impact NGO 1809,Kenya,Women Empowerment,https://www.google.com/search?q=Global+Impact+NGO+1809+ngo+work&tbm=isch
1810,Global Impact NGO 1810,India,Health,https://www.google.com/search?q=Global+Impact+NGO+1810+ngo+work&tbm=isch
1811,Global Impact NGO 1811,Australia,Poverty Relief,https://www.google.com/search?q=Global+Impact+NGO+1811+ngo+work&tbm=isch
1812,Global Impact NGO 1812,UK,Human Rights,https://www.google.com/search?q=Global+Impact+NGO+1812+ngo+work&tbm=isch
1813,Global Impact NGO 1813,UK,Child Welfare,https://www.google.com/search?q=Global+Impact+NGO+1813+ngo+work&tbm=isch
1814,Global Impact NGO 1814,Australia,Environment,https://www.google.com/search?q=Global+Impact+NGO+1814+ngo+work&tbm=isch
1815,Global Impact NGO 1815,Germany,Health,https://www.google.com/search?q=Global+Impact+NGO+1815+ngo+work&tbm=isch
1816,Global Impact NGO 1816,Germany,Education,https://www.google.com/search?q=Global+Impact+NGO+1816+ngo+work&tbm=isch
1817,Global Impact NGO 1817,Germany,Environment,https://www.google.com/search?q=Global+Impact+NGO+1817+ngo+work&tbm=isch
1818,Global Impact NGO 1818,UK,Education,https://www.google.com/search?q=Global+Impact+NGO+1818+ngo+work&tbm=isch
1819,Global Impact NGO 1819,Australia,Poverty Relief,https://www.google.com/search?q=Global+Impact+NGO+1819+ngo+work&tbm=isch
1820,Global Impact NGO 1820,UK,Child Welfare,https://www.google.com/search?q=Global+Impact+NGO+1820+ngo+work&tbm=isch
1821,Global Impact NGO 1821,Kenya,Environment,https://www.google.com/search?q=Global+Impact+NGO+1821+ngo+work&tbm=isch
1822,Global Impact NGO 1822,Canada,Education,https://www.google.com/search?q=Global+Impact+NGO+1822+ngo+work&tbm=isch
1823,Global Impact NGO 1823,South Africa,Education,https://www.google.com/search?q=Global+Impact+NGO+1823+ngo+work&tbm=isch
1824,Global Impact NGO 1824,Kenya,Poverty Relief,https://www.google.com/search?q=Global+Impact+NGO+1824+ngo+work&tbm=isch
1825,Global Impact NGO 1825,Kenya,Environment,https://www.google.com/search?q=Global+Impact+NGO+1825+ngo+work&tbm=isch
1826,Global Impact NGO 1826,Brazil,Child Welfare,https://www.google.com/search?q=Global+Impact+NGO+1826+ngo+work&tbm=isch
1827,Global Impact NGO 1827,Brazil,Poverty Relief,https://www.google.com/search?q=Global+Impact+NGO+1827+ngo+work&tbm=isch
1828,Global Impact NGO 1828,India,Health,https://www.google.com/search?q=Global+Impact+NGO+1828+ngo+work&tbm=isch
1829,Global Impact NGO 1829,Brazil,Health,https://www.google.com/search?q=Global+Impact+NGO+1829+ngo+work&tbm=isch
1830,Global Impact NGO 1830,Brazil,Environment,https://www.google.com/search?q=Global+Impact+NGO+1830+ngo+work&tbm=isch
1831,Global Impact NGO 1831,India,Environment,https://www.google.com/search?q=Global+Impact+NGO+1831+ngo+work&tbm=isch
1832,Global Impact NGO 1832,South Africa,Education,https://www.google.com/search?q=Global+Impact+NGO+1832+ngo+work&tbm=isch
1833,Global Impact NGO 1833,UAE,Women Empowerment,https://www.google.com/search?q=Global+Impact+NGO+1833+ngo+work&tbm=isch
1834,Global Impact NGO 1834,Kenya,Child Welfare,https://www.google.com/search?q=Global+Impact+NGO+1834+ngo+work&tbm=isch
1835,Global Impact NGO 1835,South Africa,Health,https://www.google.com/search?q=Global+Impact+NGO+1835+ngo+work&tbm=isch
1836,Global Impact NGO 1836,USA,Child Welfare,https://www.google.com/search?q=Global+Impact+NGO+1836+ngo+work&tbm=isch
1837,Global Impact NGO 1837,USA,Women Empowerment,https://www.google.com/search?q=Global+Impact+NGO+1837+ngo+work&tbm=isch
1838,Global Impact NGO 1838,Canada,Poverty Relief,https://www.google.com/search?q=Global+Impact+NGO+1838+ngo+work&tbm=isch
1839,Global Impact NGO 1839,Kenya,Education,https://www.google.com/search?q=Global+Impact+NGO+1839+ngo+work&tbm=isch
1840,Global Impact NGO 1840,Canada,Health,https://www.google.com/search?q=Global+Impact+NGO+1840+ngo+work&tbm=isch
1841,Global Impact NGO 1841,UAE,Women Empowerment,https://www.google.com/search?q=Global+Impact+NGO+1841+ngo+work&tbm=isch
1842,Global Impact NGO 1842,India,Environment,https://www.google.com/search?q=Global+Impact+NGO+1842+ngo+work&tbm=isch
1843,Global Impact NGO 1843,UAE,Human Rights,https://www.google.com/search?q=Global+Impact+NGO+1843+ngo+work&tbm=isch
1844,Global Impact NGO 1844,India,Women Empowerment,https://www.google.com/search?q=Global+Impact+NGO+1844+ngo+work&tbm=isch
1845,Global Impact NGO 1845,Canada,Health,https://www.google.com/search?q=Global+Impact+NGO+1845+ngo+work&tbm=isch
1846,Global Impact NGO 1846,Kenya,Child Welfare,https://www.google.com/search?q=Global+Impact+NGO+1846+ngo+work&tbm=isch
1847,Global Impact NGO 1847,Canada,Human Rights,https://www.google.com/search?q=Global+Impact+NGO+1847+ngo+work&tbm=isch
1848,Global Impact NGO 1848,USA,Child Welfare,https://www.google.com/search?q=Global+Impact+NGO+1848+ngo+work&tbm=isch
1849,Global Impact NGO 1849,UAE,Environment,https://www.google.com/search?q=Global+Impact+NGO+1849+ngo+work&tbm=isch
1850,Global Impact NGO 1850,Australia,Poverty Relief,https://www.google.com/search?q=Global+Impact+NGO+1850+ngo+work&tbm=isch
1851,Global Impact NGO 1851,UK,Health,https://www.google.com/search?q=Global+Impact+NGO+1851+ngo+work&tbm=isch
1852,Global Impact NGO 1852,Germany,Child Welfare,https://www.google.com/search?q=Global+Impact+NGO+1852+ngo+work&tbm=isch
1853,Global Impact NGO 1853,Kenya,Human Rights,https://www.google.com/search?q=Global+Impact+NGO+1853+ngo+work&tbm=isch
1854,Global Impact NGO 1854,UK,Health,https://www.google.com/search?q=Global+Impact+NGO+1854+ngo+work&tbm=isch
1855,Global Impact NGO 1855,South Africa,Women Empowerment,https://www.google.com/search?q=Global+Impact+NGO+1855+ngo+work&tbm=isch
1856,Global Impact NGO 1856,UK,Education,https://www.google.com/search?q=Global+Impact+NGO+1856+ngo+work&tbm=isch
1857,Global Impact NGO 1857,Germany,Human Rights,https://www.google.com/search?q=Global+Impact+NGO+1857+ngo+work&tbm=isch
1858,Global Impact NGO 1858,USA,Human Rights,https://www.google.com/search?q=Global+Impact+NGO+1858+ngo+work&tbm=isch
1859,Global Impact NGO 1859,Germany,Child Welfare,https://www.google.com/search?q=Global+Impact+NGO+1859+ngo+work&tbm=isch
1860,Global Impact NGO 1860,UAE,Environment,https://www.google.com/search?q=Global+Impact+NGO+1860+ngo+work&tbm=isch
1861,Global Impact NGO 1861,Australia,Child Welfare,https://www.google.com/search?q=Global+Impact+NGO+1861+ngo+work&tbm=isch
1862,Global Impact NGO 1862,Canada,Child Welfare,https://www.google.com/search?q=Global+Impact+NGO+1862+ngo+work&tbm=isch
1863,Global Impact NGO 1863,UAE,Education,https://www.google.com/search?q=Global+Impact+NGO+1863+ngo+work&tbm=isch
1864,Global Impact NGO 1864,Canada,Women Empowerment,https://www.google.com/search?q=Global+Impact+NGO+1864+ngo+work&tbm=isch
1865,Global Impact NGO 1865,UK,Women Empowerment,https://www.google.com/search?q=Global+Impact+NGO+1865+ngo+work&tbm=isch
1866,Global Impact NGO 1866,Kenya,Women Empowerment,https://www.google.com/search?q=Global+Impact+NGO+1866+ngo+work&tbm=isch
1867,Global Impact NGO 1867,Kenya,Child Welfare,https://www.google.com/search?q=Global+Impact+NGO+1867+ngo+work&tbm=isch
1868,Global Impact NGO 1868,Australia,Environment,https://www.google.com/search?q=Global+Impact+NGO+1868+ngo+work&tbm=isch
1869,Global Impact NGO 1869,UAE,Human Rights,https://www.google.com/search?q=Global+Impact+NGO+1869+ngo+work&tbm=isch
1870,Global Impact NGO 1870,UAE,Education,https://www.google.com/search?q=Global+Impact+NGO+1870+ngo+work&tbm=isch
1871,Global Impact NGO 1871,South Africa,Health,https://www.google.com/search?q=Global+Impact+NGO+1871+ngo+work&tbm=isch
1872,Global Impact NGO 1872,Canada,Poverty Relief,https://www.google.com/search?q=Global+Impact+NGO+1872+ngo+work&tbm=isch
1873,Global Impact NGO 1873,UK,Human Rights,https://www.google.com/search?q=Global+Impact+NGO+1873+ngo+work&tbm=isch
1874,Global Impact NGO 1874,UK,Women Empowerment,https://www.google.com/search?q=Global+Impact+NGO+1874+ngo+work&tbm=isch
1875,Global Impact NGO 1875,UK,Women Empowerment,https://www.google.com/search?q=Global+Impact+NGO+1875+ngo+work&tbm=isch
1876,Global Impact NGO 1876,Australia,Poverty Relief,https://www.google.com/search?q=Global+Impact+NGO+1876+ngo+work&tbm=isch
1877,Global Impact NGO 1877,Canada,Environment,https://www.google.com/search?q=Global+Impact+NGO+1877+ngo+work&tbm=isch
1878,Global Impact NGO 1878,Canada,Women Empowerment,https://www.google.com/search?q=Global+Impact+NGO+1878+ngo+work&tbm=isch
1879,Global Impact NGO 1879,UK,Health,https://www.google.com/search?q=Global+Impact+NGO+1879+ngo+work&tbm=isch
1880,Global Impact NGO 1880,Germany,Human Rights,https://www.google.com/search?q=Global+Impact+NGO+1880+ngo+work&tbm=isch
1881,Global Impact NGO 1881,Germany,Human Rights,https://www.google.com/search?q=Global+Impact+NGO+1881+ngo+work&tbm=isch
1882,Global Impact NGO 1882,India,Poverty Relief,https://www.google.com/search?q=Global+Impact+NGO+1882+ngo+work&tbm=isch
1883,Global Impact NGO 1883,UK,Human Rights,https://www.google.com/search?q=Global+Impact+NGO+1883+ngo+work&tbm=isch
1884,Global Impact NGO 1884,Germany,Health,https://www.google.com/search?q=Global+Impact+NGO+1884+ngo+work&tbm=isch
1885,Global Impact NGO 1885,South Africa,Education,https://www.google.com/search?q=Global+Impact+NGO+1885+ngo+work&tbm=isch
1886,Global Impact NGO 1886,Australia,Poverty Relief,https://www.google.com/search?q=Global+Impact+NGO+1886+ngo+work&tbm=isch
1887,Global Impact NGO 1887,Canada,Health,https://www.google.com/search?q=Global+Impact+NGO+1887+ngo+work&tbm=isch
1888,Global Impact NGO 1888,Canada,Health,https://www.google.com/search?q=Global+Impact+NGO+1888+ngo+work&tbm=isch
1889,Global Impact NGO 1889,Germany,Education,https://www.google.com/search?q=Global+Impact+NGO+1889+ngo+work&tbm=isch
1890,Global Impact NGO 1890,Brazil,Poverty Relief,https://www.google.com/search?q=Global+Impact+NGO+1890+ngo+work&tbm=isch
1891,Global Impact NGO 1891,USA,Women Empowerment,https://www.google.com/search?q=Global+Impact+NGO+1891+ngo+work&tbm=isch
1892,Global Impact NGO 1892,Kenya,Environment,https://www.google.com/search?q=Global+Impact+NGO+1892+ngo+work&tbm=isch
1893,Global Impact NGO 1893,Canada,Women Empowerment,https://www.google.com/search?q=Global+Impact+NGO+1893+ngo+work&tbm=isch
1894,Global Impact NGO 1894,Canada,Human Rights,https://www.google.com/search?q=Global+Impact+NGO+1894+ngo+work&tbm=isch
1895,Global Impact NGO 1895,Kenya,Human Rights,https://www.google.com/search?q=Global+Impact+NGO+1895+ngo+work&tbm=isch
1896,Global Impact NGO 1896,USA,Environment,https://www.google.com/search?q=Global+Impact+NGO+1896+ngo+work&tbm=isch
1897,Global Impact NGO 1897,India,Women Empowerment,https://www.google.com/search?q=Global+Impact+NGO+1897+ngo+work&tbm=isch
1898,Global Impact NGO 1898,Brazil,Education,https://www.google.com/search?q=Global+Impact+NGO+1898+ngo+work&tbm=isch
1899,Global Impact NGO 1899,India,Environment,https://www.google.com/search?q=Global+Impact+NGO+1899+ngo+work&tbm=isch
1900,Global Impact NGO 1900,USA,Health,https://www.google.com/search?q=Global+Impact+NGO+1900+ngo+work&tbm=isch
1901,Global Impact NGO 1901,Canada,Education,https://www.google.com/search?q=Global+Impact+NGO+1901+ngo+work&tbm=isch
1902,Global Impact NGO 1902,UK,Health,https://www.google.com/search?q=Global+Impact+NGO+1902+ngo+work&tbm=isch
1903,Global Impact NGO 1903,UK,Child Welfare,https://www.google.com/search?q=Global+Impact+NGO+1903+ngo+work&tbm=isch
1904,Global Impact NGO 1904,Germany,Poverty Relief,https://www.google.com/search?q=Global+Impact+NGO+1904+ngo+work&tbm=isch
1905,Global Impact NGO 1905,South Africa,Human Rights,https://www.google.com/search?q=Global+Impact+NGO+1905+ngo+work&tbm=isch
1906,Global Impact NGO 1906,South Africa,Health,https://www.google.com/search?q=Global+Impact+NGO+1906+ngo+work&tbm=isch
1907,Global Impact NGO 1907,UK,Child Welfare,https://www.google.com/search?q=Global+Impact+NGO+1907+ngo+work&tbm=isch
1908,Global Impact NGO 1908,Kenya,Poverty Relief,https://www.google.com/search?q=Global+Impact+NGO+1908+ngo+work&tbm=isch
1909,Global Impact NGO 1909,Brazil,Child Welfare,https://www.google.com/search?q=Global+Impact+NGO+1909+ngo+work&tbm=isch
1910,Global Impact NGO 1910,Kenya,Child Welfare,https://www.google.com/search?q=Global+Impact+NGO+1910+ngo+work&tbm=isch
1911,Global Impact NGO 1911,Canada,Health,https://www.google.com/search?q=Global+Impact+NGO+1911+ngo+work&tbm=isch
1912,Global Impact NGO 1912,Brazil,Health,https://www.google.com/search?q=Global+Impact+NGO+1912+ngo+work&tbm=isch
1913,Global Impact NGO 1913,Australia,Education,https://www.google.com/search?q=Global+Impact+NGO+1913+ngo+work&tbm=isch
1914,Global Impact NGO 1914,UK,Human Rights,https://www.google.com/search?q=Global+Impact+NGO+1914+ngo+work&tbm=isch
1915,Global Impact NGO 1915,Australia,Poverty Relief,https://www.google.com/search?q=Global+Impact+NGO+1915+ngo+work&tbm=isch
1916,Global Impact NGO 1916,South Africa,Poverty Relief,https://www.google.com/search?q=Global+Impact+NGO+1916+ngo+work&tbm=isch
1917,Global Impact NGO 1917,India,Education,https://www.google.com/search?q=Global+Impact+NGO+1917+ngo+work&tbm=isch
1918,Global Impact NGO 1918,Kenya,Environment,https://www.google.com/search?q=Global+Impact+NGO+1918+ngo+work&tbm=isch
1919,Global Impact NGO 1919,UAE,Poverty Relief,https://www.google.com/search?q=Global+Impact+NGO+1919+ngo+work&tbm=isch
1920,Global Impact NGO 1920,USA,Women Empowerment,https://www.google.com/search?q=Global+Impact+NGO+1920+ngo+work&tbm=isch
1921,Global Impact NGO 1921,Germany,Human Rights,https://www.google.com/search?q=Global+Impact+NGO+1921+ngo+work&tbm=isch
1922,Global Impact NGO 1922,India,Human Rights,https://www.google.com/search?q=Global+Impact+NGO+1922+ngo+work&tbm=isch
1923,Global Impact NGO 1923,UAE,Environment,https://www.google.com/search?q=Global+Impact+NGO+1923+ngo+work&tbm=isch
1924,Global Impact NGO 1924,Germany,Poverty Relief,https://www.google.com/search?q=Global+Impact+NGO+1924+ngo+work&tbm=isch
1925,Global Impact NGO 1925,Canada,Health,https://www.google.com/search?q=Global+Impact+NGO+1925+ngo+work&tbm=isch
1926,Global Impact NGO 1926,South Africa,Poverty Relief,https://www.google.com/search?q=Global+Impact+NGO+1926+ngo+work&tbm=isch
1927,Global Impact NGO 1927,Brazil,Health,https://www.google.com/search?q=Global+Impact+NGO+1927+ngo+work&tbm=isch
1928,Global Impact NGO 1928,Canada,Poverty Relief,https://www.google.com/search?q=Global+Impact+NGO+1928+ngo+work&tbm=isch
1929,Global Impact NGO 1929,UK,Human Rights,https://www.google.com/search?q=Global+Impact+NGO+1929+ngo+work&tbm=isch
1930,Global Impact NGO 1930,Australia,Education,https://www.google.com/search?q=Global+Impact+NGO+1930+ngo+work&tbm=isch
1931,Global Impact NGO 1931,Kenya,Environment,https://www.google.com/search?q=Global+Impact+NGO+1931+ngo+work&tbm=isch
1932,Global Impact NGO 1932,Brazil,Education,https://www.google.com/search?q=Global+Impact+NGO+1932+ngo+work&tbm=isch
1933,Global Impact NGO 1933,Australia,Poverty Relief,https://www.google.com/search?q=Global+Impact+NGO+1933+ngo+work&tbm=isch
1934,Global Impact NGO 1934,Germany,Environment,https://www.google.com/search?q=Global+Impact+NGO+1934+ngo+work&tbm=isch
1935,Global Impact NGO 1935,Canada,Women Empowerment,https://www.google.com/search?q=Global+Impact+NGO+1935+ngo+work&tbm=isch
1936,Global Impact NGO 1936,USA,Child Welfare,https://www.google.com/search?q=Global+Impact+NGO+1936+ngo+work&tbm=isch
1937,Global Impact NGO 1937,UK,Human Rights,https://www.google.com/search?q=Global+Impact+NGO+1937+ngo+work&tbm=isch
1938,Global Impact NGO 1938,UK,Women Empowerment,https://www.google.com/search?q=Global+Impact+NGO+1938+ngo+work&tbm=isch
1939,Global Impact NGO 1939,UAE,Poverty Relief,https://www.google.com/search?q=Global+Impact+NGO+1939+ngo+work&tbm=isch
1940,Global Impact NGO 1940,Germany,Education,https://www.google.com/search?q=Global+Impact+NGO+1940+ngo+work&tbm=isch
1941,Global Impact NGO 1941,India,Health,https://www.google.com/search?q=Global+Impact+NGO+1941+ngo+work&tbm=isch
1942,Global Impact NGO 1942,Brazil,Child Welfare,https://www.google.com/search?q=Global+Impact+NGO+1942+ngo+work&tbm=isch
1943,Global Impact NGO 1943,USA,Women Empowerment,https://www.google.com/search?q=Global+Impact+NGO+1943+ngo+work&tbm=isch
1944,Global Impact NGO 1944,Australia,Poverty Relief,https://www.google.com/search?q=Global+Impact+NGO+1944+ngo+work&tbm=isch
1945,Global Impact NGO 1945,Australia,Education,https://www.google.com/search?q=Global+Impact+NGO+1945+ngo+work&tbm=isch
1946,Global Impact NGO 1946,UK,Health,https://www.google.com/search?q=Global+Impact+NGO+1946+ngo+work&tbm=isch
1947,Global Impact NGO 1947,UAE,Child Welfare,https://www.google.com/search?q=Global+Impact+NGO+1947+ngo+work&tbm=isch
1948,Global Impact NGO 1948,Kenya,Education,https://www.google.com/search?q=Global+Impact+NGO+1948+ngo+work&tbm=isch
1949,Global Impact NGO 1949,Australia,Child Welfare,https://www.google.com/search?q=Global+Impact+NGO+1949+ngo+work&tbm=isch
1950,Global Impact NGO 1950,India,Women Empowerment,https://www.google.com/search?q=Global+Impact+NGO+1950+ngo+work&tbm=isch
1951,Global Impact NGO 1951,UK,Health,https://www.google.com/search?q=Global+Impact+NGO+1951+ngo+work&tbm=isch
1952,Global Impact NGO 1952,Canada,Education,https://www.google.com/search?q=Global+Impact+NGO+1952+ngo+work&tbm=isch
1953,Global Impact NGO 1953,India,Child Welfare,https://www.google.com/search?q=Global+Impact+NGO+1953+ngo+work&tbm=isch
1954,Global Impact NGO 1954,Kenya,Women Empowerment,https://www.google.com/search?q=Global+Impact+NGO+1954+ngo+work&tbm=isch
1955,Global Impact NGO 1955,USA,Education,https://www.google.com/search?q=Global+Impact+NGO+1955+ngo+work&tbm=isch
1956,Global Impact NGO 1956,UK,Education,https://www.google.com/search?q=Global+Impact+NGO+1956+ngo+work&tbm=isch
1957,Global Impact NGO 1957,Brazil,Poverty Relief,https://www.google.com/search?q=Global+Impact+NGO+1957+ngo+work&tbm=isch
1958,Global Impact NGO 1958,UAE,Child Welfare,https://www.google.com/search?q=Global+Impact+NGO+1958+ngo+work&tbm=isch
1959,Global Impact NGO 1959,UAE,Women Empowerment,https://www.google.com/search?q=Global+Impact+NGO+1959+ngo+work&tbm=isch
1960,Global Impact NGO 1960,Germany,Poverty Relief,https://www.google.com/search?q=Global+Impact+NGO+1960+ngo+work&tbm=isch
1961,Global Impact NGO 1961,Canada,Poverty Relief,https://www.google.com/search?q=Global+Impact+NGO+1961+ngo+work&tbm=isch
1962,Global Impact NGO 1962,Canada,Education,https://www.google.com/search?q=Global+Impact+NGO+1962+ngo+work&tbm=isch
1963,Global Impact NGO 1963,USA,Poverty Relief,https://www.google.com/search?q=Global+Impact+NGO+1963+ngo+work&tbm=isch
1964,Global Impact NGO 1964,UAE,Child Welfare,https://www.google.com/search?q=Global+Impact+NGO+1964+ngo+work&tbm=isch
1965,Global Impact NGO 1965,Germany,Women Empowerment,https://www.google.com/search?q=Global+Impact+NGO+1965+ngo+work&tbm=isch
1966,Global Impact NGO 1966,USA,Child Welfare,https://www.google.com/search?q=Global+Impact+NGO+1966+ngo+work&tbm=isch
1967,Global Impact NGO 1967,USA,Health,https://www.google.com/search?q=Global+Impact+NGO+1967+ngo+work&tbm=isch
1968,Global Impact NGO 1968,Germany,Child Welfare,https://www.google.com/search?q=Global+Impact+NGO+1968+ngo+work&tbm=isch
1969,Global Impact NGO 1969,Germany,Women Empowerment,https://www.google.com/search?q=Global+Impact+NGO+1969+ngo+work&tbm=isch
1970,Global Impact NGO 1970,USA,Environment,https://www.google.com/search?q=Global+Impact+NGO+1970+ngo+work&tbm=isch
1971,Global Impact NGO 1971,UK,Women Empowerment,https://www.google.com/search?q=Global+Impact+NGO+1971+ngo+work&tbm=isch
1972,Global Impact NGO 1972,Germany,Education,https://www.google.com/search?q=Global+Impact+NGO+1972+ngo+work&tbm=isch
1973,Global Impact NGO 1973,Australia,Environment,https://www.google.com/search?q=Global+Impact+NGO+1973+ngo+work&tbm=isch
1974,Global Impact NGO 1974,UAE,Environment,https://www.google.com/search?q=Global+Impact+NGO+1974+ngo+work&tbm=isch
1975,Global Impact NGO 1975,Kenya,Health,https://www.google.com/search?q=Global+Impact+NGO+1975+ngo+work&tbm=isch
1976,Global Impact NGO 1976,South Africa,Human Rights,https://www.google.com/search?q=Global+Impact+NGO+1976+ngo+work&tbm=isch
1977,Global Impact NGO 1977,USA,Women Empowerment,https://www.google.com/search?q=Global+Impact+NGO+1977+ngo+work&tbm=isch
1978,Global Impact NGO 1978,Australia,Child Welfare,https://www.google.com/search?q=Global+Impact+NGO+1978+ngo+work&tbm=isch
1979,Global Impact NGO 1979,UK,Environment,https://www.google.com/search?q=Global+Impact+NGO+1979+ngo+work&tbm=isch
1980,Global Impact NGO 1980,Kenya,Child Welfare,https://www.google.com/search?q=Global+Impact+NGO+1980+ngo+work&tbm=isch
1981,Global Impact NGO 1981,India,Environment,https://www.google.com/search?q=Global+Impact+NGO+1981+ngo+work&tbm=isch
1982,Global Impact NGO 1982,UK,Women Empowerment,https://www.google.com/search?q=Global+Impact+NGO+1982+ngo+work&tbm=isch
1983,Global Impact NGO 1983,South Africa,Health,https://www.google.com/search?q=Global+Impact+NGO+1983+ngo+work&tbm=isch
1984,Global Impact NGO 1984,India,Poverty Relief,https://www.google.com/search?q=Global+Impact+NGO+1984+ngo+work&tbm=isch
1985,Global Impact NGO 1985,Germany,Education,https://www.google.com/search?q=Global+Impact+NGO+1985+ngo+work&tbm=isch
1986,Global Impact NGO 1986,UAE,Child Welfare,https://www.google.com/search?q=Global+Impact+NGO+1986+ngo+work&tbm=isch
1987,Global Impact NGO 1987,UAE,Child Welfare,https://www.google.com/search?q=Global+Impact+NGO+1987+ngo+work&tbm=isch
1988,Global Impact NGO 1988,USA,Health,https://www.google.com/search?q=Global+Impact+NGO+1988+ngo+work&tbm=isch
1989,Global Impact NGO 1989,Canada,Women Empowerment,https://www.google.com/search?q=Global+Impact+NGO+1989+ngo+work&tbm=isch
1990,Global Impact NGO 1990,Canada,Education,https://www.google.com/search?q=Global+Impact+NGO+1990+ngo+work&tbm=isch
1991,Global Impact NGO 1991,UAE,Health,https://www.google.com/search?q=Global+Impact+NGO+1991+ngo+work&tbm=isch
1992,Global Impact NGO 1992,Germany,Health,https://www.google.com/search?q=Global+Impact+NGO+1992+ngo+work&tbm=isch
1993,Global Impact NGO 1993,Germany,Human Rights,https://www.google.com/search?q=Global+Impact+NGO+1993+ngo+work&tbm=isch
1994,Global Impact NGO 1994,Australia,Education,https://www.google.com/search?q=Global+Impact+NGO+1994+ngo+work&tbm=isch
1995,Global Impact NGO 1995,India,Child Welfare,https://www.google.com/search?q=Global+Impact+NGO+1995+ngo+work&tbm=isch
1996,Global Impact NGO 1996,Germany,Environment,https://www.google.com/search?q=Global+Impact+NGO+1996+ngo+work&tbm=isch
1997,Global Impact NGO 1997,India,Education,https://www.google.com/search?q=Global+Impact+NGO+1997+ngo+work&tbm=isch
1998,Global Impact NGO 1998,Germany,Poverty Relief,https://www.google.com/search?q=Global+Impact+NGO+1998+ngo+work&tbm=isch
1999,Global Impact NGO 1999,Kenya,Human Rights,https://www.google.com/search?q=Global+Impact+NGO+1999+ngo+work&tbm=isch
2000,Global Impact NGO 2000,Brazil,Education,https://www.google.com/search?q=Global+Impact+NGO+2000+ngo+work&tbm=isch
2001,Global Impact NGO 2001,UK,Environment,https://www.google.com/search?q=Global+Impact+NGO+2001+ngo+work&tbm=isch
2002,Global Impact NGO 2002,Germany,Human Rights,https://www.google.com/search?q=Global+Impact+NGO+2002+ngo+work&tbm=isch
2003,Global Impact NGO 2003,UK,Women Empowerment,https://www.google.com/search?q=Global+Impact+NGO+2003+ngo+work&tbm=isch
2004,Global Impact NGO 2004,Canada,Poverty Relief,https://www.google.com/search?q=Global+Impact+NGO+2004+ngo+work&tbm=isch
2005,Global Impact NGO 2005,India,Women Empowerment,https://www.google.com/search?q=Global+Impact+NGO+2005+ngo+work&tbm=isch
2006,Global Impact NGO 2006,Australia,Child Welfare,https://www.google.com/search?q=Global+Impact+NGO+2006+ngo+work&tbm=isch
2007,Global Impact NGO 2007,Germany,Women Empowerment,https://www.google.com/search?q=Global+Impact+NGO+2007+ngo+work&tbm=isch
2008,Global Impact NGO 2008,UK,Child Welfare,https://www.google.com/search?q=Global+Impact+NGO+2008+ngo+work&tbm=isch
2009,Global Impact NGO 2009,UAE,Health,https://www.google.com/search?q=Global+Impact+NGO+2009+ngo+work&tbm=isch
2010,Global Impact NGO 2010,South Africa,Child Welfare,https://www.google.com/search?q=Global+Impact+NGO+2010+ngo+work&tbm=isch
2011,Global Impact NGO 2011,Kenya,Health,https://www.google.com/search?q=Global+Impact+NGO+2011+ngo+work&tbm=isch
2012,Global Impact NGO 2012,Australia,Environment,https://www.google.com/search?q=Global+Impact+NGO+2012+ngo+work&tbm=isch
2013,Global Impact NGO 2013,India,Human Rights,https://www.google.com/search?q=Global+Impact+NGO+2013+ngo+work&tbm=isch
2014,Global Impact NGO 2014,Kenya,Health,https://www.google.com/search?q=Global+Impact+NGO+2014+ngo+work&tbm=isch
2015,Global Impact NGO 2015,UK,Human Rights,https://www.google.com/search?q=Global+Impact+NGO+2015+ngo+work&tbm=isch
2016,Global Impact NGO 2016,Brazil,Human Rights,https://www.google.com/search?q=Global+Impact+NGO+2016+ngo+work&tbm=isch
2017,Global Impact NGO 2017,India,Education,https://www.google.com/search?q=Global+Impact+NGO+2017+ngo+work&tbm=isch
2018,Global Impact NGO 2018,South Africa,Human Rights,https://www.google.com/search?q=Global+Impact+NGO+2018+ngo+work&tbm=isch
2019,Global Impact NGO 2019,Canada,Child Welfare,https://www.google.com/search?q=Global+Impact+NGO+2019+ngo+work&tbm=isch
2020,Global Impact NGO 2020,India,Health,https://www.google.com/search?q=Global+Impact+NGO+2020+ngo+work&tbm=isch
2021,Global Impact NGO 2021,Brazil,Child Welfare,https://www.google.com/search?q=Global+Impact+NGO+2021+ngo+work&tbm=isch
2022,Global Impact NGO 2022,Australia,Health,https://www.google.com/search?q=Global+Impact+NGO+2022+ngo+work&tbm=isch
2023,Global Impact NGO 2023,UK,Education,https://www.google.com/search?q=Global+Impact+NGO+2023+ngo+work&tbm=isch
2024,Global Impact NGO 2024,UK,Education,https://www.google.com/search?q=Global+Impact+NGO+2024+ngo+work&tbm=isch
2025,Global Impact NGO 2025,USA,Human Rights,https://www.google.com/search?q=Global+Impact+NGO+2025+ngo+work&tbm=isch
2026,Global Impact NGO 2026,Germany,Education,https://www.google.com/search?q=Global+Impact+NGO+2026+ngo+work&tbm=isch
2027,Global Impact NGO 2027,Germany,Health,https://www.google.com/search?q=Global+Impact+NGO+2027+ngo+work&tbm=isch
2028,Global Impact NGO 2028,Australia,Health,https://www.google.com/search?q=Global+Impact+NGO+2028+ngo+work&tbm=isch
2029,Global Impact NGO 2029,UAE,Environment,https://www.google.com/search?q=Global+Impact+NGO+2029+ngo+work&tbm=isch
2030,Global Impact NGO 2030,Brazil,Environment,https://www.google.com/search?q=Global+Impact+NGO+2030+ngo+work&tbm=isch
2031,Global Impact NGO 2031,UAE,Environment,https://www.google.com/search?q=Global+Impact+NGO+2031+ngo+work&tbm=isch
2032,Global Impact NGO 2032,South Africa,Women Empowerment,https://www.google.com/search?q=Global+Impact+NGO+2032+ngo+work&tbm=isch
2033,Global Impact NGO 2033,UK,Women Empowerment,https://www.google.com/search?q=Global+Impact+NGO+2033+ngo+work&tbm=isch
2034,Global Impact NGO 2034,South Africa,Environment,https://www.google.com/search?q=Global+Impact+NGO+2034+ngo+work&tbm=isch
2035,Global Impact NGO 2035,Australia,Women Empowerment,https://www.google.com/search?q=Global+Impact+NGO+2035+ngo+work&tbm=isch
2036,Global Impact NGO 2036,South Africa,Women Empowerment,https://www.google.com/search?q=Global+Impact+NGO+2036+ngo+work&tbm=isch
2037,Global Impact NGO 2037,USA,Human Rights,https://www.google.com/search?q=Global+Impact+NGO+2037+ngo+work&tbm=isch
2038,Global Impact NGO 2038,India,Women Empowerment,https://www.google.com/search?q=Global+Impact+NGO+2038+ngo+work&tbm=isch
2039,Global Impact NGO 2039,Australia,Human Rights,https://www.google.com/search?q=Global+Impact+NGO+2039+ngo+work&tbm=isch
2040,Global Impact NGO 2040,Kenya,Poverty Relief,https://www.google.com/search?q=Global+Impact+NGO+2040+ngo+work&tbm=isch
2041,Global Impact NGO 2041,UAE,Environment,https://www.google.com/search?q=Global+Impact+NGO+2041+ngo+work&tbm=isch
2042,Global Impact NGO 2042,Australia,Child Welfare,https://www.google.com/search?q=Global+Impact+NGO+2042+ngo+work&tbm=isch
2043,Global Impact NGO 2043,Germany,Education,https://www.google.com/search?q=Global+Impact+NGO+2043+ngo+work&tbm=isch
2044,Global Impact NGO 2044,Australia,Women Empowerment,https://www.google.com/search?q=Global+Impact+NGO+2044+ngo+work&tbm=isch
2045,Global Impact NGO 2045,Germany,Child Welfare,https://www.google.com/search?q=Global+Impact+NGO+2045+ngo+work&tbm=isch
2046,Global Impact NGO 2046,Germany,Health,https://www.google.com/search?q=Global+Impact+NGO+2046+ngo+work&tbm=isch
2047,Global Impact NGO 2047,India,Education,https://www.google.com/search?q=Global+Impact+NGO+2047+ngo+work&tbm=isch
2048,Global Impact NGO 2048,Germany,Human Rights,https://www.google.com/search?q=Global+Impact+NGO+2048+ngo+work&tbm=isch
2049,Global Impact NGO 2049,India,Child Welfare,https://www.google.com/search?q=Global+Impact+NGO+2049+ngo+work&tbm=isch
2050,Global Impact NGO 2050,Australia,Health,https://www.google.com/search?q=Global+Impact+NGO+2050+ngo+work&tbm=isch
2051,Global Impact NGO 2051,Kenya,Poverty Relief,https://www.google.com/search?q=Global+Impact+NGO+2051+ngo+work&tbm=isch
2052,Global Impact NGO 2052,India,Health,https://www.google.com/search?q=Global+Impact+NGO+2052+ngo+work&tbm=isch
2053,Global Impact NGO 2053,Australia,Child Welfare,https://www.google.com/search?q=Global+Impact+NGO+2053+ngo+work&tbm=isch
2054,Global Impact NGO 2054,South Africa,Health,https://www.google.com/search?q=Global+Impact+NGO+2054+ngo+work&tbm=isch
2055,Global Impact NGO 2055,Kenya,Environment,https://www.google.com/search?q=Global+Impact+NGO+2055+ngo+work&tbm=isch
2056,Global Impact NGO 2056,India,Poverty Relief,https://www.google.com/search?q=Global+Impact+NGO+2056+ngo+work&tbm=isch
2057,Global Impact NGO 2057,Kenya,Women Empowerment,https://www.google.com/search?q=Global+Impact+NGO+2057+ngo+work&tbm=isch
2058,Global Impact NGO 2058,USA,Women Empowerment,https://www.google.com/search?q=Global+Impact+NGO+2058+ngo+work&tbm=isch
2059,Global Impact NGO 2059,Brazil,Environment,https://www.google.com/search?q=Global+Impact+NGO+2059+ngo+work&tbm=isch
2060,Global Impact NGO 2060,Germany,Health,https://www.google.com/search?q=Global+Impact+NGO+2060+ngo+work&tbm=isch
2061,Global Impact NGO 2061,Brazil,Women Empowerment,https://www.google.com/search?q=Global+Impact+NGO+2061+ngo+work&tbm=isch
2062,Global Impact NGO 2062,Kenya,Women Empowerment,https://www.google.com/search?q=Global+Impact+NGO+2062+ngo+work&tbm=isch
2063,Global Impact NGO 2063,Australia,Education,https://www.google.com/search?q=Global+Impact+NGO+2063+ngo+work&tbm=isch
2064,Global Impact NGO 2064,UAE,Poverty Relief,https://www.google.com/search?q=Global+Impact+NGO+2064+ngo+work&tbm=isch
2065,Global Impact NGO 2065,Australia,Child Welfare,https://www.google.com/search?q=Global+Impact+NGO+2065+ngo+work&tbm=isch
2066,Global Impact NGO 2066,India,Health,https://www.google.com/search?q=Global+Impact+NGO+2066+ngo+work&tbm=isch
2067,Global Impact NGO 2067,Brazil,Poverty Relief,https://www.google.com/search?q=Global+Impact+NGO+2067+ngo+work&tbm=isch
2068,Global Impact NGO 2068,Kenya,Child Welfare,https://www.google.com/search?q=Global+Impact+NGO+2068+ngo+work&tbm=isch
2069,Global Impact NGO 2069,UAE,Poverty Relief,https://www.google.com/search?q=Global+Impact+NGO+2069+ngo+work&tbm=isch
2070,Global Impact NGO 2070,UAE,Human Rights,https://www.google.com/search?q=Global+Impact+NGO+2070+ngo+work&tbm=isch
2071,Global Impact NGO 2071,Australia,Women Empowerment,https://www.google.com/search?q=Global+Impact+NGO+2071+ngo+work&tbm=isch
2072,Global Impact NGO 2072,USA,Environment,https://www.google.com/search?q=Global+Impact+NGO+2072+ngo+work&tbm=isch
2073,Global Impact NGO 2073,Australia,Child Welfare,https://www.google.com/search?q=Global+Impact+NGO+2073+ngo+work&tbm=isch
2074,Global Impact NGO 2074,USA,Education,https://www.google.com/search?q=Global+Impact+NGO+2074+ngo+work&tbm=isch
2075,Global Impact NGO 2075,India,Poverty Relief,https://www.google.com/search?q=Global+Impact+NGO+2075+ngo+work&tbm=isch
2076,Global Impact NGO 2076,UAE,Health,https://www.google.com/search?q=Global+Impact+NGO+2076+ngo+work&tbm=isch
2077,Global Impact NGO 2077,Australia,Women Empowerment,https://www.google.com/search?q=Global+Impact+NGO+2077+ngo+work&tbm=isch
2078,Global Impact NGO 2078,Canada,Poverty Relief,https://www.google.com/search?q=Global+Impact+NGO+2078+ngo+work&tbm=isch
2079,Global Impact NGO 2079,Kenya,Education,https://www.google.com/search?q=Global+Impact+NGO+2079+ngo+work&tbm=isch
2080,Global Impact NGO 2080,USA,Environment,https://www.google.com/search?q=Global+Impact+NGO+2080+ngo+work&tbm=isch
2081,Global Impact NGO 2081,South Africa,Poverty Relief,https://www.google.com/search?q=Global+Impact+NGO+2081+ngo+work&tbm=isch
2082,Global Impact NGO 2082,UAE,Women Empowerment,https://www.google.com/search?q=Global+Impact+NGO+2082+ngo+work&tbm=isch
2083,Global Impact NGO 2083,Brazil,Poverty Relief,https://www.google.com/search?q=Global+Impact+NGO+2083+ngo+work&tbm=isch
2084,Global Impact NGO 2084,Brazil,Poverty Relief,https://www.google.com/search?q=Global+Impact+NGO+2084+ngo+work&tbm=isch
2085,Global Impact NGO 2085,UK,Child Welfare,https://www.google.com/search?q=Global+Impact+NGO+2085+ngo+work&tbm=isch
2086,Global Impact NGO 2086,UK,Environment,https://www.google.com/search?q=Global+Impact+NGO+2086+ngo+work&tbm=isch
2087,Global Impact NGO 2087,Australia,Child Welfare,https://www.google.com/search?q=Global+Impact+NGO+2087+ngo+work&tbm=isch
2088,Global Impact NGO 2088,Canada,Health,https://www.google.com/search?q=Global+Impact+NGO+2088+ngo+work&tbm=isch
2089,Global Impact NGO 2089,UAE,Environment,https://www.google.com/search?q=Global+Impact+NGO+2089+ngo+work&tbm=isch
2090,Global Impact NGO 2090,UAE,Human Rights,https://www.google.com/search?q=Global+Impact+NGO+2090+ngo+work&tbm=isch
2091,Global Impact NGO 2091,India,Human Rights,https://www.google.com/search?q=Global+Impact+NGO+2091+ngo+work&tbm=isch
2092,Global Impact NGO 2092,India,Health,https://www.google.com/search?q=Global+Impact+NGO+2092+ngo+work&tbm=isch
2093,Global Impact NGO 2093,Australia,Education,https://www.google.com/search?q=Global+Impact+NGO+2093+ngo+work&tbm=isch
2094,Global Impact NGO 2094,UAE,Poverty Relief,https://www.google.com/search?q=Global+Impact+NGO+2094+ngo+work&tbm=isch
2095,Global Impact NGO 2095,Kenya,Child Welfare,https://www.google.com/search?q=Global+Impact+NGO+2095+ngo+work&tbm=isch
2096,Global Impact NGO 2096,Canada,Child Welfare,https://www.google.com/search?q=Global+Impact+NGO+2096+ngo+work&tbm=isch
2097,Global Impact NGO 2097,Kenya,Child Welfare,https://www.google.com/search?q=Global+Impact+NGO+2097+ngo+work&tbm=isch
2098,Global Impact NGO 2098,UK,Human Rights,https://www.google.com/search?q=Global+Impact+NGO+2098+ngo+work&tbm=isch
2099,Global Impact NGO 2099,Canada,Education,https://www.google.com/search?q=Global+Impact+NGO+2099+ngo+work&tbm=isch
2100,Global Impact NGO 2100,Australia,Human Rights,https://www.google.com/search?q=Global+Impact+NGO+2100+ngo+work&tbm=isch
2101,Global Impact NGO 2101,South Africa,Environment,https://www.google.com/search?q=Global+Impact+NGO+2101+ngo+work&tbm=isch
2102,Global Impact NGO 2102,Germany,Human Rights,https://www.google.com/search?q=Global+Impact+NGO+2102+ngo+work&tbm=isch
2103,Global Impact NGO 2103,Brazil,Women Empowerment,https://www.google.com/search?q=Global+Impact+NGO+2103+ngo+work&tbm=isch
2104,Global Impact NGO 2104,USA,Education,https://www.google.com/search?q=Global+Impact+NGO+2104+ngo+work&tbm=isch
2105,Global Impact NGO 2105,Kenya,Environment,https://www.google.com/search?q=Global+Impact+NGO+2105+ngo+work&tbm=isch
2106,Global Impact NGO 2106,Australia,Poverty Relief,https://www.google.com/search?q=Global+Impact+NGO+2106+ngo+work&tbm=isch
2107,Global Impact NGO 2107,Canada,Poverty Relief,https://www.google.com/search?q=Global+Impact+NGO+2107+ngo+work&tbm=isch
2108,Global Impact NGO 2108,UK,Child Welfare,https://www.google.com/search?q=Global+Impact+NGO+2108+ngo+work&tbm=isch
2109,Global Impact NGO 2109,UAE,Child Welfare,https://www.google.com/search?q=Global+Impact+NGO+2109+ngo+work&tbm=isch
2110,Global Impact NGO 2110,UAE,Women Empowerment,https://www.google.com/search?q=Global+Impact+NGO+2110+ngo+work&tbm=isch
2111,Global Impact NGO 2111,Australia,Health,https://www.google.com/search?q=Global+Impact+NGO+2111+ngo+work&tbm=isch
2112,Global Impact NGO 2112,Kenya,Environment,https://www.google.com/search?q=Global+Impact+NGO+2112+ngo+work&tbm=isch
2113,Global Impact NGO 2113,Kenya,Human Rights,https://www.google.com/search?q=Global+Impact+NGO+2113+ngo+work&tbm=isch
2114,Global Impact NGO 2114,UAE,Health,https://www.google.com/search?q=Global+Impact+NGO+2114+ngo+work&tbm=isch
2115,Global Impact NGO 2115,Canada,Health,https://www.google.com/search?q=Global+Impact+NGO+2115+ngo+work&tbm=isch
2116,Global Impact NGO 2116,UAE,Environment,https://www.google.com/search?q=Global+Impact+NGO+2116+ngo+work&tbm=isch
2117,Global Impact NGO 2117,Australia,Child Welfare,https://www.google.com/search?q=Global+Impact+NGO+2117+ngo+work&tbm=isch
2118,Global Impact NGO 2118,UAE,Child Welfare,https://www.google.com/search?q=Global+Impact+NGO+2118+ngo+work&tbm=isch
2119,Global Impact NGO 2119,UK,Child Welfare,https://www.google.com/search?q=Global+Impact+NGO+2119+ngo+work&tbm=isch
2120,Global Impact NGO 2120,Australia,Human Rights,https://www.google.com/search?q=Global+Impact+NGO+2120+ngo+work&tbm=isch
2121,Global Impact NGO 2121,Brazil,Child Welfare,https://www.google.com/search?q=Global+Impact+NGO+2121+ngo+work&tbm=isch
2122,Global Impact NGO 2122,Canada,Health,https://www.google.com/search?q=Global+Impact+NGO+2122+ngo+work&tbm=isch
2123,Global Impact NGO 2123,Brazil,Education,https://www.google.com/search?q=Global+Impact+NGO+2123+ngo+work&tbm=isch
2124,Global Impact NGO 2124,Canada,Environment,https://www.google.com/search?q=Global+Impact+NGO+2124+ngo+work&tbm=isch
2125,Global Impact NGO 2125,UK,Child Welfare,https://www.google.com/search?q=Global+Impact+NGO+2125+ngo+work&tbm=isch
2126,Global Impact NGO 2126,Germany,Human Rights,https://www.google.com/search?q=Global+Impact+NGO+2126+ngo+work&tbm=isch
2127,Global Impact NGO 2127,USA,Environment,https://www.google.com/search?q=Global+Impact+NGO+2127+ngo+work&tbm=isch
2128,Global Impact NGO 2128,UAE,Environment,https://www.google.com/search?q=Global+Impact+NGO+2128+ngo+work&tbm=isch
2129,Global Impact NGO 2129,Australia,Women Empowerment,https://www.google.com/search?q=Global+Impact+NGO+2129+ngo+work&tbm=isch
2130,Global Impact NGO 2130,Germany,Education,https://www.google.com/search?q=Global+Impact+NGO+2130+ngo+work&tbm=isch
2131,Global Impact NGO 2131,Kenya,Child Welfare,https://www.google.com/search?q=Global+Impact+NGO+2131+ngo+work&tbm=isch
2132,Global Impact NGO 2132,Brazil,Environment,https://www.google.com/search?q=Global+Impact+NGO+2132+ngo+work&tbm=isch
2133,Global Impact NGO 2133,South Africa,Poverty Relief,https://www.google.com/search?q=Global+Impact+NGO+2133+ngo+work&tbm=isch
2134,Global Impact NGO 2134,UAE,Health,https://www.google.com/search?q=Global+Impact+NGO+2134+ngo+work&tbm=isch
2135,Global Impact NGO 2135,Kenya,Child Welfare,https://www.google.com/search?q=Global+Impact+NGO+2135+ngo+work&tbm=isch
2136,Global Impact NGO 2136,UK,Health,https://www.google.com/search?q=Global+Impact+NGO+2136+ngo+work&tbm=isch
2137,Global Impact NGO 2137,USA,Education,https://www.google.com/search?q=Global+Impact+NGO+2137+ngo+work&tbm=isch
2138,Global Impact NGO 2138,South Africa,Environment,https://www.google.com/search?q=Global+Impact+NGO+2138+ngo+work&tbm=isch
2139,Global Impact NGO 2139,Canada,Child Welfare,https://www.google.com/search?q=Global+Impact+NGO+2139+ngo+work&tbm=isch
2140,Global Impact NGO 2140,Kenya,Women Empowerment,https://www.google.com/search?q=Global+Impact+NGO+2140+ngo+work&tbm=isch
2141,Global Impact NGO 2141,Canada,Poverty Relief,https://www.google.com/search?q=Global+Impact+NGO+2141+ngo+work&tbm=isch
2142,Global Impact NGO 2142,UK,Environment,https://www.google.com/search?q=Global+Impact+NGO+2142+ngo+work&tbm=isch
2143,Global Impact NGO 2143,Kenya,Human Rights,https://www.google.com/search?q=Global+Impact+NGO+2143+ngo+work&tbm=isch
2144,Global Impact NGO 2144,Kenya,Child Welfare,https://www.google.com/search?q=Global+Impact+NGO+2144+ngo+work&tbm=isch
2145,Global Impact NGO 2145,Australia,Poverty Relief,https://www.google.com/search?q=Global+Impact+NGO+2145+ngo+work&tbm=isch
2146,Global Impact NGO 2146,UK,Education,https://www.google.com/search?q=Global+Impact+NGO+2146+ngo+work&tbm=isch
2147,Global Impact NGO 2147,UAE,Environment,https://www.google.com/search?q=Global+Impact+NGO+2147+ngo+work&tbm=isch
2148,Global Impact NGO 2148,South Africa,Women Empowerment,https://www.google.com/search?q=Global+Impact+NGO+2148+ngo+work&tbm=isch
2149,Global Impact NGO 2149,UK,Health,https://www.google.com/search?q=Global+Impact+NGO+2149+ngo+work&tbm=isch
2150,Global Impact NGO 2150,Australia,Education,https://www.google.com/search?q=Global+Impact+NGO+2150+ngo+work&tbm=isch
2151,Global Impact NGO 2151,Canada,Health,https://www.google.com/search?q=Global+Impact+NGO+2151+ngo+work&tbm=isch
2152,Global Impact NGO 2152,UK,Human Rights,https://www.google.com/search?q=Global+Impact+NGO+2152+ngo+work&tbm=isch
2153,Global Impact NGO 2153,UAE,Poverty Relief,https://www.google.com/search?q=Global+Impact+NGO+2153+ngo+work&tbm=isch
2154,Global Impact NGO 2154,Canada,Health,https://www.google.com/search?q=Global+Impact+NGO+2154+ngo+work&tbm=isch
2155,Global Impact NGO 2155,USA,Poverty Relief,https://www.google.com/search?q=Global+Impact+NGO+2155+ngo+work&tbm=isch
2156,Global Impact NGO 2156,USA,Environment,https://www.google.com/search?q=Global+Impact+NGO+2156+ngo+work&tbm=isch
2157,Global Impact NGO 2157,Kenya,Education,https://www.google.com/search?q=Global+Impact+NGO+2157+ngo+work&tbm=isch
2158,Global Impact NGO 2158,Brazil,Human Rights,https://www.google.com/search?q=Global+Impact+NGO+2158+ngo+work&tbm=isch
2159,Global Impact NGO 2159,UK,Health,https://www.google.com/search?q=Global+Impact+NGO+2159+ngo+work&tbm=isch
2160,Global Impact NGO 2160,South Africa,Poverty Relief,https://www.google.com/search?q=Global+Impact+NGO+2160+ngo+work&tbm=isch
2161,Global Impact NGO 2161,Brazil,Environment,https://www.google.com/search?q=Global+Impact+NGO+2161+ngo+work&tbm=isch
2162,Global Impact NGO 2162,South Africa,Health,https://www.google.com/search?q=Global+Impact+NGO+2162+ngo+work&tbm=isch
2163,Global Impact NGO 2163,USA,Child Welfare,https://www.google.com/search?q=Global+Impact+NGO+2163+ngo+work&tbm=isch
2164,Global Impact NGO 2164,India,Women Empowerment,https://www.google.com/search?q=Global+Impact+NGO+2164+ngo+work&tbm=isch
2165,Global Impact NGO 2165,Canada,Poverty Relief,https://www.google.com/search?q=Global+Impact+NGO+2165+ngo+work&tbm=isch
2166,Global Impact NGO 2166,Kenya,Education,https://www.google.com/search?q=Global+Impact+NGO+2166+ngo+work&tbm=isch
2167,Global Impact NGO 2167,UK,Human Rights,https://www.google.com/search?q=Global+Impact+NGO+2167+ngo+work&tbm=isch
2168,Global Impact NGO 2168,Kenya,Education,https://www.google.com/search?q=Global+Impact+NGO+2168+ngo+work&tbm=isch
2169,Global Impact NGO 2169,Australia,Health,https://www.google.com/search?q=Global+Impact+NGO+2169+ngo+work&tbm=isch
2170,Global Impact NGO 2170,Australia,Environment,https://www.google.com/search?q=Global+Impact+NGO+2170+ngo+work&tbm=isch
2171,Global Impact NGO 2171,UK,Women Empowerment,https://www.google.com/search?q=Global+Impact+NGO+2171+ngo+work&tbm=isch
2172,Global Impact NGO 2172,USA,Poverty Relief,https://www.google.com/search?q=Global+Impact+NGO+2172+ngo+work&tbm=isch
2173,Global Impact NGO 2173,Kenya,Environment,https://www.google.com/search?q=Global+Impact+NGO+2173+ngo+work&tbm=isch
2174,Global Impact NGO 2174,USA,Education,https://www.google.com/search?q=Global+Impact+NGO+2174+ngo+work&tbm=isch
2175,Global Impact NGO 2175,UAE,Child Welfare,https://www.google.com/search?q=Global+Impact+NGO+2175+ngo+work&tbm=isch
2176,Global Impact NGO 2176,Germany,Environment,https://www.google.com/search?q=Global+Impact+NGO+2176+ngo+work&tbm=isch
2177,Global Impact NGO 2177,UK,Women Empowerment,https://www.google.com/search?q=Global+Impact+NGO+2177+ngo+work&tbm=isch
2178,Global Impact NGO 2178,USA,Poverty Relief,https://www.google.com/search?q=Global+Impact+NGO+2178+ngo+work&tbm=isch
2179,Global Impact NGO 2179,Kenya,Child Welfare,https://www.google.com/search?q=Global+Impact+NGO+2179+ngo+work&tbm=isch
2180,Global Impact NGO 2180,South Africa,Human Rights,https://www.google.com/search?q=Global+Impact+NGO+2180+ngo+work&tbm=isch
2181,Global Impact NGO 2181,South Africa,Child Welfare,https://www.google.com/search?q=Global+Impact+NGO+2181+ngo+work&tbm=isch
2182,Global Impact NGO 2182,India,Poverty Relief,https://www.google.com/search?q=Global+Impact+NGO+2182+ngo+work&tbm=isch
2183,Global Impact NGO 2183,UK,Education,https://www.google.com/search?q=Global+Impact+NGO+2183+ngo+work&tbm=isch
2184,Global Impact NGO 2184,India,Education,https://www.google.com/search?q=Global+Impact+NGO+2184+ngo+work&tbm=isch
2185,Global Impact NGO 2185,Germany,Human Rights,https://www.google.com/search?q=Global+Impact+NGO+2185+ngo+work&tbm=isch
2186,Global Impact NGO 2186,India,Education,https://www.google.com/search?q=Global+Impact+NGO+2186+ngo+work&tbm=isch
2187,Global Impact NGO 2187,Australia,Child Welfare,https://www.google.com/search?q=Global+Impact+NGO+2187+ngo+work&tbm=isch
2188,Global Impact NGO 2188,India,Child Welfare,https://www.google.com/search?q=Global+Impact+NGO+2188+ngo+work&tbm=isch
2189,Global Impact NGO 2189,Germany,Women Empowerment,https://www.google.com/search?q=Global+Impact+NGO+2189+ngo+work&tbm=isch
2190,Global Impact NGO 2190,UAE,Child Welfare,https://www.google.com/search?q=Global+Impact+NGO+2190+ngo+work&tbm=isch
2191,Global Impact NGO 2191,India,Child Welfare,https://www.google.com/search?q=Global+Impact+NGO+2191+ngo+work&tbm=isch
2192,Global Impact NGO 2192,Germany,Health,https://www.google.com/search?q=Global+Impact+NGO+2192+ngo+work&tbm=isch
2193,Global Impact NGO 2193,UK,Education,https://www.google.com/search?q=Global+Impact+NGO+2193+ngo+work&tbm=isch
2194,Global Impact NGO 2194,Australia,Environment,https://www.google.com/search?q=Global+Impact+NGO+2194+ngo+work&tbm=isch
2195,Global Impact NGO 2195,Australia,Poverty Relief,https://www.google.com/search?q=Global+Impact+NGO+2195+ngo+work&tbm=isch
2196,Global Impact NGO 2196,Australia,Women Empowerment,https://www.google.com/search?q=Global+Impact+NGO+2196+ngo+work&tbm=isch
2197,Global Impact NGO 2197,UK,Women Empowerment,https://www.google.com/search?q=Global+Impact+NGO+2197+ngo+work&tbm=isch
2198,Global Impact NGO 2198,India,Health,https://www.google.com/search?q=Global+Impact+NGO+2198+ngo+work&tbm=isch
2199,Global Impact NGO 2199,Germany,Women Empowerment,https://www.google.com/search?q=Global+Impact+NGO+2199+ngo+work&tbm=isch
2200,Global Impact NGO 2200,UK,Women Empowerment,https://www.google.com/search?q=Global+Impact+NGO+2200+ngo+work&tbm=isch
2201,Global Impact NGO 2201,UK,Health,https://www.google.com/search?q=Global+Impact+NGO+2201+ngo+work&tbm=isch
2202,Global Impact NGO 2202,USA,Environment,https://www.google.com/search?q=Global+Impact+NGO+2202+ngo+work&tbm=isch
2203,Global Impact NGO 2203,South Africa,Health,https://www.google.com/search?q=Global+Impact+NGO+2203+ngo+work&tbm=isch
2204,Global Impact NGO 2204,UAE,Education,https://www.google.com/search?q=Global+Impact+NGO+2204+ngo+work&tbm=isch
2205,Global Impact NGO 2205,UK,Human Rights,https://www.google.com/search?q=Global+Impact+NGO+2205+ngo+work&tbm=isch
2206,Global Impact NGO 2206,Germany,Education,https://www.google.com/search?q=Global+Impact+NGO+2206+ngo+work&tbm=isch
2207,Global Impact NGO 2207,Australia,Child Welfare,https://www.google.com/search?q=Global+Impact+NGO+2207+ngo+work&tbm=isch
2208,Global Impact NGO 2208,UAE,Poverty Relief,https://www.google.com/search?q=Global+Impact+NGO+2208+ngo+work&tbm=isch
2209,Global Impact NGO 2209,Germany,Environment,https://www.google.com/search?q=Global+Impact+NGO+2209+ngo+work&tbm=isch
2210,Global Impact NGO 2210,UAE,Environment,https://www.google.com/search?q=Global+Impact+NGO+2210+ngo+work&tbm=isch
2211,Global Impact NGO 2211,Canada,Environment,https://www.google.com/search?q=Global+Impact+NGO+2211+ngo+work&tbm=isch
2212,Global Impact NGO 2212,Germany,Human Rights,https://www.google.com/search?q=Global+Impact+NGO+2212+ngo+work&tbm=isch
2213,Global Impact NGO 2213,Brazil,Health,https://www.google.com/search?q=Global+Impact+NGO+2213+ngo+work&tbm=isch
2214,Global Impact NGO 2214,USA,Women Empowerment,https://www.google.com/search?q=Global+Impact+NGO+2214+ngo+work&tbm=isch
2215,Global Impact NGO 2215,USA,Environment,https://www.google.com/search?q=Global+Impact+NGO+2215+ngo+work&tbm=isch
2216,Global Impact NGO 2216,India,Education,https://www.google.com/search?q=Global+Impact+NGO+2216+ngo+work&tbm=isch
2217,Global Impact NGO 2217,Canada,Women Empowerment,https://www.google.com/search?q=Global+Impact+NGO+2217+ngo+work&tbm=isch
2218,Global Impact NGO 2218,USA,Environment,https://www.google.com/search?q=Global+Impact+NGO+2218+ngo+work&tbm=isch
2219,Global Impact NGO 2219,South Africa,Health,https://www.google.com/search?q=Global+Impact+NGO+2219+ngo+work&tbm=isch
2220,Global Impact NGO 2220,UAE,Human Rights,https://www.google.com/search?q=Global+Impact+NGO+2220+ngo+work&tbm=isch
2221,Global Impact NGO 2221,Germany,Poverty Relief,https://www.google.com/search?q=Global+Impact+NGO+2221+ngo+work&tbm=isch
2222,Global Impact NGO 2222,Germany,Environment,https://www.google.com/search?q=Global+Impact+NGO+2222+ngo+work&tbm=isch
2223,Global Impact NGO 2223,Canada,Education,https://www.google.com/search?q=Global+Impact+NGO+2223+ngo+work&tbm=isch
2224,Global Impact NGO 2224,UK,Child Welfare,https://www.google.com/search?q=Global+Impact+NGO+2224+ngo+work&tbm=isch
2225,Global Impact NGO 2225,USA,Women Empowerment,https://www.google.com/search?q=Global+Impact+NGO+2225+ngo+work&tbm=isch
2226,Global Impact NGO 2226,UAE,Education,https://www.google.com/search?q=Global+Impact+NGO+2226+ngo+work&tbm=isch
2227,Global Impact NGO 2227,UAE,Human Rights,https://www.google.com/search?q=Global+Impact+NGO+2227+ngo+work&tbm=isch
2228,Global Impact NGO 2228,India,Child Welfare,https://www.google.com/search?q=Global+Impact+NGO+2228+ngo+work&tbm=isch
2229,Global Impact NGO 2229,USA,Poverty Relief,https://www.google.com/search?q=Global+Impact+NGO+2229+ngo+work&tbm=isch
2230,Global Impact NGO 2230,USA,Education,https://www.google.com/search?q=Global+Impact+NGO+2230+ngo+work&tbm=isch
2231,Global Impact NGO 2231,Brazil,Environment,https://www.google.com/search?q=Global+Impact+NGO+2231+ngo+work&tbm=isch
2232,Global Impact NGO 2232,Kenya,Child Welfare,https://www.google.com/search?q=Global+Impact+NGO+2232+ngo+work&tbm=isch
2233,Global Impact NGO 2233,UK,Environment,https://www.google.com/search?q=Global+Impact+NGO+2233+ngo+work&tbm=isch
2234,Global Impact NGO 2234,UK,Poverty Relief,https://www.google.com/search?q=Global+Impact+NGO+2234+ngo+work&tbm=isch
2235,Global Impact NGO 2235,Canada,Health,https://www.google.com/search?q=Global+Impact+NGO+2235+ngo+work&tbm=isch
2236,Global Impact NGO 2236,UAE,Environment,https://www.google.com/search?q=Global+Impact+NGO+2236+ngo+work&tbm=isch
2237,Global Impact NGO 2237,USA,Women Empowerment,https://www.google.com/search?q=Global+Impact+NGO+2237+ngo+work&tbm=isch
2238,Global Impact NGO 2238,Brazil,Poverty Relief,https://www.google.com/search?q=Global+Impact+NGO+2238+ngo+work&tbm=isch
2239,Global Impact NGO 2239,USA,Poverty Relief,https://www.google.com/search?q=Global+Impact+NGO+2239+ngo+work&tbm=isch
2240,Global Impact NGO 2240,India,Child Welfare,https://www.google.com/search?q=Global+Impact+NGO+2240+ngo+work&tbm=isch
2241,Global Impact NGO 2241,Kenya,Health,https://www.google.com/search?q=Global+Impact+NGO+2241+ngo+work&tbm=isch
2242,Global Impact NGO 2242,USA,Health,https://www.google.com/search?q=Global+Impact+NGO+2242+ngo+work&tbm=isch
2243,Global Impact NGO 2243,Australia,Women Empowerment,https://www.google.com/search?q=Global+Impact+NGO+2243+ngo+work&tbm=isch
2244,Global Impact NGO 2244,Kenya,Women Empowerment,https://www.google.com/search?q=Global+Impact+NGO+2244+ngo+work&tbm=isch
2245,Global Impact NGO 2245,UK,Education,https://www.google.com/search?q=Global+Impact+NGO+2245+ngo+work&tbm=isch
2246,Global Impact NGO 2246,Kenya,Human Rights,https://www.google.com/search?q=Global+Impact+NGO+2246+ngo+work&tbm=isch
2247,Global Impact NGO 2247,India,Environment,https://www.google.com/search?q=Global+Impact+NGO+2247+ngo+work&tbm=isch
2248,Global Impact NGO 2248,Australia,Health,https://www.google.com/search?q=Global+Impact+NGO+2248+ngo+work&tbm=isch
2249,Global Impact NGO 2249,UK,Women Empowerment,https://www.google.com/search?q=Global+Impact+NGO+2249+ngo+work&tbm=isch
2250,Global Impact NGO 2250,Canada,Health,https://www.google.com/search?q=Global+Impact+NGO+2250+ngo+work&tbm=isch
2251,Global Impact NGO 2251,Brazil,Child Welfare,https://www.google.com/search?q=Global+Impact+NGO+2251+ngo+work&tbm=isch
2252,Global Impact NGO 2252,USA,Child Welfare,https://www.google.com/search?q=Global+Impact+NGO+2252+ngo+work&tbm=isch
2253,Global Impact NGO 2253,Kenya,Human Rights,https://www.google.com/search?q=Global+Impact+NGO+2253+ngo+work&tbm=isch
2254,Global Impact NGO 2254,Kenya,Human Rights,https://www.google.com/search?q=Global+Impact+NGO+2254+ngo+work&tbm=isch
2255,Global Impact NGO 2255,Kenya,Child Welfare,https://www.google.com/search?q=Global+Impact+NGO+2255+ngo+work&tbm=isch
2256,Global Impact NGO 2256,Australia,Women Empowerment,https://www.google.com/search?q=Global+Impact+NGO+2256+ngo+work&tbm=isch
2257,Global Impact NGO 2257,India,Women Empowerment,https://www.google.com/search?q=Global+Impact+NGO+2257+ngo+work&tbm=isch
2258,Global Impact NGO 2258,UAE,Child Welfare,https://www.google.com/search?q=Global+Impact+NGO+2258+ngo+work&tbm=isch
2259,Global Impact NGO 2259,UK,Human Rights,https://www.google.com/search?q=Global+Impact+NGO+2259+ngo+work&tbm=isch
2260,Global Impact NGO 2260,Brazil,Environment,https://www.google.com/search?q=Global+Impact+NGO+2260+ngo+work&tbm=isch
2261,Global Impact NGO 2261,UK,Health,https://www.google.com/search?q=Global+Impact+NGO+2261+ngo+work&tbm=isch
2262,Global Impact NGO 2262,USA,Women Empowerment,https://www.google.com/search?q=Global+Impact+NGO+2262+ngo+work&tbm=isch
2263,Global Impact NGO 2263,Australia,Child Welfare,https://www.google.com/search?q=Global+Impact+NGO+2263+ngo+work&tbm=isch
2264,Global Impact NGO 2264,South Africa,Child Welfare,https://www.google.com/search?q=Global+Impact+NGO+2264+ngo+work&tbm=isch
2265,Global Impact NGO 2265,Canada,Education,https://www.google.com/search?q=Global+Impact+NGO+2265+ngo+work&tbm=isch
2266,Global Impact NGO 2266,Kenya,Women Empowerment,https://www.google.com/search?q=Global+Impact+NGO+2266+ngo+work&tbm=isch
2267,Global Impact NGO 2267,UK,Child Welfare,https://www.google.com/search?q=Global+Impact+NGO+2267+ngo+work&tbm=isch
2268,Global Impact NGO 2268,UK,Women Empowerment,https://www.google.com/search?q=Global+Impact+NGO+2268+ngo+work&tbm=isch
2269,Global Impact NGO 2269,UK,Education,https://www.google.com/search?q=Global+Impact+NGO+2269+ngo+work&tbm=isch
2270,Global Impact NGO 2270,Germany,Human Rights,https://www.google.com/search?q=Global+Impact+NGO+2270+ngo+work&tbm=isch
2271,Global Impact NGO 2271,UAE,Human Rights,https://www.google.com/search?q=Global+Impact+NGO+2271+ngo+work&tbm=isch
2272,Global Impact NGO 2272,USA,Women Empowerment,https://www.google.com/search?q=Global+Impact+NGO+2272+ngo+work&tbm=isch
2273,Global Impact NGO 2273,Canada,Child Welfare,https://www.google.com/search?q=Global+Impact+NGO+2273+ngo+work&tbm=isch
2274,Global Impact NGO 2274,Kenya,Health,https://www.google.com/search?q=Global+Impact+NGO+2274+ngo+work&tbm=isch
2275,Global Impact NGO 2275,South Africa,Poverty Relief,https://www.google.com/search?q=Global+Impact+NGO+2275+ngo+work&tbm=isch
2276,Global Impact NGO 2276,South Africa,Human Rights,https://www.google.com/search?q=Global+Impact+NGO+2276+ngo+work&tbm=isch
2277,Global Impact NGO 2277,Canada,Environment,https://www.google.com/search?q=Global+Impact+NGO+2277+ngo+work&tbm=isch
2278,Global Impact NGO 2278,Canada,Education,https://www.google.com/search?q=Global+Impact+NGO+2278+ngo+work&tbm=isch
2279,Global Impact NGO 2279,USA,Poverty Relief,https://www.google.com/search?q=Global+Impact+NGO+2279+ngo+work&tbm=isch
2280,Global Impact NGO 2280,Brazil,Poverty Relief,https://www.google.com/search?q=Global+Impact+NGO+2280+ngo+work&tbm=isch
2281,Global Impact NGO 2281,Brazil,Education,https://www.google.com/search?q=Global+Impact+NGO+2281+ngo+work&tbm=isch
2282,Global Impact NGO 2282,Canada,Environment,https://www.google.com/search?q=Global+Impact+NGO+2282+ngo+work&tbm=isch
2283,Global Impact NGO 2283,Kenya,Education,https://www.google.com/search?q=Global+Impact+NGO+2283+ngo+work&tbm=isch
2284,Global Impact NGO 2284,Germany,Child Welfare,https://www.google.com/search?q=Global+Impact+NGO+2284+ngo+work&tbm=isch
2285,Global Impact NGO 2285,Brazil,Child Welfare,https://www.google.com/search?q=Global+Impact+NGO+2285+ngo+work&tbm=isch
2286,Global Impact NGO 2286,Australia,Human Rights,https://www.google.com/search?q=Global+Impact+NGO+2286+ngo+work&tbm=isch
2287,Global Impact NGO 2287,Australia,Child Welfare,https://www.google.com/search?q=Global+Impact+NGO+2287+ngo+work&tbm=isch
2288,Global Impact NGO 2288,UK,Environment,https://www.google.com/search?q=Global+Impact+NGO+2288+ngo+work&tbm=isch
2289,Global Impact NGO 2289,Brazil,Education,https://www.google.com/search?q=Global+Impact+NGO+2289+ngo+work&tbm=isch
2290,Global Impact NGO 2290,Brazil,Education,https://www.google.com/search?q=Global+Impact+NGO+2290+ngo+work&tbm=isch
2291,Global Impact NGO 2291,UAE,Poverty Relief,https://www.google.com/search?q=Global+Impact+NGO+2291+ngo+work&tbm=isch
2292,Global Impact NGO 2292,Canada,Women Empowerment,https://www.google.com/search?q=Global+Impact+NGO+2292+ngo+work&tbm=isch
2293,Global Impact NGO 2293,Canada,Human Rights,https://www.google.com/search?q=Global+Impact+NGO+2293+ngo+work&tbm=isch
2294,Global Impact NGO 2294,South Africa,Child Welfare,https://www.google.com/search?q=Global+Impact+NGO+2294+ngo+work&tbm=isch
2295,Global Impact NGO 2295,USA,Child Welfare,https://www.google.com/search?q=Global+Impact+NGO+2295+ngo+work&tbm=isch
2296,Global Impact NGO 2296,India,Child Welfare,https://www.google.com/search?q=Global+Impact+NGO+2296+ngo+work&tbm=isch
2297,Global Impact NGO 2297,India,Health,https://www.google.com/search?q=Global+Impact+NGO+2297+ngo+work&tbm=isch
2298,Global Impact NGO 2298,UAE,Health,https://www.google.com/search?q=Global+Impact+NGO+2298+ngo+work&tbm=isch
2299,Global Impact NGO 2299,India,Education,https://www.google.com/search?q=Global+Impact+NGO+2299+ngo+work&tbm=isch
2300,Global Impact NGO 2300,South Africa,Women Empowerment,https://www.google.com/search?q=Global+Impact+NGO+2300+ngo+work&tbm=isch
2301,Global Impact NGO 2301,Kenya,Education,https://www.google.com/search?q=Global+Impact+NGO+2301+ngo+work&tbm=isch
2302,Global Impact NGO 2302,Kenya,Child Welfare,https://www.google.com/search?q=Global+Impact+NGO+2302+ngo+work&tbm=isch
2303,Global Impact NGO 2303,UK,Human Rights,https://www.google.com/search?q=Global+Impact+NGO+2303+ngo+work&tbm=isch
2304,Global Impact NGO 2304,Germany,Poverty Relief,https://www.google.com/search?q=Global+Impact+NGO+2304+ngo+work&tbm=isch
2305,Global Impact NGO 2305,Kenya,Human Rights,https://www.google.com/search?q=Global+Impact+NGO+2305+ngo+work&tbm=isch
2306,Global Impact NGO 2306,India,Education,https://www.google.com/search?q=Global+Impact+NGO+2306+ngo+work&tbm=isch
2307,Global Impact NGO 2307,India,Health,https://www.google.com/search?q=Global+Impact+NGO+2307+ngo+work&tbm=isch
2308,Global Impact NGO 2308,Canada,Education,https://www.google.com/search?q=Global+Impact+NGO+2308+ngo+work&tbm=isch
2309,Global Impact NGO 2309,UK,Health,https://www.google.com/search?q=Global+Impact+NGO+2309+ngo+work&tbm=isch
2310,Global Impact NGO 2310,Germany,Health,https://www.google.com/search?q=Global+Impact+NGO+2310+ngo+work&tbm=isch
2311,Global Impact NGO 2311,Australia,Environment,https://www.google.com/search?q=Global+Impact+NGO+2311+ngo+work&tbm=isch
2312,Global Impact NGO 2312,Australia,Environment,https://www.google.com/search?q=Global+Impact+NGO+2312+ngo+work&tbm=isch
2313,Global Impact NGO 2313,South Africa,Health,https://www.google.com/search?q=Global+Impact+NGO+2313+ngo+work&tbm=isch
2314,Global Impact NGO 2314,Australia,Human Rights,https://www.google.com/search?q=Global+Impact+NGO+2314+ngo+work&tbm=isch
2315,Global Impact NGO 2315,UAE,Child Welfare,https://www.google.com/search?q=Global+Impact+NGO+2315+ngo+work&tbm=isch
2316,Global Impact NGO 2316,Canada,Environment,https://www.google.com/search?q=Global+Impact+NGO+2316+ngo+work&tbm=isch
2317,Global Impact NGO 2317,UK,Health,https://www.google.com/search?q=Global+Impact+NGO+2317+ngo+work&tbm=isch
2318,Global Impact NGO 2318,USA,Education,https://www.google.com/search?q=Global+Impact+NGO+2318+ngo+work&tbm=isch
2319,Global Impact NGO 2319,Germany,Health,https://www.google.com/search?q=Global+Impact+NGO+2319+ngo+work&tbm=isch
2320,Global Impact NGO 2320,Brazil,Health,https://www.google.com/search?q=Global+Impact+NGO+2320+ngo+work&tbm=isch
2321,Global Impact NGO 2321,Brazil,Health,https://www.google.com/search?q=Global+Impact+NGO+2321+ngo+work&tbm=isch
2322,Global Impact NGO 2322,India,Human Rights,https://www.google.com/search?q=Global+Impact+NGO+2322+ngo+work&tbm=isch
2323,Global Impact NGO 2323,UK,Human Rights,https://www.google.com/search?q=Global+Impact+NGO+2323+ngo+work&tbm=isch
2324,Global Impact NGO 2324,Canada,Poverty Relief,https://www.google.com/search?q=Global+Impact+NGO+2324+ngo+work&tbm=isch
2325,Global Impact NGO 2325,USA,Poverty Relief,https://www.google.com/search?q=Global+Impact+NGO+2325+ngo+work&tbm=isch
2326,Global Impact NGO 2326,Australia,Health,https://www.google.com/search?q=Global+Impact+NGO+2326+ngo+work&tbm=isch
2327,Global Impact NGO 2327,Germany,Health,https://www.google.com/search?q=Global+Impact+NGO+2327+ngo+work&tbm=isch
2328,Global Impact NGO 2328,India,Education,https://www.google.com/search?q=Global+Impact+NGO+2328+ngo+work&tbm=isch
2329,Global Impact NGO 2329,Kenya,Health,https://www.google.com/search?q=Global+Impact+NGO+2329+ngo+work&tbm=isch
2330,Global Impact NGO 2330,India,Health,https://www.google.com/search?q=Global+Impact+NGO+2330+ngo+work&tbm=isch
2331,Global Impact NGO 2331,UK,Environment,https://www.google.com/search?q=Global+Impact+NGO+2331+ngo+work&tbm=isch
2332,Global Impact NGO 2332,Canada,Women Empowerment,https://www.google.com/search?q=Global+Impact+NGO+2332+ngo+work&tbm=isch
2333,Global Impact NGO 2333,India,Child Welfare,https://www.google.com/search?q=Global+Impact+NGO+2333+ngo+work&tbm=isch
2334,Global Impact NGO 2334,Canada,Child Welfare,https://www.google.com/search?q=Global+Impact+NGO+2334+ngo+work&tbm=isch
2335,Global Impact NGO 2335,Australia,Environment,https://www.google.com/search?q=Global+Impact+NGO+2335+ngo+work&tbm=isch
2336,Global Impact NGO 2336,Brazil,Women Empowerment,https://www.google.com/search?q=Global+Impact+NGO+2336+ngo+work&tbm=isch
2337,Global Impact NGO 2337,Germany,Education,https://www.google.com/search?q=Global+Impact+NGO+2337+ngo+work&tbm=isch
2338,Global Impact NGO 2338,Brazil,Child Welfare,https://www.google.com/search?q=Global+Impact+NGO+2338+ngo+work&tbm=isch
2339,Global Impact NGO 2339,Kenya,Human Rights,https://www.google.com/search?q=Global+Impact+NGO+2339+ngo+work&tbm=isch
2340,Global Impact NGO 2340,Germany,Child Welfare,https://www.google.com/search?q=Global+Impact+NGO+2340+ngo+work&tbm=isch
2341,Global Impact NGO 2341,UAE,Child Welfare,https://www.google.com/search?q=Global+Impact+NGO+2341+ngo+work&tbm=isch
2342,Global Impact NGO 2342,South Africa,Child Welfare,https://www.google.com/search?q=Global+Impact+NGO+2342+ngo+work&tbm=isch
2343,Global Impact NGO 2343,UK,Environment,https://www.google.com/search?q=Global+Impact+NGO+2343+ngo+work&tbm=isch
2344,Global Impact NGO 2344,USA,Poverty Relief,https://www.google.com/search?q=Global+Impact+NGO+2344+ngo+work&tbm=isch
2345,Global Impact NGO 2345,Australia,Women Empowerment,https://www.google.com/search?q=Global+Impact+NGO+2345+ngo+work&tbm=isch
2346,Global Impact NGO 2346,UAE,Education,https://www.google.com/search?q=Global+Impact+NGO+2346+ngo+work&tbm=isch
2347,Global Impact NGO 2347,UK,Women Empowerment,https://www.google.com/search?q=Global+Impact+NGO+2347+ngo+work&tbm=isch
2348,Global Impact NGO 2348,Brazil,Health,https://www.google.com/search?q=Global+Impact+NGO+2348+ngo+work&tbm=isch
2349,Global Impact NGO 2349,Kenya,Human Rights,https://www.google.com/search?q=Global+Impact+NGO+2349+ngo+work&tbm=isch
2350,Global Impact NGO 2350,Kenya,Women Empowerment,https://www.google.com/search?q=Global+Impact+NGO+2350+ngo+work&tbm=isch
2351,Global Impact NGO 2351,Germany,Health,https://www.google.com/search?q=Global+Impact+NGO+2351+ngo+work&tbm=isch
2352,Global Impact NGO 2352,Kenya,Environment,https://www.google.com/search?q=Global+Impact+NGO+2352+ngo+work&tbm=isch
2353,Global Impact NGO 2353,Brazil,Education,https://www.google.com/search?q=Global+Impact+NGO+2353+ngo+work&tbm=isch
2354,Global Impact NGO 2354,Germany,Health,https://www.google.com/search?q=Global+Impact+NGO+2354+ngo+work&tbm=isch
2355,Global Impact NGO 2355,USA,Women Empowerment,https://www.google.com/search?q=Global+Impact+NGO+2355+ngo+work&tbm=isch
2356,Global Impact NGO 2356,Brazil,Child Welfare,https://www.google.com/search?q=Global+Impact+NGO+2356+ngo+work&tbm=isch
2357,Global Impact NGO 2357,Canada,Women Empowerment,https://www.google.com/search?q=Global+Impact+NGO+2357+ngo+work&tbm=isch
2358,Global Impact NGO 2358,Canada,Human Rights,https://www.google.com/search?q=Global+Impact+NGO+2358+ngo+work&tbm=isch
2359,Global Impact NGO 2359,Canada,Women Empowerment,https://www.google.com/search?q=Global+Impact+NGO+2359+ngo+work&tbm=isch
2360,Global Impact NGO 2360,UK,Health,https://www.google.com/search?q=Global+Impact+NGO+2360+ngo+work&tbm=isch
2361,Global Impact NGO 2361,Australia,Human Rights,https://www.google.com/search?q=Global+Impact+NGO+2361+ngo+work&tbm=isch
2362,Global Impact NGO 2362,UAE,Human Rights,https://www.google.com/search?q=Global+Impact+NGO+2362+ngo+work&tbm=isch
2363,Global Impact NGO 2363,India,Environment,https://www.google.com/search?q=Global+Impact+NGO+2363+ngo+work&tbm=isch
2364,Global Impact NGO 2364,Canada,Child Welfare,https://www.google.com/search?q=Global+Impact+NGO+2364+ngo+work&tbm=isch
2365,Global Impact NGO 2365,UK,Human Rights,https://www.google.com/search?q=Global+Impact+NGO+2365+ngo+work&tbm=isch
2366,Global Impact NGO 2366,India,Environment,https://www.google.com/search?q=Global+Impact+NGO+2366+ngo+work&tbm=isch
2367,Global Impact NGO 2367,South Africa,Poverty Relief,https://www.google.com/search?q=Global+Impact+NGO+2367+ngo+work&tbm=isch
2368,Global Impact NGO 2368,India,Environment,https://www.google.com/search?q=Global+Impact+NGO+2368+ngo+work&tbm=isch
2369,Global Impact NGO 2369,Brazil,Human Rights,https://www.google.com/search?q=Global+Impact+NGO+2369+ngo+work&tbm=isch
2370,Global Impact NGO 2370,Canada,Health,https://www.google.com/search?q=Global+Impact+NGO+2370+ngo+work&tbm=isch
2371,Global Impact NGO 2371,Canada,Health,https://www.google.com/search?q=Global+Impact+NGO+2371+ngo+work&tbm=isch
2372,Global Impact NGO 2372,UK,Poverty Relief,https://www.google.com/search?q=Global+Impact+NGO+2372+ngo+work&tbm=isch
2373,Global Impact NGO 2373,Canada,Health,https://www.google.com/search?q=Global+Impact+NGO+2373+ngo+work&tbm=isch
2374,Global Impact NGO 2374,Canada,Human Rights,https://www.google.com/search?q=Global+Impact+NGO+2374+ngo+work&tbm=isch
2375,Global Impact NGO 2375,India,Human Rights,https://www.google.com/search?q=Global+Impact+NGO+2375+ngo+work&tbm=isch
2376,Global Impact NGO 2376,UK,Education,https://www.google.com/search?q=Global+Impact+NGO+2376+ngo+work&tbm=isch
2377,Global Impact NGO 2377,Kenya,Health,https://www.google.com/search?q=Global+Impact+NGO+2377+ngo+work&tbm=isch
2378,Global Impact NGO 2378,Germany,Health,https://www.google.com/search?q=Global+Impact+NGO+2378+ngo+work&tbm=isch
2379,Global Impact NGO 2379,USA,Environment,https://www.google.com/search?q=Global+Impact+NGO+2379+ngo+work&tbm=isch
2380,Global Impact NGO 2380,South Africa,Health,https://www.google.com/search?q=Global+Impact+NGO+2380+ngo+work&tbm=isch
2381,Global Impact NGO 2381,Kenya,Poverty Relief,https://www.google.com/search?q=Global+Impact+NGO+2381+ngo+work&tbm=isch
2382,Global Impact NGO 2382,South Africa,Education,https://www.google.com/search?q=Global+Impact+NGO+2382+ngo+work&tbm=isch
2383,Global Impact NGO 2383,UK,Health,https://www.google.com/search?q=Global+Impact+NGO+2383+ngo+work&tbm=isch
2384,Global Impact NGO 2384,South Africa,Health,https://www.google.com/search?q=Global+Impact+NGO+2384+ngo+work&tbm=isch
2385,Global Impact NGO 2385,Germany,Environment,https://www.google.com/search?q=Global+Impact+NGO+2385+ngo+work&tbm=isch
2386,Global Impact NGO 2386,Canada,Human Rights,https://www.google.com/search?q=Global+Impact+NGO+2386+ngo+work&tbm=isch
2387,Global Impact NGO 2387,UK,Education,https://www.google.com/search?q=Global+Impact+NGO+2387+ngo+work&tbm=isch
2388,Global Impact NGO 2388,UK,Health,https://www.google.com/search?q=Global+Impact+NGO+2388+ngo+work&tbm=isch
2389,Global Impact NGO 2389,India,Poverty Relief,https://www.google.com/search?q=Global+Impact+NGO+2389+ngo+work&tbm=isch
2390,Global Impact NGO 2390,Kenya,Human Rights,https://www.google.com/search?q=Global+Impact+NGO+2390+ngo+work&tbm=isch
2391,Global Impact NGO 2391,UK,Women Empowerment,https://www.google.com/search?q=Global+Impact+NGO+2391+ngo+work&tbm=isch
2392,Global Impact NGO 2392,Kenya,Women Empowerment,https://www.google.com/search?q=Global+Impact+NGO+2392+ngo+work&tbm=isch
2393,Global Impact NGO 2393,South Africa,Child Welfare,https://www.google.com/search?q=Global+Impact+NGO+2393+ngo+work&tbm=isch
2394,Global Impact NGO 2394,India,Human Rights,https://www.google.com/search?q=Global+Impact+NGO+2394+ngo+work&tbm=isch
2395,Global Impact NGO 2395,India,Education,https://www.google.com/search?q=Global+Impact+NGO+2395+ngo+work&tbm=isch
2396,Global Impact NGO 2396,Kenya,Education,https://www.google.com/search?q=Global+Impact+NGO+2396+ngo+work&tbm=isch
2397,Global Impact NGO 2397,UK,Women Empowerment,https://www.google.com/search?q=Global+Impact+NGO+2397+ngo+work&tbm=isch
2398,Global Impact NGO 2398,UK,Education,https://www.google.com/search?q=Global+Impact+NGO+2398+ngo+work&tbm=isch
2399,Global Impact NGO 2399,Brazil,Education,https://www.google.com/search?q=Global+Impact+NGO+2399+ngo+work&tbm=isch
2400,Global Impact NGO 2400,Kenya,Education,https://www.google.com/search?q=Global+Impact+NGO+2400+ngo+work&tbm=isch
2401,Global Impact NGO 2401,Germany,Women Empowerment,https://www.google.com/search?q=Global+Impact+NGO+2401+ngo+work&tbm=isch
2402,Global Impact NGO 2402,Australia,Environment,https://www.google.com/search?q=Global+Impact+NGO+2402+ngo+work&tbm=isch
2403,Global Impact NGO 2403,Brazil,Poverty Relief,https://www.google.com/search?q=Global+Impact+NGO+2403+ngo+work&tbm=isch
2404,Global Impact NGO 2404,Kenya,Health,https://www.google.com/search?q=Global+Impact+NGO+2404+ngo+work&tbm=isch
2405,Global Impact NGO 2405,South Africa,Health,https://www.google.com/search?q=Global+Impact+NGO+2405+ngo+work&tbm=isch
2406,Global Impact NGO 2406,Canada,Human Rights,https://www.google.com/search?q=Global+Impact+NGO+2406+ngo+work&tbm=isch
2407,Global Impact NGO 2407,Brazil,Health,https://www.google.com/search?q=Global+Impact+NGO+2407+ngo+work&tbm=isch
2408,Global Impact NGO 2408,Germany,Education,https://www.google.com/search?q=Global+Impact+NGO+2408+ngo+work&tbm=isch
2409,Global Impact NGO 2409,India,Environment,https://www.google.com/search?q=Global+Impact+NGO+2409+ngo+work&tbm=isch
2410,Global Impact NGO 2410,UAE,Child Welfare,https://www.google.com/search?q=Global+Impact+NGO+2410+ngo+work&tbm=isch
2411,Global Impact NGO 2411,USA,Poverty Relief,https://www.google.com/search?q=Global+Impact+NGO+2411+ngo+work&tbm=isch
2412,Global Impact NGO 2412,UK,Poverty Relief,https://www.google.com/search?q=Global+Impact+NGO+2412+ngo+work&tbm=isch
2413,Global Impact NGO 2413,South Africa,Education,https://www.google.com/search?q=Global+Impact+NGO+2413+ngo+work&tbm=isch
2414,Global Impact NGO 2414,Canada,Women Empowerment,https://www.google.com/search?q=Global+Impact+NGO+2414+ngo+work&tbm=isch
2415,Global Impact NGO 2415,Brazil,Health,https://www.google.com/search?q=Global+Impact+NGO+2415+ngo+work&tbm=isch
2416,Global Impact NGO 2416,Canada,Poverty Relief,https://www.google.com/search?q=Global+Impact+NGO+2416+ngo+work&tbm=isch
2417,Global Impact NGO 2417,USA,Environment,https://www.google.com/search?q=Global+Impact+NGO+2417+ngo+work&tbm=isch
2418,Global Impact NGO 2418,Brazil,Education,https://www.google.com/search?q=Global+Impact+NGO+2418+ngo+work&tbm=isch
2419,Global Impact NGO 2419,Australia,Education,https://www.google.com/search?q=Global+Impact+NGO+2419+ngo+work&tbm=isch
2420,Global Impact NGO 2420,Australia,Human Rights,https://www.google.com/search?q=Global+Impact+NGO+2420+ngo+work&tbm=isch
2421,Global Impact NGO 2421,South Africa,Health,https://www.google.com/search?q=Global+Impact+NGO+2421+ngo+work&tbm=isch
2422,Global Impact NGO 2422,UAE,Poverty Relief,https://www.google.com/search?q=Global+Impact+NGO+2422+ngo+work&tbm=isch
2423,Global Impact NGO 2423,UAE,Environment,https://www.google.com/search?q=Global+Impact+NGO+2423+ngo+work&tbm=isch
2424,Global Impact NGO 2424,UK,Environment,https://www.google.com/search?q=Global+Impact+NGO+2424+ngo+work&tbm=isch
2425,Global Impact NGO 2425,South Africa,Health,https://www.google.com/search?q=Global+Impact+NGO+2425+ngo+work&tbm=isch
2426,Global Impact NGO 2426,UK,Women Empowerment,https://www.google.com/search?q=Global+Impact+NGO+2426+ngo+work&tbm=isch
2427,Global Impact NGO 2427,USA,Poverty Relief,https://www.google.com/search?q=Global+Impact+NGO+2427+ngo+work&tbm=isch
2428,Global Impact NGO 2428,Brazil,Health,https://www.google.com/search?q=Global+Impact+NGO+2428+ngo+work&tbm=isch
2429,Global Impact NGO 2429,Germany,Child Welfare,https://www.google.com/search?q=Global+Impact+NGO+2429+ngo+work&tbm=isch
2430,Global Impact NGO 2430,UK,Human Rights,https://www.google.com/search?q=Global+Impact+NGO+2430+ngo+work&tbm=isch
2431,Global Impact NGO 2431,South Africa,Environment,https://www.google.com/search?q=Global+Impact+NGO+2431+ngo+work&tbm=isch
2432,Global Impact NGO 2432,India,Health,https://www.google.com/search?q=Global+Impact+NGO+2432+ngo+work&tbm=isch
2433,Global Impact NGO 2433,South Africa,Child Welfare,https://www.google.com/search?q=Global+Impact+NGO+2433+ngo+work&tbm=isch
2434,Global Impact NGO 2434,South Africa,Poverty Relief,https://www.google.com/search?q=Global+Impact+NGO+2434+ngo+work&tbm=isch
2435,Global Impact NGO 2435,India,Child Welfare,https://www.google.com/search?q=Global+Impact+NGO+2435+ngo+work&tbm=isch
2436,Global Impact NGO 2436,UAE,Health,https://www.google.com/search?q=Global+Impact+NGO+2436+ngo+work&tbm=isch
2437,Global Impact NGO 2437,South Africa,Poverty Relief,https://www.google.com/search?q=Global+Impact+NGO+2437+ngo+work&tbm=isch
2438,Global Impact NGO 2438,India,Health,https://www.google.com/search?q=Global+Impact+NGO+2438+ngo+work&tbm=isch
2439,Global Impact NGO 2439,India,Poverty Relief,https://www.google.com/search?q=Global+Impact+NGO+2439+ngo+work&tbm=isch
2440,Global Impact NGO 2440,India,Environment,https://www.google.com/search?q=Global+Impact+NGO+2440+ngo+work&tbm=isch
2441,Global Impact NGO 2441,UK,Environment,https://www.google.com/search?q=Global+Impact+NGO+2441+ngo+work&tbm=isch
2442,Global Impact NGO 2442,Kenya,Education,https://www.google.com/search?q=Global+Impact+NGO+2442+ngo+work&tbm=isch
2443,Global Impact NGO 2443,Germany,Poverty Relief,https://www.google.com/search?q=Global+Impact+NGO+2443+ngo+work&tbm=isch
2444,Global Impact NGO 2444,Brazil,Health,https://www.google.com/search?q=Global+Impact+NGO+2444+ngo+work&tbm=isch
2445,Global Impact NGO 2445,UAE,Education,https://www.google.com/search?q=Global+Impact+NGO+2445+ngo+work&tbm=isch
2446,Global Impact NGO 2446,Brazil,Child Welfare,https://www.google.com/search?q=Global+Impact+NGO+2446+ngo+work&tbm=isch
2447,Global Impact NGO 2447,Kenya,Child Welfare,https://www.google.com/search?q=Global+Impact+NGO+2447+ngo+work&tbm=isch
2448,Global Impact NGO 2448,South Africa,Child Welfare,https://www.google.com/search?q=Global+Impact+NGO+2448+ngo+work&tbm=isch
2449,Global Impact NGO 2449,Canada,Child Welfare,https://www.google.com/search?q=Global+Impact+NGO+2449+ngo+work&tbm=isch
2450,Global Impact NGO 2450,India,Education,https://www.google.com/search?q=Global+Impact+NGO+2450+ngo+work&tbm=isch
2451,Global Impact NGO 2451,Brazil,Poverty Relief,https://www.google.com/search?q=Global+Impact+NGO+2451+ngo+work&tbm=isch
2452,Global Impact NGO 2452,South Africa,Environment,https://www.google.com/search?q=Global+Impact+NGO+2452+ngo+work&tbm=isch
2453,Global Impact NGO 2453,Kenya,Women Empowerment,https://www.google.com/search?q=Global+Impact+NGO+2453+ngo+work&tbm=isch
2454,Global Impact NGO 2454,Kenya,Child Welfare,https://www.google.com/search?q=Global+Impact+NGO+2454+ngo+work&tbm=isch
2455,Global Impact NGO 2455,Kenya,Child Welfare,https://www.google.com/search?q=Global+Impact+NGO+2455+ngo+work&tbm=isch
2456,Global Impact NGO 2456,Brazil,Women Empowerment,https://www.google.com/search?q=Global+Impact+NGO+2456+ngo+work&tbm=isch
2457,Global Impact NGO 2457,USA,Human Rights,https://www.google.com/search?q=Global+Impact+NGO+2457+ngo+work&tbm=isch
2458,Global Impact NGO 2458,Brazil,Education,https://www.google.com/search?q=Global+Impact+NGO+2458+ngo+work&tbm=isch
2459,Global Impact NGO 2459,Germany,Women Empowerment,https://www.google.com/search?q=Global+Impact+NGO+2459+ngo+work&tbm=isch
2460,Global Impact NGO 2460,Germany,Education,https://www.google.com/search?q=Global+Impact+NGO+2460+ngo+work&tbm=isch
2461,Global Impact NGO 2461,Germany,Health,https://www.google.com/search?q=Global+Impact+NGO+2461+ngo+work&tbm=isch
2462,Global Impact NGO 2462,Canada,Poverty Relief,https://www.google.com/search?q=Global+Impact+NGO+2462+ngo+work&tbm=isch
2463,Global Impact NGO 2463,Australia,Environment,https://www.google.com/search?q=Global+Impact+NGO+2463+ngo+work&tbm=isch
2464,Global Impact NGO 2464,South Africa,Child Welfare,https://www.google.com/search?q=Global+Impact+NGO+2464+ngo+work&tbm=isch
2465,Global Impact NGO 2465,Kenya,Human Rights,https://www.google.com/search?q=Global+Impact+NGO+2465+ngo+work&tbm=isch
2466,Global Impact NGO 2466,Germany,Education,https://www.google.com/search?q=Global+Impact+NGO+2466+ngo+work&tbm=isch
2467,Global Impact NGO 2467,USA,Environment,https://www.google.com/search?q=Global+Impact+NGO+2467+ngo+work&tbm=isch
2468,Global Impact NGO 2468,Kenya,Environment,https://www.google.com/search?q=Global+Impact+NGO+2468+ngo+work&tbm=isch
2469,Global Impact NGO 2469,Australia,Women Empowerment,https://www.google.com/search?q=Global+Impact+NGO+2469+ngo+work&tbm=isch
2470,Global Impact NGO 2470,Germany,Women Empowerment,https://www.google.com/search?q=Global+Impact+NGO+2470+ngo+work&tbm=isch
2471,Global Impact NGO 2471,Kenya,Child Welfare,https://www.google.com/search?q=Global+Impact+NGO+2471+ngo+work&tbm=isch
2472,Global Impact NGO 2472,Canada,Environment,https://www.google.com/search?q=Global+Impact+NGO+2472+ngo+work&tbm=isch
2473,Global Impact NGO 2473,India,Child Welfare,https://www.google.com/search?q=Global+Impact+NGO+2473+ngo+work&tbm=isch
2474,Global Impact NGO 2474,India,Poverty Relief,https://www.google.com/search?q=Global+Impact+NGO+2474+ngo+work&tbm=isch
2475,Global Impact NGO 2475,India,Human Rights,https://www.google.com/search?q=Global+Impact+NGO+2475+ngo+work&tbm=isch
2476,Global Impact NGO 2476,Australia,Environment,https://www.google.com/search?q=Global+Impact+NGO+2476+ngo+work&tbm=isch
2477,Global Impact NGO 2477,UAE,Health,https://www.google.com/search?q=Global+Impact+NGO+2477+ngo+work&tbm=isch
2478,Global Impact NGO 2478,India,Environment,https://www.google.com/search?q=Global+Impact+NGO+2478+ngo+work&tbm=isch
2479,Global Impact NGO 2479,Brazil,Environment,https://www.google.com/search?q=Global+Impact+NGO+2479+ngo+work&tbm=isch
2480,Global Impact NGO 2480,USA,Education,https://www.google.com/search?q=Global+Impact+NGO+2480+ngo+work&tbm=isch
2481,Global Impact NGO 2481,India,Environment,https://www.google.com/search?q=Global+Impact+NGO+2481+ngo+work&tbm=isch
2482,Global Impact NGO 2482,UAE,Child Welfare,https://www.google.com/search?q=Global+Impact+NGO+2482+ngo+work&tbm=isch
2483,Global Impact NGO 2483,Kenya,Human Rights,https://www.google.com/search?q=Global+Impact+NGO+2483+ngo+work&tbm=isch
2484,Global Impact NGO 2484,Brazil,Health,https://www.google.com/search?q=Global+Impact+NGO+2484+ngo+work&tbm=isch
2485,Global Impact NGO 2485,Australia,Environment,https://www.google.com/search?q=Global+Impact+NGO+2485+ngo+work&tbm=isch
2486,Global Impact NGO 2486,Kenya,Human Rights,https://www.google.com/search?q=Global+Impact+NGO+2486+ngo+work&tbm=isch
2487,Global Impact NGO 2487,Brazil,Human Rights,https://www.google.com/search?q=Global+Impact+NGO+2487+ngo+work&tbm=isch
2488,Global Impact NGO 2488,USA,Environment,https://www.google.com/search?q=Global+Impact+NGO+2488+ngo+work&tbm=isch
2489,Global Impact NGO 2489,Germany,Women Empowerment,https://www.google.com/search?q=Global+Impact+NGO+2489+ngo+work&tbm=isch
2490,Global Impact NGO 2490,Australia,Women Empowerment,https://www.google.com/search?q=Global+Impact+NGO+2490+ngo+work&tbm=isch
2491,Global Impact NGO 2491,UAE,Environment,https://www.google.com/search?q=Global+Impact+NGO+2491+ngo+work&tbm=isch
2492,Global Impact NGO 2492,USA,Human Rights,https://www.google.com/search?q=Global+Impact+NGO+2492+ngo+work&tbm=isch
2493,Global Impact NGO 2493,South Africa,Poverty Relief,https://www.google.com/search?q=Global+Impact+NGO+2493+ngo+work&tbm=isch
2494,Global Impact NGO 2494,Canada,Environment,https://www.google.com/search?q=Global+Impact+NGO+2494+ngo+work&tbm=isch
2495,Global Impact NGO 2495,Australia,Women Empowerment,https://www.google.com/search?q=Global+Impact+NGO+2495+ngo+work&tbm=isch
2496,Global Impact NGO 2496,Australia,Health,https://www.google.com/search?q=Global+Impact+NGO+2496+ngo+work&tbm=isch
2497,Global Impact NGO 2497,USA,Child Welfare,https://www.google.com/search?q=Global+Impact+NGO+2497+ngo+work&tbm=isch
2498,Global Impact NGO 2498,USA,Health,https://www.google.com/search?q=Global+Impact+NGO+2498+ngo+work&tbm=isch
2499,Global Impact NGO 2499,South Africa,Women Empowerment,https://www.google.com/search?q=Global+Impact+NGO+2499+ngo+work&tbm=isch
2500,Global Impact NGO 2500,Brazil,Human Rights,https://www.google.com/search?q=Global+Impact+NGO+2500+ngo+work&tbm=isch
2501,Global Impact NGO 2501,Brazil,Child Welfare,https://www.google.com/search?q=Global+Impact+NGO+2501+ngo+work&tbm=isch
2502,Global Impact NGO 2502,Brazil,Child Welfare,https://www.google.com/search?q=Global+Impact+NGO+2502+ngo+work&tbm=isch
2503,Global Impact NGO 2503,Germany,Environment,https://www.google.com/search?q=Global+Impact+NGO+2503+ngo+work&tbm=isch
2504,Global Impact NGO 2504,India,Environment,https://www.google.com/search?q=Global+Impact+NGO+2504+ngo+work&tbm=isch
2505,Global Impact NGO 2505,Germany,Health,https://www.google.com/search?q=Global+Impact+NGO+2505+ngo+work&tbm=isch
2506,Global Impact NGO 2506,UAE,Environment,https://www.google.com/search?q=Global+Impact+NGO+2506+ngo+work&tbm=isch
2507,Global Impact NGO 2507,Germany,Poverty Relief,https://www.google.com/search?q=Global+Impact+NGO+2507+ngo+work&tbm=isch
2508,Global Impact NGO 2508,Germany,Women Empowerment,https://www.google.com/search?q=Global+Impact+NGO+2508+ngo+work&tbm=isch
2509,Global Impact NGO 2509,India,Child Welfare,https://www.google.com/search?q=Global+Impact+NGO+2509+ngo+work&tbm=isch
2510,Global Impact NGO 2510,South Africa,Women Empowerment,https://www.google.com/search?q=Global+Impact+NGO+2510+ngo+work&tbm=isch
2511,Global Impact NGO 2511,USA,Child Welfare,https://www.google.com/search?q=Global+Impact+NGO+2511+ngo+work&tbm=isch
2512,Global Impact NGO 2512,Kenya,Health,https://www.google.com/search?q=Global+Impact+NGO+2512+ngo+work&tbm=isch
2513,Global Impact NGO 2513,South Africa,Environment,https://www.google.com/search?q=Global+Impact+NGO+2513+ngo+work&tbm=isch
2514,Global Impact NGO 2514,Germany,Health,https://www.google.com/search?q=Global+Impact+NGO+2514+ngo+work&tbm=isch
2515,Global Impact NGO 2515,Germany,Poverty Relief,https://www.google.com/search?q=Global+Impact+NGO+2515+ngo+work&tbm=isch
2516,Global Impact NGO 2516,Kenya,Education,https://www.google.com/search?q=Global+Impact+NGO+2516+ngo+work&tbm=isch
2517,Global Impact NGO 2517,India,Environment,https://www.google.com/search?q=Global+Impact+NGO+2517+ngo+work&tbm=isch
2518,Global Impact NGO 2518,Kenya,Women Empowerment,https://www.google.com/search?q=Global+Impact+NGO+2518+ngo+work&tbm=isch
2519,Global Impact NGO 2519,Kenya,Education,https://www.google.com/search?q=Global+Impact+NGO+2519+ngo+work&tbm=isch
2520,Global Impact NGO 2520,Brazil,Child Welfare,https://www.google.com/search?q=Global+Impact+NGO+2520+ngo+work&tbm=isch
2521,Global Impact NGO 2521,UAE,Health,https://www.google.com/search?q=Global+Impact+NGO+2521+ngo+work&tbm=isch
2522,Global Impact NGO 2522,USA,Child Welfare,https://www.google.com/search?q=Global+Impact+NGO+2522+ngo+work&tbm=isch
2523,Global Impact NGO 2523,South Africa,Environment,https://www.google.com/search?q=Global+Impact+NGO+2523+ngo+work&tbm=isch
2524,Global Impact NGO 2524,India,Environment,https://www.google.com/search?q=Global+Impact+NGO+2524+ngo+work&tbm=isch
2525,Global Impact NGO 2525,UK,Child Welfare,https://www.google.com/search?q=Global+Impact+NGO+2525+ngo+work&tbm=isch
2526,Global Impact NGO 2526,India,Child Welfare,https://www.google.com/search?q=Global+Impact+NGO+2526+ngo+work&tbm=isch
2527,Global Impact NGO 2527,Australia,Child Welfare,https://www.google.com/search?q=Global+Impact+NGO+2527+ngo+work&tbm=isch
2528,Global Impact NGO 2528,Australia,Poverty Relief,https://www.google.com/search?q=Global+Impact+NGO+2528+ngo+work&tbm=isch
2529,Global Impact NGO 2529,Kenya,Education,https://www.google.com/search?q=Global+Impact+NGO+2529+ngo+work&tbm=isch
2530,Global Impact NGO 2530,India,Health,https://www.google.com/search?q=Global+Impact+NGO+2530+ngo+work&tbm=isch
2531,Global Impact NGO 2531,Brazil,Women Empowerment,https://www.google.com/search?q=Global+Impact+NGO+2531+ngo+work&tbm=isch
2532,Global Impact NGO 2532,Canada,Women Empowerment,https://www.google.com/search?q=Global+Impact+NGO+2532+ngo+work&tbm=isch
2533,Global Impact NGO 2533,Australia,Women Empowerment,https://www.google.com/search?q=Global+Impact+NGO+2533+ngo+work&tbm=isch
2534,Global Impact NGO 2534,South Africa,Poverty Relief,https://www.google.com/search?q=Global+Impact+NGO+2534+ngo+work&tbm=isch
2535,Global Impact NGO 2535,South Africa,Health,https://www.google.com/search?q=Global+Impact+NGO+2535+ngo+work&tbm=isch
2536,Global Impact NGO 2536,India,Poverty Relief,https://www.google.com/search?q=Global+Impact+NGO+2536+ngo+work&tbm=isch
2537,Global Impact NGO 2537,Canada,Environment,https://www.google.com/search?q=Global+Impact+NGO+2537+ngo+work&tbm=isch
2538,Global Impact NGO 2538,UAE,Health,https://www.google.com/search?q=Global+Impact+NGO+2538+ngo+work&tbm=isch
2539,Global Impact NGO 2539,South Africa,Child Welfare,https://www.google.com/search?q=Global+Impact+NGO+2539+ngo+work&tbm=isch
2540,Global Impact NGO 2540,UAE,Women Empowerment,https://www.google.com/search?q=Global+Impact+NGO+2540+ngo+work&tbm=isch
2541,Global Impact NGO 2541,Kenya,Child Welfare,https://www.google.com/search?q=Global+Impact+NGO+2541+ngo+work&tbm=isch
2542,Global Impact NGO 2542,India,Women Empowerment,https://www.google.com/search?q=Global+Impact+NGO+2542+ngo+work&tbm=isch
2543,Global Impact NGO 2543,Kenya,Education,https://www.google.com/search?q=Global+Impact+NGO+2543+ngo+work&tbm=isch
2544,Global Impact NGO 2544,Kenya,Child Welfare,https://www.google.com/search?q=Global+Impact+NGO+2544+ngo+work&tbm=isch
2545,Global Impact NGO 2545,India,Women Empowerment,https://www.google.com/search?q=Global+Impact+NGO+2545+ngo+work&tbm=isch
2546,Global Impact NGO 2546,Australia,Health,https://www.google.com/search?q=Global+Impact+NGO+2546+ngo+work&tbm=isch
2547,Global Impact NGO 2547,USA,Human Rights,https://www.google.com/search?q=Global+Impact+NGO+2547+ngo+work&tbm=isch
2548,Global Impact NGO 2548,UK,Environment,https://www.google.com/search?q=Global+Impact+NGO+2548+ngo+work&tbm=isch
2549,Global Impact NGO 2549,USA,Health,https://www.google.com/search?q=Global+Impact+NGO+2549+ngo+work&tbm=isch
2550,Global Impact NGO 2550,Australia,Health,https://www.google.com/search?q=Global+Impact+NGO+2550+ngo+work&tbm=isch
2551,Global Impact NGO 2551,Germany,Women Empowerment,https://www.google.com/search?q=Global+Impact+NGO+2551+ngo+work&tbm=isch
2552,Global Impact NGO 2552,Australia,Environment,https://www.google.com/search?q=Global+Impact+NGO+2552+ngo+work&tbm=isch
2553,Global Impact NGO 2553,India,Environment,https://www.google.com/search?q=Global+Impact+NGO+2553+ngo+work&tbm=isch
2554,Global Impact NGO 2554,UK,Child Welfare,https://www.google.com/search?q=Global+Impact+NGO+2554+ngo+work&tbm=isch
2555,Global Impact NGO 2555,South Africa,Child Welfare,https://www.google.com/search?q=Global+Impact+NGO+2555+ngo+work&tbm=isch
2556,Global Impact NGO 2556,USA,Child Welfare,https://www.google.com/search?q=Global+Impact+NGO+2556+ngo+work&tbm=isch
2557,Global Impact NGO 2557,Brazil,Health,https://www.google.com/search?q=Global+Impact+NGO+2557+ngo+work&tbm=isch
2558,Global Impact NGO 2558,UAE,Child Welfare,https://www.google.com/search?q=Global+Impact+NGO+2558+ngo+work&tbm=isch
2559,Global Impact NGO 2559,India,Women Empowerment,https://www.google.com/search?q=Global+Impact+NGO+2559+ngo+work&tbm=isch
2560,Global Impact NGO 2560,USA,Women Empowerment,https://www.google.com/search?q=Global+Impact+NGO+2560+ngo+work&tbm=isch
2561,Global Impact NGO 2561,Kenya,Health,https://www.google.com/search?q=Global+Impact+NGO+2561+ngo+work&tbm=isch
2562,Global Impact NGO 2562,Germany,Environment,https://www.google.com/search?q=Global+Impact+NGO+2562+ngo+work&tbm=isch
2563,Global Impact NGO 2563,Brazil,Human Rights,https://www.google.com/search?q=Global+Impact+NGO+2563+ngo+work&tbm=isch
2564,Global Impact NGO 2564,South Africa,Environment,https://www.google.com/search?q=Global+Impact+NGO+2564+ngo+work&tbm=isch
2565,Global Impact NGO 2565,USA,Education,https://www.google.com/search?q=Global+Impact+NGO+2565+ngo+work&tbm=isch
2566,Global Impact NGO 2566,USA,Child Welfare,https://www.google.com/search?q=Global+Impact+NGO+2566+ngo+work&tbm=isch
2567,Global Impact NGO 2567,Australia,Education,https://www.google.com/search?q=Global+Impact+NGO+2567+ngo+work&tbm=isch
2568,Global Impact NGO 2568,USA,Women Empowerment,https://www.google.com/search?q=Global+Impact+NGO+2568+ngo+work&tbm=isch
2569,Global Impact NGO 2569,South Africa,Child Welfare,https://www.google.com/search?q=Global+Impact+NGO+2569+ngo+work&tbm=isch
2570,Global Impact NGO 2570,UAE,Health,https://www.google.com/search?q=Global+Impact+NGO+2570+ngo+work&tbm=isch
2571,Global Impact NGO 2571,Brazil,Education,https://www.google.com/search?q=Global+Impact+NGO+2571+ngo+work&tbm=isch
2572,Global Impact NGO 2572,Brazil,Child Welfare,https://www.google.com/search?q=Global+Impact+NGO+2572+ngo+work&tbm=isch
2573,Global Impact NGO 2573,Australia,Environment,https://www.google.com/search?q=Global+Impact+NGO+2573+ngo+work&tbm=isch
2574,Global Impact NGO 2574,Australia,Environment,https://www.google.com/search?q=Global+Impact+NGO+2574+ngo+work&tbm=isch
2575,Global Impact NGO 2575,Canada,Health,https://www.google.com/search?q=Global+Impact+NGO+2575+ngo+work&tbm=isch
2576,Global Impact NGO 2576,UAE,Child Welfare,https://www.google.com/search?q=Global+Impact+NGO+2576+ngo+work&tbm=isch
2577,Global Impact NGO 2577,UK,Health,https://www.google.com/search?q=Global+Impact+NGO+2577+ngo+work&tbm=isch
2578,Global Impact NGO 2578,USA,Education,https://www.google.com/search?q=Global+Impact+NGO+2578+ngo+work&tbm=isch
2579,Global Impact NGO 2579,UAE,Health,https://www.google.com/search?q=Global+Impact+NGO+2579+ngo+work&tbm=isch
2580,Global Impact NGO 2580,Canada,Poverty Relief,https://www.google.com/search?q=Global+Impact+NGO+2580+ngo+work&tbm=isch
2581,Global Impact NGO 2581,Brazil,Education,https://www.google.com/search?q=Global+Impact+NGO+2581+ngo+work&tbm=isch
2582,Global Impact NGO 2582,South Africa,Poverty Relief,https://www.google.com/search?q=Global+Impact+NGO+2582+ngo+work&tbm=isch
2583,Global Impact NGO 2583,UAE,Child Welfare,https://www.google.com/search?q=Global+Impact+NGO+2583+ngo+work&tbm=isch
2584,Global Impact NGO 2584,UK,Health,https://www.google.com/search?q=Global+Impact+NGO+2584+ngo+work&tbm=isch
2585,Global Impact NGO 2585,Germany,Health,https://www.google.com/search?q=Global+Impact+NGO+2585+ngo+work&tbm=isch
2586,Global Impact NGO 2586,Germany,Education,https://www.google.com/search?q=Global+Impact+NGO+2586+ngo+work&tbm=isch
2587,Global Impact NGO 2587,UAE,Education,https://www.google.com/search?q=Global+Impact+NGO+2587+ngo+work&tbm=isch
2588,Global Impact NGO 2588,UAE,Child Welfare,https://www.google.com/search?q=Global+Impact+NGO+2588+ngo+work&tbm=isch
2589,Global Impact NGO 2589,Germany,Health,https://www.google.com/search?q=Global+Impact+NGO+2589+ngo+work&tbm=isch
2590,Global Impact NGO 2590,UK,Child Welfare,https://www.google.com/search?q=Global+Impact+NGO+2590+ngo+work&tbm=isch
2591,Global Impact NGO 2591,UAE,Poverty Relief,https://www.google.com/search?q=Global+Impact+NGO+2591+ngo+work&tbm=isch
2592,Global Impact NGO 2592,Germany,Women Empowerment,https://www.google.com/search?q=Global+Impact+NGO+2592+ngo+work&tbm=isch
2593,Global Impact NGO 2593,Australia,Women Empowerment,https://www.google.com/search?q=Global+Impact+NGO+2593+ngo+work&tbm=isch
2594,Global Impact NGO 2594,UK,Human Rights,https://www.google.com/search?q=Global+Impact+NGO+2594+ngo+work&tbm=isch
2595,Global Impact NGO 2595,Germany,Child Welfare,https://www.google.com/search?q=Global+Impact+NGO+2595+ngo+work&tbm=isch
2596,Global Impact NGO 2596,Brazil,Health,https://www.google.com/search?q=Global+Impact+NGO+2596+ngo+work&tbm=isch
2597,Global Impact NGO 2597,UAE,Health,https://www.google.com/search?q=Global+Impact+NGO+2597+ngo+work&tbm=isch
2598,Global Impact NGO 2598,USA,Women Empowerment,https://www.google.com/search?q=Global+Impact+NGO+2598+ngo+work&tbm=isch
2599,Global Impact NGO 2599,Canada,Human Rights,https://www.google.com/search?q=Global+Impact+NGO+2599+ngo+work&tbm=isch
2600,Global Impact NGO 2600,USA,Human Rights,https://www.google.com/search?q=Global+Impact+NGO+2600+ngo+work&tbm=isch
2601,Global Impact NGO 2601,Kenya,Poverty Relief,https://www.google.com/search?q=Global+Impact+NGO+2601+ngo+work&tbm=isch
2602,Global Impact NGO 2602,UK,Women Empowerment,https://www.google.com/search?q=Global+Impact+NGO+2602+ngo+work&tbm=isch
2603,Global Impact NGO 2603,Germany,Education,https://www.google.com/search?q=Global+Impact+NGO+2603+ngo+work&tbm=isch
2604,Global Impact NGO 2604,Australia,Environment,https://www.google.com/search?q=Global+Impact+NGO+2604+ngo+work&tbm=isch
2605,Global Impact NGO 2605,South Africa,Health,https://www.google.com/search?q=Global+Impact+NGO+2605+ngo+work&tbm=isch
2606,Global Impact NGO 2606,Germany,Health,https://www.google.com/search?q=Global+Impact+NGO+2606+ngo+work&tbm=isch
2607,Global Impact NGO 2607,UAE,Child Welfare,https://www.google.com/search?q=Global+Impact+NGO+2607+ngo+work&tbm=isch
2608,Global Impact NGO 2608,Germany,Human Rights,https://www.google.com/search?q=Global+Impact+NGO+2608+ngo+work&tbm=isch
2609,Global Impact NGO 2609,Australia,Education,https://www.google.com/search?q=Global+Impact+NGO+2609+ngo+work&tbm=isch
2610,Global Impact NGO 2610,UAE,Environment,https://www.google.com/search?q=Global+Impact+NGO+2610+ngo+work&tbm=isch
2611,Global Impact NGO 2611,Kenya,Human Rights,https://www.google.com/search?q=Global+Impact+NGO+2611+ngo+work&tbm=isch
2612,Global Impact NGO 2612,UK,Human Rights,https://www.google.com/search?q=Global+Impact+NGO+2612+ngo+work&tbm=isch
2613,Global Impact NGO 2613,UK,Health,https://www.google.com/search?q=Global+Impact+NGO+2613+ngo+work&tbm=isch
2614,Global Impact NGO 2614,Germany,Human Rights,https://www.google.com/search?q=Global+Impact+NGO+2614+ngo+work&tbm=isch
2615,Global Impact NGO 2615,Kenya,Women Empowerment,https://www.google.com/search?q=Global+Impact+NGO+2615+ngo+work&tbm=isch
2616,Global Impact NGO 2616,South Africa,Education,https://www.google.com/search?q=Global+Impact+NGO+2616+ngo+work&tbm=isch
2617,Global Impact NGO 2617,South Africa,Health,https://www.google.com/search?q=Global+Impact+NGO+2617+ngo+work&tbm=isch
2618,Global Impact NGO 2618,Australia,Poverty Relief,https://www.google.com/search?q=Global+Impact+NGO+2618+ngo+work&tbm=isch
2619,Global Impact NGO 2619,Brazil,Human Rights,https://www.google.com/search?q=Global+Impact+NGO+2619+ngo+work&tbm=isch
2620,Global Impact NGO 2620,India,Poverty Relief,https://www.google.com/search?q=Global+Impact+NGO+2620+ngo+work&tbm=isch
2621,Global Impact NGO 2621,Germany,Child Welfare,https://www.google.com/search?q=Global+Impact+NGO+2621+ngo+work&tbm=isch
2622,Global Impact NGO 2622,Germany,Education,https://www.google.com/search?q=Global+Impact+NGO+2622+ngo+work&tbm=isch
2623,Global Impact NGO 2623,UAE,Health,https://www.google.com/search?q=Global+Impact+NGO+2623+ngo+work&tbm=isch
2624,Global Impact NGO 2624,Kenya,Education,https://www.google.com/search?q=Global+Impact+NGO+2624+ngo+work&tbm=isch
2625,Global Impact NGO 2625,Australia,Environment,https://www.google.com/search?q=Global+Impact+NGO+2625+ngo+work&tbm=isch
2626,Global Impact NGO 2626,South Africa,Human Rights,https://www.google.com/search?q=Global+Impact+NGO+2626+ngo+work&tbm=isch
2627,Global Impact NGO 2627,USA,Education,https://www.google.com/search?q=Global+Impact+NGO+2627+ngo+work&tbm=isch
2628,Global Impact NGO 2628,USA,Environment,https://www.google.com/search?q=Global+Impact+NGO+2628+ngo+work&tbm=isch
2629,Global Impact NGO 2629,Germany,Women Empowerment,https://www.google.com/search?q=Global+Impact+NGO+2629+ngo+work&tbm=isch
2630,Global Impact NGO 2630,UK,Child Welfare,https://www.google.com/search?q=Global+Impact+NGO+2630+ngo+work&tbm=isch
2631,Global Impact NGO 2631,Kenya,Women Empowerment,https://www.google.com/search?q=Global+Impact+NGO+2631+ngo+work&tbm=isch
2632,Global Impact NGO 2632,India,Women Empowerment,https://www.google.com/search?q=Global+Impact+NGO+2632+ngo+work&tbm=isch
2633,Global Impact NGO 2633,Brazil,Health,https://www.google.com/search?q=Global+Impact+NGO+2633+ngo+work&tbm=isch
2634,Global Impact NGO 2634,Kenya,Education,https://www.google.com/search?q=Global+Impact+NGO+2634+ngo+work&tbm=isch
2635,Global Impact NGO 2635,Kenya,Poverty Relief,https://www.google.com/search?q=Global+Impact+NGO+2635+ngo+work&tbm=isch
2636,Global Impact NGO 2636,Australia,Human Rights,https://www.google.com/search?q=Global+Impact+NGO+2636+ngo+work&tbm=isch
2637,Global Impact NGO 2637,UAE,Health,https://www.google.com/search?q=Global+Impact+NGO+2637+ngo+work&tbm=isch
2638,Global Impact NGO 2638,Kenya,Child Welfare,https://www.google.com/search?q=Global+Impact+NGO+2638+ngo+work&tbm=isch
2639,Global Impact NGO 2639,UAE,Education,https://www.google.com/search?q=Global+Impact+NGO+2639+ngo+work&tbm=isch
2640,Global Impact NGO 2640,UAE,Education,https://www.google.com/search?q=Global+Impact+NGO+2640+ngo+work&tbm=isch
2641,Global Impact NGO 2641,UAE,Education,https://www.google.com/search?q=Global+Impact+NGO+2641+ngo+work&tbm=isch
2642,Global Impact NGO 2642,Germany,Poverty Relief,https://www.google.com/search?q=Global+Impact+NGO+2642+ngo+work&tbm=isch
2643,Global Impact NGO 2643,Germany,Environment,https://www.google.com/search?q=Global+Impact+NGO+2643+ngo+work&tbm=isch
2644,Global Impact NGO 2644,UK,Human Rights,https://www.google.com/search?q=Global+Impact+NGO+2644+ngo+work&tbm=isch
2645,Global Impact NGO 2645,South Africa,Health,https://www.google.com/search?q=Global+Impact+NGO+2645+ngo+work&tbm=isch
2646,Global Impact NGO 2646,Canada,Women Empowerment,https://www.google.com/search?q=Global+Impact+NGO+2646+ngo+work&tbm=isch
2647,Global Impact NGO 2647,UK,Education,https://www.google.com/search?q=Global+Impact+NGO+2647+ngo+work&tbm=isch
2648,Global Impact NGO 2648,UAE,Health,https://www.google.com/search?q=Global+Impact+NGO+2648+ngo+work&tbm=isch
2649,Global Impact NGO 2649,Germany,Women Empowerment,https://www.google.com/search?q=Global+Impact+NGO+2649+ngo+work&tbm=isch
2650,Global Impact NGO 2650,UAE,Human Rights,https://www.google.com/search?q=Global+Impact+NGO+2650+ngo+work&tbm=isch
2651,Global Impact NGO 2651,Canada,Health,https://www.google.com/search?q=Global+Impact+NGO+2651+ngo+work&tbm=isch
2652,Global Impact NGO 2652,Brazil,Human Rights,https://www.google.com/search?q=Global+Impact+NGO+2652+ngo+work&tbm=isch
2653,Global Impact NGO 2653,Australia,Environment,https://www.google.com/search?q=Global+Impact+NGO+2653+ngo+work&tbm=isch
2654,Global Impact NGO 2654,Australia,Child Welfare,https://www.google.com/search?q=Global+Impact+NGO+2654+ngo+work&tbm=isch
2655,Global Impact NGO 2655,South Africa,Child Welfare,https://www.google.com/search?q=Global+Impact+NGO+2655+ngo+work&tbm=isch
2656,Global Impact NGO 2656,UAE,Poverty Relief,https://www.google.com/search?q=Global+Impact+NGO+2656+ngo+work&tbm=isch
2657,Global Impact NGO 2657,USA,Education,https://www.google.com/search?q=Global+Impact+NGO+2657+ngo+work&tbm=isch
2658,Global Impact NGO 2658,Australia,Environment,https://www.google.com/search?q=Global+Impact+NGO+2658+ngo+work&tbm=isch
2659,Global Impact NGO 2659,South Africa,Child Welfare,https://www.google.com/search?q=Global+Impact+NGO+2659+ngo+work&tbm=isch
2660,Global Impact NGO 2660,Brazil,Health,https://www.google.com/search?q=Global+Impact+NGO+2660+ngo+work&tbm=isch
2661,Global Impact NGO 2661,Brazil,Education,https://www.google.com/search?q=Global+Impact+NGO+2661+ngo+work&tbm=isch
2662,Global Impact NGO 2662,UAE,Women Empowerment,https://www.google.com/search?q=Global+Impact+NGO+2662+ngo+work&tbm=isch
2663,Global Impact NGO 2663,India,Poverty Relief,https://www.google.com/search?q=Global+Impact+NGO+2663+ngo+work&tbm=isch
2664,Global Impact NGO 2664,Kenya,Poverty Relief,https://www.google.com/search?q=Global+Impact+NGO+2664+ngo+work&tbm=isch
2665,Global Impact NGO 2665,UAE,Education,https://www.google.com/search?q=Global+Impact+NGO+2665+ngo+work&tbm=isch
2666,Global Impact NGO 2666,Brazil,Education,https://www.google.com/search?q=Global+Impact+NGO+2666+ngo+work&tbm=isch
2667,Global Impact NGO 2667,UK,Poverty Relief,https://www.google.com/search?q=Global+Impact+NGO+2667+ngo+work&tbm=isch
2668,Global Impact NGO 2668,Canada,Child Welfare,https://www.google.com/search?q=Global+Impact+NGO+2668+ngo+work&tbm=isch
2669,Global Impact NGO 2669,Australia,Human Rights,https://www.google.com/search?q=Global+Impact+NGO+2669+ngo+work&tbm=isch
2670,Global Impact NGO 2670,Australia,Education,https://www.google.com/search?q=Global+Impact+NGO+2670+ngo+work&tbm=isch
2671,Global Impact NGO 2671,Brazil,Health,https://www.google.com/search?q=Global+Impact+NGO+2671+ngo+work&tbm=isch
2672,Global Impact NGO 2672,India,Poverty Relief,https://www.google.com/search?q=Global+Impact+NGO+2672+ngo+work&tbm=isch
2673,Global Impact NGO 2673,India,Poverty Relief,https://www.google.com/search?q=Global+Impact+NGO+2673+ngo+work&tbm=isch
2674,Global Impact NGO 2674,Germany,Health,https://www.google.com/search?q=Global+Impact+NGO+2674+ngo+work&tbm=isch
2675,Global Impact NGO 2675,USA,Education,https://www.google.com/search?q=Global+Impact+NGO+2675+ngo+work&tbm=isch
2676,Global Impact NGO 2676,UK,Education,https://www.google.com/search?q=Global+Impact+NGO+2676+ngo+work&tbm=isch
2677,Global Impact NGO 2677,UK,Poverty Relief,https://www.google.com/search?q=Global+Impact+NGO+2677+ngo+work&tbm=isch
2678,Global Impact NGO 2678,Kenya,Child Welfare,https://www.google.com/search?q=Global+Impact+NGO+2678+ngo+work&tbm=isch
2679,Global Impact NGO 2679,India,Education,https://www.google.com/search?q=Global+Impact+NGO+2679+ngo+work&tbm=isch
2680,Global Impact NGO 2680,Australia,Environment,https://www.google.com/search?q=Global+Impact+NGO+2680+ngo+work&tbm=isch
2681,Global Impact NGO 2681,Germany,Education,https://www.google.com/search?q=Global+Impact+NGO+2681+ngo+work&tbm=isch
2682,Global Impact NGO 2682,UK,Child Welfare,https://www.google.com/search?q=Global+Impact+NGO+2682+ngo+work&tbm=isch
2683,Global Impact NGO 2683,Canada,Environment,https://www.google.com/search?q=Global+Impact+NGO+2683+ngo+work&tbm=isch
2684,Global Impact NGO 2684,Australia,Women Empowerment,https://www.google.com/search?q=Global+Impact+NGO+2684+ngo+work&tbm=isch
2685,Global Impact NGO 2685,UK,Women Empowerment,https://www.google.com/search?q=Global+Impact+NGO+2685+ngo+work&tbm=isch
2686,Global Impact NGO 2686,Brazil,Environment,https://www.google.com/search?q=Global+Impact+NGO+2686+ngo+work&tbm=isch
2687,Global Impact NGO 2687,UK,Environment,https://www.google.com/search?q=Global+Impact+NGO+2687+ngo+work&tbm=isch
2688,Global Impact NGO 2688,Canada,Health,https://www.google.com/search?q=Global+Impact+NGO+2688+ngo+work&tbm=isch
2689,Global Impact NGO 2689,India,Child Welfare,https://www.google.com/search?q=Global+Impact+NGO+2689+ngo+work&tbm=isch
2690,Global Impact NGO 2690,UK,Education,https://www.google.com/search?q=Global+Impact+NGO+2690+ngo+work&tbm=isch
2691,Global Impact NGO 2691,Brazil,Child Welfare,https://www.google.com/search?q=Global+Impact+NGO+2691+ngo+work&tbm=isch
2692,Global Impact NGO 2692,UK,Health,https://www.google.com/search?q=Global+Impact+NGO+2692+ngo+work&tbm=isch
2693,Global Impact NGO 2693,UK,Human Rights,https://www.google.com/search?q=Global+Impact+NGO+2693+ngo+work&tbm=isch
2694,Global Impact NGO 2694,UAE,Poverty Relief,https://www.google.com/search?q=Global+Impact+NGO+2694+ngo+work&tbm=isch
2695,Global Impact NGO 2695,India,Child Welfare,https://www.google.com/search?q=Global+Impact+NGO+2695+ngo+work&tbm=isch
2696,Global Impact NGO 2696,UK,Health,https://www.google.com/search?q=Global+Impact+NGO+2696+ngo+work&tbm=isch
2697,Global Impact NGO 2697,Brazil,Education,https://www.google.com/search?q=Global+Impact+NGO+2697+ngo+work&tbm=isch
2698,Global Impact NGO 2698,Canada,Child Welfare,https://www.google.com/search?q=Global+Impact+NGO+2698+ngo+work&tbm=isch
2699,Global Impact NGO 2699,USA,Women Empowerment,https://www.google.com/search?q=Global+Impact+NGO+2699+ngo+work&tbm=isch
2700,Global Impact NGO 2700,Canada,Poverty Relief,https://www.google.com/search?q=Global+Impact+NGO+2700+ngo+work&tbm=isch
2701,Global Impact NGO 2701,UAE,Environment,https://www.google.com/search?q=Global+Impact+NGO+2701+ngo+work&tbm=isch
2702,Global Impact NGO 2702,Canada,Child Welfare,https://www.google.com/search?q=Global+Impact+NGO+2702+ngo+work&tbm=isch
2703,Global Impact NGO 2703,Brazil,Health,https://www.google.com/search?q=Global+Impact+NGO+2703+ngo+work&tbm=isch
2704,Global Impact NGO 2704,Germany,Poverty Relief,https://www.google.com/search?q=Global+Impact+NGO+2704+ngo+work&tbm=isch
2705,Global Impact NGO 2705,Brazil,Child Welfare,https://www.google.com/search?q=Global+Impact+NGO+2705+ngo+work&tbm=isch
2706,Global Impact NGO 2706,UAE,Human Rights,https://www.google.com/search?q=Global+Impact+NGO+2706+ngo+work&tbm=isch
2707,Global Impact NGO 2707,UAE,Education,https://www.google.com/search?q=Global+Impact+NGO+2707+ngo+work&tbm=isch
2708,Global Impact NGO 2708,South Africa,Women Empowerment,https://www.google.com/search?q=Global+Impact+NGO+2708+ngo+work&tbm=isch
2709,Global Impact NGO 2709,UAE,Health,https://www.google.com/search?q=Global+Impact+NGO+2709+ngo+work&tbm=isch
2710,Global Impact NGO 2710,India,Human Rights,https://www.google.com/search?q=Global+Impact+NGO+2710+ngo+work&tbm=isch
2711,Global Impact NGO 2711,Germany,Human Rights,https://www.google.com/search?q=Global+Impact+NGO+2711+ngo+work&tbm=isch
2712,Global Impact NGO 2712,Australia,Women Empowerment,https://www.google.com/search?q=Global+Impact+NGO+2712+ngo+work&tbm=isch
2713,Global Impact NGO 2713,Germany,Health,https://www.google.com/search?q=Global+Impact+NGO+2713+ngo+work&tbm=isch
2714,Global Impact NGO 2714,UAE,Education,https://www.google.com/search?q=Global+Impact+NGO+2714+ngo+work&tbm=isch
2715,Global Impact NGO 2715,UK,Child Welfare,https://www.google.com/search?q=Global+Impact+NGO+2715+ngo+work&tbm=isch
2716,Global Impact NGO 2716,UAE,Human Rights,https://www.google.com/search?q=Global+Impact+NGO+2716+ngo+work&tbm=isch
2717,Global Impact NGO 2717,UAE,Health,https://www.google.com/search?q=Global+Impact+NGO+2717+ngo+work&tbm=isch
2718,Global Impact NGO 2718,South Africa,Environment,https://www.google.com/search?q=Global+Impact+NGO+2718+ngo+work&tbm=isch
2719,Global Impact NGO 2719,Canada,Poverty Relief,https://www.google.com/search?q=Global+Impact+NGO+2719+ngo+work&tbm=isch
2720,Global Impact NGO 2720,Canada,Environment,https://www.google.com/search?q=Global+Impact+NGO+2720+ngo+work&tbm=isch
2721,Global Impact NGO 2721,Kenya,Women Empowerment,https://www.google.com/search?q=Global+Impact+NGO+2721+ngo+work&tbm=isch
2722,Global Impact NGO 2722,Kenya,Child Welfare,https://www.google.com/search?q=Global+Impact+NGO+2722+ngo+work&tbm=isch
2723,Global Impact NGO 2723,Germany,Child Welfare,https://www.google.com/search?q=Global+Impact+NGO+2723+ngo+work&tbm=isch
2724,Global Impact NGO 2724,South Africa,Health,https://www.google.com/search?q=Global+Impact+NGO+2724+ngo+work&tbm=isch
2725,Global Impact NGO 2725,UK,Poverty Relief,https://www.google.com/search?q=Global+Impact+NGO+2725+ngo+work&tbm=isch
2726,Global Impact NGO 2726,India,Environment,https://www.google.com/search?q=Global+Impact+NGO+2726+ngo+work&tbm=isch
2727,Global Impact NGO 2727,USA,Human Rights,https://www.google.com/search?q=Global+Impact+NGO+2727+ngo+work&tbm=isch
2728,Global Impact NGO 2728,South Africa,Education,https://www.google.com/search?q=Global+Impact+NGO+2728+ngo+work&tbm=isch
2729,Global Impact NGO 2729,Brazil,Child Welfare,https://www.google.com/search?q=Global+Impact+NGO+2729+ngo+work&tbm=isch
2730,Global Impact NGO 2730,USA,Education,https://www.google.com/search?q=Global+Impact+NGO+2730+ngo+work&tbm=isch
2731,Global Impact NGO 2731,UAE,Child Welfare,https://www.google.com/search?q=Global+Impact+NGO+2731+ngo+work&tbm=isch
2732,Global Impact NGO 2732,Canada,Child Welfare,https://www.google.com/search?q=Global+Impact+NGO+2732+ngo+work&tbm=isch
2733,Global Impact NGO 2733,UAE,Education,https://www.google.com/search?q=Global+Impact+NGO+2733+ngo+work&tbm=isch
2734,Global Impact NGO 2734,USA,Human Rights,https://www.google.com/search?q=Global+Impact+NGO+2734+ngo+work&tbm=isch
2735,Global Impact NGO 2735,Brazil,Environment,https://www.google.com/search?q=Global+Impact+NGO+2735+ngo+work&tbm=isch
2736,Global Impact NGO 2736,USA,Environment,https://www.google.com/search?q=Global+Impact+NGO+2736+ngo+work&tbm=isch
2737,Global Impact NGO 2737,USA,Health,https://www.google.com/search?q=Global+Impact+NGO+2737+ngo+work&tbm=isch
2738,Global Impact NGO 2738,Germany,Education,https://www.google.com/search?q=Global+Impact+NGO+2738+ngo+work&tbm=isch
2739,Global Impact NGO 2739,UAE,Child Welfare,https://www.google.com/search?q=Global+Impact+NGO+2739+ngo+work&tbm=isch
2740,Global Impact NGO 2740,India,Education,https://www.google.com/search?q=Global+Impact+NGO+2740+ngo+work&tbm=isch
2741,Global Impact NGO 2741,Brazil,Women Empowerment,https://www.google.com/search?q=Global+Impact+NGO+2741+ngo+work&tbm=isch
2742,Global Impact NGO 2742,South Africa,Health,https://www.google.com/search?q=Global+Impact+NGO+2742+ngo+work&tbm=isch
2743,Global Impact NGO 2743,South Africa,Health,https://www.google.com/search?q=Global+Impact+NGO+2743+ngo+work&tbm=isch
2744,Global Impact NGO 2744,Germany,Education,https://www.google.com/search?q=Global+Impact+NGO+2744+ngo+work&tbm=isch
2745,Global Impact NGO 2745,UAE,Child Welfare,https://www.google.com/search?q=Global+Impact+NGO+2745+ngo+work&tbm=isch
2746,Global Impact NGO 2746,UAE,Health,https://www.google.com/search?q=Global+Impact+NGO+2746+ngo+work&tbm=isch
2747,Global Impact NGO 2747,UK,Health,https://www.google.com/search?q=Global+Impact+NGO+2747+ngo+work&tbm=isch
2748,Global Impact NGO 2748,Kenya,Environment,https://www.google.com/search?q=Global+Impact+NGO+2748+ngo+work&tbm=isch
2749,Global Impact NGO 2749,UAE,Women Empowerment,https://www.google.com/search?q=Global+Impact+NGO+2749+ngo+work&tbm=isch
2750,Global Impact NGO 2750,Australia,Women Empowerment,https://www.google.com/search?q=Global+Impact+NGO+2750+ngo+work&tbm=isch
2751,Global Impact NGO 2751,Australia,Women Empowerment,https://www.google.com/search?q=Global+Impact+NGO+2751+ngo+work&tbm=isch
2752,Global Impact NGO 2752,UAE,Child Welfare,https://www.google.com/search?q=Global+Impact+NGO+2752+ngo+work&tbm=isch
2753,Global Impact NGO 2753,Germany,Women Empowerment,https://www.google.com/search?q=Global+Impact+NGO+2753+ngo+work&tbm=isch
2754,Global Impact NGO 2754,Canada,Child Welfare,https://www.google.com/search?q=Global+Impact+NGO+2754+ngo+work&tbm=isch
2755,Global Impact NGO 2755,Brazil,Human Rights,https://www.google.com/search?q=Global+Impact+NGO+2755+ngo+work&tbm=isch
2756,Global Impact NGO 2756,USA,Child Welfare,https://www.google.com/search?q=Global+Impact+NGO+2756+ngo+work&tbm=isch
2757,Global Impact NGO 2757,India,Poverty Relief,https://www.google.com/search?q=Global+Impact+NGO+2757+ngo+work&tbm=isch
2758,Global Impact NGO 2758,Kenya,Health,https://www.google.com/search?q=Global+Impact+NGO+2758+ngo+work&tbm=isch
2759,Global Impact NGO 2759,UAE,Environment,https://www.google.com/search?q=Global+Impact+NGO+2759+ngo+work&tbm=isch
2760,Global Impact NGO 2760,Germany,Child Welfare,https://www.google.com/search?q=Global+Impact+NGO+2760+ngo+work&tbm=isch
2761,Global Impact NGO 2761,Canada,Poverty Relief,https://www.google.com/search?q=Global+Impact+NGO+2761+ngo+work&tbm=isch
2762,Global Impact NGO 2762,UK,Poverty Relief,https://www.google.com/search?q=Global+Impact+NGO+2762+ngo+work&tbm=isch
2763,Global Impact NGO 2763,Canada,Human Rights,https://www.google.com/search?q=Global+Impact+NGO+2763+ngo+work&tbm=isch
2764,Global Impact NGO 2764,USA,Education,https://www.google.com/search?q=Global+Impact+NGO+2764+ngo+work&tbm=isch
2765,Global Impact NGO 2765,Kenya,Women Empowerment,https://www.google.com/search?q=Global+Impact+NGO+2765+ngo+work&tbm=isch
2766,Global Impact NGO 2766,India,Poverty Relief,https://www.google.com/search?q=Global+Impact+NGO+2766+ngo+work&tbm=isch
2767,Global Impact NGO 2767,Australia,Women Empowerment,https://www.google.com/search?q=Global+Impact+NGO+2767+ngo+work&tbm=isch
2768,Global Impact NGO 2768,Kenya,Poverty Relief,https://www.google.com/search?q=Global+Impact+NGO+2768+ngo+work&tbm=isch
2769,Global Impact NGO 2769,South Africa,Human Rights,https://www.google.com/search?q=Global+Impact+NGO+2769+ngo+work&tbm=isch
2770,Global Impact NGO 2770,USA,Women Empowerment,https://www.google.com/search?q=Global+Impact+NGO+2770+ngo+work&tbm=isch
2771,Global Impact NGO 2771,Brazil,Women Empowerment,https://www.google.com/search?q=Global+Impact+NGO+2771+ngo+work&tbm=isch
2772,Global Impact NGO 2772,Canada,Women Empowerment,https://www.google.com/search?q=Global+Impact+NGO+2772+ngo+work&tbm=isch
2773,Global Impact NGO 2773,Kenya,Education,https://www.google.com/search?q=Global+Impact+NGO+2773+ngo+work&tbm=isch
2774,Global Impact NGO 2774,Kenya,Health,https://www.google.com/search?q=Global+Impact+NGO+2774+ngo+work&tbm=isch
2775,Global Impact NGO 2775,UK,Human Rights,https://www.google.com/search?q=Global+Impact+NGO+2775+ngo+work&tbm=isch
2776,Global Impact NGO 2776,USA,Health,https://www.google.com/search?q=Global+Impact+NGO+2776+ngo+work&tbm=isch
2777,Global Impact NGO 2777,USA,Child Welfare,https://www.google.com/search?q=Global+Impact+NGO+2777+ngo+work&tbm=isch
2778,Global Impact NGO 2778,Canada,Poverty Relief,https://www.google.com/search?q=Global+Impact+NGO+2778+ngo+work&tbm=isch
2779,Global Impact NGO 2779,South Africa,Women Empowerment,https://www.google.com/search?q=Global+Impact+NGO+2779+ngo+work&tbm=isch
2780,Global Impact NGO 2780,UAE,Poverty Relief,https://www.google.com/search?q=Global+Impact+NGO+2780+ngo+work&tbm=isch
2781,Global Impact NGO 2781,Germany,Child Welfare,https://www.google.com/search?q=Global+Impact+NGO+2781+ngo+work&tbm=isch
2782,Global Impact NGO 2782,Brazil,Poverty Relief,https://www.google.com/search?q=Global+Impact+NGO+2782+ngo+work&tbm=isch
2783,Global Impact NGO 2783,UAE,Child Welfare,https://www.google.com/search?q=Global+Impact+NGO+2783+ngo+work&tbm=isch
2784,Global Impact NGO 2784,UAE,Human Rights,https://www.google.com/search?q=Global+Impact+NGO+2784+ngo+work&tbm=isch
2785,Global Impact NGO 2785,India,Poverty Relief,https://www.google.com/search?q=Global+Impact+NGO+2785+ngo+work&tbm=isch
2786,Global Impact NGO 2786,Kenya,Women Empowerment,https://www.google.com/search?q=Global+Impact+NGO+2786+ngo+work&tbm=isch
2787,Global Impact NGO 2787,Germany,Human Rights,https://www.google.com/search?q=Global+Impact+NGO+2787+ngo+work&tbm=isch
2788,Global Impact NGO 2788,UAE,Environment,https://www.google.com/search?q=Global+Impact+NGO+2788+ngo+work&tbm=isch
2789,Global Impact NGO 2789,Australia,Child Welfare,https://www.google.com/search?q=Global+Impact+NGO+2789+ngo+work&tbm=isch
2790,Global Impact NGO 2790,UAE,Environment,https://www.google.com/search?q=Global+Impact+NGO+2790+ngo+work&tbm=isch
2791,Global Impact NGO 2791,UK,Poverty Relief,https://www.google.com/search?q=Global+Impact+NGO+2791+ngo+work&tbm=isch
2792,Global Impact NGO 2792,Australia,Poverty Relief,https://www.google.com/search?q=Global+Impact+NGO+2792+ngo+work&tbm=isch
2793,Global Impact NGO 2793,USA,Women Empowerment,https://www.google.com/search?q=Global+Impact+NGO+2793+ngo+work&tbm=isch
2794,Global Impact NGO 2794,India,Child Welfare,https://www.google.com/search?q=Global+Impact+NGO+2794+ngo+work&tbm=isch
2795,Global Impact NGO 2795,Germany,Environment,https://www.google.com/search?q=Global+Impact+NGO+2795+ngo+work&tbm=isch
2796,Global Impact NGO 2796,UAE,Health,https://www.google.com/search?q=Global+Impact+NGO+2796+ngo+work&tbm=isch
2797,Global Impact NGO 2797,UK,Environment,https://www.google.com/search?q=Global+Impact+NGO+2797+ngo+work&tbm=isch
2798,Global Impact NGO 2798,Canada,Education,https://www.google.com/search?q=Global+Impact+NGO+2798+ngo+work&tbm=isch
2799,Global Impact NGO 2799,UAE,Education,https://www.google.com/search?q=Global+Impact+NGO+2799+ngo+work&tbm=isch
2800,Global Impact NGO 2800,Brazil,Women Empowerment,https://www.google.com/search?q=Global+Impact+NGO+2800+ngo+work&tbm=isch
2801,Global Impact NGO 2801,Kenya,Health,https://www.google.com/search?q=Global+Impact+NGO+2801+ngo+work&tbm=isch
2802,Global Impact NGO 2802,India,Poverty Relief,https://www.google.com/search?q=Global+Impact+NGO+2802+ngo+work&tbm=isch
2803,Global Impact NGO 2803,Australia,Health,https://www.google.com/search?q=Global+Impact+NGO+2803+ngo+work&tbm=isch
2804,Global Impact NGO 2804,UK,Poverty Relief,https://www.google.com/search?q=Global+Impact+NGO+2804+ngo+work&tbm=isch
2805,Global Impact NGO 2805,Kenya,Human Rights,https://www.google.com/search?q=Global+Impact+NGO+2805+ngo+work&tbm=isch
2806,Global Impact NGO 2806,Australia,Human Rights,https://www.google.com/search?q=Global+Impact+NGO+2806+ngo+work&tbm=isch
2807,Global Impact NGO 2807,UAE,Child Welfare,https://www.google.com/search?q=Global+Impact+NGO+2807+ngo+work&tbm=isch
2808,Global Impact NGO 2808,UAE,Health,https://www.google.com/search?q=Global+Impact+NGO+2808+ngo+work&tbm=isch
2809,Global Impact NGO 2809,USA,Health,https://www.google.com/search?q=Global+Impact+NGO+2809+ngo+work&tbm=isch
2810,Global Impact NGO 2810,South Africa,Education,https://www.google.com/search?q=Global+Impact+NGO+2810+ngo+work&tbm=isch
2811,Global Impact NGO 2811,USA,Poverty Relief,https://www.google.com/search?q=Global+Impact+NGO+2811+ngo+work&tbm=isch
2812,Global Impact NGO 2812,Brazil,Health,https://www.google.com/search?q=Global+Impact+NGO+2812+ngo+work&tbm=isch
2813,Global Impact NGO 2813,Australia,Poverty Relief,https://www.google.com/search?q=Global+Impact+NGO+2813+ngo+work&tbm=isch
2814,Global Impact NGO 2814,Canada,Child Welfare,https://www.google.com/search?q=Global+Impact+NGO+2814+ngo+work&tbm=isch
2815,Global Impact NGO 2815,Canada,Human Rights,https://www.google.com/search?q=Global+Impact+NGO+2815+ngo+work&tbm=isch
2816,Global Impact NGO 2816,UK,Human Rights,https://www.google.com/search?q=Global+Impact+NGO+2816+ngo+work&tbm=isch
2817,Global Impact NGO 2817,India,Poverty Relief,https://www.google.com/search?q=Global+Impact+NGO+2817+ngo+work&tbm=isch
2818,Global Impact NGO 2818,UAE,Education,https://www.google.com/search?q=Global+Impact+NGO+2818+ngo+work&tbm=isch
2819,Global Impact NGO 2819,USA,Women Empowerment,https://www.google.com/search?q=Global+Impact+NGO+2819+ngo+work&tbm=isch
2820,Global Impact NGO 2820,South Africa,Environment,https://www.google.com/search?q=Global+Impact+NGO+2820+ngo+work&tbm=isch
2821,Global Impact NGO 2821,UAE,Education,https://www.google.com/search?q=Global+Impact+NGO+2821+ngo+work&tbm=isch
2822,Global Impact NGO 2822,USA,Women Empowerment,https://www.google.com/search?q=Global+Impact+NGO+2822+ngo+work&tbm=isch
2823,Global Impact NGO 2823,UAE,Child Welfare,https://www.google.com/search?q=Global+Impact+NGO+2823+ngo+work&tbm=isch
2824,Global Impact NGO 2824,Germany,Environment,https://www.google.com/search?q=Global+Impact+NGO+2824+ngo+work&tbm=isch
2825,Global Impact NGO 2825,USA,Health,https://www.google.com/search?q=Global+Impact+NGO+2825+ngo+work&tbm=isch
2826,Global Impact NGO 2826,Canada,Child Welfare,https://www.google.com/search?q=Global+Impact+NGO+2826+ngo+work&tbm=isch
2827,Global Impact NGO 2827,South Africa,Environment,https://www.google.com/search?q=Global+Impact+NGO+2827+ngo+work&tbm=isch
2828,Global Impact NGO 2828,Canada,Health,https://www.google.com/search?q=Global+Impact+NGO+2828+ngo+work&tbm=isch
2829,Global Impact NGO 2829,Canada,Human Rights,https://www.google.com/search?q=Global+Impact+NGO+2829+ngo+work&tbm=isch
2830,Global Impact NGO 2830,Kenya,Environment,https://www.google.com/search?q=Global+Impact+NGO+2830+ngo+work&tbm=isch
2831,Global Impact NGO 2831,Brazil,Education,https://www.google.com/search?q=Global+Impact+NGO+2831+ngo+work&tbm=isch
2832,Global Impact NGO 2832,Canada,Women Empowerment,https://www.google.com/search?q=Global+Impact+NGO+2832+ngo+work&tbm=isch
2833,Global Impact NGO 2833,Germany,Human Rights,https://www.google.com/search?q=Global+Impact+NGO+2833+ngo+work&tbm=isch
2834,Global Impact NGO 2834,Australia,Poverty Relief,https://www.google.com/search?q=Global+Impact+NGO+2834+ngo+work&tbm=isch
2835,Global Impact NGO 2835,Kenya,Education,https://www.google.com/search?q=Global+Impact+NGO+2835+ngo+work&tbm=isch
2836,Global Impact NGO 2836,Germany,Poverty Relief,https://www.google.com/search?q=Global+Impact+NGO+2836+ngo+work&tbm=isch
2837,Global Impact NGO 2837,South Africa,Health,https://www.google.com/search?q=Global+Impact+NGO+2837+ngo+work&tbm=isch
2838,Global Impact NGO 2838,Kenya,Environment,https://www.google.com/search?q=Global+Impact+NGO+2838+ngo+work&tbm=isch
2839,Global Impact NGO 2839,Kenya,Health,https://www.google.com/search?q=Global+Impact+NGO+2839+ngo+work&tbm=isch
2840,Global Impact NGO 2840,Australia,Education,https://www.google.com/search?q=Global+Impact+NGO+2840+ngo+work&tbm=isch
2841,Global Impact NGO 2841,South Africa,Education,https://www.google.com/search?q=Global+Impact+NGO+2841+ngo+work&tbm=isch
2842,Global Impact NGO 2842,South Africa,Health,https://www.google.com/search?q=Global+Impact+NGO+2842+ngo+work&tbm=isch
2843,Global Impact NGO 2843,Canada,Women Empowerment,https://www.google.com/search?q=Global+Impact+NGO+2843+ngo+work&tbm=isch
2844,Global Impact NGO 2844,UAE,Women Empowerment,https://www.google.com/search?q=Global+Impact+NGO+2844+ngo+work&tbm=isch
2845,Global Impact NGO 2845,Kenya,Education,https://www.google.com/search?q=Global+Impact+NGO+2845+ngo+work&tbm=isch
2846,Global Impact NGO 2846,Germany,Child Welfare,https://www.google.com/search?q=Global+Impact+NGO+2846+ngo+work&tbm=isch
2847,Global Impact NGO 2847,UAE,Women Empowerment,https://www.google.com/search?q=Global+Impact+NGO+2847+ngo+work&tbm=isch
2848,Global Impact NGO 2848,USA,Child Welfare,https://www.google.com/search?q=Global+Impact+NGO+2848+ngo+work&tbm=isch
2849,Global Impact NGO 2849,USA,Women Empowerment,https://www.google.com/search?q=Global+Impact+NGO+2849+ngo+work&tbm=isch
2850,Global Impact NGO 2850,UK,Health,https://www.google.com/search?q=Global+Impact+NGO+2850+ngo+work&tbm=isch
2851,Global Impact NGO 2851,UK,Human Rights,https://www.google.com/search?q=Global+Impact+NGO+2851+ngo+work&tbm=isch
2852,Global Impact NGO 2852,USA,Education,https://www.google.com/search?q=Global+Impact+NGO+2852+ngo+work&tbm=isch
2853,Global Impact NGO 2853,UAE,Women Empowerment,https://www.google.com/search?q=Global+Impact+NGO+2853+ngo+work&tbm=isch
2854,Global Impact NGO 2854,Germany,Women Empowerment,https://www.google.com/search?q=Global+Impact+NGO+2854+ngo+work&tbm=isch
2855,Global Impact NGO 2855,Canada,Health,https://www.google.com/search?q=Global+Impact+NGO+2855+ngo+work&tbm=isch
2856,Global Impact NGO 2856,Brazil,Child Welfare,https://www.google.com/search?q=Global+Impact+NGO+2856+ngo+work&tbm=isch
2857,Global Impact NGO 2857,Australia,Poverty Relief,https://www.google.com/search?q=Global+Impact+NGO+2857+ngo+work&tbm=isch
2858,Global Impact NGO 2858,Kenya,Education,https://www.google.com/search?q=Global+Impact+NGO+2858+ngo+work&tbm=isch
2859,Global Impact NGO 2859,UAE,Human Rights,https://www.google.com/search?q=Global+Impact+NGO+2859+ngo+work&tbm=isch
2860,Global Impact NGO 2860,Canada,Environment,https://www.google.com/search?q=Global+Impact+NGO+2860+ngo+work&tbm=isch
2861,Global Impact NGO 2861,South Africa,Women Empowerment,https://www.google.com/search?q=Global+Impact+NGO+2861+ngo+work&tbm=isch
2862,Global Impact NGO 2862,Germany,Environment,https://www.google.com/search?q=Global+Impact+NGO+2862+ngo+work&tbm=isch
2863,Global Impact NGO 2863,USA,Health,https://www.google.com/search?q=Global+Impact+NGO+2863+ngo+work&tbm=isch
2864,Global Impact NGO 2864,Germany,Human Rights,https://www.google.com/search?q=Global+Impact+NGO+2864+ngo+work&tbm=isch
2865,Global Impact NGO 2865,India,Women Empowerment,https://www.google.com/search?q=Global+Impact+NGO+2865+ngo+work&tbm=isch
2866,Global Impact NGO 2866,India,Health,https://www.google.com/search?q=Global+Impact+NGO+2866+ngo+work&tbm=isch
2867,Global Impact NGO 2867,Germany,Education,https://www.google.com/search?q=Global+Impact+NGO+2867+ngo+work&tbm=isch
2868,Global Impact NGO 2868,UAE,Environment,https://www.google.com/search?q=Global+Impact+NGO+2868+ngo+work&tbm=isch
2869,Global Impact NGO 2869,USA,Health,https://www.google.com/search?q=Global+Impact+NGO+2869+ngo+work&tbm=isch
2870,Global Impact NGO 2870,Australia,Education,https://www.google.com/search?q=Global+Impact+NGO+2870+ngo+work&tbm=isch
2871,Global Impact NGO 2871,UAE,Poverty Relief,https://www.google.com/search?q=Global+Impact+NGO+2871+ngo+work&tbm=isch
2872,Global Impact NGO 2872,Brazil,Health,https://www.google.com/search?q=Global+Impact+NGO+2872+ngo+work&tbm=isch
2873,Global Impact NGO 2873,Kenya,Human Rights,https://www.google.com/search?q=Global+Impact+NGO+2873+ngo+work&tbm=isch
2874,Global Impact NGO 2874,UAE,Poverty Relief,https://www.google.com/search?q=Global+Impact+NGO+2874+ngo+work&tbm=isch
2875,Global Impact NGO 2875,Kenya,Environment,https://www.google.com/search?q=Global+Impact+NGO+2875+ngo+work&tbm=isch
2876,Global Impact NGO 2876,South Africa,Human Rights,https://www.google.com/search?q=Global+Impact+NGO+2876+ngo+work&tbm=isch
2877,Global Impact NGO 2877,Canada,Human Rights,https://www.google.com/search?q=Global+Impact+NGO+2877+ngo+work&tbm=isch
2878,Global Impact NGO 2878,South Africa,Women Empowerment,https://www.google.com/search?q=Global+Impact+NGO+2878+ngo+work&tbm=isch
2879,Global Impact NGO 2879,Brazil,Human Rights,https://www.google.com/search?q=Global+Impact+NGO+2879+ngo+work&tbm=isch
2880,Global Impact NGO 2880,UAE,Human Rights,https://www.google.com/search?q=Global+Impact+NGO+2880+ngo+work&tbm=isch
2881,Global Impact NGO 2881,Canada,Health,https://www.google.com/search?q=Global+Impact+NGO+2881+ngo+work&tbm=isch
2882,Global Impact NGO 2882,Brazil,Environment,https://www.google.com/search?q=Global+Impact+NGO+2882+ngo+work&tbm=isch
2883,Global Impact NGO 2883,Brazil,Poverty Relief,https://www.google.com/search?q=Global+Impact+NGO+2883+ngo+work&tbm=isch
2884,Global Impact NGO 2884,Brazil,Health,https://www.google.com/search?q=Global+Impact+NGO+2884+ngo+work&tbm=isch
2885,Global Impact NGO 2885,UK,Health,https://www.google.com/search?q=Global+Impact+NGO+2885+ngo+work&tbm=isch
2886,Global Impact NGO 2886,India,Education,https://www.google.com/search?q=Global+Impact+NGO+2886+ngo+work&tbm=isch
2887,Global Impact NGO 2887,Brazil,Poverty Relief,https://www.google.com/search?q=Global+Impact+NGO+2887+ngo+work&tbm=isch
2888,Global Impact NGO 2888,Germany,Poverty Relief,https://www.google.com/search?q=Global+Impact+NGO+2888+ngo+work&tbm=isch
2889,Global Impact NGO 2889,Kenya,Women Empowerment,https://www.google.com/search?q=Global+Impact+NGO+2889+ngo+work&tbm=isch
2890,Global Impact NGO 2890,Brazil,Child Welfare,https://www.google.com/search?q=Global+Impact+NGO+2890+ngo+work&tbm=isch
2891,Global Impact NGO 2891,USA,Human Rights,https://www.google.com/search?q=Global+Impact+NGO+2891+ngo+work&tbm=isch
2892,Global Impact NGO 2892,Australia,Human Rights,https://www.google.com/search?q=Global+Impact+NGO+2892+ngo+work&tbm=isch
2893,Global Impact NGO 2893,Brazil,Poverty Relief,https://www.google.com/search?q=Global+Impact+NGO+2893+ngo+work&tbm=isch
2894,Global Impact NGO 2894,USA,Environment,https://www.google.com/search?q=Global+Impact+NGO+2894+ngo+work&tbm=isch
2895,Global Impact NGO 2895,Brazil,Education,https://www.google.com/search?q=Global+Impact+NGO+2895+ngo+work&tbm=isch
2896,Global Impact NGO 2896,Australia,Education,https://www.google.com/search?q=Global+Impact+NGO+2896+ngo+work&tbm=isch
2897,Global Impact NGO 2897,India,Poverty Relief,https://www.google.com/search?q=Global+Impact+NGO+2897+ngo+work&tbm=isch
2898,Global Impact NGO 2898,Brazil,Human Rights,https://www.google.com/search?q=Global+Impact+NGO+2898+ngo+work&tbm=isch
2899,Global Impact NGO 2899,Brazil,Health,https://www.google.com/search?q=Global+Impact+NGO+2899+ngo+work&tbm=isch
2900,Global Impact NGO 2900,Germany,Health,https://www.google.com/search?q=Global+Impact+NGO+2900+ngo+work&tbm=isch
2901,Global Impact NGO 2901,Australia,Health,https://www.google.com/search?q=Global+Impact+NGO+2901+ngo+work&tbm=isch
2902,Global Impact NGO 2902,Brazil,Health,https://www.google.com/search?q=Global+Impact+NGO+2902+ngo+work&tbm=isch
2903,Global Impact NGO 2903,Brazil,Education,https://www.google.com/search?q=Global+Impact+NGO+2903+ngo+work&tbm=isch
2904,Global Impact NGO 2904,UK,Health,https://www.google.com/search?q=Global+Impact+NGO+2904+ngo+work&tbm=isch
2905,Global Impact NGO 2905,South Africa,Women Empowerment,https://www.google.com/search?q=Global+Impact+NGO+2905+ngo+work&tbm=isch
2906,Global Impact NGO 2906,India,Human Rights,https://www.google.com/search?q=Global+Impact+NGO+2906+ngo+work&tbm=isch
2907,Global Impact NGO 2907,India,Environment,https://www.google.com/search?q=Global+Impact+NGO+2907+ngo+work&tbm=isch
2908,Global Impact NGO 2908,Kenya,Education,https://www.google.com/search?q=Global+Impact+NGO+2908+ngo+work&tbm=isch
2909,Global Impact NGO 2909,UK,Human Rights,https://www.google.com/search?q=Global+Impact+NGO+2909+ngo+work&tbm=isch
2910,Global Impact NGO 2910,Australia,Health,https://www.google.com/search?q=Global+Impact+NGO+2910+ngo+work&tbm=isch
2911,Global Impact NGO 2911,Kenya,Women Empowerment,https://www.google.com/search?q=Global+Impact+NGO+2911+ngo+work&tbm=isch
2912,Global Impact NGO 2912,Canada,Human Rights,https://www.google.com/search?q=Global+Impact+NGO+2912+ngo+work&tbm=isch
2913,Global Impact NGO 2913,USA,Child Welfare,https://www.google.com/search?q=Global+Impact+NGO+2913+ngo+work&tbm=isch
2914,Global Impact NGO 2914,Germany,Child Welfare,https://www.google.com/search?q=Global+Impact+NGO+2914+ngo+work&tbm=isch
2915,Global Impact NGO 2915,Kenya,Poverty Relief,https://www.google.com/search?q=Global+Impact+NGO+2915+ngo+work&tbm=isch
2916,Global Impact NGO 2916,Germany,Women Empowerment,https://www.google.com/search?q=Global+Impact+NGO+2916+ngo+work&tbm=isch
2917,Global Impact NGO 2917,Germany,Human Rights,https://www.google.com/search?q=Global+Impact+NGO+2917+ngo+work&tbm=isch
2918,Global Impact NGO 2918,USA,Environment,https://www.google.com/search?q=Global+Impact+NGO+2918+ngo+work&tbm=isch
2919,Global Impact NGO 2919,Brazil,Child Welfare,https://www.google.com/search?q=Global+Impact+NGO+2919+ngo+work&tbm=isch
2920,Global Impact NGO 2920,Kenya,Human Rights,https://www.google.com/search?q=Global+Impact+NGO+2920+ngo+work&tbm=isch
2921,Global Impact NGO 2921,Brazil,Child Welfare,https://www.google.com/search?q=Global+Impact+NGO+2921+ngo+work&tbm=isch
2922,Global Impact NGO 2922,South Africa,Environment,https://www.google.com/search?q=Global+Impact+NGO+2922+ngo+work&tbm=isch
2923,Global Impact NGO 2923,Australia,Poverty Relief,https://www.google.com/search?q=Global+Impact+NGO+2923+ngo+work&tbm=isch
2924,Global Impact NGO 2924,India,Women Empowerment,https://www.google.com/search?q=Global+Impact+NGO+2924+ngo+work&tbm=isch
2925,Global Impact NGO 2925,Kenya,Human Rights,https://www.google.com/search?q=Global+Impact+NGO+2925+ngo+work&tbm=isch
2926,Global Impact NGO 2926,Germany,Health,https://www.google.com/search?q=Global+Impact+NGO+2926+ngo+work&tbm=isch
2927,Global Impact NGO 2927,Kenya,Education,https://www.google.com/search?q=Global+Impact+NGO+2927+ngo+work&tbm=isch
2928,Global Impact NGO 2928,South Africa,Health,https://www.google.com/search?q=Global+Impact+NGO+2928+ngo+work&tbm=isch
2929,Global Impact NGO 2929,South Africa,Environment,https://www.google.com/search?q=Global+Impact+NGO+2929+ngo+work&tbm=isch
2930,Global Impact NGO 2930,Germany,Education,https://www.google.com/search?q=Global+Impact+NGO+2930+ngo+work&tbm=isch
2931,Global Impact NGO 2931,Australia,Health,https://www.google.com/search?q=Global+Impact+NGO+2931+ngo+work&tbm=isch
2932,Global Impact NGO 2932,South Africa,Health,https://www.google.com/search?q=Global+Impact+NGO+2932+ngo+work&tbm=isch
2933,Global Impact NGO 2933,India,Child Welfare,https://www.google.com/search?q=Global+Impact+NGO+2933+ngo+work&tbm=isch
2934,Global Impact NGO 2934,UK,Poverty Relief,https://www.google.com/search?q=Global+Impact+NGO+2934+ngo+work&tbm=isch
2935,Global Impact NGO 2935,India,Child Welfare,https://www.google.com/search?q=Global+Impact+NGO+2935+ngo+work&tbm=isch
2936,Global Impact NGO 2936,UK,Child Welfare,https://www.google.com/search?q=Global+Impact+NGO+2936+ngo+work&tbm=isch
2937,Global Impact NGO 2937,Kenya,Health,https://www.google.com/search?q=Global+Impact+NGO+2937+ngo+work&tbm=isch
2938,Global Impact NGO 2938,USA,Women Empowerment,https://www.google.com/search?q=Global+Impact+NGO+2938+ngo+work&tbm=isch
2939,Global Impact NGO 2939,UK,Poverty Relief,https://www.google.com/search?q=Global+Impact+NGO+2939+ngo+work&tbm=isch
2940,Global Impact NGO 2940,USA,Child Welfare,https://www.google.com/search?q=Global+Impact+NGO+2940+ngo+work&tbm=isch
2941,Global Impact NGO 2941,South Africa,Health,https://www.google.com/search?q=Global+Impact+NGO+2941+ngo+work&tbm=isch
2942,Global Impact NGO 2942,Canada,Human Rights,https://www.google.com/search?q=Global+Impact+NGO+2942+ngo+work&tbm=isch
2943,Global Impact NGO 2943,Brazil,Environment,https://www.google.com/search?q=Global+Impact+NGO+2943+ngo+work&tbm=isch
2944,Global Impact NGO 2944,UAE,Poverty Relief,https://www.google.com/search?q=Global+Impact+NGO+2944+ngo+work&tbm=isch
2945,Global Impact NGO 2945,UK,Education,https://www.google.com/search?q=Global+Impact+NGO+2945+ngo+work&tbm=isch
2946,Global Impact NGO 2946,Germany,Poverty Relief,https://www.google.com/search?q=Global+Impact+NGO+2946+ngo+work&tbm=isch
2947,Global Impact NGO 2947,UK,Poverty Relief,https://www.google.com/search?q=Global+Impact+NGO+2947+ngo+work&tbm=isch
2948,Global Impact NGO 2948,USA,Environment,https://www.google.com/search?q=Global+Impact+NGO+2948+ngo+work&tbm=isch
2949,Global Impact NGO 2949,Kenya,Health,https://www.google.com/search?q=Global+Impact+NGO+2949+ngo+work&tbm=isch
2950,Global Impact NGO 2950,UK,Poverty Relief,https://www.google.com/search?q=Global+Impact+NGO+2950+ngo+work&tbm=isch
2951,Global Impact NGO 2951,Germany,Environment,https://www.google.com/search?q=Global+Impact+NGO+2951+ngo+work&tbm=isch
2952,Global Impact NGO 2952,Germany,Child Welfare,https://www.google.com/search?q=Global+Impact+NGO+2952+ngo+work&tbm=isch
2953,Global Impact NGO 2953,India,Environment,https://www.google.com/search?q=Global+Impact+NGO+2953+ngo+work&tbm=isch
2954,Global Impact NGO 2954,USA,Education,https://www.google.com/search?q=Global+Impact+NGO+2954+ngo+work&tbm=isch
2955,Global Impact NGO 2955,UK,Education,https://www.google.com/search?q=Global+Impact+NGO+2955+ngo+work&tbm=isch
2956,Global Impact NGO 2956,Australia,Human Rights,https://www.google.com/search?q=Global+Impact+NGO+2956+ngo+work&tbm=isch
2957,Global Impact NGO 2957,Germany,Education,https://www.google.com/search?q=Global+Impact+NGO+2957+ngo+work&tbm=isch
2958,Global Impact NGO 2958,USA,Poverty Relief,https://www.google.com/search?q=Global+Impact+NGO+2958+ngo+work&tbm=isch
2959,Global Impact NGO 2959,Brazil,Poverty Relief,https://www.google.com/search?q=Global+Impact+NGO+2959+ngo+work&tbm=isch
2960,Global Impact NGO 2960,UAE,Poverty Relief,https://www.google.com/search?q=Global+Impact+NGO+2960+ngo+work&tbm=isch
2961,Global Impact NGO 2961,Australia,Environment,https://www.google.com/search?q=Global+Impact+NGO+2961+ngo+work&tbm=isch
2962,Global Impact NGO 2962,USA,Health,https://www.google.com/search?q=Global+Impact+NGO+2962+ngo+work&tbm=isch
2963,Global Impact NGO 2963,Brazil,Child Welfare,https://www.google.com/search?q=Global+Impact+NGO+2963+ngo+work&tbm=isch
2964,Global Impact NGO 2964,UK,Environment,https://www.google.com/search?q=Global+Impact+NGO+2964+ngo+work&tbm=isch
2965,Global Impact NGO 2965,South Africa,Poverty Relief,https://www.google.com/search?q=Global+Impact+NGO+2965+ngo+work&tbm=isch
2966,Global Impact NGO 2966,UAE,Women Empowerment,https://www.google.com/search?q=Global+Impact+NGO+2966+ngo+work&tbm=isch
2967,Global Impact NGO 2967,South Africa,Child Welfare,https://www.google.com/search?q=Global+Impact+NGO+2967+ngo+work&tbm=isch
2968,Global Impact NGO 2968,Canada,Women Empowerment,https://www.google.com/search?q=Global+Impact+NGO+2968+ngo+work&tbm=isch
2969,Global Impact NGO 2969,Australia,Education,https://www.google.com/search?q=Global+Impact+NGO+2969+ngo+work&tbm=isch
2970,Global Impact NGO 2970,UK,Child Welfare,https://www.google.com/search?q=Global+Impact+NGO+2970+ngo+work&tbm=isch
2971,Global Impact NGO 2971,Germany,Education,https://www.google.com/search?q=Global+Impact+NGO+2971+ngo+work&tbm=isch
2972,Global Impact NGO 2972,Canada,Education,https://www.google.com/search?q=Global+Impact+NGO+2972+ngo+work&tbm=isch
2973,Global Impact NGO 2973,Canada,Child Welfare,https://www.google.com/search?q=Global+Impact+NGO+2973+ngo+work&tbm=isch
2974,Global Impact NGO 2974,Canada,Child Welfare,https://www.google.com/search?q=Global+Impact+NGO+2974+ngo+work&tbm=isch
2975,Global Impact NGO 2975,India,Environment,https://www.google.com/search?q=Global+Impact+NGO+2975+ngo+work&tbm=isch
2976,Global Impact NGO 2976,Kenya,Human Rights,https://www.google.com/search?q=Global+Impact+NGO+2976+ngo+work&tbm=isch
2977,Global Impact NGO 2977,India,Human Rights,https://www.google.com/search?q=Global+Impact+NGO+2977+ngo+work&tbm=isch
2978,Global Impact NGO 2978,India,Poverty Relief,https://www.google.com/search?q=Global+Impact+NGO+2978+ngo+work&tbm=isch
2979,Global Impact NGO 2979,Kenya,Health,https://www.google.com/search?q=Global+Impact+NGO+2979+ngo+work&tbm=isch
2980,Global Impact NGO 2980,Canada,Poverty Relief,https://www.google.com/search?q=Global+Impact+NGO+2980+ngo+work&tbm=isch
2981,Global Impact NGO 2981,South Africa,Education,https://www.google.com/search?q=Global+Impact+NGO+2981+ngo+work&tbm=isch
2982,Global Impact NGO 2982,UAE,Education,https://www.google.com/search?q=Global+Impact+NGO+2982+ngo+work&tbm=isch
2983,Global Impact NGO 2983,South Africa,Poverty Relief,https://www.google.com/search?q=Global+Impact+NGO+2983+ngo+work&tbm=isch
2984,Global Impact NGO 2984,Canada,Poverty Relief,https://www.google.com/search?q=Global+Impact+NGO+2984+ngo+work&tbm=isch
2985,Global Impact NGO 2985,Canada,Child Welfare,https://www.google.com/search?q=Global+Impact+NGO+2985+ngo+work&tbm=isch
2986,Global Impact NGO 2986,Germany,Environment,https://www.google.com/search?q=Global+Impact+NGO+2986+ngo+work&tbm=isch
2987,Global Impact NGO 2987,South Africa,Human Rights,https://www.google.com/search?q=Global+Impact+NGO+2987+ngo+work&tbm=isch
2988,Global Impact NGO 2988,UAE,Human Rights,https://www.google.com/search?q=Global+Impact+NGO+2988+ngo+work&tbm=isch
2989,Global Impact NGO 2989,USA,Human Rights,https://www.google.com/search?q=Global+Impact+NGO+2989+ngo+work&tbm=isch
2990,Global Impact NGO 2990,UK,Environment,https://www.google.com/search?q=Global+Impact+NGO+2990+ngo+work&tbm=isch
2991,Global Impact NGO 2991,India,Education,https://www.google.com/search?q=Global+Impact+NGO+2991+ngo+work&tbm=isch
2992,Global Impact NGO 2992,Brazil,Health,https://www.google.com/search?q=Global+Impact+NGO+2992+ngo+work&tbm=isch
2993,Global Impact NGO 2993,UAE,Child Welfare,https://www.google.com/search?q=Global+Impact+NGO+2993+ngo+work&tbm=isch
2994,Global Impact NGO 2994,Germany,Child Welfare,https://www.google.com/search?q=Global+Impact+NGO+2994+ngo+work&tbm=isch
2995,Global Impact NGO 2995,UAE,Environment,https://www.google.com/search?q=Global+Impact+NGO+2995+ngo+work&tbm=isch
2996,Global Impact NGO 2996,USA,Human Rights,https://www.google.com/search?q=Global+Impact+NGO+2996+ngo+work&tbm=isch
2997,Global Impact NGO 2997,India,Health,https://www.google.com/search?q=Global+Impact+NGO+2997+ngo+work&tbm=isch
2998,Global Impact NGO 2998,India,Health,https://www.google.com/search?q=Global+Impact+NGO+2998+ngo+work&tbm=isch
2999,Global Impact NGO 2999,Australia,Child Welfare,https://www.google.com/search?q=Global+Impact+NGO+2999+ngo+work&tbm=isch
3000,Global Impact NGO 3000,Kenya,Environment,https://www.google.com/search?q=Global+Impact+NGO+3000+ngo+work&tbm=isch
3001,Global Impact NGO 3001,Australia,Human Rights,https://www.google.com/search?q=Global+Impact+NGO+3001+ngo+work&tbm=isch
3002,Global Impact NGO 3002,India,Education,https://www.google.com/search?q=Global+Impact+NGO+3002+ngo+work&tbm=isch
3003,Global Impact NGO 3003,Germany,Health,https://www.google.com/search?q=Global+Impact+NGO+3003+ngo+work&tbm=isch
3004,Global Impact NGO 3004,USA,Environment,https://www.google.com/search?q=Global+Impact+NGO+3004+ngo+work&tbm=isch
3005,Global Impact NGO 3005,Australia,Health,https://www.google.com/search?q=Global+Impact+NGO+3005+ngo+work&tbm=isch
3006,Global Impact NGO 3006,Brazil,Poverty Relief,https://www.google.com/search?q=Global+Impact+NGO+3006+ngo+work&tbm=isch
3007,Global Impact NGO 3007,Germany,Poverty Relief,https://www.google.com/search?q=Global+Impact+NGO+3007+ngo+work&tbm=isch
3008,Global Impact NGO 3008,Canada,Women Empowerment,https://www.google.com/search?q=Global+Impact+NGO+3008+ngo+work&tbm=isch
3009,Global Impact NGO 3009,India,Poverty Relief,https://www.google.com/search?q=Global+Impact+NGO+3009+ngo+work&tbm=isch
3010,Global Impact NGO 3010,Canada,Child Welfare,https://www.google.com/search?q=Global+Impact+NGO+3010+ngo+work&tbm=isch
3011,Global Impact NGO 3011,Brazil,Human Rights,https://www.google.com/search?q=Global+Impact+NGO+3011+ngo+work&tbm=isch
3012,Global Impact NGO 3012,Canada,Environment,https://www.google.com/search?q=Global+Impact+NGO+3012+ngo+work&tbm=isch
3013,Global Impact NGO 3013,UK,Health,https://www.google.com/search?q=Global+Impact+NGO+3013+ngo+work&tbm=isch
3014,Global Impact NGO 3014,South Africa,Child Welfare,https://www.google.com/search?q=Global+Impact+NGO+3014+ngo+work&tbm=isch
3015,Global Impact NGO 3015,South Africa,Human Rights,https://www.google.com/search?q=Global+Impact+NGO+3015+ngo+work&tbm=isch
3016,Global Impact NGO 3016,South Africa,Education,https://www.google.com/search?q=Global+Impact+NGO+3016+ngo+work&tbm=isch
3017,Global Impact NGO 3017,UK,Poverty Relief,https://www.google.com/search?q=Global+Impact+NGO+3017+ngo+work&tbm=isch
3018,Global Impact NGO 3018,USA,Education,https://www.google.com/search?q=Global+Impact+NGO+3018+ngo+work&tbm=isch
3019,Global Impact NGO 3019,Australia,Education,https://www.google.com/search?q=Global+Impact+NGO+3019+ngo+work&tbm=isch
3020,Global Impact NGO 3020,USA,Education,https://www.google.com/search?q=Global+Impact+NGO+3020+ngo+work&tbm=isch
3021,Global Impact NGO 3021,India,Environment,https://www.google.com/search?q=Global+Impact+NGO+3021+ngo+work&tbm=isch
3022,Global Impact NGO 3022,USA,Child Welfare,https://www.google.com/search?q=Global+Impact+NGO+3022+ngo+work&tbm=isch
3023,Global Impact NGO 3023,Germany,Health,https://www.google.com/search?q=Global+Impact+NGO+3023+ngo+work&tbm=isch
3024,Global Impact NGO 3024,Canada,Health,https://www.google.com/search?q=Global+Impact+NGO+3024+ngo+work&tbm=isch
3025,Global Impact NGO 3025,Kenya,Education,https://www.google.com/search?q=Global+Impact+NGO+3025+ngo+work&tbm=isch
3026,Global Impact NGO 3026,UK,Education,https://www.google.com/search?q=Global+Impact+NGO+3026+ngo+work&tbm=isch
3027,Global Impact NGO 3027,UK,Child Welfare,https://www.google.com/search?q=Global+Impact+NGO+3027+ngo+work&tbm=isch
3028,Global Impact NGO 3028,USA,Education,https://www.google.com/search?q=Global+Impact+NGO+3028+ngo+work&tbm=isch
3029,Global Impact NGO 3029,Brazil,Women Empowerment,https://www.google.com/search?q=Global+Impact+NGO+3029+ngo+work&tbm=isch
3030,Global Impact NGO 3030,India,Health,https://www.google.com/search?q=Global+Impact+NGO+3030+ngo+work&tbm=isch
3031,Global Impact NGO 3031,South Africa,Health,https://www.google.com/search?q=Global+Impact+NGO+3031+ngo+work&tbm=isch
3032,Global Impact NGO 3032,USA,Women Empowerment,https://www.google.com/search?q=Global+Impact+NGO+3032+ngo+work&tbm=isch
3033,Global Impact NGO 3033,South Africa,Environment,https://www.google.com/search?q=Global+Impact+NGO+3033+ngo+work&tbm=isch
3034,Global Impact NGO 3034,UAE,Poverty Relief,https://www.google.com/search?q=Global+Impact+NGO+3034+ngo+work&tbm=isch
3035,Global Impact NGO 3035,India,Child Welfare,https://www.google.com/search?q=Global+Impact+NGO+3035+ngo+work&tbm=isch
3036,Global Impact NGO 3036,UAE,Human Rights,https://www.google.com/search?q=Global+Impact+NGO+3036+ngo+work&tbm=isch
3037,Global Impact NGO 3037,Brazil,Human Rights,https://www.google.com/search?q=Global+Impact+NGO+3037+ngo+work&tbm=isch
3038,Global Impact NGO 3038,South Africa,Women Empowerment,https://www.google.com/search?q=Global+Impact+NGO+3038+ngo+work&tbm=isch
3039,Global Impact NGO 3039,Canada,Women Empowerment,https://www.google.com/search?q=Global+Impact+NGO+3039+ngo+work&tbm=isch
3040,Global Impact NGO 3040,Australia,Environment,https://www.google.com/search?q=Global+Impact+NGO+3040+ngo+work&tbm=isch
3041,Global Impact NGO 3041,USA,Environment,https://www.google.com/search?q=Global+Impact+NGO+3041+ngo+work&tbm=isch
3042,Global Impact NGO 3042,South Africa,Child Welfare,https://www.google.com/search?q=Global+Impact+NGO+3042+ngo+work&tbm=isch
3043,Global Impact NGO 3043,Brazil,Poverty Relief,https://www.google.com/search?q=Global+Impact+NGO+3043+ngo+work&tbm=isch
3044,Global Impact NGO 3044,Germany,Education,https://www.google.com/search?q=Global+Impact+NGO+3044+ngo+work&tbm=isch
3045,Global Impact NGO 3045,USA,Child Welfare,https://www.google.com/search?q=Global+Impact+NGO+3045+ngo+work&tbm=isch
3046,Global Impact NGO 3046,India,Education,https://www.google.com/search?q=Global+Impact+NGO+3046+ngo+work&tbm=isch
3047,Global Impact NGO 3047,Brazil,Poverty Relief,https://www.google.com/search?q=Global+Impact+NGO+3047+ngo+work&tbm=isch
3048,Global Impact NGO 3048,UAE,Poverty Relief,https://www.google.com/search?q=Global+Impact+NGO+3048+ngo+work&tbm=isch
3049,Global Impact NGO 3049,Brazil,Health,https://www.google.com/search?q=Global+Impact+NGO+3049+ngo+work&tbm=isch
3050,Global Impact NGO 3050,Kenya,Education,https://www.google.com/search?q=Global+Impact+NGO+3050+ngo+work&tbm=isch
3051,Global Impact NGO 3051,Kenya,Women Empowerment,https://www.google.com/search?q=Global+Impact+NGO+3051+ngo+work&tbm=isch
3052,Global Impact NGO 3052,UK,Poverty Relief,https://www.google.com/search?q=Global+Impact+NGO+3052+ngo+work&tbm=isch
3053,Global Impact NGO 3053,South Africa,Education,https://www.google.com/search?q=Global+Impact+NGO+3053+ngo+work&tbm=isch
3054,Global Impact NGO 3054,Canada,Child Welfare,https://www.google.com/search?q=Global+Impact+NGO+3054+ngo+work&tbm=isch
3055,Global Impact NGO 3055,UK,Environment,https://www.google.com/search?q=Global+Impact+NGO+3055+ngo+work&tbm=isch
3056,Global Impact NGO 3056,UK,Education,https://www.google.com/search?q=Global+Impact+NGO+3056+ngo+work&tbm=isch
3057,Global Impact NGO 3057,UK,Environment,https://www.google.com/search?q=Global+Impact+NGO+3057+ngo+work&tbm=isch
3058,Global Impact NGO 3058,India,Education,https://www.google.com/search?q=Global+Impact+NGO+3058+ngo+work&tbm=isch
3059,Global Impact NGO 3059,UK,Health,https://www.google.com/search?q=Global+Impact+NGO+3059+ngo+work&tbm=isch
3060,Global Impact NGO 3060,Brazil,Health,https://www.google.com/search?q=Global+Impact+NGO+3060+ngo+work&tbm=isch
3061,Global Impact NGO 3061,Brazil,Women Empowerment,https://www.google.com/search?q=Global+Impact+NGO+3061+ngo+work&tbm=isch
3062,Global Impact NGO 3062,South Africa,Child Welfare,https://www.google.com/search?q=Global+Impact+NGO+3062+ngo+work&tbm=isch
3063,Global Impact NGO 3063,Brazil,Education,https://www.google.com/search?q=Global+Impact+NGO+3063+ngo+work&tbm=isch
3064,Global Impact NGO 3064,Germany,Health,https://www.google.com/search?q=Global+Impact+NGO+3064+ngo+work&tbm=isch
3065,Global Impact NGO 3065,India,Health,https://www.google.com/search?q=Global+Impact+NGO+3065+ngo+work&tbm=isch
3066,Global Impact NGO 3066,Kenya,Environment,https://www.google.com/search?q=Global+Impact+NGO+3066+ngo+work&tbm=isch
3067,Global Impact NGO 3067,South Africa,Human Rights,https://www.google.com/search?q=Global+Impact+NGO+3067+ngo+work&tbm=isch
3068,Global Impact NGO 3068,India,Health,https://www.google.com/search?q=Global+Impact+NGO+3068+ngo+work&tbm=isch
3069,Global Impact NGO 3069,Australia,Health,https://www.google.com/search?q=Global+Impact+NGO+3069+ngo+work&tbm=isch
3070,Global Impact NGO 3070,UAE,Health,https://www.google.com/search?q=Global+Impact+NGO+3070+ngo+work&tbm=isch
3071,Global Impact NGO 3071,India,Women Empowerment,https://www.google.com/search?q=Global+Impact+NGO+3071+ngo+work&tbm=isch
3072,Global Impact NGO 3072,UK,Environment,https://www.google.com/search?q=Global+Impact+NGO+3072+ngo+work&tbm=isch
3073,Global Impact NGO 3073,UK,Poverty Relief,https://www.google.com/search?q=Global+Impact+NGO+3073+ngo+work&tbm=isch
3074,Global Impact NGO 3074,Australia,Environment,https://www.google.com/search?q=Global+Impact+NGO+3074+ngo+work&tbm=isch
3075,Global Impact NGO 3075,UK,Women Empowerment,https://www.google.com/search?q=Global+Impact+NGO+3075+ngo+work&tbm=isch
3076,Global Impact NGO 3076,South Africa,Human Rights,https://www.google.com/search?q=Global+Impact+NGO+3076+ngo+work&tbm=isch
3077,Global Impact NGO 3077,UK,Health,https://www.google.com/search?q=Global+Impact+NGO+3077+ngo+work&tbm=isch
3078,Global Impact NGO 3078,Germany,Environment,https://www.google.com/search?q=Global+Impact+NGO+3078+ngo+work&tbm=isch
3079,Global Impact NGO 3079,Canada,Health,https://www.google.com/search?q=Global+Impact+NGO+3079+ngo+work&tbm=isch
3080,Global Impact NGO 3080,USA,Education,https://www.google.com/search?q=Global+Impact+NGO+3080+ngo+work&tbm=isch
3081,Global Impact NGO 3081,Kenya,Education,https://www.google.com/search?q=Global+Impact+NGO+3081+ngo+work&tbm=isch
3082,Global Impact NGO 3082,Canada,Environment,https://www.google.com/search?q=Global+Impact+NGO+3082+ngo+work&tbm=isch
3083,Global Impact NGO 3083,Canada,Health,https://www.google.com/search?q=Global+Impact+NGO+3083+ngo+work&tbm=isch
3084,Global Impact NGO 3084,USA,Health,https://www.google.com/search?q=Global+Impact+NGO+3084+ngo+work&tbm=isch
3085,Global Impact NGO 3085,India,Education,https://www.google.com/search?q=Global+Impact+NGO+3085+ngo+work&tbm=isch
3086,Global Impact NGO 3086,Australia,Health,https://www.google.com/search?q=Global+Impact+NGO+3086+ngo+work&tbm=isch
3087,Global Impact NGO 3087,Brazil,Human Rights,https://www.google.com/search?q=Global+Impact+NGO+3087+ngo+work&tbm=isch
3088,Global Impact NGO 3088,Brazil,Education,https://www.google.com/search?q=Global+Impact+NGO+3088+ngo+work&tbm=isch
3089,Global Impact NGO 3089,UAE,Women Empowerment,https://www.google.com/search?q=Global+Impact+NGO+3089+ngo+work&tbm=isch
3090,Global Impact NGO 3090,USA,Child Welfare,https://www.google.com/search?q=Global+Impact+NGO+3090+ngo+work&tbm=isch
3091,Global Impact NGO 3091,South Africa,Child Welfare,https://www.google.com/search?q=Global+Impact+NGO+3091+ngo+work&tbm=isch
3092,Global Impact NGO 3092,USA,Health,https://www.google.com/search?q=Global+Impact+NGO+3092+ngo+work&tbm=isch
3093,Global Impact NGO 3093,Brazil,Poverty Relief,https://www.google.com/search?q=Global+Impact+NGO+3093+ngo+work&tbm=isch
3094,Global Impact NGO 3094,India,Human Rights,https://www.google.com/search?q=Global+Impact+NGO+3094+ngo+work&tbm=isch
3095,Global Impact NGO 3095,Canada,Women Empowerment,https://www.google.com/search?q=Global+Impact+NGO+3095+ngo+work&tbm=isch
3096,Global Impact NGO 3096,UK,Environment,https://www.google.com/search?q=Global+Impact+NGO+3096+ngo+work&tbm=isch
3097,Global Impact NGO 3097,Australia,Health,https://www.google.com/search?q=Global+Impact+NGO+3097+ngo+work&tbm=isch
3098,Global Impact NGO 3098,Canada,Health,https://www.google.com/search?q=Global+Impact+NGO+3098+ngo+work&tbm=isch
3099,Global Impact NGO 3099,India,Education,https://www.google.com/search?q=Global+Impact+NGO+3099+ngo+work&tbm=isch
3100,Global Impact NGO 3100,USA,Health,https://www.google.com/search?q=Global+Impact+NGO+3100+ngo+work&tbm=isch
3101,Global Impact NGO 3101,Germany,Human Rights,https://www.google.com/search?q=Global+Impact+NGO+3101+ngo+work&tbm=isch
3102,Global Impact NGO 3102,Brazil,Poverty Relief,https://www.google.com/search?q=Global+Impact+NGO+3102+ngo+work&tbm=isch
3103,Global Impact NGO 3103,Germany,Environment,https://www.google.com/search?q=Global+Impact+NGO+3103+ngo+work&tbm=isch
3104,Global Impact NGO 3104,Australia,Human Rights,https://www.google.com/search?q=Global+Impact+NGO+3104+ngo+work&tbm=isch
3105,Global Impact NGO 3105,South Africa,Environment,https://www.google.com/search?q=Global+Impact+NGO+3105+ngo+work&tbm=isch
3106,Global Impact NGO 3106,Canada,Environment,https://www.google.com/search?q=Global+Impact+NGO+3106+ngo+work&tbm=isch
3107,Global Impact NGO 3107,Brazil,Human Rights,https://www.google.com/search?q=Global+Impact+NGO+3107+ngo+work&tbm=isch
3108,Global Impact NGO 3108,UK,Poverty Relief,https://www.google.com/search?q=Global+Impact+NGO+3108+ngo+work&tbm=isch
3109,Global Impact NGO 3109,UAE,Health,https://www.google.com/search?q=Global+Impact+NGO+3109+ngo+work&tbm=isch
3110,Global Impact NGO 3110,UK,Health,https://www.google.com/search?q=Global+Impact+NGO+3110+ngo+work&tbm=isch
3111,Global Impact NGO 3111,Australia,Poverty Relief,https://www.google.com/search?q=Global+Impact+NGO+3111+ngo+work&tbm=isch
3112,Global Impact NGO 3112,India,Women Empowerment,https://www.google.com/search?q=Global+Impact+NGO+3112+ngo+work&tbm=isch
3113,Global Impact NGO 3113,Kenya,Health,https://www.google.com/search?q=Global+Impact+NGO+3113+ngo+work&tbm=isch
3114,Global Impact NGO 3114,UK,Environment,https://www.google.com/search?q=Global+Impact+NGO+3114+ngo+work&tbm=isch
3115,Global Impact NGO 3115,UK,Education,https://www.google.com/search?q=Global+Impact+NGO+3115+ngo+work&tbm=isch
3116,Global Impact NGO 3116,USA,Women Empowerment,https://www.google.com/search?q=Global+Impact+NGO+3116+ngo+work&tbm=isch
3117,Global Impact NGO 3117,Kenya,Poverty Relief,https://www.google.com/search?q=Global+Impact+NGO+3117+ngo+work&tbm=isch
3118,Global Impact NGO 3118,Brazil,Education,https://www.google.com/search?q=Global+Impact+NGO+3118+ngo+work&tbm=isch
3119,Global Impact NGO 3119,UAE,Education,https://www.google.com/search?q=Global+Impact+NGO+3119+ngo+work&tbm=isch
3120,Global Impact NGO 3120,USA,Environment,https://www.google.com/search?q=Global+Impact+NGO+3120+ngo+work&tbm=isch
3121,Global Impact NGO 3121,Brazil,Environment,https://www.google.com/search?q=Global+Impact+NGO+3121+ngo+work&tbm=isch
3122,Global Impact NGO 3122,Australia,Human Rights,https://www.google.com/search?q=Global+Impact+NGO+3122+ngo+work&tbm=isch
3123,Global Impact NGO 3123,Germany,Poverty Relief,https://www.google.com/search?q=Global+Impact+NGO+3123+ngo+work&tbm=isch
3124,Global Impact NGO 3124,Australia,Human Rights,https://www.google.com/search?q=Global+Impact+NGO+3124+ngo+work&tbm=isch
3125,Global Impact NGO 3125,UAE,Poverty Relief,https://www.google.com/search?q=Global+Impact+NGO+3125+ngo+work&tbm=isch
3126,Global Impact NGO 3126,Australia,Human Rights,https://www.google.com/search?q=Global+Impact+NGO+3126+ngo+work&tbm=isch
3127,Global Impact NGO 3127,Germany,Environment,https://www.google.com/search?q=Global+Impact+NGO+3127+ngo+work&tbm=isch
3128,Global Impact NGO 3128,South Africa,Women Empowerment,https://www.google.com/search?q=Global+Impact+NGO+3128+ngo+work&tbm=isch
3129,Global Impact NGO 3129,Canada,Child Welfare,https://www.google.com/search?q=Global+Impact+NGO+3129+ngo+work&tbm=isch
3130,Global Impact NGO 3130,South Africa,Health,https://www.google.com/search?q=Global+Impact+NGO+3130+ngo+work&tbm=isch
3131,Global Impact NGO 3131,Germany,Environment,https://www.google.com/search?q=Global+Impact+NGO+3131+ngo+work&tbm=isch
3132,Global Impact NGO 3132,Brazil,Education,https://www.google.com/search?q=Global+Impact+NGO+3132+ngo+work&tbm=isch
3133,Global Impact NGO 3133,UK,Poverty Relief,https://www.google.com/search?q=Global+Impact+NGO+3133+ngo+work&tbm=isch
3134,Global Impact NGO 3134,Brazil,Poverty Relief,https://www.google.com/search?q=Global+Impact+NGO+3134+ngo+work&tbm=isch
3135,Global Impact NGO 3135,UK,Poverty Relief,https://www.google.com/search?q=Global+Impact+NGO+3135+ngo+work&tbm=isch
3136,Global Impact NGO 3136,Brazil,Child Welfare,https://www.google.com/search?q=Global+Impact+NGO+3136+ngo+work&tbm=isch
3137,Global Impact NGO 3137,Canada,Environment,https://www.google.com/search?q=Global+Impact+NGO+3137+ngo+work&tbm=isch
3138,Global Impact NGO 3138,South Africa,Poverty Relief,https://www.google.com/search?q=Global+Impact+NGO+3138+ngo+work&tbm=isch
3139,Global Impact NGO 3139,Brazil,Education,https://www.google.com/search?q=Global+Impact+NGO+3139+ngo+work&tbm=isch
3140,Global Impact NGO 3140,India,Environment,https://www.google.com/search?q=Global+Impact+NGO+3140+ngo+work&tbm=isch
3141,Global Impact NGO 3141,USA,Child Welfare,https://www.google.com/search?q=Global+Impact+NGO+3141+ngo+work&tbm=isch
3142,Global Impact NGO 3142,Brazil,Child Welfare,https://www.google.com/search?q=Global+Impact+NGO+3142+ngo+work&tbm=isch
3143,Global Impact NGO 3143,India,Child Welfare,https://www.google.com/search?q=Global+Impact+NGO+3143+ngo+work&tbm=isch
3144,Global Impact NGO 3144,Germany,Child Welfare,https://www.google.com/search?q=Global+Impact+NGO+3144+ngo+work&tbm=isch
3145,Global Impact NGO 3145,Brazil,Women Empowerment,https://www.google.com/search?q=Global+Impact+NGO+3145+ngo+work&tbm=isch
3146,Global Impact NGO 3146,South Africa,Human Rights,https://www.google.com/search?q=Global+Impact+NGO+3146+ngo+work&tbm=isch
3147,Global Impact NGO 3147,Germany,Environment,https://www.google.com/search?q=Global+Impact+NGO+3147+ngo+work&tbm=isch
3148,Global Impact NGO 3148,Australia,Education,https://www.google.com/search?q=Global+Impact+NGO+3148+ngo+work&tbm=isch
3149,Global Impact NGO 3149,South Africa,Child Welfare,https://www.google.com/search?q=Global+Impact+NGO+3149+ngo+work&tbm=isch
3150,Global Impact NGO 3150,India,Child Welfare,https://www.google.com/search?q=Global+Impact+NGO+3150+ngo+work&tbm=isch
3151,Global Impact NGO 3151,Brazil,Women Empowerment,https://www.google.com/search?q=Global+Impact+NGO+3151+ngo+work&tbm=isch
3152,Global Impact NGO 3152,UAE,Health,https://www.google.com/search?q=Global+Impact+NGO+3152+ngo+work&tbm=isch
3153,Global Impact NGO 3153,Germany,Poverty Relief,https://www.google.com/search?q=Global+Impact+NGO+3153+ngo+work&tbm=isch
3154,Global Impact NGO 3154,Germany,Child Welfare,https://www.google.com/search?q=Global+Impact+NGO+3154+ngo+work&tbm=isch
3155,Global Impact NGO 3155,UK,Women Empowerment,https://www.google.com/search?q=Global+Impact+NGO+3155+ngo+work&tbm=isch
3156,Global Impact NGO 3156,Kenya,Women Empowerment,https://www.google.com/search?q=Global+Impact+NGO+3156+ngo+work&tbm=isch
3157,Global Impact NGO 3157,India,Child Welfare,https://www.google.com/search?q=Global+Impact+NGO+3157+ngo+work&tbm=isch
3158,Global Impact NGO 3158,Kenya,Women Empowerment,https://www.google.com/search?q=Global+Impact+NGO+3158+ngo+work&tbm=isch
3159,Global Impact NGO 3159,Kenya,Health,https://www.google.com/search?q=Global+Impact+NGO+3159+ngo+work&tbm=isch
3160,Global Impact NGO 3160,UK,Health,https://www.google.com/search?q=Global+Impact+NGO+3160+ngo+work&tbm=isch
3161,Global Impact NGO 3161,UK,Education,https://www.google.com/search?q=Global+Impact+NGO+3161+ngo+work&tbm=isch
3162,Global Impact NGO 3162,India,Poverty Relief,https://www.google.com/search?q=Global+Impact+NGO+3162+ngo+work&tbm=isch
3163,Global Impact NGO 3163,South Africa,Human Rights,https://www.google.com/search?q=Global+Impact+NGO+3163+ngo+work&tbm=isch
3164,Global Impact NGO 3164,Kenya,Education,https://www.google.com/search?q=Global+Impact+NGO+3164+ngo+work&tbm=isch
3165,Global Impact NGO 3165,Canada,Poverty Relief,https://www.google.com/search?q=Global+Impact+NGO+3165+ngo+work&tbm=isch
3166,Global Impact NGO 3166,Kenya,Education,https://www.google.com/search?q=Global+Impact+NGO+3166+ngo+work&tbm=isch
3167,Global Impact NGO 3167,UK,Environment,https://www.google.com/search?q=Global+Impact+NGO+3167+ngo+work&tbm=isch
3168,Global Impact NGO 3168,India,Human Rights,https://www.google.com/search?q=Global+Impact+NGO+3168+ngo+work&tbm=isch
3169,Global Impact NGO 3169,South Africa,Women Empowerment,https://www.google.com/search?q=Global+Impact+NGO+3169+ngo+work&tbm=isch
3170,Global Impact NGO 3170,UAE,Education,https://www.google.com/search?q=Global+Impact+NGO+3170+ngo+work&tbm=isch
3171,Global Impact NGO 3171,USA,Human Rights,https://www.google.com/search?q=Global+Impact+NGO+3171+ngo+work&tbm=isch
3172,Global Impact NGO 3172,USA,Human Rights,https://www.google.com/search?q=Global+Impact+NGO+3172+ngo+work&tbm=isch
3173,Global Impact NGO 3173,Australia,Health,https://www.google.com/search?q=Global+Impact+NGO+3173+ngo+work&tbm=isch
3174,Global Impact NGO 3174,Germany,Women Empowerment,https://www.google.com/search?q=Global+Impact+NGO+3174+ngo+work&tbm=isch
3175,Global Impact NGO 3175,UK,Poverty Relief,https://www.google.com/search?q=Global+Impact+NGO+3175+ngo+work&tbm=isch
3176,Global Impact NGO 3176,UK,Poverty Relief,https://www.google.com/search?q=Global+Impact+NGO+3176+ngo+work&tbm=isch
3177,Global Impact NGO 3177,Australia,Education,https://www.google.com/search?q=Global+Impact+NGO+3177+ngo+work&tbm=isch
3178,Global Impact NGO 3178,Brazil,Poverty Relief,https://www.google.com/search?q=Global+Impact+NGO+3178+ngo+work&tbm=isch
3179,Global Impact NGO 3179,UK,Education,https://www.google.com/search?q=Global+Impact+NGO+3179+ngo+work&tbm=isch
3180,Global Impact NGO 3180,Kenya,Education,https://www.google.com/search?q=Global+Impact+NGO+3180+ngo+work&tbm=isch
3181,Global Impact NGO 3181,UK,Human Rights,https://www.google.com/search?q=Global+Impact+NGO+3181+ngo+work&tbm=isch
3182,Global Impact NGO 3182,South Africa,Women Empowerment,https://www.google.com/search?q=Global+Impact+NGO+3182+ngo+work&tbm=isch
3183,Global Impact NGO 3183,USA,Health,https://www.google.com/search?q=Global+Impact+NGO+3183+ngo+work&tbm=isch
3184,Global Impact NGO 3184,Canada,Poverty Relief,https://www.google.com/search?q=Global+Impact+NGO+3184+ngo+work&tbm=isch
3185,Global Impact NGO 3185,UK,Education,https://www.google.com/search?q=Global+Impact+NGO+3185+ngo+work&tbm=isch
3186,Global Impact NGO 3186,USA,Health,https://www.google.com/search?q=Global+Impact+NGO+3186+ngo+work&tbm=isch
3187,Global Impact NGO 3187,South Africa,Environment,https://www.google.com/search?q=Global+Impact+NGO+3187+ngo+work&tbm=isch
3188,Global Impact NGO 3188,Brazil,Poverty Relief,https://www.google.com/search?q=Global+Impact+NGO+3188+ngo+work&tbm=isch
3189,Global Impact NGO 3189,USA,Education,https://www.google.com/search?q=Global+Impact+NGO+3189+ngo+work&tbm=isch
3190,Global Impact NGO 3190,India,Environment,https://www.google.com/search?q=Global+Impact+NGO+3190+ngo+work&tbm=isch
3191,Global Impact NGO 3191,Germany,Poverty Relief,https://www.google.com/search?q=Global+Impact+NGO+3191+ngo+work&tbm=isch
3192,Global Impact NGO 3192,Canada,Women Empowerment,https://www.google.com/search?q=Global+Impact+NGO+3192+ngo+work&tbm=isch
3193,Global Impact NGO 3193,India,Human Rights,https://www.google.com/search?q=Global+Impact+NGO+3193+ngo+work&tbm=isch
3194,Global Impact NGO 3194,Kenya,Poverty Relief,https://www.google.com/search?q=Global+Impact+NGO+3194+ngo+work&tbm=isch
3195,Global Impact NGO 3195,UK,Child Welfare,https://www.google.com/search?q=Global+Impact+NGO+3195+ngo+work&tbm=isch
3196,Global Impact NGO 3196,Canada,Environment,https://www.google.com/search?q=Global+Impact+NGO+3196+ngo+work&tbm=isch
3197,Global Impact NGO 3197,UK,Women Empowerment,https://www.google.com/search?q=Global+Impact+NGO+3197+ngo+work&tbm=isch
3198,Global Impact NGO 3198,Brazil,Human Rights,https://www.google.com/search?q=Global+Impact+NGO+3198+ngo+work&tbm=isch
3199,Global Impact NGO 3199,Brazil,Child Welfare,https://www.google.com/search?q=Global+Impact+NGO+3199+ngo+work&tbm=isch
3200,Global Impact NGO 3200,Canada,Poverty Relief,https://www.google.com/search?q=Global+Impact+NGO+3200+ngo+work&tbm=isch
3201,Global Impact NGO 3201,South Africa,Poverty Relief,https://www.google.com/search?q=Global+Impact+NGO+3201+ngo+work&tbm=isch
3202,Global Impact NGO 3202,South Africa,Health,https://www.google.com/search?q=Global+Impact+NGO+3202+ngo+work&tbm=isch
3203,Global Impact NGO 3203,Kenya,Women Empowerment,https://www.google.com/search?q=Global+Impact+NGO+3203+ngo+work&tbm=isch
3204,Global Impact NGO 3204,UAE,Health,https://www.google.com/search?q=Global+Impact+NGO+3204+ngo+work&tbm=isch
3205,Global Impact NGO 3205,Brazil,Poverty Relief,https://www.google.com/search?q=Global+Impact+NGO+3205+ngo+work&tbm=isch
3206,Global Impact NGO 3206,USA,Human Rights,https://www.google.com/search?q=Global+Impact+NGO+3206+ngo+work&tbm=isch
3207,Global Impact NGO 3207,India,Education,https://www.google.com/search?q=Global+Impact+NGO+3207+ngo+work&tbm=isch
3208,Global Impact NGO 3208,UAE,Child Welfare,https://www.google.com/search?q=Global+Impact+NGO+3208+ngo+work&tbm=isch
3209,Global Impact NGO 3209,UK,Education,https://www.google.com/search?q=Global+Impact+NGO+3209+ngo+work&tbm=isch
3210,Global Impact NGO 3210,India,Health,https://www.google.com/search?q=Global+Impact+NGO+3210+ngo+work&tbm=isch
3211,Global Impact NGO 3211,Canada,Environment,https://www.google.com/search?q=Global+Impact+NGO+3211+ngo+work&tbm=isch
3212,Global Impact NGO 3212,UAE,Education,https://www.google.com/search?q=Global+Impact+NGO+3212+ngo+work&tbm=isch
3213,Global Impact NGO 3213,India,Health,https://www.google.com/search?q=Global+Impact+NGO+3213+ngo+work&tbm=isch
3214,Global Impact NGO 3214,Germany,Education,https://www.google.com/search?q=Global+Impact+NGO+3214+ngo+work&tbm=isch
3215,Global Impact NGO 3215,Australia,Women Empowerment,https://www.google.com/search?q=Global+Impact+NGO+3215+ngo+work&tbm=isch
3216,Global Impact NGO 3216,USA,Poverty Relief,https://www.google.com/search?q=Global+Impact+NGO+3216+ngo+work&tbm=isch
3217,Global Impact NGO 3217,UK,Child Welfare,https://www.google.com/search?q=Global+Impact+NGO+3217+ngo+work&tbm=isch
3218,Global Impact NGO 3218,Australia,Human Rights,https://www.google.com/search?q=Global+Impact+NGO+3218+ngo+work&tbm=isch
3219,Global Impact NGO 3219,USA,Child Welfare,https://www.google.com/search?q=Global+Impact+NGO+3219+ngo+work&tbm=isch
3220,Global Impact NGO 3220,Germany,Environment,https://www.google.com/search?q=Global+Impact+NGO+3220+ngo+work&tbm=isch
3221,Global Impact NGO 3221,Australia,Child Welfare,https://www.google.com/search?q=Global+Impact+NGO+3221+ngo+work&tbm=isch
3222,Global Impact NGO 3222,UAE,Child Welfare,https://www.google.com/search?q=Global+Impact+NGO+3222+ngo+work&tbm=isch
3223,Global Impact NGO 3223,Kenya,Child Welfare,https://www.google.com/search?q=Global+Impact+NGO+3223+ngo+work&tbm=isch
3224,Global Impact NGO 3224,UAE,Health,https://www.google.com/search?q=Global+Impact+NGO+3224+ngo+work&tbm=isch
3225,Global Impact NGO 3225,UAE,Child Welfare,https://www.google.com/search?q=Global+Impact+NGO+3225+ngo+work&tbm=isch
3226,Global Impact NGO 3226,Germany,Education,https://www.google.com/search?q=Global+Impact+NGO+3226+ngo+work&tbm=isch
3227,Global Impact NGO 3227,India,Education,https://www.google.com/search?q=Global+Impact+NGO+3227+ngo+work&tbm=isch
3228,Global Impact NGO 3228,USA,Education,https://www.google.com/search?q=Global+Impact+NGO+3228+ngo+work&tbm=isch
3229,Global Impact NGO 3229,UK,Human Rights,https://www.google.com/search?q=Global+Impact+NGO+3229+ngo+work&tbm=isch
3230,Global Impact NGO 3230,Canada,Child Welfare,https://www.google.com/search?q=Global+Impact+NGO+3230+ngo+work&tbm=isch
3231,Global Impact NGO 3231,UAE,Child Welfare,https://www.google.com/search?q=Global+Impact+NGO+3231+ngo+work&tbm=isch
3232,Global Impact NGO 3232,India,Poverty Relief,https://www.google.com/search?q=Global+Impact+NGO+3232+ngo+work&tbm=isch
3233,Global Impact NGO 3233,Germany,Human Rights,https://www.google.com/search?q=Global+Impact+NGO+3233+ngo+work&tbm=isch
3234,Global Impact NGO 3234,Kenya,Poverty Relief,https://www.google.com/search?q=Global+Impact+NGO+3234+ngo+work&tbm=isch
3235,Global Impact NGO 3235,UK,Child Welfare,https://www.google.com/search?q=Global+Impact+NGO+3235+ngo+work&tbm=isch
3236,Global Impact NGO 3236,UAE,Women Empowerment,https://www.google.com/search?q=Global+Impact+NGO+3236+ngo+work&tbm=isch
3237,Global Impact NGO 3237,USA,Child Welfare,https://www.google.com/search?q=Global+Impact+NGO+3237+ngo+work&tbm=isch
3238,Global Impact NGO 3238,South Africa,Health,https://www.google.com/search?q=Global+Impact+NGO+3238+ngo+work&tbm=isch
3239,Global Impact NGO 3239,UK,Poverty Relief,https://www.google.com/search?q=Global+Impact+NGO+3239+ngo+work&tbm=isch
3240,Global Impact NGO 3240,South Africa,Poverty Relief,https://www.google.com/search?q=Global+Impact+NGO+3240+ngo+work&tbm=isch
3241,Global Impact NGO 3241,UAE,Human Rights,https://www.google.com/search?q=Global+Impact+NGO+3241+ngo+work&tbm=isch
3242,Global Impact NGO 3242,USA,Human Rights,https://www.google.com/search?q=Global+Impact+NGO+3242+ngo+work&tbm=isch
3243,Global Impact NGO 3243,Germany,Poverty Relief,https://www.google.com/search?q=Global+Impact+NGO+3243+ngo+work&tbm=isch
3244,Global Impact NGO 3244,UAE,Child Welfare,https://www.google.com/search?q=Global+Impact+NGO+3244+ngo+work&tbm=isch
3245,Global Impact NGO 3245,Kenya,Education,https://www.google.com/search?q=Global+Impact+NGO+3245+ngo+work&tbm=isch
3246,Global Impact NGO 3246,Australia,Child Welfare,https://www.google.com/search?q=Global+Impact+NGO+3246+ngo+work&tbm=isch
3247,Global Impact NGO 3247,Australia,Child Welfare,https://www.google.com/search?q=Global+Impact+NGO+3247+ngo+work&tbm=isch
3248,Global Impact NGO 3248,Germany,Child Welfare,https://www.google.com/search?q=Global+Impact+NGO+3248+ngo+work&tbm=isch
3249,Global Impact NGO 3249,Germany,Women Empowerment,https://www.google.com/search?q=Global+Impact+NGO+3249+ngo+work&tbm=isch
3250,Global Impact NGO 3250,Canada,Education,https://www.google.com/search?q=Global+Impact+NGO+3250+ngo+work&tbm=isch
3251,Global Impact NGO 3251,Australia,Environment,https://www.google.com/search?q=Global+Impact+NGO+3251+ngo+work&tbm=isch
3252,Global Impact NGO 3252,Germany,Health,https://www.google.com/search?q=Global+Impact+NGO+3252+ngo+work&tbm=isch
3253,Global Impact NGO 3253,Australia,Health,https://www.google.com/search?q=Global+Impact+NGO+3253+ngo+work&tbm=isch
3254,Global Impact NGO 3254,USA,Child Welfare,https://www.google.com/search?q=Global+Impact+NGO+3254+ngo+work&tbm=isch
3255,Global Impact NGO 3255,India,Poverty Relief,https://www.google.com/search?q=Global+Impact+NGO+3255+ngo+work&tbm=isch
3256,Global Impact NGO 3256,USA,Environment,https://www.google.com/search?q=Global+Impact+NGO+3256+ngo+work&tbm=isch
3257,Global Impact NGO 3257,India,Poverty Relief,https://www.google.com/search?q=Global+Impact+NGO+3257+ngo+work&tbm=isch
3258,Global Impact NGO 3258,South Africa,Child Welfare,https://www.google.com/search?q=Global+Impact+NGO+3258+ngo+work&tbm=isch
3259,Global Impact NGO 3259,UK,Human Rights,https://www.google.com/search?q=Global+Impact+NGO+3259+ngo+work&tbm=isch
3260,Global Impact NGO 3260,Germany,Women Empowerment,https://www.google.com/search?q=Global+Impact+NGO+3260+ngo+work&tbm=isch
3261,Global Impact NGO 3261,Brazil,Child Welfare,https://www.google.com/search?q=Global+Impact+NGO+3261+ngo+work&tbm=isch
3262,Global Impact NGO 3262,USA,Education,https://www.google.com/search?q=Global+Impact+NGO+3262+ngo+work&tbm=isch
3263,Global Impact NGO 3263,Brazil,Human Rights,https://www.google.com/search?q=Global+Impact+NGO+3263+ngo+work&tbm=isch
3264,Global Impact NGO 3264,India,Women Empowerment,https://www.google.com/search?q=Global+Impact+NGO+3264+ngo+work&tbm=isch
3265,Global Impact NGO 3265,Germany,Women Empowerment,https://www.google.com/search?q=Global+Impact+NGO+3265+ngo+work&tbm=isch
3266,Global Impact NGO 3266,Canada,Poverty Relief,https://www.google.com/search?q=Global+Impact+NGO+3266+ngo+work&tbm=isch
3267,Global Impact NGO 3267,Canada,Women Empowerment,https://www.google.com/search?q=Global+Impact+NGO+3267+ngo+work&tbm=isch
3268,Global Impact NGO 3268,Australia,Human Rights,https://www.google.com/search?q=Global+Impact+NGO+3268+ngo+work&tbm=isch
3269,Global Impact NGO 3269,UK,Poverty Relief,https://www.google.com/search?q=Global+Impact+NGO+3269+ngo+work&tbm=isch
3270,Global Impact NGO 3270,Kenya,Women Empowerment,https://www.google.com/search?q=Global+Impact+NGO+3270+ngo+work&tbm=isch
3271,Global Impact NGO 3271,UAE,Environment,https://www.google.com/search?q=Global+Impact+NGO+3271+ngo+work&tbm=isch
3272,Global Impact NGO 3272,Kenya,Health,https://www.google.com/search?q=Global+Impact+NGO+3272+ngo+work&tbm=isch
3273,Global Impact NGO 3273,UK,Environment,https://www.google.com/search?q=Global+Impact+NGO+3273+ngo+work&tbm=isch
3274,Global Impact NGO 3274,India,Education,https://www.google.com/search?q=Global+Impact+NGO+3274+ngo+work&tbm=isch
3275,Global Impact NGO 3275,South Africa,Education,https://www.google.com/search?q=Global+Impact+NGO+3275+ngo+work&tbm=isch
3276,Global Impact NGO 3276,Kenya,Human Rights,https://www.google.com/search?q=Global+Impact+NGO+3276+ngo+work&tbm=isch
3277,Global Impact NGO 3277,UK,Poverty Relief,https://www.google.com/search?q=Global+Impact+NGO+3277+ngo+work&tbm=isch
3278,Global Impact NGO 3278,UAE,Women Empowerment,https://www.google.com/search?q=Global+Impact+NGO+3278+ngo+work&tbm=isch
3279,Global Impact NGO 3279,Kenya,Education,https://www.google.com/search?q=Global+Impact+NGO+3279+ngo+work&tbm=isch
3280,Global Impact NGO 3280,Germany,Poverty Relief,https://www.google.com/search?q=Global+Impact+NGO+3280+ngo+work&tbm=isch
3281,Global Impact NGO 3281,Kenya,Women Empowerment,https://www.google.com/search?q=Global+Impact+NGO+3281+ngo+work&tbm=isch
3282,Global Impact NGO 3282,Brazil,Education,https://www.google.com/search?q=Global+Impact+NGO+3282+ngo+work&tbm=isch
3283,Global Impact NGO 3283,Kenya,Poverty Relief,https://www.google.com/search?q=Global+Impact+NGO+3283+ngo+work&tbm=isch
3284,Global Impact NGO 3284,South Africa,Women Empowerment,https://www.google.com/search?q=Global+Impact+NGO+3284+ngo+work&tbm=isch
3285,Global Impact NGO 3285,UAE,Human Rights,https://www.google.com/search?q=Global+Impact+NGO+3285+ngo+work&tbm=isch
3286,Global Impact NGO 3286,Kenya,Environment,https://www.google.com/search?q=Global+Impact+NGO+3286+ngo+work&tbm=isch
3287,Global Impact NGO 3287,UK,Poverty Relief,https://www.google.com/search?q=Global+Impact+NGO+3287+ngo+work&tbm=isch
3288,Global Impact NGO 3288,USA,Child Welfare,https://www.google.com/search?q=Global+Impact+NGO+3288+ngo+work&tbm=isch
3289,Global Impact NGO 3289,Germany,Education,https://www.google.com/search?q=Global+Impact+NGO+3289+ngo+work&tbm=isch
3290,Global Impact NGO 3290,USA,Child Welfare,https://www.google.com/search?q=Global+Impact+NGO+3290+ngo+work&tbm=isch
3291,Global Impact NGO 3291,Australia,Environment,https://www.google.com/search?q=Global+Impact+NGO+3291+ngo+work&tbm=isch
3292,Global Impact NGO 3292,Brazil,Child Welfare,https://www.google.com/search?q=Global+Impact+NGO+3292+ngo+work&tbm=isch
3293,Global Impact NGO 3293,Germany,Human Rights,https://www.google.com/search?q=Global+Impact+NGO+3293+ngo+work&tbm=isch
3294,Global Impact NGO 3294,Kenya,Child Welfare,https://www.google.com/search?q=Global+Impact+NGO+3294+ngo+work&tbm=isch
3295,Global Impact NGO 3295,Kenya,Environment,https://www.google.com/search?q=Global+Impact+NGO+3295+ngo+work&tbm=isch
3296,Global Impact NGO 3296,UAE,Human Rights,https://www.google.com/search?q=Global+Impact+NGO+3296+ngo+work&tbm=isch
3297,Global Impact NGO 3297,Australia,Women Empowerment,https://www.google.com/search?q=Global+Impact+NGO+3297+ngo+work&tbm=isch
3298,Global Impact NGO 3298,South Africa,Health,https://www.google.com/search?q=Global+Impact+NGO+3298+ngo+work&tbm=isch
3299,Global Impact NGO 3299,Germany,Women Empowerment,https://www.google.com/search?q=Global+Impact+NGO+3299+ngo+work&tbm=isch
3300,Global Impact NGO 3300,Kenya,Poverty Relief,https://www.google.com/search?q=Global+Impact+NGO+3300+ngo+work&tbm=isch
3301,Global Impact NGO 3301,UK,Women Empowerment,https://www.google.com/search?q=Global+Impact+NGO+3301+ngo+work&tbm=isch
3302,Global Impact NGO 3302,Germany,Environment,https://www.google.com/search?q=Global+Impact+NGO+3302+ngo+work&tbm=isch
3303,Global Impact NGO 3303,UK,Poverty Relief,https://www.google.com/search?q=Global+Impact+NGO+3303+ngo+work&tbm=isch
3304,Global Impact NGO 3304,Kenya,Human Rights,https://www.google.com/search?q=Global+Impact+NGO+3304+ngo+work&tbm=isch
3305,Global Impact NGO 3305,USA,Women Empowerment,https://www.google.com/search?q=Global+Impact+NGO+3305+ngo+work&tbm=isch
3306,Global Impact NGO 3306,UK,Poverty Relief,https://www.google.com/search?q=Global+Impact+NGO+3306+ngo+work&tbm=isch
3307,Global Impact NGO 3307,Kenya,Environment,https://www.google.com/search?q=Global+Impact+NGO+3307+ngo+work&tbm=isch
3308,Global Impact NGO 3308,Canada,Child Welfare,https://www.google.com/search?q=Global+Impact+NGO+3308+ngo+work&tbm=isch
3309,Global Impact NGO 3309,India,Environment,https://www.google.com/search?q=Global+Impact+NGO+3309+ngo+work&tbm=isch
3310,Global Impact NGO 3310,Brazil,Education,https://www.google.com/search?q=Global+Impact+NGO+3310+ngo+work&tbm=isch
3311,Global Impact NGO 3311,Brazil,Child Welfare,https://www.google.com/search?q=Global+Impact+NGO+3311+ngo+work&tbm=isch
3312,Global Impact NGO 3312,USA,Education,https://www.google.com/search?q=Global+Impact+NGO+3312+ngo+work&tbm=isch
3313,Global Impact NGO 3313,India,Human Rights,https://www.google.com/search?q=Global+Impact+NGO+3313+ngo+work&tbm=isch
3314,Global Impact NGO 3314,Germany,Environment,https://www.google.com/search?q=Global+Impact+NGO+3314+ngo+work&tbm=isch
3315,Global Impact NGO 3315,Brazil,Child Welfare,https://www.google.com/search?q=Global+Impact+NGO+3315+ngo+work&tbm=isch
3316,Global Impact NGO 3316,Kenya,Education,https://www.google.com/search?q=Global+Impact+NGO+3316+ngo+work&tbm=isch
3317,Global Impact NGO 3317,Germany,Child Welfare,https://www.google.com/search?q=Global+Impact+NGO+3317+ngo+work&tbm=isch
3318,Global Impact NGO 3318,USA,Human Rights,https://www.google.com/search?q=Global+Impact+NGO+3318+ngo+work&tbm=isch
3319,Global Impact NGO 3319,Canada,Health,https://www.google.com/search?q=Global+Impact+NGO+3319+ngo+work&tbm=isch
3320,Global Impact NGO 3320,UAE,Human Rights,https://www.google.com/search?q=Global+Impact+NGO+3320+ngo+work&tbm=isch
3321,Global Impact NGO 3321,Canada,Human Rights,https://www.google.com/search?q=Global+Impact+NGO+3321+ngo+work&tbm=isch
3322,Global Impact NGO 3322,UAE,Health,https://www.google.com/search?q=Global+Impact+NGO+3322+ngo+work&tbm=isch
3323,Global Impact NGO 3323,UAE,Child Welfare,https://www.google.com/search?q=Global+Impact+NGO+3323+ngo+work&tbm=isch
3324,Global Impact NGO 3324,Australia,Health,https://www.google.com/search?q=Global+Impact+NGO+3324+ngo+work&tbm=isch
3325,Global Impact NGO 3325,USA,Environment,https://www.google.com/search?q=Global+Impact+NGO+3325+ngo+work&tbm=isch
3326,Global Impact NGO 3326,Brazil,Poverty Relief,https://www.google.com/search?q=Global+Impact+NGO+3326+ngo+work&tbm=isch
3327,Global Impact NGO 3327,South Africa,Women Empowerment,https://www.google.com/search?q=Global+Impact+NGO+3327+ngo+work&tbm=isch
3328,Global Impact NGO 3328,Canada,Child Welfare,https://www.google.com/search?q=Global+Impact+NGO+3328+ngo+work&tbm=isch
3329,Global Impact NGO 3329,Australia,Health,https://www.google.com/search?q=Global+Impact+NGO+3329+ngo+work&tbm=isch
3330,Global Impact NGO 3330,South Africa,Human Rights,https://www.google.com/search?q=Global+Impact+NGO+3330+ngo+work&tbm=isch
3331,Global Impact NGO 3331,UAE,Human Rights,https://www.google.com/search?q=Global+Impact+NGO+3331+ngo+work&tbm=isch
3332,Global Impact NGO 3332,South Africa,Health,https://www.google.com/search?q=Global+Impact+NGO+3332+ngo+work&tbm=isch
3333,Global Impact NGO 3333,UK,Health,https://www.google.com/search?q=Global+Impact+NGO+3333+ngo+work&tbm=isch
3334,Global Impact NGO 3334,India,Environment,https://www.google.com/search?q=Global+Impact+NGO+3334+ngo+work&tbm=isch
3335,Global Impact NGO 3335,Canada,Health,https://www.google.com/search?q=Global+Impact+NGO+3335+ngo+work&tbm=isch
3336,Global Impact NGO 3336,UAE,Human Rights,https://www.google.com/search?q=Global+Impact+NGO+3336+ngo+work&tbm=isch
3337,Global Impact NGO 3337,Australia,Health,https://www.google.com/search?q=Global+Impact+NGO+3337+ngo+work&tbm=isch
3338,Global Impact NGO 3338,UK,Environment,https://www.google.com/search?q=Global+Impact+NGO+3338+ngo+work&tbm=isch
3339,Global Impact NGO 3339,UAE,Health,https://www.google.com/search?q=Global+Impact+NGO+3339+ngo+work&tbm=isch
3340,Global Impact NGO 3340,South Africa,Health,https://www.google.com/search?q=Global+Impact+NGO+3340+ngo+work&tbm=isch
3341,Global Impact NGO 3341,India,Environment,https://www.google.com/search?q=Global+Impact+NGO+3341+ngo+work&tbm=isch
3342,Global Impact NGO 3342,USA,Poverty Relief,https://www.google.com/search?q=Global+Impact+NGO+3342+ngo+work&tbm=isch
3343,Global Impact NGO 3343,India,Education,https://www.google.com/search?q=Global+Impact+NGO+3343+ngo+work&tbm=isch
3344,Global Impact NGO 3344,Canada,Health,https://www.google.com/search?q=Global+Impact+NGO+3344+ngo+work&tbm=isch
3345,Global Impact NGO 3345,UAE,Child Welfare,https://www.google.com/search?q=Global+Impact+NGO+3345+ngo+work&tbm=isch
3346,Global Impact NGO 3346,India,Environment,https://www.google.com/search?q=Global+Impact+NGO+3346+ngo+work&tbm=isch
3347,Global Impact NGO 3347,South Africa,Women Empowerment,https://www.google.com/search?q=Global+Impact+NGO+3347+ngo+work&tbm=isch
3348,Global Impact NGO 3348,India,Human Rights,https://www.google.com/search?q=Global+Impact+NGO+3348+ngo+work&tbm=isch
3349,Global Impact NGO 3349,UAE,Poverty Relief,https://www.google.com/search?q=Global+Impact+NGO+3349+ngo+work&tbm=isch
3350,Global Impact NGO 3350,UAE,Women Empowerment,https://www.google.com/search?q=Global+Impact+NGO+3350+ngo+work&tbm=isch
3351,Global Impact NGO 3351,USA,Child Welfare,https://www.google.com/search?q=Global+Impact+NGO+3351+ngo+work&tbm=isch
3352,Global Impact NGO 3352,UAE,Health,https://www.google.com/search?q=Global+Impact+NGO+3352+ngo+work&tbm=isch
3353,Global Impact NGO 3353,Australia,Women Empowerment,https://www.google.com/search?q=Global+Impact+NGO+3353+ngo+work&tbm=isch
3354,Global Impact NGO 3354,Australia,Health,https://www.google.com/search?q=Global+Impact+NGO+3354+ngo+work&tbm=isch
3355,Global Impact NGO 3355,Germany,Child Welfare,https://www.google.com/search?q=Global+Impact+NGO+3355+ngo+work&tbm=isch
3356,Global Impact NGO 3356,Kenya,Women Empowerment,https://www.google.com/search?q=Global+Impact+NGO+3356+ngo+work&tbm=isch
3357,Global Impact NGO 3357,UK,Human Rights,https://www.google.com/search?q=Global+Impact+NGO+3357+ngo+work&tbm=isch
3358,Global Impact NGO 3358,UAE,Human Rights,https://www.google.com/search?q=Global+Impact+NGO+3358+ngo+work&tbm=isch
3359,Global Impact NGO 3359,Canada,Education,https://www.google.com/search?q=Global+Impact+NGO+3359+ngo+work&tbm=isch
3360,Global Impact NGO 3360,South Africa,Child Welfare,https://www.google.com/search?q=Global+Impact+NGO+3360+ngo+work&tbm=isch
3361,Global Impact NGO 3361,USA,Education,https://www.google.com/search?q=Global+Impact+NGO+3361+ngo+work&tbm=isch
3362,Global Impact NGO 3362,Canada,Health,https://www.google.com/search?q=Global+Impact+NGO+3362+ngo+work&tbm=isch
3363,Global Impact NGO 3363,UAE,Environment,https://www.google.com/search?q=Global+Impact+NGO+3363+ngo+work&tbm=isch
3364,Global Impact NGO 3364,Germany,Health,https://www.google.com/search?q=Global+Impact+NGO+3364+ngo+work&tbm=isch
3365,Global Impact NGO 3365,India,Education,https://www.google.com/search?q=Global+Impact+NGO+3365+ngo+work&tbm=isch
3366,Global Impact NGO 3366,USA,Health,https://www.google.com/search?q=Global+Impact+NGO+3366+ngo+work&tbm=isch
3367,Global Impact NGO 3367,Kenya,Education,https://www.google.com/search?q=Global+Impact+NGO+3367+ngo+work&tbm=isch
3368,Global Impact NGO 3368,UK,Child Welfare,https://www.google.com/search?q=Global+Impact+NGO+3368+ngo+work&tbm=isch
3369,Global Impact NGO 3369,Kenya,Education,https://www.google.com/search?q=Global+Impact+NGO+3369+ngo+work&tbm=isch
3370,Global Impact NGO 3370,Germany,Child Welfare,https://www.google.com/search?q=Global+Impact+NGO+3370+ngo+work&tbm=isch
3371,Global Impact NGO 3371,Kenya,Environment,https://www.google.com/search?q=Global+Impact+NGO+3371+ngo+work&tbm=isch
3372,Global Impact NGO 3372,UK,Poverty Relief,https://www.google.com/search?q=Global+Impact+NGO+3372+ngo+work&tbm=isch
3373,Global Impact NGO 3373,UAE,Women Empowerment,https://www.google.com/search?q=Global+Impact+NGO+3373+ngo+work&tbm=isch
3374,Global Impact NGO 3374,Canada,Poverty Relief,https://www.google.com/search?q=Global+Impact+NGO+3374+ngo+work&tbm=isch
3375,Global Impact NGO 3375,Canada,Child Welfare,https://www.google.com/search?q=Global+Impact+NGO+3375+ngo+work&tbm=isch
3376,Global Impact NGO 3376,Australia,Education,https://www.google.com/search?q=Global+Impact+NGO+3376+ngo+work&tbm=isch
3377,Global Impact NGO 3377,India,Human Rights,https://www.google.com/search?q=Global+Impact+NGO+3377+ngo+work&tbm=isch
3378,Global Impact NGO 3378,UK,Poverty Relief,https://www.google.com/search?q=Global+Impact+NGO+3378+ngo+work&tbm=isch
3379,Global Impact NGO 3379,Germany,Women Empowerment,https://www.google.com/search?q=Global+Impact+NGO+3379+ngo+work&tbm=isch
3380,Global Impact NGO 3380,Germany,Poverty Relief,https://www.google.com/search?q=Global+Impact+NGO+3380+ngo+work&tbm=isch
3381,Global Impact NGO 3381,Brazil,Education,https://www.google.com/search?q=Global+Impact+NGO+3381+ngo+work&tbm=isch
3382,Global Impact NGO 3382,Germany,Education,https://www.google.com/search?q=Global+Impact+NGO+3382+ngo+work&tbm=isch
3383,Global Impact NGO 3383,Brazil,Health,https://www.google.com/search?q=Global+Impact+NGO+3383+ngo+work&tbm=isch
3384,Global Impact NGO 3384,Brazil,Human Rights,https://www.google.com/search?q=Global+Impact+NGO+3384+ngo+work&tbm=isch
3385,Global Impact NGO 3385,Kenya,Health,https://www.google.com/search?q=Global+Impact+NGO+3385+ngo+work&tbm=isch
3386,Global Impact NGO 3386,UAE,Health,https://www.google.com/search?q=Global+Impact+NGO+3386+ngo+work&tbm=isch
3387,Global Impact NGO 3387,Canada,Human Rights,https://www.google.com/search?q=Global+Impact+NGO+3387+ngo+work&tbm=isch
3388,Global Impact NGO 3388,Germany,Environment,https://www.google.com/search?q=Global+Impact+NGO+3388+ngo+work&tbm=isch
3389,Global Impact NGO 3389,Kenya,Child Welfare,https://www.google.com/search?q=Global+Impact+NGO+3389+ngo+work&tbm=isch
3390,Global Impact NGO 3390,Germany,Child Welfare,https://www.google.com/search?q=Global+Impact+NGO+3390+ngo+work&tbm=isch
3391,Global Impact NGO 3391,Germany,Women Empowerment,https://www.google.com/search?q=Global+Impact+NGO+3391+ngo+work&tbm=isch
3392,Global Impact NGO 3392,Brazil,Child Welfare,https://www.google.com/search?q=Global+Impact+NGO+3392+ngo+work&tbm=isch
3393,Global Impact NGO 3393,UAE,Health,https://www.google.com/search?q=Global+Impact+NGO+3393+ngo+work&tbm=isch
3394,Global Impact NGO 3394,Australia,Women Empowerment,https://www.google.com/search?q=Global+Impact+NGO+3394+ngo+work&tbm=isch
3395,Global Impact NGO 3395,Australia,Child Welfare,https://www.google.com/search?q=Global+Impact+NGO+3395+ngo+work&tbm=isch
3396,Global Impact NGO 3396,Brazil,Child Welfare,https://www.google.com/search?q=Global+Impact+NGO+3396+ngo+work&tbm=isch
3397,Global Impact NGO 3397,South Africa,Poverty Relief,https://www.google.com/search?q=Global+Impact+NGO+3397+ngo+work&tbm=isch
3398,Global Impact NGO 3398,Germany,Poverty Relief,https://www.google.com/search?q=Global+Impact+NGO+3398+ngo+work&tbm=isch
3399,Global Impact NGO 3399,USA,Environment,https://www.google.com/search?q=Global+Impact+NGO+3399+ngo+work&tbm=isch
3400,Global Impact NGO 3400,USA,Child Welfare,https://www.google.com/search?q=Global+Impact+NGO+3400+ngo+work&tbm=isch
3401,Global Impact NGO 3401,Germany,Child Welfare,https://www.google.com/search?q=Global+Impact+NGO+3401+ngo+work&tbm=isch
3402,Global Impact NGO 3402,Canada,Child Welfare,https://www.google.com/search?q=Global+Impact+NGO+3402+ngo+work&tbm=isch
3403,Global Impact NGO 3403,UK,Women Empowerment,https://www.google.com/search?q=Global+Impact+NGO+3403+ngo+work&tbm=isch
3404,Global Impact NGO 3404,UK,Poverty Relief,https://www.google.com/search?q=Global+Impact+NGO+3404+ngo+work&tbm=isch
3405,Global Impact NGO 3405,Australia,Human Rights,https://www.google.com/search?q=Global+Impact+NGO+3405+ngo+work&tbm=isch
3406,Global Impact NGO 3406,South Africa,Health,https://www.google.com/search?q=Global+Impact+NGO+3406+ngo+work&tbm=isch
3407,Global Impact NGO 3407,Australia,Environment,https://www.google.com/search?q=Global+Impact+NGO+3407+ngo+work&tbm=isch
3408,Global Impact NGO 3408,UAE,Education,https://www.google.com/search?q=Global+Impact+NGO+3408+ngo+work&tbm=isch
3409,Global Impact NGO 3409,Kenya,Poverty Relief,https://www.google.com/search?q=Global+Impact+NGO+3409+ngo+work&tbm=isch
3410,Global Impact NGO 3410,UK,Education,https://www.google.com/search?q=Global+Impact+NGO+3410+ngo+work&tbm=isch
3411,Global Impact NGO 3411,Brazil,Environment,https://www.google.com/search?q=Global+Impact+NGO+3411+ngo+work&tbm=isch
3412,Global Impact NGO 3412,Germany,Environment,https://www.google.com/search?q=Global+Impact+NGO+3412+ngo+work&tbm=isch
3413,Global Impact NGO 3413,UK,Child Welfare,https://www.google.com/search?q=Global+Impact+NGO+3413+ngo+work&tbm=isch
3414,Global Impact NGO 3414,Germany,Women Empowerment,https://www.google.com/search?q=Global+Impact+NGO+3414+ngo+work&tbm=isch
3415,Global Impact NGO 3415,Australia,Health,https://www.google.com/search?q=Global+Impact+NGO+3415+ngo+work&tbm=isch
3416,Global Impact NGO 3416,Australia,Health,https://www.google.com/search?q=Global+Impact+NGO+3416+ngo+work&tbm=isch
3417,Global Impact NGO 3417,UK,Health,https://www.google.com/search?q=Global+Impact+NGO+3417+ngo+work&tbm=isch
3418,Global Impact NGO 3418,Germany,Human Rights,https://www.google.com/search?q=Global+Impact+NGO+3418+ngo+work&tbm=isch
3419,Global Impact NGO 3419,UK,Health,https://www.google.com/search?q=Global+Impact+NGO+3419+ngo+work&tbm=isch
3420,Global Impact NGO 3420,Brazil,Poverty Relief,https://www.google.com/search?q=Global+Impact+NGO+3420+ngo+work&tbm=isch
3421,Global Impact NGO 3421,Canada,Child Welfare,https://www.google.com/search?q=Global+Impact+NGO+3421+ngo+work&tbm=isch
3422,Global Impact NGO 3422,USA,Environment,https://www.google.com/search?q=Global+Impact+NGO+3422+ngo+work&tbm=isch
3423,Global Impact NGO 3423,India,Child Welfare,https://www.google.com/search?q=Global+Impact+NGO+3423+ngo+work&tbm=isch
3424,Global Impact NGO 3424,UK,Human Rights,https://www.google.com/search?q=Global+Impact+NGO+3424+ngo+work&tbm=isch
3425,Global Impact NGO 3425,Brazil,Environment,https://www.google.com/search?q=Global+Impact+NGO+3425+ngo+work&tbm=isch
3426,Global Impact NGO 3426,Australia,Human Rights,https://www.google.com/search?q=Global+Impact+NGO+3426+ngo+work&tbm=isch
3427,Global Impact NGO 3427,Brazil,Poverty Relief,https://www.google.com/search?q=Global+Impact+NGO+3427+ngo+work&tbm=isch
3428,Global Impact NGO 3428,South Africa,Women Empowerment,https://www.google.com/search?q=Global+Impact+NGO+3428+ngo+work&tbm=isch
3429,Global Impact NGO 3429,Kenya,Education,https://www.google.com/search?q=Global+Impact+NGO+3429+ngo+work&tbm=isch
3430,Global Impact NGO 3430,India,Women Empowerment,https://www.google.com/search?q=Global+Impact+NGO+3430+ngo+work&tbm=isch
3431,Global Impact NGO 3431,India,Environment,https://www.google.com/search?q=Global+Impact+NGO+3431+ngo+work&tbm=isch
3432,Global Impact NGO 3432,Brazil,Women Empowerment,https://www.google.com/search?q=Global+Impact+NGO+3432+ngo+work&tbm=isch
3433,Global Impact NGO 3433,Kenya,Women Empowerment,https://www.google.com/search?q=Global+Impact+NGO+3433+ngo+work&tbm=isch
3434,Global Impact NGO 3434,Germany,Poverty Relief,https://www.google.com/search?q=Global+Impact+NGO+3434+ngo+work&tbm=isch
3435,Global Impact NGO 3435,UAE,Child Welfare,https://www.google.com/search?q=Global+Impact+NGO+3435+ngo+work&tbm=isch
3436,Global Impact NGO 3436,South Africa,Poverty Relief,https://www.google.com/search?q=Global+Impact+NGO+3436+ngo+work&tbm=isch
3437,Global Impact NGO 3437,Canada,Health,https://www.google.com/search?q=Global+Impact+NGO+3437+ngo+work&tbm=isch
3438,Global Impact NGO 3438,Kenya,Poverty Relief,https://www.google.com/search?q=Global+Impact+NGO+3438+ngo+work&tbm=isch
3439,Global Impact NGO 3439,Canada,Women Empowerment,https://www.google.com/search?q=Global+Impact+NGO+3439+ngo+work&tbm=isch
3440,Global Impact NGO 3440,South Africa,Poverty Relief,https://www.google.com/search?q=Global+Impact+NGO+3440+ngo+work&tbm=isch
3441,Global Impact NGO 3441,Canada,Child Welfare,https://www.google.com/search?q=Global+Impact+NGO+3441+ngo+work&tbm=isch
3442,Global Impact NGO 3442,USA,Women Empowerment,https://www.google.com/search?q=Global+Impact+NGO+3442+ngo+work&tbm=isch
3443,Global Impact NGO 3443,Australia,Women Empowerment,https://www.google.com/search?q=Global+Impact+NGO+3443+ngo+work&tbm=isch
3444,Global Impact NGO 3444,UK,Child Welfare,https://www.google.com/search?q=Global+Impact+NGO+3444+ngo+work&tbm=isch
3445,Global Impact NGO 3445,Brazil,Women Empowerment,https://www.google.com/search?q=Global+Impact+NGO+3445+ngo+work&tbm=isch
3446,Global Impact NGO 3446,Brazil,Child Welfare,https://www.google.com/search?q=Global+Impact+NGO+3446+ngo+work&tbm=isch
3447,Global Impact NGO 3447,Kenya,Education,https://www.google.com/search?q=Global+Impact+NGO+3447+ngo+work&tbm=isch
3448,Global Impact NGO 3448,Australia,Education,https://www.google.com/search?q=Global+Impact+NGO+3448+ngo+work&tbm=isch
3449,Global Impact NGO 3449,India,Child Welfare,https://www.google.com/search?q=Global+Impact+NGO+3449+ngo+work&tbm=isch
3450,Global Impact NGO 3450,Canada,Women Empowerment,https://www.google.com/search?q=Global+Impact+NGO+3450+ngo+work&tbm=isch
3451,Global Impact NGO 3451,Kenya,Women Empowerment,https://www.google.com/search?q=Global+Impact+NGO+3451+ngo+work&tbm=isch
3452,Global Impact NGO 3452,Kenya,Health,https://www.google.com/search?q=Global+Impact+NGO+3452+ngo+work&tbm=isch
3453,Global Impact NGO 3453,UAE,Health,https://www.google.com/search?q=Global+Impact+NGO+3453+ngo+work&tbm=isch
3454,Global Impact NGO 3454,USA,Child Welfare,https://www.google.com/search?q=Global+Impact+NGO+3454+ngo+work&tbm=isch
3455,Global Impact NGO 3455,USA,Child Welfare,https://www.google.com/search?q=Global+Impact+NGO+3455+ngo+work&tbm=isch
3456,Global Impact NGO 3456,India,Poverty Relief,https://www.google.com/search?q=Global+Impact+NGO+3456+ngo+work&tbm=isch
3457,Global Impact NGO 3457,Canada,Human Rights,https://www.google.com/search?q=Global+Impact+NGO+3457+ngo+work&tbm=isch
3458,Global Impact NGO 3458,India,Human Rights,https://www.google.com/search?q=Global+Impact+NGO+3458+ngo+work&tbm=isch
3459,Global Impact NGO 3459,UK,Environment,https://www.google.com/search?q=Global+Impact+NGO+3459+ngo+work&tbm=isch
3460,Global Impact NGO 3460,UAE,Environment,https://www.google.com/search?q=Global+Impact+NGO+3460+ngo+work&tbm=isch
3461,Global Impact NGO 3461,Brazil,Human Rights,https://www.google.com/search?q=Global+Impact+NGO+3461+ngo+work&tbm=isch
3462,Global Impact NGO 3462,USA,Human Rights,https://www.google.com/search?q=Global+Impact+NGO+3462+ngo+work&tbm=isch
3463,Global Impact NGO 3463,Germany,Education,https://www.google.com/search?q=Global+Impact+NGO+3463+ngo+work&tbm=isch
3464,Global Impact NGO 3464,UAE,Education,https://www.google.com/search?q=Global+Impact+NGO+3464+ngo+work&tbm=isch
3465,Global Impact NGO 3465,Brazil,Poverty Relief,https://www.google.com/search?q=Global+Impact+NGO+3465+ngo+work&tbm=isch
3466,Global Impact NGO 3466,UAE,Environment,https://www.google.com/search?q=Global+Impact+NGO+3466+ngo+work&tbm=isch
3467,Global Impact NGO 3467,Canada,Education,https://www.google.com/search?q=Global+Impact+NGO+3467+ngo+work&tbm=isch
3468,Global Impact NGO 3468,Canada,Human Rights,https://www.google.com/search?q=Global+Impact+NGO+3468+ngo+work&tbm=isch
3469,Global Impact NGO 3469,USA,Women Empowerment,https://www.google.com/search?q=Global+Impact+NGO+3469+ngo+work&tbm=isch
3470,Global Impact NGO 3470,Kenya,Education,https://www.google.com/search?q=Global+Impact+NGO+3470+ngo+work&tbm=isch
3471,Global Impact NGO 3471,India,Health,https://www.google.com/search?q=Global+Impact+NGO+3471+ngo+work&tbm=isch
3472,Global Impact NGO 3472,USA,Education,https://www.google.com/search?q=Global+Impact+NGO+3472+ngo+work&tbm=isch
3473,Global Impact NGO 3473,Germany,Environment,https://www.google.com/search?q=Global+Impact+NGO+3473+ngo+work&tbm=isch
3474,Global Impact NGO 3474,India,Health,https://www.google.com/search?q=Global+Impact+NGO+3474+ngo+work&tbm=isch
3475,Global Impact NGO 3475,USA,Environment,https://www.google.com/search?q=Global+Impact+NGO+3475+ngo+work&tbm=isch
3476,Global Impact NGO 3476,Australia,Environment,https://www.google.com/search?q=Global+Impact+NGO+3476+ngo+work&tbm=isch
3477,Global Impact NGO 3477,Australia,Women Empowerment,https://www.google.com/search?q=Global+Impact+NGO+3477+ngo+work&tbm=isch
3478,Global Impact NGO 3478,Kenya,Health,https://www.google.com/search?q=Global+Impact+NGO+3478+ngo+work&tbm=isch
3479,Global Impact NGO 3479,South Africa,Child Welfare,https://www.google.com/search?q=Global+Impact+NGO+3479+ngo+work&tbm=isch
3480,Global Impact NGO 3480,Brazil,Health,https://www.google.com/search?q=Global+Impact+NGO+3480+ngo+work&tbm=isch
3481,Global Impact NGO 3481,South Africa,Child Welfare,https://www.google.com/search?q=Global+Impact+NGO+3481+ngo+work&tbm=isch
3482,Global Impact NGO 3482,Germany,Poverty Relief,https://www.google.com/search?q=Global+Impact+NGO+3482+ngo+work&tbm=isch
3483,Global Impact NGO 3483,South Africa,Environment,https://www.google.com/search?q=Global+Impact+NGO+3483+ngo+work&tbm=isch
3484,Global Impact NGO 3484,UK,Women Empowerment,https://www.google.com/search?q=Global+Impact+NGO+3484+ngo+work&tbm=isch
3485,Global Impact NGO 3485,Canada,Child Welfare,https://www.google.com/search?q=Global+Impact+NGO+3485+ngo+work&tbm=isch
3486,Global Impact NGO 3486,Australia,Human Rights,https://www.google.com/search?q=Global+Impact+NGO+3486+ngo+work&tbm=isch
3487,Global Impact NGO 3487,UK,Environment,https://www.google.com/search?q=Global+Impact+NGO+3487+ngo+work&tbm=isch
3488,Global Impact NGO 3488,Australia,Women Empowerment,https://www.google.com/search?q=Global+Impact+NGO+3488+ngo+work&tbm=isch
3489,Global Impact NGO 3489,USA,Poverty Relief,https://www.google.com/search?q=Global+Impact+NGO+3489+ngo+work&tbm=isch
3490,Global Impact NGO 3490,South Africa,Poverty Relief,https://www.google.com/search?q=Global+Impact+NGO+3490+ngo+work&tbm=isch
3491,Global Impact NGO 3491,UK,Human Rights,https://www.google.com/search?q=Global+Impact+NGO+3491+ngo+work&tbm=isch
3492,Global Impact NGO 3492,India,Education,https://www.google.com/search?q=Global+Impact+NGO+3492+ngo+work&tbm=isch
3493,Global Impact NGO 3493,UAE,Child Welfare,https://www.google.com/search?q=Global+Impact+NGO+3493+ngo+work&tbm=isch
3494,Global Impact NGO 3494,South Africa,Women Empowerment,https://www.google.com/search?q=Global+Impact+NGO+3494+ngo+work&tbm=isch
3495,Global Impact NGO 3495,UAE,Child Welfare,https://www.google.com/search?q=Global+Impact+NGO+3495+ngo+work&tbm=isch
3496,Global Impact NGO 3496,Germany,Human Rights,https://www.google.com/search?q=Global+Impact+NGO+3496+ngo+work&tbm=isch
3497,Global Impact NGO 3497,India,Human Rights,https://www.google.com/search?q=Global+Impact+NGO+3497+ngo+work&tbm=isch
3498,Global Impact NGO 3498,India,Education,https://www.google.com/search?q=Global+Impact+NGO+3498+ngo+work&tbm=isch
3499,Global Impact NGO 3499,Australia,Women Empowerment,https://www.google.com/search?q=Global+Impact+NGO+3499+ngo+work&tbm=isch
3500,Global Impact NGO 3500,UAE,Poverty Relief,https://www.google.com/search?q=Global+Impact+NGO+3500+ngo+work&tbm=isch
3501,Global Impact NGO 3501,Germany,Human Rights,https://www.google.com/search?q=Global+Impact+NGO+3501+ngo+work&tbm=isch
3502,Global Impact NGO 3502,India,Education,https://www.google.com/search?q=Global+Impact+NGO+3502+ngo+work&tbm=isch
3503,Global Impact NGO 3503,USA,Human Rights,https://www.google.com/search?q=Global+Impact+NGO+3503+ngo+work&tbm=isch
3504,Global Impact NGO 3504,UK,Health,https://www.google.com/search?q=Global+Impact+NGO+3504+ngo+work&tbm=isch
3505,Global Impact NGO 3505,USA,Environment,https://www.google.com/search?q=Global+Impact+NGO+3505+ngo+work&tbm=isch
3506,Global Impact NGO 3506,India,Poverty Relief,https://www.google.com/search?q=Global+Impact+NGO+3506+ngo+work&tbm=isch
3507,Global Impact NGO 3507,Kenya,Environment,https://www.google.com/search?q=Global+Impact+NGO+3507+ngo+work&tbm=isch
3508,Global Impact NGO 3508,Brazil,Child Welfare,https://www.google.com/search?q=Global+Impact+NGO+3508+ngo+work&tbm=isch
3509,Global Impact NGO 3509,USA,Human Rights,https://www.google.com/search?q=Global+Impact+NGO+3509+ngo+work&tbm=isch
3510,Global Impact NGO 3510,India,Child Welfare,https://www.google.com/search?q=Global+Impact+NGO+3510+ngo+work&tbm=isch
3511,Global Impact NGO 3511,Canada,Health,https://www.google.com/search?q=Global+Impact+NGO+3511+ngo+work&tbm=isch
3512,Global Impact NGO 3512,Kenya,Human Rights,https://www.google.com/search?q=Global+Impact+NGO+3512+ngo+work&tbm=isch
3513,Global Impact NGO 3513,Germany,Child Welfare,https://www.google.com/search?q=Global+Impact+NGO+3513+ngo+work&tbm=isch
3514,Global Impact NGO 3514,India,Poverty Relief,https://www.google.com/search?q=Global+Impact+NGO+3514+ngo+work&tbm=isch
3515,Global Impact NGO 3515,Kenya,Poverty Relief,https://www.google.com/search?q=Global+Impact+NGO+3515+ngo+work&tbm=isch
3516,Global Impact NGO 3516,Brazil,Poverty Relief,https://www.google.com/search?q=Global+Impact+NGO+3516+ngo+work&tbm=isch
3517,Global Impact NGO 3517,UK,Health,https://www.google.com/search?q=Global+Impact+NGO+3517+ngo+work&tbm=isch
3518,Global Impact NGO 3518,South Africa,Environment,https://www.google.com/search?q=Global+Impact+NGO+3518+ngo+work&tbm=isch
3519,Global Impact NGO 3519,USA,Poverty Relief,https://www.google.com/search?q=Global+Impact+NGO+3519+ngo+work&tbm=isch
3520,Global Impact NGO 3520,Kenya,Health,https://www.google.com/search?q=Global+Impact+NGO+3520+ngo+work&tbm=isch
3521,Global Impact NGO 3521,Germany,Education,https://www.google.com/search?q=Global+Impact+NGO+3521+ngo+work&tbm=isch
3522,Global Impact NGO 3522,Germany,Education,https://www.google.com/search?q=Global+Impact+NGO+3522+ngo+work&tbm=isch
3523,Global Impact NGO 3523,Australia,Environment,https://www.google.com/search?q=Global+Impact+NGO+3523+ngo+work&tbm=isch
3524,Global Impact NGO 3524,Brazil,Child Welfare,https://www.google.com/search?q=Global+Impact+NGO+3524+ngo+work&tbm=isch
3525,Global Impact NGO 3525,UK,Poverty Relief,https://www.google.com/search?q=Global+Impact+NGO+3525+ngo+work&tbm=isch
3526,Global Impact NGO 3526,Kenya,Child Welfare,https://www.google.com/search?q=Global+Impact+NGO+3526+ngo+work&tbm=isch
3527,Global Impact NGO 3527,UK,Child Welfare,https://www.google.com/search?q=Global+Impact+NGO+3527+ngo+work&tbm=isch
3528,Global Impact NGO 3528,UK,Environment,https://www.google.com/search?q=Global+Impact+NGO+3528+ngo+work&tbm=isch
3529,Global Impact NGO 3529,South Africa,Human Rights,https://www.google.com/search?q=Global+Impact+NGO+3529+ngo+work&tbm=isch
3530,Global Impact NGO 3530,Australia,Education,https://www.google.com/search?q=Global+Impact+NGO+3530+ngo+work&tbm=isch
3531,Global Impact NGO 3531,Brazil,Women Empowerment,https://www.google.com/search?q=Global+Impact+NGO+3531+ngo+work&tbm=isch
3532,Global Impact NGO 3532,India,Child Welfare,https://www.google.com/search?q=Global+Impact+NGO+3532+ngo+work&tbm=isch
3533,Global Impact NGO 3533,UK,Health,https://www.google.com/search?q=Global+Impact+NGO+3533+ngo+work&tbm=isch
3534,Global Impact NGO 3534,USA,Environment,https://www.google.com/search?q=Global+Impact+NGO+3534+ngo+work&tbm=isch
3535,Global Impact NGO 3535,Germany,Environment,https://www.google.com/search?q=Global+Impact+NGO+3535+ngo+work&tbm=isch
3536,Global Impact NGO 3536,India,Health,https://www.google.com/search?q=Global+Impact+NGO+3536+ngo+work&tbm=isch
3537,Global Impact NGO 3537,Canada,Environment,https://www.google.com/search?q=Global+Impact+NGO+3537+ngo+work&tbm=isch
3538,Global Impact NGO 3538,Australia,Human Rights,https://www.google.com/search?q=Global+Impact+NGO+3538+ngo+work&tbm=isch
3539,Global Impact NGO 3539,Australia,Child Welfare,https://www.google.com/search?q=Global+Impact+NGO+3539+ngo+work&tbm=isch
3540,Global Impact NGO 3540,Brazil,Women Empowerment,https://www.google.com/search?q=Global+Impact+NGO+3540+ngo+work&tbm=isch
3541,Global Impact NGO 3541,USA,Poverty Relief,https://www.google.com/search?q=Global+Impact+NGO+3541+ngo+work&tbm=isch
3542,Global Impact NGO 3542,USA,Health,https://www.google.com/search?q=Global+Impact+NGO+3542+ngo+work&tbm=isch
3543,Global Impact NGO 3543,Australia,Education,https://www.google.com/search?q=Global+Impact+NGO+3543+ngo+work&tbm=isch
3544,Global Impact NGO 3544,UAE,Education,https://www.google.com/search?q=Global+Impact+NGO+3544+ngo+work&tbm=isch
3545,Global Impact NGO 3545,UAE,Human Rights,https://www.google.com/search?q=Global+Impact+NGO+3545+ngo+work&tbm=isch
3546,Global Impact NGO 3546,Kenya,Child Welfare,https://www.google.com/search?q=Global+Impact+NGO+3546+ngo+work&tbm=isch
3547,Global Impact NGO 3547,USA,Poverty Relief,https://www.google.com/search?q=Global+Impact+NGO+3547+ngo+work&tbm=isch
3548,Global Impact NGO 3548,UAE,Women Empowerment,https://www.google.com/search?q=Global+Impact+NGO+3548+ngo+work&tbm=isch
3549,Global Impact NGO 3549,India,Women Empowerment,https://www.google.com/search?q=Global+Impact+NGO+3549+ngo+work&tbm=isch
3550,Global Impact NGO 3550,Kenya,Poverty Relief,https://www.google.com/search?q=Global+Impact+NGO+3550+ngo+work&tbm=isch
3551,Global Impact NGO 3551,UK,Child Welfare,https://www.google.com/search?q=Global+Impact+NGO+3551+ngo+work&tbm=isch
3552,Global Impact NGO 3552,Kenya,Poverty Relief,https://www.google.com/search?q=Global+Impact+NGO+3552+ngo+work&tbm=isch
3553,Global Impact NGO 3553,UAE,Health,https://www.google.com/search?q=Global+Impact+NGO+3553+ngo+work&tbm=isch
3554,Global Impact NGO 3554,Canada,Health,https://www.google.com/search?q=Global+Impact+NGO+3554+ngo+work&tbm=isch
3555,Global Impact NGO 3555,Canada,Human Rights,https://www.google.com/search?q=Global+Impact+NGO+3555+ngo+work&tbm=isch
3556,Global Impact NGO 3556,UK,Education,https://www.google.com/search?q=Global+Impact+NGO+3556+ngo+work&tbm=isch
3557,Global Impact NGO 3557,Germany,Poverty Relief,https://www.google.com/search?q=Global+Impact+NGO+3557+ngo+work&tbm=isch
3558,Global Impact NGO 3558,Germany,Environment,https://www.google.com/search?q=Global+Impact+NGO+3558+ngo+work&tbm=isch
3559,Global Impact NGO 3559,India,Education,https://www.google.com/search?q=Global+Impact+NGO+3559+ngo+work&tbm=isch
3560,Global Impact NGO 3560,UAE,Child Welfare,https://www.google.com/search?q=Global+Impact+NGO+3560+ngo+work&tbm=isch
3561,Global Impact NGO 3561,Kenya,Women Empowerment,https://www.google.com/search?q=Global+Impact+NGO+3561+ngo+work&tbm=isch
3562,Global Impact NGO 3562,Canada,Health,https://www.google.com/search?q=Global+Impact+NGO+3562+ngo+work&tbm=isch
3563,Global Impact NGO 3563,Brazil,Education,https://www.google.com/search?q=Global+Impact+NGO+3563+ngo+work&tbm=isch
3564,Global Impact NGO 3564,South Africa,Health,https://www.google.com/search?q=Global+Impact+NGO+3564+ngo+work&tbm=isch
3565,Global Impact NGO 3565,Canada,Education,https://www.google.com/search?q=Global+Impact+NGO+3565+ngo+work&tbm=isch
3566,Global Impact NGO 3566,Kenya,Education,https://www.google.com/search?q=Global+Impact+NGO+3566+ngo+work&tbm=isch
3567,Global Impact NGO 3567,South Africa,Environment,https://www.google.com/search?q=Global+Impact+NGO+3567+ngo+work&tbm=isch
3568,Global Impact NGO 3568,Germany,Health,https://www.google.com/search?q=Global+Impact+NGO+3568+ngo+work&tbm=isch
3569,Global Impact NGO 3569,India,Environment,https://www.google.com/search?q=Global+Impact+NGO+3569+ngo+work&tbm=isch
3570,Global Impact NGO 3570,Canada,Health,https://www.google.com/search?q=Global+Impact+NGO+3570+ngo+work&tbm=isch
3571,Global Impact NGO 3571,Brazil,Human Rights,https://www.google.com/search?q=Global+Impact+NGO+3571+ngo+work&tbm=isch
3572,Global Impact NGO 3572,Canada,Health,https://www.google.com/search?q=Global+Impact+NGO+3572+ngo+work&tbm=isch
3573,Global Impact NGO 3573,Germany,Women Empowerment,https://www.google.com/search?q=Global+Impact+NGO+3573+ngo+work&tbm=isch
3574,Global Impact NGO 3574,Australia,Human Rights,https://www.google.com/search?q=Global+Impact+NGO+3574+ngo+work&tbm=isch
3575,Global Impact NGO 3575,Kenya,Human Rights,https://www.google.com/search?q=Global+Impact+NGO+3575+ngo+work&tbm=isch
3576,Global Impact NGO 3576,Germany,Women Empowerment,https://www.google.com/search?q=Global+Impact+NGO+3576+ngo+work&tbm=isch
3577,Global Impact NGO 3577,Canada,Poverty Relief,https://www.google.com/search?q=Global+Impact+NGO+3577+ngo+work&tbm=isch
3578,Global Impact NGO 3578,Canada,Child Welfare,https://www.google.com/search?q=Global+Impact+NGO+3578+ngo+work&tbm=isch
3579,Global Impact NGO 3579,India,Environment,https://www.google.com/search?q=Global+Impact+NGO+3579+ngo+work&tbm=isch
3580,Global Impact NGO 3580,USA,Human Rights,https://www.google.com/search?q=Global+Impact+NGO+3580+ngo+work&tbm=isch
3581,Global Impact NGO 3581,UAE,Human Rights,https://www.google.com/search?q=Global+Impact+NGO+3581+ngo+work&tbm=isch
3582,Global Impact NGO 3582,UK,Education,https://www.google.com/search?q=Global+Impact+NGO+3582+ngo+work&tbm=isch
3583,Global Impact NGO 3583,USA,Child Welfare,https://www.google.com/search?q=Global+Impact+NGO+3583+ngo+work&tbm=isch
3584,Global Impact NGO 3584,UK,Women Empowerment,https://www.google.com/search?q=Global+Impact+NGO+3584+ngo+work&tbm=isch
3585,Global Impact NGO 3585,India,Environment,https://www.google.com/search?q=Global+Impact+NGO+3585+ngo+work&tbm=isch
3586,Global Impact NGO 3586,UAE,Environment,https://www.google.com/search?q=Global+Impact+NGO+3586+ngo+work&tbm=isch
3587,Global Impact NGO 3587,UAE,Poverty Relief,https://www.google.com/search?q=Global+Impact+NGO+3587+ngo+work&tbm=isch
3588,Global Impact NGO 3588,UK,Education,https://www.google.com/search?q=Global+Impact+NGO+3588+ngo+work&tbm=isch
3589,Global Impact NGO 3589,India,Education,https://www.google.com/search?q=Global+Impact+NGO+3589+ngo+work&tbm=isch
3590,Global Impact NGO 3590,UK,Women Empowerment,https://www.google.com/search?q=Global+Impact+NGO+3590+ngo+work&tbm=isch
3591,Global Impact NGO 3591,Brazil,Poverty Relief,https://www.google.com/search?q=Global+Impact+NGO+3591+ngo+work&tbm=isch
3592,Global Impact NGO 3592,Brazil,Human Rights,https://www.google.com/search?q=Global+Impact+NGO+3592+ngo+work&tbm=isch
3593,Global Impact NGO 3593,Germany,Women Empowerment,https://www.google.com/search?q=Global+Impact+NGO+3593+ngo+work&tbm=isch
3594,Global Impact NGO 3594,Brazil,Child Welfare,https://www.google.com/search?q=Global+Impact+NGO+3594+ngo+work&tbm=isch
3595,Global Impact NGO 3595,Kenya,Human Rights,https://www.google.com/search?q=Global+Impact+NGO+3595+ngo+work&tbm=isch
3596,Global Impact NGO 3596,USA,Health,https://www.google.com/search?q=Global+Impact+NGO+3596+ngo+work&tbm=isch
3597,Global Impact NGO 3597,Germany,Child Welfare,https://www.google.com/search?q=Global+Impact+NGO+3597+ngo+work&tbm=isch
3598,Global Impact NGO 3598,South Africa,Education,https://www.google.com/search?q=Global+Impact+NGO+3598+ngo+work&tbm=isch
3599,Global Impact NGO 3599,Brazil,Women Empowerment,https://www.google.com/search?q=Global+Impact+NGO+3599+ngo+work&tbm=isch
3600,Global Impact NGO 3600,UAE,Poverty Relief,https://www.google.com/search?q=Global+Impact+NGO+3600+ngo+work&tbm=isch
3601,Global Impact NGO 3601,Germany,Health,https://www.google.com/search?q=Global+Impact+NGO+3601+ngo+work&tbm=isch
3602,Global Impact NGO 3602,Australia,Environment,https://www.google.com/search?q=Global+Impact+NGO+3602+ngo+work&tbm=isch
3603,Global Impact NGO 3603,Australia,Human Rights,https://www.google.com/search?q=Global+Impact+NGO+3603+ngo+work&tbm=isch
3604,Global Impact NGO 3604,Australia,Human Rights,https://www.google.com/search?q=Global+Impact+NGO+3604+ngo+work&tbm=isch
3605,Global Impact NGO 3605,Brazil,Human Rights,https://www.google.com/search?q=Global+Impact+NGO+3605+ngo+work&tbm=isch
3606,Global Impact NGO 3606,Germany,Environment,https://www.google.com/search?q=Global+Impact+NGO+3606+ngo+work&tbm=isch
3607,Global Impact NGO 3607,Canada,Education,https://www.google.com/search?q=Global+Impact+NGO+3607+ngo+work&tbm=isch
3608,Global Impact NGO 3608,Brazil,Health,https://www.google.com/search?q=Global+Impact+NGO+3608+ngo+work&tbm=isch
3609,Global Impact NGO 3609,UAE,Women Empowerment,https://www.google.com/search?q=Global+Impact+NGO+3609+ngo+work&tbm=isch
3610,Global Impact NGO 3610,India,Health,https://www.google.com/search?q=Global+Impact+NGO+3610+ngo+work&tbm=isch
3611,Global Impact NGO 3611,USA,Education,https://www.google.com/search?q=Global+Impact+NGO+3611+ngo+work&tbm=isch
3612,Global Impact NGO 3612,Brazil,Health,https://www.google.com/search?q=Global+Impact+NGO+3612+ngo+work&tbm=isch
3613,Global Impact NGO 3613,Kenya,Poverty Relief,https://www.google.com/search?q=Global+Impact+NGO+3613+ngo+work&tbm=isch
3614,Global Impact NGO 3614,UAE,Poverty Relief,https://www.google.com/search?q=Global+Impact+NGO+3614+ngo+work&tbm=isch
3615,Global Impact NGO 3615,Canada,Child Welfare,https://www.google.com/search?q=Global+Impact+NGO+3615+ngo+work&tbm=isch
3616,Global Impact NGO 3616,South Africa,Environment,https://www.google.com/search?q=Global+Impact+NGO+3616+ngo+work&tbm=isch
3617,Global Impact NGO 3617,UK,Health,https://www.google.com/search?q=Global+Impact+NGO+3617+ngo+work&tbm=isch
3618,Global Impact NGO 3618,UK,Environment,https://www.google.com/search?q=Global+Impact+NGO+3618+ngo+work&tbm=isch
3619,Global Impact NGO 3619,Australia,Health,https://www.google.com/search?q=Global+Impact+NGO+3619+ngo+work&tbm=isch
3620,Global Impact NGO 3620,India,Women Empowerment,https://www.google.com/search?q=Global+Impact+NGO+3620+ngo+work&tbm=isch
3621,Global Impact NGO 3621,Canada,Human Rights,https://www.google.com/search?q=Global+Impact+NGO+3621+ngo+work&tbm=isch
3622,Global Impact NGO 3622,UK,Health,https://www.google.com/search?q=Global+Impact+NGO+3622+ngo+work&tbm=isch
3623,Global Impact NGO 3623,UAE,Health,https://www.google.com/search?q=Global+Impact+NGO+3623+ngo+work&tbm=isch
3624,Global Impact NGO 3624,Brazil,Education,https://www.google.com/search?q=Global+Impact+NGO+3624+ngo+work&tbm=isch
3625,Global Impact NGO 3625,South Africa,Health,https://www.google.com/search?q=Global+Impact+NGO+3625+ngo+work&tbm=isch
3626,Global Impact NGO 3626,Canada,Women Empowerment,https://www.google.com/search?q=Global+Impact+NGO+3626+ngo+work&tbm=isch
3627,Global Impact NGO 3627,Germany,Human Rights,https://www.google.com/search?q=Global+Impact+NGO+3627+ngo+work&tbm=isch
3628,Global Impact NGO 3628,UK,Education,https://www.google.com/search?q=Global+Impact+NGO+3628+ngo+work&tbm=isch
3629,Global Impact NGO 3629,UAE,Child Welfare,https://www.google.com/search?q=Global+Impact+NGO+3629+ngo+work&tbm=isch
3630,Global Impact NGO 3630,UK,Child Welfare,https://www.google.com/search?q=Global+Impact+NGO+3630+ngo+work&tbm=isch
3631,Global Impact NGO 3631,Kenya,Education,https://www.google.com/search?q=Global+Impact+NGO+3631+ngo+work&tbm=isch
3632,Global Impact NGO 3632,Kenya,Child Welfare,https://www.google.com/search?q=Global+Impact+NGO+3632+ngo+work&tbm=isch
3633,Global Impact NGO 3633,South Africa,Education,https://www.google.com/search?q=Global+Impact+NGO+3633+ngo+work&tbm=isch
3634,Global Impact NGO 3634,South Africa,Environment,https://www.google.com/search?q=Global+Impact+NGO+3634+ngo+work&tbm=isch
3635,Global Impact NGO 3635,Brazil,Environment,https://www.google.com/search?q=Global+Impact+NGO+3635+ngo+work&tbm=isch
3636,Global Impact NGO 3636,Canada,Human Rights,https://www.google.com/search?q=Global+Impact+NGO+3636+ngo+work&tbm=isch
3637,Global Impact NGO 3637,Canada,Poverty Relief,https://www.google.com/search?q=Global+Impact+NGO+3637+ngo+work&tbm=isch
3638,Global Impact NGO 3638,Australia,Poverty Relief,https://www.google.com/search?q=Global+Impact+NGO+3638+ngo+work&tbm=isch
3639,Global Impact NGO 3639,UAE,Poverty Relief,https://www.google.com/search?q=Global+Impact+NGO+3639+ngo+work&tbm=isch
3640,Global Impact NGO 3640,Brazil,Child Welfare,https://www.google.com/search?q=Global+Impact+NGO+3640+ngo+work&tbm=isch
3641,Global Impact NGO 3641,India,Human Rights,https://www.google.com/search?q=Global+Impact+NGO+3641+ngo+work&tbm=isch
3642,Global Impact NGO 3642,UK,Education,https://www.google.com/search?q=Global+Impact+NGO+3642+ngo+work&tbm=isch
3643,Global Impact NGO 3643,Brazil,Environment,https://www.google.com/search?q=Global+Impact+NGO+3643+ngo+work&tbm=isch
3644,Global Impact NGO 3644,South Africa,Human Rights,https://www.google.com/search?q=Global+Impact+NGO+3644+ngo+work&tbm=isch
3645,Global Impact NGO 3645,Canada,Women Empowerment,https://www.google.com/search?q=Global+Impact+NGO+3645+ngo+work&tbm=isch
3646,Global Impact NGO 3646,Australia,Child Welfare,https://www.google.com/search?q=Global+Impact+NGO+3646+ngo+work&tbm=isch
3647,Global Impact NGO 3647,South Africa,Poverty Relief,https://www.google.com/search?q=Global+Impact+NGO+3647+ngo+work&tbm=isch
3648,Global Impact NGO 3648,Canada,Poverty Relief,https://www.google.com/search?q=Global+Impact+NGO+3648+ngo+work&tbm=isch
3649,Global Impact NGO 3649,Kenya,Child Welfare,https://www.google.com/search?q=Global+Impact+NGO+3649+ngo+work&tbm=isch
3650,Global Impact NGO 3650,UK,Poverty Relief,https://www.google.com/search?q=Global+Impact+NGO+3650+ngo+work&tbm=isch
3651,Global Impact NGO 3651,South Africa,Environment,https://www.google.com/search?q=Global+Impact+NGO+3651+ngo+work&tbm=isch
3652,Global Impact NGO 3652,UK,Poverty Relief,https://www.google.com/search?q=Global+Impact+NGO+3652+ngo+work&tbm=isch
3653,Global Impact NGO 3653,UAE,Women Empowerment,https://www.google.com/search?q=Global+Impact+NGO+3653+ngo+work&tbm=isch
3654,Global Impact NGO 3654,Brazil,Environment,https://www.google.com/search?q=Global+Impact+NGO+3654+ngo+work&tbm=isch
3655,Global Impact NGO 3655,USA,Women Empowerment,https://www.google.com/search?q=Global+Impact+NGO+3655+ngo+work&tbm=isch
3656,Global Impact NGO 3656,UK,Child Welfare,https://www.google.com/search?q=Global+Impact+NGO+3656+ngo+work&tbm=isch
3657,Global Impact NGO 3657,Kenya,Human Rights,https://www.google.com/search?q=Global+Impact+NGO+3657+ngo+work&tbm=isch
3658,Global Impact NGO 3658,UK,Poverty Relief,https://www.google.com/search?q=Global+Impact+NGO+3658+ngo+work&tbm=isch
3659,Global Impact NGO 3659,Germany,Environment,https://www.google.com/search?q=Global+Impact+NGO+3659+ngo+work&tbm=isch
3660,Global Impact NGO 3660,Brazil,Child Welfare,https://www.google.com/search?q=Global+Impact+NGO+3660+ngo+work&tbm=isch
3661,Global Impact NGO 3661,UAE,Poverty Relief,https://www.google.com/search?q=Global+Impact+NGO+3661+ngo+work&tbm=isch
3662,Global Impact NGO 3662,Canada,Environment,https://www.google.com/search?q=Global+Impact+NGO+3662+ngo+work&tbm=isch
3663,Global Impact NGO 3663,India,Women Empowerment,https://www.google.com/search?q=Global+Impact+NGO+3663+ngo+work&tbm=isch
3664,Global Impact NGO 3664,India,Health,https://www.google.com/search?q=Global+Impact+NGO+3664+ngo+work&tbm=isch
3665,Global Impact NGO 3665,Brazil,Women Empowerment,https://www.google.com/search?q=Global+Impact+NGO+3665+ngo+work&tbm=isch
3666,Global Impact NGO 3666,UK,Environment,https://www.google.com/search?q=Global+Impact+NGO+3666+ngo+work&tbm=isch
3667,Global Impact NGO 3667,USA,Environment,https://www.google.com/search?q=Global+Impact+NGO+3667+ngo+work&tbm=isch
3668,Global Impact NGO 3668,Canada,Poverty Relief,https://www.google.com/search?q=Global+Impact+NGO+3668+ngo+work&tbm=isch
3669,Global Impact NGO 3669,Australia,Education,https://www.google.com/search?q=Global+Impact+NGO+3669+ngo+work&tbm=isch
3670,Global Impact NGO 3670,USA,Education,https://www.google.com/search?q=Global+Impact+NGO+3670+ngo+work&tbm=isch
3671,Global Impact NGO 3671,USA,Environment,https://www.google.com/search?q=Global+Impact+NGO+3671+ngo+work&tbm=isch
3672,Global Impact NGO 3672,Canada,Poverty Relief,https://www.google.com/search?q=Global+Impact+NGO+3672+ngo+work&tbm=isch
3673,Global Impact NGO 3673,Germany,Environment,https://www.google.com/search?q=Global+Impact+NGO+3673+ngo+work&tbm=isch
3674,Global Impact NGO 3674,Kenya,Environment,https://www.google.com/search?q=Global+Impact+NGO+3674+ngo+work&tbm=isch
3675,Global Impact NGO 3675,Kenya,Child Welfare,https://www.google.com/search?q=Global+Impact+NGO+3675+ngo+work&tbm=isch
3676,Global Impact NGO 3676,Brazil,Women Empowerment,https://www.google.com/search?q=Global+Impact+NGO+3676+ngo+work&tbm=isch
3677,Global Impact NGO 3677,Brazil,Child Welfare,https://www.google.com/search?q=Global+Impact+NGO+3677+ngo+work&tbm=isch
3678,Global Impact NGO 3678,Canada,Poverty Relief,https://www.google.com/search?q=Global+Impact+NGO+3678+ngo+work&tbm=isch
3679,Global Impact NGO 3679,UAE,Environment,https://www.google.com/search?q=Global+Impact+NGO+3679+ngo+work&tbm=isch
3680,Global Impact NGO 3680,India,Child Welfare,https://www.google.com/search?q=Global+Impact+NGO+3680+ngo+work&tbm=isch
3681,Global Impact NGO 3681,UK,Women Empowerment,https://www.google.com/search?q=Global+Impact+NGO+3681+ngo+work&tbm=isch
3682,Global Impact NGO 3682,India,Women Empowerment,https://www.google.com/search?q=Global+Impact+NGO+3682+ngo+work&tbm=isch
3683,Global Impact NGO 3683,UK,Health,https://www.google.com/search?q=Global+Impact+NGO+3683+ngo+work&tbm=isch
3684,Global Impact NGO 3684,UK,Health,https://www.google.com/search?q=Global+Impact+NGO+3684+ngo+work&tbm=isch
3685,Global Impact NGO 3685,USA,Human Rights,https://www.google.com/search?q=Global+Impact+NGO+3685+ngo+work&tbm=isch
3686,Global Impact NGO 3686,UAE,Education,https://www.google.com/search?q=Global+Impact+NGO+3686+ngo+work&tbm=isch
3687,Global Impact NGO 3687,Brazil,Human Rights,https://www.google.com/search?q=Global+Impact+NGO+3687+ngo+work&tbm=isch
3688,Global Impact NGO 3688,USA,Environment,https://www.google.com/search?q=Global+Impact+NGO+3688+ngo+work&tbm=isch
3689,Global Impact NGO 3689,UAE,Child Welfare,https://www.google.com/search?q=Global+Impact+NGO+3689+ngo+work&tbm=isch
3690,Global Impact NGO 3690,Germany,Health,https://www.google.com/search?q=Global+Impact+NGO+3690+ngo+work&tbm=isch
3691,Global Impact NGO 3691,Germany,Environment,https://www.google.com/search?q=Global+Impact+NGO+3691+ngo+work&tbm=isch
3692,Global Impact NGO 3692,Kenya,Poverty Relief,https://www.google.com/search?q=Global+Impact+NGO+3692+ngo+work&tbm=isch
3693,Global Impact NGO 3693,Australia,Child Welfare,https://www.google.com/search?q=Global+Impact+NGO+3693+ngo+work&tbm=isch
3694,Global Impact NGO 3694,UK,Poverty Relief,https://www.google.com/search?q=Global+Impact+NGO+3694+ngo+work&tbm=isch
3695,Global Impact NGO 3695,UAE,Environment,https://www.google.com/search?q=Global+Impact+NGO+3695+ngo+work&tbm=isch
3696,Global Impact NGO 3696,UAE,Human Rights,https://www.google.com/search?q=Global+Impact+NGO+3696+ngo+work&tbm=isch
3697,Global Impact NGO 3697,Canada,Women Empowerment,https://www.google.com/search?q=Global+Impact+NGO+3697+ngo+work&tbm=isch
3698,Global Impact NGO 3698,Germany,Education,https://www.google.com/search?q=Global+Impact+NGO+3698+ngo+work&tbm=isch
3699,Global Impact NGO 3699,Australia,Health,https://www.google.com/search?q=Global+Impact+NGO+3699+ngo+work&tbm=isch
3700,Global Impact NGO 3700,USA,Human Rights,https://www.google.com/search?q=Global+Impact+NGO+3700+ngo+work&tbm=isch
3701,Global Impact NGO 3701,Kenya,Poverty Relief,https://www.google.com/search?q=Global+Impact+NGO+3701+ngo+work&tbm=isch
3702,Global Impact NGO 3702,UAE,Child Welfare,https://www.google.com/search?q=Global+Impact+NGO+3702+ngo+work&tbm=isch
3703,Global Impact NGO 3703,Canada,Women Empowerment,https://www.google.com/search?q=Global+Impact+NGO+3703+ngo+work&tbm=isch
3704,Global Impact NGO 3704,India,Women Empowerment,https://www.google.com/search?q=Global+Impact+NGO+3704+ngo+work&tbm=isch
3705,Global Impact NGO 3705,USA,Education,https://www.google.com/search?q=Global+Impact+NGO+3705+ngo+work&tbm=isch
3706,Global Impact NGO 3706,UAE,Child Welfare,https://www.google.com/search?q=Global+Impact+NGO+3706+ngo+work&tbm=isch
3707,Global Impact NGO 3707,USA,Health,https://www.google.com/search?q=Global+Impact+NGO+3707+ngo+work&tbm=isch
3708,Global Impact NGO 3708,Canada,Women Empowerment,https://www.google.com/search?q=Global+Impact+NGO+3708+ngo+work&tbm=isch
3709,Global Impact NGO 3709,USA,Women Empowerment,https://www.google.com/search?q=Global+Impact+NGO+3709+ngo+work&tbm=isch
3710,Global Impact NGO 3710,India,Environment,https://www.google.com/search?q=Global+Impact+NGO+3710+ngo+work&tbm=isch
3711,Global Impact NGO 3711,USA,Education,https://www.google.com/search?q=Global+Impact+NGO+3711+ngo+work&tbm=isch
3712,Global Impact NGO 3712,South Africa,Environment,https://www.google.com/search?q=Global+Impact+NGO+3712+ngo+work&tbm=isch
3713,Global Impact NGO 3713,UK,Poverty Relief,https://www.google.com/search?q=Global+Impact+NGO+3713+ngo+work&tbm=isch
3714,Global Impact NGO 3714,Australia,Education,https://www.google.com/search?q=Global+Impact+NGO+3714+ngo+work&tbm=isch
3715,Global Impact NGO 3715,Brazil,Child Welfare,https://www.google.com/search?q=Global+Impact+NGO+3715+ngo+work&tbm=isch
3716,Global Impact NGO 3716,UK,Women Empowerment,https://www.google.com/search?q=Global+Impact+NGO+3716+ngo+work&tbm=isch
3717,Global Impact NGO 3717,Brazil,Education,https://www.google.com/search?q=Global+Impact+NGO+3717+ngo+work&tbm=isch
3718,Global Impact NGO 3718,USA,Poverty Relief,https://www.google.com/search?q=Global+Impact+NGO+3718+ngo+work&tbm=isch
3719,Global Impact NGO 3719,Canada,Poverty Relief,https://www.google.com/search?q=Global+Impact+NGO+3719+ngo+work&tbm=isch
3720,Global Impact NGO 3720,South Africa,Environment,https://www.google.com/search?q=Global+Impact+NGO+3720+ngo+work&tbm=isch
3721,Global Impact NGO 3721,UK,Child Welfare,https://www.google.com/search?q=Global+Impact+NGO+3721+ngo+work&tbm=isch
3722,Global Impact NGO 3722,India,Health,https://www.google.com/search?q=Global+Impact+NGO+3722+ngo+work&tbm=isch
3723,Global Impact NGO 3723,Australia,Women Empowerment,https://www.google.com/search?q=Global+Impact+NGO+3723+ngo+work&tbm=isch
3724,Global Impact NGO 3724,UAE,Poverty Relief,https://www.google.com/search?q=Global+Impact+NGO+3724+ngo+work&tbm=isch
3725,Global Impact NGO 3725,UK,Environment,https://www.google.com/search?q=Global+Impact+NGO+3725+ngo+work&tbm=isch
3726,Global Impact NGO 3726,UK,Poverty Relief,https://www.google.com/search?q=Global+Impact+NGO+3726+ngo+work&tbm=isch
3727,Global Impact NGO 3727,Brazil,Women Empowerment,https://www.google.com/search?q=Global+Impact+NGO+3727+ngo+work&tbm=isch
3728,Global Impact NGO 3728,Germany,Health,https://www.google.com/search?q=Global+Impact+NGO+3728+ngo+work&tbm=isch
3729,Global Impact NGO 3729,Australia,Environment,https://www.google.com/search?q=Global+Impact+NGO+3729+ngo+work&tbm=isch
3730,Global Impact NGO 3730,UK,Environment,https://www.google.com/search?q=Global+Impact+NGO+3730+ngo+work&tbm=isch
3731,Global Impact NGO 3731,Kenya,Environment,https://www.google.com/search?q=Global+Impact+NGO+3731+ngo+work&tbm=isch
3732,Global Impact NGO 3732,UK,Human Rights,https://www.google.com/search?q=Global+Impact+NGO+3732+ngo+work&tbm=isch
3733,Global Impact NGO 3733,South Africa,Women Empowerment,https://www.google.com/search?q=Global+Impact+NGO+3733+ngo+work&tbm=isch
3734,Global Impact NGO 3734,India,Environment,https://www.google.com/search?q=Global+Impact+NGO+3734+ngo+work&tbm=isch
3735,Global Impact NGO 3735,Germany,Women Empowerment,https://www.google.com/search?q=Global+Impact+NGO+3735+ngo+work&tbm=isch
3736,Global Impact NGO 3736,Canada,Health,https://www.google.com/search?q=Global+Impact+NGO+3736+ngo+work&tbm=isch
3737,Global Impact NGO 3737,UAE,Poverty Relief,https://www.google.com/search?q=Global+Impact+NGO+3737+ngo+work&tbm=isch
3738,Global Impact NGO 3738,USA,Women Empowerment,https://www.google.com/search?q=Global+Impact+NGO+3738+ngo+work&tbm=isch
3739,Global Impact NGO 3739,UK,Human Rights,https://www.google.com/search?q=Global+Impact+NGO+3739+ngo+work&tbm=isch
3740,Global Impact NGO 3740,Canada,Human Rights,https://www.google.com/search?q=Global+Impact+NGO+3740+ngo+work&tbm=isch
3741,Global Impact NGO 3741,Germany,Environment,https://www.google.com/search?q=Global+Impact+NGO+3741+ngo+work&tbm=isch
3742,Global Impact NGO 3742,Australia,Environment,https://www.google.com/search?q=Global+Impact+NGO+3742+ngo+work&tbm=isch
3743,Global Impact NGO 3743,Australia,Health,https://www.google.com/search?q=Global+Impact+NGO+3743+ngo+work&tbm=isch
3744,Global Impact NGO 3744,Germany,Poverty Relief,https://www.google.com/search?q=Global+Impact+NGO+3744+ngo+work&tbm=isch
3745,Global Impact NGO 3745,Canada,Environment,https://www.google.com/search?q=Global+Impact+NGO+3745+ngo+work&tbm=isch
3746,Global Impact NGO 3746,UAE,Education,https://www.google.com/search?q=Global+Impact+NGO+3746+ngo+work&tbm=isch
3747,Global Impact NGO 3747,USA,Environment,https://www.google.com/search?q=Global+Impact+NGO+3747+ngo+work&tbm=isch
3748,Global Impact NGO 3748,South Africa,Child Welfare,https://www.google.com/search?q=Global+Impact+NGO+3748+ngo+work&tbm=isch
3749,Global Impact NGO 3749,South Africa,Environment,https://www.google.com/search?q=Global+Impact+NGO+3749+ngo+work&tbm=isch
3750,Global Impact NGO 3750,Australia,Health,https://www.google.com/search?q=Global+Impact+NGO+3750+ngo+work&tbm=isch
3751,Global Impact NGO 3751,Brazil,Women Empowerment,https://www.google.com/search?q=Global+Impact+NGO+3751+ngo+work&tbm=isch
3752,Global Impact NGO 3752,India,Human Rights,https://www.google.com/search?q=Global+Impact+NGO+3752+ngo+work&tbm=isch
3753,Global Impact NGO 3753,South Africa,Women Empowerment,https://www.google.com/search?q=Global+Impact+NGO+3753+ngo+work&tbm=isch
3754,Global Impact NGO 3754,India,Child Welfare,https://www.google.com/search?q=Global+Impact+NGO+3754+ngo+work&tbm=isch
3755,Global Impact NGO 3755,Canada,Human Rights,https://www.google.com/search?q=Global+Impact+NGO+3755+ngo+work&tbm=isch
3756,Global Impact NGO 3756,India,Health,https://www.google.com/search?q=Global+Impact+NGO+3756+ngo+work&tbm=isch
3757,Global Impact NGO 3757,USA,Child Welfare,https://www.google.com/search?q=Global+Impact+NGO+3757+ngo+work&tbm=isch
3758,Global Impact NGO 3758,Canada,Human Rights,https://www.google.com/search?q=Global+Impact+NGO+3758+ngo+work&tbm=isch
3759,Global Impact NGO 3759,UAE,Health,https://www.google.com/search?q=Global+Impact+NGO+3759+ngo+work&tbm=isch
3760,Global Impact NGO 3760,Brazil,Health,https://www.google.com/search?q=Global+Impact+NGO+3760+ngo+work&tbm=isch
3761,Global Impact NGO 3761,Brazil,Education,https://www.google.com/search?q=Global+Impact+NGO+3761+ngo+work&tbm=isch
3762,Global Impact NGO 3762,Brazil,Human Rights,https://www.google.com/search?q=Global+Impact+NGO+3762+ngo+work&tbm=isch
3763,Global Impact NGO 3763,South Africa,Poverty Relief,https://www.google.com/search?q=Global+Impact+NGO+3763+ngo+work&tbm=isch
3764,Global Impact NGO 3764,Canada,Women Empowerment,https://www.google.com/search?q=Global+Impact+NGO+3764+ngo+work&tbm=isch
3765,Global Impact NGO 3765,Germany,Health,https://www.google.com/search?q=Global+Impact+NGO+3765+ngo+work&tbm=isch
3766,Global Impact NGO 3766,Germany,Education,https://www.google.com/search?q=Global+Impact+NGO+3766+ngo+work&tbm=isch
3767,Global Impact NGO 3767,UAE,Poverty Relief,https://www.google.com/search?q=Global+Impact+NGO+3767+ngo+work&tbm=isch
3768,Global Impact NGO 3768,Germany,Human Rights,https://www.google.com/search?q=Global+Impact+NGO+3768+ngo+work&tbm=isch
3769,Global Impact NGO 3769,USA,Health,https://www.google.com/search?q=Global+Impact+NGO+3769+ngo+work&tbm=isch
3770,Global Impact NGO 3770,Germany,Environment,https://www.google.com/search?q=Global+Impact+NGO+3770+ngo+work&tbm=isch
3771,Global Impact NGO 3771,Kenya,Environment,https://www.google.com/search?q=Global+Impact+NGO+3771+ngo+work&tbm=isch
3772,Global Impact NGO 3772,Australia,Women Empowerment,https://www.google.com/search?q=Global+Impact+NGO+3772+ngo+work&tbm=isch
3773,Global Impact NGO 3773,Canada,Women Empowerment,https://www.google.com/search?q=Global+Impact+NGO+3773+ngo+work&tbm=isch
3774,Global Impact NGO 3774,Australia,Health,https://www.google.com/search?q=Global+Impact+NGO+3774+ngo+work&tbm=isch
3775,Global Impact NGO 3775,Australia,Poverty Relief,https://www.google.com/search?q=Global+Impact+NGO+3775+ngo+work&tbm=isch
3776,Global Impact NGO 3776,India,Human Rights,https://www.google.com/search?q=Global+Impact+NGO+3776+ngo+work&tbm=isch
3777,Global Impact NGO 3777,UAE,Child Welfare,https://www.google.com/search?q=Global+Impact+NGO+3777+ngo+work&tbm=isch
3778,Global Impact NGO 3778,India,Child Welfare,https://www.google.com/search?q=Global+Impact+NGO+3778+ngo+work&tbm=isch
3779,Global Impact NGO 3779,Australia,Women Empowerment,https://www.google.com/search?q=Global+Impact+NGO+3779+ngo+work&tbm=isch
3780,Global Impact NGO 3780,Australia,Education,https://www.google.com/search?q=Global+Impact+NGO+3780+ngo+work&tbm=isch
3781,Global Impact NGO 3781,UK,Women Empowerment,https://www.google.com/search?q=Global+Impact+NGO+3781+ngo+work&tbm=isch
3782,Global Impact NGO 3782,Germany,Poverty Relief,https://www.google.com/search?q=Global+Impact+NGO+3782+ngo+work&tbm=isch
3783,Global Impact NGO 3783,UAE,Education,https://www.google.com/search?q=Global+Impact+NGO+3783+ngo+work&tbm=isch
3784,Global Impact NGO 3784,UK,Human Rights,https://www.google.com/search?q=Global+Impact+NGO+3784+ngo+work&tbm=isch
3785,Global Impact NGO 3785,USA,Child Welfare,https://www.google.com/search?q=Global+Impact+NGO+3785+ngo+work&tbm=isch
3786,Global Impact NGO 3786,UK,Environment,https://www.google.com/search?q=Global+Impact+NGO+3786+ngo+work&tbm=isch
3787,Global Impact NGO 3787,Kenya,Human Rights,https://www.google.com/search?q=Global+Impact+NGO+3787+ngo+work&tbm=isch
3788,Global Impact NGO 3788,Kenya,Poverty Relief,https://www.google.com/search?q=Global+Impact+NGO+3788+ngo+work&tbm=isch
3789,Global Impact NGO 3789,Germany,Human Rights,https://www.google.com/search?q=Global+Impact+NGO+3789+ngo+work&tbm=isch
3790,Global Impact NGO 3790,Germany,Education,https://www.google.com/search?q=Global+Impact+NGO+3790+ngo+work&tbm=isch
3791,Global Impact NGO 3791,Germany,Human Rights,https://www.google.com/search?q=Global+Impact+NGO+3791+ngo+work&tbm=isch
3792,Global Impact NGO 3792,Australia,Environment,https://www.google.com/search?q=Global+Impact+NGO+3792+ngo+work&tbm=isch
3793,Global Impact NGO 3793,USA,Human Rights,https://www.google.com/search?q=Global+Impact+NGO+3793+ngo+work&tbm=isch
3794,Global Impact NGO 3794,Canada,Women Empowerment,https://www.google.com/search?q=Global+Impact+NGO+3794+ngo+work&tbm=isch
3795,Global Impact NGO 3795,UK,Health,https://www.google.com/search?q=Global+Impact+NGO+3795+ngo+work&tbm=isch
3796,Global Impact NGO 3796,UAE,Health,https://www.google.com/search?q=Global+Impact+NGO+3796+ngo+work&tbm=isch
3797,Global Impact NGO 3797,Kenya,Poverty Relief,https://www.google.com/search?q=Global+Impact+NGO+3797+ngo+work&tbm=isch
3798,Global Impact NGO 3798,Germany,Child Welfare,https://www.google.com/search?q=Global+Impact+NGO+3798+ngo+work&tbm=isch
3799,Global Impact NGO 3799,South Africa,Child Welfare,https://www.google.com/search?q=Global+Impact+NGO+3799+ngo+work&tbm=isch
3800,Global Impact NGO 3800,Germany,Women Empowerment,https://www.google.com/search?q=Global+Impact+NGO+3800+ngo+work&tbm=isch
3801,Global Impact NGO 3801,UAE,Human Rights,https://www.google.com/search?q=Global+Impact+NGO+3801+ngo+work&tbm=isch
3802,Global Impact NGO 3802,Germany,Poverty Relief,https://www.google.com/search?q=Global+Impact+NGO+3802+ngo+work&tbm=isch
3803,Global Impact NGO 3803,India,Women Empowerment,https://www.google.com/search?q=Global+Impact+NGO+3803+ngo+work&tbm=isch
3804,Global Impact NGO 3804,India,Environment,https://www.google.com/search?q=Global+Impact+NGO+3804+ngo+work&tbm=isch
3805,Global Impact NGO 3805,USA,Education,https://www.google.com/search?q=Global+Impact+NGO+3805+ngo+work&tbm=isch
3806,Global Impact NGO 3806,South Africa,Environment,https://www.google.com/search?q=Global+Impact+NGO+3806+ngo+work&tbm=isch
3807,Global Impact NGO 3807,Brazil,Human Rights,https://www.google.com/search?q=Global+Impact+NGO+3807+ngo+work&tbm=isch
3808,Global Impact NGO 3808,UAE,Human Rights,https://www.google.com/search?q=Global+Impact+NGO+3808+ngo+work&tbm=isch
3809,Global Impact NGO 3809,Brazil,Child Welfare,https://www.google.com/search?q=Global+Impact+NGO+3809+ngo+work&tbm=isch
3810,Global Impact NGO 3810,UAE,Human Rights,https://www.google.com/search?q=Global+Impact+NGO+3810+ngo+work&tbm=isch
3811,Global Impact NGO 3811,UAE,Environment,https://www.google.com/search?q=Global+Impact+NGO+3811+ngo+work&tbm=isch
3812,Global Impact NGO 3812,Canada,Education,https://www.google.com/search?q=Global+Impact+NGO+3812+ngo+work&tbm=isch
3813,Global Impact NGO 3813,Canada,Poverty Relief,https://www.google.com/search?q=Global+Impact+NGO+3813+ngo+work&tbm=isch
3814,Global Impact NGO 3814,Kenya,Environment,https://www.google.com/search?q=Global+Impact+NGO+3814+ngo+work&tbm=isch
3815,Global Impact NGO 3815,Kenya,Women Empowerment,https://www.google.com/search?q=Global+Impact+NGO+3815+ngo+work&tbm=isch
3816,Global Impact NGO 3816,USA,Human Rights,https://www.google.com/search?q=Global+Impact+NGO+3816+ngo+work&tbm=isch
3817,Global Impact NGO 3817,Australia,Education,https://www.google.com/search?q=Global+Impact+NGO+3817+ngo+work&tbm=isch
3818,Global Impact NGO 3818,Canada,Health,https://www.google.com/search?q=Global+Impact+NGO+3818+ngo+work&tbm=isch
3819,Global Impact NGO 3819,UAE,Human Rights,https://www.google.com/search?q=Global+Impact+NGO+3819+ngo+work&tbm=isch
3820,Global Impact NGO 3820,India,Child Welfare,https://www.google.com/search?q=Global+Impact+NGO+3820+ngo+work&tbm=isch
3821,Global Impact NGO 3821,Australia,Education,https://www.google.com/search?q=Global+Impact+NGO+3821+ngo+work&tbm=isch
3822,Global Impact NGO 3822,Germany,Poverty Relief,https://www.google.com/search?q=Global+Impact+NGO+3822+ngo+work&tbm=isch
3823,Global Impact NGO 3823,Canada,Education,https://www.google.com/search?q=Global+Impact+NGO+3823+ngo+work&tbm=isch
3824,Global Impact NGO 3824,South Africa,Health,https://www.google.com/search?q=Global+Impact+NGO+3824+ngo+work&tbm=isch
3825,Global Impact NGO 3825,India,Health,https://www.google.com/search?q=Global+Impact+NGO+3825+ngo+work&tbm=isch
3826,Global Impact NGO 3826,USA,Environment,https://www.google.com/search?q=Global+Impact+NGO+3826+ngo+work&tbm=isch
3827,Global Impact NGO 3827,India,Health,https://www.google.com/search?q=Global+Impact+NGO+3827+ngo+work&tbm=isch
3828,Global Impact NGO 3828,Brazil,Women Empowerment,https://www.google.com/search?q=Global+Impact+NGO+3828+ngo+work&tbm=isch
3829,Global Impact NGO 3829,Australia,Environment,https://www.google.com/search?q=Global+Impact+NGO+3829+ngo+work&tbm=isch
3830,Global Impact NGO 3830,Brazil,Health,https://www.google.com/search?q=Global+Impact+NGO+3830+ngo+work&tbm=isch
3831,Global Impact NGO 3831,Canada,Environment,https://www.google.com/search?q=Global+Impact+NGO+3831+ngo+work&tbm=isch
3832,Global Impact NGO 3832,USA,Poverty Relief,https://www.google.com/search?q=Global+Impact+NGO+3832+ngo+work&tbm=isch
3833,Global Impact NGO 3833,USA,Education,https://www.google.com/search?q=Global+Impact+NGO+3833+ngo+work&tbm=isch
3834,Global Impact NGO 3834,USA,Human Rights,https://www.google.com/search?q=Global+Impact+NGO+3834+ngo+work&tbm=isch
3835,Global Impact NGO 3835,Germany,Child Welfare,https://www.google.com/search?q=Global+Impact+NGO+3835+ngo+work&tbm=isch
3836,Global Impact NGO 3836,Kenya,Environment,https://www.google.com/search?q=Global+Impact+NGO+3836+ngo+work&tbm=isch
3837,Global Impact NGO 3837,South Africa,Human Rights,https://www.google.com/search?q=Global+Impact+NGO+3837+ngo+work&tbm=isch
3838,Global Impact NGO 3838,UAE,Education,https://www.google.com/search?q=Global+Impact+NGO+3838+ngo+work&tbm=isch
3839,Global Impact NGO 3839,Germany,Health,https://www.google.com/search?q=Global+Impact+NGO+3839+ngo+work&tbm=isch
3840,Global Impact NGO 3840,South Africa,Environment,https://www.google.com/search?q=Global+Impact+NGO+3840+ngo+work&tbm=isch
3841,Global Impact NGO 3841,UK,Human Rights,https://www.google.com/search?q=Global+Impact+NGO+3841+ngo+work&tbm=isch
3842,Global Impact NGO 3842,USA,Health,https://www.google.com/search?q=Global+Impact+NGO+3842+ngo+work&tbm=isch
3843,Global Impact NGO 3843,South Africa,Child Welfare,https://www.google.com/search?q=Global+Impact+NGO+3843+ngo+work&tbm=isch
3844,Global Impact NGO 3844,Germany,Environment,https://www.google.com/search?q=Global+Impact+NGO+3844+ngo+work&tbm=isch
3845,Global Impact NGO 3845,Canada,Environment,https://www.google.com/search?q=Global+Impact+NGO+3845+ngo+work&tbm=isch
3846,Global Impact NGO 3846,UAE,Education,https://www.google.com/search?q=Global+Impact+NGO+3846+ngo+work&tbm=isch
3847,Global Impact NGO 3847,UAE,Environment,https://www.google.com/search?q=Global+Impact+NGO+3847+ngo+work&tbm=isch
3848,Global Impact NGO 3848,South Africa,Poverty Relief,https://www.google.com/search?q=Global+Impact+NGO+3848+ngo+work&tbm=isch
3849,Global Impact NGO 3849,India,Women Empowerment,https://www.google.com/search?q=Global+Impact+NGO+3849+ngo+work&tbm=isch
3850,Global Impact NGO 3850,India,Health,https://www.google.com/search?q=Global+Impact+NGO+3850+ngo+work&tbm=isch
3851,Global Impact NGO 3851,India,Child Welfare,https://www.google.com/search?q=Global+Impact+NGO+3851+ngo+work&tbm=isch
3852,Global Impact NGO 3852,UK,Women Empowerment,https://www.google.com/search?q=Global+Impact+NGO+3852+ngo+work&tbm=isch
3853,Global Impact NGO 3853,India,Women Empowerment,https://www.google.com/search?q=Global+Impact+NGO+3853+ngo+work&tbm=isch
3854,Global Impact NGO 3854,Kenya,Women Empowerment,https://www.google.com/search?q=Global+Impact+NGO+3854+ngo+work&tbm=isch
3855,Global Impact NGO 3855,Australia,Women Empowerment,https://www.google.com/search?q=Global+Impact+NGO+3855+ngo+work&tbm=isch
3856,Global Impact NGO 3856,Germany,Child Welfare,https://www.google.com/search?q=Global+Impact+NGO+3856+ngo+work&tbm=isch
3857,Global Impact NGO 3857,Australia,Child Welfare,https://www.google.com/search?q=Global+Impact+NGO+3857+ngo+work&tbm=isch
3858,Global Impact NGO 3858,UAE,Environment,https://www.google.com/search?q=Global+Impact+NGO+3858+ngo+work&tbm=isch
3859,Global Impact NGO 3859,Germany,Education,https://www.google.com/search?q=Global+Impact+NGO+3859+ngo+work&tbm=isch
3860,Global Impact NGO 3860,UAE,Health,https://www.google.com/search?q=Global+Impact+NGO+3860+ngo+work&tbm=isch
3861,Global Impact NGO 3861,Australia,Human Rights,https://www.google.com/search?q=Global+Impact+NGO+3861+ngo+work&tbm=isch
3862,Global Impact NGO 3862,Brazil,Environment,https://www.google.com/search?q=Global+Impact+NGO+3862+ngo+work&tbm=isch
3863,Global Impact NGO 3863,South Africa,Women Empowerment,https://www.google.com/search?q=Global+Impact+NGO+3863+ngo+work&tbm=isch
3864,Global Impact NGO 3864,UAE,Health,https://www.google.com/search?q=Global+Impact+NGO+3864+ngo+work&tbm=isch
3865,Global Impact NGO 3865,Germany,Child Welfare,https://www.google.com/search?q=Global+Impact+NGO+3865+ngo+work&tbm=isch
3866,Global Impact NGO 3866,USA,Poverty Relief,https://www.google.com/search?q=Global+Impact+NGO+3866+ngo+work&tbm=isch
3867,Global Impact NGO 3867,UK,Women Empowerment,https://www.google.com/search?q=Global+Impact+NGO+3867+ngo+work&tbm=isch
3868,Global Impact NGO 3868,Brazil,Human Rights,https://www.google.com/search?q=Global+Impact+NGO+3868+ngo+work&tbm=isch
3869,Global Impact NGO 3869,USA,Child Welfare,https://www.google.com/search?q=Global+Impact+NGO+3869+ngo+work&tbm=isch
3870,Global Impact NGO 3870,Germany,Education,https://www.google.com/search?q=Global+Impact+NGO+3870+ngo+work&tbm=isch
3871,Global Impact NGO 3871,Canada,Child Welfare,https://www.google.com/search?q=Global+Impact+NGO+3871+ngo+work&tbm=isch
3872,Global Impact NGO 3872,Canada,Poverty Relief,https://www.google.com/search?q=Global+Impact+NGO+3872+ngo+work&tbm=isch
3873,Global Impact NGO 3873,Germany,Child Welfare,https://www.google.com/search?q=Global+Impact+NGO+3873+ngo+work&tbm=isch
3874,Global Impact NGO 3874,USA,Child Welfare,https://www.google.com/search?q=Global+Impact+NGO+3874+ngo+work&tbm=isch
3875,Global Impact NGO 3875,Australia,Women Empowerment,https://www.google.com/search?q=Global+Impact+NGO+3875+ngo+work&tbm=isch
3876,Global Impact NGO 3876,India,Poverty Relief,https://www.google.com/search?q=Global+Impact+NGO+3876+ngo+work&tbm=isch
3877,Global Impact NGO 3877,UK,Education,https://www.google.com/search?q=Global+Impact+NGO+3877+ngo+work&tbm=isch
3878,Global Impact NGO 3878,Germany,Child Welfare,https://www.google.com/search?q=Global+Impact+NGO+3878+ngo+work&tbm=isch
3879,Global Impact NGO 3879,South Africa,Health,https://www.google.com/search?q=Global+Impact+NGO+3879+ngo+work&tbm=isch
3880,Global Impact NGO 3880,Germany,Child Welfare,https://www.google.com/search?q=Global+Impact+NGO+3880+ngo+work&tbm=isch
3881,Global Impact NGO 3881,USA,Education,https://www.google.com/search?q=Global+Impact+NGO+3881+ngo+work&tbm=isch
3882,Global Impact NGO 3882,Kenya,Women Empowerment,https://www.google.com/search?q=Global+Impact+NGO+3882+ngo+work&tbm=isch
3883,Global Impact NGO 3883,South Africa,Health,https://www.google.com/search?q=Global+Impact+NGO+3883+ngo+work&tbm=isch
3884,Global Impact NGO 3884,Germany,Child Welfare,https://www.google.com/search?q=Global+Impact+NGO+3884+ngo+work&tbm=isch
3885,Global Impact NGO 3885,USA,Education,https://www.google.com/search?q=Global+Impact+NGO+3885+ngo+work&tbm=isch
3886,Global Impact NGO 3886,USA,Poverty Relief,https://www.google.com/search?q=Global+Impact+NGO+3886+ngo+work&tbm=isch
3887,Global Impact NGO 3887,UAE,Women Empowerment,https://www.google.com/search?q=Global+Impact+NGO+3887+ngo+work&tbm=isch
3888,Global Impact NGO 3888,Kenya,Poverty Relief,https://www.google.com/search?q=Global+Impact+NGO+3888+ngo+work&tbm=isch
3889,Global Impact NGO 3889,Canada,Education,https://www.google.com/search?q=Global+Impact+NGO+3889+ngo+work&tbm=isch
3890,Global Impact NGO 3890,UAE,Environment,https://www.google.com/search?q=Global+Impact+NGO+3890+ngo+work&tbm=isch
3891,Global Impact NGO 3891,Canada,Health,https://www.google.com/search?q=Global+Impact+NGO+3891+ngo+work&tbm=isch
3892,Global Impact NGO 3892,Canada,Environment,https://www.google.com/search?q=Global+Impact+NGO+3892+ngo+work&tbm=isch
3893,Global Impact NGO 3893,Germany,Poverty Relief,https://www.google.com/search?q=Global+Impact+NGO+3893+ngo+work&tbm=isch
3894,Global Impact NGO 3894,India,Child Welfare,https://www.google.com/search?q=Global+Impact+NGO+3894+ngo+work&tbm=isch
3895,Global Impact NGO 3895,UK,Human Rights,https://www.google.com/search?q=Global+Impact+NGO+3895+ngo+work&tbm=isch
3896,Global Impact NGO 3896,USA,Child Welfare,https://www.google.com/search?q=Global+Impact+NGO+3896+ngo+work&tbm=isch
3897,Global Impact NGO 3897,Canada,Health,https://www.google.com/search?q=Global+Impact+NGO+3897+ngo+work&tbm=isch
3898,Global Impact NGO 3898,Germany,Women Empowerment,https://www.google.com/search?q=Global+Impact+NGO+3898+ngo+work&tbm=isch
3899,Global Impact NGO 3899,UK,Health,https://www.google.com/search?q=Global+Impact+NGO+3899+ngo+work&tbm=isch
3900,Global Impact NGO 3900,Kenya,Education,https://www.google.com/search?q=Global+Impact+NGO+3900+ngo+work&tbm=isch
3901,Global Impact NGO 3901,Germany,Education,https://www.google.com/search?q=Global+Impact+NGO+3901+ngo+work&tbm=isch
3902,Global Impact NGO 3902,USA,Poverty Relief,https://www.google.com/search?q=Global+Impact+NGO+3902+ngo+work&tbm=isch
3903,Global Impact NGO 3903,UK,Child Welfare,https://www.google.com/search?q=Global+Impact+NGO+3903+ngo+work&tbm=isch
3904,Global Impact NGO 3904,Canada,Child Welfare,https://www.google.com/search?q=Global+Impact+NGO+3904+ngo+work&tbm=isch
3905,Global Impact NGO 3905,South Africa,Poverty Relief,https://www.google.com/search?q=Global+Impact+NGO+3905+ngo+work&tbm=isch
3906,Global Impact NGO 3906,Germany,Women Empowerment,https://www.google.com/search?q=Global+Impact+NGO+3906+ngo+work&tbm=isch
3907,Global Impact NGO 3907,Kenya,Human Rights,https://www.google.com/search?q=Global+Impact+NGO+3907+ngo+work&tbm=isch
3908,Global Impact NGO 3908,South Africa,Education,https://www.google.com/search?q=Global+Impact+NGO+3908+ngo+work&tbm=isch
3909,Global Impact NGO 3909,Brazil,Human Rights,https://www.google.com/search?q=Global+Impact+NGO+3909+ngo+work&tbm=isch
3910,Global Impact NGO 3910,South Africa,Health,https://www.google.com/search?q=Global+Impact+NGO+3910+ngo+work&tbm=isch
3911,Global Impact NGO 3911,USA,Human Rights,https://www.google.com/search?q=Global+Impact+NGO+3911+ngo+work&tbm=isch
3912,Global Impact NGO 3912,Australia,Poverty Relief,https://www.google.com/search?q=Global+Impact+NGO+3912+ngo+work&tbm=isch
3913,Global Impact NGO 3913,India,Environment,https://www.google.com/search?q=Global+Impact+NGO+3913+ngo+work&tbm=isch
3914,Global Impact NGO 3914,South Africa,Health,https://www.google.com/search?q=Global+Impact+NGO+3914+ngo+work&tbm=isch
3915,Global Impact NGO 3915,India,Health,https://www.google.com/search?q=Global+Impact+NGO+3915+ngo+work&tbm=isch
3916,Global Impact NGO 3916,UK,Child Welfare,https://www.google.com/search?q=Global+Impact+NGO+3916+ngo+work&tbm=isch
3917,Global Impact NGO 3917,UAE,Health,https://www.google.com/search?q=Global+Impact+NGO+3917+ngo+work&tbm=isch
3918,Global Impact NGO 3918,Brazil,Education,https://www.google.com/search?q=Global+Impact+NGO+3918+ngo+work&tbm=isch
3919,Global Impact NGO 3919,UK,Education,https://www.google.com/search?q=Global+Impact+NGO+3919+ngo+work&tbm=isch
3920,Global Impact NGO 3920,UK,Women Empowerment,https://www.google.com/search?q=Global+Impact+NGO+3920+ngo+work&tbm=isch
3921,Global Impact NGO 3921,UAE,Human Rights,https://www.google.com/search?q=Global+Impact+NGO+3921+ngo+work&tbm=isch
3922,Global Impact NGO 3922,Brazil,Child Welfare,https://www.google.com/search?q=Global+Impact+NGO+3922+ngo+work&tbm=isch
3923,Global Impact NGO 3923,Kenya,Women Empowerment,https://www.google.com/search?q=Global+Impact+NGO+3923+ngo+work&tbm=isch
3924,Global Impact NGO 3924,Brazil,Health,https://www.google.com/search?q=Global+Impact+NGO+3924+ngo+work&tbm=isch
3925,Global Impact NGO 3925,South Africa,Women Empowerment,https://www.google.com/search?q=Global+Impact+NGO+3925+ngo+work&tbm=isch
3926,Global Impact NGO 3926,India,Education,https://www.google.com/search?q=Global+Impact+NGO+3926+ngo+work&tbm=isch
3927,Global Impact NGO 3927,Canada,Women Empowerment,https://www.google.com/search?q=Global+Impact+NGO+3927+ngo+work&tbm=isch
3928,Global Impact NGO 3928,South Africa,Education,https://www.google.com/search?q=Global+Impact+NGO+3928+ngo+work&tbm=isch
3929,Global Impact NGO 3929,India,Child Welfare,https://www.google.com/search?q=Global+Impact+NGO+3929+ngo+work&tbm=isch
3930,Global Impact NGO 3930,India,Education,https://www.google.com/search?q=Global+Impact+NGO+3930+ngo+work&tbm=isch
3931,Global Impact NGO 3931,Brazil,Poverty Relief,https://www.google.com/search?q=Global+Impact+NGO+3931+ngo+work&tbm=isch
3932,Global Impact NGO 3932,Canada,Environment,https://www.google.com/search?q=Global+Impact+NGO+3932+ngo+work&tbm=isch
3933,Global Impact NGO 3933,Australia,Child Welfare,https://www.google.com/search?q=Global+Impact+NGO+3933+ngo+work&tbm=isch
3934,Global Impact NGO 3934,Canada,Education,https://www.google.com/search?q=Global+Impact+NGO+3934+ngo+work&tbm=isch
3935,Global Impact NGO 3935,South Africa,Women Empowerment,https://www.google.com/search?q=Global+Impact+NGO+3935+ngo+work&tbm=isch
3936,Global Impact NGO 3936,Canada,Education,https://www.google.com/search?q=Global+Impact+NGO+3936+ngo+work&tbm=isch
3937,Global Impact NGO 3937,Brazil,Child Welfare,https://www.google.com/search?q=Global+Impact+NGO+3937+ngo+work&tbm=isch
3938,Global Impact NGO 3938,USA,Poverty Relief,https://www.google.com/search?q=Global+Impact+NGO+3938+ngo+work&tbm=isch
3939,Global Impact NGO 3939,Brazil,Education,https://www.google.com/search?q=Global+Impact+NGO+3939+ngo+work&tbm=isch
3940,Global Impact NGO 3940,UAE,Human Rights,https://www.google.com/search?q=Global+Impact+NGO+3940+ngo+work&tbm=isch
3941,Global Impact NGO 3941,Brazil,Health,https://www.google.com/search?q=Global+Impact+NGO+3941+ngo+work&tbm=isch
3942,Global Impact NGO 3942,India,Poverty Relief,https://www.google.com/search?q=Global+Impact+NGO+3942+ngo+work&tbm=isch
3943,Global Impact NGO 3943,South Africa,Health,https://www.google.com/search?q=Global+Impact+NGO+3943+ngo+work&tbm=isch
3944,Global Impact NGO 3944,Germany,Human Rights,https://www.google.com/search?q=Global+Impact+NGO+3944+ngo+work&tbm=isch
3945,Global Impact NGO 3945,Australia,Poverty Relief,https://www.google.com/search?q=Global+Impact+NGO+3945+ngo+work&tbm=isch
3946,Global Impact NGO 3946,USA,Human Rights,https://www.google.com/search?q=Global+Impact+NGO+3946+ngo+work&tbm=isch
3947,Global Impact NGO 3947,Brazil,Human Rights,https://www.google.com/search?q=Global+Impact+NGO+3947+ngo+work&tbm=isch
3948,Global Impact NGO 3948,Brazil,Education,https://www.google.com/search?q=Global+Impact+NGO+3948+ngo+work&tbm=isch
3949,Global Impact NGO 3949,Germany,Human Rights,https://www.google.com/search?q=Global+Impact+NGO+3949+ngo+work&tbm=isch
3950,Global Impact NGO 3950,UK,Education,https://www.google.com/search?q=Global+Impact+NGO+3950+ngo+work&tbm=isch
3951,Global Impact NGO 3951,Germany,Child Welfare,https://www.google.com/search?q=Global+Impact+NGO+3951+ngo+work&tbm=isch
3952,Global Impact NGO 3952,UAE,Health,https://www.google.com/search?q=Global+Impact+NGO+3952+ngo+work&tbm=isch
3953,Global Impact NGO 3953,Kenya,Women Empowerment,https://www.google.com/search?q=Global+Impact+NGO+3953+ngo+work&tbm=isch
3954,Global Impact NGO 3954,Brazil,Environment,https://www.google.com/search?q=Global+Impact+NGO+3954+ngo+work&tbm=isch
3955,Global Impact NGO 3955,Brazil,Human Rights,https://www.google.com/search?q=Global+Impact+NGO+3955+ngo+work&tbm=isch
3956,Global Impact NGO 3956,South Africa,Women Empowerment,https://www.google.com/search?q=Global+Impact+NGO+3956+ngo+work&tbm=isch
3957,Global Impact NGO 3957,Kenya,Poverty Relief,https://www.google.com/search?q=Global+Impact+NGO+3957+ngo+work&tbm=isch
3958,Global Impact NGO 3958,UK,Poverty Relief,https://www.google.com/search?q=Global+Impact+NGO+3958+ngo+work&tbm=isch
3959,Global Impact NGO 3959,Brazil,Health,https://www.google.com/search?q=Global+Impact+NGO+3959+ngo+work&tbm=isch
3960,Global Impact NGO 3960,Brazil,Education,https://www.google.com/search?q=Global+Impact+NGO+3960+ngo+work&tbm=isch
3961,Global Impact NGO 3961,Kenya,Human Rights,https://www.google.com/search?q=Global+Impact+NGO+3961+ngo+work&tbm=isch
3962,Global Impact NGO 3962,UK,Women Empowerment,https://www.google.com/search?q=Global+Impact+NGO+3962+ngo+work&tbm=isch
3963,Global Impact NGO 3963,Australia,Child Welfare,https://www.google.com/search?q=Global+Impact+NGO+3963+ngo+work&tbm=isch
3964,Global Impact NGO 3964,Canada,Education,https://www.google.com/search?q=Global+Impact+NGO+3964+ngo+work&tbm=isch
3965,Global Impact NGO 3965,Brazil,Human Rights,https://www.google.com/search?q=Global+Impact+NGO+3965+ngo+work&tbm=isch
3966,Global Impact NGO 3966,Australia,Education,https://www.google.com/search?q=Global+Impact+NGO+3966+ngo+work&tbm=isch
3967,Global Impact NGO 3967,UAE,Women Empowerment,https://www.google.com/search?q=Global+Impact+NGO+3967+ngo+work&tbm=isch
3968,Global Impact NGO 3968,Australia,Human Rights,https://www.google.com/search?q=Global+Impact+NGO+3968+ngo+work&tbm=isch
3969,Global Impact NGO 3969,USA,Human Rights,https://www.google.com/search?q=Global+Impact+NGO+3969+ngo+work&tbm=isch
3970,Global Impact NGO 3970,Germany,Education,https://www.google.com/search?q=Global+Impact+NGO+3970+ngo+work&tbm=isch
3971,Global Impact NGO 3971,Canada,Education,https://www.google.com/search?q=Global+Impact+NGO+3971+ngo+work&tbm=isch
3972,Global Impact NGO 3972,Germany,Health,https://www.google.com/search?q=Global+Impact+NGO+3972+ngo+work&tbm=isch
3973,Global Impact NGO 3973,USA,Health,https://www.google.com/search?q=Global+Impact+NGO+3973+ngo+work&tbm=isch
3974,Global Impact NGO 3974,UK,Poverty Relief,https://www.google.com/search?q=Global+Impact+NGO+3974+ngo+work&tbm=isch
3975,Global Impact NGO 3975,UAE,Environment,https://www.google.com/search?q=Global+Impact+NGO+3975+ngo+work&tbm=isch
3976,Global Impact NGO 3976,South Africa,Poverty Relief,https://www.google.com/search?q=Global+Impact+NGO+3976+ngo+work&tbm=isch
3977,Global Impact NGO 3977,USA,Education,https://www.google.com/search?q=Global+Impact+NGO+3977+ngo+work&tbm=isch
3978,Global Impact NGO 3978,Australia,Child Welfare,https://www.google.com/search?q=Global+Impact+NGO+3978+ngo+work&tbm=isch
3979,Global Impact NGO 3979,South Africa,Human Rights,https://www.google.com/search?q=Global+Impact+NGO+3979+ngo+work&tbm=isch
3980,Global Impact NGO 3980,Australia,Environment,https://www.google.com/search?q=Global+Impact+NGO+3980+ngo+work&tbm=isch
3981,Global Impact NGO 3981,UK,Women Empowerment,https://www.google.com/search?q=Global+Impact+NGO+3981+ngo+work&tbm=isch
3982,Global Impact NGO 3982,UAE,Environment,https://www.google.com/search?q=Global+Impact+NGO+3982+ngo+work&tbm=isch
3983,Global Impact NGO 3983,UK,Women Empowerment,https://www.google.com/search?q=Global+Impact+NGO+3983+ngo+work&tbm=isch
3984,Global Impact NGO 3984,Germany,Health,https://www.google.com/search?q=Global+Impact+NGO+3984+ngo+work&tbm=isch
3985,Global Impact NGO 3985,Brazil,Human Rights,https://www.google.com/search?q=Global+Impact+NGO+3985+ngo+work&tbm=isch
3986,Global Impact NGO 3986,South Africa,Education,https://www.google.com/search?q=Global+Impact+NGO+3986+ngo+work&tbm=isch
3987,Global Impact NGO 3987,Canada,Health,https://www.google.com/search?q=Global+Impact+NGO+3987+ngo+work&tbm=isch
3988,Global Impact NGO 3988,Australia,Child Welfare,https://www.google.com/search?q=Global+Impact+NGO+3988+ngo+work&tbm=isch
3989,Global Impact NGO 3989,India,Human Rights,https://www.google.com/search?q=Global+Impact+NGO+3989+ngo+work&tbm=isch
3990,Global Impact NGO 3990,USA,Women Empowerment,https://www.google.com/search?q=Global+Impact+NGO+3990+ngo+work&tbm=isch
3991,Global Impact NGO 3991,Germany,Health,https://www.google.com/search?q=Global+Impact+NGO+3991+ngo+work&tbm=isch
3992,Global Impact NGO 3992,UAE,Education,https://www.google.com/search?q=Global+Impact+NGO+3992+ngo+work&tbm=isch
3993,Global Impact NGO 3993,India,Health,https://www.google.com/search?q=Global+Impact+NGO+3993+ngo+work&tbm=isch
3994,Global Impact NGO 3994,UAE,Environment,https://www.google.com/search?q=Global+Impact+NGO+3994+ngo+work&tbm=isch
3995,Global Impact NGO 3995,Germany,Environment,https://www.google.com/search?q=Global+Impact+NGO+3995+ngo+work&tbm=isch
3996,Global Impact NGO 3996,Australia,Health,https://www.google.com/search?q=Global+Impact+NGO+3996+ngo+work&tbm=isch
3997,Global Impact NGO 3997,UK,Education,https://www.google.com/search?q=Global+Impact+NGO+3997+ngo+work&tbm=isch
3998,Global Impact NGO 3998,Germany,Environment,https://www.google.com/search?q=Global+Impact+NGO+3998+ngo+work&tbm=isch
3999,Global Impact NGO 3999,Kenya,Human Rights,https://www.google.com/search?q=Global+Impact+NGO+3999+ngo+work&tbm=isch
4000,Global Impact NGO 4000,Kenya,Education,https://www.google.com/search?q=Global+Impact+NGO+4000+ngo+work&tbm=isch
4001,Global Impact NGO 4001,Kenya,Education,https://www.google.com/search?q=Global+Impact+NGO+4001+ngo+work&tbm=isch
4002,Global Impact NGO 4002,Canada,Child Welfare,https://www.google.com/search?q=Global+Impact+NGO+4002+ngo+work&tbm=isch
4003,Global Impact NGO 4003,South Africa,Human Rights,https://www.google.com/search?q=Global+Impact+NGO+4003+ngo+work&tbm=isch
4004,Global Impact NGO 4004,South Africa,Human Rights,https://www.google.com/search?q=Global+Impact+NGO+4004+ngo+work&tbm=isch
4005,Global Impact NGO 4005,Brazil,Poverty Relief,https://www.google.com/search?q=Global+Impact+NGO+4005+ngo+work&tbm=isch
4006,Global Impact NGO 4006,India,Environment,https://www.google.com/search?q=Global+Impact+NGO+4006+ngo+work&tbm=isch
4007,Global Impact NGO 4007,Canada,Health,https://www.google.com/search?q=Global+Impact+NGO+4007+ngo+work&tbm=isch
4008,Global Impact NGO 4008,India,Human Rights,https://www.google.com/search?q=Global+Impact+NGO+4008+ngo+work&tbm=isch
4009,Global Impact NGO 4009,Australia,Education,https://www.google.com/search?q=Global+Impact+NGO+4009+ngo+work&tbm=isch
4010,Global Impact NGO 4010,Brazil,Women Empowerment,https://www.google.com/search?q=Global+Impact+NGO+4010+ngo+work&tbm=isch
4011,Global Impact NGO 4011,South Africa,Women Empowerment,https://www.google.com/search?q=Global+Impact+NGO+4011+ngo+work&tbm=isch
4012,Global Impact NGO 4012,Canada,Education,https://www.google.com/search?q=Global+Impact+NGO+4012+ngo+work&tbm=isch
4013,Global Impact NGO 4013,Brazil,Child Welfare,https://www.google.com/search?q=Global+Impact+NGO+4013+ngo+work&tbm=isch
4014,Global Impact NGO 4014,UK,Human Rights,https://www.google.com/search?q=Global+Impact+NGO+4014+ngo+work&tbm=isch
4015,Global Impact NGO 4015,Australia,Health,https://www.google.com/search?q=Global+Impact+NGO+4015+ngo+work&tbm=isch
4016,Global Impact NGO 4016,Australia,Women Empowerment,https://www.google.com/search?q=Global+Impact+NGO+4016+ngo+work&tbm=isch
4017,Global Impact NGO 4017,USA,Women Empowerment,https://www.google.com/search?q=Global+Impact+NGO+4017+ngo+work&tbm=isch
4018,Global Impact NGO 4018,South Africa,Poverty Relief,https://www.google.com/search?q=Global+Impact+NGO+4018+ngo+work&tbm=isch
4019,Global Impact NGO 4019,Canada,Health,https://www.google.com/search?q=Global+Impact+NGO+4019+ngo+work&tbm=isch
4020,Global Impact NGO 4020,Canada,Human Rights,https://www.google.com/search?q=Global+Impact+NGO+4020+ngo+work&tbm=isch
4021,Global Impact NGO 4021,UAE,Child Welfare,https://www.google.com/search?q=Global+Impact+NGO+4021+ngo+work&tbm=isch
4022,Global Impact NGO 4022,UAE,Environment,https://www.google.com/search?q=Global+Impact+NGO+4022+ngo+work&tbm=isch
4023,Global Impact NGO 4023,India,Women Empowerment,https://www.google.com/search?q=Global+Impact+NGO+4023+ngo+work&tbm=isch
4024,Global Impact NGO 4024,Kenya,Poverty Relief,https://www.google.com/search?q=Global+Impact+NGO+4024+ngo+work&tbm=isch
4025,Global Impact NGO 4025,Australia,Poverty Relief,https://www.google.com/search?q=Global+Impact+NGO+4025+ngo+work&tbm=isch
4026,Global Impact NGO 4026,Brazil,Poverty Relief,https://www.google.com/search?q=Global+Impact+NGO+4026+ngo+work&tbm=isch
4027,Global Impact NGO 4027,Germany,Environment,https://www.google.com/search?q=Global+Impact+NGO+4027+ngo+work&tbm=isch
4028,Global Impact NGO 4028,Brazil,Women Empowerment,https://www.google.com/search?q=Global+Impact+NGO+4028+ngo+work&tbm=isch
4029,Global Impact NGO 4029,Canada,Environment,https://www.google.com/search?q=Global+Impact+NGO+4029+ngo+work&tbm=isch
4030,Global Impact NGO 4030,India,Poverty Relief,https://www.google.com/search?q=Global+Impact+NGO+4030+ngo+work&tbm=isch
4031,Global Impact NGO 4031,Australia,Health,https://www.google.com/search?q=Global+Impact+NGO+4031+ngo+work&tbm=isch
4032,Global Impact NGO 4032,South Africa,Women Empowerment,https://www.google.com/search?q=Global+Impact+NGO+4032+ngo+work&tbm=isch
4033,Global Impact NGO 4033,India,Women Empowerment,https://www.google.com/search?q=Global+Impact+NGO+4033+ngo+work&tbm=isch
4034,Global Impact NGO 4034,Kenya,Environment,https://www.google.com/search?q=Global+Impact+NGO+4034+ngo+work&tbm=isch
4035,Global Impact NGO 4035,Canada,Women Empowerment,https://www.google.com/search?q=Global+Impact+NGO+4035+ngo+work&tbm=isch
4036,Global Impact NGO 4036,India,Health,https://www.google.com/search?q=Global+Impact+NGO+4036+ngo+work&tbm=isch
4037,Global Impact NGO 4037,India,Women Empowerment,https://www.google.com/search?q=Global+Impact+NGO+4037+ngo+work&tbm=isch
4038,Global Impact NGO 4038,UAE,Child Welfare,https://www.google.com/search?q=Global+Impact+NGO+4038+ngo+work&tbm=isch
4039,Global Impact NGO 4039,Kenya,Human Rights,https://www.google.com/search?q=Global+Impact+NGO+4039+ngo+work&tbm=isch
4040,Global Impact NGO 4040,Germany,Health,https://www.google.com/search?q=Global+Impact+NGO+4040+ngo+work&tbm=isch
4041,Global Impact NGO 4041,UK,Environment,https://www.google.com/search?q=Global+Impact+NGO+4041+ngo+work&tbm=isch
4042,Global Impact NGO 4042,Canada,Health,https://www.google.com/search?q=Global+Impact+NGO+4042+ngo+work&tbm=isch
4043,Global Impact NGO 4043,Canada,Environment,https://www.google.com/search?q=Global+Impact+NGO+4043+ngo+work&tbm=isch
4044,Global Impact NGO 4044,Canada,Health,https://www.google.com/search?q=Global+Impact+NGO+4044+ngo+work&tbm=isch
4045,Global Impact NGO 4045,South Africa,Women Empowerment,https://www.google.com/search?q=Global+Impact+NGO+4045+ngo+work&tbm=isch
4046,Global Impact NGO 4046,UK,Education,https://www.google.com/search?q=Global+Impact+NGO+4046+ngo+work&tbm=isch
4047,Global Impact NGO 4047,UAE,Human Rights,https://www.google.com/search?q=Global+Impact+NGO+4047+ngo+work&tbm=isch
4048,Global Impact NGO 4048,Australia,Child Welfare,https://www.google.com/search?q=Global+Impact+NGO+4048+ngo+work&tbm=isch
4049,Global Impact NGO 4049,Brazil,Environment,https://www.google.com/search?q=Global+Impact+NGO+4049+ngo+work&tbm=isch
4050,Global Impact NGO 4050,Australia,Women Empowerment,https://www.google.com/search?q=Global+Impact+NGO+4050+ngo+work&tbm=isch
4051,Global Impact NGO 4051,South Africa,Poverty Relief,https://www.google.com/search?q=Global+Impact+NGO+4051+ngo+work&tbm=isch
4052,Global Impact NGO 4052,Brazil,Human Rights,https://www.google.com/search?q=Global+Impact+NGO+4052+ngo+work&tbm=isch
4053,Global Impact NGO 4053,UAE,Human Rights,https://www.google.com/search?q=Global+Impact+NGO+4053+ngo+work&tbm=isch
4054,Global Impact NGO 4054,Canada,Health,https://www.google.com/search?q=Global+Impact+NGO+4054+ngo+work&tbm=isch
4055,Global Impact NGO 4055,USA,Poverty Relief,https://www.google.com/search?q=Global+Impact+NGO+4055+ngo+work&tbm=isch
4056,Global Impact NGO 4056,South Africa,Women Empowerment,https://www.google.com/search?q=Global+Impact+NGO+4056+ngo+work&tbm=isch
4057,Global Impact NGO 4057,Kenya,Women Empowerment,https://www.google.com/search?q=Global+Impact+NGO+4057+ngo+work&tbm=isch
4058,Global Impact NGO 4058,India,Human Rights,https://www.google.com/search?q=Global+Impact+NGO+4058+ngo+work&tbm=isch
4059,Global Impact NGO 4059,South Africa,Women Empowerment,https://www.google.com/search?q=Global+Impact+NGO+4059+ngo+work&tbm=isch
4060,Global Impact NGO 4060,Australia,Human Rights,https://www.google.com/search?q=Global+Impact+NGO+4060+ngo+work&tbm=isch
4061,Global Impact NGO 4061,Kenya,Health,https://www.google.com/search?q=Global+Impact+NGO+4061+ngo+work&tbm=isch
4062,Global Impact NGO 4062,India,Poverty Relief,https://www.google.com/search?q=Global+Impact+NGO+4062+ngo+work&tbm=isch
4063,Global Impact NGO 4063,Australia,Environment,https://www.google.com/search?q=Global+Impact+NGO+4063+ngo+work&tbm=isch
4064,Global Impact NGO 4064,Brazil,Human Rights,https://www.google.com/search?q=Global+Impact+NGO+4064+ngo+work&tbm=isch
4065,Global Impact NGO 4065,UK,Women Empowerment,https://www.google.com/search?q=Global+Impact+NGO+4065+ngo+work&tbm=isch
4066,Global Impact NGO 4066,UK,Health,https://www.google.com/search?q=Global+Impact+NGO+4066+ngo+work&tbm=isch
4067,Global Impact NGO 4067,Brazil,Human Rights,https://www.google.com/search?q=Global+Impact+NGO+4067+ngo+work&tbm=isch
4068,Global Impact NGO 4068,Canada,Poverty Relief,https://www.google.com/search?q=Global+Impact+NGO+4068+ngo+work&tbm=isch
4069,Global Impact NGO 4069,India,Environment,https://www.google.com/search?q=Global+Impact+NGO+4069+ngo+work&tbm=isch
4070,Global Impact NGO 4070,Brazil,Environment,https://www.google.com/search?q=Global+Impact+NGO+4070+ngo+work&tbm=isch
4071,Global Impact NGO 4071,Germany,Human Rights,https://www.google.com/search?q=Global+Impact+NGO+4071+ngo+work&tbm=isch
4072,Global Impact NGO 4072,UK,Child Welfare,https://www.google.com/search?q=Global+Impact+NGO+4072+ngo+work&tbm=isch
4073,Global Impact NGO 4073,USA,Education,https://www.google.com/search?q=Global+Impact+NGO+4073+ngo+work&tbm=isch
4074,Global Impact NGO 4074,Canada,Environment,https://www.google.com/search?q=Global+Impact+NGO+4074+ngo+work&tbm=isch
4075,Global Impact NGO 4075,Brazil,Environment,https://www.google.com/search?q=Global+Impact+NGO+4075+ngo+work&tbm=isch
4076,Global Impact NGO 4076,Canada,Women Empowerment,https://www.google.com/search?q=Global+Impact+NGO+4076+ngo+work&tbm=isch
4077,Global Impact NGO 4077,Brazil,Environment,https://www.google.com/search?q=Global+Impact+NGO+4077+ngo+work&tbm=isch
4078,Global Impact NGO 4078,UK,Health,https://www.google.com/search?q=Global+Impact+NGO+4078+ngo+work&tbm=isch
4079,Global Impact NGO 4079,USA,Women Empowerment,https://www.google.com/search?q=Global+Impact+NGO+4079+ngo+work&tbm=isch
4080,Global Impact NGO 4080,Kenya,Poverty Relief,https://www.google.com/search?q=Global+Impact+NGO+4080+ngo+work&tbm=isch
4081,Global Impact NGO 4081,South Africa,Health,https://www.google.com/search?q=Global+Impact+NGO+4081+ngo+work&tbm=isch
4082,Global Impact NGO 4082,Kenya,Human Rights,https://www.google.com/search?q=Global+Impact+NGO+4082+ngo+work&tbm=isch
4083,Global Impact NGO 4083,UK,Health,https://www.google.com/search?q=Global+Impact+NGO+4083+ngo+work&tbm=isch
4084,Global Impact NGO 4084,Kenya,Health,https://www.google.com/search?q=Global+Impact+NGO+4084+ngo+work&tbm=isch
4085,Global Impact NGO 4085,Brazil,Women Empowerment,https://www.google.com/search?q=Global+Impact+NGO+4085+ngo+work&tbm=isch
4086,Global Impact NGO 4086,UK,Human Rights,https://www.google.com/search?q=Global+Impact+NGO+4086+ngo+work&tbm=isch
4087,Global Impact NGO 4087,Kenya,Women Empowerment,https://www.google.com/search?q=Global+Impact+NGO+4087+ngo+work&tbm=isch
4088,Global Impact NGO 4088,UK,Education,https://www.google.com/search?q=Global+Impact+NGO+4088+ngo+work&tbm=isch
4089,Global Impact NGO 4089,India,Health,https://www.google.com/search?q=Global+Impact+NGO+4089+ngo+work&tbm=isch
4090,Global Impact NGO 4090,UK,Child Welfare,https://www.google.com/search?q=Global+Impact+NGO+4090+ngo+work&tbm=isch
4091,Global Impact NGO 4091,Kenya,Health,https://www.google.com/search?q=Global+Impact+NGO+4091+ngo+work&tbm=isch
4092,Global Impact NGO 4092,UK,Human Rights,https://www.google.com/search?q=Global+Impact+NGO+4092+ngo+work&tbm=isch
4093,Global Impact NGO 4093,Brazil,Women Empowerment,https://www.google.com/search?q=Global+Impact+NGO+4093+ngo+work&tbm=isch
4094,Global Impact NGO 4094,India,Education,https://www.google.com/search?q=Global+Impact+NGO+4094+ngo+work&tbm=isch
4095,Global Impact NGO 4095,Brazil,Environment,https://www.google.com/search?q=Global+Impact+NGO+4095+ngo+work&tbm=isch
4096,Global Impact NGO 4096,Germany,Poverty Relief,https://www.google.com/search?q=Global+Impact+NGO+4096+ngo+work&tbm=isch
4097,Global Impact NGO 4097,South Africa,Women Empowerment,https://www.google.com/search?q=Global+Impact+NGO+4097+ngo+work&tbm=isch
4098,Global Impact NGO 4098,Canada,Human Rights,https://www.google.com/search?q=Global+Impact+NGO+4098+ngo+work&tbm=isch
4099,Global Impact NGO 4099,Kenya,Poverty Relief,https://www.google.com/search?q=Global+Impact+NGO+4099+ngo+work&tbm=isch
4100,Global Impact NGO 4100,UAE,Education,https://www.google.com/search?q=Global+Impact+NGO+4100+ngo+work&tbm=isch
4101,Global Impact NGO 4101,UK,Environment,https://www.google.com/search?q=Global+Impact+NGO+4101+ngo+work&tbm=isch
4102,Global Impact NGO 4102,India,Education,https://www.google.com/search?q=Global+Impact+NGO+4102+ngo+work&tbm=isch
4103,Global Impact NGO 4103,Brazil,Education,https://www.google.com/search?q=Global+Impact+NGO+4103+ngo+work&tbm=isch
4104,Global Impact NGO 4104,Brazil,Environment,https://www.google.com/search?q=Global+Impact+NGO+4104+ngo+work&tbm=isch
4105,Global Impact NGO 4105,South Africa,Environment,https://www.google.com/search?q=Global+Impact+NGO+4105+ngo+work&tbm=isch
4106,Global Impact NGO 4106,USA,Women Empowerment,https://www.google.com/search?q=Global+Impact+NGO+4106+ngo+work&tbm=isch
4107,Global Impact NGO 4107,Germany,Environment,https://www.google.com/search?q=Global+Impact+NGO+4107+ngo+work&tbm=isch
4108,Global Impact NGO 4108,USA,Education,https://www.google.com/search?q=Global+Impact+NGO+4108+ngo+work&tbm=isch
4109,Global Impact NGO 4109,UK,Health,https://www.google.com/search?q=Global+Impact+NGO+4109+ngo+work&tbm=isch
4110,Global Impact NGO 4110,Canada,Human Rights,https://www.google.com/search?q=Global+Impact+NGO+4110+ngo+work&tbm=isch
4111,Global Impact NGO 4111,Kenya,Poverty Relief,https://www.google.com/search?q=Global+Impact+NGO+4111+ngo+work&tbm=isch
4112,Global Impact NGO 4112,Australia,Human Rights,https://www.google.com/search?q=Global+Impact+NGO+4112+ngo+work&tbm=isch
4113,Global Impact NGO 4113,Canada,Women Empowerment,https://www.google.com/search?q=Global+Impact+NGO+4113+ngo+work&tbm=isch
4114,Global Impact NGO 4114,Brazil,Health,https://www.google.com/search?q=Global+Impact+NGO+4114+ngo+work&tbm=isch
4115,Global Impact NGO 4115,India,Health,https://www.google.com/search?q=Global+Impact+NGO+4115+ngo+work&tbm=isch
4116,Global Impact NGO 4116,India,Human Rights,https://www.google.com/search?q=Global+Impact+NGO+4116+ngo+work&tbm=isch
4117,Global Impact NGO 4117,Kenya,Human Rights,https://www.google.com/search?q=Global+Impact+NGO+4117+ngo+work&tbm=isch
4118,Global Impact NGO 4118,Canada,Women Empowerment,https://www.google.com/search?q=Global+Impact+NGO+4118+ngo+work&tbm=isch
4119,Global Impact NGO 4119,Kenya,Health,https://www.google.com/search?q=Global+Impact+NGO+4119+ngo+work&tbm=isch
4120,Global Impact NGO 4120,Kenya,Women Empowerment,https://www.google.com/search?q=Global+Impact+NGO+4120+ngo+work&tbm=isch
4121,Global Impact NGO 4121,South Africa,Human Rights,https://www.google.com/search?q=Global+Impact+NGO+4121+ngo+work&tbm=isch
4122,Global Impact NGO 4122,Australia,Human Rights,https://www.google.com/search?q=Global+Impact+NGO+4122+ngo+work&tbm=isch
4123,Global Impact NGO 4123,USA,Child Welfare,https://www.google.com/search?q=Global+Impact+NGO+4123+ngo+work&tbm=isch
4124,Global Impact NGO 4124,South Africa,Environment,https://www.google.com/search?q=Global+Impact+NGO+4124+ngo+work&tbm=isch
4125,Global Impact NGO 4125,Australia,Environment,https://www.google.com/search?q=Global+Impact+NGO+4125+ngo+work&tbm=isch
4126,Global Impact NGO 4126,UAE,Women Empowerment,https://www.google.com/search?q=Global+Impact+NGO+4126+ngo+work&tbm=isch
4127,Global Impact NGO 4127,USA,Poverty Relief,https://www.google.com/search?q=Global+Impact+NGO+4127+ngo+work&tbm=isch
4128,Global Impact NGO 4128,India,Health,https://www.google.com/search?q=Global+Impact+NGO+4128+ngo+work&tbm=isch
4129,Global Impact NGO 4129,Brazil,Human Rights,https://www.google.com/search?q=Global+Impact+NGO+4129+ngo+work&tbm=isch
4130,Global Impact NGO 4130,UAE,Education,https://www.google.com/search?q=Global+Impact+NGO+4130+ngo+work&tbm=isch
4131,Global Impact NGO 4131,India,Education,https://www.google.com/search?q=Global+Impact+NGO+4131+ngo+work&tbm=isch
4132,Global Impact NGO 4132,UK,Women Empowerment,https://www.google.com/search?q=Global+Impact+NGO+4132+ngo+work&tbm=isch
4133,Global Impact NGO 4133,India,Health,https://www.google.com/search?q=Global+Impact+NGO+4133+ngo+work&tbm=isch
4134,Global Impact NGO 4134,South Africa,Environment,https://www.google.com/search?q=Global+Impact+NGO+4134+ngo+work&tbm=isch
4135,Global Impact NGO 4135,India,Health,https://www.google.com/search?q=Global+Impact+NGO+4135+ngo+work&tbm=isch
4136,Global Impact NGO 4136,USA,Environment,https://www.google.com/search?q=Global+Impact+NGO+4136+ngo+work&tbm=isch
4137,Global Impact NGO 4137,Australia,Human Rights,https://www.google.com/search?q=Global+Impact+NGO+4137+ngo+work&tbm=isch
4138,Global Impact NGO 4138,Australia,Health,https://www.google.com/search?q=Global+Impact+NGO+4138+ngo+work&tbm=isch
4139,Global Impact NGO 4139,Brazil,Poverty Relief,https://www.google.com/search?q=Global+Impact+NGO+4139+ngo+work&tbm=isch
4140,Global Impact NGO 4140,Germany,Education,https://www.google.com/search?q=Global+Impact+NGO+4140+ngo+work&tbm=isch
4141,Global Impact NGO 4141,South Africa,Health,https://www.google.com/search?q=Global+Impact+NGO+4141+ngo+work&tbm=isch
4142,Global Impact NGO 4142,South Africa,Environment,https://www.google.com/search?q=Global+Impact+NGO+4142+ngo+work&tbm=isch
4143,Global Impact NGO 4143,UAE,Women Empowerment,https://www.google.com/search?q=Global+Impact+NGO+4143+ngo+work&tbm=isch
4144,Global Impact NGO 4144,Australia,Health,https://www.google.com/search?q=Global+Impact+NGO+4144+ngo+work&tbm=isch
4145,Global Impact NGO 4145,Brazil,Human Rights,https://www.google.com/search?q=Global+Impact+NGO+4145+ngo+work&tbm=isch
4146,Global Impact NGO 4146,India,Poverty Relief,https://www.google.com/search?q=Global+Impact+NGO+4146+ngo+work&tbm=isch
4147,Global Impact NGO 4147,South Africa,Child Welfare,https://www.google.com/search?q=Global+Impact+NGO+4147+ngo+work&tbm=isch
4148,Global Impact NGO 4148,Canada,Women Empowerment,https://www.google.com/search?q=Global+Impact+NGO+4148+ngo+work&tbm=isch
4149,Global Impact NGO 4149,UK,Education,https://www.google.com/search?q=Global+Impact+NGO+4149+ngo+work&tbm=isch
4150,Global Impact NGO 4150,South Africa,Education,https://www.google.com/search?q=Global+Impact+NGO+4150+ngo+work&tbm=isch
4151,Global Impact NGO 4151,South Africa,Women Empowerment,https://www.google.com/search?q=Global+Impact+NGO+4151+ngo+work&tbm=isch
4152,Global Impact NGO 4152,Australia,Child Welfare,https://www.google.com/search?q=Global+Impact+NGO+4152+ngo+work&tbm=isch
4153,Global Impact NGO 4153,South Africa,Health,https://www.google.com/search?q=Global+Impact+NGO+4153+ngo+work&tbm=isch
4154,Global Impact NGO 4154,UK,Poverty Relief,https://www.google.com/search?q=Global+Impact+NGO+4154+ngo+work&tbm=isch
4155,Global Impact NGO 4155,India,Child Welfare,https://www.google.com/search?q=Global+Impact+NGO+4155+ngo+work&tbm=isch
4156,Global Impact NGO 4156,UAE,Child Welfare,https://www.google.com/search?q=Global+Impact+NGO+4156+ngo+work&tbm=isch
4157,Global Impact NGO 4157,Australia,Women Empowerment,https://www.google.com/search?q=Global+Impact+NGO+4157+ngo+work&tbm=isch
4158,Global Impact NGO 4158,India,Health,https://www.google.com/search?q=Global+Impact+NGO+4158+ngo+work&tbm=isch
4159,Global Impact NGO 4159,UK,Health,https://www.google.com/search?q=Global+Impact+NGO+4159+ngo+work&tbm=isch
4160,Global Impact NGO 4160,UAE,Health,https://www.google.com/search?q=Global+Impact+NGO+4160+ngo+work&tbm=isch
4161,Global Impact NGO 4161,Australia,Human Rights,https://www.google.com/search?q=Global+Impact+NGO+4161+ngo+work&tbm=isch
4162,Global Impact NGO 4162,Kenya,Education,https://www.google.com/search?q=Global+Impact+NGO+4162+ngo+work&tbm=isch
4163,Global Impact NGO 4163,USA,Education,https://www.google.com/search?q=Global+Impact+NGO+4163+ngo+work&tbm=isch
4164,Global Impact NGO 4164,India,Child Welfare,https://www.google.com/search?q=Global+Impact+NGO+4164+ngo+work&tbm=isch
4165,Global Impact NGO 4165,Kenya,Health,https://www.google.com/search?q=Global+Impact+NGO+4165+ngo+work&tbm=isch
4166,Global Impact NGO 4166,Brazil,Education,https://www.google.com/search?q=Global+Impact+NGO+4166+ngo+work&tbm=isch
4167,Global Impact NGO 4167,Brazil,Education,https://www.google.com/search?q=Global+Impact+NGO+4167+ngo+work&tbm=isch
4168,Global Impact NGO 4168,South Africa,Education,https://www.google.com/search?q=Global+Impact+NGO+4168+ngo+work&tbm=isch
4169,Global Impact NGO 4169,India,Human Rights,https://www.google.com/search?q=Global+Impact+NGO+4169+ngo+work&tbm=isch
4170,Global Impact NGO 4170,Kenya,Women Empowerment,https://www.google.com/search?q=Global+Impact+NGO+4170+ngo+work&tbm=isch
4171,Global Impact NGO 4171,UK,Environment,https://www.google.com/search?q=Global+Impact+NGO+4171+ngo+work&tbm=isch
4172,Global Impact NGO 4172,USA,Health,https://www.google.com/search?q=Global+Impact+NGO+4172+ngo+work&tbm=isch
4173,Global Impact NGO 4173,USA,Child Welfare,https://www.google.com/search?q=Global+Impact+NGO+4173+ngo+work&tbm=isch
4174,Global Impact NGO 4174,India,Child Welfare,https://www.google.com/search?q=Global+Impact+NGO+4174+ngo+work&tbm=isch
4175,Global Impact NGO 4175,USA,Poverty Relief,https://www.google.com/search?q=Global+Impact+NGO+4175+ngo+work&tbm=isch
4176,Global Impact NGO 4176,Kenya,Health,https://www.google.com/search?q=Global+Impact+NGO+4176+ngo+work&tbm=isch
4177,Global Impact NGO 4177,UAE,Health,https://www.google.com/search?q=Global+Impact+NGO+4177+ngo+work&tbm=isch
4178,Global Impact NGO 4178,USA,Human Rights,https://www.google.com/search?q=Global+Impact+NGO+4178+ngo+work&tbm=isch
4179,Global Impact NGO 4179,India,Human Rights,https://www.google.com/search?q=Global+Impact+NGO+4179+ngo+work&tbm=isch
4180,Global Impact NGO 4180,USA,Environment,https://www.google.com/search?q=Global+Impact+NGO+4180+ngo+work&tbm=isch
4181,Global Impact NGO 4181,South Africa,Child Welfare,https://www.google.com/search?q=Global+Impact+NGO+4181+ngo+work&tbm=isch
4182,Global Impact NGO 4182,Germany,Child Welfare,https://www.google.com/search?q=Global+Impact+NGO+4182+ngo+work&tbm=isch
4183,Global Impact NGO 4183,Australia,Poverty Relief,https://www.google.com/search?q=Global+Impact+NGO+4183+ngo+work&tbm=isch
4184,Global Impact NGO 4184,Australia,Health,https://www.google.com/search?q=Global+Impact+NGO+4184+ngo+work&tbm=isch
4185,Global Impact NGO 4185,Australia,Child Welfare,https://www.google.com/search?q=Global+Impact+NGO+4185+ngo+work&tbm=isch
4186,Global Impact NGO 4186,UAE,Health,https://www.google.com/search?q=Global+Impact+NGO+4186+ngo+work&tbm=isch
4187,Global Impact NGO 4187,UAE,Poverty Relief,https://www.google.com/search?q=Global+Impact+NGO+4187+ngo+work&tbm=isch
4188,Global Impact NGO 4188,UK,Human Rights,https://www.google.com/search?q=Global+Impact+NGO+4188+ngo+work&tbm=isch
4189,Global Impact NGO 4189,Australia,Human Rights,https://www.google.com/search?q=Global+Impact+NGO+4189+ngo+work&tbm=isch
4190,Global Impact NGO 4190,Germany,Child Welfare,https://www.google.com/search?q=Global+Impact+NGO+4190+ngo+work&tbm=isch
4191,Global Impact NGO 4191,UAE,Health,https://www.google.com/search?q=Global+Impact+NGO+4191+ngo+work&tbm=isch
4192,Global Impact NGO 4192,Australia,Human Rights,https://www.google.com/search?q=Global+Impact+NGO+4192+ngo+work&tbm=isch
4193,Global Impact NGO 4193,Brazil,Education,https://www.google.com/search?q=Global+Impact+NGO+4193+ngo+work&tbm=isch
4194,Global Impact NGO 4194,USA,Education,https://www.google.com/search?q=Global+Impact+NGO+4194+ngo+work&tbm=isch
4195,Global Impact NGO 4195,Canada,Human Rights,https://www.google.com/search?q=Global+Impact+NGO+4195+ngo+work&tbm=isch
4196,Global Impact NGO 4196,South Africa,Health,https://www.google.com/search?q=Global+Impact+NGO+4196+ngo+work&tbm=isch
4197,Global Impact NGO 4197,Canada,Health,https://www.google.com/search?q=Global+Impact+NGO+4197+ngo+work&tbm=isch
4198,Global Impact NGO 4198,India,Health,https://www.google.com/search?q=Global+Impact+NGO+4198+ngo+work&tbm=isch
4199,Global Impact NGO 4199,South Africa,Health,https://www.google.com/search?q=Global+Impact+NGO+4199+ngo+work&tbm=isch
4200,Global Impact NGO 4200,Canada,Human Rights,https://www.google.com/search?q=Global+Impact+NGO+4200+ngo+work&tbm=isch
4201,Global Impact NGO 4201,Canada,Education,https://www.google.com/search?q=Global+Impact+NGO+4201+ngo+work&tbm=isch
4202,Global Impact NGO 4202,South Africa,Environment,https://www.google.com/search?q=Global+Impact+NGO+4202+ngo+work&tbm=isch
4203,Global Impact NGO 4203,UK,Human Rights,https://www.google.com/search?q=Global+Impact+NGO+4203+ngo+work&tbm=isch
4204,Global Impact NGO 4204,UAE,Education,https://www.google.com/search?q=Global+Impact+NGO+4204+ngo+work&tbm=isch
4205,Global Impact NGO 4205,South Africa,Health,https://www.google.com/search?q=Global+Impact+NGO+4205+ngo+work&tbm=isch
4206,Global Impact NGO 4206,South Africa,Environment,https://www.google.com/search?q=Global+Impact+NGO+4206+ngo+work&tbm=isch
4207,Global Impact NGO 4207,Canada,Human Rights,https://www.google.com/search?q=Global+Impact+NGO+4207+ngo+work&tbm=isch
4208,Global Impact NGO 4208,UK,Education,https://www.google.com/search?q=Global+Impact+NGO+4208+ngo+work&tbm=isch
4209,Global Impact NGO 4209,UK,Environment,https://www.google.com/search?q=Global+Impact+NGO+4209+ngo+work&tbm=isch
4210,Global Impact NGO 4210,India,Environment,https://www.google.com/search?q=Global+Impact+NGO+4210+ngo+work&tbm=isch
4211,Global Impact NGO 4211,South Africa,Education,https://www.google.com/search?q=Global+Impact+NGO+4211+ngo+work&tbm=isch
4212,Global Impact NGO 4212,Australia,Health,https://www.google.com/search?q=Global+Impact+NGO+4212+ngo+work&tbm=isch
4213,Global Impact NGO 4213,Germany,Poverty Relief,https://www.google.com/search?q=Global+Impact+NGO+4213+ngo+work&tbm=isch
4214,Global Impact NGO 4214,Kenya,Environment,https://www.google.com/search?q=Global+Impact+NGO+4214+ngo+work&tbm=isch
4215,Global Impact NGO 4215,Australia,Child Welfare,https://www.google.com/search?q=Global+Impact+NGO+4215+ngo+work&tbm=isch
4216,Global Impact NGO 4216,Kenya,Education,https://www.google.com/search?q=Global+Impact+NGO+4216+ngo+work&tbm=isch
4217,Global Impact NGO 4217,Germany,Child Welfare,https://www.google.com/search?q=Global+Impact+NGO+4217+ngo+work&tbm=isch
4218,Global Impact NGO 4218,South Africa,Child Welfare,https://www.google.com/search?q=Global+Impact+NGO+4218+ngo+work&tbm=isch
4219,Global Impact NGO 4219,Germany,Education,https://www.google.com/search?q=Global+Impact+NGO+4219+ngo+work&tbm=isch
4220,Global Impact NGO 4220,Germany,Human Rights,https://www.google.com/search?q=Global+Impact+NGO+4220+ngo+work&tbm=isch
4221,Global Impact NGO 4221,Kenya,Health,https://www.google.com/search?q=Global+Impact+NGO+4221+ngo+work&tbm=isch
4222,Global Impact NGO 4222,Germany,Human Rights,https://www.google.com/search?q=Global+Impact+NGO+4222+ngo+work&tbm=isch
4223,Global Impact NGO 4223,Brazil,Education,https://www.google.com/search?q=Global+Impact+NGO+4223+ngo+work&tbm=isch
4224,Global Impact NGO 4224,Canada,Education,https://www.google.com/search?q=Global+Impact+NGO+4224+ngo+work&tbm=isch
4225,Global Impact NGO 4225,UK,Human Rights,https://www.google.com/search?q=Global+Impact+NGO+4225+ngo+work&tbm=isch
4226,Global Impact NGO 4226,India,Women Empowerment,https://www.google.com/search?q=Global+Impact+NGO+4226+ngo+work&tbm=isch
4227,Global Impact NGO 4227,UK,Child Welfare,https://www.google.com/search?q=Global+Impact+NGO+4227+ngo+work&tbm=isch
4228,Global Impact NGO 4228,Brazil,Human Rights,https://www.google.com/search?q=Global+Impact+NGO+4228+ngo+work&tbm=isch
4229,Global Impact NGO 4229,USA,Women Empowerment,https://www.google.com/search?q=Global+Impact+NGO+4229+ngo+work&tbm=isch
4230,Global Impact NGO 4230,Canada,Poverty Relief,https://www.google.com/search?q=Global+Impact+NGO+4230+ngo+work&tbm=isch
4231,Global Impact NGO 4231,Kenya,Education,https://www.google.com/search?q=Global+Impact+NGO+4231+ngo+work&tbm=isch
4232,Global Impact NGO 4232,UK,Human Rights,https://www.google.com/search?q=Global+Impact+NGO+4232+ngo+work&tbm=isch
4233,Global Impact NGO 4233,India,Health,https://www.google.com/search?q=Global+Impact+NGO+4233+ngo+work&tbm=isch
4234,Global Impact NGO 4234,Canada,Poverty Relief,https://www.google.com/search?q=Global+Impact+NGO+4234+ngo+work&tbm=isch
4235,Global Impact NGO 4235,UK,Health,https://www.google.com/search?q=Global+Impact+NGO+4235+ngo+work&tbm=isch
4236,Global Impact NGO 4236,South Africa,Women Empowerment,https://www.google.com/search?q=Global+Impact+NGO+4236+ngo+work&tbm=isch
4237,Global Impact NGO 4237,USA,Women Empowerment,https://www.google.com/search?q=Global+Impact+NGO+4237+ngo+work&tbm=isch
4238,Global Impact NGO 4238,Brazil,Environment,https://www.google.com/search?q=Global+Impact+NGO+4238+ngo+work&tbm=isch
4239,Global Impact NGO 4239,UK,Women Empowerment,https://www.google.com/search?q=Global+Impact+NGO+4239+ngo+work&tbm=isch
4240,Global Impact NGO 4240,UK,Environment,https://www.google.com/search?q=Global+Impact+NGO+4240+ngo+work&tbm=isch
4241,Global Impact NGO 4241,UK,Education,https://www.google.com/search?q=Global+Impact+NGO+4241+ngo+work&tbm=isch
4242,Global Impact NGO 4242,Australia,Poverty Relief,https://www.google.com/search?q=Global+Impact+NGO+4242+ngo+work&tbm=isch
4243,Global Impact NGO 4243,UAE,Women Empowerment,https://www.google.com/search?q=Global+Impact+NGO+4243+ngo+work&tbm=isch
4244,Global Impact NGO 4244,UK,Education,https://www.google.com/search?q=Global+Impact+NGO+4244+ngo+work&tbm=isch
4245,Global Impact NGO 4245,Australia,Human Rights,https://www.google.com/search?q=Global+Impact+NGO+4245+ngo+work&tbm=isch
4246,Global Impact NGO 4246,India,Poverty Relief,https://www.google.com/search?q=Global+Impact+NGO+4246+ngo+work&tbm=isch
4247,Global Impact NGO 4247,India,Education,https://www.google.com/search?q=Global+Impact+NGO+4247+ngo+work&tbm=isch
4248,Global Impact NGO 4248,UAE,Women Empowerment,https://www.google.com/search?q=Global+Impact+NGO+4248+ngo+work&tbm=isch
4249,Global Impact NGO 4249,Germany,Women Empowerment,https://www.google.com/search?q=Global+Impact+NGO+4249+ngo+work&tbm=isch
4250,Global Impact NGO 4250,Germany,Human Rights,https://www.google.com/search?q=Global+Impact+NGO+4250+ngo+work&tbm=isch
4251,Global Impact NGO 4251,UAE,Human Rights,https://www.google.com/search?q=Global+Impact+NGO+4251+ngo+work&tbm=isch
4252,Global Impact NGO 4252,UK,Child Welfare,https://www.google.com/search?q=Global+Impact+NGO+4252+ngo+work&tbm=isch
4253,Global Impact NGO 4253,Australia,Child Welfare,https://www.google.com/search?q=Global+Impact+NGO+4253+ngo+work&tbm=isch
4254,Global Impact NGO 4254,Australia,Health,https://www.google.com/search?q=Global+Impact+NGO+4254+ngo+work&tbm=isch
4255,Global Impact NGO 4255,South Africa,Education,https://www.google.com/search?q=Global+Impact+NGO+4255+ngo+work&tbm=isch
4256,Global Impact NGO 4256,Kenya,Women Empowerment,https://www.google.com/search?q=Global+Impact+NGO+4256+ngo+work&tbm=isch
4257,Global Impact NGO 4257,Australia,Health,https://www.google.com/search?q=Global+Impact+NGO+4257+ngo+work&tbm=isch
4258,Global Impact NGO 4258,Australia,Health,https://www.google.com/search?q=Global+Impact+NGO+4258+ngo+work&tbm=isch
4259,Global Impact NGO 4259,UAE,Poverty Relief,https://www.google.com/search?q=Global+Impact+NGO+4259+ngo+work&tbm=isch
4260,Global Impact NGO 4260,Brazil,Women Empowerment,https://www.google.com/search?q=Global+Impact+NGO+4260+ngo+work&tbm=isch
4261,Global Impact NGO 4261,UK,Human Rights,https://www.google.com/search?q=Global+Impact+NGO+4261+ngo+work&tbm=isch
4262,Global Impact NGO 4262,Brazil,Women Empowerment,https://www.google.com/search?q=Global+Impact+NGO+4262+ngo+work&tbm=isch
4263,Global Impact NGO 4263,India,Environment,https://www.google.com/search?q=Global+Impact+NGO+4263+ngo+work&tbm=isch
4264,Global Impact NGO 4264,USA,Environment,https://www.google.com/search?q=Global+Impact+NGO+4264+ngo+work&tbm=isch
4265,Global Impact NGO 4265,India,Poverty Relief,https://www.google.com/search?q=Global+Impact+NGO+4265+ngo+work&tbm=isch
4266,Global Impact NGO 4266,UK,Education,https://www.google.com/search?q=Global+Impact+NGO+4266+ngo+work&tbm=isch
4267,Global Impact NGO 4267,Brazil,Human Rights,https://www.google.com/search?q=Global+Impact+NGO+4267+ngo+work&tbm=isch
4268,Global Impact NGO 4268,UAE,Women Empowerment,https://www.google.com/search?q=Global+Impact+NGO+4268+ngo+work&tbm=isch
4269,Global Impact NGO 4269,Kenya,Women Empowerment,https://www.google.com/search?q=Global+Impact+NGO+4269+ngo+work&tbm=isch
4270,Global Impact NGO 4270,India,Health,https://www.google.com/search?q=Global+Impact+NGO+4270+ngo+work&tbm=isch
4271,Global Impact NGO 4271,South Africa,Education,https://www.google.com/search?q=Global+Impact+NGO+4271+ngo+work&tbm=isch
4272,Global Impact NGO 4272,USA,Health,https://www.google.com/search?q=Global+Impact+NGO+4272+ngo+work&tbm=isch
4273,Global Impact NGO 4273,Brazil,Environment,https://www.google.com/search?q=Global+Impact+NGO+4273+ngo+work&tbm=isch
4274,Global Impact NGO 4274,UAE,Human Rights,https://www.google.com/search?q=Global+Impact+NGO+4274+ngo+work&tbm=isch
4275,Global Impact NGO 4275,Canada,Poverty Relief,https://www.google.com/search?q=Global+Impact+NGO+4275+ngo+work&tbm=isch
4276,Global Impact NGO 4276,Brazil,Women Empowerment,https://www.google.com/search?q=Global+Impact+NGO+4276+ngo+work&tbm=isch
4277,Global Impact NGO 4277,South Africa,Child Welfare,https://www.google.com/search?q=Global+Impact+NGO+4277+ngo+work&tbm=isch
4278,Global Impact NGO 4278,Germany,Child Welfare,https://www.google.com/search?q=Global+Impact+NGO+4278+ngo+work&tbm=isch
4279,Global Impact NGO 4279,India,Environment,https://www.google.com/search?q=Global+Impact+NGO+4279+ngo+work&tbm=isch
4280,Global Impact NGO 4280,USA,Health,https://www.google.com/search?q=Global+Impact+NGO+4280+ngo+work&tbm=isch
4281,Global Impact NGO 4281,Canada,Environment,https://www.google.com/search?q=Global+Impact+NGO+4281+ngo+work&tbm=isch
4282,Global Impact NGO 4282,South Africa,Education,https://www.google.com/search?q=Global+Impact+NGO+4282+ngo+work&tbm=isch
4283,Global Impact NGO 4283,India,Women Empowerment,https://www.google.com/search?q=Global+Impact+NGO+4283+ngo+work&tbm=isch
4284,Global Impact NGO 4284,USA,Human Rights,https://www.google.com/search?q=Global+Impact+NGO+4284+ngo+work&tbm=isch
4285,Global Impact NGO 4285,UK,Education,https://www.google.com/search?q=Global+Impact+NGO+4285+ngo+work&tbm=isch
4286,Global Impact NGO 4286,UK,Health,https://www.google.com/search?q=Global+Impact+NGO+4286+ngo+work&tbm=isch
4287,Global Impact NGO 4287,Germany,Child Welfare,https://www.google.com/search?q=Global+Impact+NGO+4287+ngo+work&tbm=isch
4288,Global Impact NGO 4288,Canada,Environment,https://www.google.com/search?q=Global+Impact+NGO+4288+ngo+work&tbm=isch
4289,Global Impact NGO 4289,UAE,Poverty Relief,https://www.google.com/search?q=Global+Impact+NGO+4289+ngo+work&tbm=isch
4290,Global Impact NGO 4290,Brazil,Poverty Relief,https://www.google.com/search?q=Global+Impact+NGO+4290+ngo+work&tbm=isch
4291,Global Impact NGO 4291,Germany,Poverty Relief,https://www.google.com/search?q=Global+Impact+NGO+4291+ngo+work&tbm=isch
4292,Global Impact NGO 4292,Canada,Health,https://www.google.com/search?q=Global+Impact+NGO+4292+ngo+work&tbm=isch
4293,Global Impact NGO 4293,Germany,Poverty Relief,https://www.google.com/search?q=Global+Impact+NGO+4293+ngo+work&tbm=isch
4294,Global Impact NGO 4294,Brazil,Health,https://www.google.com/search?q=Global+Impact+NGO+4294+ngo+work&tbm=isch
4295,Global Impact NGO 4295,UK,Human Rights,https://www.google.com/search?q=Global+Impact+NGO+4295+ngo+work&tbm=isch
4296,Global Impact NGO 4296,Australia,Child Welfare,https://www.google.com/search?q=Global+Impact+NGO+4296+ngo+work&tbm=isch
4297,Global Impact NGO 4297,Canada,Child Welfare,https://www.google.com/search?q=Global+Impact+NGO+4297+ngo+work&tbm=isch
4298,Global Impact NGO 4298,Brazil,Women Empowerment,https://www.google.com/search?q=Global+Impact+NGO+4298+ngo+work&tbm=isch
4299,Global Impact NGO 4299,USA,Human Rights,https://www.google.com/search?q=Global+Impact+NGO+4299+ngo+work&tbm=isch
4300,Global Impact NGO 4300,UK,Poverty Relief,https://www.google.com/search?q=Global+Impact+NGO+4300+ngo+work&tbm=isch
4301,Global Impact NGO 4301,Brazil,Education,https://www.google.com/search?q=Global+Impact+NGO+4301+ngo+work&tbm=isch
4302,Global Impact NGO 4302,UAE,Human Rights,https://www.google.com/search?q=Global+Impact+NGO+4302+ngo+work&tbm=isch
4303,Global Impact NGO 4303,Brazil,Poverty Relief,https://www.google.com/search?q=Global+Impact+NGO+4303+ngo+work&tbm=isch
4304,Global Impact NGO 4304,USA,Environment,https://www.google.com/search?q=Global+Impact+NGO+4304+ngo+work&tbm=isch
4305,Global Impact NGO 4305,Australia,Child Welfare,https://www.google.com/search?q=Global+Impact+NGO+4305+ngo+work&tbm=isch
4306,Global Impact NGO 4306,UK,Women Empowerment,https://www.google.com/search?q=Global+Impact+NGO+4306+ngo+work&tbm=isch
4307,Global Impact NGO 4307,UK,Human Rights,https://www.google.com/search?q=Global+Impact+NGO+4307+ngo+work&tbm=isch
4308,Global Impact NGO 4308,Australia,Human Rights,https://www.google.com/search?q=Global+Impact+NGO+4308+ngo+work&tbm=isch
4309,Global Impact NGO 4309,India,Child Welfare,https://www.google.com/search?q=Global+Impact+NGO+4309+ngo+work&tbm=isch
4310,Global Impact NGO 4310,UAE,Women Empowerment,https://www.google.com/search?q=Global+Impact+NGO+4310+ngo+work&tbm=isch
4311,Global Impact NGO 4311,South Africa,Human Rights,https://www.google.com/search?q=Global+Impact+NGO+4311+ngo+work&tbm=isch
4312,Global Impact NGO 4312,Canada,Women Empowerment,https://www.google.com/search?q=Global+Impact+NGO+4312+ngo+work&tbm=isch
4313,Global Impact NGO 4313,UAE,Human Rights,https://www.google.com/search?q=Global+Impact+NGO+4313+ngo+work&tbm=isch
4314,Global Impact NGO 4314,UAE,Women Empowerment,https://www.google.com/search?q=Global+Impact+NGO+4314+ngo+work&tbm=isch
4315,Global Impact NGO 4315,UK,Women Empowerment,https://www.google.com/search?q=Global+Impact+NGO+4315+ngo+work&tbm=isch
4316,Global Impact NGO 4316,Kenya,Environment,https://www.google.com/search?q=Global+Impact+NGO+4316+ngo+work&tbm=isch
4317,Global Impact NGO 4317,UK,Education,https://www.google.com/search?q=Global+Impact+NGO+4317+ngo+work&tbm=isch
4318,Global Impact NGO 4318,South Africa,Child Welfare,https://www.google.com/search?q=Global+Impact+NGO+4318+ngo+work&tbm=isch
4319,Global Impact NGO 4319,UK,Human Rights,https://www.google.com/search?q=Global+Impact+NGO+4319+ngo+work&tbm=isch
4320,Global Impact NGO 4320,South Africa,Environment,https://www.google.com/search?q=Global+Impact+NGO+4320+ngo+work&tbm=isch
4321,Global Impact NGO 4321,Brazil,Health,https://www.google.com/search?q=Global+Impact+NGO+4321+ngo+work&tbm=isch
4322,Global Impact NGO 4322,Germany,Child Welfare,https://www.google.com/search?q=Global+Impact+NGO+4322+ngo+work&tbm=isch
4323,Global Impact NGO 4323,India,Women Empowerment,https://www.google.com/search?q=Global+Impact+NGO+4323+ngo+work&tbm=isch
4324,Global Impact NGO 4324,Brazil,Health,https://www.google.com/search?q=Global+Impact+NGO+4324+ngo+work&tbm=isch
4325,Global Impact NGO 4325,India,Education,https://www.google.com/search?q=Global+Impact+NGO+4325+ngo+work&tbm=isch
4326,Global Impact NGO 4326,UAE,Poverty Relief,https://www.google.com/search?q=Global+Impact+NGO+4326+ngo+work&tbm=isch
4327,Global Impact NGO 4327,USA,Child Welfare,https://www.google.com/search?q=Global+Impact+NGO+4327+ngo+work&tbm=isch
4328,Global Impact NGO 4328,Germany,Education,https://www.google.com/search?q=Global+Impact+NGO+4328+ngo+work&tbm=isch
4329,Global Impact NGO 4329,India,Education,https://www.google.com/search?q=Global+Impact+NGO+4329+ngo+work&tbm=isch
4330,Global Impact NGO 4330,Brazil,Health,https://www.google.com/search?q=Global+Impact+NGO+4330+ngo+work&tbm=isch
4331,Global Impact NGO 4331,Brazil,Human Rights,https://www.google.com/search?q=Global+Impact+NGO+4331+ngo+work&tbm=isch
4332,Global Impact NGO 4332,Brazil,Child Welfare,https://www.google.com/search?q=Global+Impact+NGO+4332+ngo+work&tbm=isch
4333,Global Impact NGO 4333,UK,Poverty Relief,https://www.google.com/search?q=Global+Impact+NGO+4333+ngo+work&tbm=isch
4334,Global Impact NGO 4334,South Africa,Women Empowerment,https://www.google.com/search?q=Global+Impact+NGO+4334+ngo+work&tbm=isch
4335,Global Impact NGO 4335,Germany,Poverty Relief,https://www.google.com/search?q=Global+Impact+NGO+4335+ngo+work&tbm=isch
4336,Global Impact NGO 4336,South Africa,Child Welfare,https://www.google.com/search?q=Global+Impact+NGO+4336+ngo+work&tbm=isch
4337,Global Impact NGO 4337,UAE,Health,https://www.google.com/search?q=Global+Impact+NGO+4337+ngo+work&tbm=isch
4338,Global Impact NGO 4338,Kenya,Women Empowerment,https://www.google.com/search?q=Global+Impact+NGO+4338+ngo+work&tbm=isch
4339,Global Impact NGO 4339,Brazil,Environment,https://www.google.com/search?q=Global+Impact+NGO+4339+ngo+work&tbm=isch
4340,Global Impact NGO 4340,UK,Poverty Relief,https://www.google.com/search?q=Global+Impact+NGO+4340+ngo+work&tbm=isch
4341,Global Impact NGO 4341,USA,Human Rights,https://www.google.com/search?q=Global+Impact+NGO+4341+ngo+work&tbm=isch
4342,Global Impact NGO 4342,Kenya,Environment,https://www.google.com/search?q=Global+Impact+NGO+4342+ngo+work&tbm=isch
4343,Global Impact NGO 4343,Canada,Health,https://www.google.com/search?q=Global+Impact+NGO+4343+ngo+work&tbm=isch
4344,Global Impact NGO 4344,Germany,Education,https://www.google.com/search?q=Global+Impact+NGO+4344+ngo+work&tbm=isch
4345,Global Impact NGO 4345,Kenya,Poverty Relief,https://www.google.com/search?q=Global+Impact+NGO+4345+ngo+work&tbm=isch
4346,Global Impact NGO 4346,Kenya,Health,https://www.google.com/search?q=Global+Impact+NGO+4346+ngo+work&tbm=isch
4347,Global Impact NGO 4347,UK,Child Welfare,https://www.google.com/search?q=Global+Impact+NGO+4347+ngo+work&tbm=isch
4348,Global Impact NGO 4348,South Africa,Education,https://www.google.com/search?q=Global+Impact+NGO+4348+ngo+work&tbm=isch
4349,Global Impact NGO 4349,USA,Women Empowerment,https://www.google.com/search?q=Global+Impact+NGO+4349+ngo+work&tbm=isch
4350,Global Impact NGO 4350,South Africa,Poverty Relief,https://www.google.com/search?q=Global+Impact+NGO+4350+ngo+work&tbm=isch
4351,Global Impact NGO 4351,Germany,Education,https://www.google.com/search?q=Global+Impact+NGO+4351+ngo+work&tbm=isch
4352,Global Impact NGO 4352,UAE,Education,https://www.google.com/search?q=Global+Impact+NGO+4352+ngo+work&tbm=isch
4353,Global Impact NGO 4353,Australia,Human Rights,https://www.google.com/search?q=Global+Impact+NGO+4353+ngo+work&tbm=isch
4354,Global Impact NGO 4354,Germany,Health,https://www.google.com/search?q=Global+Impact+NGO+4354+ngo+work&tbm=isch
4355,Global Impact NGO 4355,Brazil,Child Welfare,https://www.google.com/search?q=Global+Impact+NGO+4355+ngo+work&tbm=isch
4356,Global Impact NGO 4356,Australia,Human Rights,https://www.google.com/search?q=Global+Impact+NGO+4356+ngo+work&tbm=isch
4357,Global Impact NGO 4357,Canada,Environment,https://www.google.com/search?q=Global+Impact+NGO+4357+ngo+work&tbm=isch
4358,Global Impact NGO 4358,Kenya,Education,https://www.google.com/search?q=Global+Impact+NGO+4358+ngo+work&tbm=isch
4359,Global Impact NGO 4359,India,Environment,https://www.google.com/search?q=Global+Impact+NGO+4359+ngo+work&tbm=isch
4360,Global Impact NGO 4360,UAE,Poverty Relief,https://www.google.com/search?q=Global+Impact+NGO+4360+ngo+work&tbm=isch
4361,Global Impact NGO 4361,Brazil,Human Rights,https://www.google.com/search?q=Global+Impact+NGO+4361+ngo+work&tbm=isch
4362,Global Impact NGO 4362,USA,Child Welfare,https://www.google.com/search?q=Global+Impact+NGO+4362+ngo+work&tbm=isch
4363,Global Impact NGO 4363,Canada,Education,https://www.google.com/search?q=Global+Impact+NGO+4363+ngo+work&tbm=isch
4364,Global Impact NGO 4364,USA,Education,https://www.google.com/search?q=Global+Impact+NGO+4364+ngo+work&tbm=isch
4365,Global Impact NGO 4365,India,Environment,https://www.google.com/search?q=Global+Impact+NGO+4365+ngo+work&tbm=isch
4366,Global Impact NGO 4366,South Africa,Child Welfare,https://www.google.com/search?q=Global+Impact+NGO+4366+ngo+work&tbm=isch
4367,Global Impact NGO 4367,Kenya,Environment,https://www.google.com/search?q=Global+Impact+NGO+4367+ngo+work&tbm=isch
4368,Global Impact NGO 4368,Kenya,Poverty Relief,https://www.google.com/search?q=Global+Impact+NGO+4368+ngo+work&tbm=isch
4369,Global Impact NGO 4369,Brazil,Education,https://www.google.com/search?q=Global+Impact+NGO+4369+ngo+work&tbm=isch
4370,Global Impact NGO 4370,Germany,Education,https://www.google.com/search?q=Global+Impact+NGO+4370+ngo+work&tbm=isch
4371,Global Impact NGO 4371,Canada,Poverty Relief,https://www.google.com/search?q=Global+Impact+NGO+4371+ngo+work&tbm=isch
4372,Global Impact NGO 4372,Canada,Human Rights,https://www.google.com/search?q=Global+Impact+NGO+4372+ngo+work&tbm=isch
4373,Global Impact NGO 4373,UAE,Education,https://www.google.com/search?q=Global+Impact+NGO+4373+ngo+work&tbm=isch
4374,Global Impact NGO 4374,UK,Health,https://www.google.com/search?q=Global+Impact+NGO+4374+ngo+work&tbm=isch
4375,Global Impact NGO 4375,Australia,Education,https://www.google.com/search?q=Global+Impact+NGO+4375+ngo+work&tbm=isch
4376,Global Impact NGO 4376,UK,Human Rights,https://www.google.com/search?q=Global+Impact+NGO+4376+ngo+work&tbm=isch
4377,Global Impact NGO 4377,India,Child Welfare,https://www.google.com/search?q=Global+Impact+NGO+4377+ngo+work&tbm=isch
4378,Global Impact NGO 4378,Germany,Women Empowerment,https://www.google.com/search?q=Global+Impact+NGO+4378+ngo+work&tbm=isch
4379,Global Impact NGO 4379,South Africa,Child Welfare,https://www.google.com/search?q=Global+Impact+NGO+4379+ngo+work&tbm=isch
4380,Global Impact NGO 4380,India,Environment,https://www.google.com/search?q=Global+Impact+NGO+4380+ngo+work&tbm=isch
4381,Global Impact NGO 4381,USA,Environment,https://www.google.com/search?q=Global+Impact+NGO+4381+ngo+work&tbm=isch
4382,Global Impact NGO 4382,UAE,Women Empowerment,https://www.google.com/search?q=Global+Impact+NGO+4382+ngo+work&tbm=isch
4383,Global Impact NGO 4383,Germany,Child Welfare,https://www.google.com/search?q=Global+Impact+NGO+4383+ngo+work&tbm=isch
4384,Global Impact NGO 4384,UK,Women Empowerment,https://www.google.com/search?q=Global+Impact+NGO+4384+ngo+work&tbm=isch
4385,Global Impact NGO 4385,USA,Environment,https://www.google.com/search?q=Global+Impact+NGO+4385+ngo+work&tbm=isch
4386,Global Impact NGO 4386,Australia,Child Welfare,https://www.google.com/search?q=Global+Impact+NGO+4386+ngo+work&tbm=isch
4387,Global Impact NGO 4387,Kenya,Human Rights,https://www.google.com/search?q=Global+Impact+NGO+4387+ngo+work&tbm=isch
4388,Global Impact NGO 4388,South Africa,Women Empowerment,https://www.google.com/search?q=Global+Impact+NGO+4388+ngo+work&tbm=isch
4389,Global Impact NGO 4389,UK,Environment,https://www.google.com/search?q=Global+Impact+NGO+4389+ngo+work&tbm=isch
4390,Global Impact NGO 4390,South Africa,Health,https://www.google.com/search?q=Global+Impact+NGO+4390+ngo+work&tbm=isch
4391,Global Impact NGO 4391,UAE,Environment,https://www.google.com/search?q=Global+Impact+NGO+4391+ngo+work&tbm=isch
4392,Global Impact NGO 4392,UAE,Education,https://www.google.com/search?q=Global+Impact+NGO+4392+ngo+work&tbm=isch
4393,Global Impact NGO 4393,Kenya,Education,https://www.google.com/search?q=Global+Impact+NGO+4393+ngo+work&tbm=isch
4394,Global Impact NGO 4394,Kenya,Health,https://www.google.com/search?q=Global+Impact+NGO+4394+ngo+work&tbm=isch
4395,Global Impact NGO 4395,India,Education,https://www.google.com/search?q=Global+Impact+NGO+4395+ngo+work&tbm=isch
4396,Global Impact NGO 4396,Germany,Education,https://www.google.com/search?q=Global+Impact+NGO+4396+ngo+work&tbm=isch
4397,Global Impact NGO 4397,UK,Poverty Relief,https://www.google.com/search?q=Global+Impact+NGO+4397+ngo+work&tbm=isch
4398,Global Impact NGO 4398,UAE,Environment,https://www.google.com/search?q=Global+Impact+NGO+4398+ngo+work&tbm=isch
4399,Global Impact NGO 4399,UAE,Human Rights,https://www.google.com/search?q=Global+Impact+NGO+4399+ngo+work&tbm=isch
4400,Global Impact NGO 4400,India,Child Welfare,https://www.google.com/search?q=Global+Impact+NGO+4400+ngo+work&tbm=isch
4401,Global Impact NGO 4401,USA,Environment,https://www.google.com/search?q=Global+Impact+NGO+4401+ngo+work&tbm=isch
4402,Global Impact NGO 4402,South Africa,Poverty Relief,https://www.google.com/search?q=Global+Impact+NGO+4402+ngo+work&tbm=isch
4403,Global Impact NGO 4403,South Africa,Education,https://www.google.com/search?q=Global+Impact+NGO+4403+ngo+work&tbm=isch
4404,Global Impact NGO 4404,UAE,Poverty Relief,https://www.google.com/search?q=Global+Impact+NGO+4404+ngo+work&tbm=isch
4405,Global Impact NGO 4405,UAE,Environment,https://www.google.com/search?q=Global+Impact+NGO+4405+ngo+work&tbm=isch
4406,Global Impact NGO 4406,USA,Health,https://www.google.com/search?q=Global+Impact+NGO+4406+ngo+work&tbm=isch
4407,Global Impact NGO 4407,UK,Poverty Relief,https://www.google.com/search?q=Global+Impact+NGO+4407+ngo+work&tbm=isch
4408,Global Impact NGO 4408,Germany,Women Empowerment,https://www.google.com/search?q=Global+Impact+NGO+4408+ngo+work&tbm=isch
4409,Global Impact NGO 4409,UK,Education,https://www.google.com/search?q=Global+Impact+NGO+4409+ngo+work&tbm=isch
4410,Global Impact NGO 4410,India,Women Empowerment,https://www.google.com/search?q=Global+Impact+NGO+4410+ngo+work&tbm=isch
4411,Global Impact NGO 4411,Germany,Education,https://www.google.com/search?q=Global+Impact+NGO+4411+ngo+work&tbm=isch
4412,Global Impact NGO 4412,South Africa,Child Welfare,https://www.google.com/search?q=Global+Impact+NGO+4412+ngo+work&tbm=isch
4413,Global Impact NGO 4413,UAE,Human Rights,https://www.google.com/search?q=Global+Impact+NGO+4413+ngo+work&tbm=isch
4414,Global Impact NGO 4414,South Africa,Women Empowerment,https://www.google.com/search?q=Global+Impact+NGO+4414+ngo+work&tbm=isch
4415,Global Impact NGO 4415,USA,Child Welfare,https://www.google.com/search?q=Global+Impact+NGO+4415+ngo+work&tbm=isch
4416,Global Impact NGO 4416,South Africa,Environment,https://www.google.com/search?q=Global+Impact+NGO+4416+ngo+work&tbm=isch
4417,Global Impact NGO 4417,UK,Women Empowerment,https://www.google.com/search?q=Global+Impact+NGO+4417+ngo+work&tbm=isch
4418,Global Impact NGO 4418,USA,Environment,https://www.google.com/search?q=Global+Impact+NGO+4418+ngo+work&tbm=isch
4419,Global Impact NGO 4419,UAE,Education,https://www.google.com/search?q=Global+Impact+NGO+4419+ngo+work&tbm=isch
4420,Global Impact NGO 4420,India,Environment,https://www.google.com/search?q=Global+Impact+NGO+4420+ngo+work&tbm=isch
4421,Global Impact NGO 4421,USA,Education,https://www.google.com/search?q=Global+Impact+NGO+4421+ngo+work&tbm=isch
4422,Global Impact NGO 4422,India,Human Rights,https://www.google.com/search?q=Global+Impact+NGO+4422+ngo+work&tbm=isch
4423,Global Impact NGO 4423,Canada,Women Empowerment,https://www.google.com/search?q=Global+Impact+NGO+4423+ngo+work&tbm=isch
4424,Global Impact NGO 4424,Kenya,Education,https://www.google.com/search?q=Global+Impact+NGO+4424+ngo+work&tbm=isch
4425,Global Impact NGO 4425,Australia,Women Empowerment,https://www.google.com/search?q=Global+Impact+NGO+4425+ngo+work&tbm=isch
4426,Global Impact NGO 4426,UAE,Women Empowerment,https://www.google.com/search?q=Global+Impact+NGO+4426+ngo+work&tbm=isch
4427,Global Impact NGO 4427,UAE,Child Welfare,https://www.google.com/search?q=Global+Impact+NGO+4427+ngo+work&tbm=isch
4428,Global Impact NGO 4428,Kenya,Poverty Relief,https://www.google.com/search?q=Global+Impact+NGO+4428+ngo+work&tbm=isch
4429,Global Impact NGO 4429,South Africa,Women Empowerment,https://www.google.com/search?q=Global+Impact+NGO+4429+ngo+work&tbm=isch
4430,Global Impact NGO 4430,Australia,Poverty Relief,https://www.google.com/search?q=Global+Impact+NGO+4430+ngo+work&tbm=isch
4431,Global Impact NGO 4431,Germany,Human Rights,https://www.google.com/search?q=Global+Impact+NGO+4431+ngo+work&tbm=isch
4432,Global Impact NGO 4432,Kenya,Women Empowerment,https://www.google.com/search?q=Global+Impact+NGO+4432+ngo+work&tbm=isch
4433,Global Impact NGO 4433,India,Child Welfare,https://www.google.com/search?q=Global+Impact+NGO+4433+ngo+work&tbm=isch
4434,Global Impact NGO 4434,South Africa,Child Welfare,https://www.google.com/search?q=Global+Impact+NGO+4434+ngo+work&tbm=isch
4435,Global Impact NGO 4435,Canada,Poverty Relief,https://www.google.com/search?q=Global+Impact+NGO+4435+ngo+work&tbm=isch
4436,Global Impact NGO 4436,India,Poverty Relief,https://www.google.com/search?q=Global+Impact+NGO+4436+ngo+work&tbm=isch
4437,Global Impact NGO 4437,Kenya,Women Empowerment,https://www.google.com/search?q=Global+Impact+NGO+4437+ngo+work&tbm=isch
4438,Global Impact NGO 4438,USA,Environment,https://www.google.com/search?q=Global+Impact+NGO+4438+ngo+work&tbm=isch
4439,Global Impact NGO 4439,Australia,Women Empowerment,https://www.google.com/search?q=Global+Impact+NGO+4439+ngo+work&tbm=isch
4440,Global Impact NGO 4440,Canada,Women Empowerment,https://www.google.com/search?q=Global+Impact+NGO+4440+ngo+work&tbm=isch
4441,Global Impact NGO 4441,Australia,Education,https://www.google.com/search?q=Global+Impact+NGO+4441+ngo+work&tbm=isch
4442,Global Impact NGO 4442,Canada,Women Empowerment,https://www.google.com/search?q=Global+Impact+NGO+4442+ngo+work&tbm=isch
4443,Global Impact NGO 4443,Brazil,Health,https://www.google.com/search?q=Global+Impact+NGO+4443+ngo+work&tbm=isch
4444,Global Impact NGO 4444,UAE,Environment,https://www.google.com/search?q=Global+Impact+NGO+4444+ngo+work&tbm=isch
4445,Global Impact NGO 4445,Germany,Education,https://www.google.com/search?q=Global+Impact+NGO+4445+ngo+work&tbm=isch
4446,Global Impact NGO 4446,Australia,Health,https://www.google.com/search?q=Global+Impact+NGO+4446+ngo+work&tbm=isch
4447,Global Impact NGO 4447,Germany,Women Empowerment,https://www.google.com/search?q=Global+Impact+NGO+4447+ngo+work&tbm=isch
4448,Global Impact NGO 4448,UK,Health,https://www.google.com/search?q=Global+Impact+NGO+4448+ngo+work&tbm=isch
4449,Global Impact NGO 4449,India,Environment,https://www.google.com/search?q=Global+Impact+NGO+4449+ngo+work&tbm=isch
4450,Global Impact NGO 4450,UK,Education,https://www.google.com/search?q=Global+Impact+NGO+4450+ngo+work&tbm=isch
4451,Global Impact NGO 4451,South Africa,Women Empowerment,https://www.google.com/search?q=Global+Impact+NGO+4451+ngo+work&tbm=isch
4452,Global Impact NGO 4452,India,Health,https://www.google.com/search?q=Global+Impact+NGO+4452+ngo+work&tbm=isch
4453,Global Impact NGO 4453,India,Health,https://www.google.com/search?q=Global+Impact+NGO+4453+ngo+work&tbm=isch
4454,Global Impact NGO 4454,Kenya,Education,https://www.google.com/search?q=Global+Impact+NGO+4454+ngo+work&tbm=isch
4455,Global Impact NGO 4455,Germany,Child Welfare,https://www.google.com/search?q=Global+Impact+NGO+4455+ngo+work&tbm=isch
4456,Global Impact NGO 4456,Kenya,Environment,https://www.google.com/search?q=Global+Impact+NGO+4456+ngo+work&tbm=isch
4457,Global Impact NGO 4457,UK,Poverty Relief,https://www.google.com/search?q=Global+Impact+NGO+4457+ngo+work&tbm=isch
4458,Global Impact NGO 4458,Canada,Women Empowerment,https://www.google.com/search?q=Global+Impact+NGO+4458+ngo+work&tbm=isch
4459,Global Impact NGO 4459,UK,Poverty Relief,https://www.google.com/search?q=Global+Impact+NGO+4459+ngo+work&tbm=isch
4460,Global Impact NGO 4460,Canada,Child Welfare,https://www.google.com/search?q=Global+Impact+NGO+4460+ngo+work&tbm=isch
4461,Global Impact NGO 4461,Australia,Poverty Relief,https://www.google.com/search?q=Global+Impact+NGO+4461+ngo+work&tbm=isch
4462,Global Impact NGO 4462,India,Health,https://www.google.com/search?q=Global+Impact+NGO+4462+ngo+work&tbm=isch
4463,Global Impact NGO 4463,UK,Poverty Relief,https://www.google.com/search?q=Global+Impact+NGO+4463+ngo+work&tbm=isch
4464,Global Impact NGO 4464,South Africa,Health,https://www.google.com/search?q=Global+Impact+NGO+4464+ngo+work&tbm=isch
4465,Global Impact NGO 4465,Canada,Environment,https://www.google.com/search?q=Global+Impact+NGO+4465+ngo+work&tbm=isch
4466,Global Impact NGO 4466,Germany,Health,https://www.google.com/search?q=Global+Impact+NGO+4466+ngo+work&tbm=isch
4467,Global Impact NGO 4467,UAE,Health,https://www.google.com/search?q=Global+Impact+NGO+4467+ngo+work&tbm=isch
4468,Global Impact NGO 4468,USA,Women Empowerment,https://www.google.com/search?q=Global+Impact+NGO+4468+ngo+work&tbm=isch
4469,Global Impact NGO 4469,UK,Poverty Relief,https://www.google.com/search?q=Global+Impact+NGO+4469+ngo+work&tbm=isch
4470,Global Impact NGO 4470,USA,Health,https://www.google.com/search?q=Global+Impact+NGO+4470+ngo+work&tbm=isch
4471,Global Impact NGO 4471,Australia,Health,https://www.google.com/search?q=Global+Impact+NGO+4471+ngo+work&tbm=isch
4472,Global Impact NGO 4472,UK,Education,https://www.google.com/search?q=Global+Impact+NGO+4472+ngo+work&tbm=isch
4473,Global Impact NGO 4473,Kenya,Women Empowerment,https://www.google.com/search?q=Global+Impact+NGO+4473+ngo+work&tbm=isch
4474,Global Impact NGO 4474,Brazil,Child Welfare,https://www.google.com/search?q=Global+Impact+NGO+4474+ngo+work&tbm=isch
4475,Global Impact NGO 4475,UAE,Human Rights,https://www.google.com/search?q=Global+Impact+NGO+4475+ngo+work&tbm=isch
4476,Global Impact NGO 4476,Kenya,Human Rights,https://www.google.com/search?q=Global+Impact+NGO+4476+ngo+work&tbm=isch
4477,Global Impact NGO 4477,USA,Women Empowerment,https://www.google.com/search?q=Global+Impact+NGO+4477+ngo+work&tbm=isch
4478,Global Impact NGO 4478,USA,Health,https://www.google.com/search?q=Global+Impact+NGO+4478+ngo+work&tbm=isch
4479,Global Impact NGO 4479,UK,Women Empowerment,https://www.google.com/search?q=Global+Impact+NGO+4479+ngo+work&tbm=isch
4480,Global Impact NGO 4480,Australia,Child Welfare,https://www.google.com/search?q=Global+Impact+NGO+4480+ngo+work&tbm=isch
4481,Global Impact NGO 4481,South Africa,Human Rights,https://www.google.com/search?q=Global+Impact+NGO+4481+ngo+work&tbm=isch
4482,Global Impact NGO 4482,UK,Health,https://www.google.com/search?q=Global+Impact+NGO+4482+ngo+work&tbm=isch
4483,Global Impact NGO 4483,Brazil,Health,https://www.google.com/search?q=Global+Impact+NGO+4483+ngo+work&tbm=isch
4484,Global Impact NGO 4484,Canada,Education,https://www.google.com/search?q=Global+Impact+NGO+4484+ngo+work&tbm=isch
4485,Global Impact NGO 4485,Kenya,Women Empowerment,https://www.google.com/search?q=Global+Impact+NGO+4485+ngo+work&tbm=isch
4486,Global Impact NGO 4486,Brazil,Child Welfare,https://www.google.com/search?q=Global+Impact+NGO+4486+ngo+work&tbm=isch
4487,Global Impact NGO 4487,Brazil,Health,https://www.google.com/search?q=Global+Impact+NGO+4487+ngo+work&tbm=isch
4488,Global Impact NGO 4488,UAE,Environment,https://www.google.com/search?q=Global+Impact+NGO+4488+ngo+work&tbm=isch
4489,Global Impact NGO 4489,Kenya,Child Welfare,https://www.google.com/search?q=Global+Impact+NGO+4489+ngo+work&tbm=isch
4490,Global Impact NGO 4490,Canada,Women Empowerment,https://www.google.com/search?q=Global+Impact+NGO+4490+ngo+work&tbm=isch
4491,Global Impact NGO 4491,UK,Education,https://www.google.com/search?q=Global+Impact+NGO+4491+ngo+work&tbm=isch
4492,Global Impact NGO 4492,UK,Human Rights,https://www.google.com/search?q=Global+Impact+NGO+4492+ngo+work&tbm=isch
4493,Global Impact NGO 4493,Australia,Education,https://www.google.com/search?q=Global+Impact+NGO+4493+ngo+work&tbm=isch
4494,Global Impact NGO 4494,Kenya,Education,https://www.google.com/search?q=Global+Impact+NGO+4494+ngo+work&tbm=isch
4495,Global Impact NGO 4495,Australia,Child Welfare,https://www.google.com/search?q=Global+Impact+NGO+4495+ngo+work&tbm=isch
4496,Global Impact NGO 4496,Australia,Human Rights,https://www.google.com/search?q=Global+Impact+NGO+4496+ngo+work&tbm=isch
4497,Global Impact NGO 4497,Australia,Poverty Relief,https://www.google.com/search?q=Global+Impact+NGO+4497+ngo+work&tbm=isch
4498,Global Impact NGO 4498,South Africa,Child Welfare,https://www.google.com/search?q=Global+Impact+NGO+4498+ngo+work&tbm=isch
4499,Global Impact NGO 4499,India,Environment,https://www.google.com/search?q=Global+Impact+NGO+4499+ngo+work&tbm=isch
4500,Global Impact NGO 4500,UK,Environment,https://www.google.com/search?q=Global+Impact+NGO+4500+ngo+work&tbm=isch
4501,Global Impact NGO 4501,Germany,Women Empowerment,https://www.google.com/search?q=Global+Impact+NGO+4501+ngo+work&tbm=isch
4502,Global Impact NGO 4502,South Africa,Women Empowerment,https://www.google.com/search?q=Global+Impact+NGO+4502+ngo+work&tbm=isch
4503,Global Impact NGO 4503,UAE,Women Empowerment,https://www.google.com/search?q=Global+Impact+NGO+4503+ngo+work&tbm=isch
4504,Global Impact NGO 4504,India,Human Rights,https://www.google.com/search?q=Global+Impact+NGO+4504+ngo+work&tbm=isch
4505,Global Impact NGO 4505,UAE,Education,https://www.google.com/search?q=Global+Impact+NGO+4505+ngo+work&tbm=isch
4506,Global Impact NGO 4506,India,Child Welfare,https://www.google.com/search?q=Global+Impact+NGO+4506+ngo+work&tbm=isch
4507,Global Impact NGO 4507,UK,Women Empowerment,https://www.google.com/search?q=Global+Impact+NGO+4507+ngo+work&tbm=isch
4508,Global Impact NGO 4508,USA,Child Welfare,https://www.google.com/search?q=Global+Impact+NGO+4508+ngo+work&tbm=isch
4509,Global Impact NGO 4509,South Africa,Education,https://www.google.com/search?q=Global+Impact+NGO+4509+ngo+work&tbm=isch
4510,Global Impact NGO 4510,Kenya,Women Empowerment,https://www.google.com/search?q=Global+Impact+NGO+4510+ngo+work&tbm=isch
4511,Global Impact NGO 4511,UK,Women Empowerment,https://www.google.com/search?q=Global+Impact+NGO+4511+ngo+work&tbm=isch
4512,Global Impact NGO 4512,India,Human Rights,https://www.google.com/search?q=Global+Impact+NGO+4512+ngo+work&tbm=isch
4513,Global Impact NGO 4513,UAE,Environment,https://www.google.com/search?q=Global+Impact+NGO+4513+ngo+work&tbm=isch
4514,Global Impact NGO 4514,UAE,Education,https://www.google.com/search?q=Global+Impact+NGO+4514+ngo+work&tbm=isch
4515,Global Impact NGO 4515,UAE,Health,https://www.google.com/search?q=Global+Impact+NGO+4515+ngo+work&tbm=isch
4516,Global Impact NGO 4516,UAE,Poverty Relief,https://www.google.com/search?q=Global+Impact+NGO+4516+ngo+work&tbm=isch
4517,Global Impact NGO 4517,South Africa,Child Welfare,https://www.google.com/search?q=Global+Impact+NGO+4517+ngo+work&tbm=isch
4518,Global Impact NGO 4518,UAE,Child Welfare,https://www.google.com/search?q=Global+Impact+NGO+4518+ngo+work&tbm=isch
4519,Global Impact NGO 4519,Canada,Environment,https://www.google.com/search?q=Global+Impact+NGO+4519+ngo+work&tbm=isch
4520,Global Impact NGO 4520,Germany,Health,https://www.google.com/search?q=Global+Impact+NGO+4520+ngo+work&tbm=isch
4521,Global Impact NGO 4521,USA,Women Empowerment,https://www.google.com/search?q=Global+Impact+NGO+4521+ngo+work&tbm=isch
4522,Global Impact NGO 4522,South Africa,Poverty Relief,https://www.google.com/search?q=Global+Impact+NGO+4522+ngo+work&tbm=isch
4523,Global Impact NGO 4523,South Africa,Poverty Relief,https://www.google.com/search?q=Global+Impact+NGO+4523+ngo+work&tbm=isch
4524,Global Impact NGO 4524,Germany,Human Rights,https://www.google.com/search?q=Global+Impact+NGO+4524+ngo+work&tbm=isch
4525,Global Impact NGO 4525,Kenya,Education,https://www.google.com/search?q=Global+Impact+NGO+4525+ngo+work&tbm=isch
4526,Global Impact NGO 4526,Germany,Education,https://www.google.com/search?q=Global+Impact+NGO+4526+ngo+work&tbm=isch
4527,Global Impact NGO 4527,Brazil,Environment,https://www.google.com/search?q=Global+Impact+NGO+4527+ngo+work&tbm=isch
4528,Global Impact NGO 4528,Brazil,Health,https://www.google.com/search?q=Global+Impact+NGO+4528+ngo+work&tbm=isch
4529,Global Impact NGO 4529,India,Human Rights,https://www.google.com/search?q=Global+Impact+NGO+4529+ngo+work&tbm=isch
4530,Global Impact NGO 4530,South Africa,Human Rights,https://www.google.com/search?q=Global+Impact+NGO+4530+ngo+work&tbm=isch
4531,Global Impact NGO 4531,Canada,Poverty Relief,https://www.google.com/search?q=Global+Impact+NGO+4531+ngo+work&tbm=isch
4532,Global Impact NGO 4532,Kenya,Poverty Relief,https://www.google.com/search?q=Global+Impact+NGO+4532+ngo+work&tbm=isch
4533,Global Impact NGO 4533,Canada,Human Rights,https://www.google.com/search?q=Global+Impact+NGO+4533+ngo+work&tbm=isch
4534,Global Impact NGO 4534,Australia,Environment,https://www.google.com/search?q=Global+Impact+NGO+4534+ngo+work&tbm=isch
4535,Global Impact NGO 4535,UK,Environment,https://www.google.com/search?q=Global+Impact+NGO+4535+ngo+work&tbm=isch
4536,Global Impact NGO 4536,UK,Poverty Relief,https://www.google.com/search?q=Global+Impact+NGO+4536+ngo+work&tbm=isch
4537,Global Impact NGO 4537,UAE,Environment,https://www.google.com/search?q=Global+Impact+NGO+4537+ngo+work&tbm=isch
4538,Global Impact NGO 4538,Australia,Human Rights,https://www.google.com/search?q=Global+Impact+NGO+4538+ngo+work&tbm=isch
4539,Global Impact NGO 4539,UK,Human Rights,https://www.google.com/search?q=Global+Impact+NGO+4539+ngo+work&tbm=isch
4540,Global Impact NGO 4540,Australia,Poverty Relief,https://www.google.com/search?q=Global+Impact+NGO+4540+ngo+work&tbm=isch
4541,Global Impact NGO 4541,Australia,Human Rights,https://www.google.com/search?q=Global+Impact+NGO+4541+ngo+work&tbm=isch
4542,Global Impact NGO 4542,Brazil,Environment,https://www.google.com/search?q=Global+Impact+NGO+4542+ngo+work&tbm=isch
4543,Global Impact NGO 4543,Germany,Human Rights,https://www.google.com/search?q=Global+Impact+NGO+4543+ngo+work&tbm=isch
4544,Global Impact NGO 4544,Kenya,Child Welfare,https://www.google.com/search?q=Global+Impact+NGO+4544+ngo+work&tbm=isch
4545,Global Impact NGO 4545,Germany,Child Welfare,https://www.google.com/search?q=Global+Impact+NGO+4545+ngo+work&tbm=isch
4546,Global Impact NGO 4546,Kenya,Human Rights,https://www.google.com/search?q=Global+Impact+NGO+4546+ngo+work&tbm=isch
4547,Global Impact NGO 4547,South Africa,Child Welfare,https://www.google.com/search?q=Global+Impact+NGO+4547+ngo+work&tbm=isch
4548,Global Impact NGO 4548,Brazil,Human Rights,https://www.google.com/search?q=Global+Impact+NGO+4548+ngo+work&tbm=isch
4549,Global Impact NGO 4549,Australia,Health,https://www.google.com/search?q=Global+Impact+NGO+4549+ngo+work&tbm=isch
4550,Global Impact NGO 4550,South Africa,Human Rights,https://www.google.com/search?q=Global+Impact+NGO+4550+ngo+work&tbm=isch
4551,Global Impact NGO 4551,Brazil,Poverty Relief,https://www.google.com/search?q=Global+Impact+NGO+4551+ngo+work&tbm=isch
4552,Global Impact NGO 4552,Kenya,Education,https://www.google.com/search?q=Global+Impact+NGO+4552+ngo+work&tbm=isch
4553,Global Impact NGO 4553,UK,Human Rights,https://www.google.com/search?q=Global+Impact+NGO+4553+ngo+work&tbm=isch
4554,Global Impact NGO 4554,India,Poverty Relief,https://www.google.com/search?q=Global+Impact+NGO+4554+ngo+work&tbm=isch
4555,Global Impact NGO 4555,Brazil,Environment,https://www.google.com/search?q=Global+Impact+NGO+4555+ngo+work&tbm=isch
4556,Global Impact NGO 4556,Australia,Human Rights,https://www.google.com/search?q=Global+Impact+NGO+4556+ngo+work&tbm=isch
4557,Global Impact NGO 4557,Germany,Poverty Relief,https://www.google.com/search?q=Global+Impact+NGO+4557+ngo+work&tbm=isch
4558,Global Impact NGO 4558,Brazil,Poverty Relief,https://www.google.com/search?q=Global+Impact+NGO+4558+ngo+work&tbm=isch
4559,Global Impact NGO 4559,Kenya,Education,https://www.google.com/search?q=Global+Impact+NGO+4559+ngo+work&tbm=isch
4560,Global Impact NGO 4560,India,Environment,https://www.google.com/search?q=Global+Impact+NGO+4560+ngo+work&tbm=isch
4561,Global Impact NGO 4561,India,Education,https://www.google.com/search?q=Global+Impact+NGO+4561+ngo+work&tbm=isch
4562,Global Impact NGO 4562,Brazil,Health,https://www.google.com/search?q=Global+Impact+NGO+4562+ngo+work&tbm=isch
4563,Global Impact NGO 4563,South Africa,Environment,https://www.google.com/search?q=Global+Impact+NGO+4563+ngo+work&tbm=isch
4564,Global Impact NGO 4564,South Africa,Education,https://www.google.com/search?q=Global+Impact+NGO+4564+ngo+work&tbm=isch
4565,Global Impact NGO 4565,USA,Poverty Relief,https://www.google.com/search?q=Global+Impact+NGO+4565+ngo+work&tbm=isch
4566,Global Impact NGO 4566,South Africa,Education,https://www.google.com/search?q=Global+Impact+NGO+4566+ngo+work&tbm=isch
4567,Global Impact NGO 4567,UK,Human Rights,https://www.google.com/search?q=Global+Impact+NGO+4567+ngo+work&tbm=isch
4568,Global Impact NGO 4568,Australia,Environment,https://www.google.com/search?q=Global+Impact+NGO+4568+ngo+work&tbm=isch
4569,Global Impact NGO 4569,Kenya,Poverty Relief,https://www.google.com/search?q=Global+Impact+NGO+4569+ngo+work&tbm=isch
4570,Global Impact NGO 4570,South Africa,Human Rights,https://www.google.com/search?q=Global+Impact+NGO+4570+ngo+work&tbm=isch
4571,Global Impact NGO 4571,South Africa,Environment,https://www.google.com/search?q=Global+Impact+NGO+4571+ngo+work&tbm=isch
4572,Global Impact NGO 4572,Canada,Health,https://www.google.com/search?q=Global+Impact+NGO+4572+ngo+work&tbm=isch
4573,Global Impact NGO 4573,UK,Education,https://www.google.com/search?q=Global+Impact+NGO+4573+ngo+work&tbm=isch
4574,Global Impact NGO 4574,South Africa,Human Rights,https://www.google.com/search?q=Global+Impact+NGO+4574+ngo+work&tbm=isch
4575,Global Impact NGO 4575,South Africa,Poverty Relief,https://www.google.com/search?q=Global+Impact+NGO+4575+ngo+work&tbm=isch
4576,Global Impact NGO 4576,USA,Health,https://www.google.com/search?q=Global+Impact+NGO+4576+ngo+work&tbm=isch
4577,Global Impact NGO 4577,South Africa,Health,https://www.google.com/search?q=Global+Impact+NGO+4577+ngo+work&tbm=isch
4578,Global Impact NGO 4578,South Africa,Education,https://www.google.com/search?q=Global+Impact+NGO+4578+ngo+work&tbm=isch
4579,Global Impact NGO 4579,India,Child Welfare,https://www.google.com/search?q=Global+Impact+NGO+4579+ngo+work&tbm=isch
4580,Global Impact NGO 4580,UAE,Environment,https://www.google.com/search?q=Global+Impact+NGO+4580+ngo+work&tbm=isch
4581,Global Impact NGO 4581,Kenya,Child Welfare,https://www.google.com/search?q=Global+Impact+NGO+4581+ngo+work&tbm=isch
4582,Global Impact NGO 4582,Germany,Human Rights,https://www.google.com/search?q=Global+Impact+NGO+4582+ngo+work&tbm=isch
4583,Global Impact NGO 4583,Canada,Child Welfare,https://www.google.com/search?q=Global+Impact+NGO+4583+ngo+work&tbm=isch
4584,Global Impact NGO 4584,UK,Health,https://www.google.com/search?q=Global+Impact+NGO+4584+ngo+work&tbm=isch
4585,Global Impact NGO 4585,Australia,Poverty Relief,https://www.google.com/search?q=Global+Impact+NGO+4585+ngo+work&tbm=isch
4586,Global Impact NGO 4586,Germany,Environment,https://www.google.com/search?q=Global+Impact+NGO+4586+ngo+work&tbm=isch
4587,Global Impact NGO 4587,UAE,Health,https://www.google.com/search?q=Global+Impact+NGO+4587+ngo+work&tbm=isch
4588,Global Impact NGO 4588,UAE,Child Welfare,https://www.google.com/search?q=Global+Impact+NGO+4588+ngo+work&tbm=isch
4589,Global Impact NGO 4589,UAE,Environment,https://www.google.com/search?q=Global+Impact+NGO+4589+ngo+work&tbm=isch
4590,Global Impact NGO 4590,Australia,Education,https://www.google.com/search?q=Global+Impact+NGO+4590+ngo+work&tbm=isch
4591,Global Impact NGO 4591,India,Child Welfare,https://www.google.com/search?q=Global+Impact+NGO+4591+ngo+work&tbm=isch
4592,Global Impact NGO 4592,UK,Education,https://www.google.com/search?q=Global+Impact+NGO+4592+ngo+work&tbm=isch
4593,Global Impact NGO 4593,UAE,Women Empowerment,https://www.google.com/search?q=Global+Impact+NGO+4593+ngo+work&tbm=isch
4594,Global Impact NGO 4594,UK,Education,https://www.google.com/search?q=Global+Impact+NGO+4594+ngo+work&tbm=isch
4595,Global Impact NGO 4595,Canada,Child Welfare,https://www.google.com/search?q=Global+Impact+NGO+4595+ngo+work&tbm=isch
4596,Global Impact NGO 4596,Kenya,Child Welfare,https://www.google.com/search?q=Global+Impact+NGO+4596+ngo+work&tbm=isch
4597,Global Impact NGO 4597,South Africa,Women Empowerment,https://www.google.com/search?q=Global+Impact+NGO+4597+ngo+work&tbm=isch
4598,Global Impact NGO 4598,UAE,Child Welfare,https://www.google.com/search?q=Global+Impact+NGO+4598+ngo+work&tbm=isch
4599,Global Impact NGO 4599,South Africa,Environment,https://www.google.com/search?q=Global+Impact+NGO+4599+ngo+work&tbm=isch
4600,Global Impact NGO 4600,Germany,Poverty Relief,https://www.google.com/search?q=Global+Impact+NGO+4600+ngo+work&tbm=isch
4601,Global Impact NGO 4601,USA,Women Empowerment,https://www.google.com/search?q=Global+Impact+NGO+4601+ngo+work&tbm=isch
4602,Global Impact NGO 4602,Germany,Education,https://www.google.com/search?q=Global+Impact+NGO+4602+ngo+work&tbm=isch
4603,Global Impact NGO 4603,Australia,Human Rights,https://www.google.com/search?q=Global+Impact+NGO+4603+ngo+work&tbm=isch
4604,Global Impact NGO 4604,UAE,Poverty Relief,https://www.google.com/search?q=Global+Impact+NGO+4604+ngo+work&tbm=isch
4605,Global Impact NGO 4605,Australia,Environment,https://www.google.com/search?q=Global+Impact+NGO+4605+ngo+work&tbm=isch
4606,Global Impact NGO 4606,India,Education,https://www.google.com/search?q=Global+Impact+NGO+4606+ngo+work&tbm=isch
4607,Global Impact NGO 4607,Kenya,Education,https://www.google.com/search?q=Global+Impact+NGO+4607+ngo+work&tbm=isch
4608,Global Impact NGO 4608,India,Child Welfare,https://www.google.com/search?q=Global+Impact+NGO+4608+ngo+work&tbm=isch
4609,Global Impact NGO 4609,Australia,Environment,https://www.google.com/search?q=Global+Impact+NGO+4609+ngo+work&tbm=isch
4610,Global Impact NGO 4610,Kenya,Education,https://www.google.com/search?q=Global+Impact+NGO+4610+ngo+work&tbm=isch
4611,Global Impact NGO 4611,UK,Women Empowerment,https://www.google.com/search?q=Global+Impact+NGO+4611+ngo+work&tbm=isch
4612,Global Impact NGO 4612,Canada,Environment,https://www.google.com/search?q=Global+Impact+NGO+4612+ngo+work&tbm=isch
4613,Global Impact NGO 4613,Canada,Human Rights,https://www.google.com/search?q=Global+Impact+NGO+4613+ngo+work&tbm=isch
4614,Global Impact NGO 4614,Brazil,Human Rights,https://www.google.com/search?q=Global+Impact+NGO+4614+ngo+work&tbm=isch
4615,Global Impact NGO 4615,Canada,Human Rights,https://www.google.com/search?q=Global+Impact+NGO+4615+ngo+work&tbm=isch
4616,Global Impact NGO 4616,Australia,Poverty Relief,https://www.google.com/search?q=Global+Impact+NGO+4616+ngo+work&tbm=isch
4617,Global Impact NGO 4617,India,Human Rights,https://www.google.com/search?q=Global+Impact+NGO+4617+ngo+work&tbm=isch
4618,Global Impact NGO 4618,Australia,Health,https://www.google.com/search?q=Global+Impact+NGO+4618+ngo+work&tbm=isch
4619,Global Impact NGO 4619,Germany,Environment,https://www.google.com/search?q=Global+Impact+NGO+4619+ngo+work&tbm=isch
4620,Global Impact NGO 4620,Brazil,Education,https://www.google.com/search?q=Global+Impact+NGO+4620+ngo+work&tbm=isch
4621,Global Impact NGO 4621,India,Women Empowerment,https://www.google.com/search?q=Global+Impact+NGO+4621+ngo+work&tbm=isch
4622,Global Impact NGO 4622,India,Education,https://www.google.com/search?q=Global+Impact+NGO+4622+ngo+work&tbm=isch
4623,Global Impact NGO 4623,Australia,Women Empowerment,https://www.google.com/search?q=Global+Impact+NGO+4623+ngo+work&tbm=isch
4624,Global Impact NGO 4624,Brazil,Education,https://www.google.com/search?q=Global+Impact+NGO+4624+ngo+work&tbm=isch
4625,Global Impact NGO 4625,Kenya,Poverty Relief,https://www.google.com/search?q=Global+Impact+NGO+4625+ngo+work&tbm=isch
4626,Global Impact NGO 4626,UK,Poverty Relief,https://www.google.com/search?q=Global+Impact+NGO+4626+ngo+work&tbm=isch
4627,Global Impact NGO 4627,Canada,Health,https://www.google.com/search?q=Global+Impact+NGO+4627+ngo+work&tbm=isch
4628,Global Impact NGO 4628,USA,Education,https://www.google.com/search?q=Global+Impact+NGO+4628+ngo+work&tbm=isch
4629,Global Impact NGO 4629,Brazil,Human Rights,https://www.google.com/search?q=Global+Impact+NGO+4629+ngo+work&tbm=isch
4630,Global Impact NGO 4630,USA,Education,https://www.google.com/search?q=Global+Impact+NGO+4630+ngo+work&tbm=isch
4631,Global Impact NGO 4631,UK,Child Welfare,https://www.google.com/search?q=Global+Impact+NGO+4631+ngo+work&tbm=isch
4632,Global Impact NGO 4632,USA,Poverty Relief,https://www.google.com/search?q=Global+Impact+NGO+4632+ngo+work&tbm=isch
4633,Global Impact NGO 4633,India,Child Welfare,https://www.google.com/search?q=Global+Impact+NGO+4633+ngo+work&tbm=isch
4634,Global Impact NGO 4634,India,Child Welfare,https://www.google.com/search?q=Global+Impact+NGO+4634+ngo+work&tbm=isch
4635,Global Impact NGO 4635,Brazil,Poverty Relief,https://www.google.com/search?q=Global+Impact+NGO+4635+ngo+work&tbm=isch
4636,Global Impact NGO 4636,UAE,Environment,https://www.google.com/search?q=Global+Impact+NGO+4636+ngo+work&tbm=isch
4637,Global Impact NGO 4637,Germany,Poverty Relief,https://www.google.com/search?q=Global+Impact+NGO+4637+ngo+work&tbm=isch
4638,Global Impact NGO 4638,Kenya,Health,https://www.google.com/search?q=Global+Impact+NGO+4638+ngo+work&tbm=isch
4639,Global Impact NGO 4639,Brazil,Health,https://www.google.com/search?q=Global+Impact+NGO+4639+ngo+work&tbm=isch
4640,Global Impact NGO 4640,Germany,Education,https://www.google.com/search?q=Global+Impact+NGO+4640+ngo+work&tbm=isch
4641,Global Impact NGO 4641,Canada,Health,https://www.google.com/search?q=Global+Impact+NGO+4641+ngo+work&tbm=isch
4642,Global Impact NGO 4642,UAE,Education,https://www.google.com/search?q=Global+Impact+NGO+4642+ngo+work&tbm=isch
4643,Global Impact NGO 4643,Kenya,Health,https://www.google.com/search?q=Global+Impact+NGO+4643+ngo+work&tbm=isch
4644,Global Impact NGO 4644,Canada,Human Rights,https://www.google.com/search?q=Global+Impact+NGO+4644+ngo+work&tbm=isch
4645,Global Impact NGO 4645,Australia,Poverty Relief,https://www.google.com/search?q=Global+Impact+NGO+4645+ngo+work&tbm=isch
4646,Global Impact NGO 4646,UK,Child Welfare,https://www.google.com/search?q=Global+Impact+NGO+4646+ngo+work&tbm=isch
4647,Global Impact NGO 4647,Brazil,Environment,https://www.google.com/search?q=Global+Impact+NGO+4647+ngo+work&tbm=isch
4648,Global Impact NGO 4648,UK,Child Welfare,https://www.google.com/search?q=Global+Impact+NGO+4648+ngo+work&tbm=isch
4649,Global Impact NGO 4649,Australia,Environment,https://www.google.com/search?q=Global+Impact+NGO+4649+ngo+work&tbm=isch
4650,Global Impact NGO 4650,UK,Child Welfare,https://www.google.com/search?q=Global+Impact+NGO+4650+ngo+work&tbm=isch
4651,Global Impact NGO 4651,Germany,Child Welfare,https://www.google.com/search?q=Global+Impact+NGO+4651+ngo+work&tbm=isch
4652,Global Impact NGO 4652,UAE,Women Empowerment,https://www.google.com/search?q=Global+Impact+NGO+4652+ngo+work&tbm=isch
4653,Global Impact NGO 4653,Kenya,Education,https://www.google.com/search?q=Global+Impact+NGO+4653+ngo+work&tbm=isch
4654,Global Impact NGO 4654,South Africa,Poverty Relief,https://www.google.com/search?q=Global+Impact+NGO+4654+ngo+work&tbm=isch
4655,Global Impact NGO 4655,Australia,Education,https://www.google.com/search?q=Global+Impact+NGO+4655+ngo+work&tbm=isch
4656,Global Impact NGO 4656,UAE,Child Welfare,https://www.google.com/search?q=Global+Impact+NGO+4656+ngo+work&tbm=isch
4657,Global Impact NGO 4657,Australia,Child Welfare,https://www.google.com/search?q=Global+Impact+NGO+4657+ngo+work&tbm=isch
4658,Global Impact NGO 4658,Germany,Education,https://www.google.com/search?q=Global+Impact+NGO+4658+ngo+work&tbm=isch
4659,Global Impact NGO 4659,Germany,Human Rights,https://www.google.com/search?q=Global+Impact+NGO+4659+ngo+work&tbm=isch
4660,Global Impact NGO 4660,India,Poverty Relief,https://www.google.com/search?q=Global+Impact+NGO+4660+ngo+work&tbm=isch
4661,Global Impact NGO 4661,Australia,Education,https://www.google.com/search?q=Global+Impact+NGO+4661+ngo+work&tbm=isch
4662,Global Impact NGO 4662,South Africa,Environment,https://www.google.com/search?q=Global+Impact+NGO+4662+ngo+work&tbm=isch
4663,Global Impact NGO 4663,UAE,Human Rights,https://www.google.com/search?q=Global+Impact+NGO+4663+ngo+work&tbm=isch
4664,Global Impact NGO 4664,Germany,Poverty Relief,https://www.google.com/search?q=Global+Impact+NGO+4664+ngo+work&tbm=isch
4665,Global Impact NGO 4665,India,Child Welfare,https://www.google.com/search?q=Global+Impact+NGO+4665+ngo+work&tbm=isch
4666,Global Impact NGO 4666,Canada,Poverty Relief,https://www.google.com/search?q=Global+Impact+NGO+4666+ngo+work&tbm=isch
4667,Global Impact NGO 4667,Canada,Environment,https://www.google.com/search?q=Global+Impact+NGO+4667+ngo+work&tbm=isch
4668,Global Impact NGO 4668,Germany,Poverty Relief,https://www.google.com/search?q=Global+Impact+NGO+4668+ngo+work&tbm=isch
4669,Global Impact NGO 4669,USA,Child Welfare,https://www.google.com/search?q=Global+Impact+NGO+4669+ngo+work&tbm=isch
4670,Global Impact NGO 4670,USA,Child Welfare,https://www.google.com/search?q=Global+Impact+NGO+4670+ngo+work&tbm=isch
4671,Global Impact NGO 4671,Canada,Education,https://www.google.com/search?q=Global+Impact+NGO+4671+ngo+work&tbm=isch
4672,Global Impact NGO 4672,Kenya,Poverty Relief,https://www.google.com/search?q=Global+Impact+NGO+4672+ngo+work&tbm=isch
4673,Global Impact NGO 4673,India,Environment,https://www.google.com/search?q=Global+Impact+NGO+4673+ngo+work&tbm=isch
4674,Global Impact NGO 4674,Kenya,Education,https://www.google.com/search?q=Global+Impact+NGO+4674+ngo+work&tbm=isch
4675,Global Impact NGO 4675,UK,Health,https://www.google.com/search?q=Global+Impact+NGO+4675+ngo+work&tbm=isch
4676,Global Impact NGO 4676,Australia,Human Rights,https://www.google.com/search?q=Global+Impact+NGO+4676+ngo+work&tbm=isch
4677,Global Impact NGO 4677,Kenya,Poverty Relief,https://www.google.com/search?q=Global+Impact+NGO+4677+ngo+work&tbm=isch
4678,Global Impact NGO 4678,Canada,Women Empowerment,https://www.google.com/search?q=Global+Impact+NGO+4678+ngo+work&tbm=isch
4679,Global Impact NGO 4679,Australia,Education,https://www.google.com/search?q=Global+Impact+NGO+4679+ngo+work&tbm=isch
4680,Global Impact NGO 4680,UAE,Human Rights,https://www.google.com/search?q=Global+Impact+NGO+4680+ngo+work&tbm=isch
4681,Global Impact NGO 4681,USA,Environment,https://www.google.com/search?q=Global+Impact+NGO+4681+ngo+work&tbm=isch
4682,Global Impact NGO 4682,UAE,Child Welfare,https://www.google.com/search?q=Global+Impact+NGO+4682+ngo+work&tbm=isch
4683,Global Impact NGO 4683,Australia,Poverty Relief,https://www.google.com/search?q=Global+Impact+NGO+4683+ngo+work&tbm=isch
4684,Global Impact NGO 4684,India,Poverty Relief,https://www.google.com/search?q=Global+Impact+NGO+4684+ngo+work&tbm=isch
4685,Global Impact NGO 4685,Kenya,Education,https://www.google.com/search?q=Global+Impact+NGO+4685+ngo+work&tbm=isch
4686,Global Impact NGO 4686,Kenya,Environment,https://www.google.com/search?q=Global+Impact+NGO+4686+ngo+work&tbm=isch
4687,Global Impact NGO 4687,South Africa,Women Empowerment,https://www.google.com/search?q=Global+Impact+NGO+4687+ngo+work&tbm=isch
4688,Global Impact NGO 4688,Germany,Poverty Relief,https://www.google.com/search?q=Global+Impact+NGO+4688+ngo+work&tbm=isch
4689,Global Impact NGO 4689,UAE,Women Empowerment,https://www.google.com/search?q=Global+Impact+NGO+4689+ngo+work&tbm=isch
4690,Global Impact NGO 4690,Canada,Education,https://www.google.com/search?q=Global+Impact+NGO+4690+ngo+work&tbm=isch
4691,Global Impact NGO 4691,South Africa,Education,https://www.google.com/search?q=Global+Impact+NGO+4691+ngo+work&tbm=isch
4692,Global Impact NGO 4692,South Africa,Education,https://www.google.com/search?q=Global+Impact+NGO+4692+ngo+work&tbm=isch
4693,Global Impact NGO 4693,UAE,Education,https://www.google.com/search?q=Global+Impact+NGO+4693+ngo+work&tbm=isch
4694,Global Impact NGO 4694,Canada,Education,https://www.google.com/search?q=Global+Impact+NGO+4694+ngo+work&tbm=isch
4695,Global Impact NGO 4695,Canada,Health,https://www.google.com/search?q=Global+Impact+NGO+4695+ngo+work&tbm=isch
4696,Global Impact NGO 4696,UAE,Poverty Relief,https://www.google.com/search?q=Global+Impact+NGO+4696+ngo+work&tbm=isch
4697,Global Impact NGO 4697,Kenya,Health,https://www.google.com/search?q=Global+Impact+NGO+4697+ngo+work&tbm=isch
4698,Global Impact NGO 4698,Canada,Education,https://www.google.com/search?q=Global+Impact+NGO+4698+ngo+work&tbm=isch
4699,Global Impact NGO 4699,Germany,Women Empowerment,https://www.google.com/search?q=Global+Impact+NGO+4699+ngo+work&tbm=isch
4700,Global Impact NGO 4700,UK,Child Welfare,https://www.google.com/search?q=Global+Impact+NGO+4700+ngo+work&tbm=isch
4701,Global Impact NGO 4701,Canada,Women Empowerment,https://www.google.com/search?q=Global+Impact+NGO+4701+ngo+work&tbm=isch
4702,Global Impact NGO 4702,Brazil,Poverty Relief,https://www.google.com/search?q=Global+Impact+NGO+4702+ngo+work&tbm=isch
4703,Global Impact NGO 4703,Kenya,Poverty Relief,https://www.google.com/search?q=Global+Impact+NGO+4703+ngo+work&tbm=isch
4704,Global Impact NGO 4704,Kenya,Education,https://www.google.com/search?q=Global+Impact+NGO+4704+ngo+work&tbm=isch
4705,Global Impact NGO 4705,UK,Education,https://www.google.com/search?q=Global+Impact+NGO+4705+ngo+work&tbm=isch
4706,Global Impact NGO 4706,India,Women Empowerment,https://www.google.com/search?q=Global+Impact+NGO+4706+ngo+work&tbm=isch
4707,Global Impact NGO 4707,USA,Women Empowerment,https://www.google.com/search?q=Global+Impact+NGO+4707+ngo+work&tbm=isch
4708,Global Impact NGO 4708,UAE,Human Rights,https://www.google.com/search?q=Global+Impact+NGO+4708+ngo+work&tbm=isch
4709,Global Impact NGO 4709,Australia,Human Rights,https://www.google.com/search?q=Global+Impact+NGO+4709+ngo+work&tbm=isch
4710,Global Impact NGO 4710,India,Health,https://www.google.com/search?q=Global+Impact+NGO+4710+ngo+work&tbm=isch
4711,Global Impact NGO 4711,UAE,Education,https://www.google.com/search?q=Global+Impact+NGO+4711+ngo+work&tbm=isch
4712,Global Impact NGO 4712,USA,Human Rights,https://www.google.com/search?q=Global+Impact+NGO+4712+ngo+work&tbm=isch
4713,Global Impact NGO 4713,Germany,Education,https://www.google.com/search?q=Global+Impact+NGO+4713+ngo+work&tbm=isch
4714,Global Impact NGO 4714,South Africa,Education,https://www.google.com/search?q=Global+Impact+NGO+4714+ngo+work&tbm=isch
4715,Global Impact NGO 4715,India,Women Empowerment,https://www.google.com/search?q=Global+Impact+NGO+4715+ngo+work&tbm=isch
4716,Global Impact NGO 4716,India,Environment,https://www.google.com/search?q=Global+Impact+NGO+4716+ngo+work&tbm=isch
4717,Global Impact NGO 4717,USA,Human Rights,https://www.google.com/search?q=Global+Impact+NGO+4717+ngo+work&tbm=isch
4718,Global Impact NGO 4718,Kenya,Human Rights,https://www.google.com/search?q=Global+Impact+NGO+4718+ngo+work&tbm=isch
4719,Global Impact NGO 4719,UAE,Poverty Relief,https://www.google.com/search?q=Global+Impact+NGO+4719+ngo+work&tbm=isch
4720,Global Impact NGO 4720,Kenya,Poverty Relief,https://www.google.com/search?q=Global+Impact+NGO+4720+ngo+work&tbm=isch
4721,Global Impact NGO 4721,UAE,Women Empowerment,https://www.google.com/search?q=Global+Impact+NGO+4721+ngo+work&tbm=isch
4722,Global Impact NGO 4722,Germany,Women Empowerment,https://www.google.com/search?q=Global+Impact+NGO+4722+ngo+work&tbm=isch
4723,Global Impact NGO 4723,UK,Health,https://www.google.com/search?q=Global+Impact+NGO+4723+ngo+work&tbm=isch
4724,Global Impact NGO 4724,South Africa,Poverty Relief,https://www.google.com/search?q=Global+Impact+NGO+4724+ngo+work&tbm=isch
4725,Global Impact NGO 4725,India,Education,https://www.google.com/search?q=Global+Impact+NGO+4725+ngo+work&tbm=isch
4726,Global Impact NGO 4726,Australia,Child Welfare,https://www.google.com/search?q=Global+Impact+NGO+4726+ngo+work&tbm=isch
4727,Global Impact NGO 4727,India,Health,https://www.google.com/search?q=Global+Impact+NGO+4727+ngo+work&tbm=isch
4728,Global Impact NGO 4728,Kenya,Women Empowerment,https://www.google.com/search?q=Global+Impact+NGO+4728+ngo+work&tbm=isch
4729,Global Impact NGO 4729,India,Women Empowerment,https://www.google.com/search?q=Global+Impact+NGO+4729+ngo+work&tbm=isch
4730,Global Impact NGO 4730,Germany,Child Welfare,https://www.google.com/search?q=Global+Impact+NGO+4730+ngo+work&tbm=isch
4731,Global Impact NGO 4731,Brazil,Health,https://www.google.com/search?q=Global+Impact+NGO+4731+ngo+work&tbm=isch
4732,Global Impact NGO 4732,India,Education,https://www.google.com/search?q=Global+Impact+NGO+4732+ngo+work&tbm=isch
4733,Global Impact NGO 4733,India,Child Welfare,https://www.google.com/search?q=Global+Impact+NGO+4733+ngo+work&tbm=isch
4734,Global Impact NGO 4734,Canada,Human Rights,https://www.google.com/search?q=Global+Impact+NGO+4734+ngo+work&tbm=isch
4735,Global Impact NGO 4735,Australia,Health,https://www.google.com/search?q=Global+Impact+NGO+4735+ngo+work&tbm=isch
4736,Global Impact NGO 4736,USA,Poverty Relief,https://www.google.com/search?q=Global+Impact+NGO+4736+ngo+work&tbm=isch
4737,Global Impact NGO 4737,UK,Health,https://www.google.com/search?q=Global+Impact+NGO+4737+ngo+work&tbm=isch
4738,Global Impact NGO 4738,Canada,Health,https://www.google.com/search?q=Global+Impact+NGO+4738+ngo+work&tbm=isch
4739,Global Impact NGO 4739,Kenya,Health,https://www.google.com/search?q=Global+Impact+NGO+4739+ngo+work&tbm=isch
4740,Global Impact NGO 4740,South Africa,Human Rights,https://www.google.com/search?q=Global+Impact+NGO+4740+ngo+work&tbm=isch
4741,Global Impact NGO 4741,USA,Child Welfare,https://www.google.com/search?q=Global+Impact+NGO+4741+ngo+work&tbm=isch
4742,Global Impact NGO 4742,Canada,Human Rights,https://www.google.com/search?q=Global+Impact+NGO+4742+ngo+work&tbm=isch
4743,Global Impact NGO 4743,UK,Child Welfare,https://www.google.com/search?q=Global+Impact+NGO+4743+ngo+work&tbm=isch
4744,Global Impact NGO 4744,Australia,Environment,https://www.google.com/search?q=Global+Impact+NGO+4744+ngo+work&tbm=isch
4745,Global Impact NGO 4745,UK,Poverty Relief,https://www.google.com/search?q=Global+Impact+NGO+4745+ngo+work&tbm=isch
4746,Global Impact NGO 4746,South Africa,Health,https://www.google.com/search?q=Global+Impact+NGO+4746+ngo+work&tbm=isch
4747,Global Impact NGO 4747,Australia,Environment,https://www.google.com/search?q=Global+Impact+NGO+4747+ngo+work&tbm=isch
4748,Global Impact NGO 4748,Brazil,Poverty Relief,https://www.google.com/search?q=Global+Impact+NGO+4748+ngo+work&tbm=isch
4749,Global Impact NGO 4749,India,Environment,https://www.google.com/search?q=Global+Impact+NGO+4749+ngo+work&tbm=isch
4750,Global Impact NGO 4750,Kenya,Human Rights,https://www.google.com/search?q=Global+Impact+NGO+4750+ngo+work&tbm=isch
4751,Global Impact NGO 4751,UK,Poverty Relief,https://www.google.com/search?q=Global+Impact+NGO+4751+ngo+work&tbm=isch
4752,Global Impact NGO 4752,Germany,Women Empowerment,https://www.google.com/search?q=Global+Impact+NGO+4752+ngo+work&tbm=isch
4753,Global Impact NGO 4753,UK,Environment,https://www.google.com/search?q=Global+Impact+NGO+4753+ngo+work&tbm=isch
4754,Global Impact NGO 4754,Canada,Child Welfare,https://www.google.com/search?q=Global+Impact+NGO+4754+ngo+work&tbm=isch
4755,Global Impact NGO 4755,USA,Environment,https://www.google.com/search?q=Global+Impact+NGO+4755+ngo+work&tbm=isch
4756,Global Impact NGO 4756,Australia,Environment,https://www.google.com/search?q=Global+Impact+NGO+4756+ngo+work&tbm=isch
4757,Global Impact NGO 4757,Germany,Environment,https://www.google.com/search?q=Global+Impact+NGO+4757+ngo+work&tbm=isch
4758,Global Impact NGO 4758,Brazil,Health,https://www.google.com/search?q=Global+Impact+NGO+4758+ngo+work&tbm=isch
4759,Global Impact NGO 4759,UAE,Child Welfare,https://www.google.com/search?q=Global+Impact+NGO+4759+ngo+work&tbm=isch
4760,Global Impact NGO 4760,USA,Health,https://www.google.com/search?q=Global+Impact+NGO+4760+ngo+work&tbm=isch
4761,Global Impact NGO 4761,Germany,Poverty Relief,https://www.google.com/search?q=Global+Impact+NGO+4761+ngo+work&tbm=isch
4762,Global Impact NGO 4762,Canada,Human Rights,https://www.google.com/search?q=Global+Impact+NGO+4762+ngo+work&tbm=isch
4763,Global Impact NGO 4763,Germany,Women Empowerment,https://www.google.com/search?q=Global+Impact+NGO+4763+ngo+work&tbm=isch
4764,Global Impact NGO 4764,UK,Environment,https://www.google.com/search?q=Global+Impact+NGO+4764+ngo+work&tbm=isch
4765,Global Impact NGO 4765,UK,Women Empowerment,https://www.google.com/search?q=Global+Impact+NGO+4765+ngo+work&tbm=isch
4766,Global Impact NGO 4766,India,Health,https://www.google.com/search?q=Global+Impact+NGO+4766+ngo+work&tbm=isch
4767,Global Impact NGO 4767,UK,Education,https://www.google.com/search?q=Global+Impact+NGO+4767+ngo+work&tbm=isch
4768,Global Impact NGO 4768,UAE,Education,https://www.google.com/search?q=Global+Impact+NGO+4768+ngo+work&tbm=isch
4769,Global Impact NGO 4769,South Africa,Child Welfare,https://www.google.com/search?q=Global+Impact+NGO+4769+ngo+work&tbm=isch
4770,Global Impact NGO 4770,Brazil,Human Rights,https://www.google.com/search?q=Global+Impact+NGO+4770+ngo+work&tbm=isch
4771,Global Impact NGO 4771,USA,Human Rights,https://www.google.com/search?q=Global+Impact+NGO+4771+ngo+work&tbm=isch
4772,Global Impact NGO 4772,Canada,Health,https://www.google.com/search?q=Global+Impact+NGO+4772+ngo+work&tbm=isch
4773,Global Impact NGO 4773,USA,Health,https://www.google.com/search?q=Global+Impact+NGO+4773+ngo+work&tbm=isch
4774,Global Impact NGO 4774,South Africa,Women Empowerment,https://www.google.com/search?q=Global+Impact+NGO+4774+ngo+work&tbm=isch
4775,Global Impact NGO 4775,UAE,Human Rights,https://www.google.com/search?q=Global+Impact+NGO+4775+ngo+work&tbm=isch
4776,Global Impact NGO 4776,USA,Child Welfare,https://www.google.com/search?q=Global+Impact+NGO+4776+ngo+work&tbm=isch
4777,Global Impact NGO 4777,Kenya,Environment,https://www.google.com/search?q=Global+Impact+NGO+4777+ngo+work&tbm=isch
4778,Global Impact NGO 4778,Kenya,Health,https://www.google.com/search?q=Global+Impact+NGO+4778+ngo+work&tbm=isch
4779,Global Impact NGO 4779,Australia,Education,https://www.google.com/search?q=Global+Impact+NGO+4779+ngo+work&tbm=isch
4780,Global Impact NGO 4780,India,Child Welfare,https://www.google.com/search?q=Global+Impact+NGO+4780+ngo+work&tbm=isch
4781,Global Impact NGO 4781,Canada,Child Welfare,https://www.google.com/search?q=Global+Impact+NGO+4781+ngo+work&tbm=isch
4782,Global Impact NGO 4782,USA,Environment,https://www.google.com/search?q=Global+Impact+NGO+4782+ngo+work&tbm=isch
4783,Global Impact NGO 4783,Canada,Education,https://www.google.com/search?q=Global+Impact+NGO+4783+ngo+work&tbm=isch
4784,Global Impact NGO 4784,UAE,Environment,https://www.google.com/search?q=Global+Impact+NGO+4784+ngo+work&tbm=isch
4785,Global Impact NGO 4785,Canada,Child Welfare,https://www.google.com/search?q=Global+Impact+NGO+4785+ngo+work&tbm=isch
4786,Global Impact NGO 4786,Brazil,Poverty Relief,https://www.google.com/search?q=Global+Impact+NGO+4786+ngo+work&tbm=isch
4787,Global Impact NGO 4787,Australia,Health,https://www.google.com/search?q=Global+Impact+NGO+4787+ngo+work&tbm=isch
4788,Global Impact NGO 4788,South Africa,Education,https://www.google.com/search?q=Global+Impact+NGO+4788+ngo+work&tbm=isch
4789,Global Impact NGO 4789,Kenya,Human Rights,https://www.google.com/search?q=Global+Impact+NGO+4789+ngo+work&tbm=isch
4790,Global Impact NGO 4790,USA,Education,https://www.google.com/search?q=Global+Impact+NGO+4790+ngo+work&tbm=isch
4791,Global Impact NGO 4791,Kenya,Poverty Relief,https://www.google.com/search?q=Global+Impact+NGO+4791+ngo+work&tbm=isch
4792,Global Impact NGO 4792,USA,Environment,https://www.google.com/search?q=Global+Impact+NGO+4792+ngo+work&tbm=isch
4793,Global Impact NGO 4793,Germany,Human Rights,https://www.google.com/search?q=Global+Impact+NGO+4793+ngo+work&tbm=isch
4794,Global Impact NGO 4794,USA,Child Welfare,https://www.google.com/search?q=Global+Impact+NGO+4794+ngo+work&tbm=isch
4795,Global Impact NGO 4795,Kenya,Human Rights,https://www.google.com/search?q=Global+Impact+NGO+4795+ngo+work&tbm=isch
4796,Global Impact NGO 4796,USA,Poverty Relief,https://www.google.com/search?q=Global+Impact+NGO+4796+ngo+work&tbm=isch
4797,Global Impact NGO 4797,Kenya,Health,https://www.google.com/search?q=Global+Impact+NGO+4797+ngo+work&tbm=isch
4798,Global Impact NGO 4798,Kenya,Education,https://www.google.com/search?q=Global+Impact+NGO+4798+ngo+work&tbm=isch
4799,Global Impact NGO 4799,India,Child Welfare,https://www.google.com/search?q=Global+Impact+NGO+4799+ngo+work&tbm=isch
4800,Global Impact NGO 4800,USA,Health,https://www.google.com/search?q=Global+Impact+NGO+4800+ngo+work&tbm=isch
4801,Global Impact NGO 4801,Australia,Education,https://www.google.com/search?q=Global+Impact+NGO+4801+ngo+work&tbm=isch
4802,Global Impact NGO 4802,Australia,Child Welfare,https://www.google.com/search?q=Global+Impact+NGO+4802+ngo+work&tbm=isch
4803,Global Impact NGO 4803,UAE,Health,https://www.google.com/search?q=Global+Impact+NGO+4803+ngo+work&tbm=isch
4804,Global Impact NGO 4804,Germany,Women Empowerment,https://www.google.com/search?q=Global+Impact+NGO+4804+ngo+work&tbm=isch
4805,Global Impact NGO 4805,Brazil,Poverty Relief,https://www.google.com/search?q=Global+Impact+NGO+4805+ngo+work&tbm=isch
4806,Global Impact NGO 4806,Brazil,Poverty Relief,https://www.google.com/search?q=Global+Impact+NGO+4806+ngo+work&tbm=isch
4807,Global Impact NGO 4807,UAE,Women Empowerment,https://www.google.com/search?q=Global+Impact+NGO+4807+ngo+work&tbm=isch
4808,Global Impact NGO 4808,Brazil,Health,https://www.google.com/search?q=Global+Impact+NGO+4808+ngo+work&tbm=isch
4809,Global Impact NGO 4809,USA,Human Rights,https://www.google.com/search?q=Global+Impact+NGO+4809+ngo+work&tbm=isch
4810,Global Impact NGO 4810,Australia,Child Welfare,https://www.google.com/search?q=Global+Impact+NGO+4810+ngo+work&tbm=isch
4811,Global Impact NGO 4811,India,Poverty Relief,https://www.google.com/search?q=Global+Impact+NGO+4811+ngo+work&tbm=isch
4812,Global Impact NGO 4812,India,Education,https://www.google.com/search?q=Global+Impact+NGO+4812+ngo+work&tbm=isch
4813,Global Impact NGO 4813,Canada,Human Rights,https://www.google.com/search?q=Global+Impact+NGO+4813+ngo+work&tbm=isch
4814,Global Impact NGO 4814,USA,Poverty Relief,https://www.google.com/search?q=Global+Impact+NGO+4814+ngo+work&tbm=isch
4815,Global Impact NGO 4815,Germany,Poverty Relief,https://www.google.com/search?q=Global+Impact+NGO+4815+ngo+work&tbm=isch
4816,Global Impact NGO 4816,Kenya,Women Empowerment,https://www.google.com/search?q=Global+Impact+NGO+4816+ngo+work&tbm=isch
4817,Global Impact NGO 4817,USA,Women Empowerment,https://www.google.com/search?q=Global+Impact+NGO+4817+ngo+work&tbm=isch
4818,Global Impact NGO 4818,Germany,Health,https://www.google.com/search?q=Global+Impact+NGO+4818+ngo+work&tbm=isch
4819,Global Impact NGO 4819,Canada,Environment,https://www.google.com/search?q=Global+Impact+NGO+4819+ngo+work&tbm=isch
4820,Global Impact NGO 4820,Germany,Environment,https://www.google.com/search?q=Global+Impact+NGO+4820+ngo+work&tbm=isch
4821,Global Impact NGO 4821,Brazil,Poverty Relief,https://www.google.com/search?q=Global+Impact+NGO+4821+ngo+work&tbm=isch
4822,Global Impact NGO 4822,Germany,Health,https://www.google.com/search?q=Global+Impact+NGO+4822+ngo+work&tbm=isch
4823,Global Impact NGO 4823,Kenya,Environment,https://www.google.com/search?q=Global+Impact+NGO+4823+ngo+work&tbm=isch
4824,Global Impact NGO 4824,India,Poverty Relief,https://www.google.com/search?q=Global+Impact+NGO+4824+ngo+work&tbm=isch
4825,Global Impact NGO 4825,UAE,Health,https://www.google.com/search?q=Global+Impact+NGO+4825+ngo+work&tbm=isch
4826,Global Impact NGO 4826,Canada,Child Welfare,https://www.google.com/search?q=Global+Impact+NGO+4826+ngo+work&tbm=isch
4827,Global Impact NGO 4827,South Africa,Human Rights,https://www.google.com/search?q=Global+Impact+NGO+4827+ngo+work&tbm=isch
4828,Global Impact NGO 4828,Australia,Education,https://www.google.com/search?q=Global+Impact+NGO+4828+ngo+work&tbm=isch
4829,Global Impact NGO 4829,Australia,Poverty Relief,https://www.google.com/search?q=Global+Impact+NGO+4829+ngo+work&tbm=isch
4830,Global Impact NGO 4830,USA,Poverty Relief,https://www.google.com/search?q=Global+Impact+NGO+4830+ngo+work&tbm=isch
4831,Global Impact NGO 4831,UK,Women Empowerment,https://www.google.com/search?q=Global+Impact+NGO+4831+ngo+work&tbm=isch
4832,Global Impact NGO 4832,UAE,Environment,https://www.google.com/search?q=Global+Impact+NGO+4832+ngo+work&tbm=isch
4833,Global Impact NGO 4833,Canada,Poverty Relief,https://www.google.com/search?q=Global+Impact+NGO+4833+ngo+work&tbm=isch
4834,Global Impact NGO 4834,UAE,Education,https://www.google.com/search?q=Global+Impact+NGO+4834+ngo+work&tbm=isch
4835,Global Impact NGO 4835,Brazil,Women Empowerment,https://www.google.com/search?q=Global+Impact+NGO+4835+ngo+work&tbm=isch
4836,Global Impact NGO 4836,Australia,Child Welfare,https://www.google.com/search?q=Global+Impact+NGO+4836+ngo+work&tbm=isch
4837,Global Impact NGO 4837,UAE,Environment,https://www.google.com/search?q=Global+Impact+NGO+4837+ngo+work&tbm=isch
4838,Global Impact NGO 4838,Australia,Environment,https://www.google.com/search?q=Global+Impact+NGO+4838+ngo+work&tbm=isch
4839,Global Impact NGO 4839,India,Women Empowerment,https://www.google.com/search?q=Global+Impact+NGO+4839+ngo+work&tbm=isch
4840,Global Impact NGO 4840,South Africa,Poverty Relief,https://www.google.com/search?q=Global+Impact+NGO+4840+ngo+work&tbm=isch
4841,Global Impact NGO 4841,India,Women Empowerment,https://www.google.com/search?q=Global+Impact+NGO+4841+ngo+work&tbm=isch
4842,Global Impact NGO 4842,Brazil,Education,https://www.google.com/search?q=Global+Impact+NGO+4842+ngo+work&tbm=isch
4843,Global Impact NGO 4843,Kenya,Human Rights,https://www.google.com/search?q=Global+Impact+NGO+4843+ngo+work&tbm=isch
4844,Global Impact NGO 4844,USA,Health,https://www.google.com/search?q=Global+Impact+NGO+4844+ngo+work&tbm=isch
4845,Global Impact NGO 4845,India,Environment,https://www.google.com/search?q=Global+Impact+NGO+4845+ngo+work&tbm=isch
4846,Global Impact NGO 4846,Kenya,Poverty Relief,https://www.google.com/search?q=Global+Impact+NGO+4846+ngo+work&tbm=isch
4847,Global Impact NGO 4847,India,Child Welfare,https://www.google.com/search?q=Global+Impact+NGO+4847+ngo+work&tbm=isch
4848,Global Impact NGO 4848,UAE,Environment,https://www.google.com/search?q=Global+Impact+NGO+4848+ngo+work&tbm=isch
4849,Global Impact NGO 4849,Canada,Education,https://www.google.com/search?q=Global+Impact+NGO+4849+ngo+work&tbm=isch
4850,Global Impact NGO 4850,Germany,Health,https://www.google.com/search?q=Global+Impact+NGO+4850+ngo+work&tbm=isch
4851,Global Impact NGO 4851,UAE,Education,https://www.google.com/search?q=Global+Impact+NGO+4851+ngo+work&tbm=isch
4852,Global Impact NGO 4852,South Africa,Human Rights,https://www.google.com/search?q=Global+Impact+NGO+4852+ngo+work&tbm=isch
4853,Global Impact NGO 4853,Kenya,Women Empowerment,https://www.google.com/search?q=Global+Impact+NGO+4853+ngo+work&tbm=isch
4854,Global Impact NGO 4854,Australia,Education,https://www.google.com/search?q=Global+Impact+NGO+4854+ngo+work&tbm=isch
4855,Global Impact NGO 4855,USA,Environment,https://www.google.com/search?q=Global+Impact+NGO+4855+ngo+work&tbm=isch
4856,Global Impact NGO 4856,USA,Environment,https://www.google.com/search?q=Global+Impact+NGO+4856+ngo+work&tbm=isch
4857,Global Impact NGO 4857,Canada,Education,https://www.google.com/search?q=Global+Impact+NGO+4857+ngo+work&tbm=isch
4858,Global Impact NGO 4858,India,Women Empowerment,https://www.google.com/search?q=Global+Impact+NGO+4858+ngo+work&tbm=isch
4859,Global Impact NGO 4859,Kenya,Child Welfare,https://www.google.com/search?q=Global+Impact+NGO+4859+ngo+work&tbm=isch
4860,Global Impact NGO 4860,Kenya,Health,https://www.google.com/search?q=Global+Impact+NGO+4860+ngo+work&tbm=isch
4861,Global Impact NGO 4861,Germany,Women Empowerment,https://www.google.com/search?q=Global+Impact+NGO+4861+ngo+work&tbm=isch
4862,Global Impact NGO 4862,Canada,Health,https://www.google.com/search?q=Global+Impact+NGO+4862+ngo+work&tbm=isch
4863,Global Impact NGO 4863,Brazil,Child Welfare,https://www.google.com/search?q=Global+Impact+NGO+4863+ngo+work&tbm=isch
4864,Global Impact NGO 4864,Canada,Poverty Relief,https://www.google.com/search?q=Global+Impact+NGO+4864+ngo+work&tbm=isch
4865,Global Impact NGO 4865,India,Poverty Relief,https://www.google.com/search?q=Global+Impact+NGO+4865+ngo+work&tbm=isch
4866,Global Impact NGO 4866,Kenya,Education,https://www.google.com/search?q=Global+Impact+NGO+4866+ngo+work&tbm=isch
4867,Global Impact NGO 4867,Canada,Poverty Relief,https://www.google.com/search?q=Global+Impact+NGO+4867+ngo+work&tbm=isch
4868,Global Impact NGO 4868,Australia,Environment,https://www.google.com/search?q=Global+Impact+NGO+4868+ngo+work&tbm=isch
4869,Global Impact NGO 4869,Germany,Women Empowerment,https://www.google.com/search?q=Global+Impact+NGO+4869+ngo+work&tbm=isch
4870,Global Impact NGO 4870,Brazil,Education,https://www.google.com/search?q=Global+Impact+NGO+4870+ngo+work&tbm=isch
4871,Global Impact NGO 4871,USA,Human Rights,https://www.google.com/search?q=Global+Impact+NGO+4871+ngo+work&tbm=isch
4872,Global Impact NGO 4872,India,Human Rights,https://www.google.com/search?q=Global+Impact+NGO+4872+ngo+work&tbm=isch
4873,Global Impact NGO 4873,Germany,Environment,https://www.google.com/search?q=Global+Impact+NGO+4873+ngo+work&tbm=isch
4874,Global Impact NGO 4874,Australia,Women Empowerment,https://www.google.com/search?q=Global+Impact+NGO+4874+ngo+work&tbm=isch
4875,Global Impact NGO 4875,India,Health,https://www.google.com/search?q=Global+Impact+NGO+4875+ngo+work&tbm=isch
4876,Global Impact NGO 4876,Germany,Child Welfare,https://www.google.com/search?q=Global+Impact+NGO+4876+ngo+work&tbm=isch
4877,Global Impact NGO 4877,UK,Human Rights,https://www.google.com/search?q=Global+Impact+NGO+4877+ngo+work&tbm=isch
4878,Global Impact NGO 4878,Brazil,Health,https://www.google.com/search?q=Global+Impact+NGO+4878+ngo+work&tbm=isch
4879,Global Impact NGO 4879,India,Poverty Relief,https://www.google.com/search?q=Global+Impact+NGO+4879+ngo+work&tbm=isch
4880,Global Impact NGO 4880,South Africa,Education,https://www.google.com/search?q=Global+Impact+NGO+4880+ngo+work&tbm=isch
4881,Global Impact NGO 4881,Canada,Women Empowerment,https://www.google.com/search?q=Global+Impact+NGO+4881+ngo+work&tbm=isch
4882,Global Impact NGO 4882,Germany,Women Empowerment,https://www.google.com/search?q=Global+Impact+NGO+4882+ngo+work&tbm=isch
4883,Global Impact NGO 4883,South Africa,Poverty Relief,https://www.google.com/search?q=Global+Impact+NGO+4883+ngo+work&tbm=isch
4884,Global Impact NGO 4884,USA,Environment,https://www.google.com/search?q=Global+Impact+NGO+4884+ngo+work&tbm=isch
4885,Global Impact NGO 4885,Australia,Health,https://www.google.com/search?q=Global+Impact+NGO+4885+ngo+work&tbm=isch
4886,Global Impact NGO 4886,UK,Child Welfare,https://www.google.com/search?q=Global+Impact+NGO+4886+ngo+work&tbm=isch
4887,Global Impact NGO 4887,South Africa,Child Welfare,https://www.google.com/search?q=Global+Impact+NGO+4887+ngo+work&tbm=isch
4888,Global Impact NGO 4888,Kenya,Women Empowerment,https://www.google.com/search?q=Global+Impact+NGO+4888+ngo+work&tbm=isch
4889,Global Impact NGO 4889,UAE,Women Empowerment,https://www.google.com/search?q=Global+Impact+NGO+4889+ngo+work&tbm=isch
4890,Global Impact NGO 4890,South Africa,Human Rights,https://www.google.com/search?q=Global+Impact+NGO+4890+ngo+work&tbm=isch
4891,Global Impact NGO 4891,Australia,Poverty Relief,https://www.google.com/search?q=Global+Impact+NGO+4891+ngo+work&tbm=isch
4892,Global Impact NGO 4892,Germany,Health,https://www.google.com/search?q=Global+Impact+NGO+4892+ngo+work&tbm=isch
4893,Global Impact NGO 4893,Kenya,Health,https://www.google.com/search?q=Global+Impact+NGO+4893+ngo+work&tbm=isch
4894,Global Impact NGO 4894,USA,Poverty Relief,https://www.google.com/search?q=Global+Impact+NGO+4894+ngo+work&tbm=isch
4895,Global Impact NGO 4895,India,Poverty Relief,https://www.google.com/search?q=Global+Impact+NGO+4895+ngo+work&tbm=isch
4896,Global Impact NGO 4896,Kenya,Environment,https://www.google.com/search?q=Global+Impact+NGO+4896+ngo+work&tbm=isch
4897,Global Impact NGO 4897,Australia,Human Rights,https://www.google.com/search?q=Global+Impact+NGO+4897+ngo+work&tbm=isch
4898,Global Impact NGO 4898,Canada,Education,https://www.google.com/search?q=Global+Impact+NGO+4898+ngo+work&tbm=isch
4899,Global Impact NGO 4899,South Africa,Human Rights,https://www.google.com/search?q=Global+Impact+NGO+4899+ngo+work&tbm=isch
4900,Global Impact NGO 4900,Canada,Human Rights,https://www.google.com/search?q=Global+Impact+NGO+4900+ngo+work&tbm=isch
4901,Global Impact NGO 4901,USA,Environment,https://www.google.com/search?q=Global+Impact+NGO+4901+ngo+work&tbm=isch
4902,Global Impact NGO 4902,UAE,Health,https://www.google.com/search?q=Global+Impact+NGO+4902+ngo+work&tbm=isch
4903,Global Impact NGO 4903,Australia,Environment,https://www.google.com/search?q=Global+Impact+NGO+4903+ngo+work&tbm=isch
4904,Global Impact NGO 4904,UAE,Child Welfare,https://www.google.com/search?q=Global+Impact+NGO+4904+ngo+work&tbm=isch
4905,Global Impact NGO 4905,Brazil,Education,https://www.google.com/search?q=Global+Impact+NGO+4905+ngo+work&tbm=isch
4906,Global Impact NGO 4906,India,Child Welfare,https://www.google.com/search?q=Global+Impact+NGO+4906+ngo+work&tbm=isch
4907,Global Impact NGO 4907,Canada,Education,https://www.google.com/search?q=Global+Impact+NGO+4907+ngo+work&tbm=isch
4908,Global Impact NGO 4908,Brazil,Child Welfare,https://www.google.com/search?q=Global+Impact+NGO+4908+ngo+work&tbm=isch
4909,Global Impact NGO 4909,Germany,Education,https://www.google.com/search?q=Global+Impact+NGO+4909+ngo+work&tbm=isch
4910,Global Impact NGO 4910,USA,Women Empowerment,https://www.google.com/search?q=Global+Impact+NGO+4910+ngo+work&tbm=isch
4911,Global Impact NGO 4911,India,Child Welfare,https://www.google.com/search?q=Global+Impact+NGO+4911+ngo+work&tbm=isch
4912,Global Impact NGO 4912,Canada,Education,https://www.google.com/search?q=Global+Impact+NGO+4912+ngo+work&tbm=isch
4913,Global Impact NGO 4913,India,Women Empowerment,https://www.google.com/search?q=Global+Impact+NGO+4913+ngo+work&tbm=isch
4914,Global Impact NGO 4914,South Africa,Child Welfare,https://www.google.com/search?q=Global+Impact+NGO+4914+ngo+work&tbm=isch
4915,Global Impact NGO 4915,Australia,Women Empowerment,https://www.google.com/search?q=Global+Impact+NGO+4915+ngo+work&tbm=isch
4916,Global Impact NGO 4916,Canada,Poverty Relief,https://www.google.com/search?q=Global+Impact+NGO+4916+ngo+work&tbm=isch
4917,Global Impact NGO 4917,South Africa,Environment,https://www.google.com/search?q=Global+Impact+NGO+4917+ngo+work&tbm=isch
4918,Global Impact NGO 4918,India,Health,https://www.google.com/search?q=Global+Impact+NGO+4918+ngo+work&tbm=isch
4919,Global Impact NGO 4919,Australia,Education,https://www.google.com/search?q=Global+Impact+NGO+4919+ngo+work&tbm=isch
4920,Global Impact NGO 4920,South Africa,Women Empowerment,https://www.google.com/search?q=Global+Impact+NGO+4920+ngo+work&tbm=isch
4921,Global Impact NGO 4921,Canada,Environment,https://www.google.com/search?q=Global+Impact+NGO+4921+ngo+work&tbm=isch
4922,Global Impact NGO 4922,UAE,Poverty Relief,https://www.google.com/search?q=Global+Impact+NGO+4922+ngo+work&tbm=isch
4923,Global Impact NGO 4923,Canada,Health,https://www.google.com/search?q=Global+Impact+NGO+4923+ngo+work&tbm=isch
4924,Global Impact NGO 4924,Australia,Women Empowerment,https://www.google.com/search?q=Global+Impact+NGO+4924+ngo+work&tbm=isch
4925,Global Impact NGO 4925,Kenya,Human Rights,https://www.google.com/search?q=Global+Impact+NGO+4925+ngo+work&tbm=isch
4926,Global Impact NGO 4926,USA,Child Welfare,https://www.google.com/search?q=Global+Impact+NGO+4926+ngo+work&tbm=isch
4927,Global Impact NGO 4927,UAE,Environment,https://www.google.com/search?q=Global+Impact+NGO+4927+ngo+work&tbm=isch
4928,Global Impact NGO 4928,Brazil,Health,https://www.google.com/search?q=Global+Impact+NGO+4928+ngo+work&tbm=isch
4929,Global Impact NGO 4929,Canada,Health,https://www.google.com/search?q=Global+Impact+NGO+4929+ngo+work&tbm=isch
4930,Global Impact NGO 4930,Kenya,Women Empowerment,https://www.google.com/search?q=Global+Impact+NGO+4930+ngo+work&tbm=isch
4931,Global Impact NGO 4931,South Africa,Poverty Relief,https://www.google.com/search?q=Global+Impact+NGO+4931+ngo+work&tbm=isch
4932,Global Impact NGO 4932,Australia,Environment,https://www.google.com/search?q=Global+Impact+NGO+4932+ngo+work&tbm=isch
4933,Global Impact NGO 4933,USA,Women Empowerment,https://www.google.com/search?q=Global+Impact+NGO+4933+ngo+work&tbm=isch
4934,Global Impact NGO 4934,Canada,Education,https://www.google.com/search?q=Global+Impact+NGO+4934+ngo+work&tbm=isch
4935,Global Impact NGO 4935,Germany,Environment,https://www.google.com/search?q=Global+Impact+NGO+4935+ngo+work&tbm=isch
4936,Global Impact NGO 4936,Kenya,Health,https://www.google.com/search?q=Global+Impact+NGO+4936+ngo+work&tbm=isch
4937,Global Impact NGO 4937,UAE,Poverty Relief,https://www.google.com/search?q=Global+Impact+NGO+4937+ngo+work&tbm=isch
4938,Global Impact NGO 4938,India,Poverty Relief,https://www.google.com/search?q=Global+Impact+NGO+4938+ngo+work&tbm=isch
4939,Global Impact NGO 4939,Brazil,Child Welfare,https://www.google.com/search?q=Global+Impact+NGO+4939+ngo+work&tbm=isch
4940,Global Impact NGO 4940,Canada,Child Welfare,https://www.google.com/search?q=Global+Impact+NGO+4940+ngo+work&tbm=isch
4941,Global Impact NGO 4941,Canada,Environment,https://www.google.com/search?q=Global+Impact+NGO+4941+ngo+work&tbm=isch
4942,Global Impact NGO 4942,Australia,Child Welfare,https://www.google.com/search?q=Global+Impact+NGO+4942+ngo+work&tbm=isch
4943,Global Impact NGO 4943,UK,Environment,https://www.google.com/search?q=Global+Impact+NGO+4943+ngo+work&tbm=isch
4944,Global Impact NGO 4944,Australia,Poverty Relief,https://www.google.com/search?q=Global+Impact+NGO+4944+ngo+work&tbm=isch
4945,Global Impact NGO 4945,Australia,Environment,https://www.google.com/search?q=Global+Impact+NGO+4945+ngo+work&tbm=isch
4946,Global Impact NGO 4946,Canada,Human Rights,https://www.google.com/search?q=Global+Impact+NGO+4946+ngo+work&tbm=isch
4947,Global Impact NGO 4947,Germany,Women Empowerment,https://www.google.com/search?q=Global+Impact+NGO+4947+ngo+work&tbm=isch
4948,Global Impact NGO 4948,Kenya,Women Empowerment,https://www.google.com/search?q=Global+Impact+NGO+4948+ngo+work&tbm=isch
4949,Global Impact NGO 4949,UK,Health,https://www.google.com/search?q=Global+Impact+NGO+4949+ngo+work&tbm=isch
4950,Global Impact NGO 4950,Brazil,Women Empowerment,https://www.google.com/search?q=Global+Impact+NGO+4950+ngo+work&tbm=isch
4951,Global Impact NGO 4951,India,Poverty Relief,https://www.google.com/search?q=Global+Impact+NGO+4951+ngo+work&tbm=isch
4952,Global Impact NGO 4952,Canada,Women Empowerment,https://www.google.com/search?q=Global+Impact+NGO+4952+ngo+work&tbm=isch
4953,Global Impact NGO 4953,UK,Child Welfare,https://www.google.com/search?q=Global+Impact+NGO+4953+ngo+work&tbm=isch
4954,Global Impact NGO 4954,UAE,Education,https://www.google.com/search?q=Global+Impact+NGO+4954+ngo+work&tbm=isch
4955,Global Impact NGO 4955,Canada,Child Welfare,https://www.google.com/search?q=Global+Impact+NGO+4955+ngo+work&tbm=isch
4956,Global Impact NGO 4956,Germany,Women Empowerment,https://www.google.com/search?q=Global+Impact+NGO+4956+ngo+work&tbm=isch
4957,Global Impact NGO 4957,South Africa,Child Welfare,https://www.google.com/search?q=Global+Impact+NGO+4957+ngo+work&tbm=isch
4958,Global Impact NGO 4958,UK,Poverty Relief,https://www.google.com/search?q=Global+Impact+NGO+4958+ngo+work&tbm=isch
4959,Global Impact NGO 4959,Canada,Women Empowerment,https://www.google.com/search?q=Global+Impact+NGO+4959+ngo+work&tbm=isch
4960,Global Impact NGO 4960,Kenya,Poverty Relief,https://www.google.com/search?q=Global+Impact+NGO+4960+ngo+work&tbm=isch
4961,Global Impact NGO 4961,USA,Women Empowerment,https://www.google.com/search?q=Global+Impact+NGO+4961+ngo+work&tbm=isch
4962,Global Impact NGO 4962,India,Health,https://www.google.com/search?q=Global+Impact+NGO+4962+ngo+work&tbm=isch
4963,Global Impact NGO 4963,South Africa,Poverty Relief,https://www.google.com/search?q=Global+Impact+NGO+4963+ngo+work&tbm=isch
4964,Global Impact NGO 4964,South Africa,Poverty Relief,https://www.google.com/search?q=Global+Impact+NGO+4964+ngo+work&tbm=isch
4965,Global Impact NGO 4965,South Africa,Women Empowerment,https://www.google.com/search?q=Global+Impact+NGO+4965+ngo+work&tbm=isch
4966,Global Impact NGO 4966,Canada,Environment,https://www.google.com/search?q=Global+Impact+NGO+4966+ngo+work&tbm=isch
4967,Global Impact NGO 4967,USA,Human Rights,https://www.google.com/search?q=Global+Impact+NGO+4967+ngo+work&tbm=isch
4968,Global Impact NGO 4968,UK,Poverty Relief,https://www.google.com/search?q=Global+Impact+NGO+4968+ngo+work&tbm=isch
4969,Global Impact NGO 4969,South Africa,Education,https://www.google.com/search?q=Global+Impact+NGO+4969+ngo+work&tbm=isch
4970,Global Impact NGO 4970,South Africa,Health,https://www.google.com/search?q=Global+Impact+NGO+4970+ngo+work&tbm=isch
4971,Global Impact NGO 4971,Brazil,Environment,https://www.google.com/search?q=Global+Impact+NGO+4971+ngo+work&tbm=isch
4972,Global Impact NGO 4972,Australia,Health,https://www.google.com/search?q=Global+Impact+NGO+4972+ngo+work&tbm=isch
4973,Global Impact NGO 4973,UK,Women Empowerment,https://www.google.com/search?q=Global+Impact+NGO+4973+ngo+work&tbm=isch
4974,Global Impact NGO 4974,Australia,Child Welfare,https://www.google.com/search?q=Global+Impact+NGO+4974+ngo+work&tbm=isch
4975,Global Impact NGO 4975,South Africa,Poverty Relief,https://www.google.com/search?q=Global+Impact+NGO+4975+ngo+work&tbm=isch
4976,Global Impact NGO 4976,UAE,Health,https://www.google.com/search?q=Global+Impact+NGO+4976+ngo+work&tbm=isch
4977,Global Impact NGO 4977,UK,Health,https://www.google.com/search?q=Global+Impact+NGO+4977+ngo+work&tbm=isch
4978,Global Impact NGO 4978,UAE,Child Welfare,https://www.google.com/search?q=Global+Impact+NGO+4978+ngo+work&tbm=isch
4979,Global Impact NGO 4979,UK,Women Empowerment,https://www.google.com/search?q=Global+Impact+NGO+4979+ngo+work&tbm=isch
4980,Global Impact NGO 4980,Canada,Health,https://www.google.com/search?q=Global+Impact+NGO+4980+ngo+work&tbm=isch
4981,Global Impact NGO 4981,Kenya,Environment,https://www.google.com/search?q=Global+Impact+NGO+4981+ngo+work&tbm=isch
4982,Global Impact NGO 4982,Canada,Poverty Relief,https://www.google.com/search?q=Global+Impact+NGO+4982+ngo+work&tbm=isch
4983,Global Impact NGO 4983,India,Women Empowerment,https://www.google.com/search?q=Global+Impact+NGO+4983+ngo+work&tbm=isch
4984,Global Impact NGO 4984,Australia,Education,https://www.google.com/search?q=Global+Impact+NGO+4984+ngo+work&tbm=isch
4985,Global Impact NGO 4985,Kenya,Education,https://www.google.com/search?q=Global+Impact+NGO+4985+ngo+work&tbm=isch
4986,Global Impact NGO 4986,Canada,Women Empowerment,https://www.google.com/search?q=Global+Impact+NGO+4986+ngo+work&tbm=isch
4987,Global Impact NGO 4987,Brazil,Health,https://www.google.com/search?q=Global+Impact+NGO+4987+ngo+work&tbm=isch
4988,Global Impact NGO 4988,Germany,Health,https://www.google.com/search?q=Global+Impact+NGO+4988+ngo+work&tbm=isch
4989,Global Impact NGO 4989,UK,Child Welfare,https://www.google.com/search?q=Global+Impact+NGO+4989+ngo+work&tbm=isch
4990,Global Impact NGO 4990,India,Poverty Relief,https://www.google.com/search?q=Global+Impact+NGO+4990+ngo+work&tbm=isch
4991,Global Impact NGO 4991,Australia,Environment,https://www.google.com/search?q=Global+Impact+NGO+4991+ngo+work&tbm=isch
4992,Global Impact NGO 4992,Brazil,Environment,https://www.google.com/search?q=Global+Impact+NGO+4992+ngo+work&tbm=isch
4993,Global Impact NGO 4993,UAE,Child Welfare,https://www.google.com/search?q=Global+Impact+NGO+4993+ngo+work&tbm=isch
4994,Global Impact NGO 4994,Canada,Child Welfare,https://www.google.com/search?q=Global+Impact+NGO+4994+ngo+work&tbm=isch
4995,Global Impact NGO 4995,USA,Health,https://www.google.com/search?q=Global+Impact+NGO+4995+ngo+work&tbm=isch
4996,Global Impact NGO 4996,UAE,Poverty Relief,https://www.google.com/search?q=Global+Impact+NGO+4996+ngo+work&tbm=isch
4997,Global Impact NGO 4997,UAE,Education,https://www.google.com/search?q=Global+Impact+NGO+4997+ngo+work&tbm=isch
4998,Global Impact NGO 4998,UK,Women Empowerment,https://www.google.com/search?q=Global+Impact+NGO+4998+ngo+work&tbm=isch
4999,Global Impact NGO 4999,India,Education,https://www.google.com/search?q=Global+Impact+NGO+4999+ngo+work&tbm=isch
5000,Global Impact NGO 5000,USA,Poverty Relief,https://www.google.com/search?q=Global+Impact+NGO+5000+ngo+work&tbm=isch
